radius_m,radius_mpc,attractive_acceleration_m_s2,lambda_acceleration_m_s2,net_acceleration_m_s2
1.542838790745683395e+21,4.999999999999999584e-02,-5.575498043105363390e-11,5.042313264783828337e-15,-5.574993811778884982e-11
1.546397182719318295e+21,5.011531963011880281e-02,-5.549868171088753916e-11,5.053942818796588473e-15,-5.549362776806874186e-11
1.549963781741878444e+21,5.023090523257946194e-02,-5.524356116410520375e-11,5.065599195126696842e-15,-5.523849556491007958e-11
1.553538606742039167e+21,5.034675742081854560e-02,-5.498961337479000873e-11,5.077282455636941176e-15,-5.498453609233437353e-11
1.557121676692134822e+21,5.046287680968754991e-02,-5.473683295192150059e-11,5.088992662332796001e-15,-5.473174395925917044e-11
1.560713010608258154e+21,5.057926401545606576e-02,-5.448521452926104646e-11,5.100729877362750014e-15,-5.448011379938368255e-11
1.564312627550357291e+21,5.069591965581494997e-02,-5.423475276523814200e-11,5.112494163018619261e-15,-5.422964027107512140e-11
1.567920546622343217e+21,5.081284434987978077e-02,-5.398544234283660295e-11,5.124285581735896602e-15,-5.398031805725486999e-11
1.571536786972187558e+21,5.093003871819406364e-02,-5.373727796948196523e-11,5.136104196094079089e-15,-5.373214186528586994e-11
1.575161367792022454e+21,5.104750338273244398e-02,-5.349025437692919512e-11,5.147950068816983510e-15,-5.348510642686037690e-11
1.578794308318246732e+21,5.116523896690415574e-02,-5.324436632115059339e-11,5.159823262773105322e-15,-5.323920649788781944e-11
1.582435627831626564e+21,5.128324609555626190e-02,-5.299960858222457827e-11,5.171723840975937347e-15,-5.299443685838360144e-11
1.586085345657394037e+21,5.140152539497689493e-02,-5.275597596422508237e-11,5.183651866584296364e-15,-5.275079231235849896e-11
1.589743481165355680e+21,5.152007749289872623e-02,-5.251346329511089140e-11,5.195607402902681253e-15,-5.250826768770798610e-11
1.593410053769991291e+21,5.163890301850219966e-02,-5.227206542661608799e-11,5.207590513381586167e-15,-5.226685783610270460e-11
1.597085082930559058e+21,5.175800260241892464e-02,-5.203177723414061827e-11,5.219601261617857104e-15,-5.202655763287899817e-11
1.600768588151195697e+21,5.187737687673491666e-02,-5.179259361664174382e-11,5.231639711355006655e-15,-5.178736197693039025e-11
1.604460588981023932e+21,5.199702647499410135e-02,-5.155450949652546128e-11,5.243705926483574523e-15,-5.154926579059897776e-11
1.608161105014254731e+21,5.211695203220161748e-02,-5.131751981953880731e-11,5.255799971041454892e-15,-5.131226401956776841e-11
1.611870155890289017e+21,5.223715418482708511e-02,-5.108161955466271931e-11,5.267921909214234061e-15,-5.107635163275350264e-11
1.615587761293825409e+21,5.235763357080815833e-02,-5.084680369400500599e-11,5.280071805335542280e-15,-5.084152362219966941e-11
1.619313940954963771e+21,5.247839082955382123e-02,-5.061306725269411934e-11,5.292249723887385067e-15,-5.060777500297023292e-11
1.623048714649307185e+21,5.259942660194771857e-02,-5.038040526877346286e-11,5.304455729500487156e-15,-5.037510081304396027e-11
1.626792102198070477e+21,5.272074153035168076e-02,-5.014881280309583558e-11,5.316689886954638801e-15,-5.014349611320887836e-11
1.630544123468185076e+21,5.284233625860910305e-02,-4.991828493921864508e-11,5.328952261179042092e-15,-4.991295598695746757e-11
1.634304798372400202e+21,5.296421143204823462e-02,-4.968881678329974091e-11,5.341242917252642270e-15,-4.968347554038248866e-11
1.638074146869394538e+21,5.308636769748580758e-02,-4.946040346399320918e-11,5.353561920404489034e-15,-4.945504990207280327e-11
1.641852188963878732e+21,5.320880570323033992e-02,-4.923304013234611073e-11,5.365909336014075743e-15,-4.922767422301009912e-11
1.645638944706700247e+21,5.333152609908554942e-02,-4.900672196169568453e-11,5.378285229611680207e-15,-4.900134367646607403e-11
1.649434434194953994e+21,5.345452953635391330e-02,-4.878144414756658990e-11,5.390689666878725986e-15,-4.877605345789971048e-11
1.653238677572086661e+21,5.357781666784008912e-02,-4.855720190756906633e-11,5.403122713648123968e-15,-4.855179878485541602e-11
1.657051695028001309e+21,5.370138814785426623e-02,-4.833399048129753279e-11,5.415584435904613152e-15,-4.832857489686162902e-11
1.660873506799169044e+21,5.382524463221581568e-02,-4.811180513022927747e-11,5.428074899785128264e-15,-4.810637705532949556e-11
1.664704133168734142e+21,5.394938677825667633e-02,-4.789064113762400060e-11,5.440594171579139748e-15,-4.788520054345241862e-11
1.668543594466619687e+21,5.407381524482478274e-02,-4.767049380842378374e-11,5.453142317729000083e-15,-4.766504066610605329e-11
1.672391911069639770e+21,5.419853069228770803e-02,-4.745135846915318188e-11,5.465719404830316123e-15,-4.744589274974835359e-11
1.676249103401605399e+21,5.432353378253609172e-02,-4.723323046782013624e-11,5.478325499632283572e-15,-4.722775214232050468e-11
1.680115191933430661e+21,5.444882517898706753e-02,-4.701610517381733945e-11,5.490960669038044342e-15,-4.701061421314830095e-11
1.683990197183245976e+21,5.457440554658796183e-02,-4.679997797782369120e-11,5.503624980105052579e-15,-4.679447435284358877e-11
1.687874139716503470e+21,5.470027555181969370e-02,-4.658484429170662629e-11,5.516318500045420189e-15,-4.657932797320658160e-11
1.691767040146088919e+21,5.482643586270038311e-02,-4.637069954842455905e-11,5.529041296226279713e-15,-4.636517050712833022e-11
1.695668919132425814e+21,5.495288714878877184e-02,-4.615753920193023240e-11,5.541793436170128268e-15,-4.615199740849406543e-11
1.699579797383592018e+21,5.507963008118795661e-02,-4.594535872707382792e-11,5.554574987555207780e-15,-4.593980415208627569e-11
1.703499695655426720e+21,5.520666533254885849e-02,-4.573415361950704518e-11,5.567386018215853660e-15,-4.572858623348883176e-11
1.707428634751636341e+21,5.533399357707370625e-02,-4.552391939558774330e-11,5.580226596142838747e-15,-4.551833916899160239e-11
1.711366635523913286e+21,5.546161549051981110e-02,-4.531465159228427240e-11,5.593096789483766952e-15,-4.530905849549478578e-11
1.715313718872040014e+21,5.558953175020300841e-02,-4.510634576708109095e-11,5.605996666543408520e-15,-4.510073977041454629e-11
1.719269905744000975e+21,5.571774303500123815e-02,-4.489899749788444136e-11,5.618926295784070796e-15,-4.489337857158865776e-11
1.723235217136096903e+21,5.584625002535826416e-02,-4.469260238292823231e-11,5.631885745825964258e-15,-4.468697049718240519e-11
1.727209674093054657e+21,5.597505340328723378e-02,-4.448715604068077418e-11,5.644875085447567759e-15,-4.448151116559532664e-11
1.731193297708135481e+21,5.610415385237418895e-02,-4.428265410975183750e-11,5.657894383585982724e-15,-4.427699621536825230e-11
1.735186109123253240e+21,5.623355205778188953e-02,-4.407909224879982134e-11,5.670943709337311804e-15,-4.407342130509048582e-11
1.739188129529081889e+21,5.636324870625332439e-02,-4.387646613643981349e-11,5.684023131957022544e-15,-4.387078211330785799e-11
1.743199380165168464e+21,5.649324448611531962e-02,-4.367477147115179923e-11,5.697132720860303154e-15,-4.366907433843094202e-11
1.747219882320048161e+21,5.662354008728232718e-02,-4.347400397118927082e-11,5.710272545622451419e-15,-4.346829369864365005e-11
1.751249657331356795e+21,5.675413620126001923e-02,-4.327415937448830226e-11,5.723442675979230478e-15,-4.326843593181232089e-11
1.755288726585939591e+21,5.688503352114886169e-02,-4.307523343857734134e-11,5.736643181827232488e-15,-4.306949679539551202e-11
1.759337111519972033e+21,5.701623274164796529e-02,-4.287722194048676910e-11,5.749874133224272262e-15,-4.287147206635354616e-11
1.763394833619068649e+21,5.714773455905869382e-02,-4.268012067665946737e-11,5.763135600389737528e-15,-4.267435754105907880e-11
1.767461914418396266e+21,5.727953967128827234e-02,-4.248392546286167070e-11,5.776427653704967578e-15,-4.247814903520796305e-11
1.771538375502792491e+21,5.741164877785364523e-02,-4.228863213409388929e-11,5.789750363713635082e-15,-4.228284238373017259e-11
1.775624238506877649e+21,5.754406257988511214e-02,-4.209423654450265277e-11,5.803103801122108168e-15,-4.208843344070153247e-11
1.779719525115170914e+21,5.767678178013006807e-02,-4.190073456729240248e-11,5.816488036799841704e-15,-4.189491807925560501e-11
1.783824257062201197e+21,5.780980708295662546e-02,-4.170812209463811409e-11,5.829903141779726760e-15,-4.170229219149633175e-11
1.787938456132628775e+21,5.794313919435755550e-02,-4.151639503759778447e-11,5.843349187258497659e-15,-4.151055168841052676e-11
1.792062144161358021e+21,5.807677882195391023e-02,-4.132554932602576511e-11,5.856826244597095644e-15,-4.131969249978116492e-11
1.796195343033650381e+21,5.821072667499870706e-02,-4.113558090848646395e-11,5.870334385321037277e-15,-4.112971057410114182e-11
1.800338074685245751e+21,5.834498346438087013e-02,-4.094648575216816349e-11,5.883873681120815966e-15,-4.094060187848704018e-11
1.804490361102477033e+21,5.847954990262891478e-02,-4.075825984279744635e-11,5.897444203852271942e-15,-4.075236239859359425e-11
1.808652224322383118e+21,5.861442670391463217e-02,-4.057089918455410556e-11,5.911046025536964605e-15,-4.056498813852856773e-11
1.812823686432831570e+21,5.874961458405706521e-02,-4.038439979998617113e-11,5.924679218362568525e-15,-4.037847512076780616e-11
1.817004769572633706e+21,5.888511426052622094e-02,-4.019875772992547296e-11,5.938343854683256046e-15,-4.019281938607078703e-11
1.821195495931658371e+21,5.902092645244677582e-02,-4.001396903340377257e-11,5.952040007020062525e-15,-4.000801699339675135e-11
1.825395887750955926e+21,5.915705188060209341e-02,-3.983002978756889464e-11,5.965767748061301274e-15,-3.982406401982083533e-11
1.829605967322873856e+21,5.929349126743793663e-02,-3.964693608760144681e-11,5.979527150662928016e-15,-3.964095656045078361e-11
1.833825756991170806e+21,5.943024533706621482e-02,-3.946468404663221142e-11,5.993318287848925843e-15,-3.945869072834436046e-11
1.838055279151142142e+21,5.956731481526902905e-02,-3.928326979565925944e-11,6.007141232811705964e-15,-3.927726265442645077e-11
1.842294556249736086e+21,5.970470042950241224e-02,-3.910268948346599502e-11,6.020996058912495819e-15,-3.909666848740708515e-11
1.846543610785668530e+21,5.984240290890011083e-02,-3.892293927653949715e-11,6.034882839681708273e-15,-3.891690439369981402e-11
1.850802465309549658e+21,5.998042298427761626e-02,-3.874401535898891969e-11,6.048801648819356548e-15,-3.873796655734010107e-11
1.855071142424000332e+21,6.011876138813598142e-02,-3.856591393246458917e-11,6.062752560195439194e-15,-3.855985117990439525e-11
1.859349664783768748e+21,6.025741885466560227e-02,-3.838863121607749684e-11,6.076735647850310851e-15,-3.838255448042964870e-11
1.863638055095856792e+21,6.039639611975029104e-02,-3.821216344631878434e-11,6.090750985995109021e-15,-3.820607269533278944e-11
1.867936336119637737e+21,6.053569392097109952e-02,-3.803650687697996592e-11,6.104798649012127993e-15,-3.803040207833095655e-11
1.872244530666973692e+21,6.067531299761014241e-02,-3.786165777907357086e-11,6.118878711455204592e-15,-3.785553890036211673e-11
1.876562661602343780e+21,6.081525409065469817e-02,-3.768761244075363718e-11,6.132991248050144163e-15,-3.768147944950558388e-11
1.880890751842958705e+21,6.095551794280101160e-02,-3.751436716723721349e-11,6.147136333695085029e-15,-3.750822003090352089e-11
1.885228824358888145e+21,6.109610529845833221e-02,-3.734191828072571219e-11,6.161314043460920528e-15,-3.733575696668225416e-11
1.889576902173175841e+21,6.123701690375269596e-02,-3.717026212032706406e-11,6.175524452591674512e-15,-3.716408659587447333e-11
1.893935008361969091e+21,6.137825350653110246e-02,-3.699939504197773061e-11,6.189767636504926544e-15,-3.699320527434122430e-11
1.898303166054637765e+21,6.151981585636537297e-02,-3.682931341836551133e-11,6.204043670792192917e-15,-3.682310937469471647e-11
1.902681398433893581e+21,6.166170470455604319e-02,-3.666001363885261589e-11,6.218352631219326604e-15,-3.665379528622139495e-11
1.907069728735920390e+21,6.180392080413654038e-02,-3.649149210939878805e-11,6.232694593726937725e-15,-3.648525941480505797e-11
1.911468180250493714e+21,6.194646490987708309e-02,-3.632374525248511458e-11,6.247069634430784032e-15,-3.631749818285068521e-11
1.915876776321100808e+21,6.208933777828858080e-02,-3.615676950703824774e-11,6.261477829622163759e-15,-3.615050802920862800e-11
1.920295540345072255e+21,6.223254016762686663e-02,-3.599056132835447914e-11,6.275919255768347133e-15,-3.598428540909870897e-11
1.924724495773701243e+21,6.237607283789659701e-02,-3.582511718802471192e-11,6.290393989512965280e-15,-3.581882679403520073e-11
1.929163666112366248e+21,6.251993655085520685e-02,-3.566043357385958793e-11,6.304902107676410965e-15,-3.565412867175191428e-11
1.933613074920660795e+21,6.266413207001712837e-02,-3.549650698981477008e-11,6.319443687256262214e-15,-3.549018754612751363e-11
1.938072745812516930e+21,6.280866016065778101e-02,-3.533333395591677396e-11,6.334018805427686997e-15,-3.532699993711134748e-11
1.942542702456325800e+21,6.295352158981748492e-02,-3.517091100818924538e-11,6.348627539543836871e-15,-3.516456238064970085e-11
1.947022968575071093e+21,6.309871712630577001e-02,-3.500923469857916679e-11,6.363269967136283219e-15,-3.500287142861202741e-11
1.951513567946450141e+21,6.324424754070534505e-02,-3.484830159488383921e-11,6.377946165915412468e-15,-3.484192364871792490e-11
1.956014524402998706e+21,6.339011360537608053e-02,-3.468810828067801927e-11,6.392656213770833145e-15,-3.468171562446424633e-11
1.960525861832222310e+21,6.353631609445931083e-02,-3.452865135524129532e-11,6.407400188771808170e-15,-3.452224395505252135e-11
1.965047604176719708e+21,6.368285578388181711e-02,-3.436992743348593531e-11,6.422178169167657176e-15,-3.436350525531676532e-11
1.969579775434311074e+21,6.382973345135999066e-02,-3.421193314588504485e-11,6.436990233388170661e-15,-3.420549615565165681e-11
1.974122399658162782e+21,6.397694987640385744e-02,-3.405466513840108721e-11,6.451836460044025717e-15,-3.404821330194104460e-11
1.978675500956919792e+21,6.412450584032139411e-02,-3.389812007241455188e-11,6.466716927927213592e-15,-3.389165335548662276e-11
1.983239103494830686e+21,6.427240212622256643e-02,-3.374229462465313369e-11,6.481631716011448322e-15,-3.373581299293712271e-11
1.987813231491874292e+21,6.442063951902343710e-02,-3.358718548712128679e-11,6.496580903452584039e-15,-3.358068890621783481e-11
1.992397909223893107e+21,6.456921880545046788e-02,-3.343278936702981087e-11,6.511564569589047262e-15,-3.342627780246022049e-11
1.996993161022717821e+21,6.471814077404459964e-02,-3.327910298672607716e-11,6.526582793942244744e-15,-3.327257640393213180e-11
2.001599011276296552e+21,6.486740621516540184e-02,-3.312612308362449362e-11,6.541635656216990241e-15,-3.311958144796827655e-11
2.006215484428828017e+21,6.501701592099540239e-02,-3.297384641013705402e-11,6.556723236301929712e-15,-3.296728968690075449e-11
2.010842604980888404e+21,6.516697068554419547e-02,-3.282226973360455921e-11,6.571845614269968877e-15,-3.281569788799029152e-11
2.015480397489559306e+21,6.531727130465260489e-02,-3.267138983622800634e-11,6.587002870378679486e-15,-3.266480283335762887e-11
2.020128886568563507e+21,6.546791857599705555e-02,-3.252120351500012029e-11,6.602195085070751331e-15,-3.251460131991504811e-11
2.024788096888392647e+21,6.561891329909373682e-02,-3.237170758163746022e-11,6.617422338974406402e-15,-3.236509015929848414e-11
2.029458053176435671e+21,6.577025627530273810e-02,-3.222289886251281050e-11,6.632684712903816981e-15,-3.221626617779990966e-11
2.034138780217114886e+21,6.592194830783248971e-02,-3.207477419858764268e-11,6.647982287859552925e-15,-3.206812621629978423e-11
2.038830302852015456e+21,6.607399020174394011e-02,-3.192733044534515267e-11,6.663315145029004501e-15,-3.192066713020012372e-11
2.043532645980013593e+21,6.622638276395471923e-02,-3.178056447272355634e-11,6.678683365786799685e-15,-3.177388578935777013e-11
2.048245834557416538e+21,6.637912680324364878e-02,-3.163447316504946921e-11,6.694087031695264865e-15,-3.162777907801777119e-11
2.052969893598088659e+21,6.653222313025487777e-02,-3.148905342097192583e-11,6.709526224504832677e-15,-3.148234389474741922e-11
2.057704848173584613e+21,6.668567255750214307e-02,-3.134430215339651554e-11,6.725001026154479823e-15,-3.133757715237036098e-11
2.062450723413285929e+21,6.683947589937325184e-02,-3.120021628941976381e-11,6.740511518772175937e-15,-3.119347577790099195e-11
2.067207544504533123e+21,6.699363397213431437e-02,-3.105679277026394648e-11,6.756057784675307987e-15,-3.105003671247927056e-11
2.071975336692754416e+21,6.714814759393393506e-02,-3.091402855121225305e-11,6.771639906371108630e-15,-3.090725691130588153e-11
2.076754125281608860e+21,6.730301758480786156e-02,-3.077192060154393701e-11,6.787257966557119270e-15,-3.076513334357737967e-11
2.081543935633113743e+21,6.745824476668309255e-02,-3.063046590447013825e-11,6.802912048121609736e-15,-3.062366299242201878e-11
2.086344793167779070e+21,6.761382996338226314e-02,-3.048966145706987997e-11,6.818602234144012943e-15,-3.048284285483573565e-11
2.091156723364747280e+21,6.776977400062812740e-02,-3.034950427022613664e-11,6.834328607895388739e-15,-3.034266994161824385e-11
2.095979751761926423e+21,6.792607770604792983e-02,-3.020999136856248363e-11,6.850091252838850684e-15,-3.020314127730964459e-11
2.100813903956120437e+21,6.808274190917758262e-02,-3.007111979038004406e-11,6.865890252630001498e-15,-3.006425390012741236e-11
2.105659205603174121e+21,6.823976744146641182e-02,-2.993288658759439689e-11,6.881725691117394544e-15,-2.992600486190327713e-11
2.110515682418102632e+21,6.839715513628127908e-02,-2.979528882567312477e-11,6.897597652342970071e-15,-2.978839122802077874e-11
2.115383360175231992e+21,6.855490582891121676e-02,-2.965832358357346536e-11,6.913506220542504861e-15,-2.965141007735292456e-11
2.120262264708329898e+21,6.871302035657161911e-02,-2.952198795368042778e-11,6.929451480146046108e-15,-2.951505850220028023e-11
2.125152421910750953e+21,6.887149955840894677e-02,-2.938627904174485111e-11,6.945433515778381571e-15,-2.937933360822907328e-11
2.130053857735568785e+21,6.903034427550505669e-02,-2.925119396682212185e-11,6.961452412259471878e-15,-2.924423251440986544e-11
2.134966598195712885e+21,6.918955535088155973e-02,-2.911672986121101430e-11,6.977508254604900173e-15,-2.910975235295641235e-11
2.139890669364111999e+21,6.934913362950453908e-02,-2.898288387039269245e-11,6.993601128026340697e-15,-2.897589026926466547e-11
2.144826097373828612e+21,6.950907995828886632e-02,-2.884965315297020299e-11,7.009731117931995033e-15,-2.884264342185227155e-11
2.149772908418194997e+21,6.966939518610264226e-02,-2.871703488060823008e-11,7.025898309927040175e-15,-2.871000898229830156e-11
2.154731128750959755e+21,6.983008016377190152e-02,-2.858502623797285335e-11,7.042102789814103425e-15,-2.857798413518303776e-11
2.159700784686421770e+21,6.999113574408499794e-02,-2.845362442267192623e-11,7.058344643593707309e-15,-2.844656607802833264e-11
2.164681902599568884e+21,7.015256278179707317e-02,-2.832282664519560300e-11,7.074623957464713706e-15,-2.831575202123813923e-11
2.169674508926222336e+21,7.031436213363474741e-02,-2.819263012885700473e-11,7.090940817824804265e-15,-2.818553918803918021e-11
2.174678630163175178e+21,7.047653465830060193e-02,-2.806303210973333433e-11,7.107295311270927687e-15,-2.805592481442206303e-11
2.179694292868329374e+21,7.063908121647761995e-02,-2.793402983660727277e-11,7.123687524599746223e-15,-2.792690614908267285e-11
2.184721523660842598e+21,7.080200267083396060e-02,-2.780562057090844636e-11,7.140117544808123978e-15,-2.779848045336363663e-11
2.189760349221266129e+21,7.096529988602739980e-02,-2.767780158665536253e-11,7.156585459093566306e-15,-2.767064500119626854e-11
2.194810796291687973e+21,7.112897372870997936e-02,-2.755057017039750074e-11,7.173091354854695492e-15,-2.754339707904264479e-11
2.199872891675870757e+21,7.129302506753248947e-02,-2.742392362115781372e-11,7.189635319691701983e-15,-2.741673398583812097e-11
2.204946662239399838e+21,7.145745477314927041e-02,-2.729785925037524489e-11,7.206217441406820859e-15,-2.729065303293383658e-11
2.210032134909824336e+21,7.162226371822273674e-02,-2.717237438184768845e-11,7.222837808004800416e-15,-2.716515154403968477e-11
2.215129336676794237e+21,7.178745277742788755e-02,-2.704746635167531779e-11,7.239496507693347082e-15,-2.704022685516762466e-11
2.220238294592211911e+21,7.195302282745717759e-02,-2.692313250820384932e-11,7.256193628883619249e-15,-2.691587631457496450e-11
2.225359035770373145e+21,7.211897474702506916e-02,-2.679937021196827802e-11,7.272929260190689538e-15,-2.679209728270808754e-11
2.230491587388105032e+21,7.228530941687257017e-02,-2.667617683563702016e-11,7.289703490433999191e-15,-2.666888713214658506e-11
2.235635976684919587e+21,7.245202771977213296e-02,-2.655354976395589437e-11,7.306516408637853469e-15,-2.654624324754725685e-11
2.240792230963152945e+21,7.261913054053220629e-02,-2.643148639369274908e-11,7.323368104031879195e-15,-2.642416302558871601e-11
2.245960377588108493e+21,7.278661876600188430e-02,-2.630998413358222877e-11,7.340258666051496491e-15,-2.630264387491617779e-11
2.251140443988208124e+21,7.295449328507577769e-02,-2.618904040427061464e-11,7.357188184338406296e-15,-2.618168321608627770e-11
2.256332457655133798e+21,7.312275498869862111e-02,-2.606865263826117894e-11,7.374156748741058947e-15,-2.606127848151243873e-11
2.261536446143970673e+21,7.329140476986992225e-02,-2.594881827985973326e-11,7.391164449315116454e-15,-2.594142711541041965e-11
2.266752437073361502e+21,7.346044352364891616e-02,-2.582953478512019294e-11,7.408211376323963678e-15,-2.582212657374386969e-11
2.271980458125646889e+21,7.362987214715917272e-02,-2.571079962179071012e-11,7.425297620239161144e-15,-2.570337432417047137e-11
2.277220537047011295e+21,7.379969153959328731e-02,-2.559261026925993937e-11,7.442423271740923083e-15,-2.558516784598819957e-11
2.282472701647636136e+21,7.396990260221786295e-02,-2.547496421850340339e-11,7.459588421718619152e-15,-2.546750463008168405e-11
2.287736979801842909e+21,7.414050623837814546e-02,-2.535785897203031757e-11,7.476793161271246171e-15,-2.535038217886904696e-11
2.293013399448240521e+21,7.431150335350276970e-02,-2.524129204383059230e-11,7.494037581707899864e-15,-2.523379800624888568e-11
2.298301988589877854e+21,7.448289485510875552e-02,-2.512526095932195479e-11,7.511321774548281306e-15,-2.511774963754740766e-11
2.303602775294389256e+21,7.465468165280618462e-02,-2.500976325529751032e-11,7.528645831523171817e-15,-2.500223460946598837e-11
2.308915787694141342e+21,7.482686465830296063e-02,-2.489479647987345867e-11,7.546009844574904701e-15,-2.488725047002888451e-11
2.314241053986389230e+21,7.499944478540988835e-02,-2.478035819243692026e-11,7.563413905857892207e-15,-2.477279477853106342e-11
2.319578602433419936e+21,7.517242295004532282e-02,-2.466644596359425682e-11,7.580858107739076754e-15,-2.465886510548651727e-11
2.324928461362702582e+21,7.534580007023999881e-02,-2.455305737511949215e-11,7.598342542798429496e-15,-2.454545903257669344e-11
2.330290659167043584e+21,7.551957706614212396e-02,-2.444019001990286208e-11,7.615867303829461496e-15,-2.443257415259903171e-11
2.335665224304733979e+21,7.569375486002209719e-02,-2.432784150189980397e-11,7.633432483839695475e-15,-2.432020806941596332e-11
2.341052185299698057e+21,7.586833437627733823e-02,-2.421600943608012065e-11,7.651038176051162786e-15,-2.420835839790406846e-11
2.346451570741650129e+21,7.604331654143739461e-02,-2.410469144837725418e-11,7.668684473900905133e-15,-2.409702276390335333e-11
2.351863409286243942e+21,7.621870228416875725e-02,-2.399388517563792801e-11,7.686371471041473131e-15,-2.398619880416688582e-11
2.357287729655221060e+21,7.639449253527967609e-02,-2.388358826557206057e-11,7.704099261341398045e-15,-2.387588416631071872e-11
2.362724560636570239e+21,7.657068822772533645e-02,-2.377379837670267234e-11,7.721867938885728214e-15,-2.376607650876378719e-11
2.368173931084674761e+21,7.674729029661261914e-02,-2.366451317831631321e-11,7.739677597976499214e-15,-2.365677350071833606e-11
2.373635869920470237e+21,7.692429967920519363e-02,-2.355573035041347039e-11,7.757528333133254504e-15,-2.354797282208033748e-11
2.379110406131590103e+21,7.710171731492829195e-02,-2.344744758365948043e-11,7.775420239093518744e-15,-2.343967216342038672e-11
2.384597568772528144e+21,7.727954414537394068e-02,-2.333966257933533781e-11,7.793353410813331067e-15,-2.333186922592452375e-11
2.390097386964791067e+21,7.745778111430588753e-02,-2.323237304928894298e-11,7.811327943467738901e-15,-2.322456172134547479e-11
2.395609889897045295e+21,7.763642916766440305e-02,-2.312557671588663476e-11,7.829343932451287066e-15,-2.311774737195418469e-11
2.401135106825283174e+21,7.781548925357160973e-02,-2.301927131196467103e-11,7.847401473378552622e-15,-2.301142391049129118e-11
2.406673067072971866e+21,7.799496232233636694e-02,-2.291345458078117468e-11,7.865500662084630806e-15,-2.290558908011909024e-11
2.412223800031207490e+21,7.817484932645922535e-02,-2.280812427596830901e-11,7.883641594625650946e-15,-2.280024063437368234e-11
2.417787335158875030e+21,7.835515122063764493e-02,-2.270327816148444346e-11,7.901824367279279759e-15,-2.269537633711716409e-11
2.423363701982806147e+21,7.853586896177104648e-02,-2.259891401156674577e-11,7.920049076545254615e-15,-2.259099396249020098e-11
2.428952930097925980e+21,7.871700350896565501e-02,-2.249502961068402301e-11,7.938315819145853701e-15,-2.248709129486487811e-11
2.434555049167424586e+21,7.889855582353996755e-02,-2.239162275348949800e-11,7.956624692026460847e-15,-2.238366612879747014e-11
2.440170088922902168e+21,7.908052686902955486e-02,-2.228869124477418019e-11,7.974975792356034106e-15,-2.228071626898182511e-11
2.445798079164534751e+21,7.926291761119233503e-02,-2.218623289942012026e-11,7.993369217527657958e-15,-2.217823953020259320e-11
2.451439049761225703e+21,7.944572901801354170e-02,-2.208424554235414623e-11,8.011805065159024518e-15,-2.207623373728898864e-11
2.457093030650771407e+21,7.962896205971108088e-02,-2.198272700850157358e-11,8.030283433092988887e-15,-2.197469672506848048e-11
2.462760051840015925e+21,7.981261770874054085e-02,-2.188167514274030645e-11,8.048804419398062987e-15,-2.187362633832090999e-11
2.468440143405007766e+21,7.999669693980027141e-02,-2.178108779985512947e-11,8.067368122368936205e-15,-2.177302043173275975e-11
2.474133335491165028e+21,8.018120072983675461e-02,-2.168096284449206418e-11,8.085974640527013396e-15,-2.167287686985153603e-11
2.479839658313435841e+21,8.036613005804973953e-02,-2.158129815111305823e-11,8.104624072620930798e-15,-2.157319352704043859e-11
2.485559142156449350e+21,8.055148590589723823e-02,-2.148209160395099459e-11,8.123316517627065639e-15,-2.147396828743336657e-11
2.491291817374687691e+21,8.073726925710100755e-02,-2.138334109696459397e-11,8.142052074750082024e-15,-2.137519904488984367e-11
2.497037714392642224e+21,8.092348109765168385e-02,-2.128504453379378590e-11,8.160830843423450011e-15,-2.127688370295036324e-11
2.502796863704971870e+21,8.111012241581384841e-02,-2.118719982771527037e-11,8.179652923309966255e-15,-2.117902017479195969e-11
2.508569295876671406e+21,8.129719420213150916e-02,-2.108980490159810210e-11,8.198518414302293589e-15,-2.108160638318379924e-11
2.514355041543230849e+21,8.148469744943329096e-02,-2.099285768785963995e-11,8.217427416523489563e-15,-2.098464026044311634e-11
2.520154131410794316e+21,8.167263315283754266e-02,-2.089635612842170633e-11,8.236380030327525515e-15,-2.088811974839137960e-11
2.525966596256327795e+21,8.186100230975783265e-02,-2.080029817466684684e-11,8.255376356299830880e-15,-2.079204279831054815e-11
2.531792466927784296e+21,8.204980591990820860e-02,-2.070468178739479014e-11,8.274416495257837511e-15,-2.069640737089953157e-11
2.537631774344258519e+21,8.223904498530829055e-02,-2.060950493677930536e-11,8.293500548251479811e-15,-2.060121143623105369e-11
2.543484549496160911e+21,8.242872051028889147e-02,-2.051476560232495926e-11,8.312628616563770605e-15,-2.050645297370839688e-11
2.549350823445378630e+21,8.261883350149720751e-02,-2.042046177282426116e-11,8.331800801711320209e-15,-2.041212997202255023e-11
2.555230627325434397e+21,8.280938496790200831e-02,-2.032659144631509874e-11,8.351017205444857078e-15,-2.031824042910965493e-11
2.561123992341663187e+21,8.300037592079931303e-02,-2.023315263003800893e-11,8.370277929749813141e-15,-2.022478235210825914e-11
2.567030949771370037e+21,8.319180737381753898e-02,-2.014014334039404340e-11,8.389583076846827095e-15,-2.013175375731719634e-11
2.572951530963993100e+21,8.338368034292281683e-02,-2.004756160290267286e-11,8.408932749192285565e-15,-2.003915267015347995e-11
2.578885767341281378e+21,8.357599584642463886e-02,-1.995540545215971071e-11,8.428327049478903699e-15,-1.994697712511023338e-11
2.584833690397452009e+21,8.376875490498110477e-02,-1.986367293179572776e-11,8.447766080636233205e-15,-1.985522516571509194e-11
2.590795331699357516e+21,8.396195854160422301e-02,-1.977236209443451879e-11,8.467249945831217697e-15,-1.976389484448868873e-11
2.596770722886659867e+21,8.415560778166560063e-02,-1.968147100165168532e-11,8.486778748468752798e-15,-1.967298422290321798e-11
2.602759895671994581e+21,8.434970365290175853e-02,-1.959099772393349633e-11,8.506352592192230445e-15,-1.958249137134130551e-11
2.608762881841133781e+21,8.454424718541943273e-02,-1.950094034063605264e-11,8.525971580884065853e-15,-1.949241436905516991e-11
2.614779713253166023e+21,8.473923941170136143e-02,-1.941129693994432209e-11,8.545635818666287581e-15,-1.940275130412565442e-11
2.620810421840657777e+21,8.493468136661154466e-02,-1.932206561883167558e-11,8.565345409901064492e-15,-1.931350027342177595e-11
2.626855039609822249e+21,8.513057408740068444e-02,-1.923324448301948767e-11,8.585100459191259532e-15,-1.922465938256029654e-11
2.632913598640692920e+21,8.532691861371190234e-02,-1.914483164693688584e-11,8.604901071380994557e-15,-1.913622674586550500e-11
2.638986131087293415e+21,8.552371598758612414e-02,-1.905682523368071301e-11,8.624747351556207266e-15,-1.904820048632915678e-11
2.645072669177807897e+21,8.572096725346767254e-02,-1.896922337497569688e-11,8.644639405045204982e-15,-1.896057873557065297e-11
2.651173245214747787e+21,8.591867345820961011e-02,-1.888202421113483247e-11,8.664577337419212124e-15,-1.887335963379741322e-11
2.657287891575128457e+21,8.611683565107959570e-02,-1.879522589101985841e-11,8.684561254492950804e-15,-1.878654132976536489e-11
2.663416640710642762e+21,8.631545488376535236e-02,-1.870882657200190770e-11,8.704591262325202501e-15,-1.870012198073958092e-11
2.669559525147823571e+21,8.651453221038001018e-02,-1.862282441992254299e-11,8.724667467219338172e-15,-1.861409975245532477e-11
2.675716577488227795e+21,8.671406868746807384e-02,-1.853721760905464965e-11,8.744789975723925676e-15,-1.852847281907892417e-11
2.681887830408603107e+21,8.691406537401083487e-02,-1.845200432206377803e-11,8.764958894633272510e-15,-1.844323936316914561e-11
2.688073316661060960e+21,8.711452333143190896e-02,-1.836718274996955352e-11,8.785174330987989057e-15,-1.835839757563856568e-11
2.694273069073252745e+21,8.731544362360305067e-02,-1.828275109210725792e-11,8.805436392075564452e-15,-1.827394565571518151e-11
2.700487120548546478e+21,8.751682731684977401e-02,-1.819870755608955616e-11,8.825745185430947186e-15,-1.818988181090412452e-11
2.706715504066191950e+21,8.771867547995679248e-02,-1.811505035776857844e-11,8.846100818837083108e-15,-1.810620425694974266e-11
2.712958252681507373e+21,8.792098918417401432e-02,-1.803177772119789908e-11,8.866503400325522850e-15,-1.802291121779757270e-11
2.719215399526047678e+21,8.812376950322199642e-02,-1.794888787859491266e-11,8.886953038176978757e-15,-1.794000092555673579e-11
2.725486977807783297e+21,8.832701751329778694e-02,-1.786637907030328133e-11,8.907449840921899184e-15,-1.785747162046235895e-11
2.731773020811272126e+21,8.853073429308040698e-02,-1.778424954475562768e-11,8.927993917341039630e-15,-1.777532155083828729e-11
2.738073561897842508e+21,8.873492092373691520e-02,-1.770249755843626961e-11,8.948585376466055958e-15,-1.769354897305980272e-11
2.744388634505766765e+21,8.893957848892790341e-02,-1.762112137584425891e-11,8.969224327580072379e-15,-1.761215215151667873e-11
2.750718272150436315e+21,8.914470807481322812e-02,-1.754011926945655883e-11,8.989910880218255740e-15,-1.753112935857634175e-11
2.757062508424545174e+21,8.935031077005796407e-02,-1.745948951969130880e-11,9.010645144168413482e-15,-1.745047887454713915e-11
2.763421376998266110e+21,8.955638766583809418e-02,-1.737923041487133808e-11,9.031427229471566352e-15,-1.737019898764186578e-11
2.769794911619423142e+21,8.976293985584613000e-02,-1.729934025118790873e-11,9.052257246422517961e-15,-1.729028799394148755e-11
2.776183146113681326e+21,8.996996843629719021e-02,-1.721981733266442624e-11,9.073135305570473251e-15,-1.721074419735885535e-11
2.782586114384721347e+21,9.017747450593474601e-02,-1.714065997112047019e-11,9.094061517719606477e-15,-1.713156590960275178e-11
2.789003850414413054e+21,9.038545916603620001e-02,-1.706186648613606063e-11,9.115035993929629182e-15,-1.705275145014213173e-11
2.795436388263007879e+21,9.059392352041913121e-02,-1.698343520501581789e-11,9.136058845516421290e-15,-1.697429914617030158e-11
2.801883762069312897e+21,9.080286867544691554e-02,-1.690536446275354896e-11,9.157130184052600660e-15,-1.689620733256949589e-11
2.808346006050867511e+21,9.101229574003451284e-02,-1.682765260199694686e-11,9.178250121368095805e-15,-1.681847435187557995e-11
2.814823154504135868e+21,9.122220582565460090e-02,-1.675029797301228364e-11,9.199418769550776973e-15,-1.674109855424273315e-11
2.821315241804683018e+21,9.143260004634337634e-02,-1.667329893364944905e-11,9.220636240947035176e-15,-1.666407829740850054e-11
2.827822302407353172e+21,9.164347951870630005e-02,-1.659665384930715078e-11,9.241902648162359636e-15,-1.658741194665898985e-11
2.834344370846459494e+21,9.185484536192425886e-02,-1.652036109289811799e-11,9.263218104061959404e-15,-1.651109787479405563e-11
2.840881481735968129e+21,9.206669869775946369e-02,-1.644441904481456648e-11,9.284582721771370788e-15,-1.643513446209279350e-11
2.847433669769671737e+21,9.227904065056118099e-02,-1.636882609289392562e-11,9.305996614677015861e-15,-1.635952009627924770e-11
2.854000969721386107e+21,9.249187234727201945e-02,-1.629358063238446517e-11,9.327459896426846175e-15,-1.628425317248803789e-11
2.860583416445127361e+21,9.270519491743374474e-02,-1.621868106591133235e-11,9.348972680930931252e-15,-1.620933209323040270e-11
2.867181044875296506e+21,9.291900949319316372e-02,-1.614412580344262130e-11,9.370535082362047071e-15,-1.613475526836025950e-11
2.873793890026870276e+21,9.313331720930838331e-02,-1.606991326225556853e-11,9.392147215156313469e-15,-1.606052111504041277e-11
2.880421986995584106e+21,9.334811920315475020e-02,-1.599604186690299398e-11,9.413809194013784210e-15,-1.598662805770897898e-11
2.887065370958112489e+21,9.356341661473063787e-02,-1.592251004917991000e-11,9.435521133899040208e-15,-1.591307452804601178e-11
2.893724077172266631e+21,9.377921058666389975e-02,-1.584931624809010461e-11,9.457283150041828503e-15,-1.583985896494006257e-11
2.900398140977176379e+21,9.399550226421771182e-02,-1.577645890981308007e-11,9.479095357937666530e-15,-1.576697981445514177e-11
2.907087597793472152e+21,9.421229279529655387e-02,-1.570393648767111110e-11,9.500957873348433765e-15,-1.569443552979776404e-11
2.913792483123482591e+21,9.442958333045252395e-02,-1.563174744209630626e-11,9.522870812303012276e-15,-1.562222457128400325e-11
2.920512832551419642e+21,9.464737502289140292e-02,-1.555989024059797313e-11,9.544834291097898887e-15,-1.555034540630687376e-11
2.927248681743560999e+21,9.486566902847852478e-02,-1.548836335773014173e-11,9.566848426297793658e-15,-1.547879650930384424e-11
2.934000066448450388e+21,9.508446650574528536e-02,-1.541716527505907508e-11,9.588913334736262538e-15,-1.540757636172433843e-11
2.940767022497080017e+21,9.530376861589508197e-02,-1.534629448113109642e-11,9.611029133516330583e-15,-1.533668345199757858e-11
2.947549585803079320e+21,9.552357652280936418e-02,-1.527574947144053268e-11,9.633195940011095688e-15,-1.526611627550052248e-11
2.954347792362912612e+21,9.574389139305408691e-02,-1.520552874839769039e-11,9.655413871864377038e-15,-1.519587333452582633e-11
2.961161678256065217e+21,9.596471439588574737e-02,-1.513563082129712545e-11,9.677683046991325678e-15,-1.512595313825013405e-11
2.967991279645236396e+21,9.618604670325761608e-02,-1.506605420628597449e-11,9.700003583579055607e-15,-1.505635420270239559e-11
2.974836632776527577e+21,9.640788948982582929e-02,-1.499679742633249285e-11,9.722375600087244889e-15,-1.498707505073240498e-11
2.981697773979641053e+21,9.663024393295586989e-02,-1.492785901119463468e-11,9.744799215248807761e-15,-1.491811421197938688e-11
2.988574739668071350e+21,9.685311121272870138e-02,-1.485923749738885917e-11,9.767274548070506791e-15,-1.484947022284078987e-11
2.995467566339290300e+21,9.707649251194686024e-02,-1.479093142815914683e-11,9.789801717833553988e-15,-1.478114162644131243e-11
3.002376290574953087e+21,9.730038901614104785e-02,-1.472293935344593820e-11,9.812380844094295536e-15,-1.471312697260184488e-11
3.009300949041084891e+21,9.752480191357620898e-02,-1.465525982985544417e-11,9.835012046684812903e-15,-1.464542481780876032e-11
3.016241578488278548e+21,9.774973239525794333e-02,-1.458789142062894981e-11,9.857695445713572863e-15,-1.457803372518323784e-11
3.023198215751883817e+21,9.797518165493862563e-02,-1.452083269561239773e-11,9.880431161566044389e-15,-1.451095226445083133e-11
3.030170897752211325e+21,9.820115088912405310e-02,-1.445408223122592454e-11,9.903219314905369179e-15,-1.444417901191101892e-11
3.037159661494724461e+21,9.842764129707960719e-02,-1.438763861043368494e-11,9.926060026672981704e-15,-1.437771255040701244e-11
3.044164544070231261e+21,9.865465408083654020e-02,-1.432150042271382279e-11,9.948953418089241875e-15,-1.431155146929573340e-11
3.051185582655090983e+21,9.888219044519856726e-02,-1.425566626402841313e-11,9.971899610654110305e-15,-1.424569436441775822e-11
3.058222814511404941e+21,9.911025159774818072e-02,-1.419013473679374502e-11,9.994898726147766779e-15,-1.418013983806759787e-11
3.065276276987212595e+21,9.933883874885288123e-02,-1.412490444985063843e-11,1.001795088663125396e-14,-1.411488649896400662e-11
3.072346007516695495e+21,9.956795311167188078e-02,-1.405997401843488701e-11,1.004105621444714794e-14,-1.404993296222043939e-11
3.079432043620373889e+21,9.979759590216244480e-02,-1.399534206414785445e-11,1.006421483222019875e-14,-1.398527784931563358e-11
3.086534422905300189e+21,1.000277683390861233e-01,-1.393100721492728076e-11,1.008742686285795676e-14,-1.392091978806442344e-11
3.093653183065269207e+21,1.002584716440156204e-01,-1.386696810501805801e-11,1.011069242955146530e-14,-1.385685741258850601e-11
3.100788361881009521e+21,1.004897070413409560e-01,-1.380322337494330638e-11,1.013401165577588697e-14,-1.379308936328753025e-11
3.107939997220386374e+21,1.007214757582760578e-01,-1.373977167147549558e-11,1.015738466529116476e-14,-1.372961428681020382e-11
3.115108127038605623e+21,1.009537790248653949e-01,-1.367661164760769872e-11,1.018081158214268306e-14,-1.366643083602555666e-11
3.122292789378410349e+21,1.011866180739902921e-01,-1.361374196252502386e-11,1.020429253066192721e-14,-1.360353766999436124e-11
3.129494022370285322e+21,1.014199941413756190e-01,-1.355116128157614899e-11,1.022782763546712873e-14,-1.354093345394068209e-11
3.136711864232660959e+21,1.016539084655963265e-01,-1.348886827624495233e-11,1.025141702146395010e-14,-1.347861685922348830e-11
3.143946353272114643e+21,1.018883622880840667e-01,-1.342686162412234131e-11,1.027506081384613317e-14,-1.341658656330849546e-11
3.151197527883569431e+21,1.021233568531335345e-01,-1.336514000887820276e-11,1.029875913809615549e-14,-1.335484124974010614e-11
3.158465426550506390e+21,1.023588934079094348e-01,-1.330370212023339996e-11,1.032251211998591508e-14,-1.329337960811341338e-11
3.165750087845165400e+21,1.025949732024529076e-01,-1.324254665393198127e-11,1.034631988557739460e-14,-1.323220033404640451e-11
3.173051550428743336e+21,1.028315974896880369e-01,-1.318167231171353909e-11,1.037018256122330983e-14,-1.317130212915231525e-11
3.180369853051610595e+21,1.030687675254287894e-01,-1.312107780128556389e-11,1.039410027356780545e-14,-1.311068370101199666e-11
3.187705034553509806e+21,1.033064845683854954e-01,-1.306076183629606651e-11,1.041807314954712079e-14,-1.305034376314651966e-11
3.195057133863762919e+21,1.035447498801715521e-01,-1.300072313630626181e-11,1.044210131639025412e-14,-1.299028103498987161e-11
3.202426190001475682e+21,1.037835647253100707e-01,-1.294096042676340090e-11,1.046618490161964100e-14,-1.293049424186178051e-11
3.209812242075752071e+21,1.040229303712408016e-01,-1.288147243897365360e-11,1.049032403305184064e-14,-1.287098211494060221e-11
3.217215329285892997e+21,1.042628480883265457e-01,-1.282225791007525891e-11,1.051451883879820485e-14,-1.281174339123646129e-11
3.224635490921609691e+21,1.045033191498601494e-01,-1.276331558301165626e-11,1.053876944726555484e-14,-1.275277681356439029e-11
3.232072766363231846e+21,1.047443448320711790e-01,-1.270464420650480887e-11,1.056307598715688021e-14,-1.269408113051765154e-11
3.239527195081914188e+21,1.049859264141326382e-01,-1.264624253502867099e-11,1.058743858747199680e-14,-1.263565509644119950e-11
3.246998816639847760e+21,1.052280651781678095e-01,-1.258810932878271166e-11,1.061185737750825515e-14,-1.257749747140520294e-11
3.254487670690471739e+21,1.054707624092571377e-01,-1.253024335366559842e-11,1.063633248686121728e-14,-1.251960702117873668e-11
3.261993796978677907e+21,1.057140193954448637e-01,-1.247264338124903609e-11,1.066086404542533043e-14,-1.246198251720361070e-11
3.269517235341026656e+21,1.059578374277459767e-01,-1.241530818875165402e-11,1.068545218339463859e-14,-1.240462273656825907e-11
3.277058025705959850e+21,1.062022178001531397e-01,-1.235823655901303395e-11,1.071009703126346879e-14,-1.234752646198177092e-11
3.284616208094006346e+21,1.064471618096433925e-01,-1.230142728046791877e-11,1.073479871982710955e-14,-1.229069248174809119e-11
3.292191822617999573e+21,1.066926707561851040e-01,-1.224487914712046003e-11,1.075955738018251611e-14,-1.223411958974027787e-11
3.299784909483289870e+21,1.069387459427449533e-01,-1.218859095851860767e-11,1.078437314372901411e-14,-1.217780658537487873e-11
3.307395508987956298e+21,1.071853886752947294e-01,-1.213256151972865001e-11,1.080924614216898112e-14,-1.212175227358648104e-11
3.315023661523018449e+21,1.074326002628182564e-01,-1.207678964130985867e-11,1.083417650750854248e-14,-1.206595546480235002e-11
3.322669407572657177e+21,1.076803820173184573e-01,-1.202127413928918530e-11,1.085916437205829699e-14,-1.201041497491712720e-11
3.330332787714426405e+21,1.079287352538243067e-01,-1.196601383513615370e-11,1.088420986843400642e-14,-1.195512962526771930e-11
3.338013842619461796e+21,1.081776612903975476e-01,-1.191100755573789256e-11,1.090931312955727390e-14,-1.190009824260833581e-11
3.345712613052709339e+21,1.084271614481400886e-01,-1.185625413337413585e-11,1.093447428865629179e-14,-1.184531965908547968e-11
3.353429139873131921e+21,1.086772370512007618e-01,-1.180175240569250273e-11,1.095969347926652480e-14,-1.179079271221323696e-11
3.361163464033929003e+21,1.089278894267823733e-01,-1.174750121568380169e-11,1.098497083523141841e-14,-1.173651624484856957e-11
3.368915626582754198e+21,1.091791199051487665e-01,-1.169349941165747522e-11,1.101030649070311515e-14,-1.168248910516677137e-11
3.376685668661935473e+21,1.094309298196319835e-01,-1.163974584721712368e-11,1.103570058014317089e-14,-1.162871014663698062e-11
3.384473631508688011e+21,1.096833205066391620e-01,-1.158623938123621012e-11,1.106115323832325533e-14,-1.157517822799788646e-11
3.392279556455337034e+21,1.099362933056597380e-01,-1.153297887783381027e-11,1.108666460032587463e-14,-1.152189221323348378e-11
3.400103484929539047e+21,1.101898495592726068e-01,-1.147996320635048702e-11,1.111223480154509713e-14,-1.146885097154894120e-11
3.407945458454494708e+21,1.104439906131530896e-01,-1.142719124132432962e-11,1.113786397768724913e-14,-1.141605337734664187e-11
3.415805518649175835e+21,1.106987178160801777e-01,-1.137466186246702040e-11,1.116355226477166117e-14,-1.136349831020224860e-11
3.423683707228545090e+21,1.109540325199437488e-01,-1.132237395464006461e-11,1.118929979913137169e-14,-1.131118465484093371e-11
3.431580066003774079e+21,1.112099360797515896e-01,-1.127032640783113014e-11,1.121510671741386223e-14,-1.125911130111371551e-11
3.439494636882467226e+21,1.114664298536366671e-01,-1.121851811713047454e-11,1.124097315658176585e-14,-1.120727714397389337e-11
3.447427461868886688e+21,1.117235152028644152e-01,-1.116694798270747531e-11,1.126689925391361967e-14,-1.115568108345356189e-11
3.455378583064170988e+21,1.119811934918398116e-01,-1.111561490978731060e-11,1.129288514700456859e-14,-1.110432202464030613e-11
3.463348042666559406e+21,1.122394660881146505e-01,-1.106451780862769951e-11,1.131893097376710519e-14,-1.105319887765393221e-11
3.471335882971620573e+21,1.124983343623949666e-01,-1.101365559449575727e-11,1.134503687243180970e-14,-1.100231055762332572e-11
3.479342146372470571e+21,1.127577996885480716e-01,-1.096302718764499408e-11,1.137120298154807575e-14,-1.095165598466344573e-11
3.487366875359999951e+21,1.130178634436099644e-01,-1.091263151329238348e-11,1.139742943998483770e-14,-1.090123408385239798e-11
3.495410112523102323e+21,1.132785270077926731e-01,-1.086246750159553248e-11,1.142371638693132323e-14,-1.085104378520860181e-11
3.503471900548898226e+21,1.135397917644915822e-01,-1.081253408762997773e-11,1.145006396189779167e-14,-1.080108402366807983e-11
3.511552282222957429e+21,1.138016591002925515e-01,-1.076283021136660283e-11,1.147647230471624720e-14,-1.075135373906188659e-11
3.519651300429534331e+21,1.140641304049796190e-01,-1.071335481764909282e-11,1.150294155554122290e-14,-1.070185187609355171e-11
3.527768998151790789e+21,1.143272070715422029e-01,-1.066410685617155667e-11,1.152947185485049708e-14,-1.065257738431670562e-11
3.535905418472020509e+21,1.145908904961823460e-01,-1.061508528145624995e-11,1.155606334344582851e-14,-1.060352921811280386e-11
3.544060604571886027e+21,1.148551820783224459e-01,-1.056628905283134115e-11,1.158271616245374366e-14,-1.055470633666888692e-11
3.552234599732645200e+21,1.151200832206124985e-01,-1.051771713440882494e-11,1.160943045332625460e-14,-1.050610770395549836e-11
3.560427447335374029e+21,1.153855953289374819e-01,-1.046936849506257608e-11,1.163620635784160840e-14,-1.045773228870473385e-11
3.568639190861205733e+21,1.156517198124249191e-01,-1.042124210840641132e-11,1.166304401810505864e-14,-1.040957906438830634e-11
3.576869873891559342e+21,1.159184580834524275e-01,-1.037333695277230649e-11,1.168994357654960852e-14,-1.036164700919575664e-11
3.585119540108366184e+21,1.161858115576549916e-01,-1.032565201118874433e-11,1.171690517593676029e-14,-1.031393510601280775e-11
3.593388233294306345e+21,1.164537816539326504e-01,-1.027818627135908832e-11,1.174392895935728356e-14,-1.026644234239973061e-11
3.601675997333043020e+21,1.167223697944580474e-01,-1.023093872564008239e-11,1.177101507023198212e-14,-1.021916771056985023e-11
3.609982876209449009e+21,1.169915774046838414e-01,-1.018390837102051389e-11,1.179816365231242755e-14,-1.017211020736820226e-11
3.618308914009843696e+21,1.172614059133503389e-01,-1.013709420909987327e-11,1.182537484968174493e-14,-1.012526883425019101e-11
3.626654154922228974e+21,1.175318567524931551e-01,-1.009049524606717215e-11,1.185264880675538122e-14,-1.007864259726041723e-11
3.635018643236519412e+21,1.178029313574506798e-01,-1.004411049267985183e-11,1.187998566828184831e-14,-1.003223050701157045e-11
3.643402423344779756e+21,1.180746311668717380e-01,-9.997938964242782222e-12,1.190738557934350878e-14,-9.986031578663439258e-12
3.651805539741462954e+21,1.183469576227233477e-01,-9.951979680587338449e-12,1.193484868535735212e-14,-9.940044831901981380e-12
3.660228037023640846e+21,1.186199121702981724e-01,-9.906231666050624350e-12,1.196237513207574570e-14,-9.894269290918548851e-12
3.668669959891242189e+21,1.188934962582222643e-01,-9.860693949454754206e-12,1.198996506558721421e-14,-9.848703984389166485e-12
3.677131353147295924e+21,1.191677113384629061e-01,-9.815365564086200686e-12,1.201761863231723481e-14,-9.803347945453883060e-12
3.685612261698161869e+21,1.194425588663360766e-01,-9.770245547675310823e-12,1.204533597902899441e-14,-9.758200211696282441e-12
3.694112730553769787e+21,1.197180403005142918e-01,-9.725332942375873676e-12,1.207311725282416438e-14,-9.713259825123049632e-12
3.702632804827862663e+21,1.199941571030343768e-01,-9.680626794744770400e-12,1.210096260114369886e-14,-9.668525832143627305e-12
3.711172529738235249e+21,1.202709107393052507e-01,-9.636126155721724474e-12,1.212887217176861413e-14,-9.623997283549956340e-12
3.719731950606965277e+21,1.205483026781154349e-01,-9.591830080609215108e-12,1.215684611282074752e-14,-9.579673234496394069e-12
3.728311112860667740e+21,1.208263343916412547e-01,-9.547737629052337333e-12,1.218488457276358413e-14,-9.535552744479574375e-12
3.736910062030728200e+21,1.211050073554544165e-01,-9.503847865018896350e-12,1.221298770040301888e-14,-9.491634877318493961e-12
3.745528843753541861e+21,1.213843230485297797e-01,-9.460159856779524504e-12,1.224115564488814218e-14,-9.447918701134635782e-12
3.754167503770762084e+21,1.216642829532533637e-01,-9.416672676887898415e-12,1.226938855571205093e-14,-9.404403288332186180e-12
3.762826087929541558e+21,1.219448885554301892e-01,-9.373385402161036894e-12,1.229768658271262787e-14,-9.361087715578324722e-12
3.771504642182771376e+21,1.222261413442920636e-01,-9.330297113659736184e-12,1.232604987607333994e-14,-9.317971063783662672e-12
3.780203212589329547e+21,1.225080428125055326e-01,-9.287406896669031049e-12,1.235447858632403657e-14,-9.275052418082707309e-12
3.788921845314325316e+21,1.227905944561799162e-01,-9.244713840678780261e-12,1.238297286434175436e-14,-9.232330867814437723e-12
3.797660586629340856e+21,1.230737977748750656e-01,-9.202217039364358722e-12,1.241153286135149960e-14,-9.189805506503006628e-12
3.806419482912679264e+21,1.233576542716093988e-01,-9.159915590567396432e-12,1.244015872892707188e-14,-9.147475431838469639e-12
3.815198580649610445e+21,1.236421654528679498e-01,-9.117808596276630549e-12,1.246885061899185760e-14,-9.105339745657638948e-12
3.823997926432618578e+21,1.239273328286102649e-01,-9.075895162608847926e-12,1.249760868381963946e-14,-9.063397553925029090e-12
3.832817566961644339e+21,1.242131579122783824e-01,-9.034174399789916502e-12,1.252643307603539467e-14,-9.021647966713881869e-12
3.841657549044343374e+21,1.244996422208050901e-01,-8.992645422135857080e-12,1.255532394861612650e-14,-8.980090098187241377e-12
3.850517919596323275e+21,1.247867872746216827e-01,-8.951307348034094443e-12,1.258428145489165467e-14,-8.938723066579203481e-12
3.859398725641397862e+21,1.250745945976661777e-01,-8.910159299924713308e-12,1.261330574854543892e-14,-8.897545994176168559e-12
3.868300014311838319e+21,1.253630657173914753e-01,-8.869200404281822531e-12,1.264239698361539631e-14,-8.856558007298207309e-12
3.877221832848620126e+21,1.256522021647732967e-01,-8.828429791595027551e-12,1.267155531449471370e-14,-8.815758236280533205e-12
3.886164228601673679e+21,1.259420054743184136e-01,-8.787846596350970697e-12,1.270078089593266502e-14,-8.775145815455037944e-12
3.895127249030140133e+21,1.262324771840728221e-01,-8.747449957014939337e-12,1.273007388303544751e-14,-8.734719883131904451e-12
3.904110941702618874e+21,1.265236188356298475e-01,-8.707239016012590361e-12,1.275943443126698943e-14,-8.694479581581323283e-12
3.913115354297418121e+21,1.268154319741382208e-01,-8.667212919711757053e-12,1.278886269644976741e-14,-8.654424057015307575e-12
3.922140534602814456e+21,1.271079181483105169e-01,-8.627370818404302815e-12,1.281835883476566464e-14,-8.614552459569537076e-12
3.931186530517305524e+21,1.274010789104313146e-01,-8.587711866288079908e-12,1.284792300275678347e-14,-8.574863943285323346e-12
3.940253390049851212e+21,1.276949158163650788e-01,-8.548235221449035209e-12,1.287755535732623899e-14,-8.535357666091709053e-12
3.949341161320149942e+21,1.279894304255649873e-01,-8.508940045843236799e-12,1.290725605573906775e-14,-8.496032789787497799e-12
3.958449892558879850e+21,1.282846243010808962e-01,-8.469825505279155826e-12,1.293702525562300248e-14,-8.456888480023532740e-12
3.967579632107955683e+21,1.285804990095675560e-01,-8.430890769399949972e-12,1.296686311496932877e-14,-8.417923906284980061e-12
3.976730428420788322e+21,1.288770561212930765e-01,-8.392135011665813164e-12,1.299676979213372124e-14,-8.379138241873678686e-12
3.985902330062544306e+21,1.291742972101473097e-01,-8.353557409336435147e-12,1.302674544583709082e-14,-8.340530663890598231e-12
3.995095385710394868e+21,1.294722238536499537e-01,-8.315157143453561218e-12,1.305679023516640830e-14,-8.302100353218395515e-12
4.004309644153784893e+21,1.297708376329592128e-01,-8.276933398823561657e-12,1.308690431957557363e-14,-8.263846494503985597e-12
4.013545154294686679e+21,1.300701401328800966e-01,-8.238885364000159486e-12,1.311708785888625532e-14,-8.225768276141272775e-12
4.022801965147855782e+21,1.303701329418726351e-01,-8.201012231267205079e-12,1.314734101328871239e-14,-8.187864890253917110e-12
4.032080125841097884e+21,1.306708176520605946e-01,-8.163313196621508932e-12,1.317766394334268106e-14,-8.150135532678165587e-12
4.041379685615526740e+21,1.309721958592397761e-01,-8.125787459755785911e-12,1.320805680997820937e-14,-8.112579402945807668e-12
4.050700693825824752e+21,1.312742691628865366e-01,-8.088434224041665735e-12,1.323851977449650918e-14,-8.075195704267169623e-12
4.060043199940505108e+21,1.315770391661661709e-01,-8.051252696512784245e-12,1.326905299857082068e-14,-8.037983643514213872e-12
4.069407253542177079e+21,1.318805074759416274e-01,-8.014242087847929596e-12,1.329965664424726602e-14,-8.000942431203681950e-12
4.078792904327804486e+21,1.321846757027818065e-01,-7.977401612354317700e-12,1.333033087394570757e-14,-7.964071281480371561e-12
4.088200202108970467e+21,1.324895454609701928e-01,-7.940730487950901595e-12,1.336107585046060141e-14,-7.927369412100441109e-12
4.097629196812148539e+21,1.327951183685135983e-01,-7.904227936151737361e-12,1.339189173696189357e-14,-7.890836044414775602e-12
4.107079938478958445e+21,1.331013960471504609e-01,-7.867893182049505130e-12,1.342277869699585142e-14,-7.854470403352509287e-12
4.116552477266434589e+21,1.334083801223595600e-01,-7.831725454299038176e-12,1.345373689448593775e-14,-7.818271717404551504e-12
4.126046863447295001e+21,1.337160722233687593e-01,-7.795723985100944090e-12,1.348476649373369430e-14,-7.782239218607211098e-12
4.135563147410210292e+21,1.340244739831636389e-01,-7.759888010185288971e-12,1.351586765941962368e-14,-7.746372142525869291e-12
4.145101379660056887e+21,1.343335870384957664e-01,-7.724216768795435087e-12,1.354704055660400353e-14,-7.710669728238831892e-12
4.154661610818204336e+21,1.346434130298920229e-01,-7.688709503671813921e-12,1.357828535072784572e-14,-7.675131218321086182e-12
4.164243891622774309e+21,1.349539536016629293e-01,-7.653365461035886618e-12,1.360960220761372624e-14,-7.639755858828272678e-12
4.173848272928903266e+21,1.352652104019112234e-01,-7.618183890574167451e-12,1.364099129346664824e-14,-7.604542899280700506e-12
4.183474805709028196e+21,1.355771850825410740e-01,-7.583164045422239195e-12,1.367245277487498234e-14,-7.569491592647364408e-12
4.193123541053143515e+21,1.358898792992664639e-01,-7.548305182148942993e-12,1.370398681881129334e-14,-7.534601195330131365e-12
4.202794530169078940e+21,1.362032947116201265e-01,-7.513606560740576300e-12,1.373559359263326322e-14,-7.499870967147943392e-12
4.212487824382768972e+21,1.365174329829622890e-01,-7.479067444585189377e-12,1.376727326408456199e-14,-7.465300171321104337e-12
4.222203475138526052e+21,1.368322957804896101e-01,-7.444687100456944788e-12,1.379902600129574076e-14,-7.430888074455649074e-12
4.231941533999314764e+21,1.371478847752439501e-01,-7.410464798500546373e-12,1.383085197278513412e-14,-7.396633946527761165e-12
4.241702052647019217e+21,1.374642016421211144e-01,-7.376399812215774850e-12,1.386275134745972475e-14,-7.362537060868314923e-12
4.251485082882729312e+21,1.377812480598800959e-01,-7.342491418442015333e-12,1.389472429461609010e-14,-7.328596694147399704e-12
4.261290676627003933e+21,1.380990257111515962e-01,-7.308738897342944802e-12,1.392677098394125273e-14,-7.294812126359004138e-12
4.271118885920151962e+21,1.384175362824471844e-01,-7.275141532391238950e-12,1.395889158551360645e-14,-7.261182640805725407e-12
4.280969762922508059e+21,1.387367814641681796e-01,-7.241698610353360628e-12,1.399108626980380773e-14,-7.227707524083556877e-12
4.290843359914710532e+21,1.390567629506146707e-01,-7.208409421274411287e-12,1.402335520767569552e-14,-7.194386066066735504e-12
4.300739729297973445e+21,1.393774824399943713e-01,-7.175273258463080977e-12,1.405569857038717635e-14,-7.161217559892693449e-12
4.310658923594372874e+21,1.396989416344318335e-01,-7.142289418476617737e-12,1.408811652959115043e-14,-7.128201301947026655e-12
4.320600995447119020e+21,1.400211422399773031e-01,-7.109457201105916528e-12,1.412060925733641731e-14,-7.095336591848579746e-12
4.330565997620838269e+21,1.403440859666158780e-01,-7.076775909360644523e-12,1.415317692606858459e-14,-7.062622732434576165e-12
4.340553983001853690e+21,1.406677745282765568e-01,-7.044244849454446370e-12,1.418581970863099411e-14,-7.030059029745815356e-12
4.350565004598465004e+21,1.409922096428413429e-01,-7.011863330790215692e-12,1.421853777826562906e-14,-6.997644793011949915e-12
4.360599115541228552e+21,1.413173930321542926e-01,-6.979630665945439286e-12,1.425133130861402912e-14,-6.965379334636824951e-12
4.370656369083240415e+21,1.416433264220307298e-01,-6.947546170657600294e-12,1.428420047371822604e-14,-6.933261970183882059e-12
4.380736818600425292e+21,1.419700115422665443e-01,-6.915609163809633074e-12,1.431714544802167605e-14,-6.901292018361611767e-12
4.390840517591802839e+21,1.422974501266469072e-01,-6.883818967415514582e-12,1.435016640637014183e-14,-6.869468801009144115e-12
4.400967519679790711e+21,1.426256439129560127e-01,-6.852174906605817797e-12,1.438326352401266120e-14,-6.837791643081805306e-12
4.411117878610479284e+21,1.429545946429860437e-01,-6.820676309613408117e-12,1.441643697660247486e-14,-6.806259872636806027e-12
4.421291648253917397e+21,1.432843040625463582e-01,-6.789322507759184996e-12,1.444968694019793829e-14,-6.774872820818987124e-12
4.431488882604398084e+21,1.436147739214728436e-01,-6.758112835437886585e-12,1.448301359126346525e-14,-6.743629821846623435e-12
4.441709635780750082e+21,1.439460059736372977e-01,-6.727046630103947695e-12,1.451641710667047119e-14,-6.712530212997276908e-12
4.451953962026619372e+21,1.442780019769565325e-01,-6.696123232257443376e-12,1.454989766369830738e-14,-6.681573334593745025e-12
4.462221915710757011e+21,1.446107636934018115e-01,-6.665341985430099553e-12,1.458345544003519163e-14,-6.650758529990064165e-12
4.472513551327315362e+21,1.449442928890083138e-01,-6.634702236171324653e-12,1.461709061377918029e-14,-6.620085145557545281e-12
4.482828923496125432e+21,1.452785913338842105e-01,-6.604203334034377764e-12,1.465080336343906745e-14,-6.589552530670938811e-12
4.493168086962995200e+21,1.456136608022203238e-01,-6.573844631562537587e-12,1.468459386793537267e-14,-6.559160037694602029e-12
4.503531096600001118e+21,1.459495030722995357e-01,-6.543625484275345714e-12,1.471846230660128127e-14,-6.528907021968744739e-12
4.513918007405771227e+21,1.462861199265060030e-01,-6.513545250654960572e-12,1.475240885918358147e-14,-6.498792841795776760e-12
4.524328874505785049e+21,1.466235131513348167e-01,-6.483603292132506516e-12,1.478643370584363316e-14,-6.468816858426662672e-12
4.534763753152664044e+21,1.469616845374015213e-01,-6.453798973074527946e-12,1.482053702715832399e-14,-6.438978436047369467e-12
4.545222698726460490e+21,1.473006358794513859e-01,-6.424131660769506414e-12,1.485471900412100966e-14,-6.409276941765385282e-12
4.555705766734955807e+21,1.476403689763690630e-01,-6.394600725414416527e-12,1.488897981814249214e-14,-6.379711745596273672e-12
4.566213012813957300e+21,1.479808856311883025e-01,-6.365205540101352109e-12,1.492331965105198837e-14,-6.350282220450299786e-12
4.576744492727586521e+21,1.483221876511011950e-01,-6.335945480804234765e-12,1.495773868509807375e-14,-6.320987742119136499e-12
4.587300262368580207e+21,1.486642768474679688e-01,-6.306819926365551535e-12,1.499223710294966349e-14,-6.291827689262602067e-12
4.597880377758584930e+21,1.490071550358265662e-01,-6.277828258483177347e-12,1.502681508769697501e-14,-6.262801443395480161e-12
4.608484895048461189e+21,1.493508240359024131e-01,-6.248969861697226567e-12,1.506147282285252503e-14,-6.233908388874373834e-12
4.619113870518563373e+21,1.496952856716176061e-01,-6.220244123377042676e-12,1.509621049235204158e-14,-6.205147912884690357e-12
4.629767360579061154e+21,1.500405417711012379e-01,-6.191650433708122512e-12,1.513102828055551780e-14,-6.176519405427567073e-12
4.640445421770225746e+21,1.503865941666986950e-01,-6.163188185679214194e-12,1.516592637224814290e-14,-6.148022259306966093e-12
4.651148110762727703e+21,1.507334446949813445e-01,-6.134856775069434431e-12,1.520090495264128030e-14,-6.119655870116793214e-12
4.661875484357946769e+21,1.510810951967565263e-01,-6.106655600435414098e-12,1.523596420737347421e-14,-6.091419636228040274e-12
4.672627599488270729e+21,1.514295475170772676e-01,-6.078584063098540760e-12,1.527110432251143730e-14,-6.063312958776029282e-12
4.683404513217391100e+21,1.517788035052518858e-01,-6.050641567132267419e-12,1.530632548455099733e-14,-6.035335241647716323e-12
4.694206282740611416e+21,1.521288650148539257e-01,-6.022827519349441469e-12,1.534162788041812898e-14,-6.007485891469022939e-12
4.705032965385153413e+21,1.524797339037321231e-01,-5.995141329289713619e-12,1.537701169746993834e-14,-5.979764317592243428e-12
4.715884618610454823e+21,1.528314120340200088e-01,-5.967582409207013856e-12,1.541247712349563797e-14,-5.952169932083518391e-12
4.726761300008479228e+21,1.531839012721460114e-01,-5.940150174057061346e-12,1.544802434671756606e-14,-5.924702149710343824e-12
4.737663067304018051e+21,1.535372034888432546e-01,-5.912844041484959145e-12,1.548365355579216782e-14,-5.897360387929166633e-12
4.748589978354999886e+21,1.538913205591594946e-01,-5.885663431812816381e-12,1.551936493981100520e-14,-5.870144066873005206e-12
4.759542091152795632e+21,1.542462543624670557e-01,-5.858607768027454442e-12,1.555515868830176031e-14,-5.843052609339152363e-12
4.770519463822530445e+21,1.546020067824729338e-01,-5.831676475768144667e-12,1.559103499122925467e-14,-5.816085440776915479e-12
4.781522154623383634e+21,1.549585797072285942e-01,-5.804868983314434904e-12,1.562699403899641786e-14,-5.789241989275438186e-12
4.792550221948905325e+21,1.553159750291400742e-01,-5.778184721573993824e-12,1.566303602244533838e-14,-5.762521685551548735e-12
4.803603724327326843e+21,1.556741946449781977e-01,-5.751623124070533607e-12,1.569916113285826382e-14,-5.735923962937675403e-12
4.814682720421863752e+21,1.560332404558882891e-01,-5.725183626931796430e-12,1.573536956195860754e-14,-5.709448257369837835e-12
4.825787269031033569e+21,1.563931143674005542e-01,-5.698865668877573277e-12,1.577166150191196465e-14,-5.683094007375661003e-12
4.836917429088968245e+21,1.567538182894401277e-01,-5.672668691207784943e-12,1.580803714532715651e-14,-5.656860654062457828e-12
4.848073259665725587e+21,1.571153541363371764e-01,-5.646592137790624432e-12,1.584449668525723413e-14,-5.630747641105367536e-12
4.859254819967596495e+21,1.574777238268369461e-01,-5.620635455050770443e-12,1.588104031520048480e-14,-5.604754414735569955e-12
4.870462169337432113e+21,1.578409292841102263e-01,-5.594798091957598427e-12,1.591766822910150802e-14,-5.578880423728496571e-12
4.881695367254945825e+21,1.582049724357633136e-01,-5.569079500013516859e-12,1.595438062135218747e-14,-5.553125119392164378e-12
4.892954473337038307e+21,1.585698552138483375e-01,-5.543479133242301892e-12,1.599117768679277325e-14,-5.527487955555508911e-12
4.904239547338107912e+21,1.589355795548734740e-01,-5.517996448177520056e-12,1.602805962071288220e-14,-5.501968388556806950e-12
4.915550649150369432e+21,1.593021473998132154e-01,-5.492630903850985696e-12,1.606502661885253601e-14,-5.476565877232133151e-12
4.926887838804177060e+21,1.596695606941188617e-01,-5.467381961781268497e-12,1.610207887740324359e-14,-5.451279882903865143e-12
4.938251176468334772e+21,1.600378213877284850e-01,-5.442249085962275318e-12,1.613921659300896971e-14,-5.426109869369266175e-12
4.949640722450416140e+21,1.604069314350775322e-01,-5.417231742851879691e-12,1.617643996276723002e-14,-5.401055302889112187e-12
4.961056537197097779e+21,1.607768927951093163e-01,-5.392329401360552935e-12,1.621374918423014806e-14,-5.376115652176322926e-12
4.972498681294459240e+21,1.611477074312850088e-01,-5.367541532840148748e-12,1.625114445540543666e-14,-5.351290388384743308e-12
4.983967215468323799e+21,1.615193773115944642e-01,-5.342867611072627220e-12,1.628862597475753701e-14,-5.326578985097869853e-12
4.995462200584566735e+21,1.618919044085663783e-01,-5.318307112258925050e-12,1.632619394120859370e-14,-5.301980918317716055e-12
5.006983697649445634e+21,1.622652906992788913e-01,-5.293859515007808804e-12,1.636384855413956230e-14,-5.277495666453668873e-12
5.018531767809924399e+21,1.626395381653701899e-01,-5.269524300324815414e-12,1.640159001339123803e-14,-5.253122710311424378e-12
5.030106472353992016e+21,1.630146487930487220e-01,-5.245300951601241950e-12,1.643941851926533490e-14,-5.228861533081976726e-12
5.041707872710994952e+21,1.633906245731039930e-01,-5.221188954603162860e-12,1.647733427252553650e-14,-5.204711620330637005e-12
5.053336030451958022e+21,1.637674675009170577e-01,-5.197187797460528795e-12,1.651533747439857198e-14,-5.180672459986130450e-12
5.064991007289915736e+21,1.641451795764711230e-01,-5.173296970656286438e-12,1.655342832657527947e-14,-5.156743542329711423e-12
5.076672865080231068e+21,1.645237628043620115e-01,-5.149515967015582342e-12,1.659160703121165679e-14,-5.132924359984370483e-12
5.088381665820938338e+21,1.649032191938091529e-01,-5.125844281694962731e-12,1.662987379092998170e-14,-5.109214407904032570e-12
5.100117471653054644e+21,1.652835507586657704e-01,-5.102281412171698510e-12,1.666822880881983420e-14,-5.085613183362878783e-12
5.111880344860926935e+21,1.656647595174300935e-01,-5.078826858233074724e-12,1.670667228843921675e-14,-5.062120185944635845e-12
5.123670347872547635e+21,1.660468474932555727e-01,-5.055480121965806854e-12,1.674520443381560188e-14,-5.038734917531991583e-12
5.135487543259895431e+21,1.664298167139619256e-01,-5.032240707745453868e-12,1.678382544944703025e-14,-5.015456882296007179e-12
5.147331993739266621e+21,1.668136692120458786e-01,-5.009108122225887830e-12,1.682253554030321508e-14,-4.992285586685584347e-12
5.159203762171603321e+21,1.671984070246918253e-01,-4.986081874328844278e-12,1.686133491182658662e-14,-4.969220539417017335e-12
5.171102911562826908e+21,1.675840321937826505e-01,-4.963161475233483917e-12,1.690022376993340913e-14,-4.946261251463550574e-12
5.183029505064183005e+21,1.679705467659108331e-01,-4.940346438366002778e-12,1.693920232101489164e-14,-4.923407236044988032e-12
5.194983605972562346e+21,1.683579527923888541e-01,-4.917636279389330428e-12,1.697827077193824183e-14,-4.900658008617392228e-12
5.206965277730843656e+21,1.687462523292604377e-01,-4.895030516192830601e-12,1.701742933004777996e-14,-4.878013086862782442e-12
5.218974583928233394e+21,1.691354474373114036e-01,-4.872528668882064028e-12,1.705667820316606527e-14,-4.855471990678898357e-12
5.231011588300595003e+21,1.695255401820804364e-01,-4.850130259768615088e-12,1.709601759959495947e-14,-4.833034242169020239e-12
5.243076354730798088e+21,1.699165326338702708e-01,-4.827834813359932188e-12,1.713544772811676894e-14,-4.810699365631815785e-12
5.255168947249043472e+21,1.703084268677584889e-01,-4.805641856349254575e-12,1.717496879799530498e-14,-4.788466887551259664e-12
5.267289430033216569e+21,1.707012249636086221e-01,-4.783550917605547230e-12,1.721458101897704500e-14,-4.766336336586570027e-12
5.279437867409221878e+21,1.710949290060813088e-01,-4.761561528163505229e-12,1.725428460129222749e-14,-4.744307243562212866e-12
5.291614323851320623e+21,1.714895410846450641e-01,-4.739673221213605769e-12,1.729407975565594378e-14,-4.722379141457950002e-12
5.303818863982478885e+21,1.718850632935875755e-01,-4.717885532092188457e-12,1.733396669326929294e-14,-4.700551565398919375e-12
5.316051552574712578e+21,1.722814977320269170e-01,-4.696197998271587308e-12,1.737394562582048933e-14,-4.678824052645767042e-12
5.328312454549424046e+21,1.726788465039224285e-01,-4.674610159350323322e-12,1.741401676548597648e-14,-4.657196142584837330e-12
5.340601634977745994e+21,1.730771117180859298e-01,-4.653121557043333414e-12,1.745418032493154728e-14,-4.635667376718401762e-12
5.352919159080898003e+21,1.734762954881932107e-01,-4.631731735172221959e-12,1.749443651731351464e-14,-4.614237298654908189e-12
5.365265092230522077e+21,1.738763999327948839e-01,-4.610440239655593123e-12,1.753478555627979065e-14,-4.592905454099313108e-12
5.377639499949029720e+21,1.742774271753276816e-01,-4.589246618499413071e-12,1.757522765597104779e-14,-4.571671390843442266e-12
5.390042447909960548e+21,1.746793793441260845e-01,-4.568150421787395615e-12,1.761576303102186750e-14,-4.550534658756373876e-12
5.402474001938313642e+21,1.750822585724330360e-01,-4.547151201671480746e-12,1.765639189656182567e-14,-4.529494809774918772e-12
5.414934228010915594e+21,1.754860669984118771e-01,-4.526248512362290558e-12,1.769711446821671694e-14,-4.508551397894073901e-12
5.427423192256756056e+21,1.758908067651571705e-01,-4.505441910119699868e-12,1.773793096210962440e-14,-4.487703979157590528e-12
5.439940960957342155e+21,1.762964800207063032e-01,-4.484730953243402807e-12,1.777884159486209341e-14,-4.466952111648540821e-12
5.452487600547059204e+21,1.767030889180510878e-01,-4.464115202063522219e-12,1.781984658359530858e-14,-4.446295355479927255e-12
5.465063177613510443e+21,1.771106356151487538e-01,-4.443594218931300646e-12,1.786094614593119820e-14,-4.425733272785369552e-12
5.477667758897876697e+21,1.775191222749336883e-01,-4.423167568209794548e-12,1.790214049999361116e-14,-4.405265427709801332e-12
5.490301411295276040e+21,1.779285510653289826e-01,-4.402834816264622644e-12,1.794342986440950349e-14,-4.384891386400212790e-12
5.502964201855103533e+21,1.783389241592576169e-01,-4.382595531454778063e-12,1.798481445831003635e-14,-4.364610716996467705e-12
5.515656197781404516e+21,1.787502437346542850e-01,-4.362449284123446163e-12,1.802629450133179726e-14,-4.344422989622113978e-12
5.528377466433219592e+21,1.791625119744768846e-01,-4.342395646588892612e-12,1.806787021361792658e-14,-4.324327776375274950e-12
5.541128075324944286e+21,1.795757310667179529e-01,-4.322434193135388637e-12,1.810954181581930708e-14,-4.304324651319568999e-12
5.553908092126694998e+21,1.799899032044166014e-01,-4.302564500004155662e-12,1.815130952909574412e-14,-4.284413190475059823e-12
5.566717584664655036e+21,1.804050305856697289e-01,-4.282786145384393139e-12,1.819317357511709527e-14,-4.264592971809276205e-12
5.579556620921443713e+21,1.808211154136439847e-01,-4.263098709404311236e-12,1.823513417606449462e-14,-4.244863575228247114e-12
5.592425269036477055e+21,1.812381598965874807e-01,-4.243501774122211179e-12,1.827719155463151085e-14,-4.225224582567579630e-12
5.605323597306326417e+21,1.816561662478412831e-01,-4.223994923517623754e-12,1.831934593402533051e-14,-4.205675577583598253e-12
5.618251674185079194e+21,1.820751366858513465e-01,-4.204577743482480130e-12,1.836159753796793816e-14,-4.186216145944512491e-12
5.631209568284708962e+21,1.824950734341802827e-01,-4.185249821812305285e-12,1.840394659069732487e-14,-4.166845875221607869e-12
5.644197348375433052e+21,1.829159787215190458e-01,-4.166010748197483341e-12,1.844639331696864317e-14,-4.147564354880514487e-12
5.657215083386077446e+21,1.833378547816987558e-01,-4.146860114214541469e-12,1.848893794205541871e-14,-4.128371176272486085e-12
5.670262842404452172e+21,1.837607038537028559e-01,-4.127797513317470953e-12,1.853158069175077772e-14,-4.109265932625720298e-12
5.683340694677702574e+21,1.841845281816784918e-01,-4.108822540829115306e-12,1.857432179236856722e-14,-4.090248219036746770e-12
5.696448709612692046e+21,1.846093300149489191e-01,-4.089934793932559188e-12,1.861716147074464555e-14,-4.071317632461814457e-12
5.709586956776360641e+21,1.850351116080250768e-01,-4.071133871662590838e-12,1.866009995423802155e-14,-4.052473771708352444e-12
5.722755505896093123e+21,1.854618752206176890e-01,-4.052419374897189544e-12,1.870313747073207564e-14,-4.033716237426457414e-12
5.735954426860101698e+21,1.858896231176494218e-01,-4.033790906349039771e-12,1.874627424863580631e-14,-4.015044632100403741e-12
5.749183789717780431e+21,1.863183575692665128e-01,-4.015248070557115571e-12,1.878951051688497861e-14,-3.996458560040230315e-12
5.762443664680086929e+21,1.867480808508511503e-01,-3.996790473878272254e-12,1.883284650494339269e-14,-3.977957627373328991e-12
5.775734122119916683e+21,1.871787952430335744e-01,-3.978417724478891385e-12,1.887628244280408920e-14,-3.959541442036087157e-12
5.789055232572466921e+21,1.876105030317038458e-01,-3.960129432326568584e-12,1.891981856099053882e-14,-3.941209613765577960e-12
5.802407066735620391e+21,1.880432065080242798e-01,-3.941925209181830413e-12,1.896345509055791398e-14,-3.922961754091272345e-12
5.815789695470317601e+21,1.884769079684415483e-01,-3.923804668589885996e-12,1.900719226309427526e-14,-3.904797476326791481e-12
5.829203189800926970e+21,1.889116097146987527e-01,-3.905767425872439221e-12,1.905103031072182095e-14,-3.886716395561717353e-12
5.842647620915631751e+21,1.893473140538477206e-01,-3.887813098119505794e-12,1.909496946609811769e-14,-3.868718128653407386e-12
5.856123060166804374e+21,1.897840232982613839e-01,-3.869941304181288450e-12,1.913900996241732794e-14,-3.850802294218871277e-12
5.869629579071377637e+21,1.902217397656456865e-01,-3.852151664660096594e-12,1.918315203341145320e-14,-3.832968512626684976e-12
5.883167249311238980e+21,1.906604657790523794e-01,-3.834443801902273212e-12,1.922739591335158043e-14,-3.815216405988921644e-12
5.896736142733594329e+21,1.911002036668908444e-01,-3.816817339990197714e-12,1.927174183704910004e-14,-3.797545598153148832e-12
5.910336331351359226e+21,1.915409557629407511e-01,-3.799271904734294437e-12,1.931619003985697124e-14,-3.779955714694437797e-12
5.923967887343545745e+21,1.919827244063645189e-01,-3.781807123665081523e-12,1.936074075767099998e-14,-3.762446382907410766e-12
5.937630883055630549e+21,1.924255119417194460e-01,-3.764422626025286865e-12,1.940539422693101908e-14,-3.745017231798356070e-12
5.951325390999950197e+21,1.928693207189702830e-01,-3.747118042761956763e-12,1.945015068462220722e-14,-3.727667892077334379e-12
5.965051483856089121e+21,1.933141530935019170e-01,-3.729893006518621140e-12,1.949501036827632902e-14,-3.710397996150344726e-12
5.978809234471249773e+21,1.937600114261314455e-01,-3.712747151627515295e-12,1.953997351597297516e-14,-3.693207178111542218e-12
5.992598715860653179e+21,1.942068980831210268e-01,-3.695680114101796810e-12,1.958504036634084657e-14,-3.676095073735455758e-12
6.006420001207924818e+21,1.946548154361904259e-01,-3.678691531627824665e-12,1.963021115855901670e-14,-3.659061320469265535e-12
6.020273163865476301e+21,1.951037658625293658e-01,-3.661781043557471461e-12,1.967548613235820310e-14,-3.642105557425113637e-12
6.034158277354900685e+21,1.955537517448104889e-01,-3.644948290900462308e-12,1.972086552802203278e-14,-3.625227425372440111e-12
6.048075415367361495e+21,1.960047754712017087e-01,-3.628192916316756120e-12,1.976634958638832646e-14,-3.608426566730367895e-12
6.062024651763977552e+21,1.964568394353788938e-01,-3.611514564108964878e-12,1.981193854885035445e-14,-3.591702625560114400e-12
6.076006060576230867e+21,1.969099460365389409e-01,-3.594912880214785406e-12,1.985763265735816193e-14,-3.575055247557427336e-12
6.090019716006338888e+21,1.973640976794119595e-01,-3.578387512199507902e-12,1.990343215441980589e-14,-3.558484080045087979e-12
6.104065692427661345e+21,1.978192967742744279e-01,-3.561938109248515972e-12,1.994933728310265517e-14,-3.541988771965413238e-12
6.118144064385096614e+21,1.982755457369619334e-01,-3.545564322159840392e-12,1.999534828703471889e-14,-3.525568973872805771e-12
6.132254906595468640e+21,1.987328469888818283e-01,-3.529265803336755275e-12,2.004146541040587710e-14,-3.509224337926349350e-12
6.146398293947925398e+21,1.991912029570261644e-01,-3.513042206780395645e-12,2.008768889796921864e-14,-3.492954517882426436e-12
6.160574301504345735e+21,1.996506160739847102e-01,-3.496893188082402480e-12,2.013401899504233177e-14,-3.476759169087359984e-12
6.174783004499726303e+21,2.001110887779576353e-01,-3.480818404417623079e-12,2.018045594750860420e-14,-3.460637948470114626e-12
6.189024478342584205e+21,2.005726235127686108e-01,-3.464817514536833254e-12,2.022700000181852310e-14,-3.444590514535014819e-12
6.203298798615360700e+21,2.010352227278777160e-01,-3.448890178759482932e-12,2.027365140499098464e-14,-3.428616527354492064e-12
6.217606041074816516e+21,2.014988888783943444e-01,-3.433036058966498317e-12,2.032041040461460981e-14,-3.412715648561883836e-12
6.231946281652442890e+21,2.019636244250905821e-01,-3.417254818593087674e-12,2.036727724884906969e-14,-3.396887541344238563e-12
6.246319596454853738e+21,2.024294318344137533e-01,-3.401546122621612962e-12,2.041425218642636342e-14,-3.381131870435186447e-12
6.260726061764194599e+21,2.028963135784998539e-01,-3.385909637574471551e-12,2.046133546665218133e-14,-3.365448302107819568e-12
6.275165754038553674e+21,2.033642721351867910e-01,-3.370345031507007835e-12,2.050852733940721448e-14,-3.349836504167600671e-12
6.289638749912355045e+21,2.038333099880270671e-01,-3.354851974000482201e-12,2.055582805514845784e-14,-3.334296145945333746e-12
6.304145126196771815e+21,2.043034296263013250e-01,-3.339430136155048871e-12,2.060323786491057027e-14,-3.318826898290138241e-12
6.318684959880139244e+21,2.047746335450315591e-01,-3.324079190582768094e-12,2.065075702030720301e-14,-3.303428433562460843e-12
6.333258328128355303e+21,2.052469242449941889e-01,-3.308798811400664766e-12,2.069838577353231545e-14,-3.288100425627132492e-12
6.347865308285288579e+21,2.057203042327333253e-01,-3.293588674223811303e-12,2.074612437736152253e-14,-3.272842549846449626e-12
6.362505977873199792e+21,2.061947760205743441e-01,-3.278448456158430690e-12,2.079397308515344841e-14,-3.257654483073277241e-12
6.377180414593141309e+21,2.066703421266368190e-01,-3.263377835795053266e-12,2.084193215085106125e-14,-3.242535903644202038e-12
6.391888696325379719e+21,2.071470050748483172e-01,-3.248376493201685210e-12,2.089000182898301739e-14,-3.227486491372702113e-12
6.406630901129798484e+21,2.076247673949574157e-01,-3.233444109917023478e-12,2.093818237466501508e-14,-3.212505927542358274e-12
6.421407107246319469e+21,2.081036316225472194e-01,-3.218580368943691747e-12,2.098647404360114813e-14,-3.197593894900090775e-12
6.436217393095320273e+21,2.085836002990491544e-01,-3.203784954741508259e-12,2.103487709208527538e-14,-3.182750077649423138e-12
6.451061837278043177e+21,2.090646759717559588e-01,-3.189057553220792448e-12,2.108339177700236494e-14,-3.167974161443789979e-12
6.465940518577012474e+21,2.095468611938353931e-01,-3.174397851735699025e-12,2.113201835582984152e-14,-3.153265833379869079e-12
6.480853515956464386e+21,2.100301585243440627e-01,-3.159805539077567816e-12,2.118075708663900643e-14,-3.138624781990928800e-12
6.495800908562751816e+21,2.105145705282405744e-01,-3.145280305468332576e-12,2.122960822809636285e-14,-3.124050697240236086e-12
6.510782775724770066e+21,2.110000997763993302e-01,-3.130821842553938270e-12,2.127857203946499472e-14,-3.109543270514473348e-12
6.525799196954382565e+21,2.114867488456243227e-01,-3.116429843397790686e-12,2.132764878060595205e-14,-3.095102194617184835e-12
6.540850251946830856e+21,2.119745203186624849e-01,-3.102104002474252072e-12,2.137683871197961717e-14,-3.080727163762272282e-12
6.555936020581173953e+21,2.124634167842177623e-01,-3.087844015662140423e-12,2.142614209464712785e-14,-3.066417873567493380e-12
6.571056582920696234e+21,2.129534408369645193e-01,-3.073649580238286111e-12,2.147555919027168683e-14,-3.052174021048014377e-12
6.586212019213340508e+21,2.134445950775614720e-01,-3.059520394871101046e-12,2.152509026112002592e-14,-3.037995304609980843e-12
6.601402409892136878e+21,2.139368821126655940e-01,-3.045456159614175694e-12,2.157473557006375969e-14,-3.023881424044111872e-12
6.616627835575623221e+21,2.144303045549457443e-01,-3.031456575899920940e-12,2.162449538058078651e-14,-3.009832080519340318e-12
6.631888377068271960e+21,2.149248650230965729e-01,-3.017521346533226904e-12,2.167436995675667374e-14,-2.995846976576470410e-12
6.647184115360928367e+21,2.154205661418525930e-01,-3.003650175685148824e-12,2.172435956328611245e-14,-2.981925816121862822e-12
6.662515131631231042e+21,2.159174105420019196e-01,-2.989842768886633328e-12,2.177446446547423952e-14,-2.968068304421158924e-12
6.677881507244044976e+21,2.164154008604002311e-01,-2.976098833022265303e-12,2.182468492923811437e-14,-2.954274148093027252e-12
6.693283323751899857e+21,2.169145397399850073e-01,-2.962418076324040615e-12,2.187502122110810739e-14,-2.940543055102932586e-12
6.708720662895409496e+21,2.174148298297891579e-01,-2.948800208365183256e-12,2.192547360822929463e-14,-2.926874734756953914e-12
6.724193606603722719e+21,2.179162737849555387e-01,-2.935244940053965725e-12,2.197604235836291878e-14,-2.913268897695602784e-12
6.739702236994940699e+21,2.184188742667506344e-01,-2.921751983627584741e-12,2.202672773988775859e-14,-2.899725255887697004e-12
6.755246636376564695e+21,2.189226339425787982e-01,-2.908321052646046242e-12,2.207753002180158991e-14,-2.886243522624244832e-12
6.770826887245932265e+21,2.194275554859967392e-01,-2.894951861986081494e-12,2.212844947372262138e-14,-2.872823412512359062e-12
6.786443072290648228e+21,2.199336415767272068e-01,-2.881644127835100749e-12,2.217948636589087332e-14,-2.859464641469209879e-12
6.802095274389027160e+21,2.204408949006734508e-01,-2.868397567685167515e-12,2.223064096916967350e-14,-2.846166926715997914e-12
6.817783576610537996e+21,2.209493181499336267e-01,-2.855211900326994628e-12,2.228191355504705177e-14,-2.832929986771947491e-12
6.833508062216237089e+21,2.214589140228147568e-01,-2.842086845843981119e-12,2.233330439563720737e-14,-2.819753541448343896e-12
6.849268814659211756e+21,2.219696852238472740e-01,-2.829022125606271297e-12,2.238481376368192572e-14,-2.806637311842589229e-12
6.865065917585029071e+21,2.224816344637993992e-01,-2.816017462264829987e-12,2.243644193255205203e-14,-2.793581020332278049e-12
6.880899454832172073e+21,2.229947644596912693e-01,-2.803072579745565832e-12,2.248818917624893645e-14,-2.780584390569317035e-12
6.896769510432494846e+21,2.235090779348098133e-01,-2.790187203243461462e-12,2.254005576940588247e-14,-2.767647147474055564e-12
6.912676168611651387e+21,2.240245776187226312e-01,-2.777361059216750511e-12,2.259204198728959208e-14,-2.754769017229461112e-12
6.928619513789560127e+21,2.245412662472929255e-01,-2.764593875381098680e-12,2.264414810580164884e-14,-2.741949727275297082e-12
6.944599630580845380e+21,2.250591465626939347e-01,-2.751885380703830029e-12,2.269637440147998514e-14,-2.729189006302349908e-12
6.960616603795284034e+21,2.255782213134233105e-01,-2.739235305398172662e-12,2.274872115150033060e-14,-2.716486584246672315e-12
6.976670518438254346e+21,2.260984932543177728e-01,-2.726643380917533892e-12,2.280118863367766983e-14,-2.703842192283856062e-12
6.992761459711199412e+21,2.266199651465680143e-01,-2.714109339949789144e-12,2.285377712646777600e-14,-2.691255562823321241e-12
7.008889513012061274e+21,2.271426397577328837e-01,-2.701632916411621739e-12,2.290648690896862448e-14,-2.678726429502653250e-12
7.025054763935744393e+21,2.276665198617543462e-01,-2.689213845442865116e-12,2.295931826092189799e-14,-2.666254527181943382e-12
7.041257298274575974e+21,2.281916082389723044e-01,-2.676851863400878158e-12,2.301227146271449803e-14,-2.653839591938163758e-12
7.057497202018745319e+21,2.287179076761390595e-01,-2.664546707854956881e-12,2.306534679537997750e-14,-2.641481361059576992e-12
7.073774561356772540e+21,2.292454209664342712e-01,-2.652298117580756619e-12,2.311854454060008682e-14,-2.629179573040156358e-12
7.090089462675964690e+21,2.297741509094799461e-01,-2.640105832554747324e-12,2.317186498070623492e-14,-2.616933967574041092e-12
7.106441992562867700e+21,2.303041003113548701e-01,-2.627969593948697959e-12,2.322530839868100387e-14,-2.604744285550017144e-12
7.122832237803731943e+21,2.308352719846099577e-01,-2.615889144124176629e-12,2.327887507815963190e-14,-2.592610269046016912e-12
7.139260285384971518e+21,2.313676687482828231e-01,-2.603864226627083035e-12,2.333256530343154698e-14,-2.580531661323651690e-12
7.155726222493621420e+21,2.319012934279129079e-01,-2.591894586182207578e-12,2.338637935944184039e-14,-2.568508206822765930e-12
7.172230136517812552e+21,2.324361488555565791e-01,-2.579979968687803390e-12,2.344031753179283184e-14,-2.556539651156010482e-12
7.188772115047219462e+21,2.329722378698019236e-01,-2.568120121210201582e-12,2.349438010674551465e-14,-2.544625741103456228e-12
7.205352245873532207e+21,2.335095633157838746e-01,-2.556314791978441439e-12,2.354856737122112715e-14,-2.532766224607220236e-12
7.221970616990933451e+21,2.340481280451995882e-01,-2.544563730378911917e-12,2.360287961280267994e-14,-2.520960850766109278e-12
7.238627316596540965e+21,2.345879349163230987e-01,-2.532866686950052925e-12,2.365731711973642948e-14,-2.509209369830316669e-12
7.255322433090898362e+21,2.351289867940208334e-01,-2.521223413377041252e-12,2.371188018093345893e-14,-2.497511533196107790e-12
7.272056055078435422e+21,2.356712865497668508e-01,-2.509633662486527391e-12,2.376656908597120229e-14,-2.485867093400556104e-12
7.288828271367933657e+21,2.362148370616577175e-01,-2.498097188241388917e-12,2.382138412509494947e-14,-2.474275804116294110e-12
7.305639170973009707e+21,2.367596412144283013e-01,-2.486613745735502045e-12,2.387632558921943988e-14,-2.462737420146282479e-12
7.322488843112574616e+21,2.373057018994665923e-01,-2.475183091188548324e-12,2.393139376993035173e-14,-2.451251697418617960e-12
7.339377377211310932e+21,2.378530220148292185e-01,-2.463804981940840720e-12,2.398658895948586713e-14,-2.439818392981355017e-12
7.356304862900161348e+21,2.384016044652571276e-01,-2.452479176448158584e-12,2.404191145081827511e-14,-2.428437264997340397e-12
7.373271390016779583e+21,2.389514521621904641e-01,-2.441205434276641182e-12,2.409736153753542940e-14,-2.417108072739105851e-12
7.390277048606027416e+21,2.395025680237844179e-01,-2.429983516097666291e-12,2.415293951392238924e-14,-2.405830576583743899e-12
7.407321928920445485e+21,2.400549549749246558e-01,-2.418813183682775227e-12,2.420864567494294665e-14,-2.394604538007832461e-12
7.424406121420729352e+21,2.406086159472426433e-01,-2.407694199898618488e-12,2.426448031624119152e-14,-2.383429719582377262e-12
7.441529716776210792e+21,2.411635538791313538e-01,-2.396626328701920368e-12,2.432044373414307040e-14,-2.372305884967777260e-12
7.458692805865348530e+21,2.417197717157610060e-01,-2.385609335134460541e-12,2.437653622565801470e-14,-2.361232798908802589e-12
7.475895479776193806e+21,2.422772724090943297e-01,-2.374642985318100073e-12,2.443275808848043005e-14,-2.350210227229619769e-12
7.493137829806888452e+21,2.428360589179026086e-01,-2.363727046449803798e-12,2.448910962099135295e-14,-2.339237936828812461e-12
7.510419947466143039e+21,2.433961342077811396e-01,-2.352861286796702679e-12,2.454559112225999690e-14,-2.328315695674442619e-12
7.527741924473718178e+21,2.439575012511649432e-01,-2.342045475691180806e-12,2.460220289204532697e-14,-2.317443272799135469e-12
7.545103852760923636e+21,2.445201630273448890e-01,-2.331279383525965629e-12,2.465894523079770695e-14,-2.306620438295167724e-12
7.562505824471094395e+21,2.450841225224830444e-01,-2.320562781749263831e-12,2.471581843966042974e-14,-2.295846963309603449e-12
7.579947931960081383e+21,2.456493827296287735e-01,-2.309895442859908907e-12,2.477282282047133293e-14,-2.285122620039437612e-12
7.597430267796753744e+21,2.462159466487347514e-01,-2.299277140402522886e-12,2.482995867576445544e-14,-2.274447181726758608e-12
7.614952924763471741e+21,2.467838172866725355e-01,-2.288707648962720061e-12,2.488722630877155522e-14,-2.263820422653948351e-12
7.632515995856590078e+21,2.473529976572486910e-01,-2.278186744162315555e-12,2.494462602342376908e-14,-2.253242118138891657e-12
7.650119574286953873e+21,2.479234907812210287e-01,-2.267714202654561767e-12,2.500215812435324088e-14,-2.242712044530208640e-12
7.667763753480385200e+21,2.484952996863142027e-01,-2.257289802119408641e-12,2.505982291689469923e-14,-2.232229979202513778e-12
7.685448627078181159e+21,2.490684274072359761e-01,-2.246913321258786960e-12,2.511762070708708572e-14,-2.221795700551700010e-12
7.703174288937618244e+21,2.496428769856935681e-01,-2.236584539791901738e-12,2.517555180167520836e-14,-2.211408987990226476e-12
7.720940833132438880e+21,2.502186514704092812e-01,-2.226303238450565997e-12,2.523361650811132879e-14,-2.201069621942454715e-12
7.738748353953362084e+21,2.507957539171372652e-01,-2.216069198974537783e-12,2.529181513455684411e-14,-2.190777383839980838e-12
7.756596945908574192e+21,2.513741873886792266e-01,-2.205882204106893121e-12,2.535014798988386145e-14,-2.180532056117009285e-12
7.774486703724232180e+21,2.519539549549008051e-01,-2.195742037589412304e-12,2.540861538367687352e-14,-2.170333422205735484e-12
7.792417722344976417e+21,2.525350596927483093e-01,-2.185648484157983143e-12,2.546721762623441835e-14,-2.160181266531748697e-12
7.810390096934420349e+21,2.531175046862643718e-01,-2.175601329538039762e-12,2.552595502857067283e-14,-2.150075374509469193e-12
7.828403922875663254e+21,2.537012930266047128e-01,-2.165600360440009061e-12,2.558482790241716293e-14,-2.140015532537591895e-12
7.846459295771798798e+21,2.542864278120546273e-01,-2.155645364554781828e-12,2.564383656022437297e-14,-2.130001527994557480e-12
7.864556311446414164e+21,2.548729121480450832e-01,-2.145736130549209689e-12,2.570298131516342118e-14,-2.120033149234046106e-12
7.882695065944105943e+21,2.554607491471694303e-01,-2.135872448061615797e-12,2.576226248112773208e-14,-2.110110185580488099e-12
7.900875655530990797e+21,2.560499419292000534e-01,-2.126054107697327329e-12,2.582168037273468994e-14,-2.100232427324592813e-12
7.919098176695201432e+21,2.566404936211044152e-01,-2.116280901024239490e-12,2.588123530532728905e-14,-2.090399665718912230e-12
7.937362726147424518e+21,2.572324073570623759e-01,-2.106552620568375068e-12,2.594092759497585977e-14,-2.080611692973399306e-12
7.955669400821390377e+21,2.578256862784822356e-01,-2.096869059809494482e-12,2.600075755847969674e-14,-2.070868302251014788e-12
7.974018297874396217e+21,2.584203335340174990e-01,-2.087230013176707442e-12,2.606072551336875651e-14,-2.061169287663338872e-12
7.992409514687828328e+21,2.590163522795840279e-01,-2.077635276044101982e-12,2.612083177790535515e-14,-2.051514444266196599e-12
8.010843148867667493e+21,2.596137456783761954e-01,-2.068084644726411047e-12,2.618107667108583433e-14,-2.041903568055325253e-12
8.029319298245012226e+21,2.602125169008839833e-01,-2.058577916474681104e-12,2.624146051264227160e-14,-2.032336455962038936e-12
8.047838060876604113e+21,2.608126691249099682e-01,-2.049114889471969433e-12,2.630198362304418743e-14,-2.022812905848925448e-12
8.066399535045334270e+21,2.614142055355857530e-01,-2.039695362829063627e-12,2.636264632350020188e-14,-2.013332716505563365e-12
8.085003819260772876e+21,2.620171293253890643e-01,-2.030319136580213209e-12,2.642344893595978266e-14,-2.003895687644253259e-12
8.103651012259701850e+21,2.626214436941610719e-01,-2.020986011678881853e-12,2.648439178311495543e-14,-1.994501619895767084e-12
8.122341213006616068e+21,2.632271518491226536e-01,-2.011695789993531102e-12,2.654547518840196667e-14,-1.985150314805129069e-12
8.141074520694272819e+21,2.638342570048921032e-01,-2.002448274303403689e-12,2.660669947600306654e-14,-1.975841574827400658e-12
8.159851034744199315e+21,2.644427623835017283e-01,-1.993243268294343607e-12,2.666806497084817496e-14,-1.966575203323495321e-12
8.178670854807224320e+21,2.650526712144149477e-01,-1.984080576554630317e-12,2.672957199861662968e-14,-1.957351004556013583e-12
8.197534080764023407e+21,2.656639867345439998e-01,-1.974960004570819420e-12,2.679122088573892182e-14,-1.948168783685080451e-12
8.216440812725628568e+21,2.662767121882664290e-01,-1.965881358723624123e-12,2.685301195939843452e-14,-1.939028346764225676e-12
8.235391151033960890e+21,2.668908508274425162e-01,-1.956844446283805587e-12,2.691494554753311211e-14,-1.929929500736272485e-12
8.254385196262382109e+21,2.675064059114328763e-01,-1.947849075408069740e-12,2.697702197883730613e-14,-1.920872053429232371e-12
8.273423049216207356e+21,2.681233807071153330e-01,-1.938895055135007711e-12,2.703924158276344134e-14,-1.911855813552244320e-12
8.292504810933249376e+21,2.687417784889023498e-01,-1.929982195381034243e-12,2.710160468952379542e-14,-1.902880590691510394e-12
8.311630582684358541e+21,2.693616025387586821e-01,-1.921110306936355188e-12,2.716411163009225023e-14,-1.893946195306262821e-12
8.330800465973948187e+21,2.699828561462183640e-01,-1.912279201460950756e-12,2.722676273620602099e-14,-1.885052438724744823e-12
8.350014562540543017e+21,2.706055426084024162e-01,-1.903488691480577335e-12,2.728955834036746122e-14,-1.876199133140210013e-12
8.369272974357322269e+21,2.712296652300364985e-01,-1.894738590382785075e-12,2.735249877584580765e-14,-1.867386091606939166e-12
8.388575803632648192e+21,2.718552273234680627e-01,-1.886028712412960502e-12,2.741558437667892524e-14,-1.858613128036281630e-12
8.407923152810620748e+21,2.724822322086842830e-01,-1.877358872670379239e-12,2.747881547767512467e-14,-1.849880057192704000e-12
8.427315124571613430e+21,2.731106832133294304e-01,-1.868728887104283357e-12,2.754219241441490101e-14,-1.841186694689868283e-12
8.446751821832818524e+21,2.737405836727225816e-01,-1.860138572509975697e-12,2.760571552325273231e-14,-1.832532856986722981e-12
8.466233347748804952e+21,2.743719369298756039e-01,-1.851587746524922666e-12,2.766938514131887508e-14,-1.823918361383603876e-12
8.485759805712045703e+21,2.750047463355103639e-01,-1.843076227624894601e-12,2.773320160652111867e-14,-1.815343026018373583e-12
8.505331299353480921e+21,2.756390152480769351e-01,-1.834603835120104111e-12,2.779716525754660599e-14,-1.806806669862557467e-12
8.524947932543072600e+21,2.762747470337714728e-01,-1.826170389151369061e-12,2.786127643386365419e-14,-1.798309112717505416e-12
8.544609809390334116e+21,2.769119450665535886e-01,-1.817775710686302810e-12,2.792553547572348071e-14,-1.789850175210579254e-12
8.564317034244903797e+21,2.775506127281647251e-01,-1.809419621515506076e-12,2.798994272416208388e-14,-1.781429678791343995e-12
8.584069711697093329e+21,2.781907534081460298e-01,-1.801101944248784033e-12,2.805449852100203526e-14,-1.773047445727781919e-12
8.603867946578434064e+21,2.788323705038560640e-01,-1.792822502311386643e-12,2.811920320885425296e-14,-1.764703299102532289e-12
8.623711843962246398e+21,2.794754674204892320e-01,-1.784581119940252211e-12,2.818405713111987286e-14,-1.756397062809132287e-12
8.643601509164188172e+21,2.801200475710936000e-01,-1.776377622180282244e-12,2.824906063199204718e-14,-1.748128561548290257e-12
8.663537047742811472e+21,2.807661143765888268e-01,-1.768211834880626008e-12,2.831421405645774622e-14,-1.739897620824168236e-12
8.683518565500140388e+21,2.814136712657849815e-01,-1.760083584690978408e-12,2.837951775029966432e-14,-1.731704066940678835e-12
8.703546168482209989e+21,2.820627216754000299e-01,-1.751992699057908363e-12,2.844497206009797104e-14,-1.723547726997810373e-12
8.723619962979636740e+21,2.827132690500782641e-01,-1.743939006221191224e-12,2.851057733323218243e-14,-1.715428428887959099e-12
8.743740055528198373e+21,2.833653168424090651e-01,-1.735922335210158961e-12,2.857633391788303844e-14,-1.707346001292275941e-12
8.763906552909370753e+21,2.840188685129444446e-01,-1.727942515840079424e-12,2.864224216303427949e-14,-1.699300273677045170e-12
8.784119562150917177e+21,2.846739275302179739e-01,-1.719999378708535821e-12,2.870830241847456809e-14,-1.691291076290061241e-12
8.804379190527453561e+21,2.853304973707631587e-01,-1.712092755191831831e-12,2.877451503479932535e-14,-1.683318240157032499e-12
8.824685545561002082e+21,2.859885815191314240e-01,-1.704222477441417113e-12,2.884088036341255480e-14,-1.675381597078004470e-12
8.845038735021583630e+21,2.866481834679113216e-01,-1.696388378380316664e-12,2.890739875652876091e-14,-1.667480979623787998e-12
8.865438866927769354e+21,2.873093067177463489e-01,-1.688590291699590862e-12,2.897407056717476031e-14,-1.659616221132416064e-12
8.885886049547269964e+21,2.879719547773539889e-01,-1.680828051854799551e-12,2.904089614919161294e-14,-1.651787155705607869e-12
8.906380391397508252e+21,2.886361311635444182e-01,-1.673101494062487937e-12,2.910787585723650264e-14,-1.643993618205251498e-12
8.926922001246179033e+21,2.893018394012386030e-01,-1.665410454296694702e-12,2.917501004678452952e-14,-1.636235444249910216e-12
8.947510988111842640e+21,2.899690830234874506e-01,-1.657754769285464147e-12,2.924229907413068521e-14,-1.628512470211333405e-12
8.968147461264506880e+21,2.906378655714907389e-01,-1.650134276507378138e-12,2.930974329639173983e-14,-1.620824533210986481e-12
8.988831530226189074e+21,2.913081905946153238e-01,-1.642548814188113491e-12,2.937734307150809109e-14,-1.613171471116605456e-12
9.009563304771508503e+21,2.919800616504143465e-01,-1.634998221297002583e-12,2.944509875824568910e-14,-1.605553122538756951e-12
9.030342894928275702e+21,2.926534823046462730e-01,-1.627482337543613163e-12,2.951301071619794857e-14,-1.597969326827415164e-12
9.051170410978059747e+21,2.933284561312933802e-01,-1.620001003374351371e-12,2.958107930578764210e-14,-1.590419924068563691e-12
9.072045963456789086e+21,2.940049867125811289e-01,-1.612554059969068808e-12,2.964930488826882494e-14,-1.582904755080799964e-12
9.092969663155325108e+21,2.946830776389968154e-01,-1.605141349237696254e-12,2.971768782572872832e-14,-1.575423661411967557e-12
9.113941621120058786e+21,2.953627325093088896e-01,-1.597762713816883047e-12,2.978622848108972212e-14,-1.567976485335793343e-12
9.134961948653501022e+21,2.960439549305860507e-01,-1.590417997066658270e-12,2.985492721811120180e-14,-1.560563069848547069e-12
9.156030757314865660e+21,2.967267485182162323e-01,-1.583107043067106683e-12,2.992378440139153849e-14,-1.553183258665715056e-12
9.177148158920666120e+21,2.974111168959258089e-01,-1.575829696615056764e-12,2.999280039637001009e-14,-1.545836896218686842e-12
9.198314265545315189e+21,2.980970636957991360e-01,-1.568585803220785520e-12,3.006197556932875771e-14,-1.538523827651456750e-12
9.219529189521702781e+21,2.987845925582972573e-01,-1.561375209104742684e-12,3.013131028739467885e-14,-1.531243898817348087e-12
9.240793043441807262e+21,2.994737071322777222e-01,-1.554197761194282582e-12,3.020080491854142803e-14,-1.523996956275741179e-12
9.262105940157294182e+21,3.001644110750139038e-01,-1.547053307120413166e-12,3.027045983159136679e-14,-1.516782847288821793e-12
9.283467992780100338e+21,3.008567080522139836e-01,-1.539941695214566257e-12,3.034027539621748856e-14,-1.509601419818348756e-12
9.304879314683044037e+21,3.015506017380408799e-01,-1.532862774505376064e-12,3.041025198294537500e-14,-1.502452522522430657e-12
9.326340019500437471e+21,3.022460958151317323e-01,-1.525816394715468604e-12,3.048038996315525969e-14,-1.495336004752313250e-12
9.347850221128658190e+21,3.029431939746168312e-01,-1.518802406258283243e-12,3.055068970908382039e-14,-1.488251716549199372e-12
9.369410033726792925e+21,3.036418999161402121e-01,-1.511820660234883722e-12,3.062115159382635002e-14,-1.481199508641057353e-12
9.391019571717213258e+21,3.043422173478783632e-01,-1.504871008430807163e-12,3.069177599133860571e-14,-1.474179232439468601e-12
9.412678949786191135e+21,3.050441499865602646e-01,-1.497953303312915485e-12,3.076256327643880940e-14,-1.467190740036476600e-12
9.434388282884522770e+21,3.057477015574874835e-01,-1.491067398026257333e-12,3.083351382480973037e-14,-1.460233884201447622e-12
9.456147686228116898e+21,3.064528757945533255e-01,-1.484213146390958879e-12,3.090462801300054703e-14,-1.453308518377958301e-12
9.477957275298610282e+21,3.071596764402628188e-01,-1.477390402899117855e-12,3.097590621842891682e-14,-1.446414496680688856e-12
9.499817165844000014e+21,3.078681072457529755e-01,-1.470599022711709906e-12,3.104734881938301466e-14,-1.439551673892326822e-12
9.521727473879231758e+21,3.085781719708122761e-01,-1.463838861655521801e-12,3.111895619502344515e-14,-1.432719905460498438e-12
9.543688315686828900e+21,3.092898743839005427e-01,-1.457109776220084244e-12,3.119072872538531252e-14,-1.425919047494698837e-12
9.565699807817517498e+21,3.100032182621695331e-01,-1.450411623554626891e-12,3.126266679138027803e-14,-1.419148956763246657e-12
9.587762067090817679e+21,3.107182073914822040e-01,-1.443744261465051148e-12,3.133477077479846578e-14,-1.412409490690252601e-12
9.609875210595704242e+21,3.114348455664336379e-01,-1.437107548410899934e-12,3.140704105831063372e-14,-1.405700507352589395e-12
9.632039355691183374e+21,3.121531365903703059e-01,-1.430501343502367228e-12,3.147947802547005426e-14,-1.399021865476897105e-12
9.654254620006944866e+21,3.128730842754108843e-01,-1.423925506497296512e-12,3.155208206071466001e-14,-1.392373424436581770e-12
9.676521121443989160e+21,3.135946924424664051e-01,-1.417379897798205261e-12,3.162485354936906952e-14,-1.385755044248836267e-12
9.698838978175227134e+21,3.143179649212602400e-01,-1.410864378449326806e-12,3.169779287764657525e-14,-1.379166585571680149e-12
9.721208308646130221e+21,3.150429055503486397e-01,-1.404378810133655423e-12,3.177090043265123876e-14,-1.372607909701004127e-12
9.743629231575353262e+21,3.157695181771411619e-01,-1.397923055170010810e-12,3.184417660237994810e-14,-1.366078878567630919e-12
9.766101865955355263e+21,3.164978066579208771e-01,-1.391496976510117515e-12,3.191762177572443723e-14,-1.359579354734393052e-12
9.788626331053049512e+21,3.172277748578650192e-01,-1.385100437735692024e-12,3.199123634247341916e-14,-1.353109201393218548e-12
9.811202746410418045e+21,3.179594266510655798e-01,-1.378733303055550464e-12,3.206502069331458015e-14,-1.346668282362235790e-12
9.833831231845153374e+21,3.186927659205494034e-01,-1.372395437302722958e-12,3.213897521983668128e-14,-1.340256462082886264e-12
9.856511907451298120e+21,3.194277965582994483e-01,-1.366086705931586764e-12,3.221310031453166621e-14,-1.333873605617055079e-12
9.879244893599880446e+21,3.201645224652749366e-01,-1.359806975015006088e-12,3.228739637079671863e-14,-1.327519578644209356e-12
9.902030310939543208e+21,3.209029475514321716e-01,-1.353556111241495304e-12,3.236186378293631321e-14,-1.321194247458559035e-12
9.924868280397202457e+21,3.216430757357456316e-01,-1.347333981912381184e-12,3.243650294616439289e-14,-1.314897478966216873e-12
9.947758923178672390e+21,3.223849109462281759e-01,-1.341140454938992581e-12,3.251131425660639470e-14,-1.308629140682386117e-12
9.970702360769313374e+21,3.231284571199523059e-01,-1.334975398839853950e-12,3.258629811130136387e-14,-1.302389100728552605e-12
9.993698714934690447e+21,3.238737182030710926e-01,-1.328838682737889982e-12,3.266145490820410584e-14,-1.296177227829685971e-12
1.001674810772119408e+22,3.246206981508388267e-01,-1.322730176357655679e-12,3.273678504618723735e-14,-1.289993391311468504e-12
1.003985066145671125e+22,3.253694009276321686e-01,-1.316649750022562387e-12,3.281228892504335101e-14,-1.283837461097518967e-12
1.006300649875125882e+22,3.261198305069712977e-01,-1.310597274652131507e-12,3.288796694548711056e-14,-1.277709307706644479e-12
1.008621574249764618e+22,3.268719908715408962e-01,-1.304572621759248799e-12,3.296381950915738391e-14,-1.271608802250091396e-12
1.010947851587211284e+22,3.276258860132110207e-01,-1.298575663447442320e-12,3.303984701861936995e-14,-1.265535816428823045e-12
1.013279494233500366e+22,3.283815199330589185e-01,-1.292606272408160971e-12,3.311604987736676317e-14,-1.259490222530794227e-12
1.015616514563140223e+22,3.291388966413896222e-01,-1.286664321918077271e-12,3.319242848982384887e-14,-1.253471893428253391e-12
1.017958924979179985e+22,3.298980201577576543e-01,-1.280749685836394781e-12,3.326898326134768671e-14,-1.247480702575047025e-12
1.020306737913275194e+22,3.306588945109881772e-01,-1.274862238602170467e-12,3.334571459823025013e-14,-1.241516524003940205e-12
1.022659965825753022e+22,3.314215237391982538e-01,-1.269001855231650199e-12,3.342262290770055943e-14,-1.235579232323949665e-12
1.025018621205680017e+22,3.321859118898186636e-01,-1.263168411315613326e-12,3.349970859792689686e-14,-1.229668702717686359e-12
1.027382716570927104e+22,3.329520630196150521e-01,-1.257361783016732605e-12,3.357697207801892711e-14,-1.223784810938713773e-12
1.029752264468235446e+22,3.337199811947094141e-01,-1.251581847066948877e-12,3.365441375802986193e-14,-1.217927433308918958e-12
1.032127277473285433e+22,3.344896704906020757e-01,-1.245828480764846338e-12,3.373203404895870050e-14,-1.212096446715887612e-12
1.034507768190760858e+22,3.352611349921930106e-01,-1.240101561973055486e-12,3.380983336275233094e-14,-1.206291728610303180e-12
1.036893749254416866e+22,3.360343787938032678e-01,-1.234400969115656467e-12,3.388781211230775809e-14,-1.200513157003348791e-12
1.039285233327147686e+22,3.368094059991974532e-01,-1.228726581175597973e-12,3.396597071147431227e-14,-1.194760610464123730e-12
1.041682233101052281e+22,3.375862207216047683e-01,-1.223078277692130681e-12,3.404430957505578241e-14,-1.189033968117074860e-12
1.044084761297503545e+22,3.383648270837413263e-01,-1.217455938758246343e-12,3.412282911881270686e-14,-1.183333109639433693e-12
1.046492830667214160e+22,3.391452292178316341e-01,-1.211859445018135663e-12,3.420152975946449387e-14,-1.177657915258671232e-12
1.048906453990304750e+22,3.399274312656308528e-01,-1.206288677664653842e-12,3.428041191469167459e-14,-1.172008265749962110e-12
1.051325644076373089e+22,3.407114373784467798e-01,-1.200743518436794809e-12,3.435947600313814339e-14,-1.166384042433656596e-12
1.053750413764559530e+22,3.414972517171614985e-01,-1.195223849617187064e-12,3.443872244441330994e-14,-1.160785127172773811e-12
1.056180775923616842e+22,3.422848784522537491e-01,-1.189729554029590728e-12,3.451815165909438997e-14,-1.155211402370496357e-12
1.058616743451979625e+22,3.430743217638214104e-01,-1.184260515036407114e-12,3.459776406872864574e-14,-1.149662750967678474e-12
1.061058329277829113e+22,3.438655858416028166e-01,-1.178816616536210515e-12,3.467756009583552535e-14,-1.144139056440375002e-12
1.063505546359165315e+22,3.446586748849996829e-01,-1.173397742961277165e-12,3.475754016390902305e-14,-1.138640202797368117e-12
1.065958407683874331e+22,3.454535931030993101e-01,-1.168003779275132978e-12,3.483770469741985647e-14,-1.133166074577713052e-12
1.068416926269797355e+22,3.462503447146966229e-01,-1.162634610970113404e-12,3.491805412181776383e-14,-1.127716556848295735e-12
1.070881115164799664e+22,3.470489339483168734e-01,-1.157290124064931368e-12,3.499858886353370007e-14,-1.122291535201397693e-12
1.073350987446840459e+22,3.478493650422379568e-01,-1.151970205102256311e-12,3.507930934998217192e-14,-1.116890895752274088e-12
1.075826556224041229e+22,3.486516422445126717e-01,-1.146674741146308781e-12,3.516021600956344039e-14,-1.111514525136745278e-12
1.078307834634756424e+22,3.494557698129918122e-01,-1.141403619780460079e-12,3.524130927166585578e-14,-1.106162310508794236e-12
1.080794835847642664e+22,3.502617520153462616e-01,-1.136156729104846435e-12,3.532258956666809176e-14,-1.100834139538178311e-12
1.083287573061728154e+22,3.510695931290898075e-01,-1.130933957733995310e-12,3.540405732594142360e-14,-1.095529900408053912e-12
1.085786059506484196e+22,3.518792974416020680e-01,-1.125735194794457150e-12,3.548571298185209471e-14,-1.090249481812605023e-12
1.088290308441893555e+22,3.526908692501508624e-01,-1.120560329922455505e-12,3.556755696776349395e-14,-1.084992772954691923e-12
1.090800333158521556e+22,3.535043128619150266e-01,-1.115409253261543430e-12,3.564958971803853481e-14,-1.079759663543504945e-12
1.093316146977588222e+22,3.543196325940079494e-01,-1.110281855460267134e-12,3.573181166804197782e-14,-1.074550043792225112e-12
1.095837763251036226e+22,3.551368327734995556e-01,-1.105178027669850446e-12,3.581422325414266460e-14,-1.069363804415707782e-12
1.098365195361602817e+22,3.559559177374396755e-01,-1.100097661541882302e-12,3.589682491371586550e-14,-1.064200836628166506e-12
1.100898456722892810e+22,3.567768918328814709e-01,-1.095040649226012108e-12,3.597961708514567147e-14,-1.059061032140866373e-12
1.103437560779445895e+22,3.575997594169035843e-01,-1.090006883367667928e-12,3.606260020782717757e-14,-1.053944283159840782e-12
1.105982521006812142e+22,3.584245248566343967e-01,-1.084996257105770427e-12,3.614577472216897580e-14,-1.048850482383601546e-12
1.108533350911619734e+22,3.592511925292740105e-01,-1.080008664070470444e-12,3.622914106959534498e-14,-1.043779523000875055e-12
1.111090064031649838e+22,3.600797668221183967e-01,-1.075043998380884745e-12,3.631269969254871830e-14,-1.038731298688336008e-12
1.113652673935906439e+22,3.609102521325823765e-01,-1.070102154642852781e-12,3.639645103449192369e-14,-1.033705703608360939e-12
1.116221194224688903e+22,3.617426528682228248e-01,-1.065183027946698495e-12,3.648039553991063244e-14,-1.028702632406787806e-12
1.118795638529664326e+22,3.625769734467620409e-01,-1.060286513865001618e-12,3.656453365431564373e-14,-1.023721980210686069e-12
1.121376020513940308e+22,3.634132182961117286e-01,-1.055412508450381084e-12,3.664886582424530804e-14,-1.018763642626135870e-12
1.123962353872136254e+22,3.642513918543957563e-01,-1.050560908233290764e-12,3.673339249726784322e-14,-1.013827515736022958e-12
1.126554652330456148e+22,3.650914985699739712e-01,-1.045731610219821661e-12,3.681811412198371369e-14,-1.008913496097837853e-12
1.129152929646764045e+22,3.659335429014662910e-01,-1.040924511889511174e-12,3.690303114802811697e-14,-1.004021480741483089e-12
1.131757199610652865e+22,3.667775293177755747e-01,-1.036139511193174778e-12,3.698814402607319243e-14,-9.991513671671016678e-13
1.134367476043521144e+22,3.676234622981120470e-01,-1.031376506550733059e-12,3.707345320783056464e-14,-9.943030533429024758e-13
1.136983772798644545e+22,3.684713463320164473e-01,-1.026635396849058138e-12,3.715895914605365942e-14,-9.894764377030044847e-13
1.139606103761249056e+22,3.693211859193842317e-01,-1.021916081439827562e-12,3.724466229454011461e-14,-9.846714191452874154e-13
1.142234482848587108e+22,3.701729855704896099e-01,-1.017218460137384664e-12,3.733056310813425397e-14,-9.798878970292504794e-13
1.144868924010008465e+22,3.710267498060090263e-01,-1.012542433216615277e-12,3.741666204272939690e-14,-9.751257711738858617e-13
1.147509441227035718e+22,3.718824831570453071e-01,-1.007887901410829700e-12,3.750295955527037023e-14,-9.703849418555592728e-13
1.150156048513438948e+22,3.727401901651521410e-01,-1.003254765909653140e-12,3.758945610375586848e-14,-9.656653098058973666e-13
1.152808759915308909e+22,3.735998753823574492e-01,-9.986429283569313138e-13,3.767615214724092770e-14,-9.609667762096903041e-13
1.155467589511132112e+22,3.744615433711880326e-01,-9.940522908486408799e-13,3.776304814583932365e-14,-9.562892427028015878e-13
1.158132551411866534e+22,3.753251987046938298e-01,-9.894827559308089712e-13,3.785014456072608348e-14,-9.516326113700829445e-13
1.160803659761013962e+22,3.761908459664717319e-01,-9.849342265974504922e-13,3.793744185413980820e-14,-9.469967847433106146e-13
1.163480928734698222e+22,3.770584897506905619e-01,-9.804066062885007738e-13,3.802494048938528534e-14,-9.423816657991155831e-13
1.166164372541738163e+22,3.779281346621147786e-01,-9.758997988877718553e-13,3.811264093083581136e-14,-9.377871579569360250e-13
1.168854005423723145e+22,3.787997853161293449e-01,-9.714137087209109881e-13,3.820054364393570972e-14,-9.332131650769752027e-13
1.171549841655090643e+22,3.796734463387643199e-01,-9.669482405533649965e-13,3.828864909520284890e-14,-9.286595914581621917e-13
1.174251895543199433e+22,3.805491223667188394e-01,-9.625032995883658415e-13,3.837695775223102162e-14,-9.241263418361348199e-13
1.176960181428406347e+22,3.814268180473862069e-01,-9.580787914649135612e-13,3.846547008369246288e-14,-9.196133213812211930e-13
1.179674713684144711e+22,3.823065380388787071e-01,-9.536746222557711247e-13,3.855418655934043109e-14,-9.151204356964307126e-13
1.182395506716996272e+22,3.831882870100517535e-01,-9.492906984654774620e-13,3.864310765001153683e-14,-9.106475908154658937e-13
1.185122574966771522e+22,3.840720696405289791e-01,-9.449269270283560509e-13,3.873223382762835552e-14,-9.061946932007277207e-13
1.187855932906584146e+22,3.849578906207273277e-01,-9.405832153065422852e-13,3.882156556520191394e-14,-9.017616497413403902e-13
1.190595595042928827e+22,3.858457546518814230e-01,-9.362594710880162951e-13,3.891110333683416406e-14,-8.973483677511821121e-13
1.193341575915757791e+22,3.867356664460688265e-01,-9.319556025846454619e-13,3.900084761772054531e-14,-8.929547549669248977e-13
1.196093890098558193e+22,3.876276307262351839e-01,-9.276715184302360197e-13,3.909079888415246470e-14,-8.885807195460835361e-13
1.198852552198428872e+22,3.885216522262188166e-01,-9.234071276785933410e-13,3.918095761351985278e-14,-8.842261700650734567e-13
1.201617576856159414e+22,3.894177356907764231e-01,-9.191623398015900985e-13,3.927132428431370061e-14,-8.798910155172763663e-13
1.204388978746306278e+22,3.903158858756078931e-01,-9.149370646872461397e-13,3.936189937612857144e-14,-8.755751653111175998e-13
1.207166772577270183e+22,3.912161075473812866e-01,-9.107312126378164397e-13,3.945268336966515039e-14,-8.712785292681512451e-13
1.209950973091377263e+22,3.921184054837591471e-01,-9.065446943678822847e-13,3.954367674673285708e-14,-8.670010176211494087e-13
1.212741595064953314e+22,3.930227844734225373e-01,-9.023774210024618434e-13,3.963487999025228802e-14,-8.627425410122095554e-13
1.215538653308405154e+22,3.939292493160973518e-01,-8.982293040751191216e-13,3.972629358425787342e-14,-8.585030104908612418e-13
1.218342162666298435e+22,3.948378048225797410e-01,-8.941002555260867512e-13,3.981791801390044576e-14,-8.542823375121862802e-13
1.221152138017435235e+22,3.957484558147610909e-01,-8.899901877003989775e-13,3.990975376544973259e-14,-8.500804339349492008e-13
1.223968594274934587e+22,3.966612071256541139e-01,-8.858990133460276754e-13,4.000180132629702603e-14,-8.458972120197306431e-13
1.226791546386311545e+22,3.975760635994184389e-01,-8.818266456120312904e-13,4.009406118495773868e-14,-8.417325844270735706e-13
1.229621009333554774e+22,3.984930300913860357e-01,-8.777729980467125642e-13,4.018653383107394690e-14,-8.375864642156385731e-13
1.232456998133208344e+22,3.994121114680874163e-01,-8.737379845957806029e-13,4.027921975541708558e-14,-8.334587648403635110e-13
1.235299527836449951e+22,4.003333126072770032e-01,-8.697215196005260709e-13,4.037211944989048508e-14,-8.293494001506355795e-13
1.238148613529170608e+22,4.012566383979591644e-01,-8.657235177960028478e-13,4.046523340753195241e-14,-8.252582843884709459e-13
1.241004270332057066e+22,4.021820937404146923e-01,-8.617438943092147337e-13,4.055856212251651649e-14,-8.211853321866982236e-13
1.243866513400668776e+22,4.031096835462258943e-01,-8.577825646573182095e-13,4.065210609015892720e-14,-8.171304585671593138e-13
1.246735357925519471e+22,4.040394127383031275e-01,-8.538394447458277214e-13,4.074586580691628074e-14,-8.130935789389114596e-13
1.249610819132160213e+22,4.049712862509113331e-01,-8.499144508668266205e-13,4.083984177039078383e-14,-8.090746090964358619e-13
1.252492912281256355e+22,4.059053090296953492e-01,-8.460074996971953681e-13,4.093403447933224014e-14,-8.050734652178631595e-13
1.255381652668670385e+22,4.068414860317066672e-01,-8.421185082968409535e-13,4.102844443364078294e-14,-8.010900638632001201e-13
1.258277055625544755e+22,4.077798222254300775e-01,-8.382473941069328748e-13,4.112307213436955093e-14,-7.971243219725632987e-13
1.261179136518379274e+22,4.087203225908090931e-01,-8.343940749481565880e-13,4.121791808372725041e-14,-7.931761568644293565e-13
1.264087910749116878e+22,4.096629921192734836e-01,-8.305584690189633214e-13,4.131298278508091951e-14,-7.892454862338824523e-13
1.267003393755222272e+22,4.106078358137648099e-01,-8.267404948938367525e-13,4.140826674295853452e-14,-7.853322281508781928e-13
1.269925601009764768e+22,4.115548586887634031e-01,-8.229400715215643301e-13,4.150377046305171733e-14,-7.814363010585126317e-13
1.272854548021502385e+22,4.125040657703152869e-01,-8.191571182235136442e-13,4.159949445221843644e-14,-7.775576237712952078e-13
1.275790250334960484e+22,4.134554620960581572e-01,-8.153915546919242459e-13,4.169543921848563229e-14,-7.736961154734386452e-13
1.278732723530516713e+22,4.144090527152485826e-01,-8.116433009881997699e-13,4.179160527105197516e-14,-7.698516957171477442e-13
1.281681983224484253e+22,4.153648426887888712e-01,-8.079122775412106589e-13,4.188799312029057250e-14,-7.660242844209200864e-13
1.284638045069192567e+22,4.163228370892536057e-01,-8.041984051456067842e-13,4.198460327775161320e-14,-7.622138018678552215e-13
1.287600924753071073e+22,4.172830410009165103e-01,-8.005016049601364270e-13,4.208143625616510653e-14,-7.584201687039713268e-13
1.290570638000734706e+22,4.182454595197782066e-01,-7.968217985059681886e-13,4.217849256944370309e-14,-7.546433059365244918e-13
1.293547200573063614e+22,4.192100977535920814e-01,-7.931589076650311760e-13,4.227577273268525703e-14,-7.508831349323458747e-13
1.296530628267290395e+22,4.201769608218925423e-01,-7.895128546783513515e-13,4.237327726217567861e-14,-7.471395774161756287e-13
1.299520936917080421e+22,4.211460538560211631e-01,-7.858835621444048454e-13,4.247100667539160362e-14,-7.434125554690132860e-13
1.302518142392619080e+22,4.221173819991546616e-01,-7.822709530174719758e-13,4.256896149100320183e-14,-7.397019915264687487e-13
1.305522260600694610e+22,4.230909504063320448e-01,-7.786749506060023748e-13,4.266714222887690320e-14,-7.360078083771254969e-13
1.308533307484781989e+22,4.240667642444816421e-01,-7.750954785709877902e-13,4.276554941007813056e-14,-7.323299291609096533e-13
1.311551299025127657e+22,4.250448286924487507e-01,-7.715324609243415498e-13,4.286418355687408900e-14,-7.286682773674674292e-13
1.314576251238836758e+22,4.260251489410234460e-01,-7.679858220272823690e-13,4.296304519273657419e-14,-7.250227768345458012e-13
1.317608180179953674e+22,4.270077301929673386e-01,-7.644554865887342126e-13,4.306213484234466716e-14,-7.213933517463895454e-13
1.320647101939551148e+22,4.279925776630418843e-01,-7.609413796637227232e-13,4.316145303158758053e-14,-7.177799266321351427e-13
1.323693032645814596e+22,4.289796965780359739e-01,-7.574434266517862920e-13,4.326100028756745415e-14,-7.141824263642188189e-13
1.326745988464126198e+22,4.299690921767932994e-01,-7.539615532953933883e-13,4.336077713860211306e-14,-7.106007761567912500e-13
1.329805985597152349e+22,4.309607697102402768e-01,-7.504956856783646368e-13,4.346078411422786946e-14,-7.070349015641368115e-13
1.332873040284929648e+22,4.319547344414144674e-01,-7.470457502243036776e-13,4.356102174520241309e-14,-7.034847284791013087e-13
1.335947168804949616e+22,4.329509916454915563e-01,-7.436116736950368128e-13,4.366149056350749342e-14,-6.999501831315293004e-13
1.339028387472246990e+22,4.339495466098142740e-01,-7.401933831890559837e-13,4.376219110235189201e-14,-6.964311920867040475e-13
1.342116712639485287e+22,4.349504046339198182e-01,-7.367908061399726544e-13,4.386312389617415515e-14,-6.929276822437984677e-13
1.345212160697042574e+22,4.359535710295680544e-01,-7.334038703149778540e-13,4.396428948064540223e-14,-6.894395808343324518e-13
1.348314748073101020e+22,4.369590511207702699e-01,-7.300325038133062585e-13,4.406568839267229812e-14,-6.859668154206339162e-13
1.351424491233732041e+22,4.379668502438166522e-01,-7.266766350647125908e-13,4.416732117039978581e-14,-6.825093138943127797e-13
1.354541406682983537e+22,4.389769737473050437e-01,-7.233361928279513532e-13,4.426918835321397050e-14,-6.790670044747373637e-13
1.357665510962970073e+22,4.399894269921694745e-01,-7.200111061892625177e-13,4.437129048174504152e-14,-6.756398157075174573e-13
1.360796820653956766e+22,4.410042153517080843e-01,-7.167013045608699386e-13,4.447362809787003649e-14,-6.722276764629999021e-13
1.363935352374450088e+22,4.420213442116119884e-01,-7.134067176794796640e-13,4.457620174471579484e-14,-6.688305159347638755e-13
1.367081122781286367e+22,4.430408189699941990e-01,-7.101272756047886483e-13,4.467901196666185449e-14,-6.654482636381267749e-13
1.370234148569717146e+22,4.440626450374172696e-01,-7.068629087180026526e-13,4.478205930934323496e-14,-6.620808494086593924e-13
1.373394446473502078e+22,4.450868278369233266e-01,-7.036135477203540448e-13,4.488534431965349185e-14,-6.587282034007005845e-13
1.376562033264993658e+22,4.461133728040616586e-01,-7.003791236316345433e-13,4.498886754574747465e-14,-6.553902560858870876e-13
1.379736925755228029e+22,4.471422853869180813e-01,-6.971595677887298796e-13,4.509262953704426768e-14,-6.520669382516856561e-13
1.382919140794015574e+22,4.481735710461441924e-01,-6.939548118441595094e-13,4.519663084423021296e-14,-6.487581809999293407e-13
1.386108695270027742e+22,4.492072352549856817e-01,-6.907647877646296526e-13,4.530087201926168070e-14,-6.454639157453680035e-13
1.389305606110887857e+22,4.502432834993116417e-01,-6.875894278295866356e-13,4.540535361536809853e-14,-6.421840742142185308e-13
1.392509890283262548e+22,4.512817212776442100e-01,-6.844286646297784133e-13,4.551007618705488606e-14,-6.389185884427235273e-13
1.395721564792947737e+22,4.523225541011866579e-01,-6.812824310658276015e-13,4.561504029010628848e-14,-6.356673907757213193e-13
1.398940646684963216e+22,4.533657874938535892e-01,-6.781506603468019852e-13,4.572024648158848149e-14,-6.324304138652135353e-13
1.402167153043641362e+22,4.544114269923000271e-01,-6.750332859887993657e-13,4.582569531985246170e-14,-6.292075906689469229e-13
1.405401100992716053e+22,4.554594781459502806e-01,-6.719302418135371522e-13,4.593138736453691179e-14,-6.259988544490002151e-13
1.408642507695417459e+22,4.565099465170283644e-01,-6.688414619469440755e-13,4.603732317657136224e-14,-6.228041387703727132e-13
1.411891390354559494e+22,4.575628376805865871e-01,-6.657668808177652290e-13,4.614350331817903124e-14,-6.196233774995861978e-13
1.415147766212631881e+22,4.586181572245353610e-01,-6.627064331561690291e-13,4.624992835287980973e-14,-6.164565048032892635e-13
1.418411652551894316e+22,4.596759107496735663e-01,-6.596600539923593242e-13,4.635659884549332852e-14,-6.133034551468659956e-13
1.421683066694464753e+22,4.607361038697173061e-01,-6.566276786551993190e-13,4.646351536214191805e-14,-6.101641632930573694e-13
1.424962026002412523e+22,4.617987422113301044e-01,-6.536092427708379215e-13,4.657067847025355561e-14,-6.070385643005843659e-13
1.428248547877851654e+22,4.628638314141530485e-01,-6.506046822613412393e-13,4.667808873856499555e-14,-6.039265935227762374e-13
1.431542649763032308e+22,4.639313771308343215e-01,-6.476139333433341739e-13,4.678574673712469747e-14,-6.008281866062094765e-13
1.434844349140431798e+22,4.650013850270591220e-01,-6.446369325266469631e-13,4.689365303729585552e-14,-5.977432794893511265e-13
1.438153663532851056e+22,4.660738607815803625e-01,-6.416736166129644482e-13,4.700180821175948439e-14,-5.946718084012049196e-13
1.441470610503503761e+22,4.671488100862480342e-01,-6.387239226944878639e-13,4.711021283451739803e-14,-5.916137098599704407e-13
1.444795207656111971e+22,4.682262386460398496e-01,-6.357877881525968288e-13,4.721886748089530201e-14,-5.885689206717014826e-13
1.448127472634999026e+22,4.693061521790916624e-01,-6.328651506565212318e-13,4.732777272754584170e-14,-5.855373779289754091e-13
1.451467423125182244e+22,4.703885564167271660e-01,-6.299559481620181673e-13,4.743692915245159356e-14,-5.825190190095665548e-13
1.454815076852468548e+22,4.714734571034892574e-01,-6.270601189100535150e-13,4.754633733492826484e-14,-5.795137815751252817e-13
1.458170451583546950e+22,4.725608599971696244e-01,-6.241776014254926078e-13,4.765599785562764703e-14,-5.765216035698649103e-13
1.461533565126082927e+22,4.736507708688396656e-01,-6.213083345157941302e-13,4.776591129654072712e-14,-5.735424232192533968e-13
1.464904435328814678e+22,4.747431955028815209e-01,-6.184522572697110856e-13,4.787607824100084307e-14,-5.705761790287102614e-13
1.468283080081645607e+22,4.758381396970179367e-01,-6.156093090559978214e-13,4.798649927368668148e-14,-5.676228097823111904e-13
1.471669517315740166e+22,4.769356092623436294e-01,-6.127794295221238199e-13,4.809717498062544564e-14,-5.646822545414983932e-13
1.475063765003620110e+22,4.780356100233562056e-01,-6.099625585929903164e-13,4.820810594919596680e-14,-5.617544526437943937e-13
1.478465841159258243e+22,4.791381478179866371e-01,-6.071586364696569132e-13,4.831929276813177758e-14,-5.588393437015251104e-13
1.481875763838173839e+22,4.802432284976302923e-01,-6.043676036280727383e-13,4.843073602752424848e-14,-5.559368676005484898e-13
1.485293551137531206e+22,4.813508579271786325e-01,-6.015894008178091180e-13,4.854243631882577487e-14,-5.530469644989833431e-13
1.488719221196232170e+22,4.824610419850493548e-01,-5.988239690608063862e-13,4.865439423485285040e-14,-5.501695748259535295e-13
1.492152792195014853e+22,4.835737865632185328e-01,-5.960712496501185732e-13,4.876661036978921613e-14,-5.473046392803293129e-13
1.495594282356548882e+22,4.846890975672511481e-01,-5.933311841486685960e-13,4.887908531918907908e-14,-5.444520988294795233e-13
1.499043709945532278e+22,4.858069809163326758e-01,-5.906037143880077900e-13,4.899181967998017933e-14,-5.416118947080276548e-13
1.502501093268789605e+22,4.869274425433010034e-01,-5.878887824670793790e-13,4.910481405046704011e-14,-5.387839684166123073e-13
1.505966450675367385e+22,4.880504883946769623e-01,-5.851863307509917401e-13,4.921806903033411696e-14,-5.359682617206576232e-13
1.509439800556631831e+22,4.891761244306965795e-01,-5.824963018697935864e-13,4.933158522064892158e-14,-5.331647166491446332e-13
1.512921161346368458e+22,4.903043566253427743e-01,-5.798186387172551073e-13,4.944536322386533509e-14,-5.303732754933897722e-13
1.516410551520876456e+22,4.914351909663763895e-01,-5.771532844496582981e-13,4.955940364382667509e-14,-5.275938808058316735e-13
1.519907989599069562e+22,4.925686334553686097e-01,-5.745001824845874906e-13,4.967370708576897101e-14,-5.248264753988184691e-13
1.523413494142574002e+22,4.937046901077328243e-01,-5.718592764997293762e-13,4.978827415632421425e-14,-5.220710023434051872e-13
1.526927083755824323e+22,4.948433669527557144e-01,-5.692305104316788848e-13,4.990310546352343785e-14,-5.193274049681554911e-13
1.530448777086167207e+22,4.959846700336306702e-01,-5.666138284747447609e-13,5.001820161680012440e-14,-5.165956268579446302e-13
1.533978592823955004e+22,4.971286054074883776e-01,-5.640091750797697816e-13,5.013356322699328574e-14,-5.138756118527765274e-13
1.537516549702647651e+22,4.982751791454298473e-01,-5.614164949529488531e-13,5.024919090635078880e-14,-5.111673040465980390e-13
1.541062666498913337e+22,4.994243973325586672e-01,-5.588357330546548829e-13,5.036508526853260570e-14,-5.084706477861223025e-13
1.544616962032724764e+22,5.005762660680127540e-01,-5.562668345982719223e-13,5.048124692861400076e-14,-5.057855876696579405e-13
1.548179455167462533e+22,5.017307914649973277e-01,-5.537097450490304286e-13,5.059767650308890681e-14,-5.031120685459414966e-13
1.551750164810011823e+22,5.028879796508166633e-01,-5.511644101228517168e-13,5.071437460987306174e-14,-5.004500355129786551e-13
1.555329109910865786e+22,5.040478367669072313e-01,-5.486307757851934203e-13,5.083134186830741000e-14,-4.977994339168859662e-13
1.558916309464225363e+22,5.052103689688703936e-01,-5.461087882499025253e-13,5.094857889916135277e-14,-4.951602093507411536e-13
1.562511782508097438e+22,5.063755824265040451e-01,-5.435983939780760786e-13,5.106608632463596647e-14,-4.925323076534400869e-13
1.566115548124399901e+22,5.075434833238364751e-01,-5.410995396769214923e-13,5.118386476836741700e-14,-4.899156749085540564e-13
1.569727625439061266e+22,5.087140778591591195e-01,-5.386121722986262384e-13,5.130191485543022871e-14,-4.873102574431960349e-13
1.573348033622119232e+22,5.098873722450580903e-01,-5.361362390392341068e-13,5.142023721234052194e-14,-4.847160018268936038e-13
1.576976791887828484e+22,5.110633727084491484e-01,-5.336716873375194444e-13,5.153883246705949030e-14,-4.821328548704599604e-13
1.580613919494758623e+22,5.122420854906096777e-01,-5.312184648738749240e-13,5.165770124899666340e-14,-4.795607636248782543e-13
1.584259435745894203e+22,5.134235168472109923e-01,-5.287765195692014341e-13,5.177684418901311279e-14,-4.769996753801883465e-13
1.587913359988743366e+22,5.146076730483534201e-01,-5.263457995837991803e-13,5.189626191942503652e-14,-4.744495376643741753e-13
1.591575711615435774e+22,5.157945603785981659e-01,-5.239262533162698939e-13,5.201595507400698403e-14,-4.719102982422629351e-13
1.595246510062828310e+22,5.169841851370016172e-01,-5.215178294024194442e-13,5.213592428799523875e-14,-4.693819051144242560e-13
1.598925774812603849e+22,5.181765536371470970e-01,-5.191204767141707504e-13,5.225617019809111876e-14,-4.668643065160796822e-13
1.602613525391380316e+22,5.193716722071806124e-01,-5.167341443584741691e-13,5.237669344246451081e-14,-4.643574509160096267e-13
1.606309781370811764e+22,5.205695471898432736e-01,-5.143587816762291905e-13,5.249749466075715833e-14,-4.618612870154720385e-13
1.610014562367690297e+22,5.217701849425043781e-01,-5.119943382412101746e-13,5.261857449408602515e-14,-4.593757637471242000e-13
1.613727888044052814e+22,5.229735918371961612e-01,-5.096407638589938028e-13,5.273993358504676014e-14,-4.569008302739470489e-13
1.617449778107286710e+22,5.241797742606478794e-01,-5.072980085658934971e-13,5.286157257771715560e-14,-4.544364359881763667e-13
1.621180252310228435e+22,5.253887386143178961e-01,-5.049660226279012110e-13,5.298349211766037842e-14,-4.519825305102408326e-13
1.624919330451275278e+22,5.266004913144297639e-01,-5.026447565396288157e-13,5.310569285192861148e-14,-4.495390636877001790e-13
1.628667032374487495e+22,5.278150387920054198e-01,-5.003341610232577667e-13,5.322817542906639841e-14,-4.471059855941913746e-13
1.632423377969689815e+22,5.290323874928981596e-01,-4.980341870274960400e-13,5.335094049911398202e-14,-4.446832465283820769e-13
1.636188387172585308e+22,5.302525438778292743e-01,-4.957447857265313330e-13,5.347398871361095838e-14,-4.422707970129203999e-13
1.639962079964855009e+22,5.314755144224205807e-01,-4.934659085189987044e-13,5.359732072559960889e-14,-4.398685877933991208e-13
1.643744476374263398e+22,5.327013056172285044e-01,-4.911975070269488193e-13,5.372093718962830819e-14,-4.374765698373204922e-13
1.647535596474769762e+22,5.339299239677802733e-01,-4.889395330948180129e-13,5.384483876175519080e-14,-4.350946943330628221e-13
1.651335460386631791e+22,5.351613759946072246e-01,-4.866919387884078453e-13,5.396902609955147694e-14,-4.327229126888563431e-13
1.655144088276509183e+22,5.363956682332786663e-01,-4.844546763938693005e-13,5.409349986210493720e-14,-4.303611765317643823e-13
1.658961500357576675e+22,5.376328072344385145e-01,-4.822276984166863811e-13,5.421826071002353394e-14,-4.280094377066628661e-13
1.662787716889629531e+22,5.388727995638391555e-01,-4.800109575806688897e-13,5.434330930543887333e-14,-4.256676482752300227e-13
1.666622758179185885e+22,5.401156518023749742e-01,-4.778044068269516744e-13,5.446864631200958170e-14,-4.233357605149420927e-13
1.670466644579602085e+22,5.413613705461195469e-01,-4.756079993129916516e-13,5.459427239492504156e-14,-4.210137269180666164e-13
1.674319396491177755e+22,5.426099624063597249e-01,-4.734216884115745233e-13,5.472018822090884996e-14,-4.187015001906656670e-13
1.678181034361260029e+22,5.438614340096293853e-01,-4.712454277098278548e-13,5.484639445822218222e-14,-4.163990332516056979e-13
1.682051578684359102e+22,5.451157919977469568e-01,-4.690791710082313262e-13,5.497289177666764155e-14,-4.141062792315637035e-13
1.685931050002251619e+22,5.463730430278489481e-01,-4.669228723196389986e-13,5.509968084759256598e-14,-4.118231914720464578e-13
1.689819468904094132e+22,5.476331937724264742e-01,-4.647764858683009757e-13,5.522676234389277068e-14,-4.095497235244081861e-13
1.693716856026526070e+22,5.488962509193588968e-01,-4.626399660888948591e-13,5.535413694001592431e-14,-4.072858291488789411e-13
1.697623232053785500e+22,5.501622211719513489e-01,-4.605132676255549822e-13,5.548180531196529137e-14,-4.050314623135896972e-13
1.701538617717817554e+22,5.514311112489695965e-01,-4.583963453309103285e-13,5.560976813730333571e-14,-4.027865771936069865e-13
1.705463033798379491e+22,5.527029278846743443e-01,-4.562891542651290122e-13,5.573802609515506533e-14,-4.005511281699739469e-13
1.709396501123158141e+22,5.539776778288592052e-01,-4.541916496949599832e-13,5.586657986621198926e-14,-3.983250698287479876e-13
1.713339040567877278e+22,5.552553678468855614e-01,-4.521037870927854846e-13,5.599543013273550022e-14,-3.961083569600499655e-13
1.717290673056405416e+22,5.565360047197173143e-01,-4.500255221356769952e-13,5.612457757856052232e-14,-3.939009445571164919e-13
1.721251419560872405e+22,5.578195952439588545e-01,-4.479568107044519280e-13,5.625402288909920291e-14,-3.917027878153527440e-13
1.725221301101778069e+22,5.591061462318903663e-01,-4.458976088827378014e-13,5.638376675134455398e-14,-3.895138421313932537e-13
1.729200338748101257e+22,5.603956645115026891e-01,-4.438478729560416108e-13,5.651380985387396732e-14,-3.873340631021676435e-13
1.733188553617416231e+22,5.616881569265357310e-01,-4.418075594108195532e-13,5.664415288685303891e-14,-3.851634065239665143e-13
1.737185966876003821e+22,5.629836303365137740e-01,-4.397766249335532647e-13,5.677479654203918506e-14,-3.830018283915140985e-13
1.741192599738958584e+22,5.642820916167808898e-01,-4.377550264098335806e-13,5.690574151278515758e-14,-3.808492848970484356e-13
1.745208473470308555e+22,5.655835476585391319e-01,-4.357427209234412161e-13,5.703698849404297545e-14,-3.787057324293982659e-13
1.749233609383125765e+22,5.668880053688848397e-01,-4.337396657554369885e-13,5.716853818236748418e-14,-3.765711275730695169e-13
1.753268028839635085e+22,5.681954716708434994e-01,-4.317458183832571895e-13,5.730039127591997195e-14,-3.744454271073371923e-13
1.757311753251333551e+22,5.695059535034088238e-01,-4.297611364798077459e-13,5.743254847447201290e-14,-3.723285880053357457e-13
1.761364804079102145e+22,5.708194578215786130e-01,-4.277855779125666596e-13,5.756501047940917798e-14,-3.702205674331574816e-13
1.765427202833316105e+22,5.721359915963907250e-01,-4.258191007426914463e-13,5.769777799373459427e-14,-3.681213227489568646e-13
1.769498971073964671e+22,5.734555618149618228e-01,-4.238616632241259179e-13,5.783085172207289558e-14,-3.660308115020530097e-13
1.773580130410762024e+22,5.747781754805233456e-01,-4.219132238027158000e-13,5.796423237067380707e-14,-3.639489914320420181e-13
1.777670702503263889e+22,5.761038396124592564e-01,-4.199737411153255609e-13,5.809792064741598224e-14,-3.618758204679095660e-13
1.781770709060978475e+22,5.774325612463420132e-01,-4.180431739889621072e-13,5.823191726181062540e-14,-3.598112567271514692e-13
1.785880171843487269e+22,5.787643474339717597e-01,-4.161214814398985804e-13,5.836622292500544225e-14,-3.577552585148931381e-13
1.789999112660558492e+22,5.800992052434128521e-01,-4.142086226728046655e-13,5.850083834978835073e-14,-3.557077843230163022e-13
1.794127553372258881e+22,5.814371417590306068e-01,-4.123045570798827577e-13,5.863576425059111605e-14,-3.536687928292916416e-13
1.798265515889076155e+22,5.827781640815304920e-01,-4.104092442400029155e-13,5.877100134349335183e-14,-3.516382428965095510e-13
1.802413022172031641e+22,5.841222793279947645e-01,-4.085226439178462973e-13,5.890655034622625609e-14,-3.496160935716200412e-13
1.806570094232796240e+22,5.854694946319201065e-01,-4.066447160630512728e-13,5.904241197817630951e-14,-3.476023040848749633e-13
1.810736754133808710e+22,5.868198171432560395e-01,-4.047754208093629175e-13,5.917858696038921333e-14,-3.455968338489737168e-13
1.814913023988394571e+22,5.881732540284433375e-01,-4.029147184737850816e-13,5.931507601557376433e-14,-3.435996424582113299e-13
1.819098925960877677e+22,5.895298124704501097e-01,-4.010625695557415977e-13,5.945187986810547720e-14,-3.416106896876361331e-13
1.823294482266704577e+22,5.908894996688122125e-01,-3.992189347362338025e-13,5.958899924403063618e-14,-3.396299354922031411e-13
1.827499715172559015e+22,5.922523228396705530e-01,-3.973837748770079538e-13,5.972643487107010679e-14,-3.376573400059378344e-13
1.831714646996477490e+22,5.936182892158080593e-01,-3.955570510197250717e-13,5.986418747862304670e-14,-3.356928635411020124e-13
1.835939300107974450e+22,5.949874060466906478e-01,-3.937387243851314349e-13,6.000225779777100773e-14,-3.337364665873604525e-13
1.840173696928156379e+22,5.963596805985040827e-01,-3.919287563722369543e-13,6.014064656128169720e-14,-3.317881098109552445e-13
1.844417859929838820e+22,5.977351201541919457e-01,-3.901271085574966757e-13,6.027935450361275181e-14,-3.298477540538839113e-13
1.848671811637671572e+22,5.991137320134960476e-01,-3.883337426939926872e-13,6.041838236091590282e-14,-3.279153603330767718e-13
1.852935574628255505e+22,6.004955234929943986e-01,-3.865486207106231951e-13,6.055773087104069949e-14,-3.259908898395824830e-13
1.857209171530257688e+22,6.018805019261386224e-01,-3.847717047112962958e-13,6.069740077353835872e-14,-3.240743039377579244e-13
1.861492625024540371e+22,6.032686746632955899e-01,-3.830029569741218285e-13,6.083739280966590498e-14,-3.221655641644559109e-13
1.865785957844275692e+22,6.046600490717846110e-01,-3.812423399506129725e-13,6.097770772239000736e-14,-3.202646322282229525e-13
1.870089192775065430e+22,6.060546325359162934e-01,-3.794898162648894596e-13,6.111834625639079129e-14,-3.183714700084986809e-13
1.874402352655065573e+22,6.074524324570329536e-01,-3.777453487128825034e-13,6.125930915806600378e-14,-3.164860395548164870e-13
1.878725460375106067e+22,6.088534562535473649e-01,-3.760089002615457869e-13,6.140059717553485042e-14,-3.146083030860109239e-13
1.883058538878812029e+22,6.102577113609820580e-01,-3.742804340480693281e-13,6.154221105864202171e-14,-3.127382229894272811e-13
1.887401611162723497e+22,6.116652052320080690e-01,-3.725599133790977876e-13,6.168415155896154272e-14,-3.108757618201362575e-13
1.891754700276422096e+22,6.130759453364861278e-01,-3.708473017299495857e-13,6.182641942980098877e-14,-3.090208823001485843e-13
1.896117829322651206e+22,6.144899391615054052e-01,-3.691425627438424798e-13,6.196901542620532243e-14,-3.071735473176371700e-13
1.900491021457435079e+22,6.159071942114221487e-01,-3.674456602311228795e-13,6.211194030496088200e-14,-3.053337199261619723e-13
1.904874299890206559e+22,6.173277180079016491e-01,-3.657565581684960190e-13,6.225519482459945836e-14,-3.035013633438965354e-13
1.909267687883931229e+22,6.187515180899572087e-01,-3.640752206982606235e-13,6.239877974540244752e-14,-3.016764409528581633e-13
1.913671208755222754e+22,6.201786020139889999e-01,-3.624016121275510973e-13,6.254269582940456145e-14,-2.998589162981465232e-13
1.918084885874475847e+22,6.216089773538260310e-01,-3.607356969275759265e-13,6.268694384039814467e-14,-2.980487530871778071e-13
1.922508742665987477e+22,6.230426517007658926e-01,-3.590774397328645629e-13,6.283152454393725113e-14,-2.962459151889273244e-13
1.926942802608076410e+22,6.244796326636135042e-01,-3.574268053405188008e-13,6.297643870734141812e-14,-2.944503666331773953e-13
1.931387089233213653e+22,6.259199278687235246e-01,-3.557837587094629937e-13,6.312168709970003338e-14,-2.926620716097629730e-13
1.935841626128147022e+22,6.273635449600400982e-01,-3.541482649597001267e-13,6.326727049187631097e-14,-2.908809944678238284e-13
1.940306436934021100e+22,6.288104915991364896e-01,-3.525202893715737959e-13,6.341318965651131761e-14,-2.891070997150624909e-13
1.944781545346508521e+22,6.302607754652572725e-01,-3.508997973850285727e-13,6.355944536802817576e-14,-2.873403520170004222e-13
1.949266975115934958e+22,6.317144042553586303e-01,-3.492867545988766282e-13,6.370603840263617828e-14,-2.855807161962404499e-13
1.953762750047398239e+22,6.331713856841476584e-01,-3.476811267700702643e-13,6.385296953833470120e-14,-2.838281572317355631e-13
1.958268894000906345e+22,6.346317274841259959e-01,-3.460828798129705579e-13,6.400023955491768444e-14,-2.820826402580528608e-13
1.962785430891494428e+22,6.360954374056289051e-01,-3.444919797986271624e-13,6.414784923397748146e-14,-2.803441305646496683e-13
1.967312384689354414e+22,6.375625232168665724e-01,-3.429083929540572005e-13,6.429579935890907494e-14,-2.786125935951481382e-13
1.971849779419965030e+22,6.390329927039662961e-01,-3.413320856615272871e-13,6.444409071491433029e-14,-2.768879949466129820e-13
1.976397639164217629e+22,6.405068536710133431e-01,-3.397630244578401969e-13,6.459272408900611039e-14,-2.751703003688340991e-13
1.980955988058539924e+22,6.419841139400914720e-01,-3.382011760336265309e-13,6.474170027001232713e-14,-2.734594757636142037e-13
1.985524850295031045e+22,6.434647813513260095e-01,-3.366465072326343624e-13,6.489102004858034645e-14,-2.717554871840540286e-13
1.990104250121585689e+22,6.449488637629243737e-01,-3.350989850510275175e-13,6.504068421718103992e-14,-2.700583008338464650e-13
1.994694211842024564e+22,6.464363690512184846e-01,-3.335585766366840561e-13,6.519069357011306351e-14,-2.683678830665710052e-13
1.999294759816219800e+22,6.479273051107051762e-01,-3.320252492884998533e-13,6.534104890350694704e-14,-2.666842003849929315e-13
2.003905918460229583e+22,6.494216798540900504e-01,-3.304989704556930891e-13,6.549175101532951183e-14,-2.650072194403635646e-13
2.008527712246425243e+22,6.509195012123286661e-01,-3.289797077371136354e-13,6.564280070538796012e-14,-2.633369070317256627e-13
2.013160165703617924e+22,6.524207771346671736e-01,-3.274674288805565829e-13,6.579419877533411603e-14,-2.616732301052224543e-13
2.017803303417195738e+22,6.539255155886871673e-01,-3.259621017820750107e-13,6.594594602866884314e-14,-2.600161557534061676e-13
2.022457150029248332e+22,6.554337245603463202e-01,-3.244636944853004804e-13,6.609804327074608346e-14,-2.583656512145543844e-13
2.027121730238699012e+22,6.569454120540202391e-01,-3.229721751807643382e-13,6.625049130877730032e-14,-2.567216838719870505e-13
2.031797068801437703e+22,6.584605860925466514e-01,-3.214875122052217429e-13,6.640329095183564355e-14,-2.550842212533861120e-13
2.036483190530451807e+22,6.599792547172671497e-01,-3.200096740409794305e-13,6.655644301086043019e-14,-2.534532310301189877e-13
2.041180120295955392e+22,6.615014259880689362e-01,-3.185386293152278706e-13,6.670994829866117085e-14,-2.518286810165666871e-13
2.045887883025522989e+22,6.630271079834291204e-01,-3.170743467993743320e-13,6.686380762992208831e-14,-2.502105391694522311e-13
2.050606503704225487e+22,6.645563088004573515e-01,-3.156167954083789774e-13,6.701802182120648465e-14,-2.485987735871725053e-13
2.055336007374753445e+22,6.660890365549372305e-01,-3.141659442000977735e-13,6.717259169096080545e-14,-2.469933525091369806e-13
2.060076419137560537e+22,6.676252993813714953e-01,-3.127217623746223726e-13,6.732751805951928461e-14,-2.453942443151031006e-13
2.064827764150989803e+22,6.691651054330242099e-01,-3.112842192736284249e-13,6.748280174910813480e-14,-2.438014175245203027e-13
2.069590067631408703e+22,6.707084628819632854e-01,-3.098532843797243959e-13,6.763844358384991456e-14,-2.422148407958744940e-13
2.074363354853345434e+22,6.722553799191054447e-01,-3.084289273158026056e-13,6.779444438976794594e-14,-2.406344829260346471e-13
2.079147651149620629e+22,6.738058647542588542e-01,-3.070111178443956689e-13,6.795080499479075736e-14,-2.390603128496048989e-13
2.083942981911479897e+22,6.753599256161657571e-01,-3.055998258670344010e-13,6.810752622875624880e-14,-2.374922996382781648e-13
2.088749372588734336e+22,6.769175707525482144e-01,-3.041950214236079440e-13,6.826460892341638710e-14,-2.359304125001915695e-13
2.093566848689890971e+22,6.784788084301504041e-01,-3.027966746917284370e-13,6.842205391244147211e-14,-2.343746207792869775e-13
2.098395435782290748e+22,6.800436469347831414e-01,-3.014047559860976557e-13,6.857986203142455432e-14,-2.328248939546730888e-13
2.103235159492239399e+22,6.816120945713665114e-01,-3.000192357578780441e-13,6.873803411788582722e-14,-2.312812016399922295e-13
2.108086045505149626e+22,6.831841596639760539e-01,-2.986400845940634432e-13,6.889657101127719644e-14,-2.297435135827862342e-13
2.112948119565676577e+22,6.847598505558860627e-01,-2.972672732168551714e-13,6.905547355298673515e-14,-2.282117996638684363e-13
2.117821407477847871e+22,6.863391756096124396e-01,-2.959007724830424975e-13,6.921474258634293766e-14,-2.266860298966995472e-13
2.122705935105208720e+22,6.879221432069594355e-01,-2.945405533833811444e-13,6.937437895661945256e-14,-2.251661744267616919e-13
2.127601728370956567e+22,6.895087617490631704e-01,-2.931865870419788613e-13,6.953438351103947513e-14,-2.236522035309393862e-13
2.132508813258074463e+22,6.910990396564348215e-01,-2.918388447156830148e-13,6.969475709878013965e-14,-2.221440876169028625e-13
2.137427215809474934e+22,6.926929853690078076e-01,-2.904972977934690392e-13,6.985550057097717692e-14,-2.206417972224918749e-13
2.142356962128136713e+22,6.942906073461810879e-01,-2.891619177958334801e-13,7.001661478072939492e-14,-2.191453030151040726e-13
2.147298078377238122e+22,6.958919140668636816e-01,-2.878326763741906236e-13,7.017810058310309647e-14,-2.176545757910875398e-13
2.152250590780304287e+22,6.974969140295209646e-01,-2.865095453102686197e-13,7.033995883513678713e-14,-2.161695864751318452e-13
2.157214525621340943e+22,6.991056157522193004e-01,-2.851924965155118668e-13,7.050219039584563071e-14,-2.146903061196662360e-13
2.162189909244972840e+22,7.007180277726698936e-01,-2.838815020304848092e-13,7.066479612622592998e-14,-2.132167059042588919e-13
2.167176768056587610e+22,7.023341586482764187e-01,-2.825765340242775531e-13,7.082777688925987245e-14,-2.117487571350176933e-13
2.172175128522476277e+22,7.039540169561793181e-01,-2.812775647939148640e-13,7.099113354992006163e-14,-2.102864312439948024e-13
2.177185017169966216e+22,7.055776112933000999e-01,-2.799845667637700119e-13,7.115486697517390935e-14,-2.088296997885960900e-13
2.182206460587571728e+22,7.072049502763892992e-01,-2.786975124849768489e-13,7.131897803398852044e-14,-2.073785344509883159e-13
2.187239485425129515e+22,7.088360425420709987e-01,-2.774163746348485007e-13,7.148346759733518603e-14,-2.059329070375133273e-13
2.192284118393939191e+22,7.104708967468876812e-01,-2.761411260162977244e-13,7.164833653819386433e-14,-2.044927894781038474e-13
2.197340386266910084e+22,7.121095215673483025e-01,-2.748717395572579727e-13,7.181358573155812833e-14,-2.030581538256998443e-13
2.202408315878699644e+22,7.137519256999733663e-01,-2.736081883101100121e-13,7.197921605443954557e-14,-2.016289722556704792e-13
2.207487934125854373e+22,7.153981178613395553e-01,-2.723504454511099043e-13,7.214522838587234819e-14,-2.002052170652375435e-13
2.212579267966957047e+22,7.170481067881289139e-01,-2.710984842798186024e-13,7.231162360691826709e-14,-1.987868606729003353e-13
2.217682344422767224e+22,7.187019012371729243e-01,-2.698522782185357385e-13,7.247840260067108835e-14,-1.973738756178646502e-13
2.222797190576365529e+22,7.203595099855004680e-01,-2.686118008117351275e-13,7.264556625226136121e-14,-1.959662345594737663e-13
2.227923833573293320e+22,7.220209418303823456e-01,-2.673770257255042592e-13,7.281311544886100495e-14,-1.945639102766432416e-13
2.233062300621704528e+22,7.236862055893806822e-01,-2.661479267469832854e-13,7.298105107968821881e-14,-1.931668756672950792e-13
2.238212618992505324e+22,7.253553101003942238e-01,-2.649244777838097635e-13,7.314937403601211418e-14,-1.917751037477976493e-13
2.243374816019494627e+22,7.270282642217040792e-01,-2.637066528635656706e-13,7.331808521115722053e-14,-1.903885676524084627e-13
2.248548919099518878e+22,7.287050768320234573e-01,-2.624944261332237623e-13,7.348718550050860989e-14,-1.890072406327151524e-13
2.253734955692612544e+22,7.303857568305431869e-01,-2.612877718585999393e-13,7.365667580151647857e-14,-1.876310960570834734e-13
2.258932953322139052e+22,7.320703131369782346e-01,-2.600866644238080874e-13,7.382655701370072880e-14,-1.862601074101073460e-13
2.264142939574944714e+22,7.337587546916165548e-01,-2.588910783307143121e-13,7.399683003865603011e-14,-1.848942482920582946e-13
2.269364942101503856e+22,7.354510904553664963e-01,-2.577009881983959694e-13,7.416749578005651465e-14,-1.835334924183394548e-13
2.274598988616058903e+22,7.371473294098023210e-01,-2.565163687626047356e-13,7.433855514366040930e-14,-1.821778136189443263e-13
2.279845106896775571e+22,7.388474805572144977e-01,-2.553371948752277582e-13,7.451000903731509710e-14,-1.808271858379126737e-13
2.285103324785887150e+22,7.405515529206563308e-01,-2.541634415037552192e-13,7.468185837096178723e-14,-1.794815831327934446e-13
2.290373670189838788e+22,7.422595555439908122e-01,-2.529950837307491098e-13,7.485410405664027346e-14,-1.781409796741088489e-13
2.295656171079441842e+22,7.439714974919405810e-01,-2.518320967533132673e-13,7.502674700849400808e-14,-1.768053497448192466e-13
2.300950855490019839e+22,7.456873878501351083e-01,-2.506744558825672997e-13,7.519978814277478460e-14,-1.754746677397925277e-13
2.306257751521553600e+22,7.474072357251579923e-01,-2.495221365431230846e-13,7.537322837784755926e-14,-1.741489081652755128e-13
2.311576887338836007e+22,7.491310502445970299e-01,-2.483751142725620264e-13,7.554706863419544924e-14,-1.728280456383665646e-13
2.316908291171619229e+22,7.508588405570918445e-01,-2.472333647209161997e-13,7.572130983442460468e-14,-1.715120548864915824e-13
2.322251991314761515e+22,7.525906158323815154e-01,-2.460968636501520688e-13,7.589595290326895447e-14,-1.702009107468831269e-13
2.327608016128383648e+22,7.543263852613552034e-01,-2.449655869336545091e-13,7.607099876759535591e-14,-1.688945881660591406e-13
2.332976394038013644e+22,7.560661580560991135e-01,-2.438395105557160297e-13,7.624644835640830267e-14,-1.675930621993077270e-13
2.338357153534742784e+22,7.578099434499471210e-01,-2.427186106110257927e-13,7.642230260085503657e-14,-1.662963080101707688e-13
2.343750323175368635e+22,7.595577506975272897e-01,-2.416028633041637334e-13,7.659856243423019240e-14,-1.650043008699335536e-13
2.349155931582557376e+22,7.613095890748136085e-01,-2.404922449490932650e-13,7.677522879198117485e-14,-1.637170161571120776e-13
2.354574007444988913e+22,7.630654678791742862e-01,-2.393867319686598921e-13,7.695230261171277798e-14,-1.624344293569471141e-13
2.360004579517507463e+22,7.648253964294196017e-01,-2.382863008940909839e-13,7.712978483319224664e-14,-1.611565160608987372e-13
2.365447676621280929e+22,7.665893840658538627e-01,-2.371909283644962045e-13,7.730767639835440088e-14,-1.598832519661418037e-13
2.370903327643949387e+22,7.683574401503239226e-01,-2.361005911263724368e-13,7.748597825130650793e-14,-1.586146128750659289e-13
2.376371561539776492e+22,7.701295740662673639e-01,-2.350152660331105736e-13,7.766469133833319211e-14,-1.573505746947773815e-13
2.381852407329809288e+22,7.719057952187650118e-01,-2.339349300445029150e-13,7.784381660790177382e-14,-1.560911134366011286e-13
2.387345894102028360e+22,7.736861130345893400e-01,-2.328595602262548576e-13,7.802335501066701533e-14,-1.548362052155878296e-13
2.392852051011498410e+22,7.754705369622535427e-01,-2.317891337494986022e-13,7.820330749947619473e-14,-1.535858262500223948e-13
2.398370907280532256e+22,7.772590764720640477e-01,-2.307236278903069130e-13,7.838367502937433135e-14,-1.523399528609325943e-13
2.403902492198839727e+22,7.790517410561693668e-01,-2.296630200292118241e-13,7.856445855760919661e-14,-1.510985614716026149e-13
2.409446835123681178e+22,7.808485402286097221e-01,-2.286072876507248603e-13,7.874565904363616076e-14,-1.498616286070886869e-13
2.415003965480028969e+22,7.826494835253692273e-01,-2.275564083428579651e-13,7.892727744912364551e-14,-1.486291308937343069e-13
2.420573912760722653e+22,7.844545805044261799e-01,-2.265103597966477609e-13,7.910931473795804652e-14,-1.474010450586897018e-13
2.426156706526619134e+22,7.862638407458018008e-01,-2.254691198056834444e-13,7.929177187624871898e-14,-1.461773479294347254e-13
2.431752376406757920e+22,7.880772738516138576e-01,-2.244326662656336209e-13,7.947464983233341761e-14,-1.449580164333001907e-13
2.437360952098514220e+22,7.898948894461264025e-01,-2.234009771737777339e-13,7.965794957678318130e-14,-1.437430275969945526e-13
2.442982463367755386e+22,7.917166971757998439e-01,-2.223740306285394383e-13,7.984167208240754587e-14,-1.425323585461319050e-13
2.448616940049001139e+22,7.935427067093437925e-01,-2.213518048290210836e-13,8.002581832425974427e-14,-1.413259865047613394e-13
2.454264412045584630e+22,7.953729277377682427e-01,-2.203342780745403438e-13,8.021038927964196985e-14,-1.401238887948983740e-13
2.459924909329801753e+22,7.972073699744329778e-01,-2.193214287641714662e-13,8.039538592811024835e-14,-1.389260428360612304e-13
2.465598461943081442e+22,7.990460431551018594e-01,-2.183132353962843996e-13,8.058080925148004200e-14,-1.377324261448043576e-13
2.471285099996137495e+22,8.008889570379928990e-01,-2.173096765680900073e-13,8.076666023383114675e-14,-1.365430163342588731e-13
2.476984853669132580e+22,8.027361214038305492e-01,-2.163107309751846978e-13,8.095293986151314486e-14,-1.353577911136715656e-13
2.482697753211832998e+22,8.045875460558965520e-01,-2.153163774110992477e-13,8.113964912315034004e-14,-1.341767282879488951e-13
2.488423828943776881e+22,8.064432408200838953e-01,-2.143265947668472949e-13,8.132678900964737414e-14,-1.329998057571999082e-13
2.494163111254430633e+22,8.083032155449481060e-01,-2.133413620304778972e-13,8.151436051419427584e-14,-1.318270015162836213e-13
2.499915630603347480e+22,8.101674801017578753e-01,-2.123606582866299579e-13,8.170236463227163559e-14,-1.306582936543583223e-13
2.505681417520336077e+22,8.120360443845504594e-01,-2.113844627160871573e-13,8.189080236165617181e-14,-1.294936603544309981e-13
2.511460502605617798e+22,8.139089183101821945e-01,-2.104127545953366195e-13,8.207967470242577960e-14,-1.283330798929108273e-13
2.517252916529987794e+22,8.157861118183808991e-01,-2.094455132961293213e-13,8.226898265696492024e-14,-1.271765306391644137e-13
2.523058690034982768e+22,8.176676348718001641e-01,-2.084827182850412582e-13,8.245872722996997283e-14,-1.260239910550712980e-13
2.528877853933041615e+22,8.195534974560713115e-01,-2.075243491230380438e-13,8.264890942845456064e-14,-1.248754396945834831e-13
2.534710439107665645e+22,8.214437095798555744e-01,-2.065703854650414780e-13,8.283953026175481445e-14,-1.237308552032866509e-13
2.540556476513589710e+22,8.233382812748990531e-01,-2.056208070594965192e-13,8.303059074153486297e-14,-1.225902163179616562e-13
2.546415997176941170e+22,8.252372225960851182e-01,-2.046755937479422451e-13,8.322209188179210879e-14,-1.214535018661501363e-13
2.552289032195402629e+22,8.271405436214862572e-01,-2.037347254645840751e-13,8.341403469886255470e-14,-1.203206907657215078e-13
2.558175612738383905e+22,8.290482544524203634e-01,-2.027981822358668771e-13,8.360642021142634473e-14,-1.191917620244405450e-13
2.564075770047184765e+22,8.309603652135028051e-01,-2.018659441800513551e-13,8.379924944051320408e-14,-1.180666947395381637e-13
2.569989535435153474e+22,8.328768860526990503e-01,-2.009379915067929873e-13,8.399252340950748783e-14,-1.169454680972855121e-13
2.575916940287865468e+22,8.347978271413811768e-01,-2.000143045167200292e-13,8.418624314415408797e-14,-1.158280613725659412e-13
2.581858016063282322e+22,8.367231986743802752e-01,-1.990948636010165407e-13,8.438040967256364617e-14,-1.147144539284529072e-13
2.587812794291917003e+22,8.386530108700395170e-01,-1.981796492410063477e-13,8.457502402521793062e-14,-1.136046252157884171e-13
2.593781306577006258e+22,8.405872739702706653e-01,-1.972686420077378356e-13,8.477008723497549066e-14,-1.124985547727623449e-13
2.599763584594678802e+22,8.425259982406078096e-01,-1.963618225615715709e-13,8.496560033707708409e-14,-1.113962222244944868e-13
2.605759660094115126e+22,8.444691939702596573e-01,-1.954591716517708004e-13,8.516156436915096568e-14,-1.102976072826198348e-13
2.611769564897726589e+22,8.464168714721672648e-01,-1.945606701160914709e-13,8.535798037121875636e-14,-1.092026897448727145e-13
2.617793330901318160e+22,8.483690410830571071e-01,-1.936662988803760094e-13,8.555484938570071905e-14,-1.081114494946752903e-13
2.623830990074260383e+22,8.503257131634965882e-01,-1.927760389581482910e-13,8.575217245742137542e-14,-1.070238665007269156e-13
2.629882574459652958e+22,8.522868980979471099e-01,-1.918898714502113323e-13,8.594995063361485744e-14,-1.059399208165964748e-13
2.635948116174505089e+22,8.542526062948224697e-01,-1.910077775442445807e-13,8.614818496393082708e-14,-1.048595925803137536e-13
2.642027647409898652e+22,8.562228481865419294e-01,-1.901297385144056979e-13,8.634687650043980262e-14,-1.037828620139658953e-13
2.648121200431158474e+22,8.581976342295849491e-01,-1.892557357209329990e-13,8.654602629763872491e-14,-1.027097094232942741e-13
2.654228807578028501e+22,8.601769749045488078e-01,-1.883857506097490782e-13,8.674563541245666239e-14,-1.016401151972924159e-13
2.660350501264841664e+22,8.621608807162034482e-01,-1.875197647120672623e-13,8.694570490426040252e-14,-1.005740598078068598e-13
2.666486313980687234e+22,8.641493621935455449e-01,-1.866577596440001079e-13,8.714623583486000539e-14,-9.951152380914010255e-14
2.672636278289589915e+22,8.661424298898569019e-01,-1.857997171061682026e-13,8.734722926851447090e-14,-9.845248783765373173e-14
2.678800426830680556e+22,8.681400943827595196e-01,-1.849456188833120704e-13,8.754868627193745637e-14,-9.739693261137461408e-14
2.684978792318365178e+22,8.701423662742701071e-01,-1.840954468439058952e-13,8.775060791430283019e-14,-9.634483892960306497e-14
2.691171407542505334e+22,8.721492561908592567e-01,-1.832491829397718998e-13,8.795299526725038945e-14,-9.529618767252151036e-14
2.697378305368589232e+22,8.741607747835062892e-01,-1.824068092056974273e-13,8.815584940489165331e-14,-9.425095980080577397e-14
2.703599518737901604e+22,8.761769327277544317e-01,-1.815683077590542171e-13,8.835917140381529042e-14,-9.320913635523892672e-14
2.709835080667706583e+22,8.781977407237704369e-01,-1.807336607994177329e-13,8.856296234309313947e-14,-9.217069845632459343e-14
2.716085024251419663e+22,8.802232094963997611e-01,-1.799028506081897962e-13,8.876722330428581326e-14,-9.113562730390398295e-14
2.722349382658778412e+22,8.822533497952221859e-01,-1.790758595482228618e-13,8.897195537144831539e-14,-9.010390417677454645e-14
2.728628189136026180e+22,8.842881723946115491e-01,-1.782526700634447472e-13,8.917715963113598513e-14,-8.907551043230876202e-14
2.734921477006086164e+22,8.863276880937916991e-01,-1.774332646784862644e-13,8.938283717241020244e-14,-8.805042750607606199e-14
2.741229279668732953e+22,8.883719077168925615e-01,-1.766176259983108728e-13,8.958898908684405517e-14,-8.702863691146681766e-14
2.747551630600778337e+22,8.904208421130096474e-01,-1.758057367078443555e-13,8.979561646852832176e-14,-8.601012023931603372e-14
2.753888563356242438e+22,8.924745021562606739e-01,-1.749975795716079803e-13,9.000272041407713844e-14,-8.499485915753084183e-14
2.760240111566537412e+22,8.945328987458438519e-01,-1.741931374333519635e-13,9.021030202263395668e-14,-8.398283541071800679e-14
2.766606308940636488e+22,8.965960428060933962e-01,-1.733923932156924928e-13,9.041836239587708416e-14,-8.297403081981540860e-14
2.772987189265264804e+22,8.986639452865412547e-01,-1.725953299197475891e-13,9.062690263802590734e-14,-8.196842728172168175e-14
2.779382786405071795e+22,9.007366171619728412e-01,-1.718019306247771840e-13,9.083592385584657118e-14,-8.096600676893061285e-14
2.785793134302808611e+22,9.028140694324846560e-01,-1.710121784878241819e-13,9.104542715865770951e-14,-7.996675132916647237e-14
2.792218266979514764e+22,9.048963131235449042e-01,-1.702260567433561274e-13,9.125541365833662963e-14,-7.897064308501949780e-14
2.798658218534697645e+22,9.069833592860510052e-01,-1.694435487029093224e-13,9.146588446932504267e-14,-7.797766423358427974e-14
2.805113023146505745e+22,9.090752189963867691e-01,-1.686646377547356177e-13,9.167684070863490737e-14,-7.698779704610071037e-14
2.811582715071919922e+22,9.111719033564835701e-01,-1.678893073634484990e-13,9.188828349585451390e-14,-7.600102386759398513e-14
2.818067328646932070e+22,9.132734234938785223e-01,-1.671175410696723779e-13,9.210021395315445383e-14,-7.501732711651792405e-14
2.824566898286721709e+22,9.153797905617716557e-01,-1.663493224896940795e-13,9.231263320529328742e-14,-7.403668928440079208e-14
2.831081458485847235e+22,9.174910157390880894e-01,-1.655846353151136739e-13,9.252554237962385443e-14,-7.305909293548981947e-14
2.837611043818425025e+22,9.196071102305358735e-01,-1.648234633124990684e-13,9.273894260609910541e-14,-7.208452070639996304e-14
2.844155688938308947e+22,9.217280852666641655e-01,-1.640657903230416606e-13,9.295283501727800870e-14,-7.111295530576365189e-14
2.850715428579282466e+22,9.238539521039256242e-01,-1.633116002622123440e-13,9.316722074833176032e-14,-7.014437951388058369e-14
2.857290297555239410e+22,9.259847220247346966e-01,-1.625608771194205693e-13,9.338210093704972884e-14,-6.917877618237084045e-14
2.863880330760362236e+22,9.281204063375260160e-01,-1.618136049576751968e-13,9.359747672384528663e-14,-6.821612823382991014e-14
2.870485563169318738e+22,9.302610163768172402e-01,-1.610697679132446932e-13,9.381334925176225961e-14,-6.725641866148243358e-14
2.877106029837441565e+22,9.324065635032682264e-01,-1.603293501953213672e-13,9.402971966648068274e-14,-6.629963052884068450e-14
2.883741765900911090e+22,9.345570591037393182e-01,-1.595923360856860594e-13,9.424658911632299734e-14,-6.534574696936306209e-14
2.890392806576948353e+22,9.367125145913546280e-01,-1.588587099383742710e-13,9.446395875226007169e-14,-6.439475118611419935e-14
2.897059187164000446e+22,9.388729414055618783e-01,-1.581284561793437317e-13,9.468182972791749925e-14,-6.344662645142623245e-14
2.903740943041921706e+22,9.410383510121909101e-01,-1.574015593061446682e-13,9.490020319958141733e-14,-6.250135610656325087e-14
2.910438109672170429e+22,9.432087549035177432e-01,-1.566780038875897704e-13,9.511908032620493157e-14,-6.155892356138483879e-14
2.917150722597992163e+22,9.453841645983237507e-01,-1.559577745634269841e-13,9.533846226941412390e-14,-6.061931229401286020e-14
2.923878817444610546e+22,9.475645916419574988e-01,-1.552408560440133143e-13,9.555835019351428771e-14,-5.968250585049902663e-14
2.930622429919409340e+22,9.497500476063941433e-01,-1.545272331099909250e-13,9.577874526549589792e-14,-5.874848784449502708e-14
2.937381595812133339e+22,9.519405440903000448e-01,-1.538168906119628856e-13,9.599964865504111120e-14,-5.781724195692177440e-14
2.944156350995072077e+22,9.541360927190924990e-01,-1.531098134701722501e-13,9.622106153452986234e-14,-5.688875193564238773e-14
2.950946731423246477e+22,9.563367051450000211e-01,-1.524059866741821957e-13,9.644298507904589738e-14,-5.596300159513629831e-14
2.957752773134607240e+22,9.585423930471272946e-01,-1.517053952825567175e-13,9.666542046638328648e-14,-5.503997481617343098e-14
2.964574512250224011e+22,9.607531681315156780e-01,-1.510080244225436196e-13,9.688836887705258338e-14,-5.411965554549103626e-14
2.971411984974471601e+22,9.629690421312038229e-01,-1.503138592897592742e-13,9.711183149428693429e-14,-5.320202779547233996e-14
2.978265227595228381e+22,9.651900268062925115e-01,-1.496228851478737836e-13,9.733580950404856547e-14,-5.228707564382521810e-14
2.985134276484070061e+22,9.674161339440063845e-01,-1.489350873282980106e-13,9.756030409503504372e-14,-5.137478323326296692e-14
2.992019168096452975e+22,9.696473753587543376e-01,-1.482504512298731845e-13,9.778531645868542306e-14,-5.046513477118776143e-14
2.998919938971918349e+22,9.718837628921952465e-01,-1.475689623185597230e-13,9.801084778918674505e-14,-4.955811452937297800e-14
3.005836625734283559e+22,9.741253084132999174e-01,-1.468906061271291607e-13,9.823689928348041272e-14,-4.865370684364874801e-14
3.012769265091828777e+22,9.763720238184119271e-01,-1.462153682548576414e-13,9.846347214126821120e-14,-4.775189611358943019e-14
3.019717893837502913e+22,9.786239210313137926e-01,-1.455432343672191081e-13,9.869056756501911081e-14,-4.685266680219999730e-14
3.026682548849114454e+22,9.808810120032893654e-01,-1.448741901955815982e-13,9.891818675997542654e-14,-4.595600343560617164e-14
3.033663267089521469e+22,9.831433087131851156e-01,-1.442082215369046486e-13,9.914633093415911627e-14,-4.506189060274553231e-14
3.040660085606837125e+22,9.854108231674768570e-01,-1.435453142534370802e-13,9.937500129837839459e-14,-4.417031295505868566e-14
3.047673041534623469e+22,9.876835674003323629e-01,-1.428854542724170795e-13,9.960419906623416994e-14,-4.328125520618290957e-14
3.054702172092080587e+22,9.899615534736730948e-01,-1.422286275857740969e-13,9.983392545412616611e-14,-4.239470213164793083e-14
3.061747514584256322e+22,9.922447934772417044e-01,-1.415748202498305192e-13,1.000641816812597381e-13,-4.151063856857078110e-14
3.068809106402237533e+22,9.945332995286639832e-01,-1.409240183850061173e-13,1.002949689696522206e-13,-4.062904941535389670e-14
3.075886985023350165e+22,9.968270837735142553e-01,-1.402762081755233540e-13,1.005262885441394414e-13,-3.974991963138391260e-14
3.082981188011353021e+22,9.991261583853777717e-01,-1.396313758691144821e-13,1.007581416323819810e-13,-3.887323423673250107e-14
3.090091753016647483e+22,1.001430535565918323e+00,-1.389895077767287451e-13,1.009905294648720648e-13,-3.799897831185668032e-14
3.097218717776470868e+22,1.003740227544941854e+00,-1.383505902722422784e-13,1.012234532749399873e-13,-3.712713699730229114e-14
3.104362120115091459e+22,1.006055246580458862e+00,-1.377146097921693478e-13,1.014569142987602713e-13,-3.625769549340907649e-14
3.111521997944022421e+22,1.008375604958754002e+00,-1.370815528353732355e-13,1.016909137753588754e-13,-3.539063906001436013e-14
3.118698389262212635e+22,1.010701314994447930e+00,-1.364514059627806095e-13,1.019254529466192773e-13,-3.452595301616133216e-14
3.125891332156250128e+22,1.013032389030563252e+00,-1.358241557970958924e-13,1.021605330572892141e-13,-3.366362273980667822e-14
3.133100864800567591e+22,1.015368839438590909e+00,-1.351997890225171456e-13,1.023961553549873591e-13,-3.280363366752978646e-14
3.140327025457643704e+22,1.017710678618555908e+00,-1.345782923844534928e-13,1.026323210902099354e-13,-3.194597129424355741e-14
3.147569852478201528e+22,1.020057918999081048e+00,-1.339596526892440840e-13,1.028690315163371031e-13,-3.109062117290698094e-14
3.154829384301419482e+22,1.022410573037455750e+00,-1.333438568038773360e-13,1.031062878896399762e-13,-3.023756891423735984e-14
3.162105659455133083e+22,1.024768653219701120e+00,-1.327308916557124211e-13,1.033440914692871741e-13,-2.938680018642524697e-14
3.169398716556032501e+22,1.027132172060634119e+00,-1.321207442322022942e-13,1.035824435173512204e-13,-2.853830071485107387e-14
3.176708594309878147e+22,1.029501142103937505e+00,-1.315134015806165698e-13,1.038213452988156993e-13,-2.769205628180087050e-14
3.184035331511701157e+22,1.031875575922224453e+00,-1.309088508077669472e-13,1.040607980815816932e-13,-2.684805272618525404e-14
3.191378967046004723e+22,1.034255486117104272e+00,-1.303070790797338741e-13,1.043008031364744340e-13,-2.600627594325944011e-14
3.198739539886978420e+22,1.036640885319251693e+00,-1.297080736215933854e-13,1.045413617372502830e-13,-2.516671188434310244e-14
3.206117089098704146e+22,1.039031786188473472e+00,-1.291118217171461901e-13,1.047824751606034963e-13,-2.432934655654269386e-14
3.213511653835353673e+22,1.041428201413772348e+00,-1.285183107086482213e-13,1.050241446861725860e-13,-2.349416602247563528e-14
3.220923273341408851e+22,1.043830143713418979e+00,-1.279275279965411864e-13,1.052663715965476536e-13,-2.266115639999353279e-14
3.228351986951866706e+22,1.046237625835017448e+00,-1.273394610391851627e-13,1.055091571772769785e-13,-2.183030386190818418e-14
3.235797834092439509e+22,1.048650660555571212e+00,-1.267540973525932116e-13,1.057525027168736193e-13,-2.100159463571959231e-14
3.243260854279775401e+22,1.051069260681553486e+00,-1.261714245101652106e-13,1.059964095068225826e-13,-2.017501500334262801e-14
3.250741087121662647e+22,1.053493439048974523e+00,-1.255914301424247904e-13,1.062408788415875635e-13,-1.935055130083722696e-14
3.258238572317242294e+22,1.055923208523449564e+00,-1.250141019367563478e-13,1.064859120186177990e-13,-1.852818991813854883e-14
3.265753349657212014e+22,1.058358582000265447e+00,-1.244394276371441783e-13,1.067315103383548332e-13,-1.770791729878934513e-14
3.273285459024047138e+22,1.060799572404452329e+00,-1.238673950439116856e-13,1.069776751042396740e-13,-1.688971993967201161e-14
3.280834940392207024e+22,1.063246192690850300e+00,-1.232979920134626600e-13,1.072244076227195456e-13,-1.607358439074311443e-14
3.288401833828345184e+22,1.065698455844177106e+00,-1.227312064580237442e-13,1.074717092032547676e-13,-1.525949725476897662e-14
3.295986179491527813e+22,1.068156374879100090e+00,-1.221670263453873273e-13,1.077195811583258987e-13,-1.444744518706142862e-14
3.303588017633443080e+22,1.070619962840302808e+00,-1.216054396986563327e-13,1.079680248034405776e-13,-1.363741489521575500e-14
3.311207388598611686e+22,1.073089232802554083e+00,-1.210464345959903689e-13,1.082170414571404024e-13,-1.282939313884996645e-14
3.318844332824609161e+22,1.075564197870779504e+00,-1.204899991703518301e-13,1.084666324410082127e-13,-1.202336672934361740e-14
3.326498890842275578e+22,1.078044871180129816e+00,-1.199361216092544955e-13,1.087167990796748552e-13,-1.121932252957964027e-14
3.334171103275926946e+22,1.080531265896049309e+00,-1.193847901545129871e-13,1.089675427008262395e-13,-1.041724745368674763e-14
3.341861010843579187e+22,1.083023395214348206e+00,-1.188359931019925052e-13,1.092188646352105445e-13,-9.617128466781960681e-15
3.349568654357160788e+22,1.085521272361271716e+00,-1.182897188013606591e-13,1.094707662166451990e-13,-8.818952584715460025e-15
3.357294074722721255e+22,1.088024910593567762e+00,-1.177459556558406607e-13,1.097232487820237222e-13,-8.022706873816938525e-15
3.365037312940663059e+22,1.090534323198561806e+00,-1.172046921219642157e-13,1.099763136713232714e-13,-7.228378450640944368e-15
3.372798410105951774e+22,1.093049523494225017e+00,-1.166659167093268127e-13,1.102299622276114962e-13,-6.435954481715316476e-15
3.380577407408326207e+22,1.095570524829242887e+00,-1.161296179803445766e-13,1.104841957970534547e-13,-5.645422183291121918e-15
3.388374346132532861e+22,1.098097340583090498e+00,-1.155957845500101394e-13,1.107390157289192501e-13,-4.856768821090889366e-15
3.396189267658536072e+22,1.100629984166100916e+00,-1.150644050856516896e-13,1.109944233755909090e-13,-4.069981710060780558e-15
3.404022213461733592e+22,1.103168469019535136e+00,-1.145354683066926286e-13,1.112504200925694124e-13,-3.285048214123216139e-15
3.411873225113186442e+22,1.105712808615656684e+00,-1.140089629844114795e-13,1.115070072384821673e-13,-2.501955745929312176e-15
3.419742344279834493e+22,1.108263016457800898e+00,-1.134848779417038151e-13,1.117641861750901634e-13,-1.720691766613651702e-15
3.427629612724714576e+22,1.110819106080446428e+00,-1.129632020528451957e-13,1.120219582672950161e-13,-9.412437855501795954e-16
3.435535072307188230e+22,1.113381091049288507e+00,-1.124439242432545612e-13,1.122803248831463880e-13,-1.635993601081731953e-16
3.443458764983161900e+22,1.115948984961310231e+00,-1.119270334892592518e-13,1.125392873938492845e-13,6.122539045900326618e-16
3.451400732805308822e+22,1.118522801444854942e+00,-1.114125188178611390e-13,1.127988471737712100e-13,1.386328355910071047e-15
3.459361017923287122e+22,1.121102554159696618e+00,-1.109003693065038293e-13,1.130590056004493753e-13,2.158636293945545981e-15
3.467339662583973859e+22,1.123688256797115592e+00,-1.103905740828403232e-13,1.133197640545982577e-13,2.929189971757934502e-15
3.475336709131685226e+22,1.126279923079970047e+00,-1.098831223245023264e-13,1.135811239201168714e-13,3.698001595614544977e-15
3.483352200008392979e+22,1.128877566762766627e+00,-1.093780032588710515e-13,1.138430865840957978e-13,4.465083325224746239e-15
3.491386177753963509e+22,1.131481201631736822e+00,-1.088752061628477160e-13,1.141056534368250486e-13,5.230447273977332673e-15
3.499438685006375944e+22,1.134090841504908687e+00,-1.083747203626263124e-13,1.143688258718011093e-13,5.994105509174796973e-15
3.507509764501943615e+22,1.136706500232178119e+00,-1.078765352334673757e-13,1.146326052857342718e-13,6.756070052266896080e-15
3.515599459075553965e+22,1.139328191695386794e+00,-1.073806401994715616e-13,1.148969930785564351e-13,7.516352879084873451e-15
3.523707811660885393e+22,1.141955929808392334e+00,-1.068870247333558619e-13,1.151619906534281479e-13,8.274965920072286071e-15
3.531834865290635431e+22,1.144589728517142024e+00,-1.063956783562300227e-13,1.154275994167461318e-13,9.031921060516109141e-15
3.539980663096756457e+22,1.147229601799749865e+00,-1.059065906373736440e-13,1.156938207781509799e-13,9.787230140777335902e-15
3.548145248310679254e+22,1.149875563666568290e+00,-1.054197511940151468e-13,1.159606561505344019e-13,1.054090495651925505e-14
3.556328664263539504e+22,1.152527628160262108e+00,-1.049351496911114479e-13,1.162281069500466712e-13,1.129295725893522326e-14
3.564530954386416022e+22,1.155185809355885329e+00,-1.044527758411281512e-13,1.164961745961044753e-13,1.204339875497632416e-14
3.572752162210555154e+22,1.157850121360954221e+00,-1.039726194038214184e-13,1.167648605113981106e-13,1.279224110757669224e-14
3.580992331367601878e+22,1.160520578315521689e+00,-1.034946701860206727e-13,1.170341661218991056e-13,1.353949593587843286e-14
3.589251505589834272e+22,1.163197194392254108e+00,-1.030189180414119837e-13,1.173040928568679201e-13,1.428517481545593644e-14
3.597529728710396294e+22,1.165879983796505703e+00,-1.025453528703226264e-13,1.175746421488615189e-13,1.502928927853889258e-14
3.605827044663522178e+22,1.168568960766392495e+00,-1.020739646195072050e-13,1.178458154337406665e-13,1.577185081423346144e-14
3.614143497484782640e+22,1.171264139572870677e+00,-1.016047432819333863e-13,1.181176141506780556e-13,1.651287086874466936e-14
3.622479131311308014e+22,1.173965534519810117e+00,-1.011376788965702316e-13,1.183900397421655274e-13,1.725236084559529575e-14
3.630833990382028168e+22,1.176673159944071845e+00,-1.006727615481762403e-13,1.186630936540219467e-13,1.799033210584570644e-14
3.639208119037901511e+22,1.179387030215581555e+00,-1.002099813670892594e-13,1.189367773354006494e-13,1.872679596831139003e-14
3.647601561722158685e+22,1.182107159737409319e+00,-9.974932852901652115e-14,1.192110922387975202e-13,1.946176370978099905e-14
3.656014362980531988e+22,1.184833562945844188e+00,-9.929079325482638330e-14,1.194860398200583131e-13,2.019524656523192981e-14
3.664446567461491940e+22,1.187566254310469693e+00,-9.883436581034081461e-14,1.197616215383865529e-13,2.092725572804573827e-14
3.672898219916488448e+22,1.190305248334243116e+00,-9.838003650612835994e-14,1.200378388563512595e-13,2.165780235022289954e-14
3.681369365200186533e+22,1.193050559553571421e+00,-9.792779569729873342e-14,1.203146932398948492e-13,2.238689754259611582e-14
3.689860048270698689e+22,1.195802202538386538e+00,-9.747763378329821954e-14,1.205921861583405061e-13,2.311455237504228653e-14
3.698370314189834027e+22,1.198560191892226401e+00,-9.702954120770538970e-14,1.208703190844004866e-13,2.384077787669509685e-14
3.706900208123331058e+22,1.201324542252309779e+00,-9.658350845802851012e-14,1.211490934941836425e-13,2.456558503615513236e-14
3.715449775341093834e+22,1.204095268289613552e+00,-9.613952606550385848e-14,1.214285108672032212e-13,2.528898480169936269e-14
3.724019061217441087e+22,1.206872384708953083e+00,-9.569758460489417947e-14,1.217085726863849181e-13,2.601098808149073866e-14
3.732608111231343211e+22,1.209655906249058610e+00,-9.525767469428884419e-14,1.219892804380746521e-13,2.673160574378580787e-14
3.741216970966657139e+22,1.212445847682652289e+00,-9.481978699490500676e-14,1.222706356120462137e-13,2.745084861714120693e-14
3.749845686112378841e+22,1.215242223816529243e+00,-9.438391221088876083e-14,1.225526397015096971e-13,2.816872749062093623e-14
3.758494302462882401e+22,1.218045049491635501e+00,-9.395004108911806325e-14,1.228352942031189717e-13,2.888525311400090843e-14
3.767162865918156577e+22,1.220854339583144155e+00,-9.351816441900659165e-14,1.231186006169797604e-13,2.960043619797316876e-14
3.775851422484056873e+22,1.223670109000537742e+00,-9.308827303230771567e-14,1.234025604466576922e-13,3.031428741434997651e-14
3.784560018272547557e+22,1.226492372687685961e+00,-9.266035780292008381e-14,1.236871751991862032e-13,3.102681739626611941e-14
3.793288699501940729e+22,1.229321145622923828e+00,-9.223440964669411894e-14,1.239724463850744383e-13,3.173803673838031936e-14
3.802037512497148828e+22,1.232156442819133169e+00,-9.181041952123880421e-14,1.242583755183154548e-13,3.244795599707665063e-14
3.810806503689931666e+22,1.234998279323822112e+00,-9.138837842572965539e-14,1.245449641163942504e-13,3.315658569066459503e-14
3.819595719619129639e+22,1.237846670219202139e+00,-9.096827740071837184e-14,1.248322137002955377e-13,3.386393629957716589e-14
3.828405206930927124e+22,1.240701630622271789e+00,-9.055010752794173028e-14,1.251201257945121507e-13,3.457001826657042045e-14
3.837235012379091560e+22,1.243563175684895050e+00,-9.013385993013271251e-14,1.254087019270529963e-13,3.527484199692028381e-14
3.846085182825223422e+22,1.246431320593882841e+00,-8.971952577083201186e-14,1.256979436294512081e-13,3.597841785861919619e-14
3.854955765239000334e+22,1.249306080571070732e+00,-8.930709625420059981e-14,1.259878524367720978e-13,3.668075618257149799e-14
3.863846806698435438e+22,1.252187470873403541e+00,-8.889656262483259560e-14,1.262784298876215367e-13,3.738186726278894106e-14
3.872758354390122339e+22,1.255075506793014828e+00,-8.848791616756963776e-14,1.265696775241541086e-13,3.808176135658447083e-14
3.881690455609477536e+22,1.257970203657305719e+00,-8.808114820731618970e-14,1.268615968920809359e-13,3.878044868476474622e-14
3.890643157761010539e+22,1.260871576829030838e+00,-8.767625010885458021e-14,1.271541895406784893e-13,3.947793943182390914e-14
3.899616508358557906e+22,1.263779641706376466e+00,-8.727321327666245475e-14,1.274474570227963125e-13,4.017424374613385770e-14
3.908610555025540776e+22,1.266694413723041812e+00,-8.687202915473003742e-14,1.277414008948653774e-13,4.086937174013533993e-14
3.917625345495221561e+22,1.269615908348323829e+00,-8.647268922637828901e-14,1.280360227169064655e-13,4.156333349052817651e-14
3.926660927610954763e+22,1.272544141087198266e+00,-8.607518501407833992e-14,1.283313240525384729e-13,4.225613903846013300e-14
3.935717349326436958e+22,1.275479127480399155e+00,-8.567950807927160461e-14,1.286273064689863870e-13,4.294779838971478235e-14
3.944794658705967677e+22,1.278420883104505190e+00,-8.528565002219035051e-14,1.289239715370900713e-13,4.363832151489972079e-14
3.953892903924702747e+22,1.281369423572021438e+00,-8.489360248167946587e-14,1.292213208313122427e-13,4.432771834963277686e-14
3.963012133268902589e+22,1.284324764531459051e+00,-8.450335713501937630e-14,1.295193559297468773e-13,4.501599879472750105e-14
3.972152395136200658e+22,1.287286921667422979e+00,-8.411490569774868360e-14,1.298180784141277681e-13,4.570317271637908446e-14
3.981313738035856776e+22,1.290255910700693232e+00,-8.372823992348854638e-14,1.301174898698369055e-13,4.638924994634835912e-14
3.990496210589001240e+22,1.293231747388305486e+00,-8.334335160376820927e-14,1.304175918859124549e-13,4.707424028214424567e-14
3.999699861528914166e+22,1.296214447523639901e+00,-8.296023256784972434e-14,1.307183860550578440e-13,4.775815348720811966e-14
4.008924739701272111e+22,1.299204026936502387e+00,-8.257887468255514639e-14,1.310198739736498658e-13,4.844099929109471942e-14
4.018170894064401410e+22,1.302200501493206097e+00,-8.219926985209401852e-14,1.313220572417469336e-13,4.912278738965291511e-14
4.027438373689555839e+22,1.305203887096660686e+00,-8.182141001789083251e-14,1.316249374630981434e-13,4.980352744520731086e-14
4.036727227761159045e+22,1.308214199686453139e+00,-8.144528715841458432e-14,1.319285162451512504e-13,5.048322908673666611e-14
4.046037505577080534e+22,1.311231455238934362e+00,-8.107089328900806464e-14,1.322327951990616313e-13,5.116190191005356661e-14
4.055369256548880613e+22,1.314255669767300461e+00,-8.069822046171885332e-14,1.325377759397002855e-13,5.183955547798143217e-14
4.064722530202088899e+22,1.317286859321682879e+00,-8.032726076513002349e-14,1.328434600856629994e-13,5.251619932053297593e-14
4.074097376176461840e+22,1.320325039989230564e+00,-7.995800632419239818e-14,1.331498492592787268e-13,5.319184293508632862e-14
4.083493844226235223e+22,1.323370227894193674e+00,-7.959044930005777885e-14,1.334569450866178435e-13,5.386649578656006466e-14
4.092911984220407700e+22,1.326422439198013947e+00,-7.922458188991179517e-14,1.337647491975013362e-13,5.454016730758954104e-14
4.102351846142992450e+22,1.329481690099406643e+00,-7.886039632680874915e-14,1.340732632255092337e-13,5.521286689870048453e-14
4.111813480093281419e+22,1.332547996834446691e+00,-7.849788487950681261e-14,1.343824888079889877e-13,5.588460392848217505e-14
4.121296936286119631e+22,1.335621375676657063e+00,-7.813703985230350237e-14,1.346924275860646616e-13,5.655538773376115919e-14
4.130802265052167746e+22,1.338701842937093822e+00,-7.777785358487254376e-14,1.350030812046453112e-13,5.722522761977276747e-14
4.140329516838162950e+22,1.341789414964431382e+00,-7.742031845210141584e-14,1.353144513124336941e-13,5.789413286033227824e-14
4.149878742207199130e+22,1.344884108145052215e+00,-7.706442686392904794e-14,1.356265395619353314e-13,5.856211269800628349e-14
4.159449991838986928e+22,1.347985938903132119e+00,-7.671017126518504352e-14,1.359393476094669399e-13,5.922917634428189639e-14
4.169043316530117974e+22,1.351094923700725481e+00,-7.635754413542932051e-14,1.362528771151652667e-13,5.989533297973594617e-14
4.178658767194349267e+22,1.354211079037856980e+00,-7.600653798879213036e-14,1.365671297429961519e-13,6.056059175420402151e-14
4.188296394862862375e+22,1.357334421452606410e+00,-7.565714537381531393e-14,1.368821071607632124e-13,6.122496178694789843e-14
4.197956250684533558e+22,1.360464967521195501e+00,-7.530935887329437788e-14,1.371978110401164751e-13,6.188845216682209719e-14
4.207638385926211423e+22,1.363602733858078286e+00,-7.496317110412059626e-14,1.375142430565616161e-13,6.255107195244101986e-14
4.217342851972988718e+22,1.366747737116029482e+00,-7.461857471712441216e-14,1.378314048894687455e-13,6.321283017234433337e-14
4.227069700328463217e+22,1.369899993986228193e+00,-7.427556239691984909e-14,1.381492982220809144e-13,6.387373582516106528e-14
4.236818982615029645e+22,1.373059521198353394e+00,-7.393412686174845535e-14,1.384679247415237830e-13,6.453379787977532763e-14
4.246590750574142240e+22,1.376226335520668309e+00,-7.359426086332521745e-14,1.387872861388141028e-13,6.519302527548888539e-14
4.256385056066586542e+22,1.379400453760108558e+00,-7.325595718668476372e-14,1.391073841088685518e-13,6.585142692218378806e-14
4.266201951072762934e+22,1.382581892762375197e+00,-7.291920865002790884e-14,1.394282203505131499e-13,6.650901170048524102e-14
4.276041487692960104e+22,1.385770669412021761e+00,-7.258400810456924587e-14,1.397497965664920693e-13,6.716578846192282345e-14
4.285903718147631874e+22,1.388966800632544407e+00,-7.225034843438541994e-14,1.400721144634766971e-13,6.782176602909127715e-14
4.295788694777664792e+22,1.392170303386469632e+00,-7.191822255626432324e-14,1.403951757520744699e-13,6.847695319581014670e-14
4.305696470044670899e+22,1.395381194675447967e+00,-7.158762341955430270e-14,1.407189821468383409e-13,6.913135872728403818e-14
4.315627096531261194e+22,1.398599491540343021e+00,-7.125854400601462986e-14,1.410435353662757911e-13,6.978499136026116123e-14
4.325580626941315750e+22,1.401825211061318965e+00,-7.093097732966674058e-14,1.413688371328575642e-13,7.043785980319082357e-14
4.335557114100275636e+22,1.405058370357935349e+00,-7.060491643664561369e-14,1.416948891730273344e-13,7.108997273638172070e-14
4.345556610955418062e+22,1.408298986589236357e+00,-7.028035440505227290e-14,1.420216932172105925e-13,7.174133881215831964e-14
4.355579170576133207e+22,1.411547076953839852e+00,-6.995728434480699561e-14,1.423492509998237335e-13,7.239196665501673787e-14
4.365624846154214461e+22,1.414802658690031967e+00,-6.963569939750273617e-14,1.426775642592835478e-13,7.304186486178081160e-14
4.375693691004136928e+22,1.418065749075857696e+00,-6.931559273625971049e-14,1.430066347380162841e-13,7.369104200175657361e-14
4.385785758563332574e+22,1.421336365429209270e+00,-6.899695756558064949e-14,1.433364641824667369e-13,7.433950661688608746e-14
4.395901102392490538e+22,1.424614525107923635e+00,-6.867978712120606521e-14,1.436670543431079654e-13,7.498726722190190016e-14
4.406039776175828081e+22,1.427900245509871047e+00,-6.836407466997104419e-14,1.439984069744501535e-13,7.563433230447910931e-14
4.416201833721375805e+22,1.431193544073046331e+00,-6.804981350966230584e-14,1.443305238350500011e-13,7.628071032538769527e-14
4.426387328961271248e+22,1.434494438275665029e+00,-6.773699696887568998e-14,1.446634066875202657e-13,7.692640971864457568e-14
4.436596315952041584e+22,1.437802945636254659e+00,-6.742561840687457843e-14,1.449970572985389510e-13,7.757143889166437260e-14
4.446828848874883803e+22,1.441119083713744864e+00,-6.711567121344923793e-14,1.453314774388586728e-13,7.821580622540943487e-14
4.457084982035961663e+22,1.444442870107565557e+00,-6.680714880877606212e-14,1.456666688833160489e-13,7.885952007453998675e-14
4.467364769866694263e+22,1.447774322457737517e+00,-6.650004464327799996e-14,1.460026334108413930e-13,7.950258876756339306e-14
4.477668266924031187e+22,1.451113458444964310e+00,-6.619435219748588027e-14,1.463393728044676258e-13,8.014502060698174553e-14
4.487995527890759529e+22,1.454460295790730440e+00,-6.589006498189947128e-14,1.466768888513402206e-13,8.078682386944074932e-14
4.498346607575786586e+22,1.457814852257392824e+00,-6.558717653685001684e-14,1.470151833427265941e-13,8.142800680587657730e-14
4.508721560914424234e+22,1.461177145648273612e+00,-6.528568043236316397e-14,1.473542580740252700e-13,8.206857764166210598e-14
4.519120442968690917e+22,1.464547193807757886e+00,-6.498557026802226906e-14,1.476941148447757991e-13,8.270854457675353001e-14
4.529543308927601895e+22,1.467925014621387136e+00,-6.468683967283257492e-14,1.480347554586683273e-13,8.334791578583575243e-14
4.539990214107456969e+22,1.471310626015953638e+00,-6.438948230508600634e-14,1.483761817235528345e-13,8.398669941846682821e-14
4.550461213952134926e+22,1.474704045959594367e+00,-6.409349185222667249e-14,1.487183954514488784e-13,8.462490359922220595e-14
4.560956364033394685e+22,1.478105292461890041e+00,-6.379886203071653333e-14,1.490613984585553639e-13,8.526253642783883062e-14
4.571475720051164709e+22,1.481514383573958149e+00,-6.350558658590223992e-14,1.494051925652601106e-13,8.589960597935787065e-14
4.582019337833833248e+22,1.484931337388547101e+00,-6.321365929188245434e-14,1.497497795961492429e-13,8.653612030426678854e-14
4.592587273338557877e+22,1.488356172040136594e+00,-6.292307395137534624e-14,1.500951613800172628e-13,8.717208742864191652e-14
4.603179582651555748e+22,1.491788905705031754e+00,-6.263382439558722549e-14,1.504413397498766924e-13,8.780751535428946693e-14
4.613796321988392989e+22,1.495229556601456844e+00,-6.234590448408175528e-14,1.507883165429673892e-13,8.844241205888563397e-14
4.624437547694297606e+22,1.498678142989656736e+00,-6.205930810464930420e-14,1.511360936007668452e-13,8.907678549611754103e-14
4.635103316244453078e+22,1.502134683171991947e+00,-6.177402917317720695e-14,1.514846727689997794e-13,8.971064359582257249e-14
4.645793684244288609e+22,1.505599195493032560e+00,-6.149006163352095919e-14,1.518340558976475791e-13,9.034399426412661995e-14
4.656508708429797052e+22,1.509071698339661483e+00,-6.120739945737518513e-14,1.521842448409587254e-13,9.097684538358354031e-14
4.667248445667821801e+22,1.512552210141168141e+00,-6.092603664414594299e-14,1.525352414574581838e-13,9.160920481331224078e-14
4.678012952956362136e+22,1.516040749369345519e+00,-6.064596722082335874e-14,1.528870476099573247e-13,9.224108038913396596e-14
4.688802287424881086e+22,1.519537334538592077e+00,-6.036718524185461313e-14,1.532396651655640718e-13,9.287247992370945866e-14
4.699616506334605738e+22,1.523041984206007227e+00,-6.008968478901786281e-14,1.535930959956926709e-13,9.350341120667480804e-14
4.710455667078820843e+22,1.526554716971488368e+00,-5.981345997129681777e-14,1.539473419760731816e-13,9.413388200477636381e-14
4.721319827183192611e+22,1.530075551477833917e+00,-5.953850492475516728e-14,1.543024049867622817e-13,9.476390006200711443e-14
4.732209044306062318e+22,1.533604506410839896e+00,-5.926481381241245736e-14,1.546582869121526829e-13,9.539347309974022552e-14
4.743123376238748290e+22,1.537141600499396743e+00,-5.899238082412028380e-14,1.550149896409830766e-13,9.602260881686279284e-14
4.754062880905862998e+22,1.540686852515593452e+00,-5.872120017643859880e-14,1.553725150663484590e-13,9.665131488990986022e-14
4.765027616365615881e+22,1.544240281274813720e+00,-5.845126611251315348e-14,1.557308650857101017e-13,9.727959897319694824e-14
4.776017640810122890e+22,1.547801905635838304e+00,-5.818257290195316770e-14,1.560900416009055234e-13,9.790746869895235565e-14
4.787033012565705123e+22,1.551371744500940508e+00,-5.791511484070999690e-14,1.564500465181584101e-13,9.853493167744841324e-14
4.798073790093218493e+22,1.554949816815993202e+00,-5.764888625095552134e-14,1.568108817480893444e-13,9.916199549713382309e-14
4.809140031988347332e+22,1.558536141570564748e+00,-5.738388148096201199e-14,1.571725492057253214e-13,9.978866772476330946e-14
4.820231796981916448e+22,1.562130737798019142e+00,-5.712009490498213540e-14,1.575350508105099983e-13,1.004149559055278629e-13
4.831349143940214922e+22,1.565733624575621041e+00,-5.685752092312921086e-14,1.578983884863143719e-13,1.010408675631851610e-13
4.842492131865297263e+22,1.569344821024634795e+00,-5.659615396125863519e-14,1.582625641614463967e-13,1.016664102001877679e-13
4.853660819895297140e+22,1.572964346310423478e+00,-5.633598847084954093e-14,1.586275797686614359e-13,1.022915912978118887e-13
4.864855267304746988e+22,1.576592219642555470e+00,-5.607701892888682065e-14,1.589934372451727369e-13,1.029164183162859225e-13
4.876075533504891742e+22,1.580228460274903712e+00,-5.581923983774394009e-14,1.593601385326614281e-13,1.035408986949174880e-13
4.887321678043995859e+22,1.583873087505746291e+00,-5.556264572506642021e-14,1.597276855772868438e-13,1.041650398522204236e-13
4.898593760607669636e+22,1.587526120677872354e+00,-5.530723114365540137e-14,1.600960803296969996e-13,1.047888491860415983e-13
4.909891841019183786e+22,1.591187579178683587e+00,-5.505299067135210987e-14,1.604653247450388924e-13,1.054123340736867762e-13
4.921215979239778130e+22,1.594857482440294350e+00,-5.479991891092287994e-14,1.608354207829687740e-13,1.060355018720458878e-13
4.932566235368992958e+22,1.598535849939639153e+00,-5.454801048994434603e-14,1.612063704076626782e-13,1.066583599177183384e-13
4.943942669644981076e+22,1.602222701198573906e+00,-5.429726006068949980e-14,1.615781755878269215e-13,1.072809155271374217e-13
4.955345342444822384e+22,1.605918055783977616e+00,-5.404766230001430866e-14,1.619508382967081253e-13,1.079031759966938104e-13
4.966774314284856902e+22,1.609621933307860298e+00,-5.379921190924441014e-14,1.623243605121042978e-13,1.085251486028598813e-13
4.978229645820998504e+22,1.613334353427464896e+00,-5.355190361406282227e-14,1.626987442163749561e-13,1.091468406023121339e-13
4.989711397849050330e+22,1.617055335845369424e+00,-5.330573216439806414e-14,1.630739913964515274e-13,1.097682592320534569e-13
5.001219631305041170e+22,1.620784900309596210e+00,-5.306069233431246587e-14,1.634501040438482533e-13,1.103894117095357874e-13
5.012754407265545067e+22,1.624523066613714262e+00,-5.281677892189127995e-14,1.638270841546727171e-13,1.110103052327814308e-13
5.024315786947991699e+22,1.628269854596941846e+00,-5.257398674913253105e-14,1.642049337296359156e-13,1.116309469805033846e-13
5.035903831711010311e+22,1.632025284144256405e+00,-5.233231066183672067e-14,1.645836547740636189e-13,1.122513441122268983e-13
5.047518603054747641e+22,1.635789375186497807e+00,-5.209174552949755405e-14,1.649632492979065938e-13,1.128715037684090397e-13
5.059160162621191723e+22,1.639562147700474481e+00,-5.185228624519307114e-14,1.653437193157512819e-13,1.134914330705582107e-13
5.070828572194498203e+22,1.643343621709066893e+00,-5.161392772547726966e-14,1.657250668468305282e-13,1.141111391213532712e-13
5.082523893701325881e+22,1.647133817281339008e+00,-5.137666491027201858e-14,1.661072939150343854e-13,1.147306290047623606e-13
5.094246189211161356e+22,1.650932754532641322e+00,-5.114049276275973517e-14,1.664904025489208423e-13,1.153499097861611008e-13
5.105995520936641141e+22,1.654740453624715890e+00,-5.090540626927657321e-14,1.668743947817262744e-13,1.159689885124497138e-13
5.117771951233895603e+22,1.658556934765808677e+00,-5.067140043920576270e-14,1.672592726513768796e-13,1.165878722121711106e-13
5.129575542602872757e+22,1.662382218210773255e+00,-5.043847030487175103e-14,1.676450382004989271e-13,1.172065678956271887e-13
5.141406357687662910e+22,1.666216324261176496e+00,-5.020661092143495001e-14,1.680316934764296875e-13,1.178250825549947501e-13
5.153264459276843431e+22,1.670059273265410926e+00,-4.997581736678645765e-14,1.684192405312284643e-13,1.184434231644420004e-13
5.165149910303810938e+22,1.673911085618801087e+00,-4.974608474144360666e-14,1.688076814216876006e-13,1.190615966802439876e-13
5.177062773847100070e+22,1.677771781763707892e+00,-4.951740816844628289e-14,1.691970182093428787e-13,1.196796100408966021e-13
5.189003113130739158e+22,1.681641382189643430e+00,-4.928978279325294712e-14,1.695872529604850570e-13,1.202974701672321162e-13
5.200970991524573191e+22,1.685519907433376208e+00,-4.906320378363784340e-14,1.699783877461704718e-13,1.209151839625326284e-13
5.212966472544599356e+22,1.689407378079038402e+00,-4.883766632958842180e-14,1.703704246422320945e-13,1.215327583126436853e-13
5.224989619853310978e+22,1.693303814758239767e+00,-4.861316564320310210e-14,1.707633657292906131e-13,1.221502000860875236e-13
5.237040497260036411e+22,1.697209238150174659e+00,-4.838969695858960539e-14,1.711572130927656151e-13,1.227675161341760098e-13
5.249119168721262005e+22,1.701123668981728843e+00,-4.816725553176409974e-14,1.715519688228861145e-13,1.233847132911220148e-13
5.261225698340991979e+22,1.705047128027595393e+00,-4.794583664055006198e-14,1.719476350147022896e-13,1.240017983741522276e-13
5.273360150371079763e+22,1.708979636110381950e+00,-4.772543558447823746e-14,1.723442137680963881e-13,1.246187781836181506e-13
5.285522589211561873e+22,1.712921214100718625e+00,-4.750604768468697855e-14,1.727417071877934815e-13,1.252356595031065156e-13
5.297713079411011905e+22,1.716871882917373915e+00,-4.728766828382266515e-14,1.731401173833732281e-13,1.258524490995505566e-13
5.309931685666877761e+22,1.720831663527362387e+00,-4.707029274594098347e-14,1.735394464692808286e-13,1.264691537233398452e-13
5.322178472825825578e+22,1.724800576946057484e+00,-4.685391645640845095e-14,1.739396965648381338e-13,1.270857801084296702e-13
5.334453505884077792e+22,1.728778644237300322e+00,-4.663853482180457226e-14,1.743408697942548772e-13,1.277023349724503176e-13
5.346756849987767973e+22,1.732765886513515152e+00,-4.642414326982419727e-14,1.747429682866401364e-13,1.283188250168159455e-13
5.359088570433287278e+22,1.736762324935820834e+00,-4.621073724918035229e-14,1.751459941760138185e-13,1.289352569268334599e-13
5.371448732667614121e+22,1.740767980714138519e+00,-4.599831222950801801e-14,1.755499496013172116e-13,1.295516373718091936e-13
5.383837402288681596e+22,1.744782875107311115e+00,-4.578686370126754131e-14,1.759548367064252286e-13,1.301679730051576810e-13
5.396254645045719728e+22,1.748807029423212311e+00,-4.557638717564901909e-14,1.763606576401573372e-13,1.307842704645083119e-13
5.408700526839591862e+22,1.752840465018857596e+00,-4.536687818447721205e-14,1.767674145562887934e-13,1.314005363718115814e-13
5.421175113723162919e+22,1.756883203300522833e+00,-4.515833228011642076e-14,1.771751096135626069e-13,1.320167773334461988e-13
5.433678471901644168e+22,1.760935265723855281e+00,-4.495074503537610629e-14,1.775837449757006230e-13,1.326329999403245293e-13
5.446210667732928771e+22,1.764996673793984172e+00,-4.474411204341719247e-14,1.779933228114148571e-13,1.332492107679976583e-13
5.458771767727970111e+22,1.769067449065641284e+00,-4.453842891765810944e-14,1.784038452944194600e-13,1.338654163767613632e-13
5.471361838551121527e+22,1.773147613143271739e+00,-4.433369129168183423e-14,1.788153146034421029e-13,1.344816233117602686e-13
5.483980947020479411e+22,1.777237187681146580e+00,-4.412989481914343630e-14,1.792277329222350337e-13,1.350978381030915974e-13
5.496629160108259856e+22,1.781336194383482452e+00,-4.392703517367737060e-14,1.796411024395875478e-13,1.357140672659101835e-13
5.509306544941141747e+22,1.785444655004554404e+00,-4.372510804880590658e-14,1.800554253493370192e-13,1.363303173005311127e-13
5.522013168800617411e+22,1.789562591348809129e+00,-4.352410915784779072e-14,1.804707038503804623e-13,1.369465946925326653e-13
5.534749099123363388e+22,1.793690025270985311e+00,-4.332403423382695957e-14,1.808869401466866232e-13,1.375629059128596636e-13
5.547514403501592753e+22,1.797826978676227316e+00,-4.312487902938212365e-14,1.813041364473074911e-13,1.381792574179253548e-13
5.560309149683404925e+22,1.801973473520198654e+00,-4.292663931667670476e-14,1.817222949663897839e-13,1.387956556497130917e-13
5.573133405573159793e+22,1.806129531809203881e+00,-4.272931088730883648e-14,1.821414179231871158e-13,1.394121070358782919e-13
5.585987239231832562e+22,1.810295175600302953e+00,-4.253288955222215970e-14,1.825615075420715333e-13,1.400286179898493610e-13
5.598870718877365227e+22,1.814470427001424913e+00,-4.233737114161701586e-14,1.829825660525452790e-13,1.406451949109282632e-13
5.611783912885044904e+22,1.818655308171491347e+00,-4.214275150486166539e-14,1.834045956892526812e-13,1.412618441843910158e-13
5.624726889787856991e+22,1.822849841320530517e+00,-4.194902651040433917e-14,1.838275986919921697e-13,1.418785721815878306e-13
5.637699718276853426e+22,1.827054048709795708e+00,-4.175619204568548564e-14,1.842515773057280648e-13,1.424953852600425729e-13
5.650702467201505847e+22,1.831267952651881581e+00,-4.156424401705056698e-14,1.846765337806021637e-13,1.431122897635515904e-13
5.663735205570088953e+22,1.835491575510846740e+00,-4.137317834966297517e-14,1.851024703719462113e-13,1.437292920222832236e-13
5.676798002550036182e+22,1.839724939702329864e+00,-4.118299098741760436e-14,1.855293893402937391e-13,1.443463983528761284e-13
5.689890927468302094e+22,1.843968067693666280e+00,-4.099367789285487770e-14,1.859572929513915761e-13,1.449636150585366921e-13
5.703014049811742379e+22,1.848220982004012969e+00,-4.080523504707481196e-14,1.863861834762125470e-13,1.455809484291377350e-13
5.716167439227479602e+22,1.852483705204464703e+00,-4.061765844965177638e-14,1.868160631909673610e-13,1.461984047413155720e-13
5.729351165523258035e+22,1.856756259918170837e+00,-4.043094411854976902e-14,1.872469343771160730e-13,1.468159902585662914e-13
5.742565298667836251e+22,1.861038668820461872e+00,-4.024508809003757947e-14,1.876787993213810840e-13,1.474337112313434982e-13
5.755809908791349504e+22,1.865330954638966476e+00,-4.006008641860472156e-14,1.881116603157588537e-13,1.480515738971541385e-13
5.769085066185669607e+22,1.869633140153729167e+00,-3.987593517687792770e-14,1.885455196575318411e-13,1.486695844806539197e-13
5.782390841304800035e+22,1.873945248197337321e+00,-3.969263045553741599e-14,1.889803796492811766e-13,1.492877491937437669e-13
5.795727304765235790e+22,1.878267301655038635e+00,-3.951016836323407879e-14,1.894162425988986021e-13,1.499060742356645360e-13
5.809094527346336701e+22,1.882599323464861030e+00,-3.932854502650693630e-14,1.898531108195986387e-13,1.505245657930917024e-13
5.822492579990712458e+22,1.886941336617738996e+00,-3.914775658970077949e-14,1.902909866299310567e-13,1.511432300402302772e-13
5.835921533804596743e+22,1.891293364157633050e+00,-3.896779921488430527e-14,1.907298723537933208e-13,1.517620731389090155e-13
5.849381460058212139e+22,1.895655429181649643e+00,-3.878866908176884488e-14,1.911697703204422526e-13,1.523811012386734140e-13
5.862872430186167743e+22,1.900027554840168609e+00,-3.861036238762701024e-14,1.916106828645073339e-13,1.530003204768803237e-13
5.876394515787827433e+22,1.904409764336963962e+00,-3.843287534721207868e-14,1.920526123260023694e-13,1.536197369787902908e-13
5.889947788627684832e+22,1.908802080929323797e+00,-3.825620419267774370e-14,1.924955610503381084e-13,1.542393568576603773e-13
5.903532320635757579e+22,1.913204527928179521e+00,-3.808034517349790992e-14,1.929395313883348410e-13,1.548591862148369311e-13
5.917148183907964813e+22,1.917617128698226869e+00,-3.790529455638716955e-14,1.933845256962349700e-13,1.554792311398478004e-13
5.930795450706493755e+22,1.922039906658046471e+00,-3.773104862522171437e-14,1.938305463357147990e-13,1.560994977104930847e-13
5.944474193460210749e+22,1.926472885280234637e+00,-3.755760368096013412e-14,1.942775956738980636e-13,1.567199919929379294e-13
5.958184484765023653e+22,1.930916088091523264e+00,-3.738495604156514883e-14,1.947256760833677699e-13,1.573407200418026210e-13
5.971926397384281974e+22,1.935369538672907952e+00,-3.721310204192524028e-14,1.951747899421792712e-13,1.579616879002540183e-13
5.985700004249144289e+22,1.939833260659767467e+00,-3.704203803377712899e-14,1.956249396338722587e-13,1.585829016000951424e-13
5.999505378458987607e+22,1.944307277741996520e+00,-3.687176038562799891e-14,1.960761275474841149e-13,1.592043671618561034e-13
6.013342593281785699e+22,1.948791613664128120e+00,-3.670226548267854243e-14,1.965283560775623337e-13,1.598260905948837913e-13
6.027211722154484905e+22,1.953286292225455911e+00,-3.653354972674640300e-14,1.969816276241767637e-13,1.604480778974303544e-13
6.041112838683416855e+22,1.957791337280167632e+00,-3.636560953618947895e-14,1.974359445929331888e-13,1.610703350567437225e-13
6.055046016644680149e+22,1.962306772737467897e+00,-3.619844134582998454e-14,1.978913093949856221e-13,1.616928680491556313e-13
6.069011329984517007e+22,1.966832622561702326e+00,-3.603204160687902227e-14,1.983477244470487763e-13,1.623156828401697478e-13
6.083008852819731022e+22,1.971368910772490990e+00,-3.586640678686083961e-14,1.988051921714115940e-13,1.629387853845507544e-13
6.097038659438067161e+22,1.975915661444852311e+00,-3.570153336953808282e-14,1.992637149959498442e-13,1.635621816264117677e-13
6.111100824298596807e+22,1.980472898709328078e+00,-3.553741785483720861e-14,1.997232953541385172e-13,1.641858774993013023e-13
6.125195422032134668e+22,1.985040646752117999e+00,-3.537405675877394623e-14,2.001839356850654811e-13,1.648098789262915475e-13
6.139322527441622139e+22,1.989618929815204273e+00,-3.521144661337949165e-14,2.006456384334442046e-13,1.654341918200647256e-13
6.153482215502514854e+22,1.994207772196477713e+00,-3.504958396662696048e-14,2.011084060496261516e-13,1.660588220829991974e-13
6.167674561363203798e+22,1.998807198249872963e+00,-3.488846538235789769e-14,2.015722409896146904e-13,1.666837756072568053e-13
6.181899640345398660e+22,2.003417232385493740e+00,-3.472808744020945629e-14,2.020371457150776146e-13,1.673090582748681457e-13
6.196157527944523783e+22,2.008037899069740728e+00,-3.456844673554185364e-14,2.025031226933600927e-13,1.679346759578182454e-13
6.210448299830132552e+22,2.012669222825446358e+00,-3.440953987936592884e-14,2.029701743974981486e-13,1.685606345181322135e-13
6.224772031846305025e+22,2.017311228232002485e+00,-3.425136349827124904e-14,2.034383033062316618e-13,1.691869398079604127e-13
6.239128800012034638e+22,2.021963939925487619e+00,-3.409391423435470181e-14,2.039075119040171658e-13,1.698135976696624703e-13
6.253518680521655190e+22,2.026627382598803262e+00,-3.393718874514887913e-14,2.043778026810415555e-13,1.704406139358926763e-13
6.267941749745231751e+22,2.031301581001802248e+00,-3.378118370355133872e-14,2.048491781332349866e-13,1.710679944296836415e-13
6.282398084228972544e+22,2.035986559941421081e+00,-3.362589579775385893e-14,2.053216407622844566e-13,1.716957449645305851e-13
6.296887760695620692e+22,2.040682344281807392e+00,-3.347132173117230590e-14,2.057951930756463258e-13,1.723238713444740325e-13
6.311410856044882035e+22,2.045388958944458491e+00,-3.331745822237644383e-14,2.062698375865606046e-13,1.729523793641841545e-13
6.325967447353825270e+22,2.050106428908351486e+00,-3.316430200502031964e-14,2.067455768140637024e-13,1.735812748090433890e-13
6.340557611877274537e+22,2.054834779210069406e+00,-3.301184982777313344e-14,2.072224132830016541e-13,1.742105634552285081e-13
6.355181427048248980e+22,2.059574034943945087e+00,-3.286009845424989457e-14,2.077003495240441314e-13,1.748402510697942242e-13
6.369838970478356175e+22,2.064324221262187287e+00,-3.270904466294289161e-14,2.081793880736974927e-13,1.754703434107546011e-13
6.384530319958193943e+22,2.069085363375012143e+00,-3.255868524715340864e-14,2.086595314743178097e-13,1.761008462271644137e-13
6.399255553457792431e+22,2.073857486550785278e+00,-3.240901701492337198e-14,2.091407822741255078e-13,1.767317652592021484e-13
6.414014749127005857e+22,2.078640616116149697e+00,-3.226003678896777954e-14,2.096231430272178119e-13,1.773631062382500260e-13
6.428807985295925235e+22,2.083434777456159015e+00,-3.211174140660730053e-14,2.101066162935827054e-13,1.779948748869754112e-13
6.443635340475309543e+22,2.088239996014417343e+00,-3.196412771970096986e-14,2.105912046391125121e-13,1.786270769194115422e-13
6.458496893356995091e+22,2.093056297293212076e+00,-3.181719259457941264e-14,2.110769106356177791e-13,1.792597180410383601e-13
6.473392722814303207e+22,2.097883706853646224e+00,-3.167093291197845363e-14,2.115637368608401771e-13,1.798928039488617234e-13
6.488322907902478962e+22,2.102722250315779196e+00,-3.152534556697266995e-14,2.120516858984671160e-13,1.805263403314944397e-13
6.503287527859096335e+22,2.107571953358760464e+00,-3.138042746890962527e-14,2.125407603381448464e-13,1.811603328692352275e-13
6.518286662104476811e+22,2.112432841720962795e+00,-3.123617554134429341e-14,2.130309627754921671e-13,1.817947872341478800e-13
6.533320390242122229e+22,2.117304941200124802e+00,-3.109258672197362076e-14,2.135222958121146870e-13,1.824297090901410599e-13
6.548388792059134214e+22,2.122188277653484612e+00,-3.094965796257155567e-14,2.140147620556182302e-13,1.830651040930466809e-13
6.563491947526623540e+22,2.127082876997914429e+00,-3.080738622892445653e-14,2.145083641196226692e-13,1.837009778906982127e-13
6.578629936800155566e+22,2.131988765210063530e+00,-3.066576850076651879e-14,2.150031046237760106e-13,1.843373361230094918e-13
6.593802840220164633e+22,2.136905968326494154e+00,-3.052480177171571312e-14,2.154989861937682792e-13,1.849741844220525724e-13
6.609010738312376012e+22,2.141834512443816063e+00,-3.038448304921003281e-14,2.159960114613451747e-13,1.856115284121351482e-13
6.624253711788245464e+22,2.146774423718830871e+00,-3.024480935444385485e-14,2.164941830643224104e-13,1.862493737098785556e-13
6.639531841545377835e+22,2.151725728368666601e+00,-3.010577772230477418e-14,2.169935036465994703e-13,1.868877259242946899e-13
6.654845208667962422e+22,2.156688452670919798e+00,-2.996738520131062109e-14,2.174939758581737965e-13,1.875265906568631754e-13
6.670193894427193246e+22,2.161662622963790081e+00,-2.982962885354689507e-14,2.179956023551544457e-13,1.881659735016075506e-13
6.685577980281715320e+22,2.166648265646227145e+00,-2.969250575460422389e-14,2.184983857997769324e-13,1.888058800451727148e-13
6.700997547878050798e+22,2.171645407178066201e+00,-2.955601299351641599e-14,2.190023288604168606e-13,1.894463158669004572e-13
6.716452679051018397e+22,2.176654074080166090e+00,-2.942014767269868945e-14,2.195074342116037066e-13,1.900872865389050109e-13
6.731943455824191422e+22,2.181674292934556725e+00,-2.928490690788603991e-14,2.200137045340359149e-13,1.907287976261498686e-13
6.747469960410322226e+22,2.186706090384576306e+00,-2.915028782807205018e-14,2.205211425145946806e-13,1.913708546865226304e-13
6.763032275211768352e+22,2.191749493135010329e+00,-2.901628757544803438e-14,2.210297508463579099e-13,1.920134632709098755e-13
6.778630482820949711e+22,2.196804527952239017e+00,-2.888290330534223252e-14,2.215395322286150625e-13,1.926566289232728426e-13
6.794264666020773049e+22,2.201871221664375877e+00,-2.875013218615950999e-14,2.220504893668811120e-13,1.933003571807215957e-13
6.809934907785069829e+22,2.206949601161407593e+00,-2.861797139932127158e-14,2.225626249729109341e-13,1.939446535735896688e-13
6.825641291279049215e+22,2.212039693395343676e+00,-2.848641813920550177e-14,2.230759417647138978e-13,1.945895236255084086e-13
6.841383899859733447e+22,2.217141525380354583e+00,-2.835546961308728142e-14,2.235904424665682793e-13,1.952349728534809884e-13
6.857162817076385651e+22,2.222255124192912934e+00,-2.822512304107960747e-14,2.241061298090352216e-13,1.958810067679556142e-13
6.872978126670979609e+22,2.227380516971944058e+00,-2.809537565607416210e-14,2.246230065289739315e-13,1.965276308728997663e-13
6.888829912578630930e+22,2.232517730918966326e+00,-2.796622470368267508e-14,2.251410753695559669e-13,1.971748506658733044e-13
6.904718258928031577e+22,2.237666793298231926e+00,-2.783766744217856073e-14,2.256603390802793734e-13,1.978226716381008158e-13
6.920643250041914602e+22,2.242827731436877858e+00,-2.770970114243853905e-14,2.261808004169838308e-13,1.984710992745453012e-13
6.936604970437500417e+22,2.248000572725069368e+00,-2.758232308788472069e-14,2.267024621418652433e-13,1.991201390539805226e-13
6.952603504826922933e+22,2.253185344616139840e+00,-2.745553057442712739e-14,2.272253270234896995e-13,1.997697964490625689e-13
6.968638938117711908e+22,2.258382074626745339e+00,-2.732932091040601049e-14,2.277493978368092243e-13,2.004200769264032138e-13
6.984711355413220767e+22,2.263590790337004499e+00,-2.720369141653490149e-14,2.282746773631757639e-13,2.010709859466408750e-13
7.000820842013079581e+22,2.268811519390645071e+00,-2.707863942584371303e-14,2.288011683903560289e-13,2.017225289645123064e-13
7.016967483413659805e+22,2.274044289495153581e+00,-2.695416228362204197e-14,2.293288737125465901e-13,2.023747114289245418e-13
7.033151365308519704e+22,2.279289128421920996e+00,-2.683025734736286042e-14,2.298577961303884941e-13,2.030275387830256274e-13
7.049372573588864054e+22,2.284546064006391486e+00,-2.670692198670639937e-14,2.303879384509822586e-13,2.036810164642758592e-13
7.065631194343982026e+22,2.289815124148203207e+00,-2.658415358338443301e-14,2.309193034879023112e-13,2.043351499045178845e-13
7.081927313861737080e+22,2.295096336811348170e+00,-2.646194953116444318e-14,2.314518940612126912e-13,2.049899445300482417e-13
7.098261018628997304e+22,2.300389730024311685e+00,-2.634030723579451897e-14,2.319857129974815391e-13,2.056454057616870328e-13
7.114632395332098458e+22,2.305695331880222021e+00,-2.621922411494823114e-14,2.325207631297958897e-13,2.063015390148476711e-13
7.131041530857319616e+22,2.311013170537004058e+00,-2.609869759816970849e-14,2.330570472977773730e-13,2.069583496996076645e-13
7.147488512291331113e+22,2.316343274217526282e+00,-2.597872512681916540e-14,2.335945683475967553e-13,2.076158432207775805e-13
7.163973426921649209e+22,2.321685671209745561e+00,-2.585930415401864085e-14,2.341333291319889332e-13,2.082740249779702892e-13
7.180496362237120951e+22,2.327040389866866565e+00,-2.574043214459777211e-14,2.346733325102686354e-13,2.089329003656708632e-13
7.197057405928377994e+22,2.332407458607487438e+00,-2.562210657504004806e-14,2.352145813483454675e-13,2.095924747733054163e-13
7.213656645888287913e+22,2.337786905915746782e+00,-2.550432493342934968e-14,2.357570785187383014e-13,2.102527535853089581e-13
7.230294170212447447e+22,2.343178760341483091e+00,-2.538708471939642426e-14,2.363008269005917843e-13,2.109137421811953695e-13
7.246970067199632972e+22,2.348583050500380853e+00,-2.527038344406592756e-14,2.368458293796907777e-13,2.115754459356248533e-13
7.263684425352265230e+22,2.353999805074121543e+00,-2.515421863000362066e-14,2.373920888484758069e-13,2.122378702184721925e-13
7.280437333376892509e+22,2.359429052810539496e+00,-2.503858781116367404e-14,2.379396082060585603e-13,2.129010203948948831e-13
7.297228880184661246e+22,2.364870822523774674e+00,-2.492348853283633450e-14,2.384883903582374397e-13,2.135649018254011147e-13
7.314059154891764820e+22,2.370325143094418774e+00,-2.480891835159594561e-14,2.390384382175123021e-13,2.142295198659163628e-13
7.330928246819949380e+22,2.375792043469678205e+00,-2.469487483524887970e-14,2.395897547031007169e-13,2.148948798678518246e-13
7.347836245496971028e+22,2.381271552663522417e+00,-2.458135556278200313e-14,2.401423427409532633e-13,2.155609871781712634e-13
7.364783240657056353e+22,2.386763699756834445e+00,-2.446835812431138775e-14,2.406962052637682727e-13,2.162278471394568944e-13
7.381769322241413297e+22,2.392268513897573889e+00,-2.435588012103090872e-14,2.412513452110086911e-13,2.168954650899777950e-13
7.398794580398678265e+22,2.397786024300924801e+00,-2.424391916516153965e-14,2.418077655289166703e-13,2.175638463637551338e-13
7.415859105485416091e+22,2.403316260249455105e+00,-2.413247287990049637e-14,2.423654691705298242e-13,2.182329962906293184e-13
7.432962988066572180e+22,2.408859251093264930e+00,-2.402153889937098957e-14,2.429244590956962243e-13,2.189029201963252252e-13
7.450106318915984215e+22,2.414415026250151808e+00,-2.391111486857177251e-14,2.434847382710907058e-13,2.195736234025189428e-13
7.467289189016852759e+22,2.419983615205762550e+00,-2.380119844332722812e-14,2.440463096702308229e-13,2.202451112269036074e-13
7.484511689562205979e+22,2.425565047513745132e+00,-2.369178729023772762e-14,2.446091762734914890e-13,2.209173889832537740e-13
7.501773911955410518e+22,2.431159352795912998e+00,-2.358287908662990703e-14,2.451733410681219913e-13,2.215904619814920842e-13
7.519075947810647127e+22,2.436766560742400500e+00,-2.347447152050744220e-14,2.457388070482614903e-13,2.222643355277540418e-13
7.536417888953382941e+22,2.442386701111814773e+00,-2.336656229050203224e-14,2.463055772149544185e-13,2.229390149244523831e-13
7.553799827420882351e+22,2.448019803731401378e+00,-2.325914910582442064e-14,2.468736545761669892e-13,2.236145054703425591e-13
7.571221855462680953e+22,2.453665898497199294e+00,-2.315222968621582988e-14,2.474430421468032016e-13,2.242908124605873591e-13
7.588684065541067899e+22,2.459325015374195900e+00,-2.304580176189961371e-14,2.480137429487200368e-13,2.249679411868204231e-13
7.606186550331602633e+22,2.464997184396493957e+00,-2.293986307353292207e-14,2.485857600107446238e-13,2.256458969372116985e-13
7.623729402723586330e+22,2.470682435667465704e+00,-2.283441137215882985e-14,2.491590963686896378e-13,2.263246849965308016e-13
7.641312715820546759e+22,2.476380799359910068e+00,-2.272944441915868655e-14,2.497337550653691534e-13,2.270043106462104542e-13
7.658936582940756699e+22,2.482092305716220082e+00,-2.262495998620439333e-14,2.503097391506154567e-13,2.276847791644110823e-13
7.676601097617725509e+22,2.487816985048540541e+00,-2.252095585521118810e-14,2.508870516812953525e-13,2.283660958260841770e-13
7.694306353600663860e+22,2.493554867738922542e+00,-2.241742981829067679e-14,2.514656957213250582e-13,2.290482659030343940e-13
7.712052444855025638e+22,2.499305984239494904e+00,-2.231437967770375092e-14,2.520456743416881265e-13,2.297312946639843535e-13
7.729839465562979382e+22,2.505070365072620486e+00,-2.221180324581407009e-14,2.526269906204508444e-13,2.304151873746367901e-13
7.747667510123909926e+22,2.510848040831056061e+00,-2.210969834504160435e-14,2.532096476427784388e-13,2.310999492977368534e-13
7.765536673154931779e+22,2.516639042178119734e+00,-2.200806280781636280e-14,2.537936485009520411e-13,2.317855856931356720e-13
7.783447049491382377e+22,2.522443399847852152e+00,-2.190689447653239669e-14,2.543789962943848927e-13,2.324721018178525024e-13
7.801398734187315331e+22,2.528261144645173708e+00,-2.180619120350208017e-14,2.549656941296380976e-13,2.331595029261360206e-13
7.819391822516033946e+22,2.534092307446059067e+00,-2.170595085091032168e-14,2.555537451204384944e-13,2.338477942695281885e-13
7.837426409970566011e+22,2.539936919197691267e+00,-2.160617129076939691e-14,2.561431523876938027e-13,2.345369810969243837e-13
7.855502592264193966e+22,2.545795010918632251e+00,-2.150685040487360508e-14,2.567339190595102431e-13,2.352270686546366601e-13
7.873620465330939757e+22,2.551666613698981401e+00,-2.140798608475445217e-14,2.573260482712081373e-13,2.359180621864536757e-13
7.891780125326096676e+22,2.557551758700546962e+00,-2.130957623163575529e-14,2.579195431653395794e-13,2.366099669337038020e-13
7.909981668626734357e+22,2.563450477157009910e+00,-2.121161875638911301e-14,2.585144068917045404e-13,2.373027881353154053e-13
7.928225191832185314e+22,2.569362800374082489e+00,-2.111411157948971661e-14,2.591106426073672265e-13,2.379965310278775320e-13
7.946510791764600265e+22,2.575288759729686294e+00,-2.101705263097193395e-14,2.597082534766738001e-13,2.386912008457018567e-13
7.964838565469434675e+22,2.581228386674110808e+00,-2.092043985038555619e-14,2.603072426712686365e-13,2.393868028208830645e-13
7.983208610215953747e+22,2.587181712730179495e+00,-2.082427118675207589e-14,2.609076133701105806e-13,2.400833421833585268e-13
8.001621023497781038e+22,2.593148769493423433e+00,-2.072854459852098731e-14,2.615093687594910216e-13,2.407808241609700470e-13
8.020075903033400099e+22,2.599129588632245635e+00,-2.063325805352653473e-14,2.621125120330501498e-13,2.414792539795236372e-13
8.038573346766652755e+22,2.605124201888084468e+00,-2.053840952894467851e-14,2.627170463917934656e-13,2.421786368628487902e-13
8.057113452867294436e+22,2.611132641075590399e+00,-2.044399701124995389e-14,2.633229750441096521e-13,2.428789780328597203e-13
8.075696319731497488e+22,2.617154938082791649e+00,-2.035001849617284405e-14,2.639303012057871856e-13,2.435802827096143321e-13
8.094322045982362881e+22,2.623191124871258051e+00,-2.025647198865724792e-14,2.645390281000311473e-13,2.442825561113738963e-13
8.112990730470468826e+22,2.629241233476280470e+00,-2.016335550281803948e-14,2.651491589574808943e-13,2.449858034546628769e-13
8.131702472274375764e+22,2.635305296007033782e+00,-2.007066706189898042e-14,2.657606970162268208e-13,2.456900299543278499e-13
8.150457370701153174e+22,2.641383344646747400e+00,-1.997840469823076221e-14,2.663736455218273729e-13,2.463952408235966233e-13
8.169255525286923154e+22,2.647475411652880695e+00,-1.988656645318914916e-14,2.669880077273269707e-13,2.471014412741378121e-13
8.188097035797370451e+22,2.653581529357291302e+00,-1.979515037715349693e-14,2.676037868932726193e-13,2.478086365161191003e-13
8.206982002228272615e+22,2.659701730166403433e+00,-1.970415452946535000e-14,2.682209862877311247e-13,2.485168317582657557e-13
8.225910524806046941e+22,2.665836046561386397e+00,-1.961357697838716210e-14,2.688396091863072182e-13,2.492260322079200529e-13
8.244882703988267208e+22,2.671984511098323356e+00,-1.952341580106138907e-14,2.694596588721601673e-13,2.499362430710987782e-13
8.263898640464210611e+22,2.678147156408385854e+00,-1.943366908346955331e-14,2.700811386360219002e-13,2.506474695525523500e-13
8.282958435155364440e+22,2.684324015198001234e+00,-1.934433492039180041e-14,2.707040517762133637e-13,2.513597168558215665e-13
8.302062189215996497e+22,2.690515120249034720e+00,-1.925541141536624128e-14,2.713284015986633046e-13,2.520729901832970791e-13
8.321210004033676876e+22,2.696720504418959941e+00,-1.916689668064879285e-14,2.719541914169251824e-13,2.527872947362763927e-13
8.340401981229799729e+22,2.702940200641028579e+00,-1.907878883717316384e-14,2.725814245521944364e-13,2.535026357150212694e-13
8.359638222660152014e+22,2.709174241924452442e+00,-1.899108601451083114e-14,2.732101043333268121e-13,2.542190183188159905e-13
8.378918830415441979e+22,2.715422661354576661e+00,-1.890378635083139167e-14,2.738402340968557797e-13,2.549364477460244070e-13
8.398243906821824289e+22,2.721685492093049774e+00,-1.881688799286311931e-14,2.744718171870097497e-13,2.556549291941466367e-13
8.417613554441467095e+22,2.727962767378007580e+00,-1.873038909585350293e-14,2.751048569557306021e-13,2.563744678598771244e-13
8.437027876073098969e+22,2.734254520524247667e+00,-1.864428782353007157e-14,2.757393567626912555e-13,2.570950689391611871e-13
8.456486974752515582e+22,2.740560784923398607e+00,-1.855858234806159825e-14,2.763753199753126817e-13,2.578167376272511055e-13
8.475990953753175287e+22,2.746881594044108255e+00,-1.847327085001906712e-14,2.770127499687830904e-13,2.585394791187640328e-13
8.495539916586724255e+22,2.753216981432216492e+00,-1.838835151833716131e-14,2.776516501260751457e-13,2.592632986077379844e-13
8.515133967003531660e+22,2.759566980710928430e+00,-1.830382255027588322e-14,2.782920238379634845e-13,2.599882012876876266e-13
8.534773208993273532e+22,2.765931625581002251e+00,-1.821968215138210548e-14,2.789338745030437510e-13,2.607141923516616297e-13
8.554457746785457878e+22,2.772310949820921966e+00,-1.813592853545163934e-14,2.795772055277498119e-13,2.614412769922981536e-13
8.574187684849985048e+22,2.778704987287075934e+00,-1.805255992449125576e-14,2.802220203263720839e-13,2.621694604018808376e-13
8.593963127897708089e+22,2.785113771913940717e+00,-1.796957454868092419e-14,2.808683223210757088e-13,2.628987477723947909e-13
8.613784180880989749e+22,2.791537337714260492e+00,-1.788697064633622813e-14,2.815161149419190316e-13,2.636291442955827845e-13
8.633650948994239352e+22,2.797975718779222021e+00,-1.780474646387106461e-14,2.821654016268707665e-13,2.643606551629997271e-13
8.653563537674498317e+22,2.804428949278642946e+00,-1.772290025576029632e-14,2.828161858218295350e-13,2.650932855660692608e-13
8.673522052601988776e+22,2.810897063461150314e+00,-1.764143028450273200e-14,2.834684709806414358e-13,2.658270406961386912e-13
8.693526599700657157e+22,2.817380095654358207e+00,-1.756033482058433711e-14,2.841222605651180684e-13,2.665619257445337155e-13
8.713577285138766417e+22,2.823878080265057378e+00,-1.747961214244136561e-14,2.847775580450558193e-13,2.672979459026144632e-13
8.733674215329444659e+22,2.830391051779393319e+00,-1.739926053642390197e-14,2.854343668982537343e-13,2.680351063618298197e-13
8.753817496931248846e+22,2.836919044763050568e+00,-1.731927829675945681e-14,2.860926906105319466e-13,2.687734123137725087e-13
8.774007236848723480e+22,2.843462093861432560e+00,-1.723966372551681817e-14,2.867525326757500033e-13,2.695128689502331630e-13
8.794243542232987809e+22,2.850020233799851699e+00,-1.716041513256989956e-14,2.874138965958260505e-13,2.702534814632561635e-13
8.814526520482292826e+22,2.856593499383711876e+00,-1.708153083556191938e-14,2.880767858807549080e-13,2.709952550451930044e-13
8.834856279242583310e+22,2.863181925498686553e+00,-1.700300915986971599e-14,2.887412040486266482e-13,2.717381948887569196e-13
8.855232926408085026e+22,2.869785547110914159e+00,-1.692484843856813224e-14,2.894071546256455796e-13,2.724823061870774599e-13
8.875656570121876826e+22,2.876404399267178835e+00,-1.684704701239463662e-14,2.900746411461491284e-13,2.732275941337545138e-13
8.896127318776439269e+22,2.883038517095091180e+00,-1.676960322971418740e-14,2.907436671526255601e-13,2.739740639229113696e-13
8.916645281014261953e+22,2.889687935803284979e+00,-1.669251544648406524e-14,2.914142361957341237e-13,2.747217207492500489e-13
8.937210565728410586e+22,2.896352690681598840e+00,-1.661578202621898022e-14,2.920863518343232266e-13,2.754705698081042684e-13
8.957823282063085666e+22,2.903032817101259599e+00,-1.653940133995643147e-14,2.927600176354489639e-13,2.762206162954925514e-13
8.978483539414228140e+22,2.909728350515077278e+00,-1.646337176622201616e-14,2.934352371743948588e-13,2.769718654081728553e-13
8.999191447430096539e+22,2.916439326457631598e+00,-1.638769169099500362e-14,2.941120140346905930e-13,2.777243223436955831e-13
9.019947116011815594e+22,2.923165780545452286e+00,-1.631235950767422818e-14,2.947903518081301318e-13,2.784779923004558878e-13
9.040750655314012091e+22,2.929907748477222018e+00,-1.623737361704376737e-14,2.954702540947923732e-13,2.792328804777486027e-13
9.061602175745360134e+22,2.936665266033956279e+00,-1.616273242723913770e-14,2.961517245030589700e-13,2.799889920758198386e-13
9.082501787969175054e+22,2.943438369079192096e+00,-1.608843435371347456e-14,2.968347666496337673e-13,2.807463322959202990e-13
9.103449602904017391e+22,2.950227093559186997e+00,-1.601447781920383843e-14,2.975193841595625932e-13,2.815049063403587453e-13
9.124445731724264997e+22,2.957031475503103302e+00,-1.594086125369778926e-14,2.982055806662518890e-13,2.822647194125540997e-13
9.145490285860696883e+22,2.963851551023197306e+00,-1.586758309440007129e-14,2.988933598114878432e-13,2.830257767170877499e-13
9.166583377001110621e+22,2.970687356315018679e+00,-1.579464178569934835e-14,2.995827252454564861e-13,2.837880834597571157e-13
9.187725117090896124e+22,2.977538927657597867e+00,-1.572203577913526108e-14,3.002736806267624703e-13,2.845516448476271966e-13
9.208915618333621171e+22,2.984406301413634832e+00,-1.564976353336556290e-14,3.009662296224483068e-13,2.853164660890827249e-13
9.230154993191652164e+22,2.991289514029700225e+00,-1.557782351413331612e-14,3.016603759080146098e-13,2.860825523938812779e-13
9.251443354386736297e+22,2.998188602036424122e+00,-1.550621419423438763e-14,3.023561231674388786e-13,2.868499089732044721e-13
9.272780814900600504e+22,3.005103602048690981e+00,-1.543493405348501096e-14,3.030534750931955909e-13,2.876185410397105705e-13
9.294167487975545373e+22,3.012034550765830598e+00,-1.536398157868953454e-14,3.037524353862749842e-13,2.883884538075854244e-13
9.315603487115057509e+22,3.018981484971818396e+00,-1.529335526360826452e-14,3.044530077562036544e-13,2.891596524925953836e-13
9.337088926084415200e+22,3.025944441535469931e+00,-1.522305360892548435e-14,3.051551959210638927e-13,2.899321423121383895e-13
9.358623918911263867e+22,3.032923457410628743e+00,-1.515307512221770473e-14,3.058590036075128704e-13,2.907059284852951688e-13
9.380208579886263671e+22,3.039918569636374190e+00,-1.508341831792184413e-14,3.065644345508034395e-13,2.914810162328815891e-13
9.401843023563663291e+22,3.046929815337211078e+00,-1.501408171730381630e-14,3.072714924948031667e-13,2.922574107774993473e-13
9.423527364761913970e+22,3.053957231723264609e+00,-1.494506384842710209e-14,3.079801811920143260e-13,2.930351173435872145e-13
9.445261718564291949e+22,3.061000856090484668e+00,-1.487636324612146006e-14,3.086905044035941441e-13,2.938141411574726840e-13
9.467046200319500773e+22,3.068060725820840773e+00,-1.480797845195186114e-14,3.094024658993745409e-13,2.945944874474226608e-13
9.488880925642271909e+22,3.075136878382515260e+00,-1.473990801418754948e-14,3.101160694578818194e-13,2.953761614436942510e-13
9.510766010414002287e+22,3.082229351330111111e+00,-1.467215048777116334e-14,3.108313188663575169e-13,2.961591683785863599e-13
9.532701570783358275e+22,3.089338182304847358e+00,-1.460470443428807989e-14,3.115482179207778931e-13,2.969435134864898259e-13
9.554687723166872948e+22,3.096463409034753589e+00,-1.453756842193594943e-14,3.122667704258738219e-13,2.977292020039378567e-13
9.576724584249600403e+22,3.103605069334880007e+00,-1.447074102549417910e-14,3.129869801951519960e-13,2.985162391696578295e-13
9.598812270985713025e+22,3.110763201107493270e+00,-1.440422082629374474e-14,3.137088510509143645e-13,2.993046302246206166e-13
9.620950900599113856e+22,3.117937842342271892e+00,-1.433800641218711006e-14,3.144323868242781761e-13,3.000943804120910724e-13
9.643140590584079162e+22,3.125129031116518963e+00,-1.427209637751817416e-14,3.151575913551971336e-13,3.008854949776789752e-13
9.665381458705882546e+22,3.132336805595358875e+00,-1.420648932309243528e-14,3.158844684924816892e-13,3.016779791693892618e-13
9.687673623001385507e+22,3.139561204031934949e+00,-1.414118385614739272e-14,3.166130220938182299e-13,3.024718382376708483e-13
9.710017201779711882e+22,3.146802264767621704e+00,-1.407617859032282727e-14,3.173432560257914433e-13,3.032670774354686318e-13
9.732412313622843438e+22,3.154060026232222924e+00,-1.401147214563147613e-14,3.180751741639033511e-13,3.040637020182718576e-13
9.754859077386262440e+22,3.161334526944176826e+00,-1.394706314842969989e-14,3.188087803925946147e-13,3.048617172441649085e-13
9.777357612199570729e+22,3.168625805510757676e+00,-1.388295023138834516e-14,3.195440786052647300e-13,3.056611283738763786e-13
9.799908037467133968e+22,3.175933900628286288e+00,-1.381913203346368926e-14,3.202810727042930303e-13,3.064619406708293584e-13
9.822510472868720856e+22,3.183258851082332974e+00,-1.375560719986853318e-14,3.210197666010595371e-13,3.072641594011910134e-13
9.845165038360108781e+22,3.190600695747917825e+00,-1.369237438204352176e-14,3.217601642159647511e-13,3.080677898339212530e-13
9.867871854173756588e+22,3.197959473589727430e+00,-1.362943223762841341e-14,3.225022694784518668e-13,3.088728372408234708e-13
9.890631040819425339e+22,3.205335223662315602e+00,-1.356677943043363372e-14,3.232460863270266643e-13,3.096793068965930116e-13
9.913442719084802422e+22,3.212727985110306328e+00,-1.350441463041194911e-14,3.239916187092783601e-13,3.104872040788663968e-13
9.936307010036181028e+22,3.220137797168611815e+00,-1.344233651363013088e-14,3.247388705819013677e-13,3.112965340682712558e-13
9.959224035019072523e+22,3.227564699162635442e+00,-1.338054376224092546e-14,3.254878459107156938e-13,3.121073021484747431e-13
9.982193915658849013e+22,3.235008730508474706e+00,-1.331903506445508928e-14,3.262385486706875880e-13,3.129195136062325113e-13
1.000521677386140940e+23,3.242469930713142379e+00,-1.325780911451347884e-14,3.269909828459516050e-13,3.137331737314381372e-13
1.002829273181382026e+23,3.249948339374768125e+00,-1.319686461265935226e-14,3.277451524298314062e-13,3.145482878171720445e-13
1.005142191198493831e+23,3.257443996182807222e+00,-1.313620026511084433e-14,3.285010614248602062e-13,3.153648611597493651e-13
1.007460443712610328e+23,3.264956940918258166e+00,-1.307581478403338477e-14,3.292587138428032904e-13,3.161828990587699214e-13
1.009784043027176201e+23,3.272487213453870503e+00,-1.301570688751243679e-14,3.300181137046784117e-13,3.170024068171659876e-13
1.012113001474011777e+23,3.280034853754351776e+00,-1.295587529952628771e-14,3.307792650407770456e-13,3.178233897412507563e-13
1.014447331413380301e+23,3.287599901876586905e+00,-1.289631874991891369e-14,3.315421718906865540e-13,3.186458531407676150e-13
1.016787045234052862e+23,3.295182397969849575e+00,-1.283703597437303857e-14,3.323068383033111373e-13,3.194698023289381082e-13
1.019132155353372819e+23,3.302782382276007844e+00,-1.277802571438332048e-14,3.330732683368929887e-13,3.202952426225096477e-13
1.021482674217323583e+23,3.310399895129747971e+00,-1.271928671722959213e-14,3.338414660590344579e-13,3.211221793418048895e-13
1.023838614300594547e+23,3.318034976958784021e+00,-1.266081773595026669e-14,3.346114355467196090e-13,3.219506178107693423e-13
1.026199988106644507e+23,3.325687668284067477e+00,-1.260261752931594096e-14,3.353831808863350716e-13,3.227805633570191291e-13
1.028566808167772292e+23,3.333358009720011506e+00,-1.254468486180293220e-14,3.361567061736927606e-13,3.236120213118898079e-13
1.030939087045180187e+23,3.341046041974701453e+00,-1.248701850356713375e-14,3.369320155140509284e-13,3.244449970104837788e-13
1.033316837329042208e+23,3.348751805850112007e+00,-1.242961723041785954e-14,3.377091130221364304e-13,3.252794957917185503e-13
1.035700071638568870e+23,3.356475342242319027e+00,-1.237247982379191422e-14,3.384880028221657275e-13,3.261155229983737927e-13
1.038088802622076638e+23,3.364216692141725140e+00,-1.231560507072765699e-14,3.392686890478679079e-13,3.269530839771402604e-13
1.040483042957054370e+23,3.371975896633273351e+00,-1.225899176383926900e-14,3.400511758425059426e-13,3.277921840786666941e-13
1.042882805350228411e+23,3.379752996896659312e+00,-1.220263870129117998e-14,3.408354673588984956e-13,3.286328286576073298e-13
1.045288102537633559e+23,3.387548034206560477e+00,-1.214654468677246504e-14,3.416215677594424915e-13,3.294750230726700123e-13
1.047698947284678832e+23,3.395361049932850595e+00,-1.209070852947149382e-14,3.424094812161351788e-13,3.303187726866637039e-13
1.050115352386213406e+23,3.403192085540811984e+00,-1.203512904405069638e-14,3.431992119105955358e-13,3.311640828665448315e-13
1.052537330666598920e+23,3.411041182591369125e+00,-1.197980505062129128e-14,3.439907640340875457e-13,3.320109589834662592e-13
1.054964894979773568e+23,3.418908382741300045e+00,-1.192473537471833073e-14,3.447841417875416536e-13,3.328594064128233323e-13
1.057398058209321723e+23,3.426793727743457030e+00,-1.186991884727574106e-14,3.455793493815771317e-13,3.337094305343013859e-13
1.059836833268542724e+23,3.434697259446994000e+00,-1.181535430460149095e-14,3.463763910365247992e-13,3.345610367319233035e-13
1.062281233100519663e+23,3.442619019797585889e+00,-1.176104058835288268e-14,3.471752709824494381e-13,3.354142303940965712e-13
1.064731270678185823e+23,3.450559050837647135e+00,-1.170697654551201392e-14,3.479759934591713010e-13,3.362690169136592714e-13
1.067186959004396652e+23,3.458517394706561277e+00,-1.165316102836122511e-14,3.487785627162900419e-13,3.371254016879288026e-13
1.069648311111997372e+23,3.466494093640903884e+00,-1.159959289445877425e-14,3.495829830132065263e-13,3.379833901187477726e-13
1.072115340063890263e+23,3.474489189974658387e+00,-1.154627100661462510e-14,3.503892586191447432e-13,3.388429876125300929e-13
1.074588058953107804e+23,3.482502726139452331e+00,-1.149319423286621026e-14,3.511973938131761394e-13,3.397041995803099512e-13
1.077066480902879618e+23,3.490534744664777200e+00,-1.144036144645447030e-14,3.520073928842407738e-13,3.405670314377862908e-13
1.079550619066701594e+23,3.498585288178209574e+00,-1.138777152579994024e-14,3.528192601311708443e-13,3.414314886053709245e-13
1.082040486628407692e+23,3.506654399405646050e+00,-1.133542335447889593e-14,3.536329998627132051e-13,3.422975765082343265e-13
1.084536096802239068e+23,3.514742121171525291e+00,-1.128331582119966620e-14,3.544486163975526919e-13,3.431653005763530399e-13
1.087037462832914199e+23,3.522848496399057172e+00,-1.123144781977906009e-14,3.552661140643346388e-13,3.440346662445555692e-13
1.089544597995698006e+23,3.530973568110444383e+00,-1.117981824911888400e-14,3.560854972016875976e-13,3.449056789525687278e-13
1.092057515596474168e+23,3.539117379427120458e+00,-1.112842601318254414e-14,3.569067701582470165e-13,3.457783441450644897e-13
1.094576228971815916e+23,3.547279973569974487e+00,-1.107727002097177826e-14,3.577299372926782116e-13,3.466526672717064381e-13
1.097100751489053481e+23,3.555461393859573604e+00,-1.102634918650354200e-14,3.585550029736985809e-13,3.475286537871950515e-13
1.099631096546349086e+23,3.563661683716405459e+00,-1.097566242878689533e-14,3.593819715801020910e-13,3.484063091513152130e-13
1.102167277572767078e+23,3.571880886661102483e+00,-1.092520867180006712e-14,3.602108475007819961e-13,3.492856388289819511e-13
1.104709308028342208e+23,3.580119046314667042e+00,-1.087498684446766030e-14,3.610416351347535572e-13,3.501666482902858780e-13
1.107257201404154961e+23,3.588376206398713464e+00,-1.082499588063785531e-14,3.618743388911781245e-13,3.510493430105402439e-13
1.109810971222401855e+23,3.596652410735696304e+00,-1.077523471905979505e-14,3.627089631893867146e-13,3.519337284703269306e-13
1.112370631036465232e+23,3.604947703249135937e+00,-1.072570230336108655e-14,3.635455124589023263e-13,3.528198101555412334e-13
1.114936194430988253e+23,3.613262127963862813e+00,-1.067639758202532636e-14,3.643839911394645778e-13,3.537075935574392688e-13
1.117507675021946200e+23,3.621595729006247044e+00,-1.062731950836978678e-14,3.652244036810531837e-13,3.545970841726834127e-13
1.120085086456715432e+23,3.629948550604424451e+00,-1.057846704052327100e-14,3.660667545439104716e-13,3.554882875033871833e-13
1.122668442414151065e+23,3.638320637088544807e+00,-1.052983914140387195e-14,3.669110481985663739e-13,3.563812090571624973e-13
1.125257756604656926e+23,3.646712032891000543e+00,-1.048143477869703719e-14,3.677572891258619039e-13,3.572758543471648557e-13
1.127853042770256362e+23,3.655122782546656790e+00,-1.043325292483366073e-14,3.686054818169716730e-13,3.581722288921380249e-13
1.130454314684669409e+23,3.663552930693099619e+00,-1.038529255696821261e-14,3.694556307734297404e-13,3.590703382164615452e-13
1.133061586153382923e+23,3.672002522070865638e+00,-1.033755265695706415e-14,3.703077405071520291e-13,3.599701878501949571e-13
1.135674871013723897e+23,3.680471601523676917e+00,-1.029003221133689055e-14,3.711618155404603579e-13,3.608717833291234926e-13
1.138294183134934451e+23,3.688960213998687010e+00,-1.024273021130310341e-14,3.720178604061074324e-13,3.617751301948043211e-13
1.140919536418245491e+23,3.697468404546715881e+00,-1.019564565268845839e-14,3.728758796473001197e-13,3.626802339946116850e-13
1.143550944796947000e+23,3.705996218322482161e+00,-1.014877753594178757e-14,3.737358778177231773e-13,3.635871002817813786e-13
1.146188422236467060e+23,3.714543700584855834e+00,-1.010212486610668909e-14,3.745978594815645973e-13,3.644957346154579035e-13
1.148831982734442486e+23,3.723110896697087835e+00,-1.005568665280047251e-14,3.754618292135388312e-13,3.654061425607383413e-13
1.151481640320795159e+23,3.731697852127058290e+00,-1.000946191019309777e-14,3.763277915989117801e-13,3.663183296887187012e-13
1.154137409057803165e+23,3.740304612447507893e+00,-9.963449656986297208e-15,3.771957512335241710e-13,3.672323015765378943e-13
1.156799303040179812e+23,3.748931223336290586e+00,-9.917648916392678648e-15,3.780657127238169009e-13,3.681480638074242317e-13
1.159467336395146113e+23,3.757577730576612485e+00,-9.872058716115022505e-15,3.789376806868553211e-13,3.690656219707403081e-13
1.162141523282504765e+23,3.766244180057268132e+00,-9.826678088325659406e-15,3.798116597503531685e-13,3.699849816620275311e-13
1.164821877894718004e+23,3.774930617772894959e+00,-9.781506069645880911e-15,3.806876545526976569e-13,3.709061484830517618e-13
1.167508414456980916e+23,3.783637089824211763e+00,-9.736541701125515907e-15,3.815656697429741157e-13,3.718291280418486014e-13
1.170201147227296603e+23,3.792363642418258962e+00,-9.691784028222587464e-15,3.824457099809900713e-13,3.727539259527674665e-13
1.172900090496553855e+23,3.801110321868653052e+00,-9.647232100783004395e-15,3.833277799373007942e-13,3.736805478365177851e-13
1.175605258588602153e+23,3.809877174595829086e+00,-9.602884973020415334e-15,3.842118842932336841e-13,3.746089993202132735e-13
1.178316665860325313e+23,3.818664247127278699e+00,-9.558741703496166926e-15,3.850980277409125540e-13,3.755392860374163650e-13
1.181034326701722357e+23,3.827471586097812128e+00,-9.514801355099238372e-15,3.859862149832839342e-13,3.764714136281847085e-13
1.183758255535980324e+23,3.836299238249795351e+00,-9.471062995026406299e-15,3.868764507341408013e-13,3.774053877391143855e-13
1.186488466819550271e+23,3.845147250433396113e+00,-9.427525694762449095e-15,3.877687397181476194e-13,3.783412140233851466e-13
1.189224975042227638e+23,3.854015669606843275e+00,-9.384188530060390669e-15,3.886630866708663415e-13,3.792788981408059508e-13
1.191967794727226568e+23,3.862904542836668398e+00,-9.341050580921903572e-15,3.895594963387808449e-13,3.802184457578589397e-13
1.194716940431256243e+23,3.871813917297952656e+00,-9.298110931577794155e-15,3.904579734793220738e-13,3.811598625477442701e-13
1.197472426744600582e+23,3.880743840274586187e+00,-9.255368670468531903e-15,3.913585228608936363e-13,3.821031541904250981e-13
1.200234268291194400e+23,3.889694359159514558e+00,-9.212822890224912879e-15,3.922611492628970985e-13,3.830483263726722093e-13
1.203002479728699753e+23,3.898665521454984795e+00,-9.170472687648813093e-15,3.931658574757566727e-13,3.839953847881078423e-13
1.205777075748586295e+23,3.907657374772807835e+00,-9.128317163693979743e-15,3.940726523009456726e-13,3.849443351372516818e-13
1.208558071076208456e+23,3.916669966834607219e+00,-9.086355423446958129e-15,3.949815385510116051e-13,3.858951831275646312e-13
1.211345480470880772e+23,3.925703345472063788e+00,-9.044586576108135332e-15,3.958925210496008087e-13,3.868479344734926860e-13
1.214139318725960595e+23,3.934757558627184348e+00,-9.003009734972760220e-15,3.968056046314856652e-13,3.878025948965129270e-13
1.216939600668924261e+23,3.943832654352545930e+00,-8.961624017412160665e-15,3.977207941425891876e-13,3.887591701251770411e-13
1.219746341161446450e+23,3.952928680811556461e+00,-8.920428544854989168e-15,3.986380944400110711e-13,3.897176658951561024e-13
1.222559555099476686e+23,3.962045686278701240e+00,-8.879422442768619942e-15,3.995575103920528863e-13,3.906780879492842443e-13
1.225379257413322555e+23,3.971183719139811164e+00,-8.838604840640501813e-15,4.004790468782449887e-13,3.916404420376045010e-13
1.228205463067726709e+23,3.980342827892314528e+00,-8.797974871959732012e-15,4.014027087893718632e-13,3.926047339174121265e-13
1.231038187061944045e+23,3.989523061145486604e+00,-8.757531674198682024e-15,4.023285010274974185e-13,3.935709693532987191e-13
1.233877444429826427e+23,3.998724467620721867e+00,-8.717274388794610821e-15,4.032564285059923505e-13,3.945391541171977617e-13
1.236723250239899026e+23,4.007947096151785793e+00,-8.677202161131503700e-15,4.041864961495595378e-13,3.955092939884280405e-13
1.239575619595438999e+23,4.017190995685065324e+00,-8.637314140521926912e-15,4.051187088942592348e-13,3.964813947537373158e-13
1.242434567634559886e+23,4.026456215279845985e+00,-8.597609480188921722e-15,4.060530716875371419e-13,3.974554622073482155e-13
1.245300109530289280e+23,4.035742804108561010e+00,-8.558087337248065712e-15,4.069895894882495994e-13,3.984315021510015526e-13
1.248172260490648528e+23,4.045050811457050699e+00,-8.518746872689587730e-15,4.079282672666895371e-13,3.994095203939999462e-13
1.251051035758735435e+23,4.054380286724831528e+00,-8.479587251360525429e-15,4.088691100046135865e-13,4.003895227532530579e-13
1.253936450612804966e+23,4.063731279425355503e+00,-8.440607641947009034e-15,4.098121226952685358e-13,4.013715150533215157e-13
1.256828520366348268e+23,4.073103839186266839e+00,-8.401807216956628717e-15,4.107573103434170275e-13,4.023555031264603830e-13
1.259727260368176719e+23,4.082498015749676412e+00,-8.363185152700841429e-15,4.117046779653650239e-13,4.033414928126641935e-13
1.262632686002502296e+23,4.091913858972419327e+00,-8.324740629277496045e-15,4.126542305889883127e-13,4.043294899597108245e-13
1.265544812689016928e+23,4.101351418826314266e+00,-8.286472830553453188e-15,4.136059732537580531e-13,4.053195004232046125e-13
1.268463655882978398e+23,4.110810745398440602e+00,-8.248380944147211348e-15,4.145599110107690996e-13,4.063115300666218930e-13
1.271389231075290870e+23,4.120291888891398635e+00,-8.210464161411682903e-15,4.155160489227663055e-13,4.073055847613546210e-13
1.274321553792583745e+23,4.129794899623568938e+00,-8.172721677417063206e-15,4.164743920641704226e-13,4.083016703867533358e-13
1.277260639597299740e+23,4.139319828029392134e+00,-8.135152690933674445e-15,4.174349455211064249e-13,4.092997928301727505e-13
1.280206504087773239e+23,4.148866724659628247e+00,-8.097756404415013019e-15,4.183977143914296101e-13,4.102999579870146160e-13
1.283159162898315854e+23,4.158435640181630255e+00,-8.060532023980779562e-15,4.193627037847533170e-13,4.113021717607725532e-13
1.286118631699295618e+23,4.168026625379602557e+00,-8.023478759400073052e-15,4.203299188224749266e-13,4.123064400630748662e-13
1.289084926197225394e+23,4.177639731154886071e+00,-7.986595824074551785e-15,4.212993646378045892e-13,4.133127688137300311e-13
1.292058062134842071e+23,4.187275008526216702e+00,-7.949882435021783676e-15,4.222710463757912755e-13,4.143211639407695091e-13
1.295038055291190279e+23,4.196932508629996228e+00,-7.913337812858631272e-15,4.232449691933499893e-13,4.153316313804913675e-13
1.298024921481709628e+23,4.206612282720572971e+00,-7.876961181784646230e-15,4.242211382592904950e-13,4.163441770775058692e-13
1.301018676558315913e+23,4.216314382170507358e+00,-7.840751769565651542e-15,4.251995587543436205e-13,4.173588069847779832e-13
1.304019336409483156e+23,4.226038858470837489e+00,-7.804708807517363207e-15,4.261802358711882689e-13,4.183755270636709042e-13
1.307026916960333694e+23,4.235785763231369572e+00,-7.768831530489000857e-15,4.271631748144805487e-13,4.193943432839915416e-13
1.310041434172718380e+23,4.245555148180939042e+00,-7.733119176847103483e-15,4.281483808008804818e-13,4.204152616240333831e-13
1.313062904045300634e+23,4.255347065167684129e+00,-7.697570988459365680e-15,4.291358590590790141e-13,4.214382880706196611e-13
1.316091342613645361e+23,4.265161566159330064e+00,-7.662186210678492817e-15,4.301256148298271467e-13,4.224634286191486396e-13
1.319126765950301666e+23,4.274998703243461762e+00,-7.626964092326210827e-15,4.311176533659635013e-13,4.234906892736372857e-13
1.322169190164886066e+23,4.284858528627791152e+00,-7.591903885677346991e-15,4.321119799324406248e-13,4.245200760467632746e-13
1.325218631404172083e+23,4.294741094640446732e+00,-7.557004846443906000e-15,4.331085998063548769e-13,4.255515949599109835e-13
1.328275105852174463e+23,4.304646453730248901e+00,-7.522266233759286415e-15,4.341075182769740470e-13,4.265852520432147591e-13
1.331338629730232393e+23,4.314574658466977297e+00,-7.487687310162583922e-15,4.351087406457639104e-13,4.276210533356013265e-13
1.334409219297099928e+23,4.324525761541665680e+00,-7.453267341582883529e-15,4.361122722264185708e-13,4.286590048848356825e-13
1.337486890849030384e+23,4.334499815766873709e+00,-7.419005597323709540e-15,4.371181183448874205e-13,4.296991127475637062e-13
1.340571660719859717e+23,4.344496874076959614e+00,-7.384901350047530751e-15,4.381262843394026054e-13,4.307413829893550730e-13
1.343663545281099302e+23,4.354516989528377735e+00,-7.350953875760268797e-15,4.391367755605096203e-13,4.317858216847493500e-13
1.346762560942018816e+23,4.364560215299949419e+00,-7.317162453795954810e-15,4.401495973710939156e-13,4.328324349172979498e-13
1.349868724149732801e+23,4.374626604693142795e+00,-7.283526366801460226e-15,4.411647551464095737e-13,4.338812287796081056e-13
1.352982051389290934e+23,4.384716211132365871e+00,-7.250044900721210238e-15,4.421822542741083898e-13,4.349322093733871985e-13
1.356102559183763082e+23,4.394829088165240982e+00,-7.216717344782070801e-15,4.432021001542682960e-13,4.359853828094862267e-13
1.359230264094328724e+23,4.404965289462895228e+00,-7.183542991478229318e-15,4.442242981994218867e-13,4.370407552079436794e-13
1.362365182720361848e+23,4.415124868820236692e+00,-7.150521136556214181e-15,4.452488538345848427e-13,4.380983326980286522e-13
1.365507331699523054e+23,4.425307880156251095e+00,-7.117651078999898516e-15,4.462757724972854662e-13,4.391581214182855787e-13
1.368656727707846128e+23,4.435514377514283346e+00,-7.084932121015638049e-15,4.473050596375931554e-13,4.402201275165774984e-13
1.371813387459823938e+23,4.445744415062315547e+00,-7.052363568017482328e-15,4.483367207181467784e-13,4.412843571501292732e-13
1.374977327708501883e+23,4.455998047093270742e+00,-7.019944728612381216e-15,4.493707612141846626e-13,4.423508164855722688e-13
1.378148565245564467e+23,4.466275328025291813e+00,-6.987674914585537321e-15,4.504071866135734731e-13,4.434195116989879248e-13
1.381327116901422371e+23,4.476576312402024804e+00,-6.955553440885807336e-15,4.514460024168361322e-13,4.444904489759503154e-13
1.384512999545305563e+23,4.486901054892921792e+00,-6.923579625611126257e-15,4.524872141371827173e-13,4.455636345115715879e-13
1.387706230085351218e+23,4.497249610293523325e+00,-6.891752789994049137e-15,4.535308273005387342e-13,4.466390745105446748e-13
1.390906825468691790e+23,4.507622033525744421e+00,-6.860072258387352804e-15,4.545768474455743989e-13,4.477167751871870659e-13
1.394114802681547126e+23,4.518018379638175652e+00,-6.828537358249674639e-15,4.556252801237342743e-13,4.487967427654845807e-13
1.397330178749316066e+23,4.528438703806376253e+00,-6.797147420131222367e-15,4.566761308992675616e-13,4.498789834791363526e-13
1.400552970736660497e+23,4.538883061333149449e+00,-6.765901777659619525e-15,4.577294053492554145e-13,4.509635035715957737e-13
1.403783195747603500e+23,4.549351507648858650e+00,-6.734799767525691764e-15,4.587851090636429479e-13,4.520503092961172459e-13
1.407020870925616593e+23,4.559844098311711669e+00,-6.703840729469410926e-15,4.598432476452679649e-13,4.531394069157985397e-13
1.410266013453708480e+23,4.570360889008046712e+00,-6.673024006265910121e-15,4.609038267098897342e-13,4.542308027036238091e-13
1.413518640554520850e+23,4.580901935552645021e+00,-6.642348943711479864e-15,4.619668518862203938e-13,4.553245029425089289e-13
1.416778769490417465e+23,4.591467293889016865e+00,-6.611814890609704634e-15,4.630323288159540308e-13,4.564205139253443585e-13
1.420046417563573918e+23,4.602057020089695527e+00,-6.581421198757656233e-15,4.641002631537961665e-13,4.575188419550384598e-13
1.423321602116073428e+23,4.612671170356543726e+00,-6.551167222932097398e-15,4.651706605674949568e-13,4.586194933445628847e-13
1.426604340529996266e+23,4.623309801021048493e+00,-6.521052320875806892e-15,4.662435267378702735e-13,4.597224744169944800e-13
1.429894650227513371e+23,4.633972968544619597e+00,-6.491075853283932215e-15,4.673188673588447026e-13,4.608277915055607254e-13
1.433192548670975267e+23,4.644660729518881759e+00,-6.461237183790453540e-15,4.683966881374718177e-13,4.619354509536813350e-13
1.436498053363010718e+23,4.655373140665991727e+00,-6.431535678954614514e-15,4.694769947939697031e-13,4.630454591150151091e-13
1.439811181846615976e+23,4.666110258838927827e+00,-6.401970708247513200e-15,4.705597930617486207e-13,4.641578223535011319e-13
1.443131951705245551e+23,4.676872141021785723e+00,-6.372541644038734833e-15,4.716450886874419084e-13,4.652725470434032004e-13
1.446460380562911532e+23,4.687658844330098162e+00,-6.343247861582975890e-15,4.727328874309377868e-13,4.663896395693548583e-13
1.449796486084272838e+23,4.698470426011127188e+00,-6.314088739006818051e-15,4.738231950654086416e-13,4.675091063264018054e-13
1.453140285974728671e+23,4.709306943444162563e+00,-6.285063657295530553e-15,4.749160173773418208e-13,4.686309537200463266e-13
1.456491797980515653e+23,4.720168454140841519e+00,-6.256172000279898585e-15,4.760113601665708360e-13,4.697551881662909121e-13
1.459851039888800272e+23,4.731055015745443626e+00,-6.227413154623162110e-15,4.771092292463062599e-13,4.708818160916830907e-13
1.463218029527771319e+23,4.741966686035194556e+00,-6.198786509808009924e-15,4.782096304431655144e-13,4.720108439333575353e-13
1.466592784766737538e+23,4.752903522920580492e+00,-6.170291458123592631e-15,4.793125695972046770e-13,4.731422781390810978e-13
1.469975323516222917e+23,4.763865584445655443e+00,-6.141927394652617675e-15,4.804180525619498838e-13,4.742761251672972377e-13
1.473365663728056108e+23,4.774852928788335227e+00,-6.113693717258559529e-15,4.815260852044267133e-13,4.754123914871681285e-13
1.476763823395473950e+23,4.785865614260727874e+00,-6.085589826572799694e-15,4.826366734051935075e-13,4.765510835786207015e-13
1.480169820553210715e+23,4.796903699309427616e+00,-6.057615125981963110e-15,4.837498230583708566e-13,4.776922079323888533e-13
1.483583673277595423e+23,4.807967242515826634e+00,-6.029769021615234060e-15,4.848655400716736078e-13,4.788357710500583793e-13
1.487005399686648976e+23,4.819056302596432140e+00,-6.002050922331741499e-15,4.859838303664420663e-13,4.799817794441102917e-13
1.490435017940180633e+23,4.830170938403178127e+00,-5.974460239708006698e-15,4.871046998776740041e-13,4.811302396379659548e-13
1.493872546239880280e+23,4.841311208923723797e+00,-5.946996388025485551e-15,4.882281545540544473e-13,4.822811581660289893e-13
1.497318002829420942e+23,4.852477173281786627e+00,-5.919658784258084853e-15,4.893542003579898055e-13,4.834345415737317206e-13
1.500771405994552396e+23,4.863668890737446127e+00,-5.892446848059812682e-15,4.904828432656375584e-13,4.845903964175777899e-13
1.504232774063195968e+23,4.874886420687450261e+00,-5.865360001752477692e-15,4.916140892669377592e-13,4.857487292651852697e-13
1.507702125405547203e+23,4.886129822665548517e+00,-5.838397670313378145e-15,4.927479443656469626e-13,4.869095466953336176e-13
1.511179478434169320e+23,4.897399156342793880e+00,-5.811559281363132951e-15,4.938844145793680117e-13,4.880728552980048732e-13
1.514664851604093702e+23,4.908694481527869691e+00,-5.784844265153501648e-15,4.950235059395830567e-13,4.892386616744296015e-13
1.518158263412912848e+23,4.920015858167390732e+00,-5.758252054555338498e-15,4.961652244916845539e-13,4.904069724371292012e-13
1.521659732400884553e+23,4.931363346346241627e+00,-5.731782085046493730e-15,4.973095762950084866e-13,4.915777942099619487e-13
1.525169277151028718e+23,4.942737006287886814e+00,-5.705433794699851252e-15,4.984565674228664744e-13,4.927511336281666192e-13
1.528686916289221299e+23,4.954136898354680518e+00,-5.679206624171431837e-15,4.996062039625763685e-13,4.939269973384048957e-13
1.532212668484300004e+23,4.965563083048204263e+00,-5.653100016688467127e-15,5.007584920154968862e-13,4.951053919988084230e-13
1.535746552448160262e+23,4.977015621009582169e+00,-5.627113418037603005e-15,5.019134376970588114e-13,4.962863242790212171e-13
1.539288586935851517e+23,4.988494573019790046e+00,-5.601246276553158981e-15,5.030710471367965999e-13,4.974698008602434875e-13
1.542838790745683940e+23,5.000000000000000888e+00,-5.575498043105359173e-15,5.042313264783830135e-13,4.986558284352776820e-13
