A,A_point,C,C_point,D,baseline_active,beats_006D,beats_024D_scalar,beta_orbit,beta_spin,curvature_concentration,curvature_norm,d_point,f,family,gap,guide_orbit_factor,guide_spin_factor,index,interaction_duty,interaction_kernel,inventory,k_avg,k_max,k_min,major,min_payload_distance,minor,minor_ratio,mobile_active_ratio,mobile_energy,mode,nphase,overhead,overhead_active_ratio,p,payload_clear,phase,q_scalar,q_winding,reset_capacity,reset_duty,reset_kernel,spin_fraction,winding_index
0.3066750526449181,1.3114638460337367,11.713980069423588,2.7392180618142548,10.423633940203816,3.5923854544719998,True,False,0.026597606817260387,0.009975976919755339,1.0000000000000002,1.0,0.5057066792219566,0.9903056407347322,SPIN_AUDIT_UNRESTRICTED,0.036456252448260784,1.0,1.0,3912,0.5057066792219566,0.21498074906087528,3.5923854544720006,0.13938635954730777,0.3964977400426364,0.05271321596047185,1.4668239646912895,1.4774595378629272,1.1826026986755216,0.8062335543613881,1.0002687881354013,3.5914201233536005,CONTIGUOUS,8192,0.0,0.0,0,True,5.264549842683783,1.9305143672972918,1,10.773295038942402,0.48929332077804355,0.06181087003712712,2.5914201233536005,1
0.09383413608916821,0.3997639290298295,11.681147097576858,2.7418440405358115,3.186316935443069,1.0960903464316192,True,False,0.05195547345001251,0.05870516199152917,1.0000000000000002,1.0,0.5044186968524217,0.9937743423506618,SPIN_AUDIT_UNRESTRICTED,0.036456252448260784,1.0,1.0,3912,0.5044186968524217,0.2153108606693372,1.0960903464316192,0.13938635954730777,0.3964977400426364,0.05271321596047185,1.4668239646912895,1.4774595378629272,1.1826026986755216,0.8062335543613881,1.0027629686569328,1.0930702276527882,CONTIGUOUS,8192,0.0,0.0,0,True,5.264549842683783,1.9305143672972918,1,3.276190564179533,0.4905813031475782,0.06187110605556047,0.09307022765278816,1
0.19076294880255,0.8112391755774513,11.662975943894653,2.7425496078722515,6.473746533014117,2.2248636828705477,True,False,0.08837528730463236,0.021389028724282978,1.0000000000000002,1.0,0.5038493084550435,0.9953725254163146,SPIN_AUDIT_UNRESTRICTED,0.036456252448260784,1.0,1.0,3912,0.5038493084550435,0.21545713430239946,2.2248636828705477,0.13938635954730777,0.3964977400426364,0.05271321596047185,1.4668239646912895,1.4774595378629272,1.1826026986755216,0.8062335543613881,1.0037747524290683,2.216496955603361,CONTIGUOUS,8192,0.0,0.0,0,True,5.264549842683783,1.9305143672972918,1,6.641124139542897,0.49115069154495655,0.0618978367014171,1.2164969556033611,1
0.2037883353488782,0.8650057131154179,11.649373145141203,2.744497897656645,6.913773015921429,2.374006361106251,True,False,0.03897804775927216,0.08922093441244215,1.0000000000000002,1.0,0.5031490025327422,0.9971977677196264,SPIN_AUDIT_UNRESTRICTED,0.036456252448260784,1.0,1.0,3912,0.5031490025327422,0.21563732134453859,2.374006361106251,0.13938635954730777,0.3964977400426364,0.05271321596047185,1.4668239646912895,1.4774595378629272,1.1826026986755216,0.8062335543613881,1.00523300537175,2.3616478452458978,CONTIGUOUS,8192,0.0,0.0,0,True,5.264549842683783,1.9305143672972918,1,7.07258501987734,0.4918509974672579,0.06193079426626068,1.3616478452458978,1
0.32652693453476733,1.3897133904270462,11.741066238546965,2.75867987849229,11.135544695754193,3.833774367042392,True,False,0.17926146046351643,0.02376765397377312,1.0000000000000002,1.0,0.5026052819627337,0.9969295784831047,SPIN_AUDIT_UNRESTRICTED,0.036456252448260784,1.0,1.0,3912,0.5026052819627337,0.21577743752990358,3.833774367042392,0.13938635954730777,0.3964977400426364,0.05271321596047185,1.4668239646912895,1.4774595378629272,1.1826026986755216,0.8062335543613881,1.0088726088727125,3.8000579392537475,CONTIGUOUS,8192,0.0,0.0,0,True,5.264549842683783,1.9305143672972918,1,11.366457389972599,0.4923947180372663,0.061956448326371885,2.8000579392537475,1
0.27259956267529134,1.1714208630441967,11.855761514689586,2.758936182584444,9.337631984767501,3.2318754040869306,True,False,0.11380232873931527,0.035097285968251526,1.0000000000000002,1.0,0.505243434650027,0.9890736760571599,SPIN_AUDIT_UNRESTRICTED,0.036456252448260784,1.0,1.0,3912,0.505243434650027,0.2150993609626182,3.2318754040869306,0.13938635954730777,0.3964977400426364,0.05271321596047185,1.4668239646912895,1.4774595378629272,1.1826026986755216,0.8062335543613881,1.004875613602328,3.2161944825202227,CONTIGUOUS,8192,0.0,0.0,0,True,5.264549842683783,1.9305143672972918,1,9.63290252599396,0.489756565349973,0.061832500192270885,2.2161944825202227,1
0.10655407231650878,0.4521613800536934,11.7255151862873,2.7631758222243894,3.633593731985872,1.2494013931079788,True,False,0.10690833143051713,0.11190333630144596,1.0000000000000002,1.0,0.5013798763414511,0.9999866057187319,SPIN_AUDIT_UNRESTRICTED,0.036456252448260784,1.0,1.0,3912,0.5013798763414511,0.21609391488983593,1.2494013931079788,0.13938635954730777,0.3964977400426364,0.05271321596047185,1.4668239646912895,1.4774595378629272,1.1826026986755216,0.8062335543613881,1.011637385191474,1.2350288862362504,CONTIGUOUS,8192,0.0,0.0,0,True,5.264549842683783,1.9305143672972918,1,3.6907141518370232,0.49362012365854907,0.06201447491161481,0.2350288862362504,1
0.10052067734704566,0.4391190541838963,12.096154830022959,2.7689840949134488,3.479141946354815,1.2159136768086458,True,False,0.03730047637596726,0.03161378110013902,1.0000000000000002,1.0,0.5088311591273823,0.9772450542077422,SPIN_AUDIT_UNRESTRICTED,0.036456252448260784,1.0,1.0,3912,0.5088311591273823,0.21418431483083217,1.2159136768086458,0.13938635954730777,0.3964977400426364,0.05271321596047185,1.4668239646912895,1.4774595378629272,1.1826026986755216,0.8062335543613881,1.0013221617387686,1.2143081650137901,CONTIGUOUS,8192,0.0,0.0,0,True,5.264549842683783,1.9305143672972918,1,3.641318983246515,0.48616884087261786,0.06166604426415347,0.21430816501379013,1
0.2765608957156213,1.2106370814736618,12.128106867573374,2.7705743942255436,9.58557646625768,3.35416009863087,True,False,0.046805606464855376,0.021900997909717262,1.0000000000000002,1.0,0.5092473223534841,0.9758290173485875,SPIN_AUDIT_UNRESTRICTED,0.036456252448260784,1.0,1.0,3912,0.5092473223534841,0.2140786979487094,3.3541600986308704,0.13938635954730777,0.3964977400426364,0.05271321596047185,1.4668239646912895,1.4774595378629272,1.1826026986755216,0.8062335543613881,1.0009903048287403,3.3508417438715696,CONTIGUOUS,8192,0.0,0.0,0,True,5.264549842683783,1.9305143672972918,1,10.049206876855408,0.4857526776465159,0.06164689190530094,2.3508417438715696,1
0.1783086259401277,0.7760948957571656,12.063342333162154,2.771565703409225,6.1655689039180865,2.150997995671518,True,False,0.04979522770643234,0.06950695325620472,1.0000000000000002,1.0,0.5075957510483582,0.9805164206773043,SPIN_AUDIT_UNRESTRICTED,0.036456252448260784,1.0,1.0,3912,0.5075957510483582,0.2144984847239144,2.150997995671518,0.13938635954730777,0.3964977400426364,0.05271321596047185,1.4668239646912895,1.4774595378629272,1.1826026986755216,0.8062335543613881,1.0037338503193873,2.142996367998421,CONTIGUOUS,8192,0.0,0.0,0,True,5.264549842683783,1.9305143672972918,1,6.420987476322167,0.48740424895164186,0.06172309068794504,1.1429963679984212,1
0.28703757732695184,1.2427989455406399,12.002652084645424,2.7721396033017887,9.902860725430248,3.445212175874911,True,False,0.10082321563363075,0.06695521103683859,1.0000000000000002,1.0,0.5061060985545731,0.984806664288044,SPIN_AUDIT_UNRESTRICTED,0.036456252448260784,1.0,1.0,3912,0.5061060985545731,0.21487859394830527,3.445212175874911,0.13938635954730777,0.3964977400426364,0.05271321596047185,1.4668239646912895,1.4774595378629272,1.1826026986755216,0.8062335543613881,1.0061424696340842,3.4241792587563396,CONTIGUOUS,8192,0.0,0.0,0,True,5.264549842683783,1.9305143672972918,1,10.251504859150447,0.48889390144542677,0.06179225244413814,2.4241792587563396,1
0.2563355920045,1.1076190998498758,11.995308909609122,2.7760668004355127,8.84519628493353,3.0748246106215076,True,False,0.04512803508155048,0.10671036683209241,1.0000000000000002,1.0,0.5051911889809474,0.98698515817523,SPIN_AUDIT_UNRESTRICTED,0.036456252448260784,1.0,1.0,3912,0.5051911889809474,0.21511274541626266,3.0748246106215076,0.13938635954730777,0.3964977400426364,0.05271321596047185,1.4668239646912895,1.4774595378629272,1.1826026986755216,0.8062335543613881,1.008320791909755,3.049450765363872,CONTIGUOUS,8192,0.0,0.0,0,True,5.264549842683783,1.9305143672972918,1,9.12297845083398,0.4898088110190525,0.06183494154070388,2.049450765363872,1
0.12403221983207005,0.5367701445948097,12.014239720470377,2.7761469916502857,4.2830290720842985,1.4901528221245697,True,False,0.02518734333012253,0.1498088947562501,1.0000000000000002,1.0,0.5056076496608598,0.9857496190816164,SPIN_AUDIT_UNRESTRICTED,0.036456252448260784,1.0,1.0,3912,0.5056076496608598,0.21500609592570907,1.4901528221245697,0.13938635954730777,0.3964977400426364,0.05271321596047185,1.4668239646912895,1.4774595378629272,1.1826026986755216,0.8062335543613881,1.0076951432411445,1.4787734486162663,CONTIGUOUS,8192,0.0,0.0,0,True,5.264549842683783,1.9305143672972918,1,4.4249409723404955,0.4893923503391402,0.06181549118998315,0.47877344861626625,1
0.32878197061354275,1.429173670014027,12.073373784455448,2.777484436001531,11.380794912737032,3.9695076248071484,True,False,0.15724455199576914,0.0039937463169917465,1.0000000000000002,1.0,0.5066955442350608,0.9823839329183102,SPIN_AUDIT_UNRESTRICTED,0.036456252448260784,1.0,1.0,3912,0.5066955442350608,0.2147280170440753,3.9695076248071484,0.13938635954730777,0.3964977400426364,0.05271321596047185,1.4668239646912895,1.4774595378629272,1.1826026986755216,0.8062335543613881,1.0062799703635772,3.944734807126224,CONTIGUOUS,8192,0.0,0.0,0,True,5.264549842683783,1.9305143672972918,1,11.809431603697748,0.48830445576493925,0.0617648355293587,2.944734807126224,1
0.23172018497164865,0.9901262693790942,11.869600365565745,2.7778537720984096,7.959233238199257,2.750425992248443,True,False,0.08696743151545525,0.13107740024942904,1.0000000000000002,1.0,0.5019611955293362,0.9963077418506145,SPIN_AUDIT_UNRESTRICTED,0.036456252448260784,1.0,1.0,3912,0.5019611955293362,0.21594366229769338,2.750425992248443,0.13938635954730777,0.3964977400426364,0.05271321596047185,1.4668239646912895,1.4774595378629272,1.1826026986755216,0.8062335543613881,1.0136367038042358,2.7134238351136446,CONTIGUOUS,8192,0.0,0.0,0,True,5.264549842683783,1.9305143672972918,1,8.103269348206135,0.4930388044706639,0.06198691102580018,1.7134238351136446,1
0.19382801334726105,0.846542450298422,12.140981865835922,2.779851612060955,6.728545321721554,2.3532623951400993,True,False,0.10858472199179231,0.009419231724925339,1.0000000000000002,1.0,0.5077682314376785,0.9789427695795894,SPIN_AUDIT_UNRESTRICTED,0.036456252448260784,1.0,1.0,3912,0.5077682314376785,0.21445456429530946,2.3532623951400993,0.13938635954730777,0.3964977400426364,0.05271321596047185,1.4668239646912895,1.4774595378629272,1.1826026986755216,0.8062335543613881,1.0050866531198193,2.3413527458906174,CONTIGUOUS,8192,0.0,0.0,0,True,5.264549842683783,1.9305143672972918,1,7.012148588422371,0.4872317685623216,0.0617151104405059,1.3413527458906174,1
0.08501167289458073,0.3695255841089159,12.09855882678405,2.783349163654274,2.947509608031559,1.028518725478408,True,False,0.09053482381813227,0.10828652497474105,1.0000000000000002,1.0,0.5061506735172729,0.9832207467406988,SPIN_AUDIT_UNRESTRICTED,0.036456252448260784,1.0,1.0,3912,0.5061506735172729,0.21486719932457832,1.028518725478408,0.13938635954730777,0.3964977400426364,0.05271321596047185,1.4668239646912895,1.4774595378629272,1.1826026986755216,0.8062335543613881,1.00826605245743,1.0200866358354688,CONTIGUOUS,8192,0.0,0.0,0,True,5.264549842683783,1.9305143672972918,1,3.0518278178634666,0.4888493264827272,0.061790178690382495,0.02008663583546877,1
0.2436311627228363,1.0723376491338508,12.288109469151467,2.791813194335752,8.516683515784514,2.9937663976348663,True,False,0.09914682507235556,0.06214388712868094,1.0000000000000002,1.0,0.5087689237054766,0.9744975054636598,SPIN_AUDIT_UNRESTRICTED,0.036456252448260784,1.0,1.0,3912,0.5087689237054766,0.21420011877880002,2.9937663976348667,0.13938635954730777,0.3964977400426364,0.05271321596047185,1.4668239646912895,1.4774595378629272,1.1826026986755216,0.8062335543613881,1.0058671115109092,2.9763040896505117,CONTIGUOUS,8192,0.0,0.0,0,True,5.264549842683783,1.9305143672972918,1,8.91144996096718,0.48623107629452345,0.061668912724411246,1.9763040896505117,1
0.22801476098556395,0.9748690020888615,11.946904998364737,2.7942940865721253,7.87023181730141,2.724070687719375,True,False,0.215806353029795,0.04840122959855944,1.0000000000000002,1.0,0.5006409435900464,0.9980699978768826,SPIN_AUDIT_UNRESTRICTED,0.036456252448260784,1.0,1.0,3912,0.5006409435900464,0.21628522174369852,2.7240706877193746,0.13938635954730777,0.3964977400426364,0.05271321596047185,1.4668239646912895,1.4774595378629272,1.1826026986755216,0.8062335543613881,1.0188859438066828,2.67357765045017,CONTIGUOUS,8192,0.0,0.0,0,True,5.264549842683783,1.9305143672972918,1,7.970239914081306,0.49435905640995353,0.062049603493810425,1.67357765045017,1
0.3145138606517136,1.3959756297024097,12.404010127044318,2.7946283800465164,11.04675743133131,3.9012331126196607,True,False,0.03515348862949759,0.06347537097986787,1.0000000000000002,1.0,0.5107697990572451,0.9683540081605315,SPIN_AUDIT_UNRESTRICTED,0.036456252448260784,1.0,1.0,3912,0.5107697990572451,0.21369324506950418,3.9012331126196607,0.13938635954730777,0.3964977400426364,0.05271321596047185,1.4668239646912895,1.4774595378629272,1.1826026986755216,0.8062335543613881,1.0033107337061444,3.8883597888052464,CONTIGUOUS,8192,0.0,0.0,0,True,5.264549842683783,1.9305143672972918,1,11.652206042601325,0.4842302009427549,0.06157710005997848,2.8883597888052464,1
0.33593197066739205,1.4429956352367048,12.020896338001599,2.7984862167312783,11.633465943487504,4.038203396013314,True,False,0.2267310937056318,0.08464904576260597,1.0000000000000002,1.0,0.5015406279221168,0.9948448771610856,SPIN_AUDIT_UNRESTRICTED,0.036456252448260784,1.0,1.0,3912,0.5015406279221168,0.21605234312005417,4.038203396013314,0.13938635954730777,0.3964977400426364,0.05271321596047185,1.4668239646912895,1.4774595378629272,1.1826026986755216,0.8062335543613881,1.018321936727802,3.9655468966811895,CONTIGUOUS,8192,0.0,0.0,0,True,5.264549842683783,1.9305143672972918,1,11.823984190711442,0.49345937207788304,0.06200684844653892,2.9655468966811895,1
0.205753339237563,0.9190937758855553,12.502348522092404,2.798843844039518,7.2573051119197505,2.572399956732323,True,False,0.05585927476454526,0.03735000323038548,1.0000000000000002,1.0,0.5120946531515052,0.9640145767480135,SPIN_AUDIT_UNRESTRICTED,0.036456252448260784,1.0,1.0,3912,0.5120946531515052,0.21335900571200356,2.572399956732323,0.13938635954730777,0.3964977400426364,0.05271321596047185,1.4668239646912895,1.4774595378629272,1.1826026986755216,0.8062335543613881,1.0020670807675909,2.567093566991389,CONTIGUOUS,8192,0.0,0.0,0,True,5.264549842683783,1.9305143672972918,1,7.695974311233232,0.48290534684849484,0.0615167167002255,1.5670935669913888,1
0.15530155323470884,0.6694546361319242,12.066575252268377,2.7992305643417654,5.387959878335553,1.8739578789007774,True,False,0.16495308899879457,0.0712832627473399,1.0000000000000002,1.0,0.5024344836362681,0.9920992320403457,SPIN_AUDIT_UNRESTRICTED,0.036456252448260784,1.0,1.0,3912,0.5024344836362681,0.2158214890515377,1.8739578789007776,0.13938635954730777,0.3964977400426364,0.05271321596047185,1.4668239646912895,1.4774595378629272,1.1826026986755216,0.8062335543613881,1.0170914029025808,1.842467524111271,CONTIGUOUS,8192,0.0,0.0,0,True,5.264549842683783,1.9305143672972918,1,5.495912217544307,0.49256551636373175,0.06196451804505519,0.8424675241112709,1
0.13462515834598338,0.5838470845165459,12.152032068849987,2.8020508877749393,4.6873365974863335,1.6359692414943976,True,False,0.15402626300230624,0.04515738142188638,1.0000000000000002,1.0,0.5038234826550557,0.987633915618062,SPIN_AUDIT_UNRESTRICTED,0.036456252448260784,1.0,1.0,3912,0.5038234826550557,0.21546377332092698,1.6359692414943974,0.13938635954730777,0.3964977400426364,0.05271321596047185,1.4668239646912895,1.4774595378629272,1.1826026986755216,0.8062335543613881,1.015499717493241,1.6109992088750005,CONTIGUOUS,8192,0.0,0.0,0,True,5.264549842683783,1.9305143672972918,1,4.808027594005604,0.49117651734494416,0.061899049120871165,0.6109992088750005,1
0.0830140387854122,0.3721566364611558,12.564605444957309,2.8026872062510044,2.9362731973411313,1.0430386437310875,True,False,0.014459294261410831,0.20551057887263596,1.0000000000000002,1.0,0.5126989614680981,0.9618025831878185,SPIN_AUDIT_UNRESTRICTED,0.036456252448260784,1.0,1.0,3912,0.5126989614680981,0.21320691226595934,1.0430386437310875,0.13938635954730777,0.3964977400426364,0.05271321596047185,1.4668239646912895,1.4774595378629272,1.1826026986755216,0.8062335543613881,1.0018678996719173,1.041093984618783,CONTIGUOUS,8192,0.0,0.0,0,True,5.264549842683783,1.9305143672972918,1,3.1213372947440448,0.48230103853190187,0.06148927989341083,0.041093984618783,1
0.29478579340700156,1.3197154436808882,12.54765487924808,2.802778748015303,10.42019180584495,3.6988703989763794,True,False,0.09226788831036538,0.015155451994389295,1.0000000000000002,1.0,0.5123204612117866,0.9628742840141058,SPIN_AUDIT_UNRESTRICTED,0.036456252448260784,1.0,1.0,3912,0.5123204612117866,0.21330214663213334,3.69887039897638,0.13938635954730777,0.3964977400426364,0.05271321596047185,1.4668239646912895,1.4774595378629272,1.1826026986755216,0.8062335543613881,1.0024747448847504,3.689739235676825,CONTIGUOUS,8192,0.0,0.0,0,True,5.264549842683783,1.9305143672972918,1,11.06008654373092,0.4826795387882134,0.061506456376768104,2.689739235676825,1
0.2393903785568967,1.0323260493494122,12.095780301787494,2.804940771581636,8.32003618169154,2.895613425385963,True,False,0.15891835064347834,0.12391634904406965,1.0000000000000002,1.0,0.5020221597611696,0.9925748379901052,SPIN_AUDIT_UNRESTRICTED,0.036456252448260784,1.0,1.0,3912,0.5020221597611696,0.2159279161283008,2.8956134253859624,0.13938635954730777,0.3964977400426364,0.05271321596047185,1.4668239646912895,1.4774595378629272,1.1826026986755216,0.8062335543613881,1.0188385573994503,2.8420728724449873,CONTIGUOUS,8192,0.0,0.0,0,True,5.264549842683783,1.9305143672972918,1,8.472678064393987,0.4929778402388304,0.06198402490828346,1.8420728724449873,1
0.1674376060461098,0.7552135141959374,12.657762348471566,2.806339380440161,5.945851608985238,2.1193854255286637,True,False,0.03042038273997605,0.01596663965843618,1.0000000000000002,1.0,0.5139818294112293,0.9576872363686562,SPIN_AUDIT_UNRESTRICTED,0.036456252448260784,1.0,1.0,3912,0.5139818294112293,0.21288478946711875,2.1193854255286637,0.13938635954730777,0.3964977400426364,0.05271321596047185,1.4668239646912895,1.4774595378629272,1.1826026986755216,0.8062335543613881,1.000571463668017,2.118174965493381,CONTIGUOUS,8192,0.0,0.0,0,True,5.264549842683783,1.9305143672972918,1,6.353314436444861,0.48101817058877067,0.06143126030425414,1.118174965493381,1
0.2593748075444812,1.1481915453572689,12.426546662862263,2.8071388978217144,9.130817597622261,3.223133149122414,True,False,0.028757852560840548,0.11040244495030492,1.0000000000000002,1.0,0.5088989388602001,0.9721724167466164,SPIN_AUDIT_UNRESTRICTED,0.036456252448260784,1.0,1.0,3912,0.5088989388602001,0.21416710579118603,3.2231331491224147,0.13938635954730777,0.3964977400426364,0.05271321596047185,1.4668239646912895,1.4774595378629272,1.1826026986755216,0.8062335543613881,1.008633223483981,3.1955452924594283,CONTIGUOUS,8192,0.0,0.0,0,True,5.264549842683783,1.9305143672972918,1,9.559048020715299,0.48610106113979984,0.061662922764356545,2.1955452924594283,1
0.32654827139223336,1.3976804365409818,12.015021572151937,2.807139903050054,11.317449301800655,3.923484525126609,True,False,0.062057655526325105,0.17132034901343285,1.0000000000000002,1.0,0.49978847849207175,0.998920626938343,SPIN_AUDIT_UNRESTRICTED,0.036456252448260784,1.0,1.0,3912,0.49978847849207175,0.21650635648935806,3.923484525126609,0.13938635954730777,0.3964977400426364,0.05271321596047185,1.4668239646912895,1.4774595378629272,1.1826026986755216,0.8062335543613881,1.0227039050916906,3.8363836351782084,CONTIGUOUS,8192,0.0,0.0,0,True,5.264549842683783,1.9305143672972918,1,11.422050015586224,0.4952115215079282,0.06209026378275246,2.8363836351782084,1
0.28831836892750545,1.2810154803512288,12.496129819965645,2.8125060335812835,10.18275232100663,3.602863767598857,True,False,0.11164279222581534,0.0867444552630186,1.0000000000000002,1.0,0.5093889594257847,0.9700784496963024,SPIN_AUDIT_UNRESTRICTED,0.036456252448260784,1.0,1.0,3912,0.5093889594257847,0.2140427785252998,3.602863767598857,0.13938635954730777,0.3964977400426364,0.05271321596047185,1.4668239646912895,1.4774595378629272,1.1826026986755216,0.8062335543613881,1.008907809292297,3.571053504012525,CONTIGUOUS,8192,0.0,0.0,0,True,5.264549842683783,1.9305143672972918,1,10.681350248451244,0.4856110405742152,0.061640380937568635,2.571053504012525,1
0.14184951332350487,0.61389132050928,12.188201445007211,2.8162809694537403,4.953800284092233,1.7288904432631118,True,False,0.07241337354015559,0.2098364088088274,1.0000000000000002,1.0,0.5019696486257472,0.9912562249228358,SPIN_AUDIT_UNRESTRICTED,0.036456252448260784,1.0,1.0,3912,0.5019696486257472,0.2159414787581326,1.7288904432631118,0.13938635954730777,0.3964977400426364,0.05271321596047185,1.4668239646912895,1.4774595378629272,1.1826026986755216,0.8062335543613881,1.0211224569884125,1.6931274319067597,CONTIGUOUS,8192,0.0,0.0,0,True,5.264549842683783,1.9305143672972918,1,5.043619284363928,0.49303035137425283,0.06198651088902359,0.6931274319067597,1
0.13836498234292918,0.6161376287795557,12.544924177413918,2.8171923466831403,4.898376484537312,1.7357782123012622,True,False,0.06461966168880462,0.13050707692466676,1.0000000000000002,1.0,0.5095533328071572,0.9690143968909979,SPIN_AUDIT_UNRESTRICTED,0.036456252448260784,1.0,1.0,3912,0.5095533328071572,0.21400110707611775,1.7357782123012622,0.13938635954730777,0.3964977400426364,0.05271321596047185,1.4668239646912895,1.4774595378629272,1.1826026986755216,0.8062335543613881,1.009554624259013,1.7193504646420479,CONTIGUOUS,8192,0.0,0.0,0,True,5.264549842683783,1.9305143672972918,1,5.14162364626693,0.4854466671928429,0.06163283118500211,0.7193504646420479,1
0.2123236091796745,0.9154104454848041,12.148380024822576,2.8177391958757267,7.405054288506783,2.5793878925565927,True,False,0.010566840628162027,0.1958611413706094,1.0000000000000002,1.0,0.5008128470378491,0.994490128941834,SPIN_AUDIT_UNRESTRICTED,0.036456252448260784,1.0,1.0,3912,0.5008128470378491,0.21624068225826892,2.5793878925565927,0.13938635954730777,0.3964977400426364,0.05271321596047185,1.4668239646912895,1.4774595378629272,1.1826026986755216,0.8062335543613881,1.0231886486367336,2.5209309114143252,CONTIGUOUS,8192,0.0,0.0,0,True,5.264549842683783,1.9305143672972918,1,7.504335753100707,0.4941871529621507,0.062041422512720885,1.5209309114143252,1
0.09563153395409407,0.42708360604320195,12.597424405634662,2.820784976840626,3.3936462399943794,1.2047110197815845,True,False,0.08314278396219014,0.15243508967477828,1.0000000000000002,1.0,0.5099957279451824,0.9672899367287755,SPIN_AUDIT_UNRESTRICTED,0.036456252448260784,1.0,1.0,3912,0.5099957279451824,0.2138890379995179,1.2047110197815845,0.13938635954730777,0.3964977400426364,0.05271321596047185,1.4668239646912895,1.4774595378629272,1.1826026986755216,0.8062335543613881,1.0095570426704297,1.1933065382763743,CONTIGUOUS,8192,0.0,0.0,0,True,5.264549842683783,1.9305143672972918,1,3.568515133323913,0.48500427205481766,0.061612530234173825,0.19330653827637434,1
0.3056520359076668,1.3428896067739837,12.396785346598739,2.8216039954324885,10.765448944594072,3.7891026798982357,True,False,0.2179621168076992,0.07273937622830272,1.0000000000000002,1.0,0.5055498180360226,0.9800626607611775,SPIN_AUDIT_UNRESTRICTED,0.036456252448260784,1.0,1.0,3912,0.5055498180360226,0.21502089874247943,3.7891026798982357,0.13938635954730777,0.3964977400426364,0.05271321596047185,1.4668239646912895,1.4774595378629272,1.1826026986755216,0.8062335543613881,1.0166177113797916,3.7271657157689333,CONTIGUOUS,8192,0.0,0.0,0,True,5.264549842683783,1.9305143672972918,1,11.119560183177498,0.48945018196397744,0.06181818954257743,2.7271657157689333,1
0.3199553258525953,1.397209279446273,12.33506850298915,2.824681255947628,11.246900773828434,3.946670862287978,True,False,0.27234106304403394,0.0367151526203379,1.0000000000000002,1.0,0.5036375087323808,0.9852630477398634,SPIN_AUDIT_UNRESTRICTED,0.036456252448260784,1.0,1.0,3912,0.5036375087323808,0.21551159774332299,3.9466708622879785,0.13938635954730777,0.3964977400426364,0.05271321596047185,1.4668239646912895,1.4774595378629272,1.1826026986755216,0.8062335543613881,1.0201716096498277,3.868634281679988,CONTIGUOUS,8192,0.0,0.0,0,True,5.264549842683783,1.9305143672972918,1,11.527866264431973,0.4913624912676193,0.06190779382576786,2.868634281679988,1
0.15405495775695138,0.6705508280806911,12.29990965193857,2.825829128072743,5.408779659563637,1.8948620618437153,True,False,0.12390303156431763,0.17200350367650388,1.0000000000000002,1.0,0.5026570017119322,0.9879963006824255,SPIN_AUDIT_UNRESTRICTED,0.036456252448260784,1.0,1.0,3912,0.5026570017119322,0.21576410138680382,1.894862061843715,0.13938635954730777,0.3964977400426364,0.05271321596047185,1.4668239646912895,1.4774595378629272,1.1826026986755216,0.8062335543613881,1.021909141411655,1.8542373143136501,CONTIGUOUS,8192,0.0,0.0,0,True,5.264549842683783,1.9305143672972918,1,5.522087195410886,0.4923429982880678,0.06195400644303694,0.8542373143136501,1
0.23255125920940933,1.0180655404966863,12.374398763897908,2.8266176390764337,8.188496752707467,2.877682014503817,True,False,0.22840371153131128,0.04472448804974556,1.0000000000000002,1.0,0.5041329947379052,0.9835628494620323,SPIN_AUDIT_UNRESTRICTED,0.036456252448260784,1.0,1.0,3912,0.5041329947379052,0.21538423109303165,2.877682014503817,0.13938635954730777,0.3964977400426364,0.05271321596047185,1.4668239646912895,1.4774595378629272,1.1826026986755216,0.8062335543613881,1.019778556051444,2.8218695102259517,CONTIGUOUS,8192,0.0,0.0,0,True,5.264549842683783,1.9305143672972918,1,8.40979602639999,0.4908670052620947,0.061884509495770394,1.8218695102259517,1
0.22039420857452302,0.9869439085095397,12.659538237694992,2.8269984613707466,7.844929425918613,2.790088910815699,True,False,0.10307233619596809,0.10225494083762168,1.0000000000000002,1.0,0.510144880522577,0.96608408074826,SPIN_AUDIT_UNRESTRICTED,0.036456252448260784,1.0,1.0,3912,0.510144880522577,0.21385128359923847,2.7900889108156997,0.13938635954730777,0.3964977400426364,0.05271321596047185,1.4668239646912895,1.4774595378629272,1.1826026986755216,0.8062335543613881,1.0105168590334372,2.7610513232648373,CONTIGUOUS,8192,0.0,0.0,0,True,5.264549842683783,1.9305143672972918,1,8.25411638224365,0.484855119477423,0.06160569555074803,1.7610513232648373,1
0.15950055093659704,0.7058341770065204,12.51538510152209,2.828158346401539,5.647273743781425,1.996210818876452,True,False,0.1561827360102907,0.08326819535158575,1.0000000000000002,1.0,0.5068790128735124,0.975363883189857,SPIN_AUDIT_UNRESTRICTED,0.036456252448260784,1.0,1.0,3912,0.5068790128735124,0.21468119715319486,1.996210818876452,0.13938635954730777,0.3964977400426364,0.05271321596047185,1.4668239646912895,1.4774595378629272,1.1826026986755216,0.8062335543613881,1.0158182413989405,1.9651259817183018,CONTIGUOUS,8192,0.0,0.0,0,True,5.264549842683783,1.9305143672972918,1,5.8642931079967555,0.48812098712648755,0.06175631541196524,0.9651259817183018,1
0.21180997935327356,0.9348164185886486,12.494076665253164,2.8308982040568798,7.495624474432011,2.6463701205054897,True,False,0.17710498745553196,0.09688509933929891,1.0000000000000002,1.0,0.5059154266276048,0.977816098369658,SPIN_AUDIT_UNRESTRICTED,0.036456252448260784,1.0,1.0,3912,0.5059154266276048,0.21492734842842912,2.6463701205054897,0.13938635954730777,0.3964977400426364,0.05271321596047185,1.4668239646912895,1.4774595378629272,1.1826026986755216,0.8062335543613881,1.017840406381469,2.5999853257089853,CONTIGUOUS,8192,0.0,0.0,0,True,5.264549842683783,1.9305143672972918,1,7.753571182330452,0.4890845733723952,0.06180113718382311,1.5999853257089853,1
0.21224738667842794,0.9324380720841925,12.440357789747074,2.8317520586825933,7.496602405709221,2.6404334302184402,True,False,0.1263964874157682,0.15030395128950477,1.0000000000000002,1.0,0.5046055150422263,0.9815256372094154,SPIN_AUDIT_UNRESTRICTED,0.036456252448260784,1.0,1.0,3912,0.5046055150422263,0.21526291585864543,2.6404334302184402,0.13938635954730777,0.3964977400426364,0.05271321596047185,1.4668239646912895,1.4774595378629272,1.1826026986755216,0.8062335543613881,1.0200357328539857,2.5885695423930883,CONTIGUOUS,8192,0.0,0.0,0,True,5.264549842683783,1.9305143672972918,1,7.713844739353913,0.49039448495777366,0.061862349900307936,1.5885695423930883,1
0.08973914969495975,0.40331299346788463,12.739504908171545,2.8346032895295625,3.2066539189902334,1.1432323379940807,True,False,0.06163590679317713,0.26706368337292224,1.0000000000000002,1.0,0.510399606403811,0.9644059333950281,SPIN_AUDIT_UNRESTRICTED,0.036456252448260784,1.0,1.0,3912,0.510399606403811,0.21378683494712072,1.1432323379940807,0.13938635954730777,0.3964977400426364,0.05271321596047185,1.4668239646912895,1.4774595378629272,1.1826026986755216,0.8062335543613881,1.011575199634135,1.1301506189629436,CONTIGUOUS,8192,0.0,0.0,0,True,5.264549842683783,1.9305143672972918,1,3.3773701378576937,0.4846003935961889,0.06159403007796581,0.13015061896294355,1
0.20656991230754335,0.9500643297036279,13.04197740297753,2.835681799873959,7.467116935964815,2.6940801284500298,True,False,0.033479689981788394,0.056598597100004554,1.0000000000000002,1.0,0.5163772055981768,0.9473102893680334,SPIN_AUDIT_UNRESTRICTED,0.036456252448260784,1.0,1.0,3912,0.5163772055981768,0.21228605261703193,2.69408012845003,0.13938635954730777,0.3964977400426364,0.05271321596047185,1.4668239646912895,1.4774595378629272,1.1826026986755216,0.8062335543613881,1.0024285285500996,2.687553328461945,CONTIGUOUS,8192,0.0,0.0,0,True,5.264549842683783,1.9305143672972918,1,8.05613318539775,0.4786227944018231,0.061323725728047965,1.687553328461945,1
0.11841038216452457,0.5402917096224915,12.939592732192127,2.8358423666036425,4.263861797407186,1.5321821204721744,True,False,0.04122604644857347,0.11611388331837952,1.0000000000000002,1.0,0.5142794289987856,0.953206610865891,SPIN_AUDIT_UNRESTRICTED,0.036456252448260784,1.0,1.0,3912,0.5142794289987856,0.21281021033433342,1.5321821204721744,0.13938635954730777,0.3964977400426364,0.05271321596047185,1.4668239646912895,1.4774595378629272,1.1826026986755216,0.8062335543613881,1.0057479912785774,1.5234254840761423,CONTIGUOUS,8192,0.0,0.0,0,True,5.264549842683783,1.9305143672972918,1,4.561519815832395,0.48072057100121446,0.06141784182096877,0.5234254840761423,1
0.30571086186599383,1.339517529474226,12.426323519168479,2.835992802842794,10.797240061727724,3.798862072870665,True,False,0.012726143187843264,0.17542531988304108,1.0000000000000002,1.0,0.5035193206819412,0.9841617755591869,SPIN_AUDIT_UNRESTRICTED,0.036456252448260784,1.0,1.0,3912,0.5035193206819412,0.21554200103753243,3.7988620728706652,0.13938635954730777,0.3964977400426364,0.05271321596047185,1.4668239646912895,1.4774595378629272,1.1826026986755216,0.8062335543613881,1.0225342311949441,3.715144155547023,CONTIGUOUS,8192,0.0,0.0,0,True,5.264549842683783,1.9305143672972918,1,11.061714549317426,0.4914806793180589,0.06191335434992514,2.715144155547023,1
0.13699615248547076,0.6199563134058634,12.835084510919538,2.836259840894148,4.913904203760477,1.7583571948218368,True,False,0.11763630497083068,0.05620953073818236,1.0000000000000002,1.0,0.5120666386922951,0.9594378881156445,SPIN_AUDIT_UNRESTRICTED,0.036456252448260784,1.0,1.0,3912,0.5120666386922951,0.21336606178092826,1.7583571948218368,0.13938635954730777,0.3964977400426364,0.05271321596047185,1.4668239646912895,1.4774595378629272,1.1826026986755216,0.8062335543613881,1.0092890879428438,1.742173987440765,CONTIGUOUS,8192,0.0,0.0,0,True,5.264549842683783,1.9305143672972918,1,5.210338754941223,0.4829333613077048,0.06151799182700628,0.7421739874407649,1
0.18140935351246806,0.8126086172971412,12.705335493324869,2.8363798376510125,6.475227511780359,2.304866698003079,True,False,0.1754407035438344,0.002167288737371564,1.0000000000000002,1.0,0.5093586408865534,0.9671717220917344,SPIN_AUDIT_UNRESTRICTED,0.036456252448260784,1.0,1.0,3912,0.5093586408865534,0.21405046527500823,2.304866698003079,0.13938635954730777,0.3964977400426364,0.05271321596047185,1.4668239646912895,1.4774595378629272,1.1826026986755216,0.8062335543613881,1.013537521883725,2.2740812730044127,CONTIGUOUS,8192,0.0,0.0,0,True,5.264549842683783,1.9305143672972918,1,6.791458394014572,0.48564135911344664,0.06164177643051611,1.2740812730044127,1
0.0955501353891476,0.4214687511066269,12.512495159229239,2.836676748587564,3.3859381465839977,1.1955706065204077,True,False,0.14027352264616638,0.1479267737288028,1.0000000000000002,1.0,0.5052386052951636,0.979053414426744,SPIN_AUDIT_UNRESTRICTED,0.036456252448260784,1.0,1.0,3912,0.5052386052951636,0.21510059804525455,1.1955706065204077,0.13938635954730777,0.3964977400426364,0.05271321596047185,1.4668239646912895,1.4774595378629272,1.1826026986755216,0.8062335543613881,1.0200005646014187,1.172127396799624,CONTIGUOUS,8192,0.0,0.0,0,True,5.264549842683783,1.9305143672972918,1,3.4929389806780886,0.48976139470483643,0.06183272640896965,0.17212739679962397,1
0.11049558468878398,0.4774216042594476,12.269657023689854,2.839718426371626,3.8812251086578,1.3557429267634555,True,False,0.1817602134346962,0.13650524885114282,1.0000000000000002,1.0,0.49943081684252927,0.9957348732277751,SPIN_AUDIT_UNRESTRICTED,0.036456252448260784,1.0,1.0,3912,0.49943081684252927,0.21659927716020105,1.3557429267634555,0.13938635954730777,0.3964977400426364,0.05271321596047185,1.4668239646912895,1.4774595378629272,1.1826026986755216,0.8062335543613881,1.0295716082385693,1.3168029459193349,CONTIGUOUS,8192,0.0,0.0,0,True,5.264549842683783,1.9305143672972918,1,3.911468856913884,0.4955691831574707,0.06210736301120994,0.3168029459193349,1
0.1428592095439312,0.6615617959578581,13.151274986530227,2.8399172390998557,5.187826446717909,1.8787807490705826,True,False,0.04289984509628266,0.011792944508604705,1.0000000000000002,1.0,0.5177685913185797,0.9428973309695721,SPIN_AUDIT_UNRESTRICTED,0.036456252448260784,1.0,1.0,3912,0.5177685913185797,0.21193989032871213,1.8787807490705826,0.13938635954730777,0.3964977400426364,0.05271321596047185,1.4668239646912895,1.4774595378629272,1.1826026986755216,0.8062335543613881,1.0010455667629303,1.8768184101209044,CONTIGUOUS,8192,0.0,0.0,0,True,5.264549842683783,1.9305143672972918,1,5.628492891413035,0.47723140868142044,0.06126173828964408,0.8768184101209044,1
0.292137363846683,1.3471772315355157,13.101342105945204,2.8410453027935394,10.590070137891884,3.8273915456843826,True,False,0.10474495402164756,0.019282465693540873,1.0000000000000002,1.0,0.5165656693522273,0.9461312461644411,SPIN_AUDIT_UNRESTRICTED,0.036456252448260784,1.0,1.0,3912,0.5165656693522273,0.21223909524467657,3.8273915456843817,0.13938635954730777,0.3964977400426364,0.05271321596047185,1.4668239646912895,1.4774595378629272,1.1826026986755216,0.8062335543613881,1.0031499668183745,3.8153732465580106,CONTIGUOUS,8192,0.0,0.0,0,True,5.264549842683783,1.9305143672972918,1,11.43410144054766,0.47843433064777274,0.061315309784088785,2.8153732465580106,1
0.16803218205602252,0.7494919196799638,12.679154792713163,2.842600421036432,5.995983063309418,2.1305060464456687,True,False,0.07457385323755443,0.16782326973695308,1.0000000000000002,1.0,0.5076607988408636,0.9712843168526888,SPIN_AUDIT_UNRESTRICTED,0.036456252448260784,1.0,1.0,3912,0.5076607988408636,0.21448191697770427,2.1305060464456687,0.13938635954730777,0.3964977400426364,0.05271321596047185,1.4668239646912895,1.4774595378629272,1.1826026986755216,0.8062335543613881,1.0173709547305856,2.0941290259361267,CONTIGUOUS,8192,0.0,0.0,0,True,5.264549842683783,1.9305143672972918,1,6.246010057298838,0.4873392011591364,0.061720078372495955,1.0941290259361267,1
0.14792602971014257,0.6734726912824225,12.942534834723595,2.842784595824111,5.331338357603536,1.9145377924858777,True,False,0.09693266310542821,0.0924558954918757,1.0000000000000002,1.0,0.5130489465105201,0.9558427417650819,SPIN_AUDIT_UNRESTRICTED,0.036456252448260784,1.0,1.0,3912,0.5130489465105201,0.2131189310877225,1.9145377924858777,0.13938635954730777,0.3964977400426364,0.05271321596047185,1.4668239646912895,1.4774595378629272,1.1826026986755216,0.8062335543613881,1.0089949236437241,1.8974701929837465,CONTIGUOUS,8192,0.0,0.0,0,True,5.264549842683783,1.9305143672972918,1,5.675342979449108,0.4819510534894798,0.06147342366991995,0.8974701929837465,1
0.2838760261848707,1.2993964839997418,13.01288351510469,2.8428933793199835,10.258364374736399,3.694045661474531,True,False,0.0537028017565608,0.09107790324278175,1.0000000000000002,1.0,0.5144501981276687,0.9518629191443324,SPIN_AUDIT_UNRESTRICTED,0.036456252448260784,1.0,1.0,3912,0.5144501981276687,0.2127674383081656,3.694045661474531,0.13938635954730777,0.3964977400426364,0.05271321596047185,1.4668239646912895,1.4774595378629272,1.1826026986755216,0.8062335543613881,1.0068203516376897,3.6690216436982155,CONTIGUOUS,8192,0.0,0.0,0,True,5.264549842683783,1.9305143672972918,1,10.982040913318329,0.4805498018723312,0.06141015227450376,2.6690216436982155,1
0.2441231753648272,1.1130128217977813,12.968166169373237,2.844378646790925,8.808385747219086,3.165829903926122,True,False,0.15012047215923668,0.0509054576670751,1.0000000000000002,1.0,0.5132725082001689,0.9550136057659984,SPIN_AUDIT_UNRESTRICTED,0.036456252448260784,1.0,1.0,3912,0.5132725082001689,0.21306276932468962,3.165829903926122,0.13938635954730777,0.3964977400426364,0.05271321596047185,1.4668239646912895,1.4774595378629272,1.1826026986755216,0.8062335543613881,1.0089477562909037,3.1377540454268456,CONTIGUOUS,8192,0.0,0.0,0,True,5.264549842683783,1.9305143672972918,1,9.38518627778126,0.48172749179983104,0.061463304553558945,2.1377540454268456,1
0.23381217560457507,1.0643363074421843,12.969616180182676,2.8491503621937047,8.441215460245058,3.03245417584481,True,False,0.02129664342943579,0.128696084308438,1.0000000000000002,1.0,0.5124185585072424,0.9568519769236445,SPIN_AUDIT_UNRESTRICTED,0.036456252448260784,1.0,1.0,3912,0.5124185585072424,0.21327745570204942,3.03245417584481,0.13938635954730777,0.3964977400426364,0.05271321596047185,1.4668239646912895,1.4774595378629272,1.1826026986755216,0.8062335543613881,1.0111909893192794,2.9988935897126794,CONTIGUOUS,8192,0.0,0.0,0,True,5.264549842683783,1.9305143672972918,1,8.963120183005907,0.4825814414927577,0.06150200326132362,1.9988935897126794,1
0.25893576800207485,1.1774381938336886,12.977283039045863,2.8538931112423853,9.355799945311023,3.3602827502956405,True,False,0.16877212166041136,0.08142073139827699,1.0000000000000002,1.0,0.511697854213677,0.9583187755197287,SPIN_AUDIT_UNRESTRICTED,0.036456252448260784,1.0,1.0,3912,0.511697854213677,0.2134589962586308,3.3602827502956405,0.13938635954730777,0.3964977400426364,0.05271321596047185,1.4668239646912895,1.4774595378629272,1.1826026986755216,0.8062335543613881,1.0132191362310508,3.3164422484114766,CONTIGUOUS,8192,0.0,0.0,0,True,5.264549842683783,1.9305143672972918,1,9.905486243350266,0.48330214578632297,0.061534769268043986,2.3164422484114766,1
0.20352326182163386,0.8838652078533991,12.395340599676025,2.85421366043251,7.194748208909242,2.5227401502361917,True,False,0.20654491071216763,0.1582120052576065,1.0000000000000002,1.0,0.499506017066307,0.9936407869681716,SPIN_AUDIT_UNRESTRICTED,0.036456252448260784,1.0,1.0,3912,0.499506017066307,0.21657973202909653,2.5227401502361917,0.13938635954730777,0.3964977400426364,0.05271321596047185,1.4668239646912895,1.4774595378629272,1.1826026986755216,0.8062335543613881,1.0322447138438806,2.4439361291006207,CONTIGUOUS,8192,0.0,0.0,0,True,5.264549842683783,1.9305143672972918,1,7.253004366166292,0.49549398293369296,0.06210376380976391,1.4439361291006207,1
0.08500395380584533,0.3725169704959755,12.510046673890667,2.8546442546242594,3.018094526912538,1.0634034295763712,True,False,0.08006843735836446,0.8287661107191816,1.0000000000000002,1.0,0.5018826200467995,0.9865818144753575,SPIN_AUDIT_UNRESTRICTED,0.036456252448260784,1.0,1.0,3912,0.5018826200467995,0.21596395751992378,1.0634034295763712,0.13938635954730777,0.3964977400426364,0.05271321596047185,1.4668239646912895,1.4774595378629272,1.1826026986755216,0.8062335543613881,1.0286492125871927,1.03378626704216,CONTIGUOUS,8192,0.0,0.0,0,True,5.264549842683783,1.9305143672972918,1,3.0717416385922687,0.4931173799532005,0.06199063455098127,0.033786267042160034,1
0.1114237614182666,0.4982173511954697,12.767131581826952,2.8553036540290573,3.994852995870402,1.4225618233691029,True,False,0.16662688764650374,0.04878934323973954,1.0000000000000002,1.0,0.5071489510073928,0.9711736496537924,SPIN_AUDIT_UNRESTRICTED,0.036456252448260784,1.0,1.0,3912,0.5071489510073928,0.21461234582942182,1.4225618233691029,0.13938635954730777,0.3964977400426364,0.05271321596047185,1.4668239646912895,1.4774595378629272,1.1826026986755216,0.8062335543613881,1.020591787129737,1.3938597599044442,CONTIGUOUS,8192,0.0,0.0,0,True,5.264549842683783,1.9305143672972918,1,4.152877216248674,0.4878510489926073,0.061743791613225976,0.3938597599044442,1
0.26975005703865046,1.17980992981621,12.49598671135547,2.857064551632869,9.575153047509886,3.370793128142356,True,False,0.1447672320669517,0.1853556843716651,1.0000000000000002,1.0,0.501141133256806,0.9884518617764115,SPIN_AUDIT_UNRESTRICTED,0.036456252448260784,1.0,1.0,3912,0.501141133256806,0.21615568342332853,3.370793128142356,0.13938635954730777,0.3964977400426364,0.05271321596047185,1.4668239646912895,1.4774595378629272,1.1826026986755216,0.8062335543613881,1.0302613566119223,3.271784490905702,CONTIGUOUS,8192,0.0,0.0,0,True,5.264549842683783,1.9305143672972918,1,9.716344835480452,0.4938588667431942,0.06202581576392045,2.271784490905702,1
0.11422608358865091,0.529471315471097,13.244101058808,2.857230883705021,4.170323507954026,1.5128217945999425,True,False,0.09526004527974873,0.03691425169631839,1.0000000000000002,1.0,0.5163850017051776,0.9446867182850838,SPIN_AUDIT_UNRESTRICTED,0.036456252448260784,1.0,1.0,3912,0.5163850017051776,0.21228410943547016,1.5128217945999427,0.13938635954730777,0.3964977400426364,0.05271321596047185,1.4668239646912895,1.4774595378629272,1.1826026986755216,0.8062335543613881,1.0064933985658386,1.5030618151649833,CONTIGUOUS,8192,0.0,0.0,0,True,5.264549842683783,1.9305143672972918,1,4.49942546605999,0.47861499829482235,0.06132337731982056,0.5030618151649833,1
0.09027293638804328,0.3980591373539213,12.600325453257627,2.857536158249837,3.2171149834374164,1.1374683781105683,True,False,0.10517070760205388,0.4194081343319267,1.0000000000000002,1.0,0.5032631820743465,0.982172355055809,SPIN_AUDIT_UNRESTRICTED,0.036456252448260784,1.0,1.0,3912,0.5032631820743465,0.21560792316199653,1.1374683781105683,0.13938635954730777,0.3964977400426364,0.05271321596047185,1.4668239646912895,1.4774595378629272,1.1826026986755216,0.8062335543613881,1.027061133318518,1.1074982210993767,CONTIGUOUS,8192,0.0,0.0,0,True,5.264549842683783,1.9305143672972918,1,3.2925245062869384,0.4917368179256536,0.06192541562822265,0.10749822109937668,1
0.16289381766116706,0.7149899890578109,12.547248748790512,2.8585984155220534,5.794291290122106,2.0438692498347883,True,False,0.2411068346593529,0.007353395640850067,1.0000000000000002,1.0,0.5019491999709667,0.9858831521123648,SPIN_AUDIT_UNRESTRICTED,0.036456252448260784,1.0,1.0,3912,0.5019491999709667,0.2159467607292813,2.0438692498347883,0.13938635954730777,0.3964977400426364,0.05271321596047185,1.4668239646912895,1.4774595378629272,1.1826026986755216,0.8062335543613881,1.0293026585574798,1.9856834458187222,CONTIGUOUS,8192,0.0,0.0,0,True,5.264549842683783,1.9305143672972918,1,5.898864533440101,0.49305080002903323,0.06198747992922899,0.9856834458187222,1
0.1864288740987135,0.8552968645273881,13.115995030042196,2.8588906232998226,6.774922854737412,2.4452001861350885,True,False,0.16114832383580507,0.02970775087829679,1.0000000000000002,1.0,0.5135530392795467,0.9524510772898793,SPIN_AUDIT_UNRESTRICTED,0.036456252448260784,1.0,1.0,3912,0.5135530392795467,0.2129923415461174,2.4452001861350885,0.13938635954730777,0.3964977400426364,0.05271321596047185,1.4668239646912895,1.4774595378629272,1.1826026986755216,0.8062335543613881,1.011257422122105,2.4179799649864435,CONTIGUOUS,8192,0.0,0.0,0,True,5.264549842683783,1.9305143672972918,1,7.226719673810686,0.48144696072045334,0.061450617528187916,1.4179799649864435,1
0.12421068261335541,0.55340179013818,12.748719045841495,2.8614419457054217,4.4532705759932885,1.5835270951298572,True,False,0.12558036530949176,0.1983997855419293,1.0000000000000002,1.0,0.5056437884219543,0.9747573351487517,SPIN_AUDIT_UNRESTRICTED,0.036456252448260784,1.0,1.0,3912,0.5056437884219543,0.2149968453226108,1.5835270951298572,0.13938635954730777,0.3964977400426364,0.05271321596047185,1.4668239646912895,1.4774595378629272,1.1826026986755216,0.8062335543613881,1.0241049327203122,1.5462547289207578,CONTIGUOUS,8192,0.0,0.0,0,True,5.264549842683783,1.9305143672972918,1,4.601491820553174,0.48935621157804554,0.061813805602010434,0.5462547289207578,1
0.10205340373711434,0.4441291762892286,12.453160955618733,2.861526624811048,3.618557460759472,1.2708874628070272,True,False,0.13385829248465597,0.3209207365773618,1.0000000000000002,1.0,0.49941398018221955,0.9929735707119107,SPIN_AUDIT_UNRESTRICTED,0.036456252448260784,1.0,1.0,3912,0.49941398018221955,0.21660365394741907,1.2708874628070272,0.13938635954730777,0.3964977400426364,0.05271321596047185,1.4668239646912895,1.4774595378629272,1.1826026986755216,0.8062335543613881,1.0337891900214913,1.2293487638235092,CONTIGUOUS,8192,0.0,0.0,0,True,5.264549842683783,1.9305143672972918,1,3.6465075924870094,0.4955860198177804,0.06210816869070317,0.22934876382350922,1
0.25084280797394526,1.1152684189191804,12.724794725027964,2.8620224383394546,8.985865463445846,3.1919232397180615,True,False,0.20211986950039865,0.13312821051478385,1.0000000000000002,1.0,0.5050423677934378,0.9764279657974839,SPIN_AUDIT_UNRESTRICTED,0.036456252448260784,1.0,1.0,3912,0.5050423677934378,0.21515088134241867,3.191923239718061,0.13938635954730777,0.3964977400426364,0.05271321596047185,1.4668239646912895,1.4774595378629272,1.1826026986755216,0.8062335543613881,1.0251515760437788,3.1136110154911876,CONTIGUOUS,8192,0.0,0.0,0,True,5.264549842683783,1.9305143672972918,1,9.262520822246689,0.4899576322065622,0.06184190173888792,2.1136110154911876,1
0.15399344378933946,0.6872353688696173,12.774025093217702,2.8623615783797565,5.526875024009325,1.9671161151560321,True,False,0.023510715130716564,0.221082127885893,1.0000000000000002,1.0,0.5059980619610647,0.9736170349642634,SPIN_AUDIT_UNRESTRICTED,0.036456252448260784,1.0,1.0,3912,0.5059980619610647,0.21490621500136678,1.967116115156032,0.13938635954730777,0.3964977400426364,0.05271321596047185,1.4668239646912895,1.4774595378629272,1.1826026986755216,0.8062335543613881,1.023728202965943,1.9215218545868993,CONTIGUOUS,8192,0.0,0.0,0,True,5.264549842683783,1.9305143672972918,1,5.718971303191565,0.4890019380389353,0.061797287228583055,0.9215218545868993,1
0.18265062453322045,0.8243793934737276,12.92274494681172,2.863181023087887,6.592698662865982,2.3603474352186793,True,False,0.05822180766426027,0.1775564564075321,1.0000000000000002,1.0,0.508888168245267,0.965195962227881,SPIN_AUDIT_UNRESTRICTED,0.036456252448260784,1.0,1.0,3912,0.508888168245267,0.21416984010670048,2.3603474352186793,0.13938635954730777,0.3964977400426364,0.05271321596047185,1.4668239646912895,1.4774595378629272,1.1826026986755216,0.8062335543613881,1.019374839714284,2.3154852790758014,CONTIGUOUS,8192,0.0,0.0,0,True,5.264549842683783,1.9305143672972918,1,6.901593681084527,0.48611183175473305,0.06166341884797614,1.3154852790758014,1
0.125074829173361,0.5854710364852057,13.40976768160251,2.864743595344828,4.598586951257479,1.677224402030891,True,False,0.03257685574796051,0.10468568939622491,1.0000000000000002,1.0,0.5182115247305803,0.9386918926611543,SPIN_AUDIT_UNRESTRICTED,0.036456252448260784,1.0,1.0,3912,0.5182115247305803,0.21182994634494232,1.677224402030891,0.13938635954730777,0.3964977400426364,0.05271321596047185,1.4668239646912895,1.4774595378629272,1.1826026986755216,0.8062335543613881,1.0050280986728686,1.6688333433121443,CONTIGUOUS,8192,0.0,0.0,0,True,5.264549842683783,1.9305143672972918,1,4.998108971217687,0.47678847526941975,0.06124207583938698,0.6688333433121443,1
0.18679241091024776,0.8070895879339215,12.379881120852843,2.865193500099633,6.607821748744268,2.312467841346363,True,False,0.13811799282208087,0.23092190762143583,1.0000000000000002,1.0,0.4971746113822239,0.9991435762494802,SPIN_AUDIT_UNRESTRICTED,0.036456252448260784,1.0,1.0,3912,0.4971746113822239,0.21718734679882953,2.312467841346363,0.13938635954730777,0.3964977400426364,0.05271321596047185,1.4668239646912895,1.4774595378629272,1.1826026986755216,0.8062335543613881,1.0379525367173008,2.2279128953814507,CONTIGUOUS,8192,0.0,0.0,0,True,5.264549842683783,1.9305143672972918,1,6.59918374017944,0.49782538861777603,0.06221580822999989,1.2279128953814507,1
0.11581989153906494,0.516965125526619,12.7900357532015,2.8654554834962167,4.160748703034372,1.4813405537165605,True,False,0.07785198651254177,0.2578183175828308,1.0000000000000002,1.0,0.5057624826494845,0.9739120760932565,SPIN_AUDIT_UNRESTRICTED,0.036456252448260784,1.0,1.0,3912,0.5057624826494845,0.2149664716663637,1.4813405537165605,0.13938635954730777,0.3964977400426364,0.05271321596047185,1.4668239646912895,1.4774595378629272,1.1826026986755216,0.8062335543613881,1.0246834946230172,1.445656694471836,CONTIGUOUS,8192,0.0,0.0,0,True,5.264549842683783,1.9305143672972918,1,4.301286224170783,0.48923751735051546,0.06180826716749031,0.4456566944718361,1
0.19492627131376147,0.8988890208143081,13.21386398084505,2.865458555829257,7.114861942607132,2.575729235433342,True,False,0.09442365208826958,0.11376030699256807,1.0000000000000002,1.0,0.5142763840284175,0.9496162449941039,SPIN_AUDIT_UNRESTRICTED,0.036456252448260784,1.0,1.0,3912,0.5142763840284175,0.2128109729925931,2.5757292354333425,0.13938635954730777,0.3964977400426364,0.05271321596047185,1.4668239646912895,1.4774595378629272,1.1826026986755216,0.8062335543613881,1.011360761861829,2.5467956960201263,CONTIGUOUS,8192,0.0,0.0,0,True,5.264549842683783,1.9305143672972918,1,7.611453548647163,0.48072361597158253,0.061417979253557464,1.5467956960201263,1
0.23939095481509987,1.0451587027238465,12.515862787841652,2.8667266849595827,8.51322978040398,2.99618434311619,True,False,0.24360707056615502,0.14462500218395144,1.0000000000000002,1.0,0.49980399280880466,0.9911563070490956,SPIN_AUDIT_UNRESTRICTED,0.036456252448260784,1.0,1.0,3912,0.49980399280880466,0.2165023271076326,2.9961843431161905,0.13938635954730777,0.3964977400426364,0.05271321596047185,1.4668239646912895,1.4774595378629272,1.1826026986755216,0.8062335543613881,1.034180428103952,2.8971582343801856,CONTIGUOUS,8192,0.0,0.0,0,True,5.264549842683783,1.9305143672972918,1,8.592448594404553,0.4951960071911952,0.06208952222084453,1.8971582343801856,1
0.17043499834420556,0.745359161718393,12.544762865583268,2.868505209347553,6.0688094748498,2.138066638224135,True,False,0.06677896424848587,0.24861592098232357,1.0000000000000002,1.0,0.500093079060376,0.9900771891698241,SPIN_AUDIT_UNRESTRICTED,0.036456252448260784,1.0,1.0,3912,0.500093079060376,0.21642728740713943,2.1380666382241356,0.13938635954730777,0.3964977400426364,0.05271321596047185,1.4668239646912895,1.4774595378629272,1.1826026986755216,0.8062335543613881,1.0340724268647563,2.0676178792491555,CONTIGUOUS,8192,0.0,0.0,0,True,5.264549842683783,1.9305143672972918,1,6.132404878772488,0.4949069209396241,0.06207571796548246,1.0676178792491555,1
0.19322418968432822,0.9127484394492213,13.551140026663465,2.8687072338693196,7.144945373778302,2.618408050950914,True,False,0.07547334487922489,0.028075127290561795,1.0000000000000002,1.0,0.5201752400519261,0.9327807426452637,SPIN_AUDIT_UNRESTRICTED,0.036456252448260784,1.0,1.0,3912,0.5201752400519261,0.21134395013226234,2.618408050950914,0.13938635954730777,0.3964977400426364,0.05271321596047185,1.4668239646912895,1.4774595378629272,1.1826026986755216,0.8062335543613881,1.0026676394041487,2.6114416662603617,CONTIGUOUS,8192,0.0,0.0,0,True,5.264549842683783,1.9305143672972918,1,7.8273586140905325,0.4748247599480741,0.0611553368820143,1.6114416662603617,1
0.22171417323462886,0.982438912851554,12.711994442867608,2.868808738329618,7.9446342419313964,2.818429338063588,True,False,0.06373428372573108,0.20734254436846822,1.0000000000000002,1.0,0.5035394803580017,0.9799443567171693,SPIN_AUDIT_UNRESTRICTED,0.036456252448260784,1.0,1.0,3912,0.5035394803580017,0.2155368152907544,2.8184293380635883,0.13938635954730777,0.3964977400426364,0.05271321596047185,1.4668239646912895,1.4774595378629272,1.1826026986755216,0.8062335543613881,1.0287811406716902,2.739581069909036,CONTIGUOUS,8192,0.0,0.0,0,True,5.264549842683783,1.9305143672972918,1,8.139894941572557,0.4914605196419983,0.061912404096658276,1.7395810699090362,1
0.11749955781046612,0.5586971148068997,13.641945097714252,2.869036682264043,4.359782507458744,1.6029225166560805,True,False,0.013633806633763016,0.002996470168232918,1.0000000000000002,1.0,0.5218231477722356,0.9282021801918745,SPIN_AUDIT_UNRESTRICTED,0.036456252448260784,1.0,1.0,3912,0.5218231477722356,0.2109379266526566,1.6029225166560805,0.13938635954730777,0.3964977400426364,0.05271321596047185,1.4668239646912895,1.4774595378629272,1.1826026986755216,0.8062335543613881,1.0001193540774227,1.6027312241494656,CONTIGUOUS,8192,0.0,0.0,0,True,5.264549842683783,1.9305143672972918,1,4.808002379941782,0.4731768522277644,0.061083077228559095,0.6027312241494656,1
0.20868099642885055,0.9832733845553231,13.525958822400398,2.870626429078641,7.710788887932886,2.8226105647141173,True,False,0.02248254520446062,0.08036265139002353,1.0000000000000002,1.0,0.5193449889474131,0.934850306250155,SPIN_AUDIT_UNRESTRICTED,0.036456252448260784,1.0,1.0,3912,0.5193449889474131,0.211549138424385,2.822610564714117,0.13938635954730777,0.3964977400426364,0.05271321596047185,1.4668239646912895,1.4774595378629272,1.1826026986755216,0.8062335543613881,1.0043400718339768,2.8104131696745753,CONTIGUOUS,8192,0.0,0.0,0,True,5.264549842683783,1.9305143672972918,1,8.419042113984183,0.47565501105258684,0.06119192760699174,1.8104131696745753,1
0.09585580084160239,0.4440236327006425,13.297382882841475,2.8706383882759057,3.5116950568015386,1.2746312853321853,True,False,0.059894663128070534,0.20187194801028818,1.0000000000000002,1.0,0.5149561877574054,0.9470818117260933,SPIN_AUDIT_UNRESTRICTED,0.036456252448260784,1.0,1.0,3912,0.5149561877574054,0.21264081533236118,1.274631285332185,0.13938635954730777,0.3964977400426364,0.05271321596047185,1.4668239646912895,1.4774595378629272,1.1826026986755216,0.8062335543613881,1.011266401489587,1.2604307662695646,CONTIGUOUS,8192,0.0,0.0,0,True,5.264549842683783,1.9305143672972918,1,3.7670917797460732,0.48004381224259457,0.061387392777288406,0.26043076626956463,1
0.2717158893177465,1.2432064058111636,13.139009423972762,2.871669268836833,9.89656043804123,3.570077630389011,True,False,0.23722002539224923,0.02919863985478878,1.0000000000000002,1.0,0.5116635947358545,0.9562454586848617,SPIN_AUDIT_UNRESTRICTED,0.036456252448260784,1.0,1.0,3912,0.5116635947358545,0.21346763310715153,3.570077630389011,0.13938635954730777,0.3964977400426364,0.05271321596047185,1.4668239646912895,1.4774595378629272,1.1826026986755216,0.8062335543613881,1.0166344794902191,3.511662945151329,CONTIGUOUS,8192,0.0,0.0,0,True,5.264549842683783,1.9305143672972918,1,10.476574150216306,0.4833364052641455,0.06153632962970483,2.511662945151329,1
0.295693026459226,1.2903383865964932,12.534690420785347,2.872440737059571,10.529724538623816,3.7064205462514885,True,False,0.2991771392477676,0.12487509769108146,1.0000000000000002,1.0,0.4991665983235663,0.9923073342069983,SPIN_AUDIT_UNRESTRICTED,0.036456252448260784,1.0,1.0,3912,0.4991665983235663,0.2166679725995171,3.7064205462514885,0.13938635954730777,0.3964977400426364,0.05271321596047185,1.4668239646912895,1.4774595378629272,1.1826026986755216,0.8062335543613881,1.0362587878679563,3.5767325591295958,CONTIGUOUS,8192,0.0,0.0,0,True,5.264549842683783,1.9305143672972918,1,10.600509690266895,0.49583340167643375,0.06212001183093249,2.5767325591295958,1
0.30579892393354124,1.3371390091550315,12.561333714600355,2.872732234116982,10.900819248146798,3.8412423330949013,True,False,0.31957089177984743,0.10461232525482773,1.0000000000000002,1.0,0.4996765064330773,0.9907657792791724,SPIN_AUDIT_UNRESTRICTED,0.036456252448260784,1.0,1.0,3912,0.4996765064330773,0.2165354392396659,3.8412423330949013,0.13938635954730777,0.3964977400426364,0.05271321596047185,1.4668239646912895,1.4774595378629272,1.1826026986755216,0.8062335543613881,1.0355245915778195,3.709465100429952,CONTIGUOUS,8192,0.0,0.0,0,True,5.264549842683783,1.9305143672972918,1,10.996618068624908,0.4953234935669228,0.062095612687984136,2.709465100429952,1
0.2756587447608425,1.3054851850004014,13.606631235822226,2.873098009832469,10.219075289185199,3.7507868868904266,True,False,0.06564318938180803,0.05173305743280798,1.0000000000000002,1.0,0.5204124402286162,0.931609932333231,SPIN_AUDIT_UNRESTRICTED,0.036456252448260784,1.0,1.0,3912,0.5204124402286162,0.2112854040434686,3.750786886890426,0.13938635954730777,0.3964977400426364,0.05271321596047185,1.4668239646912895,1.4774595378629272,1.1826026986755216,0.8062335543613881,1.003112964719156,3.7391470540314913,CONTIGUOUS,8192,0.0,0.0,0,True,5.264549842683783,1.9305143672972918,1,11.205801329235538,0.4745875597713836,0.06114490586187635,2.7391470540314913,1
0.15366994101040543,0.7179256309547308,13.423397100051472,2.8732400008911596,5.65793313434666,2.062772640524157,True,False,0.11548054119292646,0.0649305317401886,1.0000000000000002,1.0,0.5169102048687558,0.9413047851994634,SPIN_AUDIT_UNRESTRICTED,0.036456252448260784,1.0,1.0,3912,0.5169102048687558,0.21215330814860522,2.062772640524157,0.13938635954730777,0.3964977400426364,0.05271321596047185,1.4668239646912895,1.4774595378629272,1.1826026986755216,0.8062335543613881,1.0086754570446688,2.0450310613960028,CONTIGUOUS,8192,0.0,0.0,0,True,5.264549842683783,1.9305143672972918,1,6.117351605059853,0.47808979513124433,0.06129993791333429,1.0450310613960028,1
0.17466717361948625,0.7588283832912401,12.484158420197703,2.8736045122826335,6.209039912167934,2.1805726662738434,True,False,0.2577922460027039,0.11408134686760604,1.0000000000000002,1.0,0.4978841822030748,0.9959527859464288,SPIN_AUDIT_UNRESTRICTED,0.036456252448260784,1.0,1.0,3912,0.4978841822030748,0.2170020425993644,2.1805726662738434,0.13938635954730777,0.3964977400426364,0.05271321596047185,1.4668239646912895,1.4774595378629272,1.1826026986755216,0.8062335543613881,1.0384656574489868,2.099802386946976,CONTIGUOUS,8192,0.0,0.0,0,True,5.264549842683783,1.9305143672972918,1,6.218636881514062,0.4971158177969251,0.06218159601561776,1.0998023869469762,1
0.10727021912443208,0.48631301229886625,13.040937945680154,2.8765511833796604,3.894794856661649,1.3989042710212312,True,False,0.16282589521910995,0.09890021235309542,1.0000000000000002,1.0,0.5088243182368893,0.9637329839169979,SPIN_AUDIT_UNRESTRICTED,0.036456252448260784,1.0,1.0,3912,0.5088243182368893,0.21418605196397747,1.3989042710212312,0.13938635954730777,0.3964977400426364,0.05271321596047185,1.4668239646912895,1.4774595378629272,1.1826026986755216,0.8062335543613881,1.022004517403928,1.3687848215922713,CONTIGUOUS,8192,0.0,0.0,0,True,5.264549842683783,1.9305143672972918,1,4.076235015347854,0.4861756817631106,0.06166635926334136,0.36878482159227133,1
0.12050705838719186,0.5282446365995997,12.613454414188285,2.8774741516342397,4.3064192187266475,1.5200102875547705,True,False,0.22076488171331585,0.09445339806005358,1.0000000000000002,1.0,0.4999139175661901,0.9894629744812846,SPIN_AUDIT_UNRESTRICTED,0.036456252448260784,1.0,1.0,3912,0.4999139175661901,0.21647378781844334,1.5200102875547705,0.13938635954730777,0.3964977400426364,0.05271321596047185,1.4668239646912895,1.4774595378629272,1.1826026986755216,0.8062335543613881,1.0360603774029586,1.467105895280838,CONTIGUOUS,8192,0.0,0.0,0,True,5.264549842683783,1.9305143672972918,1,4.348413293568582,0.4950860824338099,0.062084270569221264,0.467105895280838,1
0.1677330050608017,0.7742532068930849,13.283354595589877,2.8776851858931574,6.146359576460679,2.2280569836065003,True,False,0.016614824085496367,0.16556294931750745,1.0000000000000002,1.0,0.5133937805025985,0.9506273688748479,SPIN_AUDIT_UNRESTRICTED,0.036456252448260784,1.0,1.0,3912,0.5133937805025985,0.21303231902889785,2.2280569836065003,0.13938635954730777,0.3964977400426364,0.05271321596047185,1.4668239646912895,1.4774595378629272,1.1826026986755216,0.8062335543613881,1.0150490214532482,2.195024020038545,CONTIGUOUS,8192,0.0,0.0,0,True,5.264549842683783,1.9305143672972918,1,6.55203909654768,0.4816062194974015,0.06145781875935146,1.1950240200385451,1
0.09794080216914433,0.4263055898298189,12.527326774125473,2.878067899092388,3.488986528329834,1.226936433292848,True,False,0.03569925867673009,0.4987261228859425,1.0000000000000002,1.0,0.4979936713352515,0.9950562613084912,SPIN_AUDIT_UNRESTRICTED,0.036456252448260784,1.0,1.0,3912,0.4979936713352515,0.216973481359177,1.226936433292848,0.13938635954730777,0.3964977400426364,0.05271321596047185,1.4668239646912895,1.4774595378629272,1.1826026986755216,0.8062335543613881,1.0391482814139201,1.1807135278359056,CONTIGUOUS,8192,0.0,0.0,0,True,5.264549842683783,1.9305143672972918,1,3.495917678050774,0.4970063286647485,0.062176326826902106,0.18071352783590555,1
0.11249143086588057,0.4952596517148058,12.677297832889176,2.8794741663224355,4.030491055536565,1.4260873727346302,True,False,0.07019375234376639,0.3381267783343792,1.0000000000000002,1.0,0.5008847693793347,0.9863572902977467,SPIN_AUDIT_UNRESTRICTED,0.036456252448260784,1.0,1.0,3912,0.5008847693793347,0.2162220565207698,1.4260873727346302,0.13938635954730777,0.3964977400426364,0.05271321596047185,1.4668239646912895,1.4774595378629272,1.1826026986755216,0.8062335543613881,1.0349345255552729,1.377949365414679,CONTIGUOUS,8192,0.0,0.0,0,True,5.264549842683783,1.9305143672972918,1,4.085710088924086,0.4941152306206653,0.06203800051778922,0.37794936541467905,1
0.1316695902044325,0.5780203774810917,12.642863932659685,2.8799689039996794,4.7118289705749055,1.6646807130237007,True,False,0.11957589726243167,0.2693154479144141,1.0000000000000002,1.0,0.5000781068815146,0.9886632459238172,SPIN_AUDIT_UNRESTRICTED,0.036456252448260784,1.0,1.0,3912,0.5000781068815146,0.21643117263046704,1.6646807130237007,0.13938635954730777,0.3964977400426364,0.05271321596047185,1.4668239646912895,1.4774595378629272,1.1826026986755216,0.8062335543613881,1.03628054427635,1.6063996590673923,CONTIGUOUS,8192,0.0,0.0,0,True,5.264549842683783,1.9305143672972918,1,4.760917923245869,0.49492189311848556,0.0620764325609213,0.6063996590673923,1
0.08186959006945702,0.3769619675543746,13.261530543812512,2.8801740301795973,2.9983620696768853,1.0857160693155137,True,False,0.13030414988938718,0.12531999869272112,1.0000000000000002,1.0,0.5125149418058811,0.9528058553114533,SPIN_AUDIT_UNRESTRICTED,0.036456252448260784,1.0,1.0,3912,0.5125149418058811,0.21325320032266742,1.0857160693155137,0.13938635954730777,0.3964977400426364,0.05271321596047185,1.4668239646912895,1.4774595378629272,1.1826026986755216,0.8062335543613881,1.0168984151275642,1.0676740696653724,CONTIGUOUS,8192,0.0,0.0,0,True,5.264549842683783,1.9305143672972918,1,3.1849802093459756,0.4824850581941189,0.061497628765056184,0.06767406966537237,1
0.27822105744084974,1.245643269475144,12.895670533005756,2.880316684578097,10.051138663610255,3.5878470921016676,True,False,0.19228983558528126,0.15776172659453006,1.0000000000000002,1.0,0.505216649129837,0.973639247007668,SPIN_AUDIT_UNRESTRICTED,0.036456252448260784,1.0,1.0,3912,0.505216649129837,0.21510622261244922,3.5878470921016676,0.13938635954730777,0.3964977400426364,0.05271321596047185,1.4668239646912895,1.4774595378629272,1.1826026986755216,0.8062335543613881,1.0283530434892898,3.4889254374429584,CONTIGUOUS,8192,0.0,0.0,0,True,5.264549842683783,1.9305143672972918,1,10.367854657670167,0.48978335087016295,0.06183375227135107,2.4889254374429584,1
0.07578472316370345,0.35433438774219395,13.469812875813052,2.880911577239003,2.797427958140911,1.0208060398603804,True,False,0.040374797189608215,0.9812939306292683,1.0000000000000002,1.0,0.5163917778358031,0.9418379878625274,SPIN_AUDIT_UNRESTRICTED,0.036456252448260784,1.0,1.0,3912,0.5163917778358031,0.2122824205309286,1.0208060398603804,0.13938635954730777,0.3964977400426364,0.05271321596047185,1.4668239646912895,1.4774595378629272,1.1826026986755216,0.8062335543613881,1.010930274137613,1.009768988005817,CONTIGUOUS,8192,0.0,0.0,0,True,5.264549842683783,1.9305143672972918,1,3.018269912162887,0.4786082221641968,0.06132307448514409,0.009768988005816936,1
0.25807192229618386,1.206578194978204,13.469799747261614,2.8810209965573357,9.526268869991183,3.476177113720457,True,False,0.15228071790281683,0.07730909148417413,1.0000000000000002,1.0,0.5163715318311892,0.941881449893117,SPIN_AUDIT_UNRESTRICTED,0.036456252448260784,1.0,1.0,3912,0.5163715318311892,0.21228746684172037,3.4761771137204565,0.13938635954730777,0.3964977400426364,0.05271321596047185,1.4668239646912895,1.4774595378629272,1.1826026986755216,0.8062335543613881,1.0109827016590833,3.438414038158953,CONTIGUOUS,8192,0.0,0.0,0,True,5.264549842683783,1.9305143672972918,1,10.277479038915356,0.47862846816881083,0.061323978866671444,2.438414038158953,1
0.09871708733086113,0.465535746735394,13.597668505421256,2.8833923898624545,3.6623273840144335,1.34232222934577,True,False,0.04770503915753216,0.16261808516085147,1.0000000000000002,1.0,0.5183557651731128,0.9360848059877753,SPIN_AUDIT_UNRESTRICTED,0.036456252448260784,1.0,1.0,3912,0.5183557651731128,0.2117941671298469,1.34232222934577,0.13938635954730777,0.3964977400426364,0.05271321596047185,1.4668239646912895,1.4774595378629272,1.1826026986755216,0.8062335543613881,1.0082901084634903,1.3312857262790203,CONTIGUOUS,8192,0.0,0.0,0,True,5.264549842683783,1.9305143672972918,1,3.9828206757703115,0.4766442348268872,0.06123568334584118,0.3312857262790203,1
-0.33161715343110837,0.22968452026986536,inf,10.540260338624886,3.3911474207452192,2.4209346393965454,False,False,0.9972996743051336,0.15585223252605646,1.0000000000000002,1.0,0.48646218915721096,0.657841142566624,SPIN_AUDIT_KINETIC_LIMITED,0.036456252448260784,1.0,1.0,3912,0.005,0.39643885279539315,2.4209346393965454,0.13938635954730777,0.3964977400426364,0.05271321596047185,1.4668239646912895,1.4774595378629272,1.1826026986755216,0.8062335543613881,1.709436312923144,1.416218095459044,CONTIGUOUS,8192,0.0,0.0,0,True,5.264549842683783,1.9305143672972918,1,3.2439377424396305,0.00522689966638336,0.052713739537434176,0.416218095459044,1
-0.5491648717923099,0.37724785830919305,inf,10.610425305116845,5.100178476322276,4.002760222104996,False,False,0.24092309156712144,0.9989957062443718,1.0000000000000002,1.0,0.5333621899967367,0.5809825950411581,SPIN_AUDIT_KINETIC_LIMITED,0.036456252448260784,1.0,1.0,3912,0.005,0.39643885279539315,4.002760222104996,0.13938635954730777,0.3964977400426364,0.05271321596047185,1.4668239646912895,1.4774595378629272,1.1826026986755216,0.8062335543613881,1.6180368014924786,2.4738375656306744,CONTIGUOUS,8192,0.0,0.0,0,True,5.264549842683783,1.9305143672972918,1,5.892590040417701,0.00432762031750027,0.05271348128646221,1.4738375656306744,1
-0.8680194698420791,0.595125475681088,inf,10.650607823726853,9.003550073088292,6.338448047388161,False,False,0.1733481717724353,0.9966163227260113,1.0000000000000002,1.0,0.47770050986060886,0.6713906853137591,SPIN_AUDIT_KINETIC_LIMITED,0.036456252448260784,1.0,1.0,3912,0.005,0.39643885279539315,6.338448047388161,0.13938635954730777,0.3964977400426364,0.05271321596047185,1.4668239646912895,1.4774595378629272,1.1826026986755216,0.8062335543613881,1.7303057562290811,3.663195377215743,CONTIGUOUS,8192,0.0,0.0,0,True,5.264549842683783,1.9305143672972918,1,8.314333461474812,0.005414474963511522,0.052713799066885204,2.663195377215743,1
-0.9126433389384927,0.6233819049155569,inf,10.69107065035141,9.492342454540683,6.664619987602864,False,False,0.08695614094100892,0.9959759651301429,1.0000000000000002,1.0,0.47569269185622526,0.6742837111691146,SPIN_AUDIT_KINETIC_LIMITED,0.036456252448260784,1.0,1.0,3912,0.005,0.39643885279539315,6.664619987602864,0.13938635954730777,0.3964977400426364,0.05271321596047185,1.4668239646912895,1.4774595378629272,1.1826026986755216,0.8062335543613881,1.7356078124417633,3.8399343099445105,CONTIGUOUS,8192,0.0,0.0,0,True,5.264549842683783,1.9305143672972918,1,8.695117252175177,0.005458432692305599,0.052713813842755655,2.8399343099445105,1
-0.7270641014059687,0.4962313105072247,inf,10.694892161429804,7.377332235806073,5.307140352999757,False,False,0.34846873114351185,0.997913527241908,1.0000000000000002,1.0,0.48733027768105364,0.6536491089363559,SPIN_AUDIT_KINETIC_LIMITED,0.036456252448260784,1.0,1.0,3912,0.005,0.39643885279539315,5.307140352999756,0.13938635954730777,0.3964977400426364,0.05271321596047185,1.4668239646912895,1.4774595378629272,1.1826026986755216,0.8062335543613881,1.713513973462494,3.097226188518107,CONTIGUOUS,8192,0.0,0.0,0,True,5.264549842683783,1.9305143672972918,1,7.081764401072671,0.005208682341005748,0.05271373374099904,2.097226188518107,1
-0.7650097515555798,0.5210335122338039,inf,10.713756749497678,7.608666803520786,5.582226308409398,False,False,0.13233140025567264,0.9961048726988956,1.0000000000000002,1.0,0.49665396836712405,0.6374521149095704,SPIN_AUDIT_KINETIC_LIMITED,0.036456252448260784,1.0,1.0,3912,0.005,0.39643885279539315,5.582226308409398,0.13938635954730777,0.3964977400426364,0.05271321596047185,1.4668239646912895,1.4774595378629272,1.1826026986755216,0.8062335543613881,1.6960733177413783,3.2912647407501936,CONTIGUOUS,8192,0.0,0.0,0,True,5.264549842683783,1.9305143672972918,1,7.5828326545913765,0.00501703462947568,0.05271367516605889,2.2912647407501936,1
-0.3134669235516038,0.2136089757676891,inf,10.724927424962724,3.409104030148756,2.290940762429087,False,False,0.9964470443502068,0.16588647519797087,1.0000000000000002,1.0,0.4547232749750305,0.7129920696215244,SPIN_AUDIT_KINETIC_LIMITED,0.036456252448260784,1.0,1.0,3912,0.005,0.39643885279539315,2.290940762429087,0.13938635954730777,0.3964977400426364,0.05271321596047185,1.4668239646912895,1.4774595378629272,1.1826026986755216,0.8062335543613881,1.7758510773742482,1.2900522975251079,CONTIGUOUS,8192,0.0,0.0,0,True,5.264549842683783,1.9305143672972918,1,2.8692684276713445,0.0059407199362583405,0.05271397903936584,0.29005229752510786,1
-0.7002039208551581,0.4757740419661306,inf,10.736477841412755,6.8663938689181725,5.108137459088743,False,False,0.23324592371843755,0.9968526821108535,1.0000000000000002,1.0,0.5031762488395187,0.6262739664402932,SPIN_AUDIT_KINETIC_LIMITED,0.036456252448260784,1.0,1.0,3912,0.005,0.39643885279539315,5.108137459088743,0.13938635954730777,0.3964977400426364,0.05271321596047185,1.4668239646912895,1.4774595378629272,1.1826026986755216,0.8062335543613881,1.6840442206436823,3.033256132155657,CONTIGUOUS,8192,0.0,0.0,0,True,5.264549842683783,1.9305143672972918,1,7.024887069533885,0.004887191638066981,0.052713635170617994,2.033256132155657,1
-0.7403812713721659,0.5028360726333734,inf,10.74123285962185,7.247368272801878,5.401079346372789,False,False,0.01160544084198773,0.9957244999129325,1.0000000000000002,1.0,0.503975563938299,0.624889566605103,SPIN_AUDIT_KINETIC_LIMITED,0.036456252448260784,1.0,1.0,3912,0.005,0.39643885279539315,5.401079346372789,0.13938635954730777,0.3964977400426364,0.05271321596047185,1.4668239646912895,1.4774595378629272,1.1826026986755216,0.8062335543613881,1.682631359607738,3.209900561720133,CONTIGUOUS,8192,0.0,0.0,0,True,5.264549842683783,1.9305143672972918,1,7.438522900507742,0.004871510358802004,0.05271363072731636,2.209900561720133,1
-0.9296020418055163,0.6297267522202381,inf,10.793215356067863,10.343091875672346,6.796776452190217,False,False,0.4957884707385674,0.9987869766885414,1.0000000000000002,1.0,0.44353044874443176,0.7339738338587446,SPIN_AUDIT_KINETIC_LIMITED,0.036456252448260784,1.0,1.0,3912,0.005,0.39643885279539315,6.796776452190216,0.13938635954730777,0.3964977400426364,0.05271321596047185,1.4668239646912895,1.4774595378629272,1.1826026986755216,0.8062335543613881,1.7986343599979073,3.7788538923487067,CONTIGUOUS,8192,0.0,0.0,0,True,5.264549842683783,1.9305143672972918,1,8.31863911720461,0.00621681727620613,0.05271408005206511,2.7788538923487067,1
-0.8084169520721218,0.545200176077242,inf,10.82480303803265,8.260886081560141,5.901684522336866,False,False,0.28955569911003115,0.9983248653095216,1.0000000000000002,1.0,0.48163037780815426,0.6613760627806187,SPIN_AUDIT_KINETIC_LIMITED,0.036456252448260784,1.0,1.0,3912,0.005,0.39643885279539315,5.901684522336866,0.13938635954730777,0.3964977400426364,0.05271321596047185,1.4668239646912895,1.4774595378629272,1.1826026986755216,0.8062335543613881,1.7291984424102511,3.41295965667814,CONTIGUOUS,8192,0.0,0.0,0,True,5.264549842683783,1.9305143672972918,1,7.750154104375696,0.00532949794952857,0.052713771661611654,2.41295965667814,1
-0.33347409747328277,0.22460056060485595,inf,10.842854072912958,3.4766463821869142,2.4353111033328956,False,False,0.9967848616903647,0.35218621547799556,1.0000000000000002,1.0,0.4719219334207531,0.6784372392581524,SPIN_AUDIT_KINETIC_LIMITED,0.036456252448260784,1.0,1.0,3912,0.005,0.39643885279539315,2.435311103332896,0.13938635954730777,0.3964977400426364,0.05271321596047185,1.4668239646912895,1.4774595378629272,1.1826026986755216,0.8062335543613881,1.748265660842608,1.3929868657141924,CONTIGUOUS,8192,0.0,0.0,0,True,5.264549842683783,1.9305143672972918,1,3.1366363595238735,0.005541997834129953,0.05271384147177961,0.3929868657141924,1
-0.5762388354266844,0.3841149613560877,inf,10.936582894534016,5.417136994820202,4.200905115901583,False,False,0.3649033338613808,0.9980732791414484,1.0000000000000002,1.0,0.5206725481680526,0.5954010935512798,SPIN_AUDIT_KINETIC_LIMITED,0.036456252448260784,1.0,1.0,3912,0.005,0.39643885279539315,4.200905115901583,0.13938635954730777,0.3964977400426364,0.05271321596047185,1.4668239646912895,1.4774595378629272,1.1826026986755216,0.8062335543613881,1.655964043802067,2.5368335330858827,CONTIGUOUS,8192,0.0,0.0,0,True,5.264549842683783,1.9305143672972918,1,5.946429016441948,0.004554949684795491,0.05271354212297072,1.5368335330858827,1
-0.8715170628549221,0.5804997158800762,inf,10.967848607046951,9.270558995149552,6.366833000206444,False,False,0.4504065943993628,0.9971943031707778,1.0000000000000002,1.0,0.4605941980131421,0.6972490179418576,SPIN_AUDIT_KINETIC_LIMITED,0.036456252448260784,1.0,1.0,3912,0.005,0.39643885279539315,6.366833000206444,0.13938635954730777,0.3964977400426364,0.05271321596047185,1.4668239646912895,1.4774595378629272,1.1826026986755216,0.8062335543613881,1.773867662550844,3.589237875305116,CONTIGUOUS,8192,0.0,0.0,0,True,5.264549842683783,1.9305143672972918,1,7.99011850101402,0.005801265021271607,0.05271392967363339,2.589237875305116,1
-0.6266379488085503,0.4160573173539932,inf,10.984351221023392,6.036448829473203,4.570119701893052,False,False,0.39051237939298156,0.9974305378831922,1.0000000000000002,1.0,0.5074448875619247,0.6154615377776317,SPIN_AUDIT_KINETIC_LIMITED,0.036456252448260784,1.0,1.0,3912,0.005,0.39643885279539315,4.570119701893052,0.13938635954730777,0.3964977400426364,0.05271321596047185,1.4668239646912895,1.4774595378629272,1.1826026986755216,0.8062335543613881,1.6843981889242623,2.71320625487715,CONTIGUOUS,8192,0.0,0.0,0,True,5.264549842683783,1.9305143672972918,1,6.282705317615548,0.004804020341800938,0.05271361211758316,1.71320625487715,1
-0.6438593755303118,0.4250984562621526,inf,11.040804948654145,6.01679628630559,4.693429139564412,False,False,0.21681224944721908,0.9952298788027838,1.0000000000000002,1.0,0.5217825503128546,0.5921747650836507,SPIN_AUDIT_KINETIC_LIMITED,0.036456252448260784,1.0,1.0,3912,0.005,0.39643885279539315,4.693429139564412,0.13938635954730777,0.3964977400426364,0.05271321596047185,1.4668239646912895,1.4774595378629272,1.1826026986755216,0.8062335543613881,1.657326159318161,2.8319284729659557,CONTIGUOUS,8192,0.0,0.0,0,True,5.264549842683783,1.9305143672972918,1,6.634284752299411,0.004534623181662648,0.05271353670449391,1.8319284729659557,1
-0.35984473722695937,0.23752816033332375,inf,11.07137571805607,3.90336907513036,2.6297635066688896,False,False,0.998930009122938,0.6022473932057619,1.0000000000000002,1.0,0.450162270766398,0.7154947970250802,SPIN_AUDIT_KINETIC_LIMITED,0.036456252448260784,1.0,1.0,3912,0.005,0.39643885279539315,2.6297635066688896,0.13938635954730777,0.3964977400426364,0.05271321596047185,1.4668239646912895,1.4774595378629272,1.1826026986755216,0.8062335543613881,1.7966389861738123,1.4637128142639995,CONTIGUOUS,8192,0.0,0.0,0,True,5.264549842683783,1.9305143672972918,1,3.225087750387108,0.006051570340468779,0.05271401874262912,0.46371281426399946,1
-0.39856946953807304,0.26188441108439897,inf,11.08134901967918,3.452920896389133,2.9020325620393645,False,False,0.9989413328561931,0.26918703252263365,1.0000000000000002,1.0,0.5613761382751766,0.5345008440273721,SPIN_AUDIT_KINETIC_LIMITED,0.036456252448260784,1.0,1.0,3912,0.005,0.39643885279539315,2.902032562039364,0.13938635954730777,0.3964977400426364,0.05271321596047185,1.4668239646912895,1.4774595378629272,1.1826026986755216,0.8062335543613881,1.5745736240492356,1.8430593004450202,CONTIGUOUS,8192,0.0,0.0,0,True,5.264549842683783,1.9305143672972918,1,4.470204639740717,0.0038621508126185145,0.05271336643708522,0.8430593004450202,1
-0.784506646036982,0.5156126956071306,inf,11.096675014921086,7.566782048530208,5.721586516719758,False,False,0.021285330749116836,0.992503765446134,1.0000000000000002,1.0,0.50478652588553,0.6180245235355109,SPIN_AUDIT_KINETIC_LIMITED,0.036456252448260784,1.0,1.0,3912,0.005,0.39643885279539315,5.721586516719758,0.13938635954730777,0.3964977400426364,0.05271321596047185,1.4668239646912895,1.4774595378629272,1.1826026986755216,0.8062335543613881,1.6936146586051637,3.3783284099772573,CONTIGUOUS,8192,0.0,0.0,0,True,5.264549842683783,1.9305143672972918,1,7.791727123189272,0.004855651339489549,0.05271362640084055,2.3783284099772573,1
-0.33798691421716404,0.22189122150740442,inf,11.105745575218306,3.199272881912397,2.4642674514356417,False,False,0.9932259285682812,0.12071609714068472,1.0000000000000002,1.0,0.5140433712194696,0.6031953265287746,SPIN_AUDIT_KINETIC_LIMITED,0.036456252448260784,1.0,1.0,3912,0.005,0.39643885279539315,2.4642674514356417,0.13938635954730777,0.3964977400426364,0.05271321596047185,1.4668239646912895,1.4774595378629272,1.1826026986755216,0.8062335543613881,1.675338190296157,1.4709074655547738,CONTIGUOUS,8192,0.0,0.0,0,True,5.264549842683783,1.9305143672972918,1,3.4193624107834535,0.0046781716846144,0.052713575688964676,0.4709074655547738,1
-0.9375977517327508,0.6147498824065396,inf,11.131097303400635,9.42666723163648,6.842840758321292,False,False,0.06666508308239281,0.9919019511686638,1.0000000000000002,1.0,0.48400861287856795,0.6521509930890209,SPIN_AUDIT_KINETIC_LIMITED,0.036456252448260784,1.0,1.0,3912,0.005,0.39643885279539315,6.842840758321291,0.13938635954730777,0.3964977400426364,0.05271321596047185,1.4668239646912895,1.4774595378629272,1.1826026986755216,0.8062335543613881,1.7354693552946336,3.9429337875917554,CONTIGUOUS,8192,0.0,0.0,0,True,5.264549842683783,1.9305143672972918,1,8.928894392045729,0.005278742707514937,0.05271375603539184,2.9429337875917554,1
-0.48696679705161683,0.3176876368433906,inf,11.157892851219538,4.142527610612865,3.5447246120556963,False,False,0.01925287629198283,0.9976210075803101,1.0000000000000002,1.0,0.5700106529194678,0.5219231901921967,SPIN_AUDIT_KINETIC_LIMITED,0.036456252448260784,1.0,1.0,3912,0.005,0.39643885279539315,3.5447246120556963,0.13938635954730777,0.3964977400426364,0.05271321596047185,1.4668239646912895,1.4774595378629272,1.1826026986755216,0.8062335543613881,1.5579789025401805,2.275207068771124,CONTIGUOUS,8192,0.0,0.0,0,True,5.264549842683783,1.9305143672972918,1,5.556103663028798,0.0037279070566824603,0.05271333592352152,1.2752070687711239,1
-0.8863109227797779,0.5798918847820432,inf,11.15970255246206,9.145033823066543,6.471420946754202,False,False,0.3847259544627741,0.994697715475224,1.0000000000000002,1.0,0.4713599239868204,0.6740292892909061,SPIN_AUDIT_KINETIC_LIMITED,0.036456252448260784,1.0,1.0,3912,0.005,0.39643885279539315,6.471420946754202,0.13938635954730777,0.3964977400426364,0.05271321596047185,1.4668239646912895,1.4774595378629272,1.1826026986755216,0.8062335543613881,1.7605217736280634,3.675853967666626,CONTIGUOUS,8192,0.0,0.0,0,True,5.264549842683783,1.9305143672972918,1,8.231994923912302,0.005554567214626217,0.05271384552774634,2.675853967666626,1
-0.7481636832905778,0.48847929000893375,inf,11.171933988367435,7.2754025443237245,5.457258382664401,False,False,0.299218626444228,0.9938703650543467,1.0000000000000002,1.0,0.49942434518097356,0.6255895603760948,SPIN_AUDIT_KINETIC_LIMITED,0.036456252448260784,1.0,1.0,3912,0.005,0.39643885279539315,5.4572583826644,0.13938635954730777,0.3964977400426364,0.05271321596047185,1.4668239646912895,1.4774595378629272,1.1826026986755216,0.8062335543613881,1.706838398700521,3.1972906086593866,CONTIGUOUS,8192,0.0,0.0,0,True,5.264549842683783,1.9305143672972918,1,7.3319040519731455,0.004961468734963726,0.05271365815864777,2.1972906086593866,1
-0.2918182529142551,0.19015877326108926,inf,11.232392103450254,3.4343531311838444,2.1359379031796464,False,False,0.9953389441939071,0.09960759905632585,1.0000000000000002,1.0,0.41321951003771545,0.7905819637441277,SPIN_AUDIT_KINETIC_LIMITED,0.036456252448260784,1.0,1.0,3912,0.005,0.39643885279539315,2.1359379031796464,0.13938635954730777,0.3964977400426364,0.05271321596047185,1.4668239646912895,1.4774595378629272,1.1826026986755216,0.8062335543613881,1.8673863803467583,1.1438114391639829,CONTIGUOUS,8192,0.0,0.0,0,True,5.264549842683783,1.9305143672972918,1,2.439307853476285,0.0070396057764695605,0.05271440725294342,0.14381143916398287,1
-0.66703300017769,0.4318363458891715,inf,11.257121528580898,6.142544911757349,4.8612342261327,False,False,0.15114245428331197,0.9927332985503599,1.0000000000000002,1.0,0.5253676601342282,0.5836810730947531,SPIN_AUDIT_KINETIC_LIMITED,0.036456252448260784,1.0,1.0,3912,0.005,0.39643885279539315,4.8612342261327,0.13938635954730777,0.3964977400426364,0.05271321596047185,1.4668239646912895,1.4774595378629272,1.1826026986755216,0.8062335543613881,1.6573188045273355,2.9331919802352786,CONTIGUOUS,8192,0.0,0.0,0,True,5.264549842683783,1.9305143672972918,1,6.871533694808415,0.004469558896580954,0.05271351870741652,1.9331919802352786,1
-0.8926460159555742,0.5774759590342066,inf,11.277563536063136,8.79231093446144,6.512521818557257,False,False,0.1364791509276256,0.9906823617517948,1.0000000000000002,1.0,0.49136560906432286,0.6373225722783906,SPIN_AUDIT_KINETIC_LIMITED,0.036456252448260784,1.0,1.0,3912,0.005,0.39643885279539315,6.512521818557257,0.13938635954730777,0.3964977400426364,0.05271321596047185,1.4668239646912895,1.4774595378629272,1.1826026986755216,0.8062335543613881,1.7262404997492027,3.772661931812763,CONTIGUOUS,8192,0.0,0.0,0,True,5.264549842683783,1.9305143672972918,1,8.578125908693796,0.005124843717641502,0.05271370662687256,2.772661931812763,1
-0.8453546043809324,0.5457046304150689,inf,11.301158453256644,8.293979263753071,6.167094496996548,False,False,0.2390342368585989,0.9914378375876695,1.0000000000000002,1.0,0.49285999640446343,0.6344627542789893,SPIN_AUDIT_KINETIC_LIMITED,0.036456252448260784,1.0,1.0,3912,0.005,0.39643885279539315,6.167094496996548,0.13938635954730777,0.3964977400426364,0.05271321596047185,1.4668239646912895,1.4774595378629272,1.1826026986755216,0.8062335543613881,1.7241217601722447,3.5769483568146825,CONTIGUOUS,8192,0.0,0.0,0,True,5.264549842683783,1.9305143672972918,1,8.140698930262182,0.005094144455411001,0.05271369780383031,2.5769483568146825,1
-0.37293688458952784,0.24001785193435665,inf,11.326155052770108,3.480723404392988,2.7184794064413413,False,False,0.9959594348538667,0.4106604041196406,1.0000000000000002,1.0,0.5172376071899776,0.5950774697735032,SPIN_AUDIT_KINETIC_LIMITED,0.036456252448260784,1.0,1.0,3912,0.005,0.39643885279539315,2.7184794064413413,0.13938635954730777,0.3964977400426364,0.05271321596047185,1.4668239646912895,1.4774595378629272,1.1826026986755216,0.8062335543613881,1.6763150549169332,1.621699571609497,CONTIGUOUS,8192,0.0,0.0,0,True,5.264549842683783,1.9305143672972918,1,3.7683188799966474,0.0046184034780996095,0.052713558731128776,0.6216995716094971,1
-0.5438681558685198,0.34933853392294323,inf,11.352671493754668,5.194717878159159,3.9659256157370457,False,False,0.5549683353919536,0.9986689221337438,1.0000000000000002,1.0,0.5051526226915956,0.6136376195060015,SPIN_AUDIT_KINETIC_LIMITED,0.036456252448260784,1.0,1.0,3912,0.005,0.39643885279539315,3.9659256157370457,0.13938635954730777,0.3964977400426364,0.05271321596047185,1.4668239646912895,1.4774595378629272,1.1826026986755216,0.8062335543613881,1.701575031022199,2.3307380182668567,CONTIGUOUS,8192,0.0,0.0,0,True,5.264549842683783,1.9305143672972918,1,5.357026457330381,0.004848508701175889,0.05271362444302369,1.3307380182668567,1
-0.7108518755941238,0.4565410199631923,inf,11.359268893113901,6.983434957225244,5.185972206498382,False,False,0.45618171770218763,0.9949339092504234,1.0000000000000002,1.0,0.491250969785982,0.6362658388341795,SPIN_AUDIT_KINETIC_LIMITED,0.036456252448260784,1.0,1.0,3912,0.005,0.39643885279539315,5.185972206498382,0.13938635954730777,0.3964977400426364,0.05271321596047185,1.4668239646912895,1.4774595378629272,1.1826026986755216,0.8062335543613881,1.729212552737535,2.9990368727594614,CONTIGUOUS,8192,0.0,0.0,0,True,5.264549842683783,1.9305143672972918,1,6.810175284539462,0.005127206470793137,0.0527137073127294,1.9990368727594614,1
-0.5907557336911172,0.37873596029502443,inf,11.363972120781938,5.327204453458396,4.303944893930232,False,False,0.28278707249462604,0.994441335001029,1.0000000000000002,1.0,0.5343675560187969,0.568916502588044,SPIN_AUDIT_KINETIC_LIMITED,0.036456252448260784,1.0,1.0,3912,0.005,0.39643885279539315,4.3039448939302325,0.13938635954730777,0.3964977400426364,0.05271321596047185,1.4668239646912895,1.4774595378629272,1.1826026986755216,0.8062335543613881,1.6421168500742378,2.620973588898778,CONTIGUOUS,8192,0.0,0.0,0,True,5.264549842683783,1.9305143672972918,1,6.17994946166488,0.004310071212154577,0.052713476905311966,1.620973588898778,1
-0.33478861647140484,0.21465193081481576,inf,11.36806829132152,3.106483467799901,2.4401778083668475,False,False,0.990375259315595,0.04408510271273553,1.0000000000000002,1.0,0.5194749467641898,0.5910666749739133,SPIN_AUDIT_KINETIC_LIMITED,0.036456252448260784,1.0,1.0,3912,0.005,0.39643885279539315,2.440177808366848,0.13938635954730777,0.3964977400426364,0.05271321596047185,1.4668239646912895,1.4774595378629272,1.1826026986755216,0.8062335543613881,1.6731381935882825,1.4584436705335975,CONTIGUOUS,8192,0.0,0.0,0,True,5.264549842683783,1.9305143672972918,1,3.3935968737675424,0.004576977736826928,0.05271354794069379,0.45844367053359747,1
-0.843576720567359,0.541491319342779,inf,11.371286548925031,8.54650035070603,6.157452956002212,False,False,0.4301028625071049,0.9936084357267245,1.0000000000000002,1.0,0.47640620491679053,0.6615732004333041,SPIN_AUDIT_KINETIC_LIMITED,0.036456252448260784,1.0,1.0,3912,0.005,0.39643885279539315,6.157452956002212,0.13938635954730777,0.3964977400426364,0.05271321596047185,1.4668239646912895,1.4774595378629272,1.1826026986755216,0.8062335543613881,1.7581802232728985,3.502173937857151,CONTIGUOUS,8192,0.0,0.0,0,True,5.264549842683783,1.9305143672972918,1,7.851242795426393,0.005442769108913972,0.05271380860499811,2.502173937857151,1
-0.9444629410843172,0.6055677893551978,inf,11.379130949840313,9.32459503701266,6.890835174078112,False,False,0.10703641654085368,0.9893112674234434,1.0000000000000002,1.0,0.48852936173329803,0.6405378553067631,SPIN_AUDIT_KINETIC_LIMITED,0.036456252448260784,1.0,1.0,3912,0.005,0.39643885279539315,6.890835174078111,0.13938635954730777,0.3964977400426364,0.05271321596047185,1.4668239646912895,1.4774595378629272,1.1826026986755216,0.8062335543613881,1.7351678801807386,3.9712786599993706,CONTIGUOUS,8192,0.0,0.0,0,True,5.264549842683783,1.9305143672972918,1,8.99427946591937,0.005183625365625399,0.05271372570174841,2.9712786599993706,1
-0.8456669035263453,0.5409736975095123,inf,11.401393786670857,8.173874719293194,6.167854153537313,False,False,0.18378889331407847,0.989820826895535,1.0000000000000002,1.0,0.49845604566010243,0.6237326083912842,SPIN_AUDIT_KINETIC_LIMITED,0.036456252448260784,1.0,1.0,3912,0.005,0.39643885279539315,6.167854153537313,0.13938635954730777,0.3964977400426364,0.05271321596047185,1.4668239646912895,1.4774595378629272,1.1826026986755216,0.8062335543613881,1.7164868176980477,3.5933012068271637,CONTIGUOUS,8192,0.0,0.0,0,True,5.264549842683783,1.9305143672972918,1,8.205350673771342,0.004980819860278024,0.05271366403505101,2.5933012068271637,1
-0.6982099220315929,0.4466165756325896,inf,11.410893387259256,7.066091985522565,5.09629412952629,False,False,0.5629171475721523,0.9966649952139706,1.0000000000000002,1.0,0.4762733560933941,0.6611791787645349,SPIN_AUDIT_KINETIC_LIMITED,0.036456252448260784,1.0,1.0,3912,0.005,0.39643885279539315,5.09629412952629,0.13938635954730777,0.3964977400426364,0.05271321596047185,1.4668239646912895,1.4774595378629272,1.1826026986755216,0.8062335543613881,1.7597567615433152,2.8960219053551555,CONTIGUOUS,8192,0.0,0.0,0,True,5.264549842683783,1.9305143672972918,1,6.487793491894333,0.0054456819520771905,0.05271380958130658,1.8960219053551555,1
-0.43724636831160857,0.2786919673206328,inf,11.413573439591678,3.563129330201424,3.1808712360383264,False,False,0.06463100752793252,0.9984819767586887,1.0000000000000002,1.0,0.5894625568467677,0.49380593162161746,SPIN_AUDIT_KINETIC_LIMITED,0.036456252448260784,1.0,1.0,3912,0.005,0.39643885279539315,3.1808712360383264,0.13938635954730777,0.3964977400426364,0.05271321596047185,1.4668239646912895,1.4774595378629272,1.1826026986755216,0.8062335543613881,1.5219476506792713,2.0900004245340824,CONTIGUOUS,8192,0.0,0.0,0,True,5.264549842683783,1.9305143672972918,1,5.179130462098003,0.0034398914608129443,0.05271327333837675,1.0900004245340824,1
-0.3049032822497664,0.19457958895542504,inf,11.460461098544652,3.447161025773182,2.229971809794457,False,False,0.9940880953650921,0.43051889736671,1.0000000000000002,1.0,0.42647462057900776,0.7569141870929905,SPIN_AUDIT_KINETIC_LIMITED,0.036456252448260784,1.0,1.0,3912,0.005,0.39643885279539315,2.229971809794457,0.13938635954730777,0.3964977400426364,0.05271321596047185,1.4668239646912895,1.4774595378629272,1.1826026986755216,0.8062335543613881,1.852200974256721,1.203957799822092,CONTIGUOUS,8192,0.0,0.0,0,True,5.264549842683783,1.9305143672972918,1,2.585859389493911,0.006665406943197789,0.05271425354923266,0.20395779982209206,1
-0.5332578612577509,0.3386003201504798,inf,11.473776178102908,4.80705334031569,3.885024287240593,False,False,0.4279721106030047,0.9967754624281079,1.0000000000000002,1.0,0.5325692770425631,0.5700994623086713,SPIN_AUDIT_KINETIC_LIMITED,0.036456252448260784,1.0,1.0,3912,0.005,0.39643885279539315,3.885024287240593,0.13938635954730777,0.3964977400426364,0.05271321596047185,1.4668239646912895,1.4774595378629272,1.1826026986755216,0.8062335543613881,1.6494850541726638,2.355295234359801,CONTIGUOUS,8192,0.0,0.0,0,True,5.264549842683783,1.9305143672972918,1,5.53615665019861,0.00434150769572537,0.05271348472835469,1.3552952343598008,1
-0.7083362455882306,0.44955814763231094,inf,11.481482737584908,6.470030545517295,5.161594111581026,False,False,0.051032481423579155,0.9895627196151763,1.0000000000000002,1.0,0.5255652820513712,0.5803382990413765,SPIN_AUDIT_KINETIC_LIMITED,0.036456252448260784,1.0,1.0,3912,0.005,0.39643885279539315,5.161594111581026,0.13938635954730777,0.3964977400426364,0.05271321596047185,1.4668239646912895,1.4774595378629272,1.1826026986755216,0.8062335543613881,1.6643257418031963,3.10131243057549,CONTIGUOUS,8192,0.0,0.0,0,True,5.264549842683783,1.9305143672972918,1,7.243655610720933,0.004465998173588873,0.05271351772497296,2.10131243057549,1
-0.8929524157629662,0.5670986709706205,inf,11.50276203551615,9.480159828607484,6.523201062832518,False,False,0.56967991152592,0.9953090346297249,1.0000000000000002,1.0,0.4529864201469872,0.7024755201304095,SPIN_AUDIT_KINETIC_LIMITED,0.036456252448260784,1.0,1.0,3912,0.005,0.39643885279539315,6.523201062832518,0.13938635954730777,0.3964977400426364,0.05271321596047185,1.4668239646912895,1.4774595378629272,1.1826026986755216,0.8062335543613881,1.8062029304873501,3.611554910428822,CONTIGUOUS,8192,0.0,0.0,0,True,5.264549842683783,1.9305143672972918,1,7.92301857888277,0.005982669189918956,0.05271399424982874,2.611554910428822,1
-0.6170772470500155,0.39039720607512673,inf,11.513089176633434,5.480849251797035,4.494677847851473,False,False,0.16757870941516012,0.9916741485921666,1.0000000000000002,1.0,0.5396859663291655,0.5593089282146998,SPIN_AUDIT_KINETIC_LIMITED,0.036456252448260784,1.0,1.0,3912,0.005,0.39643885279539315,4.494677847851474,0.13938635954730777,0.3964977400426364,0.05271321596047185,1.4668239646912895,1.4774595378629272,1.1826026986755216,0.8062335543613881,1.6357435268884337,2.7477888641878963,CONTIGUOUS,8192,0.0,0.0,0,True,5.264549842683783,1.9305143672972918,1,6.496477608900111,0.004218323822349764,0.05271345305589372,1.7477888641878963,1
-0.37405026358907323,0.23619095846518512,inf,11.52863293907186,3.1961899179576134,2.722958863672687,False,False,0.9945757048614323,0.17919028764311223,1.0000000000000002,1.0,0.5603689448728761,0.5304023435421094,SPIN_AUDIT_KINETIC_LIMITED,0.036456252448260784,1.0,1.0,3912,0.005,0.39643885279539315,2.722958863672687,0.13938635954730777,0.3964977400426364,0.05271321596047185,1.4668239646912895,1.4774595378629272,1.1826026986755216,0.8062335543613881,1.5914894218306688,1.7109500234946609,CONTIGUOUS,8192,0.0,0.0,0,True,5.264549842683783,1.9305143672972918,1,4.120841230305956,0.0038780794252055045,0.05271336987123487,0.7109500234946609,1
-0.6348655571611838,0.401181959539604,inf,11.541141983493363,6.113570810661564,4.630097956262659,False,False,0.5175119126942008,0.9955452284049243,1.0000000000000002,1.0,0.49794363740580616,0.622527296888531,SPIN_AUDIT_KINETIC_LIMITED,0.036456252448260784,1.0,1.0,3912,0.005,0.39643885279539315,4.630097956262659,0.13938635954730777,0.3964977400426364,0.05271321596047185,1.4668239646912895,1.4774595378629272,1.1826026986755216,0.8062335543613881,1.722093158369762,2.6886454625055194,CONTIGUOUS,8192,0.0,0.0,0,True,5.264549842683783,1.9305143672972918,1,6.124483893759418,0.004991090610011258,0.05271366713548376,1.6886454625055194,1
-0.5146495587199896,0.32403705296761176,inf,11.560297471484047,4.356282666056389,3.7459647240886245,False,False,0.15885025350283832,0.9947386582726613,1.0000000000000002,1.0,0.5650106565137722,0.5238096106410907,SPIN_AUDIT_KINETIC_LIMITED,0.036456252448260784,1.0,1.0,3912,0.005,0.39643885279539315,3.7459647240886245,0.13938635954730777,0.3964977400426364,0.05271321596047185,1.4668239646912895,1.4774595378629272,1.1826026986755216,0.8062335543613881,1.5822169073196524,2.3675418375059962,CONTIGUOUS,8192,0.0,0.0,0,True,5.264549842683783,1.9305143672972918,1,5.724202625935361,0.0038051436599386207,0.05271335391097413,1.3675418375059962,1
-0.6605128781623525,0.415975616831593,inf,11.568608245539583,5.964283974000985,4.812258950821381,False,False,0.20793650578986855,0.9904460526080802,1.0000000000000002,1.0,0.5300052742468498,0.5726204279698125,SPIN_AUDIT_KINETIC_LIMITED,0.036456252448260784,1.0,1.0,3912,0.005,0.39643885279539315,4.812258950821381,0.13938635954730777,0.3964977400426364,0.05271321596047185,1.4668239646912895,1.4774595378629272,1.1826026986755216,0.8062335543613881,1.6579125482711647,2.9026011992245913,CONTIGUOUS,8192,0.0,0.0,0,True,5.264549842683783,1.9305143672972918,1,6.7981458460769835,0.004386699041947448,0.05271349577788012,1.9026011992245913,1
-0.5604762302384535,0.35132152158925256,inf,11.613928533226572,4.8010442419810655,4.080223043921994,False,False,0.07728755634557455,0.9922523113936186,1.0000000000000002,1.0,0.5574276817840451,0.5333747547042422,SPIN_AUDIT_KINETIC_LIMITED,0.036456252448260784,1.0,1.0,3912,0.005,0.39643885279539315,4.080223043921995,0.13938635954730777,0.3964977400426364,0.05271321596047185,1.4668239646912895,1.4774595378629272,1.1826026986755216,0.8062335543613881,1.6006648774695544,2.549080136232078,CONTIGUOUS,8192,0.0,0.0,0,True,5.264549842683783,1.9305143672972918,1,6.116097501006318,0.003924924546404894,0.05271338062755275,1.549080136232078,1
-0.7646150543570162,0.4799057393083992,inf,11.614881720261568,7.175067781557434,5.5740483989417395,False,False,0.2675400119917467,0.9889743290226907,1.0000000000000002,1.0,0.5095319872227801,0.6030083299587086,SPIN_AUDIT_KINETIC_LIMITED,0.036456252448260784,1.0,1.0,3912,0.005,0.39643885279539315,5.5740483989417395,0.13938635954730777,0.3964977400426364,0.05271321596047185,1.4668239646912895,1.4774595378629272,1.1826026986755216,0.8062335543613881,1.701379440804188,3.2761935787275434,CONTIGUOUS,8192,0.0,0.0,0,True,5.264549842683783,1.9305143672972918,1,7.530725915968434,0.004763861984634942,0.052713600647442606,2.2761935787275434,1
-0.907304991564175,0.5697407264543887,inf,11.62754795421783,9.359866757988199,6.624687618319307,False,False,0.5117367912335321,0.9926828434327617,1.0000000000000002,1.0,0.46402543405535585,0.6797431214653641,SPIN_AUDIT_KINETIC_LIMITED,0.036456252448260784,1.0,1.0,3912,0.005,0.39643885279539315,6.6246876183193075,0.13938635954730777,0.3964977400426364,0.05271321596047185,1.4668239646912895,1.4774595378629272,1.1826026986755216,0.8062335543613881,1.7899246557773074,3.7010985892266035,CONTIGUOUS,8192,0.0,0.0,0,True,5.264549842683783,1.9305143672972918,1,8.17970673858711,0.005721395067768004,0.05271390227194118,2.7010985892266035,1
-0.39105657616047274,0.24528166253905503,inf,11.639789270175223,4.012059298007915,2.855026863792833,False,False,0.9975653039971366,0.6607215837081895,1.0000000000000002,1.0,0.4663528004040571,0.6753050733943842,SPIN_AUDIT_KINETIC_LIMITED,0.036456252448260784,1.0,1.0,3912,0.005,0.39643885279539315,2.855026863792833,0.13938635954730777,0.3964977400426364,0.05271321596047185,1.4668239646912895,1.4774595378629272,1.1826026986755216,0.8062335543613881,1.7859780679575894,1.5985789047554135,CONTIGUOUS,8192,0.0,0.0,0,True,5.264549842683783,1.9305143672972918,1,3.5392887552288212,0.005667889193952654,0.052713883585631394,0.5985789047554135,1
-0.7633217125892825,0.47739846429901267,inf,11.651959685138271,7.001350254025943,5.562627659759018,False,False,0.04136956882663071,0.9869299328746274,1.0000000000000002,1.0,0.52047144648729,0.5857147387900394,SPIN_AUDIT_KINETIC_LIMITED,0.036456252448260784,1.0,1.0,3912,0.005,0.39643885279539315,5.562627659759018,0.13938635954730777,0.3964977400426364,0.05271321596047185,1.4668239646912895,1.4774595378629272,1.1826026986755216,0.8062335543613881,1.6803193477210783,3.3104586144909263,CONTIGUOUS,8192,0.0,0.0,0,True,5.264549842683783,1.9305143672972918,1,7.679206798204687,0.0045586415615625694,0.052713543101936475,2.3104586144909263,1
-0.8614000932770597,0.539942551696504,inf,11.658913710724715,9.342974883429768,6.2951436189780585,False,False,0.6647673094626516,0.9964373712725937,1.0000000000000002,1.0,0.4412863139976313,0.7227494205831488,SPIN_AUDIT_KINETIC_LIMITED,0.036456252448260784,1.0,1.0,3912,0.005,0.39643885279539315,6.2951436189780585,0.13938635954730777,0.3964977400426364,0.05271321596047185,1.4668239646912895,1.4774595378629272,1.1826026986755216,0.8062335543613881,1.832500877184502,3.435274546034634,CONTIGUOUS,8192,0.0,0.0,0,True,5.264549842683783,1.9305143672972918,1,7.445954565160478,0.006273859719172491,0.05271410130892097,2.435274546034634,1
-1.0055280248211362,0.6299427040305929,inf,11.66944000662702,11.120562923759625,7.351078592297406,False,False,0.6483640233976766,0.9957749401442707,1.0000000000000002,1.0,0.43278782268912913,0.7398672328949388,SPIN_AUDIT_KINETIC_LIMITED,0.036456252448260784,1.0,1.0,3912,0.005,0.39643885279539315,7.351078592297405,0.13938635954730777,0.3964977400426364,0.05271321596047185,1.4668239646912895,1.4774595378629272,1.1826026986755216,0.8062335543613881,1.8479766714794914,3.9779065968468785,CONTIGUOUS,8192,0.0,0.0,0,True,5.264549842683783,1.9305143672972918,1,8.560547795090107,0.006495240252112027,0.05271418640259497,2.9779065968468785,1
-0.33166786436507356,0.20710601095224612,inf,11.691126961773017,3.391490518665026,2.4213026685890626,False,False,0.9912673998335376,0.4836712824711576,1.0000000000000002,1.0,0.46709195327697667,0.6731609913231161,SPIN_AUDIT_KINETIC_LIMITED,0.036456252448260784,1.0,1.0,3912,0.005,0.39643885279539315,2.4213026685890626,0.13938635954730777,0.3964977400426364,0.05271321596047185,1.4668239646912895,1.4774595378629272,1.1826026986755216,0.8062335543613881,1.7862515979807136,1.3555216249078512,CONTIGUOUS,8192,0.0,0.0,0,True,5.264549842683783,1.9305143672972918,1,3.000783831042342,0.005651007719351397,0.05271387761653628,0.3555216249078512,1
-0.30816386256834705,0.1923326386934721,inf,11.697520785964738,3.1593081208962017,2.249815038936336,False,False,0.987193923051469,0.26119127801433206,1.0000000000000002,1.0,0.4658096272769463,0.6753845313492899,SPIN_AUDIT_KINETIC_LIMITED,0.036456252448260784,1.0,1.0,3912,0.005,0.39643885279539315,2.249815038936336,0.13938635954730777,0.3964977400426364,0.05271321596047185,1.4668239646912895,1.4774595378629272,1.1826026986755216,0.8062335543613881,1.7888558883418653,1.2576837819069624,CONTIGUOUS,8192,0.0,0.0,0,True,5.264549842683783,1.9305143672972918,1,2.7809200886915137,0.005680328848253112,0.052713887961445396,0.2576837819069624,1
-0.407954104562388,0.254001111270205,inf,11.703242198724878,3.718596431030871,2.9726365239404764,False,False,0.9967433560723439,0.5173125219466165,1.0000000000000002,1.0,0.5228001081482934,0.5815455177684996,SPIN_AUDIT_KINETIC_LIMITED,0.036456252448260784,1.0,1.0,3912,0.005,0.39643885279539315,2.9726365239404764,0.13938635954730777,0.3964977400426364,0.05271321596047185,1.4668239646912895,1.4774595378629272,1.1826026986755216,0.8062335543613881,1.6771550125685244,1.772428011521697,CONTIGUOUS,8192,0.0,0.0,0,True,5.264549842683783,1.9305143672972918,1,4.117075522146312,0.004516065361235217,0.052713531396815984,0.772428011521697,1
-0.9247294927386703,0.5763147751940072,inf,11.70527630150589,9.053892196190494,6.745923680286107,False,False,0.31485068282485007,0.98762461415492,1.0000000000000002,1.0,0.4872482957951027,0.6378264014089311,SPIN_AUDIT_KINETIC_LIMITED,0.036456252448260784,1.0,1.0,3912,0.005,0.39643885279539315,6.745923680286107,0.13938635954730777,0.3964977400426364,0.05271321596047185,1.4668239646912895,1.4774595378629272,1.1826026986755216,0.8062335543613881,1.7483039330896561,3.858553168363869,CONTIGUOUS,8192,0.0,0.0,0,True,5.264549842683783,1.9305143672972918,1,8.68828899316937,0.005210400001259487,0.05271373428925925,2.858553168363869,1
-0.8747759170108707,0.5435421593802462,inf,11.73581792644867,8.353987150780279,6.378911817835313,False,False,0.2494737204713747,0.9864638989660889,1.0000000000000002,1.0,0.4988469485248511,0.6182953453362582,SPIN_AUDIT_KINETIC_LIMITED,0.036456252448260784,1.0,1.0,3912,0.005,0.39643885279539315,6.378911817835313,0.13938635954730777,0.3964977400426364,0.05271321596047185,1.4668239646912895,1.4774595378629272,1.1826026986755216,0.8062335543613881,1.7265666973901914,3.6945643788203597,CONTIGUOUS,8192,0.0,0.0,0,True,5.264549842683783,1.9305143672972918,1,8.399345697446126,0.004972998761868059,0.05271366166550567,2.6945643788203597,1
-0.391990458791967,0.2426966504439813,inf,11.75225541799471,3.2420746368034967,2.852233025109448,False,False,0.9955966369565576,0.22323796350695194,1.0000000000000002,1.0,0.5744417609021452,0.509275299975665,SPIN_AUDIT_KINETIC_LIMITED,0.036456252448260784,1.0,1.0,3912,0.005,0.39643885279539315,2.852233025109448,0.13938635954730777,0.3964977400426364,0.05271321596047185,1.4668239646912895,1.4774595378629272,1.1826026986755216,0.8062335543613881,1.5670334658359983,1.8201481252908707,CONTIGUOUS,8192,0.0,0.0,0,True,5.264549842683783,1.9305143672972918,1,4.428359476054034,0.003660582044360594,0.05271332005210782,0.8201481252908707,1
-0.8157889771471128,0.5058929295203178,inf,11.754699123110866,7.61574608122871,5.9466191750204676,False,False,0.20216139722429216,0.9861050433386117,1.0000000000000002,1.0,0.5098089497895604,0.6006725709965666,SPIN_AUDIT_KINETIC_LIMITED,0.036456252448260784,1.0,1.0,3912,0.005,0.39643885279539315,5.9466191750204676,0.13938635954730777,0.3964977400426364,0.05271321596047185,1.4668239646912895,1.4774595378629272,1.1826026986755216,0.8062335543613881,1.705273241098934,3.487194328568876,CONTIGUOUS,8192,0.0,0.0,0,True,5.264549842683783,1.9305143672972918,1,8.002158139255036,0.004758557597024508,0.05271359899614545,2.487194328568876,1
-0.9440049794100048,0.5865451225431084,inf,11.779753687818248,11.0932781012532,6.909357070348987,False,False,0.7958290989734232,0.9986335877347737,1.0000000000000002,1.0,0.40632849885709843,0.7958135293729263,SPIN_AUDIT_KINETIC_LIMITED,0.036456252448260784,1.0,1.0,3912,0.005,0.39643885279539315,6.909357070348988,0.13938635954730777,0.3964977400426364,0.05271321596047185,1.4668239646912895,1.4774595378629272,1.1826026986755216,0.8062335543613881,1.8973339244269734,3.6416136249899864,CONTIGUOUS,8192,0.0,0.0,0,True,5.264549842683783,1.9305143672972918,1,7.657097429610959,0.007243788004024932,0.05271449531735714,2.6416136249899864,1
-0.7898529918717461,0.48816724811598433,inf,11.792047908293634,7.286873223553451,5.756491577043553,False,False,0.09256481347046792,0.9911940146042034,1.0000000000000002,1.0,0.5151631471620846,0.5919230189174414,SPIN_AUDIT_KINETIC_LIMITED,0.036456252448260784,1.0,1.0,3912,0.005,0.39643885279539315,5.756491577043553,0.13938635954730777,0.3964977400426364,0.05271321596047185,1.4668239646912895,1.4774595378629272,1.1826026986755216,0.8062335543613881,1.6955998441822675,3.3949587792158127,CONTIGUOUS,8192,0.0,0.0,0,True,5.264549842683783,1.9305143672972918,1,7.823343539819697,0.004657134885144894,0.052713569456698695,2.3949587792158127,1
-0.9135468295994242,0.5645463712215331,inf,11.798067613911622,8.637050308822754,6.6605562588600975,False,False,0.026894887513481083,0.9856410879241303,1.0000000000000002,1.0,0.5027931497746598,0.6111146295443177,SPIN_AUDIT_KINETIC_LIMITED,0.036456252448260784,1.0,1.0,3912,0.005,0.39643885279539315,6.6605562588600975,0.13938635954730777,0.3964977400426364,0.05271321596047185,1.4668239646912895,1.4774595378629272,1.1826026986755216,0.8062335543613881,1.7206992889377524,3.870842686854303,CONTIGUOUS,8192,0.0,0.0,0,True,5.264549842683783,1.9305143672972918,1,8.822814488557112,0.004894725101624154,0.05271363753394313,2.870842686854303,1
-0.5544007472912096,0.3419128765002397,inf,11.80143160958804,4.6733663745926455,4.035061428455101,False,False,0.03653329022414982,0.9909425642732531,1.0000000000000002,1.0,0.5628825774950459,0.5238879547159928,SPIN_AUDIT_KINETIC_LIMITED,0.036456252448260784,1.0,1.0,3912,0.005,0.39643885279539315,4.0350614284551005,0.13938635954730777,0.3964977400426364,0.05271321596047185,1.4668239646912895,1.4774595378629272,1.1826026986755216,0.8062335543613881,1.5944671667955495,2.5306644830852747,CONTIGUOUS,8192,0.0,0.0,0,True,5.264549842683783,1.9305143672972918,1,6.0875965038859965,0.003838433092279866,0.05271336127081717,1.5306644830852747,1
-0.8144871886351477,0.5023768455182365,inf,11.818617671731936,7.625488094156157,5.937399864310774,False,False,0.15694774473365397,0.9954662326052784,1.0000000000000002,1.0,0.5073262136593553,0.6036860309541225,SPIN_AUDIT_KINETIC_LIMITED,0.036456252448260784,1.0,1.0,3912,0.005,0.39643885279539315,5.937399864310774,0.13938635954730777,0.3964977400426364,0.05271321596047185,1.4668239646912895,1.4774595378629272,1.1826026986755216,0.8062335543613881,1.7122773947639562,3.4675455521792173,CONTIGUOUS,8192,0.0,0.0,0,True,5.264549842683783,1.9305143672972918,1,7.932782344406096,0.004806313701228276,0.05271361275853329,2.4675455521792173,1
-0.3724430256833572,0.22981699829979557,inf,11.83011575151252,3.7909779308762794,2.7187616915517383,False,False,0.9949772598799318,0.6372315138252452,1.0000000000000002,1.0,0.467109891944352,0.6709828814383069,SPIN_AUDIT_KINETIC_LIMITED,0.036456252448260784,1.0,1.0,3912,0.005,0.39643885279539315,2.718761691551738,0.13938635954730777,0.3964977400426364,0.05271321596047185,1.4668239646912895,1.4774595378629272,1.1826026986755216,0.8062335543613881,1.7906458084684242,1.5183134926483035,CONTIGUOUS,8192,0.0,0.0,0,True,5.264549842683783,1.9305143672972918,1,3.3544922790414757,0.00565059868308823,0.052713877471463194,0.5183134926483035,1
-0.358973431888708,0.22059389866935686,inf,11.848341242362828,3.105248016662498,2.6136717874177475,False,False,0.9898215154958889,0.21962959082890302,1.0000000000000002,1.0,0.5479004668548512,0.5436671147570047,SPIN_AUDIT_KINETIC_LIMITED,0.036456252448260784,1.0,1.0,3912,0.005,0.39643885279539315,2.6136717874177475,0.13938635954730777,0.3964977400426364,0.05271321596047185,1.4668239646912895,1.4774595378629272,1.1826026986755216,0.8062335543613881,1.6287060199787882,1.6047535622492433,CONTIGUOUS,8192,0.0,0.0,0,True,5.264549842683783,1.9305143672972918,1,3.8053424615792255,0.004080116373249903,0.05271341879977828,0.6047535622492433,1
-0.7291601627254263,0.4481568930912495,inf,11.852572191114433,6.5365935345820585,5.311811928309589,False,False,0.1022145214928314,0.9853896189853549,1.0000000000000002,1.0,0.5289074098603558,0.5706147539756933,SPIN_AUDIT_KINETIC_LIMITED,0.036456252448260784,1.0,1.0,3912,0.005,0.39643885279539315,5.311811928309588,0.13938635954730777,0.3964977400426364,0.05271321596047185,1.4668239646912895,1.4774595378629272,1.1826026986755216,0.8062335543613881,1.6691560827074978,3.1823338652029634,CONTIGUOUS,8192,0.0,0.0,0,True,5.264549842683783,1.9305143672972918,1,7.417523532502265,0.004406183213265096,0.05271350098397465,2.1823338652029634,1
-0.28943414971211523,0.1784359642434169,inf,11.864421807324709,3.288846345661478,2.1170395453806075,False,False,0.9898876166604459,0.28471273185499013,1.0000000000000002,1.0,0.41880344565573385,0.7661857479188439,SPIN_AUDIT_KINETIC_LIMITED,0.036456252448260784,1.0,1.0,3912,0.005,0.39643885279539315,2.1170395453806075,0.13938635954730777,0.3964977400426364,0.05271321596047185,1.4668239646912895,1.4774595378629272,1.1826026986755216,0.8062335543613881,1.8786781005526532,1.1268772147595882,CONTIGUOUS,8192,0.0,0.0,0,True,5.264549842683783,1.9305143672972918,1,2.3904693136577455,0.006879080871004976,0.052714340178294974,0.12687721475958824,1
-0.7206766757333856,0.44299738830603574,inf,11.86931487411456,7.114595904926385,5.2580754902147335,False,False,0.5754663382982835,0.9929190781451762,1.0000000000000002,1.0,0.4807662446824647,0.6464284418992247,SPIN_AUDIT_KINETIC_LIMITED,0.036456252448260784,1.0,1.0,3912,0.005,0.39643885279539315,5.2580754902147335,0.13938635954730777,0.3964977400426364,0.05271321596047185,1.4668239646912895,1.4774595378629272,1.1826026986755216,0.8062335543613881,1.7659901482685,2.9774092994630337,CONTIGUOUS,8192,0.0,0.0,0,True,5.264549842683783,1.9305143672972918,1,6.651561707637401,0.005348064272452981,0.052713777303608024,1.9774092994630337,1
-0.35739224743753767,0.2190978209781122,inf,11.879026639271883,3.1329013887860024,2.602668852005417,False,False,0.9893067176183685,0.27133202071208506,1.0000000000000002,1.0,0.5402512690076201,0.5539945029438496,SPIN_AUDIT_KINETIC_LIMITED,0.036456252448260784,1.0,1.0,3912,0.005,0.39643885279539315,2.602668852005417,0.13938635954730777,0.3964977400426364,0.05271321596047185,1.4668239646912895,1.4774595378629272,1.1826026986755216,0.8062335543613881,1.6460546844047608,1.581155763939023,CONTIGUOUS,8192,0.0,0.0,0,True,5.264549842683783,1.9305143672972918,1,3.721954203750675,0.004208678045566662,0.05271345052510162,0.581155763939023,1
-0.6164039513505715,0.37760627268104974,inf,11.887491215337269,5.395190185370202,4.488791249352228,False,False,0.2552733647134155,0.9900571416215971,1.0000000000000002,1.0,0.5409159648632859,0.5529554346576333,SPIN_AUDIT_KINETIC_LIMITED,0.036456252448260784,1.0,1.0,3912,0.005,0.39643885279539315,4.488791249352228,0.13938635954730777,0.3964977400426364,0.05271321596047185,1.4668239646912895,1.4774595378629272,1.1826026986755216,0.8062335543613881,1.644897626853824,2.728918308392167,CONTIGUOUS,8192,0.0,0.0,0,True,5.264549842683783,1.9305143672972918,1,6.426881984216441,0.004197362110133705,0.05271344754127762,1.728918308392167,1
-0.706698168358371,0.43280899387361993,inf,11.90078493142102,6.545028467892492,5.150766752474668,False,False,0.39938812305033206,0.988748610522598,1.0000000000000002,1.0,0.5114284306280329,0.5962242871495058,SPIN_AUDIT_KINETIC_LIMITED,0.036456252448260784,1.0,1.0,3912,0.005,0.39643885279539315,5.150766752474668,0.13938635954730777,0.3964977400426364,0.05271321596047185,1.4668239646912895,1.4774595378629272,1.1826026986755216,0.8062335543613881,1.7065646345153282,3.0182078359648585,CONTIGUOUS,8192,0.0,0.0,0,True,5.264549842683783,1.9305143672972918,1,6.922064591384765,0.0047276563093895906,0.052713590130371885,2.0182078359648585,1
-0.3105154879961026,0.1903421185911794,inf,11.902658732157144,3.069360844658106,2.265577279946592,False,False,0.9838458007415757,0.2463553260974586,1.0000000000000002,1.0,0.4796558440386481,0.6478472770046094,SPIN_AUDIT_KINETIC_LIMITED,0.036456252448260784,1.0,1.0,3912,0.005,0.39643885279539315,2.265577279946592,0.13938635954730777,0.3964977400426364,0.05271321596047185,1.4668239646912895,1.4774595378629272,1.1826026986755216,0.8062335543613881,1.7691596793380724,1.2805951358750463,CONTIGUOUS,8192,0.0,0.0,0,True,5.264549842683783,1.9305143672972918,1,2.8568032635535934,0.00537201998439352,0.052713784566591454,0.28059513587504625,1
-0.7566862614944149,0.4631992247275567,inf,11.907955553924072,7.060788949399486,5.515755780667832,False,False,0.3708843282349408,0.9873730428731069,1.0000000000000002,1.0,0.5075489700369553,0.6021450853171896,SPIN_AUDIT_KINETIC_LIMITED,0.036456252448260784,1.0,1.0,3912,0.005,0.39643885279539315,5.515755780667833,0.13938635954730777,0.3964977400426364,0.05271321596047185,1.4668239646912895,1.4774595378629272,1.1826026986755216,0.8062335543613881,1.7146095723550392,3.2169164745137095,CONTIGUOUS,8192,0.0,0.0,0,True,5.264549842683783,1.9305143672972918,1,7.351910117387006,0.0048020098427896795,0.052713611555183476,2.2169164745137095,1
-0.46996489170308164,0.287083979011928,inf,11.912438465534386,3.9091485411613767,3.419870234420357,False,False,0.34061044988036154,0.9958931658910587,1.0000000000000002,1.0,0.5683189744342552,0.5154910818439081,SPIN_AUDIT_KINETIC_LIMITED,0.036456252448260784,1.0,1.0,3912,0.005,0.39643885279539315,3.4198702344203573,0.13938635954730777,0.3964977400426364,0.05271321596047185,1.4668239646912895,1.4774595378629272,1.1826026986755216,0.8062335543613881,1.5857194736170939,2.156667866744101,CONTIGUOUS,8192,0.0,0.0,0,True,5.264549842683783,1.9305143672972918,1,5.206801232556047,0.0037538868554449836,0.05271334192115386,1.156667866744101,1
-0.797175154526642,0.4873795871526122,inf,11.917549222133797,7.233930566991108,5.808370219754504,False,False,0.03250902387779206,0.9833126247189939,1.0000000000000002,1.0,0.5215244157785659,0.5807000360507324,SPIN_AUDIT_KINETIC_LIMITED,0.036456252448260784,1.0,1.0,3912,0.005,0.39643885279539315,5.808370219754504,0.13938635954730777,0.3964977400426364,0.05271321596047185,1.4668239646912895,1.4774595378629272,1.1826026986755216,0.8062335543613881,1.6864686811681544,3.444102036766708,CONTIGUOUS,8192,0.0,0.0,0,True,5.264549842683783,1.9305143672972918,1,7.968037927312327,0.004539342453551274,0.05271353796684507,2.444102036766708,1
-0.8868769401911685,0.544223251362992,inf,11.919972015767819,10.089433104780747,6.48712592657704,False,False,0.7794248844617978,0.9974829765949398,1.0000000000000002,1.0,0.4175871078279504,0.7678644636045902,SPIN_AUDIT_KINETIC_LIMITED,0.036456252448260784,1.0,1.0,3912,0.005,0.39643885279539315,6.48712592657704,0.13938635954730777,0.3964977400426364,0.05271321596047185,1.4668239646912895,1.4774595378629272,1.1826026986755216,0.8062335543613881,1.8825307286381983,3.4459601789712906,CONTIGUOUS,8192,0.0,0.0,0,True,5.264549842683783,1.9305143672972918,1,7.296714789308123,0.0069136819761441105,0.05271435491166907,2.4459601789712906,1
-0.3456930892871976,0.210768429653038,inf,11.944495707509262,3.034527882551575,2.51752260326918,False,False,0.9865995596908033,0.1963824609881267,1.0000000000000002,1.0,0.5384044113728406,0.5558246043667214,SPIN_AUDIT_KINETIC_LIMITED,0.036456252448260784,1.0,1.0,3912,0.005,0.39643885279539315,2.51752260326918,0.13938635954730777,0.3964977400426364,0.05271321596047185,1.4668239646912895,1.4774595378629272,1.1826026986755216,0.8062335543613881,1.6519852573476979,1.523937693797052,CONTIGUOUS,8192,0.0,0.0,0,True,5.264549842683783,1.9305143672972918,1,3.578228171919028,0.004240266043353151,0.05271345877005439,0.5239376937970519,1
-0.5573400510117567,0.33985003122951063,inf,11.945018051525548,4.946351592734804,4.059514757848025,False,False,0.4482630726695061,0.9930524032115936,1.0000000000000002,1.0,0.5326088495407343,0.5641029755523649,SPIN_AUDIT_KINETIC_LIMITED,0.036456252448260784,1.0,1.0,3912,0.005,0.39643885279539315,4.059514757848025,0.13938635954730777,0.3964977400426364,0.05271321596047185,1.4668239646912895,1.4774595378629272,1.1826026986755216,0.8062335543613881,1.6642456782859827,2.439252095296979,CONTIGUOUS,8192,0.0,0.0,0,True,5.264549842683783,1.9305143672972918,1,5.6974936233398905,0.004340813627655485,0.05271348455685745,1.439252095296979,1
-0.30956588891662756,0.18885149007563445,inf,11.954037343233683,2.9698621371001566,2.2575377646894594,False,False,0.9813757227715105,0.03723195239715278,1.0000000000000002,1.0,0.4931681239265306,0.6244867394373631,SPIN_AUDIT_KINETIC_LIMITED,0.036456252448260784,1.0,1.0,3912,0.005,0.39643885279539315,2.2575377646894594,0.13938635954730777,0.3964977400426364,0.05271321596047185,1.4668239646912895,1.4774595378629272,1.1826026986755216,0.8062335543613881,1.744576643792858,1.2940318631008267,CONTIGUOUS,8192,0.0,0.0,0,True,5.264549842683783,1.9305143672972918,1,2.9185896877138475,0.0050878377142257215,0.05271369597807403,0.29403186310082674,1
-0.9020038620146547,0.5500356771593958,inf,11.95484226613748,8.462373843576794,6.575589761188695,False,False,0.1961850782427937,0.9828314756741747,1.0000000000000002,1.0,0.5041128866462553,0.6069098142701005,SPIN_AUDIT_KINETIC_LIMITED,0.036456252448260784,1.0,1.0,3912,0.005,0.39643885279539315,6.575589761188695,0.13938635954730777,0.3964977400426364,0.05271321596047185,1.4668239646912895,1.4774595378629272,1.1826026986755216,0.8062335543613881,1.7229414806293102,3.816490481607616,CONTIGUOUS,8192,0.0,0.0,0,True,5.264549842683783,1.9305143672972918,1,8.690372165241769,0.004868821313213211,0.05271362999570612,2.816490481607616,1
-0.3432976813487977,0.2088360078377623,inf,11.987739545501254,3.2887443869401847,2.503471669681353,False,False,0.9879853971097619,0.46248588196747004,1.0000000000000002,1.0,0.49334490128584674,0.6237344905330521,SPIN_AUDIT_KINETIC_LIMITED,0.036456252448260784,1.0,1.0,3912,0.005,0.39643885279539315,2.503471669681353,0.13938635954730777,0.3964977400426364,0.05271321596047185,1.4668239646912895,1.4774595378629272,1.1826026986755216,0.8062335543613881,1.7452678878642223,1.4344340413808823,CONTIGUOUS,8192,0.0,0.0,0,True,5.264549842683783,1.9305143672972918,1,3.2342644958421762,0.005084222999028134,0.052713694929597904,0.43443404138088226,1
-0.3249020887467153,0.19743298783129004,inf,11.989874200036686,2.9400451784864283,2.3671966870345416,False,False,0.9822438157843426,0.019392932907678188,1.0000000000000002,1.0,0.5217824565183519,0.5794053333384062,SPIN_AUDIT_KINETIC_LIMITED,0.036456252448260784,1.0,1.0,3912,0.005,0.39643885279539315,2.3671966870345416,0.13938635954730777,0.3964977400426364,0.05271321596047185,1.4668239646912895,1.4774595378629272,1.1826026986755216,0.8062335543613881,1.6881507259479815,1.4022424956783652,CONTIGUOUS,8192,0.0,0.0,0,True,5.264549842683783,1.9305143672972918,1,3.2417732956789194,0.004534624895586197,0.052713536704952844,0.40224249567836523,1
-0.8397998198706471,0.510843558061236,inf,11.992045131349224,8.197971604332851,6.12605900332936,False,False,0.48534774919692425,0.9880924269715324,1.0000000000000002,1.0,0.484233091661184,0.6387844480141963,SPIN_AUDIT_KINETIC_LIMITED,0.036456252448260784,1.0,1.0,3912,0.005,0.39643885279539315,6.1260590033293605,0.13938635954730777,0.3964977400426364,0.05271321596047185,1.4668239646912895,1.4774595378629272,1.1826026986755216,0.8062335543613881,1.7631287805649904,3.474538599140942,CONTIGUOUS,8192,0.0,0.0,0,True,5.264549842683783,1.9305143672972918,1,7.772095393234409,0.005273977730297268,0.052713754552935685,2.474538599140942,1
-0.4379731157610715,0.26581462672482,inf,11.992633224577988,3.703616071409166,3.187817324038872,False,False,0.9976671881219372,0.46826753138098864,1.0000000000000002,1.0,0.5577495055245997,0.5286033871530941,SPIN_AUDIT_KINETIC_LIMITED,0.036456252448260784,1.0,1.0,3912,0.005,0.39643885279539315,3.187817324038872,0.13938635954730777,0.3964977400426364,0.05271321596047185,1.4668239646912895,1.4774595378629272,1.1826026986755216,0.8062335543613881,1.6116185803947511,1.97802219633013,CONTIGUOUS,8192,0.0,0.0,0,True,5.264549842683783,1.9305143672972918,1,4.724271461281649,0.003919774828523942,0.05271337932181781,0.9780221963301301,1
-0.6006549204633257,0.3644176233877846,inf,12.00245285815771,5.241290015824256,4.373905345393755,False,False,0.32354088176134976,0.9892258984437212,1.0000000000000002,1.0,0.540592356559691,0.5520490713823957,SPIN_AUDIT_KINETIC_LIMITED,0.036456252448260784,1.0,1.0,3912,0.005,0.39643885279539315,4.373905345393755,0.13938635954730777,0.3964977400426364,0.05271321596047185,1.4668239646912895,1.4774595378629272,1.1826026986755216,0.8062335543613881,1.64908678935958,2.652319679968059,CONTIGUOUS,8192,0.0,0.0,0,True,5.264549842683783,1.9305143672972918,1,6.235373374478481,0.004202867816446221,0.05271344899504779,1.652319679968059,1
-0.667618036754586,0.4053922811424656,inf,12.005455926230942,6.263205116569168,4.866919164090094,False,False,0.5015881002433598,0.9933722438123077,1.0000000000000002,1.0,0.5033331865596479,0.6074670990929008,SPIN_AUDIT_KINETIC_LIMITED,0.036456252448260784,1.0,1.0,3912,0.005,0.39643885279539315,4.866919164090094,0.13938635954730777,0.3964977400426364,0.05271321596047185,1.4668239646912895,1.4774595378629272,1.1826026986755216,0.8062335543613881,1.7260508279007256,2.8196847308427095,CONTIGUOUS,8192,0.0,0.0,0,True,5.264549842683783,1.9305143672972918,1,6.411819759280744,0.004884108842504138,0.05271363420141113,1.8196847308427095,1
-0.8487480778057275,0.5146786369304762,inf,12.0166689856236,7.749165019724815,6.1847228139654815,False,False,0.04698345465771854,0.981461332205683,1.0000000000000002,1.0,0.5167872443125517,0.586556015355185,SPIN_AUDIT_KINETIC_LIMITED,0.036456252448260784,1.0,1.0,3912,0.005,0.39643885279539315,6.184722813965482,0.13938635954730777,0.3964977400426364,0.05271321596047185,1.4668239646912895,1.4774595378629272,1.1826026986755216,0.8062335543613881,1.6992204138205398,3.639741356484592,CONTIGUOUS,8192,0.0,0.0,0,True,5.264549842683783,1.9305143672972918,1,8.374242611972885,0.004626785596494196,0.05271356089097026,2.639741356484592,1
-0.8997237701628071,0.5459323485096202,inf,12.031597841131122,9.20908205697163,6.56843846573199,False,False,0.5911144435424358,0.9903974992102011,1.0000000000000002,1.0,0.4616265187996511,0.6778731693157112,SPIN_AUDIT_KINETIC_LIMITED,0.036456252448260784,1.0,1.0,3912,0.005,0.39643885279539315,6.56843846573199,0.13938635954730777,0.3964977400426364,0.05271321596047185,1.4668239646912895,1.4774595378629272,1.1826026986755216,0.8062335543613881,1.8071527048529805,3.6346892258152366,CONTIGUOUS,8192,0.0,0.0,0,True,5.264549842683783,1.9305143672972918,1,7.970318437528955,0.0057771104938604744,0.052713921511995644,2.6346892258152366,1
-0.3833863591724344,0.2317770550516438,inf,12.038787446315544,3.2266731850074573,2.7903147006997155,False,False,0.992129266358912,0.31275093656871467,1.0000000000000002,1.0,0.5595594943956326,0.5256728629921144,SPIN_AUDIT_KINETIC_LIMITED,0.036456252448260784,1.0,1.0,3912,0.005,0.39643885279539315,2.790314700699716,0.13938635954730777,0.3964977400426364,0.05271321596047185,1.4668239646912895,1.4774595378629272,1.1826026986755216,0.8062335543613881,1.6090095133087776,1.7341816052794456,CONTIGUOUS,8192,0.0,0.0,0,True,5.264549842683783,1.9305143672972918,1,4.146411720418067,0.00389092232341332,0.05271337261964143,0.7341816052794456,1
-0.9444933273981739,0.5719279934012874,inf,12.043063381390532,9.0579183470363,6.8877650741232115,False,False,0.3332094516195357,0.9834213911779225,1.0000000000000002,1.0,0.4919720202062972,0.6252219309171541,SPIN_AUDIT_KINETIC_LIMITED,0.036456252448260784,1.0,1.0,3912,0.005,0.39643885279539315,6.887765074123211,0.13938635954730777,0.3964977400426364,0.05271321596047185,1.4668239646912895,1.4774595378629272,1.1826026986755216,0.8062335543613881,1.7496512502143615,3.936650274321437,CONTIGUOUS,8192,0.0,0.0,0,True,5.264549842683783,1.9305143672972918,1,8.858836023162537,0.005112363702947677,0.0527137030528686,2.936650274321437,1
-0.5684999717031399,0.3439418151910093,inf,12.046766470678861,5.2551392431886015,4.143386727107476,False,False,0.567547273254022,0.9950597241986543,1.0000000000000002,1.0,0.5100489770404295,0.5964533621445298,SPIN_AUDIT_KINETIC_LIMITED,0.036456252448260784,1.0,1.0,3912,0.005,0.39643885279539315,4.143386727107476,0.13938635954730777,0.3964977400426364,0.05271321596047185,1.4668239646912895,1.4774595378629272,1.1826026986755216,0.8062335543613881,1.7138255394038229,2.417624566704035,CONTIGUOUS,8192,0.0,0.0,0,True,5.264549842683783,1.9305143672972918,1,5.527111539708663,0.0047539652542145025,0.052713597685865025,1.4176245667040348,1
-0.801077981403059,0.48445422461916654,inf,12.053982208254448,7.496084668532661,5.839602604273138,False,False,0.380517073684372,0.985243298213929,1.0000000000000002,1.0,0.5038397187052298,0.6060291490855367,SPIN_AUDIT_KINETIC_LIMITED,0.036456252448260784,1.0,1.0,3912,0.005,0.39643885279539315,5.8396026042731375,0.13938635954730777,0.3964977400426364,0.05271321596047185,1.4668239646912895,1.4774595378629272,1.1826026986755216,0.8062335543613881,1.7265181321488527,3.3823001887649298,CONTIGUOUS,8192,0.0,0.0,0,True,5.264549842683783,1.9305143672972918,1,7.689598150786581,0.004874171914800174,0.05271363145065258,2.3823001887649298,1
-0.632127065404852,0.38157360112646554,inf,12.06051693563686,5.426109720957139,4.601974878577682,False,False,0.14226559059508145,0.985868685814552,1.0000000000000002,1.0,0.5484176908576766,0.5405037452423872,SPIN_AUDIT_KINETIC_LIMITED,0.036456252448260784,1.0,1.0,3912,0.005,0.39643885279539315,4.601974878577682,0.13938635954730777,0.3964977400426364,0.05271321596047185,1.4668239646912895,1.4774595378629272,1.1826026986755216,0.8062335543613881,1.6340187374422694,2.8163537988439202,CONTIGUOUS,8192,0.0,0.0,0,True,5.264549842683783,1.9305143672972918,1,6.663440316798,0.00407155272875961,0.0527134167896564,1.8163537988439202,1
-0.9067531698601246,0.5468435053934035,inf,12.093457132756232,8.75157109963465,6.613228490801277,False,False,0.4196633788943291,0.9847355325361714,1.0000000000000002,1.0,0.4881371324317141,0.6308495303165772,SPIN_AUDIT_KINETIC_LIMITED,0.036456252448260784,1.0,1.0,3912,0.005,0.39643885279539315,6.613228490801277,0.13938635954730777,0.3964977400426364,0.05271321596047185,1.4668239646912895,1.4774595378629272,1.1826026986755216,0.8062335543613881,1.7586645139059374,3.7603695522993803,CONTIGUOUS,8192,0.0,0.0,0,True,5.264549842683783,1.9305143672972918,1,8.428249718396245,0.005191808140504365,0.05271372833563313,2.7603695522993803,1
-0.6626320597580744,0.39919058724427936,inf,12.093911650115745,5.98967755878542,4.8277756936901355,False,False,0.4138939312743023,0.9878562313355506,1.0000000000000002,1.0,0.5206572325370308,0.579785976643322,SPIN_AUDIT_KINETIC_LIMITED,0.036456252448260784,1.0,1.0,3912,0.005,0.39643885279539315,4.8277756936901355,0.13938635954730777,0.3964977400426364,0.05271321596047185,1.4668239646912895,1.4774595378629272,1.1826026986755216,0.8062335543613881,1.6936175430456655,2.8505701972171664,CONTIGUOUS,8192,0.0,0.0,0,True,5.264549842683783,1.9305143672972918,1,6.57450509517853,0.004555230752789287,0.052713542197556626,1.8505701972171664,1
-0.465444220693007,0.2797004563362812,inf,12.102323452510673,3.7135122648090473,3.3850253923965132,False,False,0.13031547362264245,0.9939131956156343,1.0000000000000002,1.0,0.5886713846307129,0.4876405242339981,SPIN_AUDIT_KINETIC_LIMITED,0.036456252448260784,1.0,1.0,3912,0.005,0.39643885279539315,3.3850253923965132,0.13938635954730777,0.3964977400426364,0.05271321596047185,1.4668239646912895,1.4774595378629272,1.1826026986755216,0.8062335543613881,1.5447916289747725,2.1912504760548472,CONTIGUOUS,8192,0.0,0.0,0,True,5.264549842683783,1.9305143672972918,1,5.379976511822875,0.0034512346444713505,0.05271327586273553,1.1912504760548472,1
-0.5841411581563489,0.3511512052385729,inf,12.106661556990044,4.903752210646812,4.251268797152551,False,False,0.116718205710873,0.9871813962310553,1.0000000000000002,1.0,0.5597936710425611,0.5246191693270683,SPIN_AUDIT_KINETIC_LIMITED,0.036456252448260784,1.0,1.0,3912,0.005,0.39643885279539315,4.251268797152552,0.13938635954730777,0.3964977400426364,0.05271321596047185,1.4668239646912895,1.4774595378629272,1.1826026986755216,0.8062335543613881,1.6105079136233091,2.6397068658843637,CONTIGUOUS,8192,0.0,0.0,0,True,5.264549842683783,1.9305143672972918,1,6.307558666384904,0.0038872030130932852,0.05271337182556953,1.6397068658843637,1
