A,A_medium,A_point,C,C_medium,C_point,D,baseline_active,beats_006D,beats_024D_scalar,beta_orbit,beta_spin,curvature_concentration,curvature_norm,d_point,f,family,gap,guide_orbit_factor,guide_spin_factor,index,interaction_duty,interaction_kernel,inventory,k_avg,k_max,k_min,major,medium_high_relerr,min_payload_distance,minor,minor_ratio,mobile_active_ratio,mobile_energy,mode,nphase,overhead,overhead_active_ratio,p,payload_clear,phase,q_scalar,q_winding,reset_capacity,reset_duty,reset_kernel,spin_fraction,winding_index
-0.19326112346441116,,0.5268999514516429,inf,,1.8993274170390138,3.000755523828631,1.0007555238286308,False,False,0.027486793713178484,0.0,1.9905863420488663,5.49555955687252,0.4973747089650854,1.0,IDEAL_KERNEL_ADAPTIVE_DEC_FLOOR,0.028507974464446306,1.0,1.0,24560,0.004999999999999846,0.5902430983665182,1.0007555238286308,0.2003999957671848,0.5917460269527616,0.10434140361689186,0.9154853596986597,,1.2426954709503764,0.820896462589149,0.8966789625771344,1.0007555238286308,1.0,CONTIGUOUS,4096,0.0,0.0,5,True,2.0051867597343165,2.0,3,2.999244476171369,0.005002519047162085,0.10434684877588835,0.0,9
-0.2778799505079564,,0.5125064783502684,inf,,1.9515399990169686,3.000176892255873,1.000176892255873,False,False,0.013300084806978703,0.0,1.3360890977897157,3.6105616037207278,0.49747066536756773,1.0,IDEAL_KERNEL_ADAPTIVE_DEC_FLOOR,0.010577880777418613,1.0,1.0,34976,0.005000000000000192,0.6798789999230576,1.000176892255873,0.285842267399278,0.6806475327407091,0.14570662030593795,0.7391984409916696,,1.1672633650870745,0.654836237456453,0.8858734017051757,1.000176892255873,1.0,CONTIGUOUS,4096,0.0,0.0,2,True,5.404007324516242,2.0,3,2.999823107744127,0.0050005896756225915,0.14571848455422606,0.0,6
-0.23390443756047016,,0.5150975898571949,inf,,1.955697858737854,3.0073752535247453,1.0073752535247453,False,False,0.08587929625203833,0.0,1.3365836217172666,3.624955613783672,0.496276937123813,1.0,IDEAL_KERNEL_ADAPTIVE_DEC_FLOOR,0.01942577864974737,1.0,1.0,115088,0.004999999999999979,0.6213675256245001,1.0073752535247453,0.23974632264351803,0.6222099524125454,0.1152641063384883,0.8586452529916986,,1.2146696466985087,0.7711164467839757,0.8980617363192142,1.0073752535247453,1.0,CONTIGUOUS,4096,0.0,0.0,2,True,4.14462167290594,2.0,3,2.9926247464752547,0.00502464476554719,0.1152733835482817,0.0,6
0.11215229938827928,,0.4832213871003155,8.98894971626429,,2.086272269143947,3.0081313797646607,1.0081313797646607,True,False,0.09017416350962594,0.0,1.0000000000000002,1.0,0.4961515461890271,1.0,IDEAL_KERNEL_ADAPTIVE_DEC_FLOOR,0.0011595371179282665,1.0,1.0,132784,0.4961515461890271,0.35395666122284974,1.0081313797646607,0.23599678948306424,0.5851600643182713,0.10198254067203859,0.9686480733608985,,1.2423525966722653,0.8233464297894286,0.8499954239651561,1.0081313797646607,1.0,CONTIGUOUS,4096,0.0,0.0,0,True,1.1895676053970057,2.0,1,2.9918686202353393,0.49884845381097304,0.11940346844805498,0.0,1
0.06266602892790435,,0.5657673842895243,16.03377655021325,,1.7759473822991498,3.004773105119218,1.004773105119218,True,False,0.06908766256878153,0.0,2.1980577082728687,2.091717574966844,0.4967084600677297,1.0,IDEAL_KERNEL_ADAPTIVE_DEC_FLOOR,0.003065379336476326,1.0,1.0,175120,0.4967084600677305,0.3011747048971578,1.004773105119218,0.20924577026742,0.6303864580959303,0.11044416596201158,0.8787838032234198,,1.2056470561586963,0.8019221488335873,0.9125363324768841,1.004773105119218,1.0,CONTIGUOUS,4096,0.0,0.0,2,True,5.9327039580531675,2.0,1,2.995226894880782,0.498291539932271,0.11831960131388632,0.0,3
-0.1572317533123272,,0.5394270009176726,inf,,1.8864293716360316,3.017590938384634,1.0175909383846342,False,False,0.13263083496922629,0.0,2.0147067001681624,5.559844895251146,0.49458283605121484,1.0,IDEAL_KERNEL_ADAPTIVE_DEC_FLOOR,0.006113602314144373,1.0,1.0,194424,0.005000000000000027,0.5486393374877081,1.0175909383846342,0.16147711915598595,0.5505329609927895,0.07899604216441267,1.081131342048418,,1.279790964373475,0.9924910355566856,0.9180115282535554,1.0175909383846342,1.0,CONTIGUOUS,4096,0.0,0.0,5,True,5.085583449318002,2.0,3,2.982409061615366,0.005058982312691517,0.07899981099488886,0.0,9
0.03430070504532115,,0.5292760979587676,30.238770811965882,,1.959678818965126,3.037211158554308,1.037211158554308,False,False,0.1929019402554259,0.0,2.514455327364038,2.86791234341974,0.4913291495397438,1.0,IDEAL_KERNEL_ADAPTIVE_DEC_FLOOR,0.004323483444750309,1.0,1.0,198304,0.4913291495397415,0.3592738453788039,1.037211158554308,0.2568873101584804,0.680711765652857,0.14748233511028092,0.7470037593974981,,1.1655445931770223,0.6457658987170867,0.8644747641403229,1.037211158554308,1.0,CONTIGUOUS,4096,0.0,0.0,3,True,0.5277331322832306,2.0,1,2.962788841445692,0.503670850460256,0.15773725082508364,0.0,4
-0.16092905069031035,,0.5193229512368384,inf,,1.9600719663241832,3.0179103581880677,1.0179103581880677,False,False,0.13382958637038248,0.0,2.4019875929776986,4.910657184144425,0.49452986560047874,1.0,IDEAL_KERNEL_ADAPTIVE_DEC_FLOOR,0.02689296891912818,1.0,1.0,204856,0.004999999999999877,0.5461210596658602,1.0179103581880677,0.16491141405831666,0.5469086729814423,0.08646479918494704,1.0369364247212978,,1.2854636487986735,0.9238592120392114,0.8909506793413312,1.0179103581880677,1.0,CONTIGUOUS,4096,0.0,0.0,5,True,2.536852209962945,2.0,2,2.9820896418119323,0.005060059757885597,0.08646619654023617,0.0,8
-0.32035331530586525,,0.5181129633726304,inf,,1.9529633844958973,3.011855646499411,1.011855646499411,False,False,0.10888363742735237,0.0,2.434190304053797,4.935983477406566,0.49553393862218104,1.0,IDEAL_KERNEL_ADAPTIVE_DEC_FLOOR,0.0032974155619740486,1.0,1.0,224268,0.004999999999999951,0.7597410363160723,1.011855646499411,0.3250380329624578,0.7602764262850515,0.19276033881786966,0.5926779403221688,,1.113534141817583,0.535353049923144,0.9032781777437777,1.011855646499411,1.0,CONTIGUOUS,4096,0.0,0.0,5,True,2.0460921728661066,2.0,2,2.988144353500589,0.005039675615020129,0.1927647481806682,0.0,8
0.04381624146194149,,0.5209233749559903,23.145717314386825,,1.9468474394006474,3.0141583386570128,1.014158338657013,True,False,0.11898881736118347,0.0,2.1268864287121243,2.0473246502104927,0.4951520755060454,1.0,IDEAL_KERNEL_ADAPTIVE_DEC_FLOOR,0.012347057461738586,1.0,1.0,255264,0.4951520755060445,0.3767106820594405,1.014158338657013,0.26956137511974737,0.6848570996890764,0.1526500756908457,0.7222587425733443,,1.164201661177186,0.6293847034008011,0.8714116788096726,1.014158338657013,1.0,CONTIGUOUS,4096,0.0,0.0,2,True,3.2712587779043383,2.0,1,2.9858416613429872,0.49984792449395465,0.16418054946508454,0.0,3
-0.2081119599349297,,0.5192235433010692,inf,,1.9285483212458525,3.0013476927846003,1.0013476927846003,False,False,0.036710935490671545,0.0,2.376030192092223,4.892208575441078,0.4972765076132204,1.0,IDEAL_KERNEL_ADAPTIVE_DEC_FLOOR,0.035236446652561426,1.0,1.0,267920,0.005000000000000256,0.6105993185836653,1.0013476927846003,0.21519895266844552,0.6112868885732212,0.11901709539634556,0.8462648881000975,,1.226080141528901,0.7456789544080026,0.8811413127183915,1.0013476927846003,1.0,CONTIGUOUS,4096,0.0,0.0,5,True,4.642628087454914,2.0,2,2.9986523072153997,0.005004494328273063,0.11901916430731635,0.0,8
-0.261529680931691,,0.5222603038252709,inf,,1.9719581913519515,3.029875484146202,1.029875484146202,False,False,0.17284526069927963,0.0,1.8673199854924682,3.378881791240806,0.49254564887908814,1.0,IDEAL_KERNEL_ADAPTIVE_DEC_FLOOR,0.0058820354752242565,1.0,1.0,297184,0.005000000000000069,0.6732727945150099,1.029875484146202,0.2617408575546595,0.673749403000233,0.14316358714945351,0.759848607667583,,1.1709915437913727,0.6602357452295756,0.8689043298456818,1.029875484146202,1.0,CONTIGUOUS,4096,0.0,0.0,3,True,2.3976758541719425,2.0,2,2.970124515853798,0.005100586638663479,0.14316444483021082,0.0,7
-0.30453506322457996,,0.49237938670000575,inf,,2.0318055103874646,3.000419151098272,1.000419151098272,False,False,0.020473179974593223,0.0,1.2184514064696326,2.2554153105815553,0.49743049077620316,1.0,IDEAL_KERNEL_ADAPTIVE_DEC_FLOOR,0.017948552034795284,1.0,1.0,311744,0.005000000000000004,0.6995324446440899,1.000419151098272,0.31249143086835274,0.6998123759276671,0.1604476761560579,0.6824424489374546,,1.1552675818204605,0.6099350701481671,0.8937531232088805,1.000419151098272,1.0,CONTIGUOUS,4096,0.0,0.0,1,True,1.1956728833406236,2.0,2,2.999580848901728,0.005001397365563549,0.16045117879749718,0.0,5
-0.2513176861087046,,0.5238952276438593,inf,,1.925421200612921,3.008718978205419,1.0087189782054191,False,False,0.09337546897027642,0.0,2.415405972893301,4.920738749496863,0.49605410278093465,1.0,IDEAL_KERNEL_ADAPTIVE_DEC_FLOOR,0.0270336982794106,1.0,1.0,352160,0.005000000000000087,0.6704265303166813,1.0087189782054191,0.2569624529194615,0.670960957035834,0.1462676603757106,0.7262482867415556,,1.1774875363042991,0.6507072045374562,0.8959844951331616,1.0087189782054191,1.0,CONTIGUOUS,4096,0.0,0.0,5,True,4.954033542947802,2.0,2,2.991281021794581,0.005029147974201991,0.1462687811555563,0.0,8
-0.22252280210583744,,0.5081387293536249,inf,,1.9801956572990376,3.006214105171499,1.006214105171499,False,False,0.07882959578419103,0.0,1.2185781422474895,2.24816103072222,0.4964694942257264,1.0,IDEAL_KERNEL_ADAPTIVE_DEC_FLOOR,0.009125330485403538,1.0,1.0,362736,0.004999999999999963,0.5988491392984,1.006214105171499,0.2285308826113165,0.5991915803524639,0.10465697818064261,0.930130580466295,,1.232201649931408,0.8184917410746589,0.879975089803338,1.006214105171499,1.0,CONTIGUOUS,4096,0.0,0.0,1,True,1.6758252253729555,2.0,2,2.993785894828501,0.005020756678632942,0.10465975789786583,0.0,5
0.059728170100445704,,0.5419609479407056,17.232239301410832,,1.899122296757919,3.029250120206252,1.0292501202062518,True,False,0.17102666519070045,0.0,2.200193135165186,2.0931451343927012,0.4926493550657966,1.0,IDEAL_KERNEL_ADAPTIVE_DEC_FLOOR,0.012098330073058605,1.0,1.0,367288,0.4926493550658023,0.25322037542177933,1.0292501202062518,0.17259958489123461,0.5701923527328521,0.08799636858355951,1.0130579205406023,,1.2609372824964455,0.9257575389756302,0.9138248862233014,1.0292501202062518,1.0,CONTIGUOUS,4096,0.0,0.0,2,True,1.0749680568258158,2.0,1,2.970749879793748,0.5023506449342046,0.09415914827674905,0.0,3
0.11742747808765455,,0.4852596372724439,8.517759449144402,,2.0612038056417914,3.0002190110703166,1.0002190110703166,True,False,0.014799022613558917,0.0,1.0000000000000002,1.0,0.4974636806641725,1.0,IDEAL_KERNEL_ADAPTIVE_DEC_FLOOR,6.421934813261032e-06,1.0,1.0,381848,0.4974636806641724,0.2937768372175201,1.0002190110703166,0.19031189860085052,0.5271779951372855,0.07450582100890507,1.1442358050766264,,1.3020942840742082,1.0162265946705242,0.8881268967129291,1.0002190110703166,1.0,CONTIGUOUS,4096,0.0,0.0,0,True,3.013856662427327,2.0,1,2.9997809889296834,0.49753631933582737,0.08755837239913301,0.0,1
0.07702278117229075,,0.5373051661386896,13.297958660198685,,1.9062644926408039,3.024245759922652,1.024245759922652,True,False,0.15571050036093223,0.0,1.5728760115369795,1.392700041238432,0.4934792448128269,1.0,IDEAL_KERNEL_ADAPTIVE_DEC_FLOOR,0.001721563283354044,1.0,1.0,437328,0.49347924481282596,0.36519226741344557,1.024245759922652,0.25171120294058297,0.6611020581277367,0.1283240098747402,0.8048867830958412,,1.1805017630673422,0.7208305853502219,0.8955676754657179,1.024245759922652,1.0,CONTIGUOUS,4096,0.0,0.0,1,True,1.8688818371043168,2.0,1,2.975754240077348,0.5015207551871743,0.1408312720200373,0.0,2
0.04797146672697758,,0.5343116903909633,20.92284938406214,,1.8784911337550547,3.0036997730611006,1.0036997730611004,True,False,0.06082575984811411,0.0,2.525514917729121,2.8680399944637247,0.49688645430070083,1.0,IDEAL_KERNEL_ADAPTIVE_DEC_FLOOR,0.013822048902511597,1.0,1.0,451952,0.4968864543007001,0.2825250877623083,1.0036997730611004,0.19908392053904156,0.6013471884328293,0.10946558520506293,0.9104402657079943,,1.2306062329216472,0.7896268271469539,0.8673021799325943,1.0036997730611004,1.0,CONTIGUOUS,4096,0.0,0.0,3,True,0.7151097656149782,2.0,1,2.9963002269388994,0.4981135456993009,0.11650007639509935,0.0,4
0.10006719252310498,,0.48203759709043204,10.003451966763565,,2.0766375068996292,3.001017353853763,1.0010173538537628,True,False,0.03189598491601646,0.0,1.0000000000000002,1.0,0.497331288819251,1.0,IDEAL_KERNEL_ADAPTIVE_DEC_FLOOR,0.002614948432892561,1.0,1.0,460512,0.497331288819251,0.4376233432743282,1.0010173538537628,0.3022932362399833,0.6702141295174392,0.14449321644978996,0.7685219226594456,,1.1724502173531555,0.6513265633673313,0.8475055091641843,1.0010173538537628,1.0,CONTIGUOUS,4096,0.0,0.0,0,True,4.1261240978362625,2.0,1,2.998982646146237,0.497668711180749,0.16782902886282958,0.0,1
0.03923517721147021,,0.5519057777420584,25.900787716957836,,1.8412961722362302,3.0162219959915118,1.0162219959915118,False,False,0.12736559971794487,0.0,2.674509718731321,2.881587182561296,0.4948098523314077,1.0,IDEAL_KERNEL_ADAPTIVE_DEC_FLOOR,0.004519985988736153,1.0,1.0,502848,0.4948098523314114,0.37605571722190834,1.0162219959915118,0.2700251350724574,0.708803832572104,0.1551452591098561,0.6972018565207696,,1.146850566839421,0.6319523593335398,0.9064123301208019,1.0162219959915118,1.0,CONTIGUOUS,4096,0.0,0.0,3,True,2.5973118990031017,2.0,1,2.9837780040084882,0.5001901476685935,0.16590507747308683,0.0,4
-0.22875597542287346,,0.5609348160668168,inf,,1.785004804824441,3.001271341872582,1.001271341872582,False,False,0.035655881318263714,0.0,2.473728961490201,4.970522395983519,0.4972891691394635,1.0,IDEAL_KERNEL_ADAPTIVE_DEC_FLOOR,0.012861429713666439,1.0,1.0,531040,0.0050000000000000565,0.6646345204449075,1.001271341872582,0.23646624994965137,0.665271908541973,0.1307983147592135,0.7774755208993623,,1.1797889697135866,0.714340353581347,0.9187946557532997,1.001271341872582,1.0,CONTIGUOUS,4096,0.0,0.0,5,True,2.758438246310784,2.0,2,2.998728658127418,0.0050042396029035,0.13080048417993104,0.0,8
-0.3129135672374064,,0.5059454049846703,inf,,2.04683525266051,3.035586890844222,1.0355868908442218,False,False,0.188644880249165,0.0,1.3362531487636726,3.615118864162969,0.49159850726833315,1.0,IDEAL_KERNEL_ADAPTIVE_DEC_FLOOR,0.0007609385065734386,1.0,1.0,545600,0.005000000000000011,0.7150632256840176,1.0355868908442218,0.3102744598422898,0.7158002741202181,0.16144316061843528,0.6871043119201682,,1.141084149178669,0.6113112091620672,0.8896919995360076,1.0355868908442218,1.0,CONTIGUOUS,4096,0.0,0.0,2,True,0.8195732346520558,2.0,3,2.964413109155778,0.005120047002674174,0.16145720212499323,0.0,6
0.02313429265034639,,0.513530151186334,43.24615806917215,,1.94821915415118,3.0004692767753673,1.0004692767753673,False,False,0.021662797034718097,0.0,2.585051234315131,2.8702838137533657,0.49742217826808494,1.0,IDEAL_KERNEL_ADAPTIVE_DEC_FLOOR,0.004270059987902641,1.0,1.0,561996,0.49742217826808477,0.43769000169969835,1.0004692767753673,0.3216940168176173,0.7525770276795507,0.19286168297229148,0.6019672202594225,,1.1180571686497955,0.531326874836354,0.8826508436910808,1.0004692767753673,1.0,CONTIGUOUS,4096,0.0,0.0,3,True,4.085611577687184,2.0,1,2.9995307232246327,0.4975778217319157,0.20654810458739178,0.0,4
0.05930087343218249,,0.5274555184561686,16.878314179768232,,1.8975984474531977,3.0008987729230467,1.000898772923047,True,False,0.029979541741777214,0.0,2.1255820293767123,2.046565571510274,0.49735095349026137,1.0,IDEAL_KERNEL_ADAPTIVE_DEC_FLOOR,0.006626516114920378,1.0,1.0,591928,0.49735095349026204,0.2517212581305223,1.000898772923047,0.1733825477175449,0.559282770449403,0.08960507488459904,1.0337479753176557,,1.2688369923311964,0.9000650480292703,0.8706813164521009,1.000898772923047,1.0,CONTIGUOUS,4096,0.0,0.0,2,True,1.4265503454336401,2.0,1,2.9991012270769533,0.4976490465097384,0.09571504467164421,0.0,3
-0.2400656821949174,,0.5407347603617475,inf,,1.865827508433138,3.0089177906489493,1.0089177906489493,False,False,0.09443405449809507,0.0,1.969087299272333,5.441120880575877,0.49602113305071593,1.0,IDEAL_KERNEL_ADAPTIVE_DEC_FLOOR,0.004015677608549595,1.0,1.0,611152,0.0049999999999998605,0.6604301479708969,1.0089177906489493,0.24580359978513175,0.6617938283909196,0.13332658903693054,0.7932516238420545,,1.1798950147436602,0.6970527997002554,0.8787284875940532,1.0089177906489493,1.0,CONTIGUOUS,4096,0.0,0.0,5,True,0.11232901193708239,2.0,3,2.9910822093510507,0.005029814595603808,0.1333341496354778,0.0,9
-0.17927209643535025,,0.5206243251446394,inf,,1.943837181830531,3.012008920981578,1.012008920981578,False,False,0.10958522245986387,0.0,1.8812215709152573,3.4065443920651797,0.4955085206038883,1.0,IDEAL_KERNEL_ADAPTIVE_DEC_FLOOR,0.0173220899887383,1.0,1.0,681400,0.00500000000000004,0.5660065617594731,1.012008920981578,0.18418473209913794,0.5666549833560097,0.0929315351285016,0.9987511864187574,,1.2639030316470452,0.882287931065411,0.8833911218959839,1.012008920981578,1.0,CONTIGUOUS,4096,0.0,0.0,3,True,2.441602140472369,2.0,2,2.987991079018422,0.005040190618593008,0.09293388870394297,0.0,7
0.061165869456092425,,0.5577060672209104,16.66956044667753,,1.828217798046739,3.0196081581719194,1.0196081581719194,True,False,0.14002913329703734,0.0,2.2056914926519307,2.0968804313522518,0.49424831376982337,1.0,IDEAL_KERNEL_ADAPTIVE_DEC_FLOOR,0.008307414595037699,1.0,1.0,686064,0.49424831376982403,0.2856760878240675,1.0196081581719194,0.19698120016976273,0.6110387544362075,0.10277603246828444,0.9165563262003416,,1.2230318279518122,0.8406570756145152,0.9171908496879042,1.0196081581719194,1.0,CONTIGUOUS,4096,0.0,0.0,2,True,0.3177238513422934,2.0,1,2.9803918418280806,0.5007516862301759,0.11011782874455123,0.0,3
0.03350340716425976,,0.5208572375419944,29.856048740212742,,1.9204482248913435,3.0002793572593323,1.000279357259332,False,False,0.016713983945548537,0.0,2.4834219370808492,2.8679573449707463,0.497453673254494,1.0,IDEAL_KERNEL_ADAPTIVE_DEC_FLOOR,0.007781642954796553,1.0,1.0,777536,0.497453673254496,0.38568914461816106,1.000279357259332,0.2801817371718238,0.7009265697918708,0.16416459159244115,0.694313144350622,,1.1517421719907657,0.5946087894550881,0.8563985779229552,1.000279357259332,1.0,CONTIGUOUS,4096,0.0,0.0,3,True,5.713487831438724,2.0,1,2.9997206427406677,0.4975463267455058,0.17546239898399915,0.0,4
-0.24999596158654142,,0.5023636337773425,inf,,1.990885486403209,3.000148467384088,1.0001484673840881,False,False,0.012184719286393374,0.0,1.21818724566781,2.26644559156712,0.4974753791588054,1.0,IDEAL_KERNEL_ADAPTIVE_DEC_FLOOR,0.03507147403433919,1.0,1.0,820304,0.005000000000000076,0.6323220466451531,1.0001484673840881,0.25759222257884085,0.6325839550408443,0.12337517630651354,0.8046747547479052,,1.2092216071856345,0.736889558231018,0.9157607516366989,1.0001484673840881,1.0,CONTIGUOUS,4096,0.0,0.0,1,True,0.42702363392267123,2.0,2,2.999851532615912,0.0050004949157731494,0.12338023134867969,0.0,5
0.0825918215704701,,0.5110851533521801,12.172878818549783,,1.9671481920114162,3.0053802353806187,1.0053802353806185,True,False,0.0733500878023915,0.0,1.576163770466304,1.4004717505152455,0.496607777632714,1.0,IDEAL_KERNEL_ADAPTIVE_DEC_FLOOR,0.026063650846481323,1.0,1.0,843576,0.4966077776327169,0.2654958358083566,1.0053802353806185,0.17753746998054712,0.5449373488346397,0.08290717488207644,1.052182491529654,,1.2881283790676163,0.9551484335293207,0.9077783000748605,1.0053802353806185,1.0,CONTIGUOUS,4096,0.0,0.0,1,True,1.1760671536775733,2.0,1,2.9946197646193813,0.4983922223672848,0.09056429499504257,0.0,2
-0.18072298100879008,,0.5414921805946187,inf,,1.8658358688085692,3.010335533232807,1.010335533232807,False,False,0.10166382460249587,0.0,1.9096759283729434,3.465074466502457,0.4957860240722262,1.0,IDEAL_KERNEL_ADAPTIVE_DEC_FLOOR,0.014316036365926266,1.0,1.0,858672,0.0050000000000000955,0.5809798589187546,1.010335533232807,0.1861458891849656,0.5816964324228612,0.09287187881510733,0.9782015646095816,,1.2503813899935348,0.8946539311472713,0.9145905746985227,1.010335533232807,1.0,CONTIGUOUS,4096,0.0,0.0,3,True,5.695014166302133,2.0,2,2.989664466767193,0.005034570880270118,0.09287312670294587,0.0,7
0.04302844579868351,,0.5272321847409551,23.75191825353318,,1.938440324330839,3.022008127186914,1.022008127186914,False,False,0.14835136395366863,0.0,2.553615849861666,2.8687490512063585,0.49385031890817005,1.0,IDEAL_KERNEL_ADAPTIVE_DEC_FLOOR,0.02172056632116437,1.0,1.0,933520,0.4938503189081683,0.3055416008705667,1.022008127186914,0.21613503964988443,0.6219469410152781,0.12066438411464389,0.8465192605004014,,1.214526231525994,0.7403193134540499,0.8745451497659088,1.022008127186914,1.0,CONTIGUOUS,4096,0.0,0.0,3,True,5.508093477722316,2.0,1,2.977991872813086,0.5011496810918286,0.1287011203439414,0.0,4
0.08467998022456075,,0.5336852099688038,11.84355861994136,,1.8792207297325796,3.00291230972506,1.0029123097250603,True,False,0.05396581997023896,0.0,1.574147805838285,1.395685103922801,0.49701704197059426,1.0,IDEAL_KERNEL_ADAPTIVE_DEC_FLOOR,0.009617166593670845,1.0,1.0,948144,0.49701704197059426,0.3050128856584249,1.0029123097250603,0.20672631852374923,0.5964999076083551,0.10000792912394368,0.9438086197511377,,1.2354729319901931,0.8496376609082885,0.9002224001009017,1.0029123097250603,1.0,CONTIGUOUS,4096,0.0,0.0,1,True,4.354638601982596,2.0,1,2.99708769027494,0.49798295802940445,0.10936221563938907,0.0,2
-0.16513933772604453,,0.5177094734817067,inf,,1.93183575856021,3.00012967341734,1.0001296734173397,False,False,0.011387423648033291,0.0,1.9447520444861504,5.382187823657014,0.49747849582495784,1.0,IDEAL_KERNEL_ADAPTIVE_DEC_FLOOR,0.003607434220612049,1.0,1.0,951928,0.00499999999999987,0.5476244556826934,1.0001296734173397,0.1720247928862256,0.5492707378429864,0.08712227908291728,1.0610506029532758,,1.2778696443219348,0.9117495461696311,0.8592894096020609,1.0001296734173397,1.0,CONTIGUOUS,4096,0.0,0.0,5,True,1.918978460241182,2.0,3,2.99987032658266,0.005000432263408747,0.08712688025132174,0.0,9
0.04976712021032226,,0.5218892924007509,20.186579573156273,,1.924982840002522,3.004627932252504,1.004627932252504,True,False,0.06802890747692436,0.0,2.158576019365946,2.0663017197441627,0.49673253456812644,1.0,IDEAL_KERNEL_ADAPTIVE_DEC_FLOOR,0.027637650724500418,1.0,1.0,958688,0.4967325345681305,0.34921454617876624,1.004627932252504,0.24841207219303968,0.6552411676477219,0.13835484624063185,0.7595628260626233,,1.1893435553469716,0.675486671283445,0.8893098083604127,1.004627932252504,1.0,CONTIGUOUS,4096,0.0,0.0,2,True,1.4959710338382461,2.0,1,2.995372067747496,0.4982674654318734,0.1486587411711467,0.0,3
0.0545963918105373,,0.5296434819473552,18.4175854900455,,1.8985105035589531,3.0055337136185907,1.0055337136185907,True,False,0.07438893478596582,0.0,2.094679432769132,2.029445055438688,0.49658232582491707,1.0,IDEAL_KERNEL_ADAPTIVE_DEC_FLOOR,0.006303790491074324,1.0,1.0,974096,0.4965823258249158,0.3104643455106073,1.0055337136185907,0.21816301853612652,0.6202866171479304,0.11843314938548621,0.875127350108782,,1.2125704269812219,0.747184419680832,0.8538007863517851,1.0055337136185907,1.0,CONTIGUOUS,4096,0.0,0.0,2,True,2.764567457594179,2.0,1,2.9944662863814093,0.4984176741750823,0.12690146834309235,0.0,3
0.03935678126057193,,0.5542724123316074,26.40663444630875,,1.8750349333812453,3.0392801357312575,1.0392801357312575,False,False,0.19819216869305822,0.0,2.709142098825705,2.8900089813241165,0.4909860441578998,1.0,IDEAL_KERNEL_ADAPTIVE_DEC_FLOOR,0.006829472724348307,1.0,1.0,1013664,0.49098604415789826,0.3580053976712294,1.0392801357312575,0.2544900510880658,0.6929902304567155,0.14431401173492195,0.7285131345497918,,1.1584618304260197,0.6674644745659596,0.9162010167166591,1.0392801357312575,1.0,CONTIGUOUS,4096,0.0,0.0,3,True,3.647356928564793,2.0,1,2.9607198642687425,0.5040139558421005,0.15439043293473198,0.0,4
0.05350830474033899,,0.5225652889082364,18.958002373382545,,1.9412130690547182,3.014410568263023,1.0144105682630231,True,False,0.12004402635293081,0.0,2.1793199779353563,2.0794344344555435,0.4951102474297153,1.0,IDEAL_KERNEL_ADAPTIVE_DEC_FLOOR,0.03609751118347049,1.0,1.0,1042896,0.49511024742971504,0.31303297989837037,1.0144105682630231,0.21966232295159327,0.6185536472802938,0.11911628029200022,0.8328835777536858,,1.220697003918228,0.7507518028790195,0.9013886489439756,1.0144105682630231,1.0,CONTIGUOUS,4096,0.0,0.0,2,True,1.7674951188548305,2.0,1,2.985589431736977,0.49988975257028456,0.12787890092290236,0.0,3
0.05845715935494894,,0.3272866091644051,19.04618001368143,,3.4018671983109905,2.511700148939897,1.0046006028161603,True,False,0.06782774370536208,0.0,1.0000000000000002,1.0,0.5411963911739601,0.8557416573166847,SCALAR_DEC_FLOOR_NO_SPIN,0.036456252448260784,1.0,1.0,3912,0.5411963911739601,0.2062859937078295,1.113385580162819,0.13938635954730777,0.3964977400426364,0.05271321596047185,1.4668239646912895,,1.4774595378629272,1.1826026986755216,0.8062335543613881,1.0046006028161603,1.0,CONTIGUOUS,4096,0.1087849773466587,0.0,0,True,5.264549842683783,1.9305143672972918,1,2.9953993971838395,0.4538036088260398,0.06026862185639317,0.0,1
0.04930836988703388,,0.3721745579564157,22.95584848931998,,3.0413563855556536,2.586037898530889,1.0412515081785692,True,False,0.20310467296093704,0.0,1.0,1.0,0.53094105743815,0.9654794940724969,SCALAR_DEC_FLOOR_NO_SPIN,0.09144311444833875,1.0,1.0,9744,0.5309410574381499,0.33509476980184705,1.1319154683820976,0.23488011932295588,0.5553733796090808,0.10619005799783532,0.8835124557938004,,1.2879355920292965,0.7968608478050648,0.9019237279333174,1.0412515081785692,1.0,CONTIGUOUS,4096,0.0906639602035284,0.0,0,True,3.290484751589028,1.6372496038675308,1,2.9587484918214306,0.4640589425618498,0.12105949219778656,0.0,1
-0.20583222381317115,,0.41526540293101744,inf,,3.777688524707257,2.6873551953986605,1.002996440215655,False,False,0.0547397498684004,0.0,1.9127663822948622,3.472161607527056,0.5246006929570403,0.9285111296921968,SCALAR_DEC_FLOOR_NO_SPIN,0.11557177919894457,1.0,1.0,41680,0.005000000000000032,0.5577547964358617,1.56874334736044,0.21116984802508104,0.5582167764627919,0.11342094058295207,0.8266281007803558,,1.2897873255981775,0.7592018851529087,0.9184322241600603,1.002996440215655,1.0,CONTIGUOUS,4096,0.5657469071447849,0.0,3,True,3.4199934717699163,1.891266331076622,2,2.997003559784345,0.004483403409090302,0.11342335509245077,0.0,7
-0.1612100364368911,,0.30146302986380663,inf,,4.058805142227368,1.9406445556060508,1.0026245474633895,False,False,0.051230337334331126,0.0,1.5214213797342222,1.2972351427513553,0.6039644574862089,0.6950482269749045,SCALAR_DEC_FLOOR_NO_SPIN,0.01857122266665101,1.0,1.0,55320,0.004999999999999778,0.4788070216023948,1.223579695802661,0.1646391352220472,0.47891657434478496,0.0808770766231044,1.1834712465638189,,1.3534776665257375,0.9050419288133772,0.7647350380849094,1.0026245474633895,1.0,CONTIGUOUS,4096,0.22095514833927155,0.0,1,True,2.254970922418731,1.789476029574871,1,2.9973754525366108,0.003237239689081537,0.0808771689950379,0.0,2
-0.18656074859931085,,0.44348553484005876,inf,,2.777269329601812,2.8021364983707566,1.1019707894070578,False,False,0.31932865422172474,0.0,1.2181635182444752,2.266818430031262,0.505869339904543,0.9081814317032695,SCALAR_DEC_FLOOR_NO_SPIN,0.02080251043662429,1.0,1.0,82328,0.00500000000000005,0.521206547287054,1.231678774033351,0.17500100266189428,0.5215079270588686,0.07260152784146227,1.1354668645294876,,1.3128773708718788,1.0406875183215758,0.9165283028781415,1.1019707894070578,1.0,CONTIGUOUS,4096,0.12970798462629318,0.0,1,True,6.057748109729714,1.9834661073982716,2,2.8980292105929424,0.0048345553042189425,0.07260281547757541,0.0,5
-0.24668518606307555,,0.45126519299605816,inf,,3.6924768253858455,2.645990363663256,1.0829380023234845,False,False,0.2879895871789195,0.0,1.8596436517843309,3.364017447441496,0.5217417523981598,0.9478782024234533,SCALAR_DEC_FLOOR_NO_SPIN,0.008057217579334974,1.0,1.0,187856,0.005000000000000266,0.6350575398406724,1.6662862672412158,0.23402257863581635,0.6355527715413112,0.1250963681120172,0.8384284484187287,,1.2005741242502157,0.7220279858131432,0.8611682811751962,1.0829380023234845,1.0,CONTIGUOUS,4096,0.5833482649177313,0.0,3,True,1.9870886841853972,1.7085497193038464,2,2.9170619976765155,0.00453536874734036,0.1250966695338775,0.0,7
-0.15950134189792736,,0.4058684272416796,inf,,3.2413523581901855,2.0510572674682503,1.0175909383846342,False,False,0.13263083496922629,0.0,2.0147067001681624,5.559844895251146,0.5895533658705423,0.6941418433561921,SCALAR_DEC_FLOOR_NO_SPIN,0.006113602314144373,1.0,1.0,194424,0.005000000000000027,0.5486393374877081,1.31556258375476,0.16147711915598595,0.5505329609927895,0.07899604216441267,1.081131342048418,,1.279790964373475,0.9924910355566856,0.9180115282535554,1.0175909383846342,1.0,CONTIGUOUS,4096,0.29797164537012577,0.0,5,True,5.085583449318002,1.9372190721333027,3,2.982409061615366,0.0034385914626301056,0.07899752025997213,0.0,9
-0.1472676208939377,,0.3901286789587216,inf,,2.9678426911841163,2.5905276105323387,1.014437545476684,False,False,0.1201563376467675,0.0,1.951757427302536,5.3989480666388445,0.532745096939364,0.9663747912272811,SCALAR_DEC_FLOOR_NO_SPIN,0.10156758036464453,1.0,1.0,212632,0.005000000000000003,0.46837362576694797,1.1578405484689565,0.1501732491299521,0.469722591493042,0.07665423064402019,1.119013665710051,,1.3847817010659413,0.9677527214047061,0.8648265441786498,1.014437545476684,1.0,CONTIGUOUS,4096,0.14340300299227238,0.0,5,True,1.1153356778649781,1.6662280037999153,3,2.9855624545233157,0.0043384247524408046,0.07665717935031086,0.0,9
0.004318958312988369,,0.3107899777528179,263.3063820286466,,3.6590925349271615,2.399889052155613,1.0339136558188,False,False,0.1841566067747772,0.0,1.4813386326680018,1.237322160226333,0.5499943056904484,0.9009178075939417,SCALAR_DEC_FLOOR_NO_SPIN,0.04045198392122984,1.0,1.0,254360,0.5499943056904527,0.24338945162209796,1.1372092875255146,0.17892309415129373,0.4693761337777003,0.0937632083615211,1.1357052914894503,,1.3643515682937684,0.7887439395356197,0.6944970191176981,1.0339136558188,1.0,CONTIGUOUS,4096,0.10329563170671463,0.0,1,True,1.6687001999013311,1.6299132015556097,1,2.9660863441811998,0.44500569430955295,0.09996467838947158,0.0,2
-0.17656358633648694,,0.3282989609786412,inf,,3.21772247421238,2.1258482536168337,1.0076946190314933,False,False,0.08771897760173306,0.0,2.6373588900923637,2.875136271464499,0.5817222511541276,0.724826336838305,SCALAR_DEC_FLOOR_NO_SPIN,0.1417478802613914,1.0,1.0,318320,0.004999999999999895,0.5120391372233807,1.056374945001547,0.17955733039309812,0.5121912645306708,0.10040410903123086,0.9066782423583329,,1.34183643787919,0.8126561848972849,0.8963005252927542,1.0076946190314933,1.0,CONTIGUOUS,4096,0.04868032597005367,0.0,3,True,5.532441683511389,1.9252124037593603,1,2.9923053809685065,0.00355219134239696,0.10040398867935289,0.0,4
0.011929800939542545,,0.44251985681863754,117.61725794401545,,3.170819236032613,2.666657966851615,1.0104577985129009,False,False,0.10226337816100567,0.0,2.436793342618254,2.869026816614582,0.525899791724191,0.9974542399868369,SCALAR_DEC_FLOOR_NO_SPIN,0.04942939057946205,1.0,1.0,332432,0.5258997917241914,0.29297663341409197,1.4031504743269334,0.2154362090396412,0.5929942022475623,0.12222161975598787,0.8503581187031243,,1.2433745173367703,0.717841230574645,0.8441634351294488,1.0104577985129009,1.0,CONTIGUOUS,4096,0.39269267581403255,0.0,3,True,0.07791149419503404,1.6630061659961939,1,2.989542201487099,0.4691002082758109,0.12924314902865608,0.0,4
-0.2549221455984774,,0.2923570471352536,inf,,3.6997270227473193,1.6333775768416365,1.0087189782054191,False,False,0.09337546897027642,0.0,2.415405972893301,4.920738749496863,0.6435771534710275,0.6600790647789836,SCALAR_DEC_FLOOR_NO_SPIN,0.0270336982794106,1.0,1.0,352160,0.005000000000000087,0.6704265303166813,1.0816412675769096,0.2569624529194615,0.670960957035834,0.1462676603757106,0.7262482867415556,,1.1774875363042991,0.6507072045374562,0.8959844951331616,1.0087189782054191,1.0,CONTIGUOUS,4096,0.07292228937149048,0.0,5,True,4.954033542947802,1.4657990969717503,2,2.991281021794581,0.00273023090264804,0.14626635960130893,0.0,8
-0.11978553724478654,,0.3449533612624262,inf,,3.403913641983544,2.3245932894057315,1.0619430930012081,False,False,0.24888369372300806,0.0,1.883588884947271,5.247020896046212,0.5554932426367728,0.8251423835754395,SCALAR_DEC_FLOOR_NO_SPIN,0.02298216288909316,1.0,1.0,464040,0.005000000000000177,0.41807298966710366,1.1741914522492503,0.11675563488604751,0.41967522381106565,0.05651971908123709,1.4059669206903511,,1.4391208761615797,1.1441225897396452,0.8137620970327407,1.0619430930012081,1.0,CONTIGUOUS,4096,0.1122483592480421,0.0,5,True,4.898590311183226,1.755259532481432,3,2.938056906998792,0.003956004534609577,0.056521331527663525,0.0,9
-0.20959568820438926,,0.3516163903813704,inf,,3.026503137030651,2.5387032892231964,1.000434340802535,False,False,0.020840844573453067,0.0,1.9109895693296615,4.846548728428067,0.538899042046808,0.9961662674322724,SCALAR_DEC_FLOOR_NO_SPIN,0.06042216718196869,1.0,1.0,474608,0.005000000000000141,0.5386336174852605,1.0641681085206116,0.21475248316034923,0.5390778042984643,0.12502899642994156,0.921852438513556,,1.2916046377093282,0.6619617300836086,0.7180777556449175,1.000434340802535,1.0,CONTIGUOUS,4096,0.0637337677180767,0.0,5,True,3.729883800563124,1.5480391141027212,2,2.999565659197465,0.004231784827644714,0.12503107132489877,0.0,8
-0.21959354689834015,,0.411349139347419,inf,,3.169628183343747,2.794404978781295,1.0040690343080312,False,False,0.06378898265399038,0.0,1.2185286570940315,2.2511064921886343,0.514814915654204,0.9396843798458576,SCALAR_DEC_FLOOR_NO_SPIN,0.0953667713329196,1.0,1.0,536592,0.005000000000000011,0.5508098080441263,1.3038238252697736,0.22486325966060716,0.5510396668709081,0.10815994250024558,0.882049944955836,,1.2923549686300881,0.7810605228765922,0.8855060048960149,1.0040690343080312,1.0,CONTIGUOUS,4096,0.2997547909617424,0.0,1,True,0.9596524800748926,1.9697007108479738,2,2.9959309656919686,0.0046636671718767765,0.10816179335736457,0.0,5
-0.25378114841783433,,0.3582938265677222,inf,,3.7823085463471084,2.4935234937913506,1.113335189706336,False,False,0.3366529217255302,0.0,1.8449374788553852,1.9604010012382844,0.5338533381929025,0.9366462733596563,SCALAR_DEC_FLOOR_NO_SPIN,0.004387883003801107,1.0,1.0,548976,0.0050000000000001285,0.5968911664953398,1.3551778023305043,0.23314308669563655,0.5970146449877829,0.13286842915206368,0.8886280419924358,,1.2274673568354424,0.6540137498135545,0.7359814443252981,1.113335189706336,1.0,CONTIGUOUS,4096,0.2418426126241684,0.0,2,True,2.5629885112619455,1.5488474983721972,1,2.886664810293664,0.0043190388522068735,0.1328687298447619,0.0,3
-0.17237159957602147,,0.35911810856682513,inf,,3.0447022400001598,2.7038059768398512,1.046896061355229,False,False,0.21655498460028322,0.0,1.7865109151069067,5.076482589013308,0.5194246439930841,0.9399291761219501,SCALAR_DEC_FLOOR_NO_SPIN,0.07416633563116193,1.0,1.0,591864,0.005000000000000051,0.47274795429356026,1.093407709578033,0.16957084735688965,0.47379982796255654,0.09169202555357281,1.0966104815909672,,1.3685989124074127,0.8208867145432135,0.748567270077765,1.046896061355229,1.0,CONTIGUOUS,4096,0.04651164822280407,0.0,5,True,0.6056746514089236,1.8297100123018026,3,2.9531039386447713,0.004577905202484467,0.09169600850299144,0.0,9
-0.25301255781591636,,0.3861264620899588,inf,,2.6674068115066523,2.2427027632940777,1.0025404722856721,False,False,0.05040309797693044,0.0,2.269772618234636,4.84526782416877,0.5691564620419066,0.8619305165484548,SCALAR_DEC_FLOOR_NO_SPIN,0.0295623941347003,1.0,1.0,601760,0.005000000000000048,0.6536557100988262,1.0299563550817212,0.25801591453483796,0.6541614218826147,0.14901160782463493,0.7452960394851952,,1.1893734684066286,0.6290640266857717,0.8440458466950804,1.0025404722856721,1.0,CONTIGUOUS,4096,0.027415882796049118,0.0,5,True,1.7858732378858277,1.5994126088917255,2,2.997459527714328,0.003741005912770748,0.14901112752846588,0.0,8
-0.23324836560040618,,0.33589740409094737,inf,,3.4117825383439198,1.954449943934132,1.0042025711460005,False,False,0.06482724077114836,0.0,1.2187497254686865,2.2191979346335113,0.6021554514821833,0.7122835461050272,SCALAR_DEC_FLOOR_NO_SPIN,0.0005541541613638401,1.0,1.0,653808,0.00500000000000005,0.5993710143981187,1.1460088979525458,0.23701539899272042,0.5996095620185371,0.11195783358140073,0.926172531243412,,1.2283687886150967,0.7684775961427094,0.8297348174545914,1.0042025711460005,1.0,CONTIGUOUS,4096,0.14180632680654526,0.0,1,True,4.843961304511537,1.739718658849597,2,2.9957974288539995,0.0032619861495137405,0.11195945555399439,0.0,5
0.047179628252566636,,0.33319621653318043,26.10761513425289,,3.69676339488829,2.707096583031648,1.0113515328623714,False,False,0.10654357259999961,0.0,1.0000000000000002,1.0,0.5220924038223169,0.9407166410237551,SCALAR_DEC_FLOOR_NO_SPIN,0.10782298352569342,1.0,1.0,663408,0.5220924038223169,0.3381019951224727,1.2317475765951338,0.2402044762209248,0.5239022886083737,0.11627111304863066,0.9016366953346985,,1.319180269318199,0.7096653727765385,0.7870857258234173,1.0113515328623714,1.0,CONTIGUOUS,4096,0.22039604373276234,0.0,0,True,4.412995246805377,1.8663445394486189,1,2.9886484671376286,0.472907596177683,0.13283800744802882,0.0,1
-0.23492926694351218,,0.4224917615970216,inf,,3.2083692112935194,2.5562536869833368,1.0694035006053242,False,False,0.26344544142065573,0.0,1.9030448586123359,5.2880327230371265,0.5314421604105395,0.9358809739351273,SCALAR_DEC_FLOOR_NO_SPIN,0.015376323368400335,1.0,1.0,675600,0.004999999999999994,0.6099112873272367,1.3555095599330458,0.225505878466776,0.6111846849416931,0.1226693682467026,0.8691468107045578,,1.2209298612268102,0.7194976036157632,0.827820564666763,1.0694035006053242,1.0,CONTIGUOUS,4096,0.2861060593277216,0.0,5,True,6.202679983158271,1.6619840990751982,3,2.930596499394676,0.004361319764613323,0.12267413026039824,0.0,9
0.030538739358414224,,0.39974757520944004,49.619841528801395,,3.790710692015973,2.785579119174654,1.0182653762742173,False,False,0.13514945902302863,0.0,2.017056267603382,1.9934897971322456,0.5144207655183172,0.9404732752591372,SCALAR_DEC_FLOOR_NO_SPIN,0.08514623763039708,1.0,1.0,731288,0.5144207655183166,0.2143256193776098,1.5153274074538838,0.15169643909085528,0.46693362134084765,0.08017132073424377,1.1331100888357504,,1.3829100871032833,0.9219441117476065,0.8136403698381037,1.0182653762742173,1.0,CONTIGUOUS,4096,0.4970620311796665,0.0,2,True,3.4477979795164115,1.9436253998428583,1,2.9817346237257825,0.48057923448168227,0.08521803494916481,0.0,3
-0.06998951317831607,,0.2655039257536593,inf,,3.819412594434995,2.1753960500104372,1.0046256449183415,False,False,0.06801209391234443,0.0,1.900978572985695,3.4466978937278334,0.5763933127588106,0.9406809862703085,SCALAR_DEC_FLOOR_NO_SPIN,0.17606442980468273,1.0,1.0,786070,0.005000000000000027,0.3011507109046055,1.01406903789546,0.07258231576378915,0.30180718807061974,0.03190817601105218,1.7941407964731841,,1.701687381128232,1.6231580561215313,0.9046993743814529,1.0046256449183415,1.0,CONTIGUOUS,4096,0.009443392977118492,0.0,3,True,0.7181908232333951,1.3079501185566187,2,2.9953743550816583,0.003631259055015902,0.031908463679482135,0.0,7
-0.1787094813174726,,0.39673789154549965,inf,,3.7236775449845183,2.7988676043899394,1.0071940727239304,False,False,0.08481787974201142,0.0,1.3306067300418414,3.5048979635422275,0.5141591426654699,0.9724074546247721,SCALAR_DEC_FLOOR_NO_SPIN,0.06657742336392403,1.0,1.0,799608,0.0050000000000001085,0.49020430007839455,1.4773239779924803,0.18303349283263554,0.4909199864190558,0.08712391072468471,1.086320219717449,,1.3497149289440507,0.8759589481510837,0.8063542703632266,1.0071940727239304,1.0,CONTIGUOUS,4096,0.4701299052685499,0.0,2,True,3.867243165286298,1.8710927926003933,3,2.99280592727607,0.004675992483978663,0.08712930184208088,0.0,6
-0.14786437629974414,,0.3108899464334101,inf,,3.613783096121852,2.491366940129652,1.0880931010258037,False,False,0.2968048197482713,0.0,2.0296464868904165,1.9985029976422655,0.5362207155800678,0.9049164578318596,SCALAR_DEC_FLOOR_NO_SPIN,0.16199908079579473,1.0,1.0,811800,0.0049999999999997555,0.42100083886894796,1.1234888331752855,0.1398599620831687,0.4211315331241167,0.07450170668849697,1.1609231823229431,,1.459810315822468,0.9518580763753381,0.8199147806409747,1.0880931010258037,1.0,CONTIGUOUS,4096,0.03539573214948177,0.0,2,True,5.176198871448341,1.665052693337202,1,2.9119068989741965,0.00427789593995488,0.07450161523729205,0.0,3
-0.27069853256770243,,0.33077172450622316,inf,,3.513651170327432,2.2271130361209526,1.0300809036370344,False,False,0.17343847219413147,0.0,2.405012531674272,2.87035905060254,0.5686071252880204,0.9122837707400322,SCALAR_DEC_FLOOR_NO_SPIN,0.06514238426461816,1.0,1.0,819264,0.0049999999999998015,0.6389440089482954,1.162216456922514,0.26797230836848007,0.6390572811076857,0.15988188707462758,0.7003247068340491,,1.207596738509778,0.585252546989419,0.8356874193903059,1.0300809036370344,1.0,CONTIGUOUS,4096,0.13213555328547955,0.0,3,True,3.4013300895651346,1.4111694041639566,1,2.9699190963629656,0.003749450681751384,0.15988211135414296,0.0,4
-0.19491121770232225,,0.36967318103622243,inf,,3.7082903884017075,2.039000061212151,1.0271182371287482,False,False,0.1646761583494954,0.0,2.392859164526919,4.904017900400474,0.5902009380673839,0.7428086884319782,SCALAR_DEC_FLOOR_NO_SPIN,0.04643096588551998,1.0,1.0,839024,0.005000000000000011,0.5781702963622452,1.370855504086508,0.19445416898600193,0.5789127558984032,0.10576063683681323,0.9084368794591717,,1.2571795678786164,0.8062575461433361,0.8875218128785491,1.0271182371287482,1.0,CONTIGUOUS,4096,0.34373726695775986,0.0,5,True,1.5801905137576338,1.717868585139513,2,2.9728817628712516,0.003429332586780829,0.10576172310770643,0.0,8
-0.2085959971007898,,0.38189335166866345,inf,,3.347556127385266,2.898437597744992,1.0320870434193528,False,False,0.17912856673169883,0.0,2.2410475973633246,4.839247605222512,0.5033919068508874,0.97265082038939,SCALAR_DEC_FLOOR_NO_SPIN,0.1388408630155027,1.0,1.0,853136,0.0049999999999999645,0.5282944197136613,1.2784094293861306,0.2078445513216402,0.528721338264921,0.11995741092170645,0.8397780803564329,,1.3214822577256713,0.7008082754098716,0.8345160367991775,1.0320870434193528,1.0,CONTIGUOUS,4096,0.2463223859667778,0.0,5,True,3.9795463654967898,1.9478493705391884,2,2.9679129565806472,0.004882955868564782,0.11995915880014242,0.0,8
-0.15363224706884862,,0.285795318582887,inf,,3.678192109570998,2.1626174332423727,1.0268398475789757,False,False,0.16382871414674446,0.0,1.3366539465952618,3.627053366523262,0.5760168352922922,0.9144709818065166,SCALAR_DEC_FLOOR_NO_SPIN,0.18816404649987817,1.0,1.0,875672,0.004999999999999989,0.42558760450070743,1.0512100857639046,0.1533565641105934,0.42626123231491314,0.07042394531654506,1.1289412366556593,,1.4605010145620003,1.0158999721823394,0.8998696647770703,1.0268398475789757,1.0,CONTIGUOUS,4096,0.024370238184928894,0.0,2,True,4.112070856188054,1.3380437586456537,3,2.9731601524210243,0.0036369003389900667,0.07042688225029137,0.0,6
-0.2546033896497265,,0.3770430278958493,inf,,2.7046926877849233,2.7213349674673313,1.0128064182613754,False,False,0.11316544641088694,0.0,1.9043256021059278,2.9299096275546237,0.5206696591266704,0.9110335623845458,SCALAR_DEC_FLOOR_NO_SPIN,1.97715125977993e-05,1.0,1.0,908176,0.005000000000000355,0.6046355472076075,1.0197855205301904,0.2574297452139182,0.6047383734329621,0.154627513937678,0.8523002312344736,,1.2169171501895684,0.5661373263026366,0.6642463600914926,1.0128064182613754,1.0,CONTIGUOUS,4096,0.006979102268815041,0.0,3,True,5.023055925572802,1.974278887733817,1,2.987193581738625,0.004555002702375015,0.15462783940834068,0.0,4
-0.11120847138991706,,0.321137181879825,inf,,3.689049176065269,2.2039537011575683,1.0916289024346555,False,False,0.30270266340859237,0.0,2.2052763022474418,4.833992611517136,0.5660495676644826,0.9642994347959757,SCALAR_DEC_FLOOR_NO_SPIN,0.041239585261791945,1.0,1.0,911304,0.005000000000000033,0.4016597567909341,1.1846908562176908,0.10539497491302545,0.4024943585621125,0.052856734658427496,1.4480324828542839,,1.4697093861881476,1.1914205602416088,0.8227857968304306,1.0916289024346555,1.0,CONTIGUOUS,4096,0.09306195378303528,0.0,5,True,6.144043224633345,1.1939201932400465,2,2.9083710975653445,0.0037889829516642116,0.052856658568121564,0.0,8
-0.32462885235796923,,0.332779335455626,inf,,3.1703927226025654,2.295541395409551,1.053551434182744,False,False,0.2314118280960247,0.0,1.5303598216697343,1.3116978442560412,0.559275455442125,0.8302317159250379,SCALAR_DEC_FLOOR_NO_SPIN,0.0051110959611833096,1.0,1.0,931136,0.00499999999999994,0.6949017586844829,1.0550411833610345,0.3137562570034116,0.6949731690716628,0.17829062998528009,0.6941390770291218,,1.1535777994280785,0.5433395212116535,0.7827531098481268,1.053551434182744,1.0,CONTIGUOUS,4096,0.0014897491782903671,0.0,1,True,2.188443874271571,1.711389185860753,1,2.946448565817256,0.003895437751808997,0.17829141102164545,0.0,2
-0.27425359317820036,,0.3820536293871541,inf,,3.658013179354255,2.544722985880603,1.1688509615511182,False,False,0.41091478624055167,0.0,1.3363626342267818,3.618328839115841,0.5240067621602268,0.9058441203087568,SCALAR_DEC_FLOOR_NO_SPIN,0.03175474237650633,1.0,1.0,1014672,0.00500000000000014,0.6127607411386418,1.3975572115183357,0.24003554303918054,0.6135736737422459,0.11665336568211221,0.8517358612398634,,1.2238871244096832,0.7600924184197718,0.8924039165303111,1.1688509615511182,1.0,CONTIGUOUS,4096,0.22870624996721745,0.0,2,True,2.9826255733671085,1.6403773911297321,3,2.8311490384488818,0.004494152288208026,0.11666099711042426,0.0,6
-0.11608526925677953,,0.2949515000100786,inf,,3.638358446279828,2.1735839476074235,1.0015995645094873,False,False,0.03999455599812791,0.0,1.3354969474891827,3.595688628916835,0.5768401859570284,0.9131861608475447,SCALAR_DEC_FLOOR_NO_SPIN,0.1278225453570485,1.0,1.0,1022152,0.005000000000000273,0.3800631313062209,1.0731392813045741,0.11947949917139099,0.38084902109812707,0.05015942192389715,1.4270597393515765,,1.5236490587875011,1.2467667109753002,0.8736611906252801,1.0015995645094873,1.0,CONTIGUOUS,4096,0.07153971679508686,0.0,2,True,0.8334756377429475,1.3786204177886248,3,2.9984004354905127,0.0036245724918524845,0.050161441974764236,0.0,6
-0.2972080069319582,,0.37309174422887137,inf,,2.801480360295702,2.4215311112016606,1.0283029754423971,False,False,0.1682348817647435,0.0,2.716239507933505,2.891945688484914,0.5482502250979874,0.8684839950874448,SCALAR_DEC_FLOOR_NO_SPIN,0.06425704155117273,1.0,1.0,1035852,0.0050000000000000894,0.6863017061251612,1.0452091940456505,0.29502596557279115,0.686405347119777,0.1768653602393121,0.6055428834050766,,1.1737157629202781,0.5560273637472419,0.9182295407727361,1.0283029754423971,1.0,CONTIGUOUS,4096,0.016906218603253365,0.0,3,True,4.814641155118198,1.7599247004836798,1,2.971697024557603,0.004074323679686283,0.1768660626369263,0.0,4
0.057622200258108824,,0.32645165006756494,19.426120919318027,,3.4289176655088305,2.511700148939897,1.0105908525045217,True,False,0.06782774370536208,0.0,1.0000000000000002,1.0,0.5411963911739601,0.8557416573166847,SCALAR_CURVATURE_PROXY_NO_SPIN,0.036456252448260784,2.3020575623959303,1.0,3912,0.5411963911739601,0.2062859937078295,1.1193758298511804,0.13938635954730777,0.3964977400426364,0.05271321596047185,1.4668239646912895,,1.4774595378629272,1.1826026986755216,0.8062335543613881,1.0046006028161603,1.0,CONTIGUOUS,4096,0.1087849773466587,0.0,0,True,5.264549842683783,1.9305143672972918,1,2.9953993971838395,0.4538036088260398,0.06026862185639317,0.0,1
0.030053132422517753,,0.35291932049189956,40.391612162350825,,3.4395806593478073,2.586037898530889,1.1232305088705796,False,False,0.20310467296093704,0.0,1.0,1.0,0.53094105743815,0.9654794940724969,SCALAR_CURVATURE_PROXY_NO_SPIN,0.09144311444833875,2.9872970543801785,1.0,9744,0.5309410574381499,0.33509476980184705,1.213894469074108,0.23488011932295588,0.5553733796090808,0.10619005799783532,0.8835124557938004,,1.2879355920292965,0.7968608478050648,0.9019237279333174,1.0412515081785692,1.0,CONTIGUOUS,4096,0.0906639602035284,0.0,0,True,3.290484751589028,1.6372496038675308,1,2.9587484918214306,0.4640589425618498,0.12105949219778656,0.0,1
-0.21112610794113398,,0.4099715188030546,inf,,3.8876180235105062,2.6873551953986605,1.0280657584799466,False,False,0.0547397498684004,0.0,1.9127663822948622,3.472161607527056,0.5246006929570403,0.9285111296921968,SCALAR_CURVATURE_PROXY_NO_SPIN,0.11557177919894457,9.366366908745855,1.0,41680,0.005000000000000032,0.5577547964358617,1.5938126656247316,0.21116984802508104,0.5582167764627919,0.11342094058295207,0.8266281007803558,,1.2897873255981775,0.7592018851529087,0.9184322241600603,1.002996440215655,1.0,CONTIGUOUS,4096,0.5657469071447849,0.0,3,True,3.4199934717699163,1.891266331076622,2,2.997003559784345,0.004483403409090302,0.11342335509245077,0.0,7
-0.16164528038883072,,0.301027785911867,inf,,4.07345559807145,1.9406445556060508,1.0052681713584772,False,False,0.051230337334331126,0.0,1.5214213797342222,1.2972351427513553,0.6039644574862089,0.6950482269749045,SCALAR_CURVATURE_PROXY_NO_SPIN,0.01857122266665101,2.007268465121905,1.0,55320,0.004999999999999778,0.4788070216023948,1.2262233196977488,0.1646391352220472,0.47891657434478496,0.0808770766231044,1.1834712465638189,,1.3534776665257375,0.9050419288133772,0.7647350380849094,1.0026245474633895,1.0,CONTIGUOUS,4096,0.22095514833927155,0.0,1,True,2.254970922418731,1.789476029574871,1,2.9973754525366108,0.003237239689081537,0.0808771689950379,0.0,2
0.00010010674603674885,,0.30677360866727726,13176.801063957848,,4.299870133604142,2.474801349133289,1.0051014640490383,False,False,0.04646981312986464,0.0,1.7926427494099526,1.9570707573257304,0.5450477859025535,0.9657248863950372,SCALAR_CURVATURE_PROXY_NO_SPIN,0.11402810644358397,2.3623975217110393,1.0,70136,0.5450477859025544,0.22552132730681373,1.3190866776863903,0.16844733248737875,0.4475923321936645,0.09464877465186469,1.0945511614884451,,1.4075679346090064,0.7799939737574584,0.7126153634488583,1.0021594435323244,1.0,CONTIGUOUS,4096,0.313985213637352,0.0,2,True,4.556487538623867,1.5604765452444553,1,2.9978405564676756,0.44995221409744657,0.0999311044487047,0.0,3
-0.2716662436568295,,0.3757569230351571,inf,,4.191778560615632,2.4701218733215207,1.0202562062335192,False,False,0.04904953737324104,0.0,2.7031845091124023,2.8884311715495703,0.5454939801791695,0.9873990267515182,SCALAR_CURVATURE_PROXY_NO_SPIN,0.08838213980197906,8.419538340142022,1.0,75264,0.004999999999999779,0.64670332672948,1.57508981398167,0.2721413544252012,0.646824507028068,0.16189570003163584,0.6431860362239785,,1.2075221536533263,0.5881933299622738,0.9144995333161205,1.002405857116529,1.0,CONTIGUOUS,4096,0.5548336077481508,0.0,3,True,4.022753416901053,1.4992391783744097,1,2.9975941428834707,0.004120173972159982,0.1618963029993685,0.0,4
-0.2151206334218976,,0.414925650017472,inf,,3.361752113356358,2.8021364983707566,1.265169196205704,False,False,0.31932865422172474,0.0,1.2181635182444752,2.266818430031262,0.505869339904543,0.9081814317032695,SCALAR_CURVATURE_PROXY_NO_SPIN,0.02080251043662429,2.6004427125416614,1.0,82328,0.00500000000000005,0.521206547287054,1.394877180831997,0.17500100266189428,0.5215079270588686,0.07260152784146227,1.1354668645294876,,1.3128773708718788,1.0406875183215758,0.9165283028781415,1.1019707894070578,1.0,CONTIGUOUS,4096,0.12970798462629318,0.0,1,True,6.057748109729714,1.9834661073982716,2,2.8980292105929424,0.0048345553042189425,0.07260281547757541,0.0,5
-0.43677299935977987,,0.26853361716031193,inf,,4.209049367100863,2.8380677950826128,1.0559367323699562,False,False,0.13486389567283913,0.0,2.1629288418382497,2.8923521386411943,0.5097876439521526,0.992054776288569,SCALAR_CURVATURE_PROXY_NO_SPIN,0.033395787701010704,3.075428904174838,1.0,122140,0.004999999999999941,0.7717382026208646,1.1302712513539164,0.42025088123154525,0.7717945187033721,0.27947622763424046,0.4723114778000772,,1.1112151772570424,0.3611528638926651,0.7646497721690685,1.0181882703560545,1.0,CONTIGUOUS,4096,0.07433451898396015,0.0,3,True,0.6643857320239491,1.8426092006266117,1,2.9818117296439457,0.004758965441828207,0.2794777319192132,0.0,4
-0.14670184765937858,,0.36888396594656847,inf,,4.157736478951082,2.406954153936506,1.0999139968576501,False,False,0.11784525536838919,0.0,1.3357398449621363,3.6014158019077844,0.5509262403535219,0.8566290866583586,SCALAR_CURVATURE_PROXY_NO_SPIN,0.024002968333661556,7.194525043979191,1.0,139304,0.005000000000000149,0.44821159782201714,1.5337223217161964,0.13765810587664304,0.44918811284096233,0.0568240282436316,1.343416929100752,,1.401181304482459,1.1799489651828101,0.8783192615956068,1.0138875042128408,1.0,CONTIGUOUS,4096,0.43380832485854626,0.0,2,True,1.6363272740218837,1.7959098648279905,3,2.986112495787159,0.004030246947046259,0.056826513270248485,0.0,6
-0.19208061823754052,,0.37328915090206644,inf,,4.064732205065095,2.0510572674682503,1.2193487881029077,False,False,0.13263083496922629,0.0,2.0147067001681624,5.559844895251146,0.5895533658705423,0.6941418433561921,SCALAR_CURVATURE_PROXY_NO_SPIN,0.006113602314144373,12.469419385523574,1.0,194424,0.005000000000000027,0.5486393374877081,1.5173204334730335,0.16147711915598595,0.5505329609927895,0.07899604216441267,1.081131342048418,,1.279790964373475,0.9924910355566856,0.9180115282535554,1.0175909383846342,1.0,CONTIGUOUS,4096,0.29797164537012577,0.0,5,True,5.085583449318002,1.9372190721333027,3,2.982409061615366,0.0034385914626301056,0.07899752025997213,0.0,9
-0.1746948039482351,,0.36270149590442424,inf,,3.695814618977183,2.5905276105323387,1.1970744878961916,False,False,0.1201563376467675,0.0,1.951757427302536,5.3989480666388445,0.532745096939364,0.9663747912272811,SCALAR_CURVATURE_PROXY_NO_SPIN,0.10156758036464453,13.650137983250566,1.0,212632,0.005000000000000003,0.46837362576694797,1.340477490888464,0.1501732491299521,0.469722591493042,0.07665423064402019,1.119013665710051,,1.3847817010659413,0.9677527214047061,0.8648265441786498,1.014437545476684,1.0,CONTIGUOUS,4096,0.14340300299227238,0.0,5,True,1.1153356778649781,1.6662280037999153,3,2.9855624545233157,0.0043384247524408046,0.07665717935031086,0.0,9
0.000765999675318707,,0.3072370191151482,1510.5316455558918,,3.7660395006657468,2.399889052155613,1.0537711183477307,False,False,0.1841566067747772,0.0,1.4813386326680018,1.237322160226333,0.5499943056904484,0.9009178075939417,SCALAR_CURVATURE_PROXY_NO_SPIN,0.04045198392122984,1.585529989306634,1.0,254360,0.5499943056904527,0.24338945162209796,1.1570667500544454,0.17892309415129373,0.4693761337777003,0.0937632083615211,1.1357052914894503,,1.3643515682937684,0.7887439395356197,0.6944970191176981,1.0339136558188,1.0,CONTIGUOUS,4096,0.10329563170671463,0.0,1,True,1.6687001999013311,1.6299132015556097,1,2.9660863441811998,0.44500569430955295,0.09996467838947158,0.0,2
0.030975959299226807,,0.28990341935360076,38.708729756426514,,4.135998258086585,2.552994286129917,1.0591004461712707,False,False,0.19269788652285935,0.0,1.0000000000000002,1.0,0.5344682822201581,0.9972112318500876,SCALAR_CURVATURE_PROXY_NO_SPIN,0.12014805665239692,1.591610724106431,1.0,271736,0.5344682822201582,0.28152398367436154,1.1990400374598373,0.19914834367614853,0.4586442362254992,0.0916060914936921,1.072564272306856,,1.3970091155360245,0.8189874884581893,0.763578938441351,1.0371324754703768,1.0,CONTIGUOUS,4096,0.1399395912885666,0.0,0,True,1.48722089363407,1.523001430556178,1,2.9628675245296234,0.46053171777984203,0.10424656397915642,0.0,1
-0.1867238481839335,,0.31813869913119464,inf,,3.4983483790059577,2.1258482536168337,1.0642796764346252,False,False,0.08771897760173306,0.0,2.6373588900923637,2.875136271464499,0.5817222511541276,0.724826336838305,SCALAR_CURVATURE_PROXY_NO_SPIN,0.1417478802613914,8.353847821644536,1.0,318320,0.004999999999999895,0.5120391372233807,1.1129600024046788,0.17955733039309812,0.5121912645306708,0.10040410903123086,0.9066782423583329,,1.34183643787919,0.8126561848972849,0.8963005252927542,1.0076946190314933,1.0,CONTIGUOUS,4096,0.04868032597005367,0.0,3,True,5.532441683511389,1.9252124037593603,1,2.9923053809685065,0.00355219134239696,0.10040398867935289,0.0,4
-0.22448238972523682,,0.4294517304383691,inf,,3.4085539401261276,2.666657966851615,1.071116712065654,False,False,0.10226337816100567,0.0,2.436793342618254,2.869026816614582,0.525899791724191,0.9974542399868369,SCALAR_CURVATURE_PROXY_NO_SPIN,0.04942939057946205,6.800352098763774,1.0,332432,0.004999999999999909,0.5928435346987697,1.4638093878796865,0.2154362090396412,0.5929942022475623,0.12222161975598787,0.8503581187031243,,1.2433745173367703,0.717841230574645,0.8441634351294488,1.0104577985129009,1.0,CONTIGUOUS,4096,0.39269267581403255,0.0,3,True,0.07791149419503404,1.6630061659961939,1,2.989542201487099,0.004459977125469616,0.12222193723898946,0.0,4
-0.2289325960357707,,0.3133601780907739,inf,,3.8796413179421534,1.7664632029349256,1.02085746476083,False,False,0.07882959578419103,0.0,1.2185781422474895,2.24816103072222,0.6257691360634756,0.7579000927507877,SCALAR_CURVATURE_PROXY_NO_SPIN,0.009125330485403538,3.356471154767845,1.0,362736,0.004999999999999963,0.5988491392984,1.215725094318678,0.2285308826113165,0.5991915803524639,0.10465697818064261,0.930130580466295,,1.232201649931408,0.8184917410746589,0.879975089803338,1.006214105171499,1.0,CONTIGUOUS,4096,0.19486762955784798,0.0,1,True,1.6758252253729555,1.324519483372569,2,2.993785894828501,0.0029502163230614876,0.10465697054892993,0.0,5
0.0314251875785158,,0.42838386991578475,57.806505267950705,,4.240543117697057,2.603099322684855,1.0005819033385912,False,False,0.010760524202138185,0.0,2.175708798777129,2.0771014396554115,0.5327313157454389,0.8967223409563303,SCALAR_CURVATURE_PROXY_NO_SPIN,0.061603205278515816,5.025554552725583,1.0,429784,0.532731315745438,0.18527234701914852,1.8165802713038126,0.13067167195247964,0.46795967158577156,0.0647647473382382,1.2205010813588857,,1.3826893176998345,1.0975438020129233,0.8992567223217339,1.0001157888811048,1.0,CONTIGUOUS,4096,0.8159983679652214,0.0,2,True,4.050683583458885,1.9027887154370546,1,2.9998842111188955,0.46226868425456136,0.06832797905626306,0.0,3
-0.5046393751185051,,0.27862372682018444,inf,,3.991423825269977,2.8612647153874153,1.0324765786796564,False,False,0.08522783121606335,0.0,1.2187338434975992,2.2334425269281892,0.5086730545833058,0.960360043682158,SCALAR_CURVATURE_PROXY_NO_SPIN,0.00237491587176919,4.471028075009716,1.0,444156,0.0050000000000000305,0.8541027489826812,1.1121053815155977,0.49629440412364156,0.8542723427990812,0.3107723809973971,0.403423554760216,,1.0615036062686332,0.34434293907237584,0.8535518935602159,1.0072637832137938,1.0,CONTIGUOUS,4096,0.07962880283594131,0.0,1,True,0.2692923625249562,1.9721028972417116,2,2.992736216786206,0.004780348998583086,0.3107784471710121,0.0,5
-0.21037290099690292,,0.35083917758885674,inf,,3.043523318997178,2.5387032892231964,1.004053450491401,False,False,0.020840844573453067,0.0,1.9109895693296615,4.846548728428067,0.538899042046808,0.9961662674322724,SCALAR_CURVATURE_PROXY_NO_SPIN,0.06042216718196869,9.33241930701621,1.0,474608,0.005000000000000141,0.5386336174852605,1.0677872182094776,0.21475248316034923,0.5390778042984643,0.12502899642994156,0.921852438513556,,1.2916046377093282,0.6619617300836086,0.7180777556449175,1.000434340802535,1.0,CONTIGUOUS,4096,0.0637337677180767,0.0,5,True,3.729883800563124,1.5480391141027212,2,2.999565659197465,0.004231784827644714,0.12503107132489877,0.0,8
-0.22314044939738226,,0.4078022368483769,inf,,3.2358758812593327,2.794404978781295,1.0198426315795266,False,False,0.06378898265399038,0.0,1.2185286570940315,2.2511064921886343,0.514814915654204,0.9396843798458576,SCALAR_CURVATURE_PROXY_NO_SPIN,0.0953667713329196,4.8764965044317465,1.0,536592,0.005000000000000011,0.5508098080441263,1.3195974225412688,0.22486325966060716,0.5510396668709081,0.10815994250024558,0.882049944955836,,1.2923549686300881,0.7810605228765922,0.8855060048960149,1.0040690343080312,1.0,CONTIGUOUS,4096,0.2997547909617424,0.0,1,True,0.9596524800748926,1.9697007108479738,2,2.9959309656919686,0.0046636671718767765,0.10816179335736457,0.0,5
-0.2565600033063251,,0.38257901659955007,inf,,2.7280777314655804,2.2427027632940777,1.0162894129151843,False,False,0.05040309797693044,0.0,2.269772618234636,4.84526782416877,0.5691564620419066,0.8619305165484548,SCALAR_CURVATURE_PROXY_NO_SPIN,0.0295623941347003,6.411962455585285,1.0,601760,0.005000000000000048,0.6536557100988262,1.0437052957112332,0.25801591453483796,0.6541614218826147,0.14901160782463493,0.7452960394851952,,1.1893734684066286,0.6290640266857717,0.8440458466950804,1.0025404722856721,1.0,CONTIGUOUS,4096,0.027415882796049118,0.0,5,True,1.7858732378858277,1.5994126088917255,2,2.997459527714328,0.003741005912770748,0.14901112752846588,0.0,8
-0.23794728110069466,,0.3311984885906589,inf,,3.5200470341763386,1.954449943934132,1.0240279306806896,False,False,0.06482724077114836,0.0,1.2187497254686865,2.2191979346335113,0.6021554514821833,0.7122835461050272,SCALAR_CURVATURE_PROXY_NO_SPIN,0.0005541541613638401,5.717435790125026,1.0,653808,0.00500000000000005,0.5993710143981187,1.165834257487235,0.23701539899272042,0.5996095620185371,0.11195783358140073,0.926172531243412,,1.2283687886150967,0.7684775961427094,0.8297348174545914,1.0042025711460005,1.0,CONTIGUOUS,4096,0.14180632680654526,0.0,1,True,4.843961304511537,1.739718658849597,2,2.9957974288539995,0.0032619861495137405,0.11195945555399439,0.0,5
0.04555354150098906,,0.33157012978160283,27.188164293346123,,3.735309846180754,2.707096583031648,1.0181211267398893,False,False,0.10654357259999961,0.0,1.0000000000000002,1.0,0.5220924038223169,0.9407166410237551,SCALAR_CURVATURE_PROXY_NO_SPIN,0.10782298352569342,1.5963594485074282,1.0,663408,0.5220924038223169,0.3381019951224727,1.2385171704726514,0.2402044762209248,0.5239022886083737,0.11627111304863066,0.9016366953346985,,1.319180269318199,0.7096653727765385,0.7870857258234173,1.0113515328623714,1.0,CONTIGUOUS,4096,0.22039604373276234,0.0,0,True,4.412995246805377,1.8663445394486189,1,2.9886484671376286,0.472907596177683,0.13283800744802882,0.0,1
-0.19941725332367655,,0.3603338932585902,inf,,4.639021143949524,1.9985850172889448,1.108368994925026,False,False,0.10958522245986387,0.0,1.8812215709152573,3.4065443920651797,0.5962109203196394,0.6740498384460807,SCALAR_CURVATURE_PROXY_NO_SPIN,0.0173220899887383,9.02404096848235,1.0,681400,0.00500000000000004,0.5660065617594731,1.6715965497082508,0.18418473209913794,0.5666549833560097,0.0929315351285016,0.9987511864187574,,1.2639030316470452,0.882287931065411,0.8833911218959839,1.012008920981578,1.0,CONTIGUOUS,4096,0.5632275547832251,0.0,3,True,2.441602140472369,1.953031500801444,2,2.987991079018422,0.003344362423507436,0.09293255863373,0.0,7
0.014104200802336209,,0.2824832997171777,80.48087387550275,,4.018355800233379,2.5007435737848027,1.0229400504321866,False,False,0.06621732952352613,0.0,2.6571482939259767,2.878142098893961,0.5422930482203694,0.8814192451536655,SCALAR_CURVATURE_PROXY_NO_SPIN,0.015387891791760921,5.231798922583764,1.0,686662,0.5422930482203667,0.06309677210692645,1.1351184058875852,0.04337191913988814,0.2601841503296783,0.019168346819224948,2.3562768832826957,,1.8012499422933839,2.124456284521698,0.9016157224960626,1.0043847347292272,1.0,CONTIGUOUS,4096,0.11217835545539856,0.0,3,True,1.324019034227263,1.8327935859560966,1,2.995615265270773,0.4527069517796315,0.019980830794810105,0.0,4
0.02051328618523543,,0.3897221220362612,77.09229564006569,,4.05780486588417,2.785579119174654,1.0843542919617786,False,False,0.13514945902302863,0.0,2.017056267603382,1.9934897971322456,0.5144207655183172,0.9404732752591372,SCALAR_CURVATURE_PROXY_NO_SPIN,0.08514623763039708,4.618261934239475,1.0,731288,0.5144207655183166,0.2143256193776098,1.581416323141445,0.15169643909085528,0.46693362134084765,0.08017132073424377,1.1331100888357504,,1.3829100871032833,0.9219441117476065,0.8136403698381037,1.0182653762742173,1.0,CONTIGUOUS,4096,0.4970620311796665,0.0,2,True,3.4477979795164115,1.9436253998428583,1,2.9817346237257825,0.48057923448168227,0.08521803494916481,0.0,3
-0.07143452098551777,,0.2640589179464576,inf,,3.915707843358236,2.1753960500104372,1.024534183134514,False,False,0.06801209391234443,0.0,1.900978572985695,3.4466978937278334,0.5763933127588106,0.9406809862703085,SCALAR_CURVATURE_PROXY_NO_SPIN,0.17606442980468273,5.3039486531340785,1.0,786070,0.005000000000000027,0.3011507109046055,1.0339775761116328,0.07258231576378915,0.30180718807061974,0.03190817601105218,1.7941407964731841,,1.701687381128232,1.6231580561215313,0.9046993743814529,1.0046256449183415,1.0,CONTIGUOUS,4096,0.009443392977118492,0.0,3,True,0.7181908232333951,1.3079501185566187,2,2.9953743550816583,0.003631259055015902,0.031908463679482135,0.0,7
-0.1831861556626952,,0.39226121720027707,inf,,3.828525832056247,2.7988676043899394,1.031652297696537,False,False,0.08481787974201142,0.0,1.3306067300418414,3.5048979635422275,0.5141591426654699,0.9724074546247721,SCALAR_CURVATURE_PROXY_NO_SPIN,0.06657742336392403,4.399774496475273,1.0,799608,0.0050000000000001085,0.49020430007839455,1.501782202965087,0.18303349283263554,0.4909199864190558,0.08712391072468471,1.086320219717449,,1.3497149289440507,0.8759589481510837,0.8063542703632266,1.0071940727239304,1.0,CONTIGUOUS,4096,0.4701299052685499,0.0,2,True,3.867243165286298,1.8710927926003933,3,2.99280592727607,0.004675992483978663,0.08712930184208088,0.0,6
-0.2636759699545798,,0.367970447590996,inf,,2.867155404693951,2.7213349674673313,1.0480493553093617,False,False,0.11316544641088694,0.0,1.9043256021059278,2.9299096275546237,0.5206696591266704,0.9110335623845458,SCALAR_CURVATURE_PROXY_NO_SPIN,1.97715125977993e-05,3.751974543442829,1.0,908176,0.005000000000000355,0.6046355472076075,1.0550284575781765,0.2574297452139182,0.6047383734329621,0.154627513937678,0.8523002312344736,,1.2169171501895684,0.5661373263026366,0.6642463600914926,1.0128064182613754,1.0,CONTIGUOUS,4096,0.006979102268815041,0.0,3,True,5.023055925572802,1.974278887733817,1,2.987193581738625,0.004555002702375015,0.15462783940834068,0.0,4
-0.35763419138202346,,0.29977399643157177,inf,,3.8703670064791713,2.295541395409551,1.1587456360108699,False,False,0.2314118280960247,0.0,1.5303598216697343,1.3116978442560412,0.559275455442125,0.8302317159250379,SCALAR_CURVATURE_PROXY_NO_SPIN,0.0051110959611833096,2.9643582554512156,1.0,931136,0.00499999999999994,0.6949017586844829,1.1602353851891603,0.3137562570034116,0.6949731690716628,0.17829062998528009,0.6941390770291218,,1.1535777994280785,0.5433395212116535,0.7827531098481268,1.053551434182744,1.0,CONTIGUOUS,4096,0.0014897491782903671,0.0,1,True,2.188443874271571,1.711389185860753,1,2.946448565817256,0.003895437751808997,0.17829141102164545,0.0,2
-0.16867208116491134,,0.29796460042082074,inf,,4.539054753033012,1.5513589546765374,1.0012748144166703,False,False,0.011387423648033291,0.0,1.9447520444861504,5.382187823657014,0.6558384099084361,0.7731750523671508,SCALAR_CURVATURE_PROXY_NO_SPIN,0.003607434220612049,9.830961833371685,1.0,951928,0.00499999999999987,0.5476244556826934,1.3524776357757087,0.1720247928862256,0.5492707378429864,0.08712227908291728,1.0610506029532758,,1.2778696443219348,0.9117495461696311,0.8592894096020609,1.0001296734173397,1.0,CONTIGUOUS,4096,0.35120282135903835,0.0,5,True,1.918978460241182,1.0063486136496067,3,2.99987032658266,0.0025857100237458544,0.08712349985390325,0.0,9
-0.11772970551450136,,0.2933070637523567,inf,,3.7056816887973105,2.1735839476074235,1.0153628985469267,False,False,0.03999455599812791,0.0,1.3354969474891827,3.595688628916835,0.5768401859570284,0.9131861608475447,SCALAR_CURVATURE_PROXY_NO_SPIN,0.1278225453570485,9.604425739509661,1.0,1022152,0.005000000000000273,0.3800631313062209,1.0869026153420136,0.11947949917139099,0.38084902109812707,0.05015942192389715,1.4270597393515765,,1.5236490587875011,1.2467667109753002,0.8736611906252801,1.0015995645094873,1.0,CONTIGUOUS,4096,0.07153971679508686,0.0,2,True,0.8334756377429475,1.3786204177886248,3,2.9984004354905127,0.0036245724918524845,0.050161441974764236,0.0,6
-0.24774749346427688,,0.2975484483600819,inf,,4.021935860514721,2.7190534846216106,1.0272305323230024,False,False,0.055650463574565955,0.0,2.3194123629936314,4.860945166001436,0.521683204776561,0.9810171499848366,SCALAR_CURVATURE_PROXY_NO_SPIN,0.2021406590938568,8.792625149047726,1.0,1032384,0.0050000000000000365,0.5383132846705473,1.196720774699926,0.24631287335606533,0.5386224279460334,0.15048386282673698,0.6700531324448391,,1.324173196081373,0.5767978502627382,0.86082404862158,1.003096974096064,1.0,CONTIGUOUS,4096,0.16949024237692356,0.0,5,True,0.8923153088571406,1.7685706615447998,2,2.996903025903936,0.004536438885608377,0.15048637496809877,0.0,8
-0.32941917342719124,,0.34088057773363833,inf,,3.3864938467547128,2.4215311112016606,1.1374837603699042,False,False,0.1682348817647435,0.0,2.716239507933505,2.891945688484914,0.5482502250979874,0.8684839950874448,SCALAR_CURVATURE_PROXY_NO_SPIN,0.06425704155117273,4.8575726834697655,1.0,1035852,0.0050000000000000894,0.6863017061251612,1.1543899789731578,0.29502596557279115,0.686405347119777,0.1768653602393121,0.6055428834050766,,1.1737157629202781,0.5560273637472419,0.9182295407727361,1.0283029754423971,1.0,CONTIGUOUS,4096,0.016906218603253365,0.0,3,True,4.814641155118198,1.7599247004836798,1,2.971697024557603,0.004074323679686283,0.1768660626369263,0.0,4
-0.06165478217930526,,0.06690810515964192,inf,,31.091222938441184,2.255233389437274,2.0802548139070938,False,False,0.93322547900863,0.0,2.5351888155896636,2.8682199959471406,0.4831862221190236,0.58648332208395,KINETIC_DEC_FLOOR_NO_SPIN,0.5446799229830503,1.0,1.0,30542,0.004999999999999883,0.14710979584557468,2.0802548139070938,0.030283657750646197,0.14723874771330894,0.014358393644896718,2.7555240846368605,,2.4123865139882423,2.396748151783525,0.8697975695971399,1.8709097946708868,1.0,CONTIGUOUS,4096,0.20934501923620702,1.0,3,True,0.06958320689986781,1.974439773708582,1,2.1290902053291134,0.005296237293733206,0.014358466301757685,0.0,4
-0.07167179599307884,,0.04845503661118976,inf,,39.74934348492073,1.4780411721181064,1.9260558938325911,False,False,0.8105632710061037,0.0,1.2181243344342627,2.26837006227972,0.6101164479007841,0.414348923252176,KINETIC_DEC_FLOOR_NO_SPIN,0.08435422042384744,1.0,1.0,73070,0.004999999999999997,0.17679793859932438,1.9260558938325911,0.03772604849405113,0.17711128392367703,0.010562492164479478,3.128470088496352,,2.170658643528916,2.8773788697170835,0.9197399330418558,1.6570128163041145,1.0,CONTIGUOUS,4096,0.2690430775284767,1.0,1,True,1.2319970163637086,1.9101285208016634,2,2.3429871836958855,0.0031541810864425235,0.010562600831398936,0.0,5
-0.07717185902374286,,0.06382211170803598,inf,,35.35794974385308,2.1541187142663474,2.2566190183193133,False,False,0.9894161878996529,0.0,1.9723484055518712,5.449336137692689,0.48164463907168337,0.8548944965822497,KINETIC_DEC_FLOOR_NO_SPIN,0.302982144523412,1.0,1.0,118094,0.004999999999999896,0.17297933346719735,2.2566190183193133,0.034848270207102724,0.17420366347426128,0.014438542622693937,2.743360451762634,,2.2049552215615216,2.4180935225106657,0.8814348551817238,1.9789443928778812,1.0,CONTIGUOUS,4096,0.277674625441432,1.0,5,True,0.7728022456297716,0.5408036261796951,3,2.021055607122119,0.005329192098117717,0.01443931169638,0.0,9
-0.14622960770667745,,0.06859465054935768,inf,,34.2978160396614,2.3938779148584697,2.352646705846728,False,False,0.9541035783737899,0.0,1.836160311018985,5.155774115463815,0.4637466537015357,0.7005231866499022,KINETIC_DEC_FLOOR_NO_SPIN,0.01659782649949193,1.0,1.0,123750,0.0049999999999999715,0.2727515474916293,2.352646705846728,0.06314433328362187,0.2742421176145664,0.027963985799387456,2.0831173013027304,,1.7387726979859213,1.6267169800003782,0.7809051266498864,1.9103136382656707,1.0,CONTIGUOUS,4096,0.44233306758105756,1.0,5,True,5.88463904139646,1.5069578532129526,3,2.089686361734329,0.005727840212518018,0.02796587056257195,0.0,9
-0.1441924109740177,,0.06520949373246981,inf,,32.482012260340575,1.9639178294689017,2.1181355749086865,False,False,0.8857797884303146,0.0,1.557343321735626,1.3598460747591306,0.5274354242398727,0.5358942292878194,KINETIC_DEC_FLOOR_NO_SPIN,0.09768160153180361,1.0,1.0,132582,0.005000000000000045,0.27903521558584715,2.1181355749086865,0.06902084928404277,0.2791551745324151,0.027656153224994772,2.013368205171551,,1.7458532408834675,1.705239802857754,0.8469587423093617,1.7846058335916528,1.0,CONTIGUOUS,4096,0.3335297413170338,1.0,1,True,3.763087938940194,1.8801431450992823,1,2.2153941664083474,0.0044324343253390516,0.027656264364145273,0.0,2
-0.05579875463657905,,0.07138729306415581,inf,,30.761194804174508,2.321089803757203,2.1959584284891926,False,False,0.9194785574749113,0.0,2.4376419692995026,4.93872551981695,0.4789889450869752,0.6068598438929745,KINETIC_DEC_FLOOR_NO_SPIN,0.3675720621831715,1.0,1.0,200302,0.004999999999999984,0.14872083468510833,2.1959584284891926,0.026017515034619555,0.14942655102627356,0.011261618836814443,3.0695703904837424,,2.3806151917524785,2.776598497323354,0.9045560596790165,1.8454408176561437,1.0,CONTIGUOUS,4096,0.35051761083304883,1.0,5,True,1.4191474825604014,1.9793134927749634,2,2.1545591823438563,0.005386461005058599,0.011261857636453385,0.0,8
-0.09981640670045742,,0.06366779766751952,inf,,35.629829651593056,1.800023290991119,2.268472785185814,False,False,0.8809145178841428,0.0,2.1772360199371406,2.078068215582873,0.5499161452428923,0.526724591616099,KINETIC_DEC_FLOOR_NO_SPIN,0.005615063477307558,1.0,1.0,248838,0.00499999999999999,0.25434859474862237,2.268472785185814,0.04466207339533934,0.25462052449645056,0.018287499745083403,2.41349394444279,,1.81818750534774,2.1724844280301805,0.9001408240664751,1.7760103878190519,1.0,CONTIGUOUS,4096,0.4924623973667622,1.0,2,True,3.02115078952557,1.6413794960826635,1,2.223989612180948,0.004046833854646348,0.018287546965697225,0.0,3
-0.052872494939291664,,0.08132041553389102,inf,,26.138631705039234,1.8769003966475841,2.125604391741129,False,False,0.9201717269704678,0.0,2.1972819748529724,2.091233150207575,0.5316177538885969,0.6084850029894296,KINETIC_DEC_FLOOR_NO_SPIN,0.03157057100906968,1.0,1.0,287966,0.005000000000000203,0.17044053674554854,2.125604391741129,0.025472652897214197,0.17066535293311816,0.009541457046632272,3.2861961899359717,,2.201838421022231,2.997335562689091,0.9120987882185728,1.846716007115813,1.0,CONTIGUOUS,4096,0.2788883846253157,1.0,2,True,3.092050019974529,1.2378306742757559,1,2.153283992884187,0.0043582277183363445,0.009541496939349811,0.0,3
-0.07929609293321813,,0.047307141065952685,inf,,47.18739454086447,2.160732249689211,2.232300730079441,False,False,0.9325250514349901,0.0,1.2186657432664894,2.241387174602191,0.4939830300859705,0.6388947127967121,KINETIC_DEC_FLOOR_NO_SPIN,0.16911872662603855,1.0,1.0,341854,0.004999999999999996,0.15675848247560642,2.232300730079441,0.03610111700509144,0.15698924403757586,0.010813473901150446,3.1805902099223027,,2.295265733214708,2.7593855329287855,0.8675702780950815,1.869602971553831,1.0,CONTIGUOUS,4096,0.36269775852561,1.0,1,True,5.3218857159359025,1.5123818945139647,2,2.1303970284461693,0.005071196168690671,0.010813822717186512,0.0,5
-0.2909475013752078,,0.060291913026605304,inf,,36.44406336365574,2.6109906220713572,2.1972822986576244,False,False,0.9719190314277075,0.0,1.7525564194702083,3.183408343729803,0.43826339336024345,0.7479626284912229,KINETIC_DEC_FLOOR_NO_SPIN,0.0709188524633646,1.0,1.0,348776,0.005000000000000018,0.4187187465118941,2.1972822986576244,0.13425441680810785,0.41922479261655127,0.06817449583022382,1.2953949763160446,,1.4437326886135584,0.9932135246637207,0.7667263983748853,1.944626603651373,1.0,CONTIGUOUS,4096,0.25265569500625135,1.0,3,True,2.329586936166634,1.546176977455616,2,2.055373396348627,0.006351621137818001,0.06817665457743137,0.0,7
-0.13549061015411795,,0.06537432182187783,inf,,29.43057692408125,1.6365966254732645,1.924004007238419,False,False,0.8369639043062925,0.0,1.8429792114550068,5.168047686109512,0.5812862765420825,0.4527419046844833,KINETIC_DEC_FLOOR_NO_SPIN,0.09623895585536957,1.0,1.0,379222,0.005000000000000105,0.28348921998384363,1.924004007238419,0.07132207419288994,0.28480814748164446,0.032951496682406566,1.906234286309369,,1.7214385173141211,1.497359724234012,0.7855066583305598,1.7005085771116328,1.0,CONTIGUOUS,4096,0.22349543012678624,1.0,5,True,0.12621599001974626,1.9143470581620932,3,2.299491422888367,0.0035586056316260096,0.03295233246603858,0.0,9
-0.07542024473489671,,0.10548464249215561,inf,,19.77177080403614,2.1099491622593707,2.0856181747005924,False,False,0.9180976058281959,0.0,2.444673693433803,4.944714288074923,0.5029969979654002,0.6036456305620757,KINETIC_DEC_FLOOR_NO_SPIN,0.1512285894714296,1.0,1.0,385038,0.005000000000000165,0.21169808522718703,2.0856181747005924,0.03702862392139211,0.2126521097110078,0.016030797135550934,2.569004782883766,,1.9965744420732952,2.3308982657656823,0.9073156583029777,1.8429032138274652,1.0,CONTIGUOUS,4096,0.242714960873127,1.0,5,True,2.0933340225530563,1.6524408347904682,2,2.1570967861725348,0.004890715093974063,0.016031023764390223,0.0,8
-0.0382371414303384,,0.07866746451016118,inf,,28.184933300443216,2.7702565064147713,2.2172372401338767,False,False,0.9991541464971379,0.0,2.079945195344998,2.021795526245631,0.4173731034204637,0.9538610586896539,KINETIC_DEC_FLOOR_NO_SPIN,0.05575983691960573,1.0,1.0,387570,0.004999999999999919,0.1180382303913611,2.2172372401338767,0.017883755988008503,0.11819871765837092,0.0065251655225808825,4.0289921777991635,,2.605075485637968,3.408275302605945,0.8459374335315079,1.998309008462424,1.0,CONTIGUOUS,4096,0.21892823167145253,1.0,2,True,0.5378817870611522,0.9059467855840921,1,2.001690991537576,0.006919790612353329,0.0065252465640017,0.0,3
-0.11725009176497617,,0.05614168718697975,inf,,38.35866282809563,2.582758256468879,2.1535200494057727,False,False,0.9610235899984837,0.0,1.3119126803960648,3.29926673990081,0.44343558463492616,0.7235336196453059,KINETIC_DEC_FLOOR_NO_SPIN,0.09785100817680359,1.0,1.0,403334,0.005000000000000051,0.19165361623195679,2.1535200494057727,0.055361352891486436,0.19212980063822413,0.021906184556650263,2.4796508190231976,,2.0379315998493897,1.7024516508620584,0.6865691079571844,1.9235663405335737,1.0,CONTIGUOUS,4096,0.22995370887219907,1.0,2,True,3.5502459277989598,1.6460787821561098,3,2.076433659466426,0.00621921688827875,0.021908813911853026,0.0,6
-0.09648425544093897,,0.03586877066074294,inf,,60.05582318301202,1.55357796580959,2.1541285485935875,False,False,0.9726466012275778,0.0,1.0000000000000002,1.0,0.5665053603911372,0.6604144526645541,KINETIC_DEC_FLOOR_NO_SPIN,0.07907751481980085,1.0,1.0,422062,0.005000000000000001,0.18872791950569306,2.1541285485935875,0.04533735084352672,0.18877627827955887,0.011770421466765253,2.975175380428529,,2.1047643136442775,2.723595891010327,0.9154404506459832,1.946041410879559,1.0,CONTIGUOUS,4096,0.20808713771402837,1.0,0,True,5.271805114677841,0.4063873700797558,1,2.053958589120441,0.0037819116072707027,0.011770518996668526,0.0,1
-0.23713358213804425,,0.08104418674389505,inf,,26.31660657756563,2.3936364897746167,2.1328079779378455,False,False,0.9300496772695334,0.0,2.5118260502899186,2.8678931768758913,0.4690879916232095,0.6325661994170422,KINETIC_DEC_FLOOR_NO_SPIN,0.17808296671137214,1.0,1.0,439528,0.004999999999999931,0.38931408665817396,2.1328079779378455,0.11279011209966376,0.3894924989573732,0.05949001042887699,1.2886141540335307,,1.5156040328763587,1.1130934957590293,0.8637911451421678,1.8649924021891633,1.0,CONTIGUOUS,4096,0.26781557574868203,1.0,3,True,0.9935482451581341,1.919017069041729,1,2.1350075978108367,0.005605686116126904,0.059490349527436606,0.0,4
-0.10359394288897637,,0.07758733881844201,inf,,28.2928292177704,2.7353636997290836,2.195165326651468,False,False,0.9608154611997307,0.0,1.8003296638546935,5.096521210304292,0.4294191055141582,0.7228111663151837,KINETIC_DEC_FLOOR_NO_SPIN,0.2204843102954328,1.0,1.0,462086,0.0049999999999999385,0.1966424261900132,2.195165326651468,0.04815873811902199,0.19760430621550626,0.021900953169848192,2.384752155434974,,2.0471557553728856,1.8060367935685977,0.7573268314078451,1.9231663504804513,1.0,CONTIGUOUS,4096,0.2719989761710167,1.0,5,True,3.223993246499522,1.8611743282526731,3,2.076833649519549,0.006585418385246828,0.02190281855369487,0.0,9
-0.0495084547830923,,0.09981473979457932,inf,,21.2306166478687,2.3619059951405315,2.119128476385478,False,False,0.9554139683418907,0.0,2.4782464249833103,2.868018945970709,0.46678043398186225,0.6322333291172981,KINETIC_DEC_FLOOR_NO_SPIN,0.02906386647373438,1.0,1.0,529886,0.004999999999999863,0.16068580475137983,2.119128476385478,0.024124293378302422,0.16094257263156242,0.009978669664172414,3.2990863670553683,,2.249222318942769,2.820922229116505,0.8550616489723325,1.9128158509027995,1.0,CONTIGUOUS,4096,0.20631262548267842,1.0,3,True,6.206523981813388,1.822997948154807,1,2.0871841490972005,0.005658115974486871,0.009978719669408876,0.0,4
-0.10170443400275242,,0.08037519470479251,inf,,28.40836855983484,2.7689424075325983,2.2833281542422315,False,False,0.987078155997675,0.0,1.5766695747525359,1.4016874009591855,0.4203771518264585,0.839760448227569,KINETIC_DEC_FLOOR_NO_SPIN,0.31808727560564876,1.0,1.0,563846,0.004999999999999903,0.19758781170753556,2.2833281542422315,0.045501596403909834,0.19767575652753916,0.017308015964363342,2.459908314325785,,2.0860598809385746,2.237817226314852,0.9097157049644738,1.9743232860477704,1.0,CONTIGUOUS,4096,0.3090048681944609,1.0,1,True,2.8671240772833277,1.3229770492762327,1,2.0256767139522296,0.006834610845010424,0.017308142398433396,0.0,2
-0.13049656255077283,,0.06295582032294705,inf,,35.27599436766512,2.5416164405017754,2.2208291631240176,False,False,0.9406252038860694,0.0,1.0,1.0,0.4519476304844598,0.6605530589115725,KINETIC_DEC_FLOOR_NO_SPIN,0.011134926695376635,1.0,1.0,574094,0.005000000000000001,0.21624850484227007,2.2208291631240176,0.059734512481524164,0.2162988031538829,0.017403023424377446,2.586135190823966,,1.9457847184002952,2.0997292754904335,0.8119178312644363,1.8847757741857096,1.0,CONTIGUOUS,4096,0.3360533889383078,1.0,0,True,2.785652443205606,1.9629339687526226,1,2.1152242258142904,0.006007912564265708,0.017403392932445895,0.0,1
-0.13275537457326114,,0.12377036605125274,inf,,17.7611189043413,2.95114757534129,2.1983001882701476,False,False,0.9888731655171141,0.0,2.0058378726893804,5.535872348040115,0.40456605092852915,0.7840108526870608,KINETIC_DEC_FLOOR_NO_SPIN,0.251343731302768,1.0,1.0,597590,0.005000000000000262,0.2634005051708432,2.1983001882701476,0.06184133735812919,0.2648157873606714,0.027506154018188057,1.92827385412452,,1.8166556190218894,1.7547880514360812,0.9100305165071041,1.9778701374798378,1.0,CONTIGUOUS,4096,0.22043005079030992,1.0,5,True,2.2672431315254995,1.7862966023385525,3,2.0221298625201625,0.007297126732660207,0.027508817019379656,0.0,9
-0.08686865480925099,,0.08455963218773523,inf,,26.47132260740405,2.2103513820349505,2.2384053032049667,False,False,0.9572464994341136,0.0,2.304167821436261,4.855186393961571,0.48282394205474327,0.6901666019111872,KINETIC_DEC_FLOOR_NO_SPIN,0.14267922565340996,1.0,1.0,626958,0.005000000000000076,0.2097488027909073,2.2384053032049667,0.03960614059253406,0.21057678434137742,0.017586716395362433,2.521143379512361,,1.9956766641619244,2.157063602598282,0.8555894203111529,1.9163208606788644,1.0,CONTIGUOUS,4096,0.3220844425261021,1.0,5,True,5.21106486135677,1.2863136567175388,2,2.0836791393211356,0.005303962928656782,0.017587096656143594,0.0,8
-0.03987040395043908,,0.050284015401844025,inf,,43.90802908046499,2.567468236904133,2.207872010546717,False,False,0.9529527831845918,0.0,1.2184032900561341,2.257661770903553,0.4467193776091339,0.6968812229162626,KINETIC_DEC_FLOOR_NO_SPIN,0.16779578290879726,1.0,1.0,657490,0.00500000000000007,0.09499414927162803,2.207872010546717,0.018519560565424406,0.09517503193424119,0.004570910649180715,4.682366009958591,,2.9219007532097248,4.205367014281288,0.8981286395248026,1.9081190069792595,1.0,CONTIGUOUS,4096,0.2997530035674572,1.0,1,True,0.5754118034569771,1.7761074472218752,2,2.0918809930207405,0.006136745458920044,0.004571268027854387,0.0,5
-0.12719612986206277,,0.08501396798691152,inf,,23.5974537191813,1.5551752772193952,2.006113175055105,False,False,0.8633650370831601,0.0,2.145167249514063,2.0581042965943874,0.5888345550253011,0.495420162172136,KINETIC_DEC_FLOOR_NO_SPIN,0.020618336275219917,1.0,1.0,679638,0.004999999999999995,0.31449167262924904,2.006113175055105,0.06430944581193246,0.31471930397988673,0.028239937133511927,1.957474675991471,,1.6468125281376271,1.7258180798656622,0.8816553802881391,1.7453991872576065,1.0,CONTIGUOUS,4096,0.2607139877974987,1.0,2,True,5.956274915466727,1.3937045391649008,1,2.2546008127423933,0.0034488927450703646,0.028239880326013798,0.0,3
-0.1540189976195002,,0.06286858855497321,inf,,36.212329644459885,2.7707456539804722,2.276618053034608,False,False,0.9718196346471086,0.0,2.1609859828975075,2.067788611274912,0.42377878969756977,0.7417131382972002,KINETIC_DEC_FLOOR_NO_SPIN,0.4257998038083315,1.0,1.0,681846,0.0049999999999997624,0.2507733020250863,2.276618053034608,0.06878934395126787,0.2508914590614583,0.03389436889477778,1.7057425379338838,,1.8841080857702759,1.5192840021444414,0.890687761111185,1.9444334022856395,1.0,CONTIGUOUS,4096,0.33218465074896814,1.0,2,True,2.5379523360618985,1.7911693677306175,1,2.0555665977143605,0.006739615386486044,0.033894507625547625,0.0,3
-0.08047809058397472,,0.058082998075093206,inf,,34.537420488246575,1.6104638394138484,2.0060369277375103,False,False,0.890368279780727,0.0,1.8972092390371238,1.9659208469913276,0.5752687238950227,0.5447590458226446,KINETIC_DEC_FLOOR_NO_SPIN,0.05949046416208148,1.0,1.0,685966,0.0049999999999996506,0.19418555767768259,2.0060369277375103,0.040723040938924204,0.19433338190078453,0.017725296226141135,2.638283362578049,,2.0393966786440423,2.0024462956430202,0.7589959153160454,1.7927556736396908,1.0,CONTIGUOUS,4096,0.21328125409781934,1.0,2,True,3.994490612030357,1.1635308749973774,1,2.207244326360309,0.0036481322438587094,0.01772533412658492,0.0,3
-0.08742138824350723,,0.0821082300532249,inf,,24.561199957164362,1.8688703521981196,2.016676656466109,False,False,0.8654089813558385,0.0,1.9753821914671799,5.456783144772993,0.5436519069756127,0.49893384170486044,KINETIC_DEC_FLOOR_NO_SPIN,0.18257383536547422,1.0,1.0,776710,0.0050000000000000365,0.21653248049156856,2.016676656466109,0.04412359613315828,0.21801807185945205,0.018389253543550695,2.4267623842129638,,1.9734915664004693,2.144987180587105,0.8838884245697409,1.7489327050113501,1.0,CONTIGUOUS,4096,0.26774395145475866,1.0,5,True,5.353517685511545,1.9967950768768787,3,2.25106729498865,0.0041510761503191895,0.018389855443320946,0.0,9
-0.09189194406769312,,0.060817258540791314,inf,,33.82805430899281,1.4247927758799706,2.0573295248419456,False,False,0.9197484315438197,0.0,2.5731472335215115,2.8696014279933,0.5988764982376215,0.6074916272578588,KINETIC_DEC_FLOOR_NO_SPIN,0.1652365238405764,1.0,1.0,833478,0.005000000000000034,0.23631173833177033,2.0573295248419456,0.045289873311660525,0.2365485974775538,0.020979139073174738,2.2748575031598834,,1.8977378296505427,2.0009168260094743,0.879578972849995,1.8459371773273163,1.0,CONTIGUOUS,4096,0.21139234751462938,1.0,3,True,1.5439437515459251,0.49943304993212223,1,2.1540628226726835,0.0033072219641955836,0.020979099893035064,0.0,4
-0.14763284064701643,,0.07970901381880932,inf,,27.00262002752664,1.6475178964958204,2.1523522129181782,False,False,0.9176744375745767,0.0,2.388472100929679,4.900850053836021,0.5642216432778059,0.6026668568792877,KINETIC_DEC_FLOOR_NO_SPIN,0.003647336270660162,1.0,1.0,865046,0.0050000000000002525,0.34207644050184227,2.1523522129181782,0.0695320783723094,0.3432590613363314,0.03187772070037259,1.8349160109924185,,1.5808827063146422,1.625457913139209,0.8858486728556455,1.8421263733778157,1.0,CONTIGUOUS,4096,0.31022583954036237,1.0,5,True,0.5482957391069126,0.8915860876441002,2,2.1578736266221843,0.003817456861629964,0.031878066746137586,0.0,8
-0.22572559345368765,,0.07471626028195671,inf,,29.46575504679178,2.7389868105107524,2.2015710234804744,False,False,0.9589230104153976,0.0,1.3358154923708316,3.603342316305063,0.42952262936461827,0.7163335407633267,KINETIC_DEC_FLOOR_NO_SPIN,0.19467773800715804,1.0,1.0,882696,0.0049999999999997815,0.3355685993360337,2.2015710234804744,0.10413247604326556,0.3362972908169838,0.0432896102997703,1.533550947098461,,1.6211857355501,1.3493692737814311,0.8798985624406487,1.9195333399041288,1.0,CONTIGUOUS,4096,0.28203768357634545,1.0,2,True,2.376736943856567,1.9040860421955585,3,2.0804666600958712,0.006582626059445116,0.04329531468427359,0.0,6
-0.05292049463785495,,0.055755581632953036,inf,,38.01857941080199,2.2660026716449213,2.119748007907878,False,False,0.9403446905952879,0.0,1.8116732101282587,3.278056763392465,0.4804406743857724,0.6597767455489671,KINETIC_DEC_FLOOR_NO_SPIN,0.38561968551948667,1.0,1.0,885406,0.005000000000000249,0.12375507498416807,2.119748007907878,0.02550292295504777,0.12410789924021154,0.010339484620831143,3.352849516155808,,2.576787104056475,2.738274498875973,0.8167006856948138,1.8842481371307478,1.0,CONTIGUOUS,4096,0.23549987077713014,1.0,3,True,4.209234241124469,1.5502510126680136,2,2.115751862869252,0.00535507663117904,0.010339761855987081,0.0,7
-0.07078230743754699,,0.06855928962254564,inf,,31.32044567344653,2.3777119724074076,2.147307506033027,False,False,0.9433357882546262,0.0,1.5529260366348998,1.3513392855923352,0.46783572619433106,0.6681602938194058,KINETIC_DEC_FLOOR_NO_SPIN,0.22600496700033545,1.0,1.0,929006,0.004999999999999971,0.1556626075404321,2.147307506033027,0.03366389809907223,0.1557436170722442,0.012264906437995469,3.046485109356035,,2.303126670566226,2.5440325051504336,0.8350713736750186,1.8898824094019768,1.0,CONTIGUOUS,4096,0.2574250966310501,1.0,1,True,0.7339208206223536,1.6687127277255058,1,2.110117590598023,0.005634074572435329,0.012265008365677467,0.0,2
-0.13769832710138402,,0.10368987247202946,inf,,23.110053782491573,2.6031458174733046,2.3962785295282933,False,False,0.9896822836394422,0.0,2.1866128380699097,2.0841492583881838,0.43481136146735005,0.856720631456519,KINETIC_DEC_FLOOR_NO_SPIN,0.10101138660684228,1.0,1.0,947430,0.0050000000000001285,0.2872616769870497,2.3962785295282933,0.058634208148790425,0.28748800790134027,0.025714088661808587,2.021236410164207,,1.7303051596448424,1.8305970220780905,0.9056817959900946,1.9794710225497814,1.0,CONTIGUOUS,4096,0.4168075069785118,1.0,2,True,0.5960753223697669,1.0590291861444712,1,2.0205289774502186,0.0064417433417812385,0.02571420040836522,0.0,3
-0.13209698691808508,,0.05153459158355206,inf,,39.31678884410056,1.6128983231563256,2.026174655457478,False,False,0.8983982520722784,0.0,1.8411507837299887,3.3296554964832787,0.573316588510809,0.42537800688296556,KINETIC_DEC_FLOOR_NO_SPIN,0.1995642059482634,1.0,1.0,958678,0.005000000000000069,0.26554354021173693,2.026174655457478,0.06599072923990545,0.26608645623588834,0.029620274651073145,1.9363045819802895,,1.7983437682053804,1.6330217123053492,0.8433702670037747,1.8071194193265252,1.0,CONTIGUOUS,4096,0.21905523613095285,1.0,3,True,4.294071201210099,1.9845630303025246,2,2.192880580673475,0.003677579019512807,0.02962046308118288,0.0,7
-0.0273130644224223,,0.053605562942467724,inf,,35.67640393883266,1.4690537820991143,1.9124537169039975,False,False,0.8375822877669707,0.0,2.426772553626102,4.92980092365595,0.6070226271000654,0.45368881466782385,KINETIC_DEC_FLOOR_NO_SPIN,0.06466258596628904,1.0,1.0,980274,0.005000000000000117,0.11221605930618198,1.9124537169039975,0.01463019884850357,0.11308992791548461,0.005364875085784429,4.313036340702339,,2.6806757355631157,3.883289328145977,0.9003609108272941,1.7015440887809525,1.0,CONTIGUOUS,4096,0.21090962812304498,1.0,5,True,2.7498248596886583,1.536476630717516,2,2.2984559112190475,0.0031957406164035466,0.0053648342938537276,0.0,8
-0.15182647031292654,,0.06856298948454145,inf,,31.827719781219354,1.899249654539666,2.1822036166766745,False,False,0.9709956022617408,0.0,1.3362361898870285,3.6146492859390884,0.5173573973216073,0.5226922715082765,KINETIC_DEC_FLOOR_NO_SPIN,0.049873268231749535,1.0,1.0,993126,0.004999999999999977,0.2863874150110958,2.1822036166766745,0.0705567433022083,0.2873437998650117,0.02465363739542596,2.088407694680601,,1.7222561510447778,1.8572143421376746,0.8892968297656626,1.9428324596116406,1.0,CONTIGUOUS,4096,0.23937115706503392,1.0,2,True,4.648657978304072,1.6907580066472292,3,2.0571675403883596,0.0046161764106514135,0.024655153468795425,0.0,6
-0.05923252804526339,,0.0702134691688533,inf,,34.17412121219063,2.7347789641081066,2.3994836061048024,False,False,0.9642500803265721,0.0,2.1849059307085574,2.083041041112902,0.4286931016800906,0.7350060706540635,KINETIC_DEC_FLOOR_NO_SPIN,0.3039425848983228,1.0,1.0,995934,0.005000000000000029,0.1471225393763661,2.3994836061048024,0.025321422913073467,0.14727788258334384,0.010268139037022873,3.212193150972224,,2.3895202791697887,2.905989005319891,0.9046744291950017,1.9297782174098008,1.0,CONTIGUOUS,4096,0.4697053886950016,1.0,2,True,2.803906723295357,1.7909787576645613,1,2.070221782590199,0.006605038617375575,0.01026816173337869,0.0,3
-0.04018256241726314,,0.03448002439301113,inf,,63.91011179010667,2.6420140680205457,2.203622213482946,False,False,0.9680806489926763,0.0,1.0000000000000007,1.0,0.43625466710425786,0.7475371919572353,KINETIC_DEC_FLOOR_NO_SPIN,0.5249911746941507,1.0,1.0,1023762,0.004999999999999999,0.07807262819868785,2.203622213482946,0.01862746839854028,0.07809771803990298,0.004692891117638726,4.758101267599882,,3.2445649988700986,4.198485481834046,0.882386743305251,1.9371801429540814,1.0,CONTIGUOUS,4096,0.26644207052886487,1.0,0,True,1.5936383062778847,1.5971109885722399,1,2.062819857045919,0.006403889459848586,0.004693012095240553,0.0,1
-0.19622203998828547,,0.1338454546155545,inf,,17.463751544986962,3.004936924051503,2.3374437648318724,False,False,0.9878534442512319,0.0,1.9944231469883311,5.505755903504916,0.40047560288106915,0.8446115426391707,KINETIC_DEC_FLOOR_NO_SPIN,0.07949788263067603,1.0,1.0,1044534,0.0049999999999999975,0.35766606932748707,2.3374437648318724,0.08572201427076295,0.35950680442668004,0.038521314615050456,1.63623885981091,,1.55901601967551,1.4726956241277862,0.9000492900516838,1.9758544273190217,1.0,CONTIGUOUS,4096,0.3615893375128508,1.0,5,True,1.2019035099569457,1.5819194987416267,3,2.024145572680978,0.007422729285402703,0.03852532965645129,0.0,9
-0.21269864534513547,,0.1732592781810616,inf,,24.215143419837567,3.1512955463196453,4.19549826997194,False,False,0.7448755217622967,0.8132266992805526,1.218416006055104,2.2568963914952764,0.6447086887153639,0.38303266530268715,KINETIC_DEC_FLOOR_WITH_SPIN,0.02335443813353777,1.0,1.0,8590,0.005000000000000029,0.2250042877083559,4.1954982699719405,0.05141506326686414,0.22524462077260524,0.01538565224840969,2.632532536953293,,1.9270972265603377,2.360412759148447,0.8966319413017482,1.6175920230624095,2.4344853153452277,CONTIGUOUS,4096,0.257494243606925,1.0,1,True,3.055640639789129,1.761859055608511,2,5.799937235015896,0.0027166634901618562,0.015385726878221337,1.4344853153452277,5
-0.8088629713089137,,0.5293499218841319,inf,,12.846541048662344,6.5760661376835055,6.800315500590705,False,False,0.15437739526247607,0.9413598401276395,1.88034080793981,3.4042570959362513,0.5775229425268054,0.4665216114372015,KINETIC_DEC_FLOOR_WITH_SPIN,0.06460019527003169,1.0,1.0,43560,0.0050000000000003115,0.43235424421840857,6.800315500590705,0.12066020903700941,0.43306479159131517,0.05689690594141748,1.3312819384856658,,1.4304962413059354,1.1744410556020235,0.8821880787611008,1.664801779082243,3.8956420868635178,CONTIGUOUS,4096,0.3148436237126589,1.0,3,True,1.3010897829033383,1.95358806848526,2,9.097096470576025,0.0036143763886386055,0.056897606879591334,2.8956420868635178,7
-0.33526365587644363,,0.28063915924856886,inf,,13.797271903703887,3.2971891778805436,3.8720547869793602,False,False,0.6697481553959661,0.9333573979670182,2.161311792946423,2.0679945382886733,0.6024111672093319,0.46491534721488587,KINETIC_DEC_FLOOR_WITH_SPIN,0.04323648288846016,1.0,1.0,44470,0.004999999999999729,0.3782616746471625,3.8720547869793602,0.0879157839638568,0.3784992730429384,0.04067228618229428,1.6024121176662192,,1.5173621991207362,1.4275542943862771,0.8908783693332225,1.6771355005118378,2.178086188621819,CONTIGUOUS,4096,0.21910911686718465,1.0,2,True,5.090961288320869,1.5789434127509594,1,5.0593990843751,0.003258479043552019,0.0406723596893594,1.178086188621819,3
-0.2215795937401031,,0.2060378511029775,inf,,15.372779827734023,2.765966334154483,3.167374521185519,False,False,0.4794711692030542,0.9842655872628093,2.4124505818648094,4.918788296114876,0.6175981388402774,0.44743210889772655,KINETIC_DEC_FLOOR_WITH_SPIN,0.15768925845623016,1.0,1.0,69110,0.005000000000000018,0.31197094274845094,3.167374521185519,0.07105512373531297,0.3128802189874543,0.03391208250547666,1.7482569002913553,,1.6707493900351769,1.5647339685584372,0.8950251924060285,1.5725140123436094,1.8646275606006384,CONTIGUOUS,4096,0.23522155433893205,1.0,5,True,0.7978216616403025,1.7428227066993713,2,4.5263572755559665,0.0030553999229046514,0.03391215500138271,0.8646275606006384,8
-0.7686227181422151,,0.470186994470155,inf,,13.929983879203176,7.465423417518491,6.549697253180251,False,False,0.521593937738333,0.9889266725219786,2.0995981973510776,2.032081342897772,0.4988369069927389,0.6420134333891593,KINETIC_DEC_FLOOR_WITH_SPIN,0.0661312728188932,1.0,1.0,130920,0.004999999999999942,0.4298171421840189,6.549697253180252,0.11926636671021335,0.430014127146188,0.05920390108843978,1.323108689377749,,1.4334644667940384,1.1331876341390963,0.8564584627375007,1.768059284847782,3.3628377309069037,CONTIGUOUS,4096,0.6040007796138525,1.0,2,True,2.918346614839048,1.6897769253700972,1,7.5056544500612175,0.004973199517237045,0.05920385027487221,2.3628377309069037,3
-0.4541191254571482,,0.4590553077287726,inf,,15.591147896167042,8.069177673239745,7.157199195319769,False,False,0.7440927358292975,0.9824893829058856,2.090997738383731,2.901821094563302,0.4958547127087288,0.6562896026298404,KINETIC_DEC_FLOOR_WITH_SPIN,0.05685386108234525,1.0,1.0,184294,0.004999999999999991,0.26953718384933545,7.157199195319768,0.06474798908019015,0.26970743281169257,0.03167139037708509,2.001960164147609,,1.7512575011564653,1.481795539627079,0.7401723401714116,1.8551498197046594,3.7373157115653157,CONTIGUOUS,4096,0.22391862682998181,1.0,3,True,3.5661996697306337,1.4346840512007475,1,8.015982277771476,0.005033180834004497,0.031671511404807756,2.7373157115653157,4
-0.15211603911537522,,0.26728979241995793,inf,,18.281960437119444,5.5402383108051065,4.8865814102675404,False,False,0.32356514076516035,0.9987890133149921,2.392205941358094,2.8710199732714314,0.5284679624223889,0.5938506796956062,KINETIC_DEC_FLOOR_WITH_SPIN,0.22413614485412836,1.0,1.0,273486,0.0049999999999999056,0.17162704687218405,4.88658141026754,0.03194814253409721,0.17181515848146459,0.014497888683299287,2.8110049347498034,,2.1994280138501723,2.3394263710522774,0.8322384433168918,1.665427109749552,2.688179093413055,CONTIGUOUS,4096,0.40961507223546506,1.0,3,True,2.623753394271799,1.8050804045051336,1,6.275750035620145,0.00441400492320405,0.014497870611173953,1.688179093413055,4
-0.09089923202340146,,0.1861103652650848,inf,,19.762816466204292,3.7644854596547574,3.6780649911921133,False,False,0.9201717269704678,0.9665331310657784,2.1972819748529724,2.091233150207575,0.5005804591328161,0.6685830118411882,KINETIC_DEC_FLOOR_WITH_SPIN,0.03157057100906968,1.0,1.0,287966,0.005000000000000203,0.17044053674554854,3.6780649911921133,0.025472652897214197,0.17066535293311816,0.009541457046632272,3.2861961899359717,,2.201838421022231,2.997335562689091,0.9120987882185728,1.8856629315748692,1.8026427468284965,CONTIGUOUS,4096,0.2788883846253157,1.0,2,True,3.092050019974529,1.2378306742757559,1,3.8113943807471884,0.004938462257632854,0.009541508555584569,0.8026427468284965,3
-0.5774415303185021,,0.3434641643368225,inf,,20.020358242474373,7.6338528750337185,6.8762756134752765,False,False,0.744819623686839,0.9491756783667952,2.143984619323214,4.829396525756309,0.49972112853710127,0.5846623953017356,KINETIC_DEC_FLOOR_WITH_SPIN,0.20043895673006773,1.0,1.0,289974,0.005000000000000219,0.30952872129688763,6.8762756134752765,0.08532629845423398,0.310135394166152,0.04352030354016218,1.6084295016226648,,1.6746252095992897,1.2905815704928727,0.8023861594125629,1.80215300156892,3.5044852811843157,CONTIGUOUS,4096,0.5606569450348615,1.0,5,True,1.353007662977151,1.9236027784645557,2,7.702322456296848,0.004955552639056841,0.04352118269000595,2.5044852811843157,8
-0.22845317178165325,,0.21795986294341813,inf,,23.48006752218924,5.389039463348863,5.117712299038569,False,False,0.8880224940101616,0.9078538804706187,1.5611552992665736,1.3674345209630425,0.5190532355867649,0.565623212374174,KINETIC_DEC_FLOOR_WITH_SPIN,0.3273917678743601,1.0,1.0,322438,0.00500000000000009,0.18794046642440687,5.11771229903857,0.04548772238953148,0.18802469956204626,0.017955810647593568,2.4854856018560123,,2.1277053764061242,2.132023766720549,0.8577896267548204,1.8109331675490663,2.684762462042272,CONTIGUOUS,4096,0.25578690953552724,1.0,1,True,6.03257887335285,1.7378402631729841,1,5.877124458666046,0.004584758670035079,0.01795588445682618,1.684762462042272,2
-0.2723781807989085,,0.2730585162345772,inf,,15.705739846983324,3.4343982787367335,4.288586018983542,False,False,0.5455033841049299,0.9518712804727256,2.424578229078579,4.928028793850082,0.6176638301365072,0.4714604213846341,KINETIC_DEC_FLOOR_WITH_SPIN,0.055401123594492674,1.0,1.0,328534,0.005000000000000424,0.3187214344403664,4.288586018983542,0.06454623100779089,0.31983904846904004,0.029558421836384314,1.889451024513175,,1.641141105102295,1.6995894178372695,0.8995149362366647,1.6519087362395592,2.3941944427788258,CONTIGUOUS,4096,0.3335953027009964,1.0,5,True,0.324710519873653,1.390699239447713,2,5.621787054832757,0.0030545431952854543,0.029558527684624473,1.3941944427788258,8
-0.24778246977058296,,0.2672167567067106,inf,,18.697514547550835,4.968840525117652,4.996289195873073,False,False,0.19910961611894892,0.9821778386039659,1.8152279093141128,3.2837623980795727,0.5762351158473377,0.5285896752029657,KINETIC_DEC_FLOOR_WITH_SPIN,0.24809624813497066,1.0,1.0,347078,0.005000000000000077,0.21236164200896412,4.996289195873073,0.05049337146540482,0.21281034077568847,0.022195030951524336,2.2821467305206196,,1.9941051360097046,1.8705732292022907,0.8196551098953933,1.6462278225167517,2.9048258289694786,CONTIGUOUS,4096,0.21428409665822984,1.0,3,True,0.6418898614034986,1.5898300874978304,2,6.837298216663071,0.0036336286407752205,0.022194735485971187,1.9048258289694786,7
-0.10800980443864226,,0.14210318508390574,inf,,20.89740390494043,2.2557187415771445,2.969587654876884,False,False,0.9180976058281959,0.4903727390058339,2.444673693433803,4.944714288074923,0.6431677532854392,0.40593396688150973,KINETIC_DEC_FLOOR_WITH_SPIN,0.1512285894714296,1.0,1.0,385038,0.005000000000000165,0.21169808522718703,2.969587654876884,0.03702862392139211,0.2126521097110078,0.016030797135550934,2.569004782883766,,1.9965744420732952,2.3308982657656823,0.9073156583029777,1.5922310845857257,1.7126111406832933,CONTIGUOUS,4096,0.242714960873127,1.0,5,True,2.0933340225530563,1.6524408347904682,2,4.123571868729416,0.00273515148199928,0.016030827861250006,0.7126111406832933,8
-0.7303464485818064,,0.3486288993084703,inf,,20.662676608463517,6.539724254309683,7.203606202775512,False,False,0.47245424343645576,0.9472642621099949,2.091860578064578,2.0279534953662575,0.5722479933502345,0.5353342964153973,KINETIC_DEC_FLOOR_WITH_SPIN,0.14548572711646557,1.0,1.0,389576,0.004999999999999494,0.3698988426427042,7.203606202775512,0.10270579049429102,0.3700625355665767,0.05101146955601647,1.429996778236656,,1.5443332677156811,1.2187661995101589,0.852285975785926,1.7239940553207043,3.889418230392039,CONTIGUOUS,4096,0.49827229492366315,1.0,2,True,2.242318857855172,1.4168742261826992,1,8.852339013716307,0.0036937832160385104,0.05101161729750104,2.889418230392039,3
-0.3305885475947189,,0.3694678353087519,inf,,20.531739585498737,8.931549095042733,7.585817379777228,False,False,0.8970104616498575,0.9252957364032045,1.9833291660188301,5.477043016185452,0.4805265788707919,0.6045241944882906,KINETIC_DEC_FLOOR_WITH_SPIN,0.40904560033231974,1.0,1.0,416582,0.004999999999999992,0.19341730330034054,7.585817379777229,0.044544066172083716,0.19449661733283086,0.01968119902202899,2.3156577153069517,,2.110543625300849,2.0622483964702045,0.8905670224223287,1.8428436741659755,3.8672267952933908,CONTIGUOUS,4096,0.4591229435056448,1.0,5,True,1.0929843494024316,1.9775970038026571,3,8.342212744901978,0.005353225437999713,0.019682259917824862,2.8672267952933908,9
-0.3744075184539256,,0.3067139893714034,inf,,15.965424679142023,4.024780629193402,4.896819095348308,False,False,0.38834700795635585,0.9396623068638146,2.3015872670023714,4.854225378454878,0.6249461925737069,0.4428995940834284,KINETIC_DEC_FLOOR_WITH_SPIN,0.10555988363921642,1.0,1.0,439158,0.005000000000000183,0.32881722499303845,4.896819095348308,0.07757774110241711,0.32969456994403146,0.037501634349622115,1.7039392071514976,,1.6205060713846113,1.4562482176215195,0.8546362519916147,1.6273974113492897,2.8648043256253004,CONTIGUOUS,4096,0.23464395180344583,1.0,5,True,5.156228249054616,1.5446667857468128,2,6.797042158956339,0.0029606853503843667,0.03750095432119313,1.8648043256253004,8
-0.2662341593597945,,0.2522633645279933,inf,,20.641542345463105,4.448702734128654,5.207104921113569,False,False,0.6536834187856876,0.8608139007305726,1.3345889363895505,3.5747583515319326,0.6130167620032805,0.4090534814544366,KINETIC_DEC_FLOOR_WITH_SPIN,0.0649603446945548,1.0,1.0,499470,0.00500000000000016,0.2212611268499381,5.207104921113569,0.05194459259620608,0.222068477877588,0.017393435412818497,2.531370261058041,,1.937759287426182,2.1696140230865346,0.8570907450653613,1.6371804210246481,3.02155754622072,CONTIGUOUS,4096,0.26027006544172765,1.0,2,True,3.5077831037833263,1.962155856192112,3,7.139395329211039,0.0031156019025355315,0.01739393751469448,2.02155754622072,6
-0.2533424938322637,,0.304594437278089,inf,,20.90923908398851,6.314808978640545,6.368837912700505,False,False,0.1950521256136708,0.9378368671322241,1.7895789837900211,5.080787422393942,0.5745909483062546,0.4804068894627564,KINETIC_DEC_FLOOR_WITH_SPIN,0.13021391071379185,1.0,1.0,501454,0.005000000000000228,0.18040826312308253,6.368837912700505,0.040542539891816526,0.18144139956089897,0.01753691753066378,2.6700404468151357,,2.1133655121799775,2.0038617419760114,0.7504986467026175,1.6504583216532869,3.673362486064434,CONTIGUOUS,4096,0.3061062291264534,1.0,5,True,5.012100699689385,1.9279278293251991,3,8.630718260683686,0.0036583334016399086,0.01753740539981076,2.673362486064434,9
-0.48482639120249416,,0.4117557890940757,inf,,14.458517176486197,6.999359308149845,5.953378149134321,False,False,0.7555635799216107,0.9857496106205508,2.148887093211968,2.0603588335959895,0.4701643869564856,0.6635377926980064,KINETIC_DEC_FLOOR_WITH_SPIN,0.10722598806023598,1.0,1.0,517686,0.0050000000000001085,0.3461799716304375,5.953378149134321,0.08305483359941149,0.34639224397257146,0.038922303565039174,1.6393440561423898,,1.5877979049724062,1.4488046531696528,0.8837709495704621,1.8331887601767347,2.8937675477936864,CONTIGUOUS,4096,0.6485560059547424,1.0,2,True,3.581919695869964,1.8120752070099115,1,6.270248047995167,0.00558140543609583,0.038922539813234076,1.8937675477936864,3
-0.10327859108457893,,0.23831665444294686,inf,,18.48898772972602,4.225999137529729,4.406233699785001,False,False,0.9554139683418907,0.7484477692125365,2.4782464249833103,2.868018945970709,0.5698275219743523,0.4860092746320212,KINETIC_DEC_FLOOR_WITH_SPIN,0.02906386647373438,1.0,1.0,529886,0.004999999999999863,0.16068580475137983,4.406233699785001,0.024124293378302422,0.16094257263156242,0.009978669664172414,3.2990863670553683,,2.249222318942769,2.820922229116505,0.8550616489723325,1.7031796861056883,2.465929524973035,CONTIGUOUS,4096,0.20631262548267842,1.0,3,True,6.206523981813388,1.822997948154807,1,5.663797025589817,0.003730712028022957,0.009978678221338144,1.4659295249730349,4
-0.4299382276963431,,0.2867041768644422,inf,,21.452055198224627,4.979743540918704,6.15039382765757,False,False,0.5694793797489256,0.9249380028275773,1.5510127562566711,1.347748011008779,0.6125843746140699,0.49261168429505986,KINETIC_DEC_FLOOR_WITH_SPIN,0.10175462672486901,1.0,1.0,532950,0.004999999999999999,0.27906715600992643,6.150393827657571,0.0708626106982253,0.279181608939437,0.028914122616904438,1.9865345235362533,,1.7440675946045325,1.649081135014064,0.8301296128891409,1.702515652454469,3.472039853222668,CONTIGUOUS,4096,0.23919163160026075,1.0,1,True,1.007821685235634,1.2089895252138376,1,7.9769572168333625,0.0031213302300346175,0.02891417747182498,2.472039853222668,2
-0.5407959551430687,,0.5673522540910201,inf,,12.77368722856415,7.6106223932127595,7.247180242179546,False,False,0.2708232234213501,0.9914650087337941,1.8441106584360363,3.3350797095367333,0.5383287293140587,0.6614037573145113,KINETIC_DEC_FLOOR_WITH_SPIN,0.07519209617748857,1.0,1.0,622998,0.005000000000000141,0.31559107735018693,7.247180242179546,0.07605184140619256,0.31622255474774447,0.03362219006577225,1.8199057724833743,,1.6461278297411592,1.539957470564951,0.8461742876190692,1.7554144810877286,3.9969423543661833,CONTIGUOUS,4096,0.23088975325226785,1.0,3,True,4.88139269682213,1.123479237779975,2,8.971478928537454,0.00424156510528251,0.03362252201308747,2.9969423543661833,7
-0.17774278942642988,,0.16154650565406833,inf,,22.988588297171137,3.5520479646525183,3.713726109328006,False,False,0.5352347370656207,0.9752843939736485,1.5341170277408558,1.317964862935066,0.5824802422338059,0.48531927413786,KINETIC_DEC_FLOOR_WITH_SPIN,0.1849199328571558,1.0,1.0,672646,0.004999999999999748,0.1978615993140958,3.713726109328006,0.04865168053156498,0.19794790321811495,0.01944724121972498,2.484376124100876,,2.0468663593205982,1.9644520096272982,0.790722463708371,1.6381670425125971,2.1235675858333707,CONTIGUOUS,4096,0.23496767766773702,1.0,1,True,2.9252650177611565,1.8083878085017204,1,5.015511911673214,0.003541062235726515,0.019447216382728914,1.1235675858333707,2
-0.8539059706991046,,0.36087926540853965,inf,,16.76063282463452,7.196462377993826,6.048564861536362,False,False,0.9540238998634741,0.9373777972022072,1.3356203783675906,3.598401959541865,0.4638143564953817,0.6680053188250942,KINETIC_DEC_FLOOR_WITH_SPIN,0.03693378763273358,1.0,1.0,759400,0.005000000000000015,0.45413577842003866,6.048564861536362,0.1433583138065514,0.45507084288046196,0.060342332424854137,1.297506721817827,,1.3947905434924135,1.136435767276492,0.8758611791115255,1.889252992601275,2.9770130310207605,CONTIGUOUS,4096,0.4242340836673975,1.0,2,True,0.3020238730323214,1.7294955253601074,3,6.283721346214079,0.00572627427402523,0.060348180148786006,1.9770130310207605,6
-0.13452817279138696,,0.14936259918326403,inf,,20.78314853498409,2.756877944003577,3.1042250843970693,False,False,0.8654089813558385,0.773604413590394,1.9753821914671799,5.456783144772993,0.5820004882558479,0.4452438964959953,KINETIC_DEC_FLOOR_WITH_SPIN,0.18257383536547422,1.0,1.0,776710,0.0050000000000000365,0.21653248049156856,3.10422508439707,0.04412359613315828,0.21801807185945205,0.018389253543550695,2.4267623842129638,,1.9734915664004693,2.144987180587105,0.8838884245697409,1.688008844597319,1.680371013469994,CONTIGUOUS,4096,0.26774395145475866,1.0,5,True,5.353517685511545,1.9967950768768787,3,3.8850029209376653,0.003548102794396608,0.01838968968468736,0.6803710134699941,9
-0.20719648706583868,,0.18924966982960562,inf,,20.111822164307174,2.963952213919538,3.8061557042668763,False,False,0.33526306704524905,0.9169429293656721,1.7666370783310212,3.2044474766284576,0.6580883248505999,0.36927610692936186,KINETIC_DEC_FLOOR_WITH_SPIN,0.01189730130136013,1.0,1.0,779206,0.005000000000000131,0.24596604195805,3.8061557042668768,0.055232570512462095,0.24653647201915327,0.02345001053046852,2.2770220496138474,,1.82461295915537,1.7717042846119826,0.7780795468855649,1.5300341194373202,2.3439501356333494,CONTIGUOUS,4096,0.21983202248811723,1.0,3,True,3.7493055829068873,1.894264418631792,2,5.789476860754639,0.00255977550753448,0.023450152643783393,1.3439501356333494,7
-0.28225343752118437,,0.35808445227826596,inf,,20.06178913391374,5.4035494215774165,7.183814773739569,False,False,0.7177809623791837,0.833315087554045,2.4013017875176574,4.910335305329412,0.6312254324924311,0.4112355437227657,KINETIC_DEC_FLOOR_WITH_SPIN,0.05870857369154692,1.0,1.0,823686,0.0050000000000001215,0.23127662846646696,7.183814773739569,0.03999810291406782,0.23239924720131871,0.017199264925488827,2.501261606748602,,1.9022071496931998,2.22809055428889,0.8907866927143187,1.6494898910126048,3.9890470625832677,CONTIGUOUS,4096,0.6039219692349433,1.0,5,True,3.252359508936783,1.6444777119904757,2,9.376295445828445,0.0028814948573221057,0.01719918241358832,2.9890470625832677,8
-0.329954649912205,,0.2572196692663026,inf,,29.624732513861577,8.503018412643103,7.620063899318156,False,False,0.9349535033605062,0.9541672125477344,1.218756120225442,2.2219128702275093,0.4622579377110289,0.6214843057096004,KINETIC_DEC_FLOOR_WITH_SPIN,0.06111370772123337,1.0,1.0,834350,0.005000000000000052,0.18496919122099395,7.620063899318155,0.0441422743175387,0.1851856342248713,0.013609098476627036,2.8835568516535037,,2.1036779227511935,2.4053214559238794,0.8341508697997779,1.900104408368689,3.5135230543091893,CONTIGUOUS,4096,0.9440032549202442,1.0,1,True,0.6689886867269168,1.9939332399517298,2,7.378031572838847,0.0057623895538381174,0.013609838859701885,2.5135230543091893,5
-0.21225749765816707,,0.2514770429777374,inf,,29.49327287844173,8.502198815345999,7.416881051206027,False,False,0.819630203881301,0.9581287896567956,1.0,1.0,0.4895106294920985,0.6389674625696808,KINETIC_DEC_FLOOR_WITH_SPIN,0.11352351307868958,1.0,1.0,846014,0.005000000000000001,0.1241194244658189,7.416881051206027,0.02926319833598825,0.1241539228926236,0.007128017678504611,3.863103588006824,,2.556820327913467,3.3348031687472948,0.8632445630244912,1.8538306073342619,3.836342371068895,CONTIGUOUS,4096,0.30495214350521566,1.0,0,True,3.8188516433908863,1.6146171241998672,1,8.233440576574768,0.005163211379417667,0.0071281353080403865,2.836342371068895,1
-0.4258706199524788,,0.5128010464407071,inf,,12.212335531548002,6.5148802651371795,6.262498440062845,False,False,0.9176744375745767,0.9832781769828871,2.388472100929679,4.900850053836021,0.49333207464239986,0.7482323444010023,KINETIC_DEC_FLOOR_WITH_SPIN,0.003647336270660162,1.0,1.0,865046,0.0050000000000002525,0.34207644050184227,6.262498440062845,0.0695320783723094,0.3432590613363314,0.03187772070037259,1.8349160109924185,,1.5808827063146422,1.625457913139209,0.8858486728556455,1.9264732868335328,3.0897249607369304,CONTIGUOUS,4096,0.31022583954036237,1.0,5,True,0.5482957391069126,0.8915860876441002,2,6.40662724242524,0.005084485189020445,0.03187834838291229,2.0897249607369304,8
-0.5945160695583223,,0.2570983491846103,inf,,23.802344280009674,6.318670040739118,6.119543421114238,False,False,0.6922767044869252,0.9434611929673702,1.2187409649249672,2.2307698460179006,0.5327259313859761,0.5487099133067318,KINETIC_DEC_FLOOR_WITH_SPIN,0.1832941872999072,1.0,1.0,888630,0.004999999999999935,0.312795011262078,6.119543421114238,0.09846769221358612,0.31304385907127136,0.03906054299391124,1.660612291678474,,1.6694657707621952,1.409790378044907,0.8489581735059619,1.7639483614777534,3.256478037685156,CONTIGUOUS,4096,0.3752843223512173,1.0,1,True,5.776352826978123,1.7722345180809498,2,7.281653051977602,0.004338760715207912,0.03906070378744826,2.256478037685156,5
-0.24476011604931366,,0.1337575010429978,inf,,35.116253402707706,4.9419667534989955,4.6970623011388515,False,False,0.37924788463860754,0.987503151576966,1.0000000000000002,0.9999999999999999,0.5462984686613532,0.5426337589413534,KINETIC_DEC_FLOOR_WITH_SPIN,0.1596187362447381,1.0,1.0,905166,0.005,0.174836112138122,4.6970623011388515,0.05285345215431293,0.1748600303935014,0.016730749141230804,2.722972944380164,,2.1557756211651777,2.063906142003174,0.7579605762381108,1.6505464952461248,2.56097533646971,CONTIGUOUS,4096,0.4700534351170063,1.0,0,True,4.482228939169418,1.9056652691215277,1,6.0168924798569945,0.0041067434477543244,0.01673091556007247,1.5609753364697099,1
-0.23236257374358318,,0.37025188468288006,inf,,16.87684699856781,5.440782023463549,6.24868440872434,False,False,0.8407766364943237,0.8186474313195795,2.5611215478019003,2.869042888045726,0.589393777145488,0.4353581029175857,KINETIC_DEC_FLOOR_WITH_SPIN,0.035586968064308167,1.0,1.0,914958,0.004999999999999768,0.22762167474404646,6.24868440872434,0.03800972250829156,0.22793210228872193,0.0167075949536852,2.554955167580765,,1.9143878460586905,2.239421372134282,0.8765012398455292,1.6809549663286443,3.409204723313451,CONTIGUOUS,4096,0.5179647978395223,1.0,3,True,5.995065797548382,1.9847846534103155,1,7.906099282368986,0.003440876359595407,0.01670762882613645,2.409204723313451,4
-0.7313743593922457,,0.26437615316159535,inf,,22.969544787663164,5.562836834286036,6.0725998908353604,False,False,0.8295388249973767,0.9246805663593114,1.0,1.0,0.5546655532055097,0.5635318305580246,KINETIC_DEC_FLOOR_WITH_SPIN,0.04889323655515909,1.0,1.0,931976,0.005000000000000002,0.3901047093135376,6.0725998908353604,0.12192976206132214,0.3901605174772806,0.041798109380863854,1.5576480625215725,,1.4991790733887247,1.4202516502016613,0.9117923903185875,1.8026982310268218,3.1890046363696456,CONTIGUOUS,4096,0.3237868741154671,1.0,0,True,5.058327360301063,1.2927441131323576,1,7.007205528758688,0.003969368967026348,0.0417984547334267,2.1890046363696456,1
-0.2935263595907694,,0.2501129313276399,inf,,19.08357554425308,4.556448393471511,4.773049019585598,False,False,0.9965018654330634,0.6565461263973266,1.9288551764311386,5.345294419127478,0.5726526622856647,0.5013582580087059,KINETIC_DEC_FLOOR_WITH_SPIN,0.1746773924678564,1.0,1.0,932310,0.0049999999999999,0.26339273426774185,4.773049019585598,0.062493840659922056,0.26477876179831905,0.028075200241055073,1.9907337308306583,,1.799137966998783,1.6862520664937972,0.8470505323633551,1.6452458902955456,2.6236289562657475,CONTIGUOUS,4096,0.4565342616289854,1.0,5,True,5.172354872793226,1.8187380321323872,3,6.1780010671063765,0.003687639694440582,0.02807593155015036,1.6236289562657475,9
-0.18499174709513885,,0.16326798079480925,inf,,19.69989760177992,3.208430349414434,3.2163625033071126,False,False,0.9896822836394422,0.8545567674245685,2.1866128380699097,2.0841492583881838,0.48865190793272995,0.7357898150762213,KINETIC_DEC_FLOOR_WITH_SPIN,0.10101138660684228,1.0,1.0,947430,0.0050000000000001285,0.2872616769870497,3.216362503307113,0.058634208148790425,0.28748800790134027,0.025714088661808587,2.021236410164207,,1.7303051596448424,1.8305970220780905,0.9056817959900946,1.899337744714268,1.4739637561142445,CONTIGUOUS,4096,0.4168075069785118,1.0,2,True,0.5960753223697669,1.0590291861444712,1,3.0963000281283772,0.0051810714728342195,0.025714124697008647,0.47396375611424446,3
-0.34435683960474334,,0.24061632833647284,inf,,20.536441193634673,3.541949635462009,4.941403077110267,False,False,0.9709956022617408,0.5480377477677539,1.3362361898870285,3.6146492859390884,0.6838777208875221,0.354890373441922,KINETIC_DEC_FLOOR_WITH_SPIN,0.049873268231749535,1.0,1.0,993126,0.004999999999999977,0.2863874150110958,4.941403077110267,0.0705567433022083,0.2873437998650117,0.02465363739542596,2.088407694680601,,1.7222561510447778,1.8572143421376746,0.8892968297656626,1.506145566001411,3.1218973957002163,CONTIGUOUS,4096,0.23937115706503392,1.0,2,True,4.648657978304072,1.6907580066472292,3,7.7855576627556315,0.0022746923142101458,0.024653976016911862,2.1218973957002163,6
-0.5679338364982123,,0.3066091611082902,inf,,15.71722846840239,5.067820230569358,4.819046235644193,False,False,0.03999455599812791,0.998517799613066,1.3354969474891827,3.595688628916835,0.5611503637770177,0.605186401745376,KINETIC_DEC_FLOOR_WITH_SPIN,0.1278225453570485,1.0,1.0,1022152,0.005000000000000273,0.3800631313062209,4.819046235644193,0.11947949917139099,0.38084902109812707,0.05015942192389715,1.4270597393515765,,1.5236490587875011,1.2467667109753002,0.8736611906252801,1.6383967016017755,2.7755832970142365,CONTIGUOUS,4096,0.27153971679508687,1.0,2,True,0.8334756377429475,1.3786204177886248,3,6.55482666920784,0.0038657164302880595,0.050161713528848545,1.7755832970142365,6
-0.28578608535811045,,0.1919474356200213,inf,,17.600625078477634,2.7970849643708773,3.3783948491232185,False,False,0.9878534442512319,0.3160198960052803,1.9944231469883311,5.505755903504916,0.6271574890729217,0.4588465753344662,KINETIC_DEC_FLOOR_WITH_SPIN,0.07949788263067603,1.0,1.0,1044534,0.0049999999999999975,0.35766606932748707,3.3783948491232185,0.08572201427076295,0.35950680442668004,0.038521314615050456,1.63623885981091,,1.55901601967551,1.4726956241277862,0.9000492900516838,1.5499155027953473,1.946432244963944,CONTIGUOUS,4096,0.3615893375128508,1.0,5,True,1.2019035099569457,1.5819194987416267,3,4.768923468245409,0.0029326167456824835,0.03852186363826515,0.946432244963944,9
-0.742607119148721,,1.3158970853411627,inf,,4.637206846345161,9.751945459846167,5.157426824646329,False,False,0.08907657364523038,0.14553915624786168,2.1850656246165916,2.0831454300054744,0.5450030729609824,0.9756512772291899,ELASTIC_CURVATURE_PROXY_WITH_SPIN,0.03120790421962738,6.471759816096372,3.204089924862207,1176,0.005000000000000081,0.5144413387334141,6.1020869732296825,0.14768183453248718,0.5146432083678216,0.07389324716049028,1.1300295885638,,1.3216176069745846,1.0224161501246853,0.9047693622112275,1.0178368579995676,3.960493167862296,CONTIGUOUS,4096,1.8893202971667051,0.5,2,True,2.73029878884086,1.5059192199259996,1,11.810836749343473,0.004128388896912122,0.07389340851818485,2.960493167862296,3
0.03557069440013459,,0.5599513685716624,77.66456619602344,,4.933611568670036,5.218932088101801,2.4581900612044443,False,False,0.06782774370536208,0.16163310506287962,1.0000000000000002,1.0,0.5393433338844665,0.8557416573166847,ELASTIC_CURVATURE_PROXY_WITH_SPIN,0.036456252448260784,2.3020575623959303,2.6187669802457094,3912,0.5299956033762864,0.20894851961642347,2.762582549877773,0.13938635954730777,0.3964977400426364,0.05271321596047185,1.4668239646912895,,1.4774595378629272,1.1826026986755216,0.8062335543613881,1.0157268828982347,2.0700015276670456,CONTIGUOUS,4096,0.6087849773466587,0.5,0,True,5.264549842683783,1.9305143672972918,1,6.177449911376351,0.4477593668415682,0.06002726799196905,1.0700015276670456,1
-0.3777508748330891,,0.7369535573330961,inf,,5.570804932946953,6.9656251378187175,3.730593678907792,False,False,0.3252301361365244,0.2505813594767824,1.5784596659922523,1.4061188781625542,0.5477448027728617,0.9728143820539117,ELASTIC_CURVATURE_PROXY_WITH_SPIN,0.1823946707881987,2.629368819128007,1.3167698622280435,50504,0.005000000000000086,0.35945639727883066,4.105424512544017,0.10400925655694565,0.35956880374706773,0.04536892514225462,1.4593106372529516,,1.5743888598243425,1.3379591744256096,0.9168432959169149,1.0775165876442523,2.9189786165952682,CONTIGUOUS,4096,0.7496616672724485,0.5,1,True,5.458058934977061,1.3754927571862936,1,8.530666588020798,0.004082696859586681,0.04536895458833685,1.9189786165952682,2
-0.42978715908727305,,0.500933311568557,inf,,6.007988736188571,5.39948076910524,2.6026090866668543,False,False,0.04646981312986464,0.05129821023903787,1.7926427494099526,1.9570707573257304,0.5450021733297591,0.9657248863950372,ELASTIC_CURVATURE_PROXY_WITH_SPIN,0.11402810644358397,3.1630048133074258,2.322163232262721,70136,0.00500000000000007,0.4474990042776567,3.0096016934855303,0.16844733248737875,0.4475923321936645,0.09464877465186469,1.0945511614884451,,1.4075679346090064,0.7799939737574584,0.7126153634488583,1.0024151192126478,2.181565851904452,CONTIGUOUS,4096,0.813985213637352,0.5,2,True,4.556487538623867,1.5604765452444553,1,6.539428814110765,0.004128403965078883,0.09464866892036948,1.1815658519044518,3
-1.0388346436337275,,1.0967158410234714,inf,,5.826659846740994,11.224113245153584,6.075336161863094,False,False,0.31932865422172474,0.7890305210519583,1.2181635182444752,2.266818430031262,0.4431141825663437,0.9081814317032695,ELASTIC_CURVATURE_PROXY_WITH_SPIN,0.02080251043662429,2.870120200039703,1.1843425761102369,82328,0.00500000000000005,0.521206547287054,6.39019015417624,0.17500100266189428,0.5215079270588686,0.07260152784146227,1.1354668645294876,,1.3128773708718788,1.0406875183215758,0.9165283028781415,1.4768105560776001,3.5716475630179048,CONTIGUOUS,4096,0.6297079846262932,0.5,1,True,6.057748109729714,1.9834661073982716,2,9.011943428417942,0.006227354473708566,0.0726045871738346,2.5716475630179048,5
0.021079612304483332,,0.6754230697290076,182.59776735658647,,5.6987839415751855,6.34932116302602,3.3199969553074116,False,False,0.26925822752015666,0.13155200957413762,1.0000000000000004,1.0,0.5452105232566935,0.8112172028049827,ELASTIC_CURVATURE_PROXY_WITH_SPIN,0.039821244310587645,1.5766572020947938,2.8107707556337123,100662,0.5262653946074727,0.173624129655688,3.849090143541085,0.11173413319112871,0.3701513151832732,0.03703435300163841,1.6654865214075671,,1.5342918443572908,1.518122123382226,0.9115187087189407,1.0385440186053803,2.5988245019689202,CONTIGUOUS,4096,1.0581863764673471,0.5,0,True,1.1235718773928907,1.9731662571430206,1,7.696304365950753,0.43416006546366437,0.041829851137760075,1.5988245019689202,1
-0.42000160980527323,,0.6897213568755436,inf,,5.208910232190121,5.792466883866334,3.1257924707597997,False,False,0.11784525536838919,0.30926162605918944,1.3357398449621363,3.6014158019077844,0.5428971090948684,0.8566290866583586,ELASTIC_CURVATURE_PROXY_WITH_SPIN,0.024002968333661556,8.315015617446445,1.3511563312681265,139304,0.005000000000000149,0.44821159782201714,3.592696633189073,0.13765810587664304,0.44918811284096233,0.0568240282436316,1.343416929100752,,1.401181304482459,1.1799489651828101,0.8783192615956068,1.061100024219924,2.3667860412970185,CONTIGUOUS,4096,0.9338083248585463,0.5,2,True,1.6363272740218837,1.7959098648279905,3,6.95574743944443,0.004163799026844215,0.05682669692855028,1.3667860412970185,6
-0.7668641385167462,,0.9628069875361889,inf,,5.657844868418154,9.123340510358592,4.65153594219553,False,False,0.015403857538942248,0.26293512708507477,1.8345185164302311,5.152844429784461,0.5266126517465569,0.9750004783272743,ELASTIC_CURVATURE_PROXY_WITH_SPIN,0.043648336082696915,11.564851948484147,2.199871034037169,142328,0.005000000000000194,0.4943686841147729,5.4474125737087675,0.16841579314769847,0.4956031242485462,0.08891579994621263,1.0996170462801758,,1.3387562370636428,0.857476407200563,0.779795484347269,1.0493156480237245,3.4763001231476665,CONTIGUOUS,4096,1.591753263026476,0.5,5,True,6.182967489733796,1.6424161922186613,3,10.25746437614502,0.004447171433310559,0.08891940953524523,2.4763001231476665,9
-0.4978258422180479,,0.9942161226387024,inf,,5.898530522027944,9.5051334259816,5.244217900197273,False,False,0.16291975505976009,0.23618443686235696,1.8465857815816724,3.34014465994048,0.5410429567409144,0.986508509144187,ELASTIC_CURVATURE_PROXY_WITH_SPIN,0.10463925590738654,11.66146604243706,3.011261034920409,147080,0.005000000000000039,0.36133168386960607,5.864414144876664,0.0975769249826982,0.36196365880438136,0.04551640487179256,1.5370870832594217,,1.5533065644239274,1.3046702671500172,0.8487939826957882,1.0481640884113654,3.837805798277259,CONTIGUOUS,4096,1.2403924893587828,0.5,3,True,0.2092478145256617,1.4624177757650614,2,11.3285729770579,0.004195203334626129,0.045517133628877576,2.837805798277259,7
-0.9485406769495145,,1.0496926204748083,inf,,5.515243355962503,9.83365016529401,5.218615386149001,False,False,0.09169669652078301,0.3829608925245702,2.059261854909532,4.830268560097252,0.5258365923754582,0.8977423869073391,ELASTIC_CURVATURE_PROXY_WITH_SPIN,0.05060620419681072,12.817166725304395,1.7588492177730564,303544,0.005000000000000027,0.5232924842586022,5.7893102508765555,0.18543181910863327,0.5238520087875307,0.10330688249770534,1.0035376205663562,,1.3081645517132696,0.7761693337658017,0.7734332204982639,1.1104128942841103,3.8142190976068377,CONTIGUOUS,4096,1.1413897294551134,0.5,5,True,1.2239809099349857,1.7614082377403975,2,11.021518322820016,0.004461114103005757,0.10330868062765416,2.8142190976068377,8
-0.7042324012975445,,0.8842758990366365,inf,,5.890769736640974,9.96379641755938,4.747629853245008,False,False,0.2858363708634861,0.024257805484347045,1.9886403307318803,2.9167625225113447,0.5095360187805695,0.944470226764679,ELASTIC_CURVATURE_PROXY_WITH_SPIN,0.11596568953245878,9.398222690809456,3.1481893822379816,305688,0.004999999999999931,0.4210819442848421,5.209065704886007,0.15164816022910638,0.4211927964836043,0.0856985177499475,1.175026287132179,,1.4440984443925715,0.8239196209833725,0.7011925009731204,1.0236736385531742,3.5136797092854977,CONTIGUOUS,4096,0.9228717032819986,0.5,3,True,0.721095575816571,1.9787668138742447,1,10.457857544427245,0.004763784730873745,0.08569887896535514,2.5136797092854977,4
-0.47468309925751145,,0.9729873541996018,inf,,4.992293927000106,9.707309037414284,4.475778289959373,False,False,0.11185805975366384,0.2087401008848101,1.3358721008722665,3.6047771571821867,0.531059506877699,0.9874345017597079,ELASTIC_CURVATURE_PROXY_WITH_SPIN,0.2075618840754032,5.771620986985849,2.28774532664059,314952,0.005000000000000084,0.3424707972799339,4.857438859418573,0.10912277238399054,0.3431762210823664,0.046201238223347665,1.4732025448136223,,1.6085733871553207,1.2980076954514048,0.881078912075609,1.035285236616948,3.7479764027521014,CONTIGUOUS,4096,0.7633211389183998,0.5,2,True,1.1339930211439289,1.587687099352479,3,11.111680974050458,0.004368065038981997,0.046203845005658405,2.7479764027521014,6
-0.42609687820470066,,0.8284473261449937,inf,,5.650074431944178,8.231678298665798,4.246169151168573,False,False,0.010584897327702493,0.1557893771538511,1.3216764473828928,3.3937974464222234,0.568086985577546,0.9974918020889163,ELASTIC_CURVATURE_PROXY_WITH_SPIN,0.023554676212370396,9.015939247178117,2.121372222457666,324470,0.005000000000000069,0.3309083724259884,4.6807890556643486,0.10296540291258093,0.3316244303895951,0.04346245055321332,1.7043136900791116,,1.5901625770347498,1.2563659280020383,0.7371682427451015,1.017692923066806,3.6729200584813952,CONTIGUOUS,4096,0.8692398089915514,0.5,2,True,4.261644381428611,1.229123441502452,3,10.953775483418946,0.003757461667498236,0.043464289282853376,2.6729200584813952,6
-0.5778194325077046,,0.7636614621912959,inf,,5.976822228376111,8.539580406774927,4.236194787433488,False,False,0.26034142793482173,0.13452442261576653,1.4226862203697277,1.1575626174064033,0.5618781518906791,0.8667078400030732,ELASTIC_CURVATURE_PROXY_WITH_SPIN,0.03826088737696409,1.643462713521114,1.3134140701522843,373928,0.00499999999999976,0.36911180592692777,4.564268802179141,0.1392432150843926,0.3691770900758546,0.07290453219395382,1.4055895065631536,,1.5033754886294464,0.8531236292307798,0.606950767096132,1.031409656967386,3.7317996146157384,CONTIGUOUS,4096,0.6561480294913054,0.5,1,True,2.8159632924255695,1.608843019232154,1,11.07818429808111,0.0038542328674989815,0.07290452697095991,2.7317996146157384,2
-0.5358982496687054,,0.7728198020011825,inf,,5.601172529115695,8.507367220524612,4.061477399023139,False,False,0.12504011371172966,0.06713167648483068,1.921718389232841,5.3291874316786565,0.5494810229262606,0.8159310985356569,ELASTIC_CURVATURE_PROXY_WITH_SPIN,0.317178625613451,15.553452586716068,3.9465839538182585,381176,0.005000000000000022,0.3664258632941065,4.328697044925654,0.13489771805937145,0.3671989406571975,0.07313964111213372,1.1131378687398197,,1.577072233980504,0.9369019046845478,0.841676427507773,1.007680303017086,3.506498670205474,CONTIGUOUS,4096,0.5344392918050289,0.5,5,True,1.6176925884181446,1.9658201895654202,3,10.492565038300235,0.004053997849653913,0.07314207682901915,2.506498670205474,9
-0.20102488638807103,,0.6191723377492346,inf,,6.728538794862564,6.963504047356881,3.87463260794756,False,False,0.03995250595966354,0.01418154634349048,1.766886637833516,3.204822047818965,0.6031020878880807,0.8259851206094027,ELASTIC_CURVATURE_PROXY_WITH_SPIN,0.10126055125147104,5.188093847567886,3.9566797626227066,388550,0.0050000000000000894,0.22935593650751068,4.166125095251472,0.05364740975110342,0.22987764003362524,0.023327654000732213,2.284224699562374,,1.8973709855839611,1.7777661799887445,0.7782799040433019,1.000591589265533,3.5728115495294333,CONTIGUOUS,4096,0.5829849746078253,0.5,3,True,4.773009882997181,1.3590470477938652,2,10.716321011627825,0.0032490180351077633,0.02332763872104763,2.5728115495294333,7
-0.5423189265468453,,1.3016848855335568,inf,,3.7965216708579494,9.43021726117198,4.283875692573788,False,False,0.010760524202138185,0.015757296974770726,2.175708798777129,2.0771014396554115,0.5327152227066695,0.8967223409563303,ELASTIC_CURVATURE_PROXY_WITH_SPIN,0.061603205278515816,7.412835721633206,3.761984897368042,429784,0.0050000000000001744,0.4677496981807076,4.941874876556398,0.13067167195247964,0.46795967158577156,0.0647647473382382,1.2205010813588857,,1.3826893176998345,1.0975438020129233,0.8992567223217339,1.000211715176559,3.62256851606071,CONTIGUOUS,4096,1.3159983679652214,0.5,2,True,4.050683583458885,1.9027887154370546,1,10.866938595449154,0.00433894844364047,0.06476497978724438,2.62256851606071,3
-0.5656118603590442,,0.6752013754555214,inf,,6.310314279507028,6.255945119006543,3.966350867699235,False,False,0.23195496843615548,0.08070378678571433,1.5405613426636526,1.3290042809373808,0.6201689362939263,0.9106614040210843,ELASTIC_CURVATURE_PROXY_WITH_SPIN,0.14976482978090644,2.6547040362409993,3.45235847107832,452184,0.0050000000000000305,0.41351103885245477,4.260732881079763,0.1451446064127497,0.4135963742599198,0.07171683616562612,1.2049668509690974,,1.4683171198268672,0.9700222335601619,0.8050198499485851,1.0201275381104535,3.473519066348672,CONTIGUOUS,4096,0.588764026761055,0.5,1,True,0.6433995987129746,0.9575993251055479,1,10.350643811660696,0.003022007728620139,0.07171691868314334,2.473519066348672,2
-0.6474834625398984,,0.801995785172894,inf,,4.189760814764996,6.938546100372649,3.078303630465039,False,False,0.020840844573453067,0.10463324510212987,1.9109895693296615,4.846548728428067,0.5377055469035855,0.9961662674322724,ELASTIC_CURVATURE_PROXY_WITH_SPIN,0.06042216718196869,12.901000788069014,3.4317602175400888,474608,0.005000000000000141,0.5386336174852605,3.3601705143240768,0.21475248316034923,0.5390778042984643,0.12502899642994156,0.921852438513556,,1.2916046377093282,0.6619617300836086,0.7180777556449175,1.007091245086505,2.7259857710450888,CONTIGUOUS,4096,0.5637337677180767,0.5,5,True,3.729883800563124,1.5480391141027212,2,8.15862667993046,0.004252275764400934,0.12503109289507222,1.7259857710450888,8
-0.7584622367091609,,0.8545287165484171,inf,,5.493315688678006,6.999813664996587,4.319275170254111,False,False,0.232509949691128,0.12981036925222725,1.3343637934532424,3.570046233992997,0.5804907177048224,0.7256434326991439,ELASTIC_CURVATURE_PROXY_WITH_SPIN,0.04100891388952732,10.766101687702584,1.6477119700846583,508920,0.005000000000000114,0.5081373364112984,4.6941960050413005,0.17883735645669088,0.5089883039835785,0.08132108454310527,1.1022381063411848,,1.3269286768964068,0.9407099216830461,0.8534543636906893,1.0281316237080589,3.2985109323635697,CONTIGUOUS,4096,0.7498416695743799,0.5,2,True,1.8171120218951426,1.8963256608694792,3,9.80274032874454,0.003570335146219926,0.08132389151700363,2.2985109323635697,6
-0.5346428390990557,,0.8684675545804412,inf,,5.525178421340831,7.81867967619115,4.507014673991845,False,False,0.21475252163549888,0.16883285031002015,1.8645727617483112,1.9621860385756331,0.5862696764500464,0.8825070764869452,ELASTIC_CURVATURE_PROXY_WITH_SPIN,0.09385170741006732,4.641821457613215,2.794393077060817,557864,0.005000000000000046,0.3864076293341568,4.798438192202494,0.12130138908152015,0.38654082984812393,0.06340313665330624,1.3678140988705538,,1.4980495691508193,1.0185316592989868,0.7446418779715896,1.0331642566641899,3.7800756469368935,CONTIGUOUS,4096,0.582847036421299,0.5,2,True,1.180822918951429,1.310604352504015,1,11.214863541845613,0.0034858559121194697,0.06340314919356453,2.7800756469368935,3
-0.3057487124556012,,0.9058446696287796,inf,,5.89273621533825,8.441118661436786,4.4522334967216075,False,False,0.03718758829683066,0.06797859675530345,2.5086771991066166,2.867876012279358,0.5538136624429698,0.9939026078209281,ELASTIC_CURVATURE_PROXY_WITH_SPIN,0.05883836466819048,4.9108716206062395,1.997035434397963,574614,0.004999999999999888,0.3301696137432706,5.337903690192622,0.07115012216421963,0.3304332588391489,0.034228955766959314,1.7862830808397803,,1.6132678512932326,1.5415090443787747,0.8629701870400459,1.0037054113068309,3.5363651821389794,CONTIGUOUS,4096,1.771340386942029,0.5,3,True,2.332832607179002,1.3978857100009918,1,10.595991858885958,0.003983165886616828,0.03422894120550285,2.5363651821389794,4
-0.3187592955569845,,0.938680836145303,inf,,4.932724482958565,7.7719409545120115,4.219020111872252,False,False,0.278311234948691,0.3135412992853671,2.1635749909905124,2.0694174684134676,0.539328954501821,0.8226040685549378,ELASTIC_CURVATURE_PROXY_WITH_SPIN,0.030489397700875998,3.1820077160798195,1.8733657297122082,596982,0.005000000000000032,0.35687113906527296,4.630253942137953,0.07833970965766568,0.357113838968883,0.03542486854830373,1.7266131904958586,,1.556470741260374,1.5404738478012112,0.8921939530409873,1.091715922027496,3.1629692520946264,CONTIGUOUS,4096,0.8224676605314016,0.5,2,True,3.179281946654416,1.8953421730548143,1,9.198813114983402,0.004224425943523488,0.035424989456185885,2.1629692520946264,3
-0.46868114428094027,,0.36888865588127656,inf,,5.71754058762398,3.3015317757281037,1.8454279209172297,False,False,0.05040309797693044,0.2745668506063521,2.269772618234636,4.84526782416877,0.5651445829604769,0.8619305165484548,ELASTIC_CURVATURE_PROXY_WITH_SPIN,0.0295623941347003,9.660111673321987,2.828068009378913,601760,0.005000000000000048,0.6536557100988262,2.109135862315254,0.25801591453483796,0.6541614218826147,0.14901160782463493,0.7452960394851952,,1.1893734684066286,0.6290640266857717,0.8440458466950804,1.0254669361947801,1.4592639235779643,CONTIGUOUS,4096,0.5274158827960491,0.5,5,True,1.7858732378858277,1.5994126088917255,2,4.340628789500788,0.003803057040622665,0.14901119858130646,0.4592639235779643,8
-1.0208900227803013,,0.8166494372859896,inf,,5.851224377625776,8.625699525843602,4.005687954387194,False,False,0.03270921865245328,0.17303804385568947,1.0000000000000002,1.0,0.5107203312694154,0.9929080875590444,ELASTIC_CURVATURE_PROXY_WITH_SPIN,0.024909842759370804,2.7173900939524174,2.8794185295701027,723472,0.004999999999999999,0.5946223454222793,4.778399095422155,0.25939498697292673,0.5946760855300423,0.12016179290979988,0.8859330188624336,,1.2365630808929422,0.7235933848845054,0.8167585691902787,1.0204853419511652,3.053062602877617,CONTIGUOUS,4096,1.5454222820699215,0.5,0,True,2.487240105293933,1.8249555453658104,1,9.096644777214589,0.00474114343095461,0.12016323728047142,2.053062602877617,1
-0.20711959960818102,,0.5313236733178685,inf,,6.021476438757011,5.193915370914916,2.9446312837488127,False,False,0.06801209391234443,0.3714281896138564,1.900978572985695,3.4466978937278334,0.5623220317997712,0.9406809862703085,ELASTIC_CURVATURE_PROXY_WITH_SPIN,0.17606442980468273,7.31287115898833,1.9014632229042656,786070,0.005000000000000027,0.3011507109046055,3.199352980237372,0.07258231576378915,0.30180718807061974,0.03190817601105218,1.7941407964731841,,1.701687381128232,1.6231580561215313,0.9046993743814529,1.080287108543095,2.3119319109246135,CONTIGUOUS,4096,0.5094433929771185,0.5,3,True,0.7181908232333951,1.3079501185566187,2,6.750177404497191,0.0038472436053716046,0.03190850584814124,1.3119319109246135,7
-0.6826101902436793,,1.0720214860925266,inf,,4.018980784815595,9.121508451345365,3.823368800881048,False,False,0.08481787974201142,0.07725536790210753,1.3306067300418414,3.5048979635422275,0.5143030378965388,0.9724074546247721,ELASTIC_CURVATURE_PROXY_WITH_SPIN,0.06657742336392403,5.075224710690802,3.1012210444938497,799608,0.0050000000000001085,0.49020430007839455,4.308433753515323,0.18303349283263554,0.4909199864190558,0.08712391072468471,1.086320219717449,,1.3497149289440507,0.8759589481510837,0.8063542703632266,1.0063443719753047,3.2599619925022125,CONTIGUOUS,4096,0.9701299052685499,0.5,2,True,3.867243165286298,1.8710927926003933,3,9.759203566000847,0.0046732852684428635,0.08712929346179561,2.2599619925022125,6
-0.3058137376100318,,0.8634210357762361,inf,,6.707467347780546,10.448300800525784,4.963048615014192,False,False,0.13626809970987963,0.16347392695304006,1.2182293263894866,2.264893819339038,0.5221413161847075,0.9041164247319102,ELASTIC_CURVATURE_PROXY_WITH_SPIN,0.10148777486756444,4.824869720956078,2.17898150974001,816326,0.0049999999999999455,0.257249552184682,5.791368404855962,0.06389285654645013,0.25756133379385404,0.02075038319155358,2.2493014394544026,,1.8214454667293252,2.0526749363997383,0.91258330270648,1.0246206749852622,3.87757330480963,CONTIGUOUS,4096,1.6566395796835423,0.5,1,True,5.951936310060683,1.9556883051991463,2,11.537251442359644,0.004528071895080778,0.020751000065682472,2.87757330480963,5
-0.7197653877805481,,0.7053251521767954,inf,,5.934600965467356,5.660716131943268,3.76395469559794,False,False,0.1646761583494954,0.15755403535533696,2.392859164526919,4.904017900400474,0.5904480247741939,0.7428086884319782,ELASTIC_CURVATURE_PROXY_WITH_SPIN,0.04643096588551998,16.65321262282775,2.555543286037148,839024,0.005000000000000011,0.5781702963622452,4.18582332907682,0.19445416898600193,0.5789127558984032,0.10576063683681323,0.9084368794591717,,1.2571795678786164,0.8062575461433361,0.8875218128785491,1.0256494815401207,2.777707922272384,CONTIGUOUS,4096,0.8437372669577599,0.5,5,True,1.5801905137576338,1.717868585139513,2,8.26187699874098,0.003425805136536126,0.1057617209991398,1.7777079222723842,8
-0.6942261073798361,,1.0195332377147133,inf,,5.11199458012796,9.568168568384909,4.682683264662556,False,False,0.44420156904263425,0.036460877621546386,1.3332579457034837,3.5485905183584983,0.4959823251862297,0.9890722734853625,ELASTIC_CURVATURE_PROXY_WITH_SPIN,0.04411738459020853,4.607159362489698,2.590827242198015,845784,0.004999999999999963,0.4559537784875553,5.211848385457925,0.1519727173354935,0.45678869681659434,0.06673392042626437,1.2542841342087516,,1.3909965830157438,1.0502238198580713,0.8373093394190073,1.061879481547396,3.2367524383589625,CONTIGUOUS,4096,1.0583302415907383,0.5,2,True,5.488908752475789,1.9268823377788067,3,9.509968752293965,0.005030599372935429,0.06673891838882633,2.2367524383589625,6
-0.5248799323988712,,0.827280552775943,inf,,6.168223591069523,9.242852494601808,4.75151452098947,False,False,0.09023726621363312,0.2166152227241546,1.7247849794224483,5.0132372676504025,0.5584911356549853,0.8311755834147334,ELASTIC_CURVATURE_PROXY_WITH_SPIN,0.1761922873556614,14.634880263219012,2.0631019135923077,863688,0.00500000000000002,0.33579416584776256,5.102851422065608,0.1130284259264144,0.3366518052144956,0.059553799877353195,1.4346370918810951,,1.6029247069006178,1.0221700075343547,0.7124937820993364,1.0372064764110864,3.991423890925944,CONTIGUOUS,4096,0.702673802152276,0.5,5,True,5.94667558642757,1.748820984736085,3,11.825764853933448,0.003907930103788429,0.05955565418337164,2.991423890925944,9
-0.4006437324656847,,0.48644790618028255,inf,,6.0130789988145965,4.663770987376081,2.6628645695775264,False,False,0.16382871414674446,0.07455833299364895,1.3366539465952618,3.627053366523262,0.5781268671861806,0.9144709818065166,ELASTIC_CURVATURE_PROXY_WITH_SPIN,0.18816404649987817,8.061555962186754,2.661517332922549,875672,0.004999999999999989,0.42558760450070743,2.9250496886699904,0.1533565641105934,0.42626123231491314,0.07042394531654506,1.1289412366556593,,1.4605010145620003,1.0158999721823394,0.8998696647770703,1.0153791994831862,2.167041866108775,CONTIGUOUS,4096,0.5243702381849289,0.5,2,True,4.112070856188054,1.3380437586456537,3,6.467798229179023,0.003605377612381027,0.07042684198351247,1.1670418661087751,6
-0.3912632973100359,,0.6640229799959418,inf,,6.620707925365473,5.4594058054842325,4.097157898201171,False,False,0.1759154000822455,0.08347164121549576,1.218428283027508,2.256404647428364,0.662101986959249,0.7440172489732504,ELASTIC_CURVATURE_PROXY_WITH_SPIN,0.05654289107769728,3.9171988198630903,2.229401702350249,984054,0.004999999999999984,0.3480007512578729,4.396302206283931,0.09745395027208459,0.3483445743242138,0.03509397921263396,1.7287029136307417,,1.5780901138171242,1.54835353736128,0.8956735857576132,1.0135625972282787,3.635847417637706,CONTIGUOUS,4096,0.5982886161655188,0.5,1,True,3.0000310449805796,1.0046026520431042,2,10.85823071880422,0.0025139481499640804,0.035093549184856895,2.635847417637706,5
-0.9137468303301887,,0.7290905312363385,inf,,5.636772957717256,8.75572637153441,3.77497266901224,False,False,0.055650463574565955,0.23562924728170037,2.3194123629936314,4.860945166001436,0.5154897149709722,0.9810171499848366,ELASTIC_CURVATURE_PROXY_WITH_SPIN,0.2021406590938568,13.390831411793462,1.817145747090814,1032384,0.0050000000000000365,0.5383132846705473,4.109717790200701,0.24631287335606533,0.5386224279460334,0.15048386282673698,0.6700531324448391,,1.324173196081373,0.5767978502627382,0.86082404862158,1.0390299786159087,3.178924755193293,CONTIGUOUS,4096,0.6694902423769236,0.5,5,True,0.8923153088571406,1.7685706615447998,2,9.412700900363102,0.004651016995130762,0.1504865613823136,2.178924755193293,8
-0.7309159066063344,,0.531864091313436,inf,,5.217740794600503,4.89000014030608,2.516675857127615,False,False,0.1682348817647435,0.024614291405305265,2.716239507933505,2.891945688484914,0.5506537590697967,0.8684839950874448,ELASTIC_CURVATURE_PROXY_WITH_SPIN,0.06425704155117273,8.005774231339744,3.244945502049195,1035852,0.0050000000000000894,0.6863017061251612,2.775128966429242,0.29502596557279115,0.686405347119777,0.1768653602393121,0.6055428834050766,,1.1737157629202781,0.5560273637472419,0.9182295407727361,1.014252373883974,2.029611307196319,CONTIGUOUS,4096,0.5169062186032534,0.5,3,True,4.814641155118198,1.7599247004836798,1,6.059907142399655,0.004034715405201489,0.17686604688498364,1.029611307196319,4
0.1174274824314043,0.11742747808765455,0.4852596372724439,8.517759134064704,8.517759449144402,2.0612038056417914,3.0002190110703166,1.0002190110703166,True,False,0.014799022613558917,0.0,1.0000000000000002,1.0,0.4974636806641725,1.0,IDEAL_KERNEL_ADAPTIVE_DEC_FLOOR,6.421934813261032e-06,1.0,1.0,381848,0.49746368066417257,0.29377683997727616,1.0002190110703166,0.19031189860085052,0.5271779951372855,0.07450582100890507,1.1442358050766264,3.6990912848034255e-08,1.3020942840742082,1.0162265946705242,0.8881268967129291,1.0002190110703166,1.0,CONTIGUOUS,16384,0.0,0.0,0,True,3.013856662427327,2.0,1,2.9997809889296834,0.4975363193358276,0.08755837224850396,0.0,1
0.1121523068538264,0.11215229938827928,0.4832213871003155,8.988949117904527,8.98894971626429,2.086272269143947,3.0081313797646607,1.0081313797646607,True,False,0.09017416350962594,0.0,1.0000000000000002,1.0,0.4961515461890271,1.0,IDEAL_KERNEL_ADAPTIVE_DEC_FLOOR,0.0011595371179282665,1.0,1.0,132784,0.4961515461890271,0.3539566638637754,1.0081313797646607,0.23599678948306424,0.5851600643182713,0.10198254067203859,0.9686480733608985,6.656614870505128e-08,1.2423525966722653,0.8233464297894286,0.8499954239651561,1.0081313797646607,1.0,CONTIGUOUS,16384,0.0,0.0,0,True,1.1895676053970057,2.0,1,2.9918686202353393,0.49884845381097304,0.1194034660869023,0.0,1
0.10006720547596443,0.10006719252310498,0.48203759709043204,10.00345067190071,10.003451966763565,2.0766375068996292,3.001017353853763,1.0010173538537628,True,False,0.03189598491601646,0.0,1.0000000000000002,1.0,0.497331288819251,1.0,IDEAL_KERNEL_ADAPTIVE_DEC_FLOOR,0.002614948432892561,1.0,1.0,460512,0.497331288819251,0.4376233464670853,1.0010173538537628,0.3022932362399833,0.6702141295174392,0.14449321644978996,0.7685219226594456,1.2944160270508668e-07,1.1724502173531555,0.6513265633673313,0.8475055091641843,1.0010173538537628,1.0,CONTIGUOUS,16384,0.0,0.0,0,True,4.1261240978362625,2.0,1,2.998982646146237,0.497668711180749,0.16782902337695282,0.0,1
0.08467999556917927,0.08467998022456075,0.5336852099688038,11.843556473804155,11.84355861994136,1.8792207297325796,3.00291230972506,1.0029123097250603,True,False,0.05396581997023896,0.0,1.574147805838285,1.395685103922801,0.49701704197059426,1.0,IDEAL_KERNEL_ADAPTIVE_DEC_FLOOR,0.009617166593670845,1.0,1.0,948144,0.4970170419705908,0.30501289672865844,1.0029123097250603,0.20672631852374923,0.5964999076083551,0.10000792912394368,0.9438086197511377,1.8120712486818878e-07,1.2354729319901931,0.8496376609082885,0.9002224001009017,1.0029123097250603,1.0,CONTIGUOUS,16384,0.0,0.0,1,True,4.354638601982596,2.0,1,2.99708769027494,0.49798295802939935,0.10936221642846049,0.0,2
0.0825918279440575,0.0825918215704701,0.5110851533521801,12.172877879172255,12.172878818549783,1.9671481920114162,3.0053802353806187,1.0053802353806185,True,False,0.0733500878023915,0.0,1.576163770466304,1.4004717505152455,0.496607777632714,1.0,IDEAL_KERNEL_ADAPTIVE_DEC_FLOOR,0.026063650846481323,1.0,1.0,843576,0.49660777763272135,0.26549583467469307,1.0053802353806185,0.17753746998054712,0.5449373488346397,0.08290717488207644,1.052182491529654,7.71697100295703e-08,1.2881283790676163,0.9551484335293207,0.9077783000748605,1.0053802353806185,1.0,CONTIGUOUS,16384,0.0,0.0,1,True,1.1760671536775733,2.0,1,2.9946197646193813,0.4983922223672881,0.0905642895909567,0.0,2
0.0770227964797133,0.07702278117229075,0.5373051661386896,13.297956017377578,13.297958660198685,1.9062644926408039,3.024245759922652,1.024245759922652,True,False,0.15571050036093223,0.0,1.5728760115369795,1.392700041238432,0.4934792448128269,1.0,IDEAL_KERNEL_ADAPTIVE_DEC_FLOOR,0.001721563283354044,1.0,1.0,437328,0.4934792448128238,0.3651922714440358,1.024245759922652,0.25171120294058297,0.6611020581277367,0.1283240098747402,0.8048867830958412,1.987388571718451e-07,1.1805017630673422,0.7208305853502219,0.8955676754657179,1.024245759922652,1.0,CONTIGUOUS,16384,0.0,0.0,1,True,1.8688818371043168,2.0,1,2.975754240077348,0.5015207551871761,0.140831265793726,0.0,2
0.06266606728069618,0.06266602892790435,0.5657673842895243,16.033766737245546,16.03377655021325,1.7759473822991498,3.004773105119218,1.004773105119218,True,False,0.06908766256878153,0.0,2.1980577082728687,2.091717574966844,0.4967084600677297,1.0,IDEAL_KERNEL_ADAPTIVE_DEC_FLOOR,0.003065379336476326,1.0,1.0,175120,0.4967084600677327,0.30117472422427916,1.004773105119218,0.20924577026742,0.6303864580959303,0.11044416596201158,0.8787838032234198,6.120184894345415e-07,1.2056470561586963,0.8019221488335873,0.9125363324768841,1.004773105119218,1.0,CONTIGUOUS,16384,0.0,0.0,2,True,5.9327039580531675,2.0,1,2.995226894880782,0.49829153993227154,0.11831959494393084,0.0,3
0.061165894294526624,0.061165869456092425,0.5577060672209104,16.66955367745123,16.66956044667753,1.828217798046739,3.0196081581719194,1.0196081581719194,True,False,0.14002913329703734,0.0,2.2056914926519307,2.0968804313522518,0.49424831376982337,1.0,IDEAL_KERNEL_ADAPTIVE_DEC_FLOOR,0.008307414595037699,1.0,1.0,686064,0.49424831376982437,0.28567609736017047,1.0196081581719194,0.19698120016976273,0.6110387544362075,0.10277603246828444,0.9165563262003416,4.060830710653754e-07,1.2230318279518122,0.8406570756145152,0.9171908496879042,1.0196081581719194,1.0,CONTIGUOUS,16384,0.0,0.0,2,True,0.3177238513422934,2.0,1,2.9803918418280806,0.5007516862301727,0.11011782163777713,0.0,3
0.04797147382479139,0.04797146672697758,0.5343116903909633,20.922846288337173,20.92284938406214,1.8784911337550547,3.0036997730611006,1.0036997730611004,True,False,0.06082575984811411,0.0,2.525514917729121,2.8680399944637247,0.49688645430070083,1.0,IDEAL_KERNEL_ADAPTIVE_DEC_FLOOR,0.013822048902511597,1.0,1.0,451952,0.49688645430069933,0.2825250872904879,1.0036997730611004,0.19908392053904156,0.6013471884328293,0.10946558520506293,0.9104402657079943,1.479590523362229e-07,1.2306062329216472,0.7896268271469539,0.8673021799325943,1.0036997730611004,1.0,CONTIGUOUS,16384,0.0,0.0,3,True,0.7151097656149782,2.0,1,2.9963002269388994,0.49811354569930155,0.116500071167617,0.0,4
0.05845716530220536,0.05845715935494894,0.3272866091644051,19.04617807598028,19.04618001368143,3.4018671983109905,2.511700148939897,1.0046006028161603,True,False,0.06782774370536208,0.0,1.0000000000000002,1.0,0.5411963911739601,0.8557416573166847,SCALAR_DEC_FLOOR_NO_SPIN,0.036456252448260784,1.0,1.0,3912,0.5411963911739601,0.20628599469217296,1.113385580162819,0.13938635954730777,0.3964977400426364,0.05271321596047185,1.4668239646912895,1.0173699651924265e-07,1.4774595378629272,1.1826026986755216,0.8062335543613881,1.0046006028161603,1.0,CONTIGUOUS,16384,0.1087849773466587,0.0,0,True,5.264549842683783,1.9305143672972918,1,2.9953993971838395,0.4538036088260398,0.06026861846557624,0.0,1
0.049308385972326396,0.04930836988703388,0.3721745579564157,22.955841000704595,22.95584848931998,3.0413563855556536,2.586037898530889,1.0412515081785692,True,False,0.20310467296093704,0.0,1.0,1.0,0.53094105743815,0.9654794940724969,SCALAR_DEC_FLOOR_NO_SPIN,0.09144311444833875,1.0,1.0,9744,0.5309410574381499,0.3350947693363823,1.1319154683820976,0.23488011932295588,0.5553733796090808,0.10619005799783532,0.8835124557938004,3.262181917680633e-07,1.2879355920292965,0.7968608478050648,0.9019237279333174,1.0412515081785692,1.0,CONTIGUOUS,16384,0.0906639602035284,0.0,0,True,3.290484751589028,1.6372496038675308,1,2.9587484918214306,0.4640589425618498,0.1210594800171742,0.0,1
0.04717964312852868,0.047179628252566636,0.33319621653318043,26.10760690239978,26.10761513425289,3.69676339488829,2.707096583031648,1.0113515328623714,False,False,0.10654357259999961,0.0,1.0000000000000002,1.0,0.5220924038223169,0.9407166410237551,SCALAR_DEC_FLOOR_NO_SPIN,0.10782298352569342,1.0,1.0,663408,0.5220924038223169,0.3381020067679583,1.2317475765951338,0.2402044762209248,0.5239022886083737,0.11627111304863066,0.9016366953346985,3.1530467513663657e-07,1.319180269318199,0.7096653727765385,0.7870857258234173,1.0113515328623714,1.0,CONTIGUOUS,16384,0.22039604373276234,0.0,0,True,4.412995246805377,1.8663445394486189,1,2.9886484671376286,0.472907596177683,0.13283800856822767,0.0,1
0.03053874520868917,0.030538739358414224,0.39974757520944004,49.61983202318112,49.619841528801395,3.790710692015973,2.785579119174654,1.0182653762742173,False,False,0.13514945902302863,0.0,2.017056267603382,1.9934897971322456,0.5144207655183172,0.9404732752591372,SCALAR_DEC_FLOOR_NO_SPIN,0.08514623763039708,1.0,1.0,731288,0.5144207655183246,0.21432561846383533,1.5153274074538838,0.15169643909085528,0.46693362134084765,0.08017132073424377,1.1331100888357504,1.9156893661513732e-07,1.3829100871032833,0.9219441117476065,0.8136403698381037,1.0182653762742173,1.0,CONTIGUOUS,16384,0.4970620311796665,0.0,2,True,3.4477979795164115,1.9436253998428583,1,2.9817346237257825,0.48057923448168216,0.08521802995274243,0.0,3
0.011929829144902732,0.011929800939542545,0.44251985681863754,117.61697986483392,117.61725794401545,3.170819236032613,2.666657966851615,1.0104577985129009,False,False,0.10226337816100567,0.0,2.436793342618254,2.869026816614582,0.525899791724191,0.9974542399868369,SCALAR_DEC_FLOOR_NO_SPIN,0.04942939057946205,1.0,1.0,332432,0.5258997917241922,0.29297664566481474,1.4031504743269334,0.2154362090396412,0.5929942022475623,0.12222161975598787,0.8503581187031243,2.364271930733617e-06,1.2433745173367703,0.717841230574645,0.8441634351294488,1.0104577985129009,1.0,CONTIGUOUS,16384,0.39269267581403255,0.0,3,True,0.07791149419503404,1.6630061659961939,1,2.989542201487099,0.4691002082758078,0.1292431411670987,0.0,4
0.004318962902886969,0.004318958312988369,0.3107899777528179,263.3061022046191,263.3063820286466,3.6590925349271615,2.399889052155613,1.0339136558188,False,False,0.1841566067747772,0.0,1.4813386326680018,1.237322160226333,0.5499943056904484,0.9009178075939417,SCALAR_DEC_FLOOR_NO_SPIN,0.04045198392122984,1.0,1.0,254360,0.5499943056904589,0.2433894511866306,1.1372092875255146,0.17892309415129373,0.4693761337777003,0.0937632083615211,1.1357052914894503,1.0627316564595885e-06,1.3643515682937684,0.7887439395356197,0.6944970191176981,1.0339136558188,1.0,CONTIGUOUS,16384,0.10329563170671463,0.0,1,True,1.6687001999013311,1.6299132015556097,1,2.9660863441811998,0.44500569430954967,0.09996467447661506,0.0,2
0.05762220620536525,0.057622200258108824,0.32645165006756494,19.426118914324988,19.426120919318027,3.4289176655088305,2.511700148939897,1.0105908525045217,True,False,0.06782774370536208,0.0,1.0000000000000002,1.0,0.5411963911739601,0.8557416573166847,SCALAR_CURVATURE_PROXY_NO_SPIN,0.036456252448260784,2.3020575623959303,1.0,3912,0.5411963911739601,0.20628599469217296,1.1193758298511804,0.13938635954730777,0.3964977400426364,0.05271321596047185,1.4668239646912895,1.0321118907259388e-07,1.4774595378629272,1.1826026986755216,0.8062335543613881,1.0046006028161603,1.0,CONTIGUOUS,16384,0.1087849773466587,0.0,0,True,5.264549842683783,1.9305143672972918,1,2.9953993971838395,0.4538036088260398,0.06026861846557624,0.0,1
0.045553556376951104,0.04555354150098906,0.33157012978160283,27.188155414783562,27.188164293346123,3.735309846180754,2.707096583031648,1.0181211267398893,False,False,0.10654357259999961,0.0,1.0000000000000002,1.0,0.5220924038223169,0.9407166410237551,SCALAR_CURVATURE_PROXY_NO_SPIN,0.10782298352569342,1.5963594485074282,1.0,663408,0.5220924038223169,0.3381020067679583,1.2385171704726514,0.2402044762209248,0.5239022886083737,0.11627111304863066,0.9016366953346985,3.265598392342755e-07,1.319180269318199,0.7096653727765385,0.7870857258234173,1.0113515328623714,1.0,CONTIGUOUS,16384,0.22039604373276234,0.0,0,True,4.412995246805377,1.8663445394486189,1,2.9886484671376286,0.472907596177683,0.13283800856822767,0.0,1
0.030975997009583145,0.030975959299226807,0.28990341935360076,38.708682632197004,38.708729756426514,4.135998258086585,2.552994286129917,1.0591004461712707,False,False,0.19269788652285935,0.0,1.0000000000000002,1.0,0.5344682822201581,0.9972112318500876,SCALAR_CURVATURE_PROXY_NO_SPIN,0.12014805665239692,1.591610724106431,1.0,271736,0.5344682822201582,0.28152399443575526,1.1990400374598373,0.19914834367614853,0.4586442362254992,0.0916060914936921,1.072564272306856,1.2174057326890977e-06,1.3970091155360245,0.8189874884581893,0.763578938441351,1.0371324754703768,1.0,CONTIGUOUS,16384,0.1399395912885666,0.0,0,True,1.48722089363407,1.523001430556178,1,2.9628675245296234,0.46053171777984203,0.10424654710368012,0.0,1
0.030053148507810296,0.030053132422517753,0.35291932049189956,40.39159054362101,40.391612162350825,3.4395806593478073,2.586037898530889,1.1232305088705796,False,False,0.20310467296093704,0.0,1.0,1.0,0.53094105743815,0.9654794940724969,SCALAR_CURVATURE_PROXY_NO_SPIN,0.09144311444833875,2.9872970543801785,1.0,9744,0.5309410574381499,0.3350947693363823,1.213894469074108,0.23488011932295588,0.5553733796090808,0.10619005799783532,0.8835124557938004,5.352281986413191e-07,1.2879355920292965,0.7968608478050648,0.9019237279333174,1.0412515081785692,1.0,CONTIGUOUS,16384,0.0906639602035284,0.0,0,True,3.290484751589028,1.6372496038675308,1,2.9587484918214306,0.4640589425618498,0.1210594800171742,0.0,1
0.031425199599479425,0.0314251875785158,0.42838386991578475,57.806483155445264,57.806505267950705,4.240543117697057,2.603099322684855,1.0005819033385912,False,False,0.010760524202138185,0.0,2.175708798777129,2.0771014396554115,0.5327313157454389,0.8967223409563303,SCALAR_CURVATURE_PROXY_NO_SPIN,0.061603205278515816,5.025554552725583,1.0,429784,0.5327313157454308,0.18527235285049015,1.8165802713038126,0.13067167195247964,0.46795967158577156,0.0647647473382382,1.2205010813588857,3.825262457647583e-07,1.3826893176998345,1.0975438020129233,0.8992567223217339,1.0001157888811048,1.0,CONTIGUOUS,16384,0.8159983679652214,0.0,2,True,4.050683583458885,1.9027887154370546,1,2.9998842111188955,0.46226868425456197,0.06832797621917468,0.0,3
0.020513292035510375,0.02051328618523543,0.3897221220362612,77.0922736537787,77.09229564006569,4.05780486588417,2.785579119174654,1.0843542919617786,False,False,0.13514945902302863,0.0,2.017056267603382,1.9934897971322456,0.5144207655183172,0.9404732752591372,SCALAR_CURVATURE_PROXY_NO_SPIN,0.08514623763039708,4.618261934239475,1.0,731288,0.5144207655183246,0.21432561846383533,1.581416323141445,0.15169643909085528,0.46693362134084765,0.08017132073424377,1.1331100888357504,2.851943478748794e-07,1.3829100871032833,0.9219441117476065,0.8136403698381037,1.0182653762742173,1.0,CONTIGUOUS,16384,0.4970620311796665,0.0,2,True,3.4477979795164115,1.9436253998428583,1,2.9817346237257825,0.48057923448168216,0.08521802995274243,0.0,3
0.014104204224920872,0.014104200802336209,0.2824832997171777,80.48085434568029,80.48087387550275,4.018355800233379,2.5007435737848027,1.0229400504321866,False,False,0.06621732952352613,0.0,2.6571482939259767,2.878142098893961,0.5422930482203694,0.8814192451536655,SCALAR_CURVATURE_PROXY_NO_SPIN,0.015387891791760921,5.231798922583764,1.0,686662,0.5422930482203675,0.06309677225760325,1.1351184058875852,0.04337191913988814,0.2601841503296783,0.019168346819224948,2.3562768832826957,2.426641452351834e-07,1.8012499422933839,2.124456284521698,0.9016157224960626,1.0043847347292272,1.0,CONTIGUOUS,16384,0.11217835545539856,0.0,3,True,1.324019034227263,1.8327935859560966,1,2.995615265270773,0.452706951779628,0.019980828421710013,0.0,4
0.0007660042652173071,0.000765999675318707,0.3072370191151482,1510.522594448215,1510.5316455558918,3.7660395006657468,2.399889052155613,1.0537711183477307,False,False,0.1841566067747772,0.0,1.4813386326680018,1.237322160226333,0.5499943056904484,0.9009178075939417,SCALAR_CURVATURE_PROXY_NO_SPIN,0.04045198392122984,1.585529989306634,1.0,254360,0.5499943056904589,0.2433894511866306,1.1570667500544454,0.17892309415129373,0.4693761337777003,0.0937632083615211,1.1357052914894503,5.992001361590345e-06,1.3643515682937684,0.7887439395356197,0.6944970191176981,1.0339136558188,1.0,CONTIGUOUS,16384,0.10329563170671463,0.0,1,True,1.6687001999013311,1.6299132015556097,1,2.9660863441811998,0.44500569430954967,0.09996467447661506,0.0,2
0.035582186364983136,0.03557069440013459,0.5599513685716624,77.63948290137856,77.66456619602344,4.933611568670036,5.218932088101801,2.4581900612044443,False,False,0.06782774370536208,0.16163310506287962,1.0000000000000002,1.0,0.5393433338844665,0.8557416573166847,ELASTIC_CURVATURE_PROXY_WITH_SPIN,0.036456252448260784,2.3020575623959303,2.6187669802457094,3912,0.527306530216399,0.20959870311746648,2.762582549877773,0.13938635954730777,0.3964977400426364,0.05271321596047185,1.4668239646912895,0.00032296960986786513,1.4774595378629272,1.1826026986755216,0.8062335543613881,1.0157268828982347,2.0700015276670456,CONTIGUOUS,16384,0.6087849773466587,0.5,0,True,5.264549842683783,1.9305143672972918,1,6.177449911376351,0.44548754102303023,0.059938057735461236,1.0700015276670456,1
0.021078038141917353,0.021079612304483332,0.6754230697290076,182.61140423152088,182.59776735658647,5.6987839415751855,6.34932116302602,3.3199969553074116,False,False,0.26925822752015666,0.13155200957413762,1.0000000000000004,1.0,0.5452105232566935,0.8112172028049827,ELASTIC_CURVATURE_PROXY_WITH_SPIN,0.039821244310587645,1.5766572020947938,2.8107707556337123,100662,0.5269142003831309,0.17348164406867958,3.849090143541085,0.11173413319112871,0.3701513151832732,0.03703435300163841,1.6654865214075671,7.467701697927095e-05,1.5342918443572908,1.518122123382226,0.9115187087189407,1.0385440186053803,2.5988245019689202,CONTIGUOUS,16384,1.0581863764673471,0.5,0,True,1.1235718773928907,1.9731662571430206,1,7.696304365950753,0.43469531927461097,0.041844176710837504,1.5988245019689202,1
