A2,A_actual_outer,A_actual_uniform,A_teacher_ceiling,C_actual_outer,C_actual_outer_medium,C_actual_uniform,C_teacher_ceiling,C_teacher_ceiling_medium,Eextra,Eg,Eg0,Em,KU,Kg,Ko,R,Uavg,Upeak,V,actual_medium_high_relerr,ax,ay,ay_ratio,az,az_ratio,baseline_actual,baseline_teacher,beta,cancellation_actual,ceiling_medium_high_relerr,clearance,core_gap_factor,cycle_participation,d0,direction_class,exponent,exponent_index,g006d_actual,g006d_teacher,g19_actual,g66_actual,gain_outer_per_g,gain_uniform_per_g,gamma,gcap,gpos_actual,guide_multiplier,index,inventory,lag,loose,m,nphase,omega,omega_ratio,overlap_duty,peak_participation,srest,strict,u1,ua
0.18479182806442454,-0.1826346386347876,-0.18264035618276517,-0.03235502814801473,inf,inf,inf,inf,inf,0.0006733198052163473,0.002040675759146448,0.0013673559539301007,2.000683794830856,0.42271409749749433,0.09127086424633221,0.016182011093755395,1.9145015172572202,3.807188242668763e-05,0.0005220210093421123,0.321060532192423,inf,1.195776019279719,0.890879027736562,0.7450216540328237,0.3013827187908742,0.25203944044003607,0.18266559351838008,0.03238598303160721,0.026142767816781997,1.0003524746792904,inf,0.1868817452341318,1.0057806542608887,1.9005091278753194e-05,1.0925269870987462,PARALLEL_AT_THROAT,3.0,4,380882.04442902294,166950.83942426808,1019765.6674876197,inf,2.4633113682885667e-06,2.0083233567917402e-06,1.000341897415428,12.566370614359172,74154.48808864571,1.4924246706068516,47055,2.003246491599344,-0.024165849667042494,True,0.37479557492349425,16384,0.7087338528559501,1.8909877818077803,0.120849609375,0.0002605875070947176,0.029291716224896645,True,4.154111201730882e-05,3.0296641405104e-06
0.3550577712299848,-0.45734111183201004,-0.4573512754522379,-0.18058602907607144,inf,inf,inf,inf,inf,0.001214258836067239,0.03724215713670927,0.03602789830064203,2.018095073096045,0.560392928061109,0.2265012243679168,0.08944689674237455,0.9093845176017299,3.707880080840102e-05,0.0005114975953179018,0.10808034447992658,inf,0.586585330254008,0.6577565697204325,1.1213314343125582,0.2801240057191192,0.47755030900247303,0.45737603606018357,0.180620953304245,0.13361298084259032,1.0001817347902162,inf,0.04238244853913784,1.0505566091742367,1.803576318943145e-05,0.6064785721779701,PARALLEL_AT_THROAT,2.5,3,516682.4516849889,254065.16962116482,880408.0536487761,inf,2.779181773744755e-06,1.9703865742541395e-06,1.0090475365480225,12.566370614359172,164572.19185195686,1.0337032936513424,499713,2.055848727828072,0.025112706050276767,True,0.0608519166585845,16384,0.06335049378968155,1.0410599578171968,0.1202392578125,0.00024880118288580507,0.0001184938831884167,True,4.070368533723099e-05,2.950637216288394e-06
0.2264907779092813,-0.2574360463173694,-0.2574408219975602,-0.04751988830130118,inf,inf,inf,inf,inf,0.2471209056997296,0.6277123063790522,0.38059140067932257,2.1993284162424565,0.4881236878919013,0.10523910312802476,0.019434686035329763,1.7403275324622922,2.7828871476880103e-05,0.00040608846130061086,0.2515641574848412,inf,1.0246892876305007,0.6444917345398201,0.6289630840487732,0.38092477132014996,0.37174661228381073,0.25746213248935995,0.04754597447329177,0.4159914867579937,1.0002110649471116,inf,0.010846063494682312,1.0631568413227797,9.84240317724055e-06,1.0721470091642993,PARALLEL_AT_THROAT,2.5,3,534349.1758849091,237052.33751292631,1070449.8094736414,inf,2.075871609323674e-06,1.695835054824363e-06,1.0996642081212282,12.566370614359172,124026.03866876045,1.649307643994689,163369,2.827446811082809,-0.04619796834886075,True,1.1505837535961099,16384,2.485929240651726,2.160580864176154,0.11370849609375,0.00014362373138509857,0.449063888919727,True,3.2315492974287034e-05,2.214551228107261e-06
0.4598006923364881,-0.2589436189809198,-0.25894977136433106,-0.03043867234271743,inf,inf,inf,inf,inf,0.26339397562059635,0.5264697274885086,0.26307575186791227,2.135858761621978,0.5745740852987153,0.10794190673492099,0.012701858410199803,2.168439991423769,3.229935053300224e-05,0.000658034132266384,0.09317100125803914,inf,0.6541230984030462,0.5753592220509675,0.8795886025973243,0.24756098324386291,0.3784623778739046,0.25897991519694186,0.030474968558739494,0.3509571905434132,1.0002866781558282,inf,0.03706792630255223,1.0082798695657402,1.2128995115480682e-05,0.5261511934266825,PARALLEL_AT_THROAT,4.0,5,556027.7204748502,214326.26222857294,2868657.9331032378,inf,2.888361097721166e-06,2.3987699818734156e-06,1.067929380810989,12.566370614359172,89663.2749282178,2.0012096278369427,122719,2.662986523242753,-0.03505272436887025,True,0.144156834525941,16384,0.377182555326049,2.616473624482751,0.0814208984375,0.0002471038161564135,0.004476979866557833,True,5.236469243669054e-05,2.5703006479925753e-06
0.45353737264101335,-0.34873123137796347,-0.34873881800925544,-0.09170591087191214,inf,inf,inf,inf,inf,0.03852763697495278,0.060404423547823764,0.021876786572870982,2.0109683051746776,0.556844618782928,0.17016974894555414,0.04476070801011896,1.294547525459992,3.0247545294270038e-05,0.0005185025932629859,0.0934655800937525,inf,0.5716997828367497,0.5697920835008232,0.9966631099167808,0.28692425820376977,0.5018792499448993,0.3487622099405346,0.09173688943448327,0.10430116325616837,1.0001931938560473,inf,0.03561008367687464,1.0785498314071447,1.4599002513786012e-05,0.5601280200645934,PARALLEL_AT_THROAT,3.0,4,609538.8585267107,250674.9017321271,1531066.8371977077,inf,2.4651956815388515e-06,1.8614707457692435e-06,1.0054841525873388,12.566370614359172,141474.45273911336,2.761119570583105,206105,2.0718912313157642,0.008105128817260276,True,0.22494151495479006,16384,0.48897551071330353,2.173789532855153,0.096923828125,0.00025025570137371953,0.01035597636086866,True,4.126112536188534e-05,2.4070231749895373e-06
0.4186711719197401,-0.4208124955404158,-0.42082343842739084,-0.146989159287522,inf,inf,inf,inf,inf,0.1068912651976284,0.3213682200331471,0.21447695483551868,2.1101114367037144,0.5010950842700173,0.18982882423793812,0.06631822318271263,1.094607136316337,4.4299383541081216e-05,0.0006794312463092054,0.088942675796402,inf,0.5557552129981813,0.5065044680418699,0.9113805074528872,0.31596819191870035,0.5685384221843266,0.42085101623426396,0.14702767998137017,0.3188141743838787,1.0002110032716602,inf,0.08187897987663746,1.0172137105837464,1.8214015588024624e-05,0.5135406261692578,PARALLEL_AT_THROAT,3.0,4,677271.0780324484,323297.4866329535,2420356.2887175553,inf,3.0653794186343256e-06,2.1945721417451867e-06,1.0550557183518572,12.566370614359172,137291.655863521,1.498381121084094,460753,2.4321590879831705,-0.02469808580353855,True,1.5234159224088357,16384,3.807966086409416,2.4996233992278576,0.10809326171875,0.00027935312688472737,0.5676348620032129,True,5.406742067059856e-05,3.525232933243413e-06
0.29304176161750384,-0.3935036971245211,-0.3935081982614003,-0.08110467234306225,inf,inf,inf,inf,inf,0.5502472365327831,0.8293524386402881,0.279105202107505,2.1444154214135067,0.5771647524172772,0.146038664907789,0.03010614776683055,1.493358297384112,1.9412745406567386e-05,0.0002970173121246177,0.11644405101532221,inf,0.7654588416036868,0.6593249225518344,0.8613460145949914,0.23072569858060152,0.30142142991936177,0.3935249369433502,0.08112591216189136,0.36076924264431,1.0001138932363605,inf,0.05647705886512995,1.0113430423662066,6.527344293767033e-06,0.7032332405869255,PARALLEL_AT_THROAT,3.0,4,754833.46369293,300984.9619233237,1223550.8129754853,inf,1.6902110785139674e-06,1.3320219865850239e-06,1.0722077107067534,12.566370614359172,232825.91266017326,2.9714689385145903,369801,2.9740648773659197,0.12612938033416865,True,0.06387815968917933,16384,0.1363426578851385,2.134417437016964,0.1082763671875,9.986914353653275e-05,0.0006452747994307731,True,2.3635886704250626e-05,1.5448171952198426e-06
0.7106154070717019,-0.6745039492785357,-0.6745144660333484,-0.27899031240420363,inf,inf,inf,inf,inf,0.4052346603853824,0.8273412667051971,0.4221066063198147,2.222158346854718,0.5954564481019533,0.25673286345689744,0.10619823244263872,0.8640184373901533,3.493134683296523e-05,0.0005138512324807768,0.027273924536859177,inf,0.482592102573272,0.25652422342112324,0.5315549551127915,0.22031245117240691,0.45651897326470825,0.6745381301753799,0.2790244933010478,0.4358364748954773,1.0001233504754707,inf,0.06462332028895616,1.025579960551113,1.1452850040235114e-05,0.4496025781020953,PARALLEL_AT_THROAT,3.0,4,814599.7035105545,413772.1699920109,1456400.3094799425,inf,2.720029346030036e-06,1.883132589169635e-06,1.111079173427359,12.566370614359172,247989.28407147093,1.9600291829556227,115649,3.050013464792396,0.043509212508797634,True,0.18300717916789214,16384,0.4048792215619435,2.212367970496416,0.11273193359375,0.00016847507016358462,0.0032595550220479294,True,4.089098183158915e-05,2.77974825866192e-06
0.29251542787718926,-0.24263995708671177,-0.2426424608326168,-0.02669875166243894,inf,inf,inf,inf,inf,0.18165419718260833,0.682795606627414,0.5011414094448057,2.266206008557172,0.5784306951521396,0.09912987013223815,0.010913555770032907,2.2251088000732517,1.4190945989679297e-05,0.00024961008369561624,0.061198384163680904,inf,0.8483815909299517,0.4347736353451614,0.5124741507752251,0.1659149493209806,0.19556641857246487,0.24265606429685815,0.026714858872585318,0.4702517838776112,1.0001353194890443,inf,0.10109615400433541,1.007083828561008,4.8117114839507795e-06,0.7761325801471625,PARALLEL_AT_THROAT,3.0,4,835959.5516652616,344965.3292628877,1664066.7861733185,inf,1.2817710571079589e-06,1.0825292885909376e-06,1.133103004278586,12.566370614359172,189313.10935071312,1.362480916082859,346591,2.9492512252682817,0.00509233195334674,True,0.761608854540439,16384,1.1983824790238655,1.573488112539053,0.09417724609375,8.463506993132136e-05,0.023444077867880116,True,1.9863339332869518e-05,1.1292796007037845e-06
0.6446103594529037,-0.283085124061342,-0.2830887797942288,-0.049395804799759364,inf,inf,inf,inf,inf,0.043273347111360966,0.07616338675166824,0.032890039640307275,2.016512628346647,0.5722383303289114,0.13744281848499879,0.023989614100683967,1.7045390072084783,1.6111192745397654e-05,0.0002903005583500096,0.09993364213981143,inf,0.8085903648404773,0.48766036295791315,0.6030993988583097,0.2534344773932056,0.31342752574500987,0.2831027899428211,0.049413470681238504,0.127712005674839,1.0001302709503626,inf,0.04086967818439007,1.0171840994153172,7.697779283343504e-06,0.47389986861217265,PARALLEL_AT_THROAT,8.0,7,871590.0779652218,323775.69415506365,2037291.078450666,inf,1.4058061807403143e-06,1.1148922009584277e-06,1.0082563141733234,12.566370614359172,201381.09635692157,2.3156976271420717,215785,2.092966315656665,0.08359802067279815,True,0.3697987239365547,16384,0.8419139250553269,2.2766815312206745,0.09222412109375,0.00013870292903348912,0.01282936017508971,True,2.310138442187061e-05,1.2820879822681603e-06
0.32690314280864124,-0.22006109869056825,-0.2200688696198142,-0.032575291410027366,inf,inf,inf,inf,inf,0.15368971134691933,0.4095225956478035,0.2558328843008842,2.1320029213654554,0.45173143546662675,0.09629577467757378,0.014269956946317355,2.117697526685982,4.736880082924622e-05,0.000874554228887854,0.2778702197509658,inf,0.7901092315100539,0.9554822749380871,1.2093040263711043,0.3680715360220304,0.4658489248614061,0.22010254274186125,0.03261673546132036,0.3464051067829132,1.0003889460976474,inf,0.08402386754751207,1.020576498704031,1.8631529067769072e-05,0.6432838932417214,PARALLEL_AT_THROAT,4.0,5,941971.4182994651,403262.9036058529,inf,inf,3.298012812516884e-06,2.6796219115628493e-06,1.0660014606827277,12.566370614359172,66737.92833869849,1.6007425971329212,452527,2.5424000712421466,0.06566955260932444,True,0.48132807905140007,16384,0.7904483542145193,1.6422236487269402,0.08984375,0.00034398765118841853,0.036637194263551436,True,6.959481426471141e-05,3.7694894001550034e-06
0.3615280384182021,-0.4921989301237146,-0.49220330038807425,-0.17524427341847457,inf,inf,inf,inf,inf,0.030892816309272826,0.07642126154511669,0.045528445235843866,2.0228937708800836,0.6381272202210305,0.23966199179728404,0.08533502390185237,0.9351507085798566,1.41591078322121e-05,0.00018485701340289435,0.09371368222464116,inf,0.6997126142651531,0.6411865118272978,0.9163569424865663,0.20888099205377292,0.29852397655163376,0.49221458421234754,0.17525992750710753,0.15002197250723837,1.0000734281329666,inf,0.026247792690992356,1.0250577805563807,6.744038379539131e-06,0.57218705450487,PARALLEL_AT_THROAT,4.0,5,934156.1051448601,424718.8087472721,1272694.454504606,inf,1.245712792768487e-06,8.979382050362303e-07,1.0114468854400418,12.566370614359172,395126.8599549692,1.6785387936979532,175393,2.099499889438603,0.22751484252512455,True,0.25569479347648977,16384,0.4576599035967303,1.789867902174592,0.127197265625,8.804811771260645e-05,0.00474574354929654,True,1.4710453724137691e-05,1.1267460006338633e-06
0.44983568349860265,-0.3028409360033574,-0.30285088373764557,-0.11134449525523077,inf,inf,inf,inf,inf,0.0006454097611454613,0.0017244327378329793,0.001079022976687518,2.000539584256504,0.3957729976790508,0.1513484730827318,0.05565694965007224,1.15352947399367,5.197813730720551e-05,0.0007142086082734597,0.18787535121140736,inf,0.8449181640180957,0.5462954666832415,0.646566129061869,0.4070310705409748,0.48174022985290843,0.302876293200647,0.11137985245252044,0.023224253952503205,1.000271714167673,inf,0.1642173770815134,1.097685624146834,2.595042554272776e-05,0.7398822374487437,PARALLEL_AT_THROAT,4.0,5,958543.0080005998,485149.31540330464,inf,inf,2.8136363612630695e-06,2.0220208189942488e-06,1.000269792128252,12.566370614359172,107645.85550944573,1.5981427412480116,57969,2.0029782256026105,-0.019138387590646733,True,0.36778262330542,16384,1.0151976185433584,2.760319694876671,0.12127685546875,0.00035657332623203374,0.06449352071508441,True,5.683491520275213e-05,4.136288742575508e-06
0.6623856095182571,-0.3356810318434663,-0.33568716124703063,-0.0970482516092068,inf,inf,inf,inf,inf,0.0052841171526583144,0.012044187075687631,0.006760069923029317,2.0033828911185605,0.5048522482853492,0.1671280427673978,0.04832647971507213,1.272465803258859,2.5796813639511246e-05,0.0004272912590033696,0.1494597122967855,inf,0.7964181356819231,0.5718033417977424,0.7179687606035526,0.3281982883205064,0.41209293663245217,0.3357045856638132,0.09707180542955368,0.058088961690664284,1.0001551899348375,inf,0.06165759228169918,1.1270851558074355,1.2796962930664463e-05,0.5171974019841479,PARALLEL_AT_THROAT,8.0,7,972496.3836743449,421438.42340342706,4956828.274548661,inf,1.8743534684525375e-06,1.3865910307218602e-06,1.0016914455592802,12.566370614359172,179104.2038303321,1.781666049733758,378841,2.0158543694532516,0.05847857110202315,True,0.07870956889260515,16384,0.11877711186534017,1.5090555511415005,0.100830078125,0.00021196534108724397,0.00033896391373570853,True,3.40027580051728e-05,2.052845203374321e-06
0.291446775042258,-0.43049048395388906,-0.43049388290979373,-0.12273852558936156,inf,inf,inf,inf,inf,0.15071795311996777,0.5319602817724394,0.3812423286524716,2.1996847343232355,0.596365279031814,0.1831620647507774,0.052226221285033333,1.150096524287882,1.2979470764961956e-05,0.00018042354638241496,0.045146775703334474,inf,0.6859812284823176,0.3949186595620725,0.575698930473361,0.1666505891705161,0.24293753568041232,0.43050460922787326,0.12275265086334576,0.41631334871053693,1.0000719226648946,inf,0.10703019183129073,1.0075124392751604,4.751207956633795e-06,0.7480787229115798,PARALLEL_AT_THROAT,2.0,2,1059814.2017212084,462772.7570106431,1550232.0443100266,inf,1.1240535885561175e-06,8.535732717640402e-07,1.0998423671616178,12.566370614359172,382992.95835251955,1.3953337334096432,472177,2.731825439642057,0.08506967406719923,True,0.4391897400660131,16384,0.44481260754059443,1.0128028206527233,0.11895751953125,6.604504949849772e-05,0.0024777779543355065,True,1.4357649628465596e-05,1.0328734654802197e-06
0.39896671260304195,-0.30655782539113263,-0.3065610064571705,-0.07670205576637354,inf,inf,inf,inf,inf,0.07420288467319822,0.2711079270405087,0.19690504236731046,2.1008742796869475,0.508543245974233,0.14094767613561554,0.03527061171184505,1.377400572416943,1.5050881925956524e-05,0.0002246000631425806,0.12398981728974724,inf,0.8473898011415375,0.4332829901150716,0.5113148512424701,0.3377000675910684,0.39851797500529884,0.3065720717322068,0.07671630210744768,0.3061458571255207,1.0000998705459845,inf,0.03980025891214609,1.1123096144292504,6.344675296804807e-06,0.8562251491515643,PARALLEL_AT_THROAT,3.0,4,1082516.137084204,471332.09758537397,2207667.21761359,inf,1.1336878014611789e-06,8.805466093485697e-07,1.0504371398434738,12.566370614359172,270420.1909353479,1.3768460359424353,207289,2.3722068067905986,0.10340248802676794,True,0.4809225491274277,16384,0.9147387792053009,1.9020500928163528,0.1114501953125,9.467979878467936e-05,0.0407608918851374,True,1.7873105133946758e-05,1.1977111282042234e-06
0.41232107735236395,-0.4879114361614784,-0.48792222107491395,-0.2422379620620904,inf,inf,inf,inf,inf,0.004339927617680741,0.007112192721341023,0.002772265103660282,2.001386612892635,0.49378278863433894,0.24327557541784975,0.12078954896437244,0.7760719887059051,4.4025076769213476e-05,0.0006206403861574999,0.09932149499375509,inf,0.4790613914248926,0.5195735477855945,1.0845656884187742,0.3990295367430355,0.8329402950970125,0.4879442782735002,0.24227080417411212,0.03721790164709091,1.0001782194354614,inf,0.015304652974009514,1.044512163149193,2.1912622894005154e-05,0.541613308477925,PARALLEL_AT_THROAT,2.0,2,1102094.9717530876,629638.6679365807,29125395.859573092,inf,2.6134922349185094e-06,1.755256092876276e-06,1.0006933064463175,12.566370614359172,186702.01952550077,2.565480737015605,129029,2.0091194460001334,0.11804981939494608,True,0.054735544187340175,16384,0.10871260470820276,1.9861427582800388,0.11749267578125,0.00030891164156173254,0.0007847902617305961,True,4.9388992669714415e-05,3.5034042939102474e-06
0.27588601256478057,-0.19565794077548979,-0.19566025482160315,-0.029004330308914923,inf,inf,inf,inf,inf,0.007449797552040824,0.05425726588787252,0.046807468335831694,2.0235406631737782,0.48952814503147124,0.09634281737979353,0.014287478524574324,2.018072346512462,1.4100521341149998e-05,0.00024084843173770423,0.37938607819912495,inf,1.0227437384582192,0.9720886021160078,0.9504713307572298,0.38160030210694085,0.3731142883184025,0.1956713430578103,0.02901773259123545,0.1520903320610523,1.0001411157048625,inf,0.008150449581444263,1.1413873878773302,6.7854948107169584e-06,0.9312577000872768,PARALLEL_AT_THROAT,4.0,5,1116636.7509180831,460796.0205683357,5060602.445876854,inf,1.0665197400123911e-06,8.823738012699478e-07,1.0117703315868891,12.566370614359172,183467.15556857572,1.1591583099216223,464879,2.078038777493388,0.12328736651688815,True,0.07276979746525615,16384,0.08157551924524777,1.1210079193115234,0.09759521484375,0.0001159017985353599,0.0003323396691007011,True,1.916610922349328e-05,1.1220838358083919e-06
0.10213096855545828,-0.16668770361331645,-0.1666893589536638,-0.020583471879333303,inf,inf,inf,inf,inf,0.007847299522920098,0.22551643920774872,0.21766913968482862,2.1117936217435718,0.4680001409982085,0.07864478730365497,0.009716021932072404,2.3111998436852446,1.2007616402367467e-05,0.00018978291276420219,0.4356564220485661,inf,1.1169865356266622,1.4672317127918708,1.3135625775190842,0.2658260126847754,0.23798497493583415,0.16669870941312653,0.02059447767914339,0.3210500141978264,1.000134852566747,inf,0.13888114504516125,1.0378199950791895,5.136948536654387e-06,1.1408663639613916,PARALLEL_AT_THROAT,2.5,3,1127820.915867814,507819.40650913486,3492191.6540400456,inf,8.758137212275248e-07,7.440859218380967e-07,1.0558968108717859,12.566370614359172,190335.8047182506,1.0360515024513006,4127,2.3374998438640846,0.024450843594968297,True,0.20063983682509515,16384,0.5152736840303509,2.56815242767334,0.1048583984375,8.119055633838033e-05,0.015594513774500817,True,1.5102444340400368e-05,9.555357525940516e-07
0.5677160156134027,-0.28925030545311,-0.2892533951108328,-0.046119260494198185,inf,inf,inf,inf,inf,0.004269070531047951,0.007506105329610292,0.003237034798562341,2.001619172298817,0.6352592030493764,0.1442083890902342,0.022999719650152302,1.7270220831387286,1.2745201053218855e-05,0.0002723895202544528,0.09768584156304856,inf,0.6419872146326829,0.675967279440768,1.0529295039427333,0.22510211164166213,0.35063332494940064,0.2892659121935353,0.04613486723462351,0.04021452635526657,1.000111965396214,inf,0.007877901941537858,1.112456614151597,6.342796780143668e-06,0.4114981861012212,PARALLEL_AT_THROAT,8.0,7,1158720.2409221346,406318.34874586796,3800628.0466500116,inf,1.2419449421213748e-06,9.960777925974282e-07,1.0008095861494084,12.566370614359172,232913.63600985258,2.3188213277608156,196393,2.0093976671486815,-0.004694114811718442,True,0.742861912590221,16384,2.0309968967439755,2.734016729518771,0.07806396484375,0.0001355577966012926,0.06637871496906907,True,2.1676069297463056e-05,1.0142308741599058e-06
0.8199977972036994,-0.7746453940804812,-0.7746540812436488,-0.41999219529331944,inf,inf,inf,inf,inf,0.0038718789766986374,0.019687797089835254,0.015815918113136616,2.007923592949574,0.7112974559738842,0.385064072547162,0.2087771667775685,0.5995309381810606,2.463927519091261e-05,0.00036832802723801785,0.014892785971399593,inf,0.32964597224763437,0.25478750731636834,0.7729125448709219,0.17731686509161834,0.5379008998126499,0.7746701575518702,0.4200169587647085,0.08875107303261758,1.0000904974270513,inf,0.0027527140453457834,1.050008633872494,1.2149665487977464e-05,0.34064768989192157,PARALLEL_AT_THROAT,2.5,3,1181846.7799168031,694817.1636656026,2041108.55086443,inf,1.9706144398410175e-06,1.2793119600544942e-06,1.003961796474787,12.566370614359172,393110.9718318962,1.244808992370963,233653,2.0279797180666472,0.034357825573533785,True,0.16752139008386735,16384,0.339865243716298,2.028787150979042,0.11090087890625,0.00018162313161058604,0.0017700604557044555,True,2.9310613107108403e-05,1.9607312204176227e-06
0.23825783743466922,-0.24698635524552012,-0.2469886313836072,-0.03935022064880256,inf,inf,inf,inf,inf,0.00927210104667912,0.01559379505505161,0.0063216940083724886,2.0031633447410724,0.5709868541935874,0.12273612084688598,0.019559576709123547,1.7960809824477115,1.1030307838330588e-05,0.00020864233054343676,0.08602019675587176,inf,0.6108208919597277,0.6796282873210169,1.1126474163981703,0.20721209520250203,0.33923544189474747,0.24699852007076234,0.03936238547404477,0.05617700129747391,1.0001020001411356,inf,0.08868275694549084,1.0419037253595889,5.463345607924008e-06,0.6888523237768905,PARALLEL_AT_THROAT,2.0,2,1258453.5057182605,472752.0042724543,3665136.334137012,inf,9.680460345735796e-07,7.86916720715179e-07,1.0015816723705362,12.566370614359172,255151.6263165772,2.4667114596813917,96399,2.0189657821266676,0.03544998513534664,True,0.6472157705021032,16384,1.2355376822220963,1.9090042896568775,0.08746337890625,0.00010334119200557446,0.05012403318466218,True,1.6603229122100548e-05,8.777640081477959e-07
0.24886757268887946,-0.15546706045969733,-0.1554693878915466,-0.01570213008105506,inf,inf,inf,inf,inf,0.003953711027784482,0.008188690381620251,0.0042349793538357695,2.0021186106172366,0.49619863542487846,0.07750636558607227,0.007835432554090586,2.5489043088342025,1.6703033445719084e-05,0.0003303064409051976,0.18375470140974534,inf,0.8276737616319101,0.669656011358326,0.8090820833053555,0.33153356219385494,0.40056067687850333,0.15548337475351975,0.015718444374877478,0.045991836041212084,1.0002132418887633,inf,0.041787853091955186,1.0581802162341774,8.307331656343497e-06,0.9479893960572287,PARALLEL_AT_THROAT,2.0,2,1307535.6018363885,548289.8327025193,inf,inf,1.2982502524457404e-06,1.1130391106864952e-06,1.0010593053086183,12.566370614359172,119763.79319827484,1.9335844870656729,409727,2.010637607439762,-0.06600394817069172,True,0.15614982304668779,16384,0.43981337866206394,2.8166114445775747,0.08367919921875,0.00016427945030123657,0.015390332860691296,True,2.628495140257661e-05,1.3291851687577227e-06
0.7813572631119478,-0.5212091535119682,-0.5212147651168391,-0.20068818340050978,inf,inf,inf,inf,inf,0.012801282521202814,0.04152933564087552,0.028728053119672706,2.014415607209448,0.623192976065096,0.2571149444393689,0.09900607521322266,0.916949317291971,1.7746015446138186e-05,0.00030563305100116025,0.02833616511023345,inf,0.4243355090000237,0.3569932090403222,0.8412993998112523,0.18705604342646878,0.44082109429700905,0.5212277579696465,0.20070678785818816,0.11942041024565697,1.000084873353468,inf,0.07031046431511641,1.0858622330706567,8.630278650917582e-06,0.3675818693946778,PARALLEL_AT_THROAT,4.0,5,1353280.3045954315,640307.8493058787,3091454.8249971983,inf,1.4804957015275842e-06,1.0339383745850641e-06,1.007207803604724,12.566370614359172,352062.99986676127,1.445602159947157,316929,2.0562505759013248,0.06211197981610894,True,0.10485791613775092,16384,0.28320039601274805,2.70080129802227,0.09661865234375,0.00014863609259644384,0.001310715322688216,True,2.4321505419546004e-05,1.4121830392190095e-06
0.1071897525982355,-0.3533229891493223,-0.3533248660272712,-0.07351250049941516,inf,inf,inf,inf,inf,0.6327481791400864,1.0558911723730422,0.4231429932329558,2.2227309876018486,0.538283468004607,0.12373853403724308,0.025747803826744898,1.5178760464628278,9.57681377051956e-06,0.00012472640164437032,0.2835974051441871,inf,1.0585268308414055,1.1197097422904352,1.0578000572743125,0.2392736778955757,0.22604403679156718,0.35333280606653544,0.07352231741662832,0.4363149809837341,1.0000583606579492,inf,0.084453440643847,1.0195201316382736,2.9208762074047298e-06,1.0620928393104376,PARALLEL_AT_THROAT,2.5,3,1365671.4151045354,589470.44595749,2020415.4091214067,inf,7.812054501993132e-07,6.318482486234113e-07,1.1113654938009243,12.566370614359172,452291.78313641786,2.4953530821949244,507273,3.2787468863765348,-0.15235155588015914,True,2.0483770802281023,16384,3.178601768516894,1.5517659317702055,0.12725830078125,3.8040875360833395e-05,0.34760164350268247,True,9.92541167788332e-06,7.620986253243601e-07
0.7995664582541666,-0.5370437211107751,-0.537055931712453,-0.21826956523702157,inf,inf,inf,inf,inf,0.05541459547581449,0.09298179018987779,0.0375671947140633,2.0188718012944658,0.5923560529076279,0.2589239487299464,0.10524499852803913,0.9233872940191046,3.972763238502464e-05,0.0007791973243878932,0.0640392311390413,inf,0.3416684896899274,0.6499430069108763,1.9022620654913642,0.28838051021838357,0.844036014208088,0.5370824246485733,0.2183082687748197,0.13641119450330733,1.000175277375647,inf,0.003727216646075249,1.0233327324967831,1.8804797783824135e-05,0.23097592550938298,PARALLEL_AT_THROAT,6.0,6,1387521.5839739947,681638.6260484193,inf,inf,3.079929677859641e-06,2.108240870279582e-06,1.0094359006472329,12.566370614359172,174381.3920523705,2.4750794116407633,229633,2.1126327888087317,-0.08210546327754853,True,0.08181466191924508,16384,0.1535518511015996,1.8768255896866322,0.08477783203125,0.0003688276204532761,0.0004786078404786438,True,6.200655291015612e-05,3.161424535707168e-06
0.2019363426959955,-0.36625322381877323,-0.3662550868012534,-0.06935357219239341,inf,inf,inf,inf,inf,0.09390524974457762,0.3411880004900944,0.24728275074551678,2.1274595282259727,0.6837520450194163,0.1648816631815846,0.031225248633754768,1.4581473262182976,6.969296933756361e-06,0.0001135592851841215,0.10095680308654742,inf,0.6727927277329081,0.8688475726042025,1.2914045244393995,0.17270730570140902,0.2567020994465506,0.36626231912477575,0.0693626674983959,0.3409308160841465,1.000052043457596,inf,0.00992733221501112,1.0186850782483816,2.822993673883128e-06,0.6225873455383355,PARALLEL_AT_THROAT,3.0,4,1382037.2069558313,510677.1298294667,1988949.3195117302,inf,7.237814546147479e-07,5.755300193084112e-07,1.0637297641129864,12.566370614359172,506039.9334488733,1.379748484119773,171129,2.4687610880012514,-0.1612106499262154,True,1.4883698159741,16384,1.650089813943032,1.1086557898670435,0.10174560546875,4.599849120113154e-05,0.03762639604671475,True,9.036760785517586e-06,5.545990284412572e-07
0.7322859500217309,-0.3835409417683023,-0.38354509082815935,-0.07837449705807123,inf,inf,inf,inf,inf,0.0010976362589682253,0.00723783355123478,0.006140197292266555,2.0030724550211696,0.710818171875102,0.19138058518671652,0.03911484385170341,1.417689860687973,1.3624403692773963e-05,0.00033227534162534,0.02088501695806318,inf,0.29985284430379155,0.4491307224034761,1.49783712556165,0.15507932279493333,0.5171847649302835,0.3835592448829078,0.07839280017267677,0.05536595985293388,1.000101000677332,inf,0.01914240512996912,1.0038783876225352,6.776144073192171e-06,0.24013709651002413,PARALLEL_AT_THROAT,4.0,5,1396369.5437502717,487345.77653054724,7169063.38163334,inf,1.4565155817246664e-06,1.1263438890074037e-06,1.0015362275105848,12.566370614359172,263340.2963178284,1.1787623763084412,243449,2.0106425639140295,-0.062350943870842446,True,2.5264773976843595,16384,3.263671473190917,1.2917873226106167,0.0679931640625,0.00016525828488307448,0.09041146628307585,True,2.6441631543610532e-05,1.0841955971922243e-06
0.6964557875155764,-0.6943809375489073,-0.6943890330699237,-0.3365984434585532,inf,inf,inf,inf,inf,0.044848711039120664,0.20080012816186507,0.1559514171227444,2.0794951841412748,0.6557657894836333,0.3268796748692453,0.15845944173181736,0.7242865527285862,2.403369495945453e-05,0.0004005282919037551,0.019197197208874736,inf,0.31225641048842123,0.395383156187547,1.2662130957346933,0.1554920894235715,0.49796284143648445,0.6944048417670338,0.33662234767667976,0.27385186523199084,1.0000907886383223,inf,0.07302238587290048,1.017761685885489,1.0537878191238351e-05,0.28869317487448065,PARALLEL_AT_THROAT,3.0,4,1435154.108804547,786060.8306025444,3558621.6724453336,inf,1.9022372377924752e-06,1.2580161444562786e-06,1.0397475920706374,12.566370614359172,365046.392726957,1.2875812985002995,210789,2.280695840595044,-0.034777675569057476,True,0.496707737666441,16384,0.7183464408095108,1.4462155234068632,0.0994873046875,0.00017561670643432027,0.005998930462430756,True,3.18730287523181e-05,1.912540676779979e-06
0.27488059208444443,-0.14645515960335237,-0.14645818976391192,-0.017144802009919226,inf,inf,inf,inf,inf,0.04378002866437608,0.06680461007285311,0.023024581408477032,2.0115454236391055,0.4254603921527455,0.07126620683389104,0.008351422487445996,2.5105767694300987,2.4081466630055436e-05,0.00042604928783556117,0.2675804626825924,inf,1.0824127474690715,0.6791210495949612,0.6274141275432145,0.3640108345230352,0.33629577568647057,0.14647524879482055,0.01716489120138741,0.106986985206604,1.0002798320049302,inf,0.11684171743690969,1.1068856744095683,1.1584444725429247e-05,1.0883653855827011,PARALLEL_AT_THROAT,3.0,4,1452211.0600485282,651665.1187012717,inf,inf,1.5986470624404617e-06,1.3575145467330515e-06,1.0057727118195527,12.566370614359172,91624.50689473288,2.90144732221961,408319,2.078776082999794,-0.008611345943063509,True,0.07765970925657498,16384,0.1652000825412952,2.1272302474826574,0.093994140625,0.00020495198656545412,0.0020402848919884304,True,3.390392507990564e-05,1.9163422255379247e-06
0.2438298269439239,-0.15846824442381038,-0.158469240511962,-0.010347284259602147,inf,inf,inf,inf,inf,0.04977167375644247,0.1569884205549904,0.10721674679854794,2.0543267088224577,0.5718377277241665,0.07531789741002318,0.004921493234918526,3.0033596710504376,7.074851075793892e-06,0.00013802111156239582,0.1283672111904496,inf,1.1141928461644874,0.6387762413847642,0.5733085108055541,0.18036197647787697,0.16187680355223738,0.1584762661196733,0.01035530595546507,0.22845283746719358,1.0001021193054263,inf,0.07296737264841795,1.0202147986274213,3.1991865051400504e-06,0.7509255941324314,PARALLEL_AT_THROAT,6.0,6,1459687.3662521297,602422.6157215001,4451984.670151946,inf,6.38346274281966e-07,5.590800977391283e-07,1.0271633544112289,12.566370614359172,248260.65805417742,1.4642154816538095,267959,2.2114531504890107,0.03572361860424278,True,2.0760709946289966,16384,4.685980493815787,2.2571388483047485,0.085205078125,6.241195366579469e-05,0.28637456722369076,True,1.0983371078096622e-05,5.629987601758057e-07
0.3080848974145419,-0.43364088097210707,-0.4336470406143876,-0.1427271078989425,inf,inf,inf,inf,inf,0.3001681392179213,0.4816632804089251,0.18149514119100377,2.092805292432958,0.5011382456545664,0.18122359577395625,0.05965359870446635,1.151258188029866,2.5333727189994638e-05,0.00041837516059755855,0.17611112938833814,inf,0.5419407247325662,0.8307560486539775,1.5329278844359486,0.3911663632927715,0.7217880949725675,0.4336632498753159,0.1427494768021513,0.29448832988739015,1.000117107958746,inf,0.007194989733397961,1.060918292729184,9.83877261471529e-06,0.5222912877653682,PARALLEL_AT_THROAT,3.0,4,1471664.1108596837,682910.6113702607,17757425.294753004,inf,1.7800607586131249e-06,1.2898920003039126e-06,1.046402646216479,12.566370614359172,243622.72342500836,2.653863223269582,181361,2.5748869480024807,-0.1267528658732772,True,1.7259387911722817,16384,3.2073776706792105,1.8583380170166492,0.1005859375,0.00016248292412298772,0.5454518896617175,True,3.32932374379835e-05,2.015993954614599e-06
0.8573181586724817,-0.5182175678001729,-0.5182267164307668,-0.25074578134102427,inf,inf,inf,inf,inf,0.002788292431447486,0.006102582253492995,0.003314289822045509,2.001657831443219,0.5239558993454004,0.2585476889180685,0.1251084394050329,0.7977119136326425,3.428013357110681e-05,0.0005248933430616495,0.07034272868146381,inf,0.5335710642301822,0.4198309439249862,0.7868322929593338,0.31401651985916645,0.5885186452384156,0.5182449128885754,0.2507731264294268,0.04069118350744247,1.0001386388986475,inf,0.05920236278325319,1.1239553573541343,1.7069354364612648e-05,0.3961742583722656,PARALLEL_AT_THROAT,6.0,6,1487842.8828316266,828265.3667856911,inf,inf,2.1760529942717605e-06,1.4480281035036669e-06,1.0008289157216095,12.566370614359172,238158.22236535727,1.8412940874695778,81029,2.0082853070397735,-0.04452978540211916,True,0.7280208084044699,16384,0.8451311904294361,1.160861311480403,0.1090087890625,0.00026136393132076733,0.012516804900803029,True,4.176968507214577e-05,2.7279263538460376e-06
0.45226663788258253,-0.377331584124634,-0.37733483314236277,-0.09192868351517604,inf,inf,inf,inf,inf,0.02805157695119043,0.04435707341831466,0.016305496467124227,2.008169364990473,0.6320810459946208,0.18531642686555105,0.04515339507917303,1.2980237647252224,1.1590137882004321e-05,0.0002305189764370287,0.03369351134986065,inf,0.40730520507472384,0.4307246208089947,1.0574984445140454,0.19205544111242379,0.4715270974187268,0.3773451892694358,0.09194228865997778,0.0901087249815464,1.0000776601459713,inf,0.051818872243165975,1.0435869770590216,5.646132553737724e-06,0.46007990516787756,PARALLEL_AT_THROAT,2.0,2,1521988.7583561486,586525.8754327527,4058691.239851558,inf,1.082663023339112e-06,8.241144074789999e-07,1.0040846824952365,12.566370614359172,348534.29103511886,2.720375519245863,21273,2.052756957385225,0.08048068946227432,True,0.16195621378988906,16384,0.2565958228279473,1.5843530595302582,0.08319091796875,0.00011229725740677103,0.0014919230611925903,True,1.8344117288218633e-05,9.22313867518809e-07
0.42586204647566056,-0.43373533883367177,-0.43373818338359726,-0.11295348157462792,inf,inf,inf,inf,inf,0.40170819823409,0.6345008571358074,0.23279265890171744,2.119780492688063,0.5755963173825762,0.17202028653803692,0.04480105354527332,1.2717641244762155,1.1179716535878638e-05,0.0001768859529836253,0.048916366226130825,inf,0.6512813406001666,0.3532468165593461,0.5423874361789994,0.21262155764012677,0.32646652742145577,0.4337472071148483,0.1129653498558045,0.3313898441195488,1.0000593449792192,inf,0.08539811559021473,1.0628722065594047,4.058771482053554e-06,0.6288234693832514,PARALLEL_AT_THROAT,3.0,4,1582845.5743521184,660498.3622093217,2815836.5947052347,inf,9.444478076282765e-07,7.18085716867431e-07,1.0598902463440314,12.566370614359172,459260.1132762289,2.72560509480536,483289,2.7544582357768537,-0.08108836319297552,True,1.5975791059674829,16384,4.390503204749321,2.7482227254658937,0.10491943359375,6.421805590881913e-05,0.4284777090231464,True,1.407613689043228e-05,8.896535745256429e-07
0.5893248376275813,-0.4681931240649142,-0.4681992538803452,-0.1617080108080669,inf,inf,inf,inf,inf,0.34453669237826473,0.6238772932130083,0.2793406008347436,2.1445413169215954,0.49865948771235546,0.18810768974271108,0.06497570588694722,1.1130684686888126,2.489123962395604e-05,0.0003996670810068793,0.06305670392074057,inf,0.5751641563462391,0.45376783005270316,0.788936210725104,0.24160490614276617,0.4200625221112077,0.46821471391878305,0.16172960066193579,0.36091075375676157,1.000106043870885,inf,0.16042415983974934,1.0600861248094589,8.989842283541723e-06,0.4864105003502213,PARALLEL_AT_THROAT,4.0,5,1582869.6705390029,754390.9788759971,12728667.125951976,inf,1.71806598193192e-06,1.2302707688853243e-06,1.0722706584607977,12.566370614359172,272524.29117552744,2.23339282348752,61137,2.7688182772156105,-0.0925608237273991,True,0.17148424943191992,16384,0.17698432900094363,1.0320733804255724,0.103515625,0.00014434572477930695,0.00048942539493476,True,3.18044957666769e-05,1.980781912918727e-06
0.20887496193393942,-0.25476240996058563,-0.2547666913190697,-0.06889857425103839,inf,inf,inf,inf,inf,0.07816599673640304,0.20553179798798904,0.127365801251586,2.0646965217268876,0.4059064147289216,0.11889743559283318,0.03216119651631247,1.4539691990259396,2.4680332751791068e-05,0.00037043897564086666,0.4116360693783501,inf,0.8645931383248014,0.9968548585525359,1.1529756764944943,0.4776059275203283,0.5524054105330017,0.2547808582732854,0.06891702256373815,0.2483695228397846,1.0001572901651097,inf,0.06755861975252629,1.1044304724782705,1.086952622400997e-05,0.9397557021690844,PARALLEL_AT_THROAT,2.5,3,1606227.3353261047,755714.5745667882,inf,inf,1.468070078935571e-06,1.12737039598951e-06,1.0323482608634438,12.566370614359172,173548.15817649188,1.6137125976383686,346745,2.2705987586905176,0.09594601625576615,True,0.757215168456533,16384,2.159842585828102,2.852349868044257,0.1107177734375,0.00016314594299104762,0.5376898884793175,True,2.947859704357107e-05,1.963998477300174e-06
1.1465780462272013,-0.9079198052686918,-0.9079288460771482,-0.45670207963364795,inf,inf,inf,inf,inf,0.3631879630546639,0.5635204119355665,0.20033244888090257,2.102672971624753,0.7137577406615322,0.3682064572287401,0.1852205802519811,0.6744978052575559,2.470356894676031e-05,0.00043635340817128876,0.008965215772939886,inf,0.258776781259834,0.21849341212712856,0.8443315936747142,0.15856126170026108,0.6127337272235874,0.907945918777058,0.4567281931420141,0.3086667035520077,1.000077682471317,inf,0.019950513355433942,1.011919591575861,9.263966648344703e-06,0.23787585756628926,PARALLEL_AT_THROAT,3.0,4,1684279.4542106364,939905.1710506051,4111079.9671768807,inf,2.0780469689765066e-06,1.358602291288352e-06,1.0513364858123766,12.566370614359172,436922.71268740646,2.8129262886941433,266133,2.666629736968491,0.06667624209076167,True,0.12439371512835203,16384,0.28547929969848146,2.294965621083975,0.09381103515625,0.00016363479418306836,0.0008663981569041719,True,3.472390092272802e-05,1.965847554944175e-06
0.7583612686440198,-0.40079148708674206,-0.4007942207092722,-0.0696603867364574,inf,inf,inf,inf,inf,0.2794369856187767,0.4338175129841343,0.1543805273653576,2.078679293582019,0.7032024748881284,0.1699681244862089,0.029546253321098073,1.5680583526800367,9.733606693355217e-06,0.00022109103100024152,0.021472951337197923,inf,0.38869608270554923,0.3596654189794751,0.9253126928267351,0.15359705636980636,0.3951597744455826,0.4008046012961566,0.06967350094587194,0.27252259463071826,1.0000683117934075,inf,0.022381517291069034,1.006605536211282,3.873736364381856e-06,0.31213283469863606,PARALLEL_AT_THROAT,4.0,5,1703352.3546559133,591528.6608324022,4444976.243243161,inf,1.043595626532397e-06,8.260608574234265e-07,1.0393396467910094,12.566370614359172,384061.21212670126,2.8100533168762922,62665,2.5127178975971534,-0.08008213788270951,True,0.46115898907856845,16384,1.3276167828146177,2.8788700085133314,0.072998046875,8.798879938399178e-05,0.02137262705684453,True,1.7593865228485954e-05,7.745758096799205e-07
0.9225633823441474,-0.3954395595082128,-0.3954445157102187,-0.12411039313372126,inf,inf,inf,inf,inf,0.05138037575468627,0.08394953667516081,0.03256916092047454,2.016350876251646,0.5364694745913628,0.19125191157343002,0.060031199930551296,1.176930805011571,1.888498371886067e-05,0.0003408586941685866,0.03454076185569777,inf,0.5403238414538497,0.29909706979708073,0.5535514942155801,0.21373006762314495,0.39555920214081486,0.3954575545663328,0.12412838819184129,0.12709259018301963,1.00010248056422,inf,0.13851780761033297,1.0760717615485191,8.990104104870763e-06,0.3840964453282645,PARALLEL_AT_THROAT,6.0,6,1716566.5901530865,755227.2079605412,64439713.94288116,inf,1.4320012255138042e-06,1.0375992014128386e-06,1.008175438125823,12.566370614359172,276157.273835043,2.5775775089859962,393393,2.1006412716209755,-0.04763757567852733,True,0.9885597289067666,16384,1.4076636913844363,1.4239541124552488,0.09222412109375,0.00016226411371302843,0.02197914141544337,True,2.7124673036389576e-05,1.5028192545333201e-06
1.442973262017972,-0.5780658026381434,-0.5780749707583035,-0.2217290568556475,inf,inf,inf,inf,inf,0.297216208978257,0.4808443924925377,0.18362818351428067,2.093920439443294,0.5775640534162071,0.24176603616647557,0.0927420370496862,0.9832542019696286,3.076054935581242e-05,0.0005858621445949787,0.020513264898976577,inf,0.4127390850515688,0.24016966604974363,0.5818922286454556,0.20693837624534986,0.5013781920350344,0.5780956294212699,0.22175888363877397,0.2961348919570446,1.0001229353993277,inf,0.10038085505366326,1.0030415949877352,1.1944217704608965e-05,0.23853549002914676,PARALLEL_AT_THROAT,8.0,7,1729539.84695112,832759.5161269907,inf,inf,2.3735399855525233e-06,1.6439641643851144e-06,1.046960219721647,12.566370614359172,243558.41188270447,2.618576208129525,381281,2.5753506940804267,0.040552358701825164,True,0.06811543753594293,16384,0.11069657799993762,1.6251320112496614,0.08721923828125,0.00022748829739639435,9.143805469637559e-05,True,4.66214281413548e-05,2.447846741099882e-06
0.28803243995075967,-0.47454687065813345,-0.47455025865469297,-0.12001314241780743,inf,inf,inf,inf,inf,0.44954822207458206,0.8094854905077625,0.35993726843318047,2.1880494864986355,0.60293434292904,0.17992164586942216,0.045506254512372654,1.2850848759741136,1.2602710617110363e-05,0.000229562729352058,0.08779625983318266,inf,0.4916045404700701,0.8314301633237926,1.6912581045911064,0.21480003786440466,0.43693664354485784,0.4745609208679098,0.12002719262758375,0.40558775812387465,1.0000640493701667,inf,0.05711844153702259,1.071185472421348,4.204036190988262e-06,0.5182572231156644,PARALLEL_AT_THROAT,2.5,3,1750242.8395968291,718828.1706486963,3976075.6754752444,inf,1.1180801686903797e-06,8.484719688776419e-07,1.0940247432493178,12.566370614359172,424442.6599782809,2.2489626985043287,345817,2.99776453973575,0.011457878910005104,True,0.05124653160107144,16384,0.054576215284622046,1.064973834902048,0.091064453125,7.657797212195116e-05,6.0156810209722986e-05,True,1.826802156302348e-05,1.0028918455349124e-06
0.19367662386504617,-0.27719731701529277,-0.27719845365934803,-0.04171686244477674,inf,inf,inf,inf,inf,0.0018209679282036515,0.003024394914484705,0.0012034269862810536,2.0006018040079208,0.644481509072269,0.13843397546153877,0.02083620446594024,1.7469451185301772,4.832761903796341e-06,8.226136332652053e-05,0.16349200377537312,inf,0.9523175923025718,0.9231298725950199,0.9693508552782479,0.18597385966000324,0.1952855446157875,0.2772033448738319,0.041722890303315906,0.024526159316301345,1.0000449445285877,inf,0.025489387661218645,1.0397375607863069,2.4119087180513186e-06,0.5705109758669334,PARALLEL_AT_THROAT,8.0,7,1790933.3651410611,626361.901132439,2812132.8519841093,inf,4.79681741383469e-07,3.8923048141673004e-07,1.0003009020039604,12.566370614359172,577890.1320578492,2.5131519809365273,264745,2.003708460285732,-0.03871135935187342,True,3.4811657332006596,16384,10.149397876640121,2.9155170004814863,0.0977783203125,4.105455706604639e-05,0.9546436260445171,True,6.54615129944705e-06,3.845789728876932e-07
0.9060963637205722,-0.494913273354837,-0.49491702312410313,-0.1255788069636471,inf,inf,inf,inf,inf,0.41453000754065183,0.7409963098541763,0.32646630231352447,2.1698833602456724,0.6235819114639557,0.19150510771262214,0.04859667402519588,1.2810184451597808,1.3119482067736211e-05,0.00025438967823402276,0.024803651545507045,inf,0.44783835413550765,0.2498403466988054,0.557880637939305,0.2216826797238483,0.4950060165163326,0.49492836037186055,0.12559389398067067,0.38788321390748026,1.0000661212551425,inf,0.0303593447431922,1.0355702713131905,4.506656786783744e-06,0.3699736869339345,PARALLEL_AT_THROAT,4.0,5,1805312.2038517685,726955.1620957837,4703714.983227586,inf,1.2005866679073021e-06,9.02189510823921e-07,1.0849416801228362,12.566370614359172,412238.76093389554,2.2697482239454985,405721,2.911134059778083,0.07563050230965018,True,0.10894338395636557,16384,0.28992518453773014,2.6612463649362326,0.0855712890625,8.738507846437515e-05,0.0013913412065763653,True,2.0243687381250727e-05,1.044015210942849e-06
0.16724836936749396,-0.2543373640374234,-0.25434053683106794,-0.054606316465670705,inf,inf,inf,inf,inf,0.48563321139217647,0.8411953651536285,0.355562153761452,2.1856670575322346,0.3909600965387127,0.09521695838476275,0.020447734611886925,1.7512399022300726,2.1217243435628972e-05,0.0003093611233420237,0.5883568050648474,inf,1.0103302294290166,1.1923002918421002,1.1801094900584368,0.48841813761526975,0.4834242541582636,0.2543530865393812,0.05462203896762853,0.40333486124873164,1.000130458150705,inf,0.07494323384016753,1.002749921521172,7.008932743463441e-06,1.0965808015213683,PARALLEL_AT_THROAT,2.0,2,1842863.8721212724,880962.2939421386,inf,inf,1.2511569521797394e-06,9.986740562082644e-07,1.0928335287661173,12.566370614359172,203294.30779747703,2.3658180609345436,43433,3.027171783809205,0.31781896771863105,True,0.19365584504545685,16384,0.5589324656679148,2.886215314269066,0.1134033203125,0.00010219476971760844,0.053655653384465644,True,2.4618175990172295e-05,1.6884145857822096e-06
0.20229750204731164,-0.21343600677862867,-0.2134371784397465,-0.02108551196848288,inf,inf,inf,inf,inf,0.14740761846977443,0.29424041815069896,0.14683279968092453,2.0747634381537914,0.5965523749326075,0.09605199046762053,0.009492274807202834,2.349917519212565,6.767935343076952e-06,0.00013690366167282497,0.23401822856843527,inf,0.8239672672232097,1.186513412154488,1.4400006642898182,0.23936854308157138,0.29050734489520363,0.21344395314822898,0.021093458338083175,0.2660279370844364,1.000075665356811,inf,0.013449576497077943,1.1217486914247274,2.8567046152097834e-06,0.7373530974815684,PARALLEL_AT_THROAT,4.0,5,1840199.9417985072,712429.8079009728,5597758.308369067,inf,6.32352000761301e-07,5.39114171497309e-07,1.0373817190768957,12.566370614359172,337539.77672445035,2.0039147846400738,27295,2.369140759966163,0.05456374883651732,True,0.06393207570611538,16384,0.15207004619353698,2.3786189407110214,0.08233642578125,5.778620839513996e-05,0.0007908851034439469,True,1.0894447241305276e-05,5.385751821885198e-07
1.5432454480727424,-0.44686966501226927,-0.4468782986141449,-0.13906530524549546,inf,inf,inf,inf,inf,0.011510742732416493,0.02465950040479684,0.013148757672380346,2.0065851844212705,0.6161589094383325,0.22144667927134565,0.06892451438055197,1.1387429752455465,2.8302777769413477e-05,0.0006513057387426244,0.013570000481415656,inf,0.2999842282010432,0.2097381021558166,0.6991637640871389,0.21567713560388302,0.7189615830714297,0.4469006415192115,0.13909628175243766,0.08094938620924949,1.0001560992839735,inf,0.05018251463770867,1.0066437346395105,1.3929245345646899e-05,0.19948908540127155,PARALLEL_AT_THROAT,6.0,6,1988115.3467595964,839992.6604072987,inf,inf,2.4650320997857363e-06,1.7779918921889133e-06,1.0032925922106353,12.566370614359172,181296.07381504553,1.8754243571311235,309745,2.03189599056481,0.029601690452545903,True,0.8038937163817754,16384,2.2917440505121136,2.8508047815412283,0.0721435546875,0.0003205408848518765,0.047689758578864476,True,5.182926389250362e-05,2.252263492616781e-06
0.10617106597975054,-0.25616648004378123,-0.2561671752066677,-0.03300585666026694,inf,inf,inf,inf,inf,0.4554577112661634,1.0263632721024072,0.5709055608362438,2.3057209036751405,0.61230478998334,0.09277619435258114,0.011955409280602687,1.9912762378688917,4.300644233155742e-06,6.099808249787718e-05,0.11332801215902177,inf,1.1673652133726504,0.6567733188575883,0.562611692839549,0.14781381365289142,0.1266217392463157,0.2561716438219852,0.033011020438470935,0.497598162740469,1.0000411186516445,inf,0.07123816199600697,1.0250140081625432,1.2906533205375807e-06,1.2951533768651862,PARALLEL_AT_THROAT,2.0,2,1937026.7010279887,849319.0314264033,2762482.2412829977,inf,4.1092041309805237e-07,3.556011082795626e-07,1.1528604518375702,12.566370614359172,623409.3894012962,1.797781178727746,245359,3.3321451738600456,0.046930375695228566,True,0.05644978811730972,16384,0.1498988053339396,2.6554361023008823,0.11663818359375,1.830594986568829e-05,0.0004664175306631974,True,4.85407317433219e-06,3.4223439409319503e-07
0.11968045550198184,-0.2388496338777039,-0.23885051149424566,-0.038258061660027,inf,inf,inf,inf,inf,0.12458486241516614,0.23389690731577648,0.10931204490061033,2.0554027032647677,0.5550818907386594,0.10956702894361517,0.01755202143823393,1.7936933156157486,4.768877194919381e-06,6.995400607184679e-05,0.28983578039609464,inf,1.162214673230568,1.2571504098863808,1.0816851988212497,0.19837110058048266,0.1706836999648932,0.2388547607055745,0.038263188487897594,0.23061393573880193,1.0000443311103655,inf,0.09952832870185375,1.102044775383547,2.0830525873530087e-06,1.0217757052537013,PARALLEL_AT_THROAT,4.0,5,1952686.9695594755,786565.9835838086,3103226.4443351636,inf,4.079799989928145e-07,3.3814149361221773e-07,1.0277013516323839,12.566370614359172,585457.0353822205,2.139717608690262,365711,2.289369564586616,-0.07381552131846547,True,0.144446613995696,16384,0.3014012490058877,2.0865926910191774,0.11358642578125,3.0556012953932215e-05,0.002210322451185016,True,5.566762927707438e-06,3.794951892848158e-07
0.295107168828003,-0.3156688333159975,-0.3156705740222211,-0.07917797862755518,inf,inf,inf,inf,inf,0.15347893112956718,0.23663791895583097,0.08315898782626378,2.0420116607995955,0.5253578322319706,0.14378414620982077,0.03606751305374818,1.3525008965107082,8.080025213336441e-06,0.0001246853247020596,0.05851678919061974,inf,0.7478676567821619,0.39840204067745943,0.5327173024056923,0.19639669835783083,0.262608894203105,0.3156767402722287,0.07918588558378639,0.2018020103871822,1.000053789339744,inf,0.16065993010997773,1.087153559550643,3.545776928041762e-06,0.8800357151905982,PARALLEL_AT_THROAT,2.0,2,1975998.3937226268,842488.2901332128,4020877.0628331676,inf,6.29215584503606e-07,4.906945845257356e-07,1.0210058303997978,12.566370614359172,501698.8581445722,2.8456084560602903,202425,2.2787742650801284,-0.05711121084168552,True,0.09986244984711078,16384,0.13140642635621644,1.3158742506057024,0.107421875,5.4715961388863274e-05,0.0003938079815260769,True,9.922142878675394e-06,6.429879765048204e-07
0.41733744905181697,-0.5714772074412999,-0.5714812709014785,-0.23883895386350654,inf,inf,inf,inf,inf,0.13526788183355853,0.6004353617171692,0.4651674798836106,2.246062122265618,0.556629219399551,0.23998793993513554,0.10030202785860846,0.8782388177302977,1.4544989248210737e-05,0.00020967376363891646,0.05847671443244197,inf,0.5330035387865901,0.5487882917117609,1.0296147244371128,0.19991622098536296,0.3750748474212432,0.5714904819894892,0.2388522284116958,0.455086330473423,1.000056668338866,inf,0.12900840751826764,1.045347711071372,5.1094083241513214e-06,0.506139137993089,PARALLEL_AT_THROAT,3.0,4,1982673.295516421,1029823.3632997168,3998351.6737080263,inf,1.0563549808160232e-06,7.329950940786376e-07,1.123031061132809,12.566370614359172,541002.3073380302,1.2907939348369837,326977,2.846707157746426,-0.18566800756379961,True,0.13639035841756347,16384,0.21007102216040097,1.5402190051972866,0.11517333984375,7.365484119726002e-05,0.000971248641580679,True,1.6685307959907633e-05,1.1574534680356047e-06
0.12717391185693222,-0.20140443453179527,-0.2014058188339151,-0.04442944642949889,inf,inf,inf,inf,inf,0.004577589379840569,0.0862154806328501,0.08163789125300953,2.0412354488382882,0.44959680478876074,0.09845090933454678,0.021721029736644165,1.6085512959598456,9.020619653559534e-06,0.00013859676442138212,0.3172950332600762,inf,0.9717656393500583,0.8752439091085804,0.9006738596910732,0.3730548049108997,0.3838938009378561,0.2014121539410467,0.04443716583875033,0.1999858821928501,1.0000805472189902,inf,0.08903889413923026,1.0702166438568383,4.239830823721023e-06,1.3570316402505747,PARALLEL_AT_THROAT,1.25,0,1986497.441612466,917085.4384502008,8891355.827087732,inf,6.142910700575368e-07,5.041318075055953e-07,1.0206177244191441,12.566370614359172,327877.39193763904,1.0560718718916178,299081,2.1275895262355595,-0.08843025183305142,True,0.22084340879826803,16384,0.5086730831224767,2.3033201936632395,0.10736083984375,6.514262394711429e-05,0.029167486663296185,True,1.1029180077102947e-05,7.178381038079502e-07
0.7940150728531741,-0.507501092765112,-0.5075069301789588,-0.20386369498893986,inf,inf,inf,inf,inf,0.10142178842201648,0.17507055814091294,0.07364876971889646,2.0371633649626397,0.5587018204938037,0.23731584543208192,0.09533534150142617,0.929884032984693,2.0557096520685355e-05,0.0003609004771157642,0.052240538009084785,inf,0.44120757351133005,0.3828131674078927,0.867648676928394,0.30929850065250947,0.7010271790916273,0.5075201437039782,0.20388274592780606,0.19013839319348333,1.000090524236609,inf,0.019718386977910996,1.1370666613802314,9.290944867807999e-06,0.40022006946873784,PARALLEL_AT_THROAT,4.0,5,2013289.8720147966,996629.4267107749,76663158.85656492,inf,1.5160255455480504e-06,1.051498911259081e-06,1.0185816824813199,12.566370614359172,334770.17929833586,2.377100918442011,302881,2.2125948235806683,-0.07560532037168743,True,0.07506868334964446,16384,0.09335099915529996,1.243541181087494,0.094970703125,0.00016311186904600756,0.0001938287613011753,True,2.8719547448598664e-05,1.6358817634421388e-06
0.2912777827422489,-0.33259950217286377,-0.33260279323406783,-0.08334099812422847,inf,inf,inf,inf,inf,0.08394111963290696,0.18532267685174,0.10138155721883305,2.0513330642357173,0.5310979481266377,0.15577080325535592,0.039037080751842854,1.375008321195929,1.409644588318644e-05,0.00026451296050307606,0.06512515506206666,inf,0.4781834931462988,0.5598461973066551,1.170776920012527,0.24326826484817668,0.5087341330992985,0.33261337479164016,0.08335487074300484,0.22231122344732282,1.0000900373384267,inf,0.11298536527901888,1.0221134442836046,6.301720348625448e-06,0.5946312165491255,PARALLEL_AT_THROAT,1.5,1,2018882.8596822093,841533.0163690444,inf,inf,1.1039479259439772e-06,8.420535966245185e-07,1.0256665321178586,12.566370614359172,301294.4424051751,1.8279722854495049,278969,2.2369202540479605,0.07744908845052123,True,0.07896012434719077,16384,0.1590927803552884,2.014849668368697,0.08782958984375,0.00011824872166292469,0.0010748666809466919,True,2.1049272587967916e-05,1.1217595211682601e-06
0.2915556715745552,-0.5073069297456632,-0.5073104844338724,-0.12818856926359687,inf,inf,inf,inf,inf,0.4586447280524053,0.7187239281903167,0.2600792001379114,2.1342627157888834,0.6444933775466486,0.1956573488826641,0.04944373783281587,1.2603535909958086,1.2155804728750428e-05,0.0002481916754261703,0.057488661576342415,inf,0.35829613333409194,0.6944729106507064,1.9382651556642605,0.231038718239289,0.6448261556422039,0.5073213963601118,0.1282030358780454,0.3490831382572651,1.0000617719584501,inf,0.002001827023923397,1.0273932616692036,4.260359006152918e-06,0.3984405110360852,PARALLEL_AT_THROAT,2.0,2,2000591.6948501198,793339.030903796,5752119.657180154,inf,1.1512165996456268e-06,8.683434998221172e-07,1.0671313578944417,12.566370614359172,440682.8363283486,2.7634810004383326,272857,2.8532348356546264,-0.006149638909846544,True,3.3970284334671663,16384,3.482391670344546,1.025128796696663,0.08099365234375,8.698606659526044e-05,0.1978530646488998,True,1.975046598916715e-05,9.673282049202334e-07
0.4793380125193371,-0.256479849829861,-0.2564831319536644,-0.04850198471578323,inf,inf,inf,inf,inf,0.1758932452259223,0.52532146789409,0.34942822266816764,2.182330862783239,0.4477929406510061,0.10876648580355233,0.02057390715603144,1.8099198134841032,1.8607709706014277e-05,0.0003218617102311814,0.22409164927986866,inf,0.9631741608467348,0.6260202379897059,0.6499553906630614,0.3716485788408251,0.3858581282061238,0.2564957489653733,0.048517883851295546,0.40014619573950766,1.0001299501860057,inf,0.09254445172846318,1.1354262181557715,6.871450163122964e-06,0.7224514446071886,PARALLEL_AT_THROAT,6.0,6,2067977.004284594,909531.3726026134,inf,inf,1.265213003836569e-06,1.0040298902615617e-06,1.0911654313916195,12.566370614359172,202729.3018547773,1.5033744666725397,129423,2.70797419238756,0.0810564155690372,True,0.4198995158486996,16384,0.6204681853167124,1.4776587300002575,0.09649658203125,0.00011885700799364086,0.014730560854525083,True,2.561294108765189e-05,1.4807544896656055e-06
0.6608400067478346,-0.7350603616457408,-0.7350644201204195,-0.28232680056528825,inf,inf,inf,inf,inf,0.279342332499277,0.5559529222525065,0.2766105897532295,2.1430816800604853,0.7270953434928069,0.3034454810916567,0.11655269983902561,0.8656806569712087,1.0857762005277214e-05,0.00019054604886304083,0.017395301992948524,inf,0.38885135159485884,0.40353519078090394,1.0377620885868595,0.11085797622268875,0.2850908856765163,0.7350736198991785,0.282340058818726,0.3592651072144508,1.0000429604348524,inf,0.05321849454194308,1.0038401933852583,4.022547734436578e-06,0.25786542539267504,PARALLEL_AT_THROAT,6.0,6,2060236.0526978227,962225.8617339986,3386160.947619323,inf,1.0550582856900066e-06,7.320951324265398e-07,1.0715408400302426,12.566370614359172,696713.7549357677,2.0098757706582546,523201,2.6992251483618546,0.0036700026132166497,True,4.396728560899585,16384,6.380499651642155,1.451192531734705,0.0946044921875,7.059286957913911e-05,0.1648832372350898,True,1.5163172781591386e-05,8.640332470276192e-07
0.9435076624874495,-0.8255271160615072,-0.8255311728354106,-0.3635056467110933,inf,inf,inf,inf,inf,0.21064059039826183,0.3780680978863363,0.16742750748807445,2.085464985182629,0.7804881799998924,0.3595390683857925,0.1583194579880749,0.7277731658226438,1.008046356744948e-05,0.00016316601087393296,0.01837365578220013,inf,0.4609051481385049,0.32109112462823386,0.6966533698420395,0.12415257044263699,0.2693668555104278,0.8255396595597773,0.3635181902093634,0.28334265217185023,1.0000381219829622,inf,0.00023795440793037415,1.0914192022755742,4.091601621431381e-06,0.2898421970917233,PARALLEL_AT_THROAT,8.0,7,2076740.1864709316,1044981.2442418118,3017485.7479294348,inf,9.981798766750061e-07,6.753520668135333e-07,1.0427324925913144,12.566370614359172,827044.9834249282,2.2581002581864595,286821,2.463696249079839,0.011002559587359406,True,0.6043316838370977,16384,1.2869642025876673,2.129565993323922,0.10302734375,6.622813625457014e-05,0.007944306126697486,True,1.2984338587586189e-05,8.021778027086732e-07
0.09946654084207426,-0.16836758226021648,-0.16836810210363226,-0.011430522882962642,inf,inf,inf,inf,inf,0.05481922863579758,0.21288889266279404,0.15806966402699646,2.08059584898785,0.6477584431413611,0.0788474934044794,0.0053549621295302715,2.804772423478747,3.5367091510601895e-06,6.971702873866372e-05,0.17132965495781577,inf,0.8619121742774465,1.128335090525825,1.3091068025251236,0.17616978753355478,0.20439412830111198,0.16837212624875642,0.011435066871502577,0.2756324854493141,1.0000544269433054,inf,0.0040418125689029695,1.0181545477826148,1.5420210048540159e-06,0.9498638828423909,PARALLEL_AT_THROAT,2.0,2,2100599.1716378396,859347.9384464828,4107248.8896675194,inf,3.615991187417839e-07,3.202312941134563e-07,1.040297924493925,12.566370614359172,465632.01490817266,1.3468042332679033,57815,2.2935544586793823,-0.09901115754619239,True,0.3648824588431633,16384,0.5619766481845112,1.5401580277830362,0.08380126953125,3.039693628151583e-05,0.00788711334899013,True,5.5479048707190284e-06,2.81442371834785e-07
0.35589246908722455,-0.157379828642661,-0.15738101013375982,-0.011486454766518434,inf,inf,inf,inf,inf,0.04155015130074469,0.10587772308247485,0.06432757178173017,2.032422396451718,0.5341610789480344,0.07588755565981566,0.005542664145101376,2.9374183423712137,8.397845766500298e-06,0.00017531782853539435,0.1727085443794153,inf,0.9767701983126282,0.6967426485587342,0.7133127625744091,0.2537751120190125,0.2598104574212126,0.1573887071544947,0.011495333278352128,0.17790640875697133,1.0001140121296144,inf,0.057487524487078195,1.0339169702492654,3.92702465493685e-06,0.6671492261635985,PARALLEL_AT_THROAT,6.0,6,2153763.0942697185,886885.6276357616,inf,inf,7.065295228161296e-07,6.125094485193011e-07,1.016211198225859,12.566370614359172,222763.1005809424,1.6459151208400726,218743,2.1384754373627284,-0.08111696969717741,True,0.6159093389072166,16384,1.802843670354429,2.9271250758320093,0.07958984375,8.198262438384834e-05,0.08691397672309481,True,1.3951349511772677e-05,6.682793325309346e-07
0.4506075666226784,-0.5329455392441943,-0.5329488174244367,-0.20690868062448703,inf,inf,inf,inf,inf,0.03044400151114427,0.05024730895368015,0.019803307442535882,2.00992616425768,0.6306936370152316,0.2612057392684816,0.10141274479639545,0.9013544615520218,1.0257584361605393e-05,0.00017034934730017758,0.06654249980475677,inf,0.4183287323370955,0.6623753961620085,1.5833848955616479,0.24014703292752188,0.574062966189011,0.5329563975310001,0.20691953891129286,0.09926103815436363,1.0000485557544747,inf,0.00932687371969223,1.0079115750268102,4.978578938765133e-06,0.38301799919186524,PARALLEL_AT_THROAT,3.0,4,2142862.896227339,1016518.5206963697,4208706.51989993,inf,8.640750093295484e-07,6.032057143689122e-07,1.00496308212884,12.566370614359172,616794.1345098392,2.5373190362006426,393601,2.0603438225586603,-0.3128419816493988,True,0.6214584854570723,16384,1.5357750521497355,2.471243193373084,0.09991455078125,8.268005826747276e-05,0.07419573442002272,True,1.355597033765064e-05,8.162726276658109e-07
0.5751258856481716,-0.7805154306439891,-0.7805190570523421,-0.3193490305000059,inf,inf,inf,inf,inf,0.6672009450920722,1.1343162028013627,0.46711525770929047,2.2471487407729027,0.6315559824384418,0.2678221479676285,0.10958224889830673,0.8386509071942899,1.1458577686162598e-05,0.00015429733317926954,0.02916636555531226,inf,0.591111088036381,0.32332374769290334,0.5469762862458838,0.15260740401049555,0.25817043039649945,0.7805273927971409,0.3193609926531577,0.45592784494161603,1.0000370869453894,inf,0.09306377340108157,1.0349165415391326,3.3884884340460913e-06,0.48802763217073974,PARALLEL_AT_THROAT,4.0,5,2141277.9932406396,1072409.8794795792,3118272.955894605,inf,9.519179020665835e-07,6.633374945359533e-07,1.1235743703864514,12.566370614359172,819952.4256268747,2.428343292325735,498629,3.3816192409074444,0.12554902620613573,True,0.2035728605962228,16384,0.5603612298494404,2.7526322919875383,0.123291015625,4.562823966481349e-05,0.0038985396161042365,True,1.227859164068893e-05,9.11844639777635e-07
0.4283386378138187,-0.3279533009026727,-0.3279550080177904,-0.07743299230414935,inf,inf,inf,inf,inf,0.02981739404294438,0.1287587830660356,0.09894138902309123,2.050082438357776,0.5520471135682821,0.15768095764364076,0.03723270109978559,1.4033492869685078,7.086508209659377e-06,0.00011457817396942434,0.06776218069128691,inf,0.7992216177700651,0.4888184713945073,0.6116181801467984,0.17344929654150262,0.21702277902022882,0.32796059737579353,0.07744028877727017,0.219686484336853,1.0000477151642218,inf,0.14941501896828413,1.074518391629681,3.252249637632619e-06,0.5673172617607193,PARALLEL_AT_THROAT,6.0,6,2164933.7421878586,874575.5683612116,4340592.539944423,inf,5.806348821576614e-07,4.4478697745527163e-07,1.025041219178888,12.566370614359172,564831.0279897057,1.3013642150908709,337721,2.178955799597781,0.08776700338348747,True,1.603727534955016,16384,2.933162894417139,1.828965850174427,0.10302734375,5.2583982653789774e-05,0.09812733936354864,True,9.117841378838508e-06,5.639264054142936e-07
0.7828853365900617,-0.6005400424384668,-0.60054598118633,-0.3126503685835145,inf,inf,inf,inf,inf,0.07793367272441834,0.2347355589821347,0.15680188625771635,2.0799370302088525,0.5360606442231334,0.27831021284508917,0.14489643904315858,0.7154984473553213,2.2256876834926452e-05,0.00031618936748497835,0.04454603069535844,inf,0.5025002606027612,0.2819582638209934,0.5611106817791053,0.31440387711466,0.625679032957167,0.6005574546255407,0.3126677807705884,0.2745683968067169,1.0000794687107697,inf,0.04364361949265003,1.1177022668998688,9.614248259460532e-06,0.4480561070173362,PARALLEL_AT_THROAT,4.0,5,2189711.8368715188,1287434.9108127868,11188820.268721798,inf,1.385617821421634e-06,9.130272823205029e-07,1.0399685151044262,12.566370614359172,433422.1495573527,1.4970199950039387,512741,2.314988778558472,-0.09018335724249482,True,0.12004473807595822,16384,0.15642214918555988,1.3030321169644594,0.1173095703125,0.0001365835421810845,0.00047706775305226916,True,2.5161550394167056e-05,1.7711459830330215e-06
0.07747220538154675,-0.18794799068403714,-0.18794862821380634,-0.02724921137465429,inf,inf,inf,inf,inf,0.06363463939229427,0.10800639804227884,0.04437175864998457,2.0223089288500518,0.5433781989679713,0.09010424927648196,0.013065358217319432,1.9660430977671899,4.137713824966786e-06,6.641687984191067e-05,0.3165404085057784,inf,1.0012970006200113,1.2696580014068453,1.2680133872573898,0.24898861492409002,0.2486660948449004,0.1879523792495826,0.02725359994019975,0.148125412017107,1.0000478503330177,inf,0.0642542388290167,1.0619445582851768,1.9422405571502504e-06,1.2936559275745119,PARALLEL_AT_THROAT,1.5,1,2222492.9409248554,938938.1657381299,4179457.7465726673,inf,3.492309498215894e-07,2.98497942754081e-07,1.0111544644250259,12.566370614359172,538189.3539092147,2.4341247975826263,512879,2.1303817437721726,-0.06139175370335581,True,0.9714917665158589,16384,1.7443382258780773,1.795525485649705,0.10296630859375,3.117604628187868e-05,0.16096284759298313,True,5.285287365790271e-06,3.2926880417156873e-07
0.17661247122802415,-0.17937774155080785,-0.1793835074921647,-0.02274495021247656,inf,inf,inf,inf,inf,0.12147268426378754,0.1825463895329449,0.06107370526915737,2.0307699638915704,0.44042826431494786,0.08336039499258094,0.010583846552479178,2.356936445427173,3.9614006712542506e-05,0.0007695747486083842,0.38953652111240006,inf,0.7091486381562442,1.3446170433651754,1.8961004379295172,0.4085190340706299,0.5760696870726026,0.17941179727010903,0.022779005931777743,0.17341903641819953,1.0003890589338036,inf,0.059357636608183384,1.000812714919448,1.789181088614236e-05,0.7682007760312727,PARALLEL_AT_THROAT,2.0,2,2392704.613267407,1021053.5222819283,inf,inf,2.710068033666649e-06,2.251228999406814e-06,1.0153849819457852,12.566370614359172,66201.95325036535,2.988952262327075,507039,2.2140859281731236,-0.027598390914499782,True,0.07790537600734458,16384,0.12691771489414702,1.6291265301406384,0.08502197265625,0.0003475812473291731,0.0016700805809788525,True,6.124081265986353e-05,3.1523824919883314e-06
0.13848660148229924,-0.2427389537897695,-0.24274133011395957,-0.054692372412321576,inf,inf,inf,inf,inf,0.1836272382674762,0.29855084715529134,0.11492360888781514,2.058287098908657,0.40186615475715903,0.10443637635833411,0.023534633145357274,1.673729499333691,1.4686483230743185e-05,0.00021753180754362754,0.23761983037189452,inf,0.8797945404903067,0.7432891355303275,0.844843996322249,0.3633654526889282,0.4130117157653943,0.24275006650886513,0.0547034851314172,0.23629343286156654,1.0000972567517608,inf,0.18173882942646744,1.0046569637488574,6.230860227356899e-06,0.9567174947249026,PARALLEL_AT_THROAT,2.0,2,2275860.715335267,1026872.8057875065,inf,inf,8.843220876303319e-07,6.952202170110453e-07,1.0291435494543284,12.566370614359172,274504.1313616273,2.5978199783712626,126441,2.3570554778714916,0.1077276200056076,True,2.489559668967866,16384,4.485566166051364,1.8017508164048195,0.111572265625,9.228964255863286e-05,1.0400663155039547,True,1.7310631225141586e-05,1.1687132014045034e-06
0.5197413239269344,-0.27231858773369044,-0.272319799913885,-0.03339798726916798,inf,inf,inf,inf,inf,0.12503672471885222,0.3349045936828971,0.20986786896404488,2.1076848252834415,0.6473093361352273,0.12197031505531539,0.014961628520141743,1.9942687723246069,5.663933620030385e-06,0.0001206587293165342,0.030178275254784417,inf,0.6269602957497741,0.32736381822637906,0.522144417191345,0.14703600668242758,0.234522038603081,0.27232575088457184,0.0334051504200494,0.3155514222383499,1.0000538533508418,inf,0.06702179498970509,1.118115077726543,2.3187089093166107e-06,0.5592378026795641,PARALLEL_AT_THROAT,4.0,5,2305508.00446754,839988.6322080859,6078734.421423222,inf,5.700254354455662e-07,4.735632005009269e-07,1.0538424126417207,12.566370614359172,477743.1566219596,1.5957878418266773,479855,2.4427100776956547,-0.019503686390817176,True,1.4896276190005993,16384,2.0094344648021214,1.3489508647471666,0.078125,4.939543600293259e-05,0.036397423463185176,True,9.601716598956703e-06,4.5072151648610437e-07
0.05479938411658284,-0.21427084831876014,-0.21427126655841144,-0.03401619295108863,inf,inf,inf,inf,inf,0.09981978217831075,0.1976794780964795,0.09785969591816876,2.0495282909309114,0.6489334425391362,0.09969255717209216,0.015827752944772573,1.7193746660208005,2.493535012406751e-06,3.5702076054107874e-05,0.2492556916134037,inf,1.0763468543317158,1.2014959795738573,1.116272115014304,0.192739405972197,0.1790681184197499,0.21427400566116725,0.034019350293495745,0.21851183906197547,1.000030207343134,inf,0.0038682915270328525,1.0303247233387083,1.1095971773732071e-06,1.4470485459411708,PARALLEL_AT_THROAT,1.25,0,2365963.690419481,988139.7229167753,3254742.593380126,inf,2.5125332556300244e-07,2.1797087161237573e-07,1.0247641454654557,12.566370614359172,852820.5753337878,2.020029556006193,398121,2.2472434711034452,0.06493363790214063,True,0.11144518860614669,16384,0.14168543243253962,1.2713463380932808,0.1151123046875,1.5887052966529426e-05,0.0005840936290943987,True,2.841080941327029e-06,1.984292114986225e-07
0.3544849829824269,-0.2717789968155368,-0.2717813861190202,-0.07423639988471732,inf,inf,inf,inf,inf,0.126198684972835,0.23440194618101826,0.10820326120818324,2.054833243398277,0.4065409291460808,0.12461478429426376,0.034041787924443186,1.449529121942614,1.318993286695866e-05,0.000186326020518327,0.43450906869674444,inf,0.9637156587809292,0.8345394481699738,0.8659602451885452,0.5402603046620492,0.5606013555341229,0.27178882329286824,0.07424622636204875,0.2294731533527374,1.000078920705808,inf,0.0008685803040862083,1.0408161440864205,5.761251380352728e-06,0.8001896203107217,PARALLEL_AT_THROAT,4.0,5,2403324.6338928216,1116104.118438234,112922532.09225975,inf,7.819662202384768e-07,5.918314902772045e-07,1.0274166216991385,12.566370614359172,347571.05391327594,2.166311288252473,3705,2.2894215155998134,-0.31748987231403586,True,0.3882814421298871,16384,0.6184130709433159,1.5926928352564573,0.11749267578125,8.138563355359698e-05,0.03747826155327688,True,1.4827353596066829e-05,1.0496215074133627e-06
0.6909071417157943,-0.5000185776416923,-0.5000224571024091,-0.15680031943934952,inf,inf,inf,inf,inf,0.06180178074978332,0.2778869608280384,0.21608518007825506,2.110958764336585,0.6453938365998803,0.23013702848017814,0.0721728851333558,1.082098166044218,1.227956115391089e-05,0.00025746310240577997,0.045571617099565975,inf,0.3554661120147758,0.548205588527522,1.5422161775711956,0.23385829399013602,0.6578919511191411,0.5000326554451489,0.156814397242806,0.3199430026113987,1.0000633988690761,inf,0.0018700504675507547,1.1171559009235352,5.139820336859559e-06,0.31679766065421444,PARALLEL_AT_THROAT,4.0,5,2387784.272650534,1024831.6995535389,14036019.381774757,inf,1.1202760039868717e-06,8.115583291896658e-07,1.0554793821682924,12.566370614359172,446347.7336527942,1.2860065679997206,254545,2.389103188267029,-0.10190400071442127,True,0.06909592743879014,16384,0.15555016896690294,2.2512205094099045,0.07940673828125,0.00010776558487309818,0.0005441432465405827,True,2.0488262705827365e-05,9.771764283220682e-07
0.5335942517577521,-0.5058763881221253,-0.5058823030391669,-0.19869758585517233,inf,inf,inf,inf,inf,0.5122297151031501,0.781286753246545,0.2690570381433948,2.139047893496306,0.4685031666896269,0.19081233819719456,0.07495166737546913,1.011022937287946,2.5525991691498157e-05,0.000396693411583522,0.07900179006587724,inf,0.579703556328021,0.31365596812168384,0.5410626943682297,0.43448762522630924,0.7494996718296095,0.5058964797067287,0.19871767743977567,0.35465976685285566,1.000094560712626,inf,0.014421868696808816,1.1270383114460856,8.739589068177856e-06,0.593504067872886,PARALLEL_AT_THROAT,3.0,4,2414992.867452308,1236885.9408402469,inf,inf,1.5988375020852627e-06,1.128143359515987e-06,1.069523946748153,12.566370614359172,316415.19481931085,2.9037960078567266,101089,2.9207313401544344,-0.008118342701345704,True,0.13354691222927592,16384,0.23129997604039235,1.731975469738245,0.1070556640625,0.00013581989076836718,0.0021475024497018616,True,3.156785867275263e-05,2.031293877512291e-06
0.25424480692141244,-0.395935693598362,-0.3959402159580533,-0.11898339283361933,inf,inf,inf,inf,inf,0.22272605400622242,0.6840843799965374,0.46135832599031495,2.24393843001472,0.4751403056650853,0.16052158321622745,0.048243524096780836,1.2711879329767533,2.0139106993601876e-05,0.0003433702096412869,0.10658360910960317,inf,0.5087803861378597,0.8369888024483636,1.6450885789877367,0.25028822228805386,0.49193763971128296,0.39595288823828045,0.1190005874735378,0.45343361496925355,1.0000966712686679,inf,0.18478166349232197,1.0063761465717107,6.877250232442824e-06,0.5542112650346337,PARALLEL_AT_THROAT,2.0,2,2475633.7346997354,1157276.850174115,inf,inf,1.3683059688538079e-06,1.0084280192003545e-06,1.12196921500736,12.566370614359172,289374.5238646874,1.4827615357935429,176089,2.9283661802208982,0.12271813880652188,True,0.48042715180194323,16384,1.1549760925677388,2.404060820117593,0.09698486328125,0.00011725658217217394,0.061315132992300916,True,2.7324533087455592e-05,1.6026192137441492e-06
0.46295257442240917,-0.3361922523002294,-0.3361955067807771,-0.07994545796475981,inf,inf,inf,inf,inf,0.03480529782720062,0.08692835084421631,0.05212305301701569,2.026231320092031,0.5699108360669145,0.16312478489138624,0.038795701115005014,1.389238287485043,1.308817071909612e-05,0.0002763976299645828,0.0612896217894143,inf,0.42694822304328955,0.46445667494698545,1.087852460507589,0.30907688193029165,0.7239212280289862,0.3362061549513449,0.0799593606158753,0.16038746044039726,1.000088747914517,inf,0.00202032458037138,1.109030758496374,6.192839667005087e-06,0.5125113123280429,PARALLEL_AT_THROAT,2.0,2,2446823.30570531,974249.5233180171,inf,inf,1.1063378235563607e-06,8.473544903806402e-07,1.0131156600460156,12.566370614359172,303891.04285578773,1.6677524782717228,6713,2.113436068566212,-0.04511376880109308,True,0.28079014437671257,16384,0.5886205528652204,2.0963006168603897,0.0784912109375,0.00013078116441539453,0.016177552350434856,True,2.1995024533873958e-05,1.041523532987377e-06
0.16927459482836357,-0.21101726800978726,-0.21101804786744172,-0.03382502167301799,inf,inf,inf,inf,inf,0.021583822685206026,0.053428040244804006,0.03184421755959798,2.0159854861626245,0.5093613337252678,0.10356540316129242,0.016602841658555176,1.8728361762794252,4.483870075688088e-06,6.819930809669201e-05,0.09226998063097593,inf,1.0194933867817029,0.5603682908823685,0.5496536791193098,0.16151113320126934,0.15842293367995394,0.2110216869399015,0.033829440603132234,0.1256815680861473,1.0000432933297554,inf,0.19669524133205415,1.0536038102582097,2.166663285774019e-06,0.9757550362160144,PARALLEL_AT_THROAT,3.0,4,2456698.767822848,999552.0451901373,4792609.100262436,inf,3.516472854293247e-07,2.8958818512207293e-07,1.0079927430813123,12.566370614359172,600094.7417588223,1.6777940969914198,521999,2.0694817257155256,0.06678468929603698,True,3.5279484482345254,16384,4.528584680328604,1.283631194382906,0.109130859375,3.295477667149345e-05,0.2549480517786676,True,5.427128499517827e-06,3.568150433637951e-07
0.3308228465665453,-0.503364947300067,-0.5033670798155723,-0.181394107321122,inf,inf,inf,inf,inf,0.06934282613405876,0.1322404366827717,0.06289761054871293,2.0316960468305556,0.6314838576350073,0.23958268451421622,0.08633904674913442,0.9383661868578386,6.957925093542549e-06,0.00010988860630054333,0.041980859871700346,inf,0.49893611240015917,0.5469972062577251,1.0963271502364609,0.15382300199516658,0.3083020013428026,0.5033725334535856,0.18140169347464055,0.17594936579465864,1.0000349155609882,inf,0.09296234194189311,1.1015120781958103,3.2152384455271355e-06,0.5408776134125423,PARALLEL_AT_THROAT,2.5,3,2553864.277790046,1172124.505495591,4268108.583327717,inf,6.036869157659731e-07,4.3398672382462915e-07,1.0158480234152778,12.566370614359172,833830.4513605267,2.102471549063921,518433,2.164046372119628,-0.011603929195553087,True,0.08400201948139552,16384,0.21254538502873255,2.530241372063756,0.10516357421875,5.0779229001876824e-05,0.0008261666314287489,True,8.744657441105333e-06,5.536940861502175e-07
0.156476812130692,-0.37578661611781483,-0.37578805243356306,-0.12953045243589534,inf,inf,inf,inf,inf,0.06495404043334756,0.1459328929623897,0.08097885252904215,2.0408992326890023,0.527587537141058,0.17845134109588842,0.06151244187391397,1.0326973193243325,6.14130865694346e-06,8.069076442972933e-05,0.07357592082992585,inf,0.7288891528333865,0.6029650671956063,0.8272383597035575,0.16741025848416963,0.22967862511521991,0.3757923407398495,0.12953617705793002,0.19919343829154967,1.0000344884864991,inf,0.19132668003439904,1.0225540222600102,2.8082091845840397e-06,0.906779665093772,PARALLEL_AT_THROAT,1.5,1,2554868.9896139423,1211926.2668989638,4143167.2627335624,inf,4.5555094707762196e-07,3.4125257149020525e-07,1.0204496163445012,12.566370614359172,824918.3612734708,1.8021111488342285,121361,2.1869128164158216,0.13037744229659437,True,0.08508329760161124,16384,0.11964155105934994,1.4061696529388428,0.12567138671875,3.689711076913215e-05,0.0003143591850654011,True,6.421167010427552e-06,4.887098149028003e-07
0.19996126373426087,-0.17229248363590877,-0.1722931980376188,-0.020407163447815353,inf,inf,inf,inf,inf,0.13443582511492608,0.3229510689628785,0.18851524384795243,2.09647751476561,0.4836604836429688,0.07723180444039365,0.009149679746017679,2.3447569186353334,5.246617326043564e-06,8.653754891019062e-05,0.29516483653728826,inf,1.1390086994131192,0.790062580853049,0.693640515002329,0.3280016918332965,0.2879711910912544,0.172297462789119,0.020412142601025595,0.29986662566661837,1.0000589133413103,inf,0.05493829566985369,1.0575855830684304,2.1684581674668677e-06,1.1855158568732085,PARALLEL_AT_THROAT,2.5,3,2634549.1719308174,1178678.1033965102,8635347.97543388,inf,3.962284229108837e-07,3.393781411585359e-07,1.048238757382805,12.566370614359172,434843.77401131234,1.7131297308951616,339615,2.419515121277399,-0.18865687223151326,True,0.14075283929737303,16384,0.16570936830965985,1.1773074641823769,0.10052490234375,3.576648401540163e-05,0.0014798499679989597,True,6.886439336056749e-06,4.175125409757078e-07
0.3213741552047221,-0.2841314257956311,-0.28413214827457206,-0.03226774461278577,inf,inf,inf,inf,inf,0.04980172317619254,0.09368231450995988,0.043880591333767344,2.0220606361899107,0.744781299595595,0.1371402681862298,0.015576362145722222,1.943923155634489,2.9716013760740285e-06,6.048268996597704e-05,0.015807741349307295,inf,0.5820683003820613,0.35637779020338245,0.6122611211939581,0.07620531148297456,0.1309215970582052,0.28413575960842224,0.0322720784255769,0.14731234684586522,1.0000311573157183,inf,0.05087950304150582,1.0023102341219783,1.4044789460016493e-06,0.465421124303912,PARALLEL_AT_THROAT,4.0,5,2653864.5018348615,865795.6081916875,4287994.481525702,inf,3.4487386407177363e-07,2.873808167064301e-07,1.0110303180949554,12.566370614359172,823883.1329627495,2.1349373757839203,270671,2.1158034333898366,0.01601136485114696,True,0.06454786820532919,16384,0.18837124097283325,2.918318547308445,0.08148193359375,2.8586157396046304e-05,0.00013446293740030624,True,4.813059539789913e-06,2.3647252395042993e-07
0.9242737199518324,-0.5196037415055681,-0.5196103770421564,-0.16781520702226274,inf,inf,inf,inf,inf,0.40495111684744,0.7805015193922341,0.3755504025447941,2.196570742439514,0.5434417807862342,0.19973971807010066,0.06451558638445479,1.161204743470704,2.4535327036668398e-05,0.00048432443816742254,0.04369442291696368,inf,0.47509818100000945,0.4588434745556087,0.9657866371742635,0.20043708610715827,0.4218856104337606,0.5196272427271802,0.1678387082438749,0.4134866750240326,1.0001026437706422,inf,0.14532799553126097,1.0484724782872945,8.240087577111211e-06,0.28701121441113414,PARALLEL_AT_THROAT,8.0,7,2730981.725316398,1243370.6129418374,inf,inf,1.8701677941358266e-06,1.3421285700872009e-06,1.098285371219757,12.566370614359172,277850.59947911854,2.078286999836564,202097,2.9775565862699156,-0.022447544056922175,True,0.3305731563888005,16384,0.6323456605023023,1.9128766153007746,0.0843505859375,0.00016265834892970142,0.004335507164789074,True,3.854131419727516e-05,1.952459289131e-06
0.1647494708674806,-0.24349665157080977,-0.243497438193358,-0.04967290244237733,inf,inf,inf,inf,inf,0.052767689743046714,0.10589059087492794,0.05312290113188123,2.026737820453398,0.5222264064787537,0.1170955576327744,0.023888904330796615,1.5724697931605338,4.2197768097148355e-06,6.2530219329082e-05,0.17210284734460496,inf,0.9437194790787241,0.7229889841671353,0.7661058187258465,0.2522397086043462,0.26728250735121745,0.24350085731687973,0.049677108188447276,0.1618982321023941,1.0000362005615318,inf,0.0990636432543397,1.0637347442097962,1.9786161827332654e-06,1.0865780259845128,PARALLEL_AT_THROAT,2.0,2,2697950.6097162296,1131826.1878939902,4841427.353747539,inf,3.346826382109539e-07,2.720852047618094e-07,1.013368910226699,12.566370614359172,727557.4813755312,1.99331340380013,69833,2.132690941547655,-0.20841922126710413,True,1.285895081113711,16384,2.3580494267237717,1.8337805792689323,0.11175537109375,2.9319869143207852e-05,0.24922026153167043,True,4.97599674942189e-06,3.3579916900533216e-07
0.22779233556302458,-0.3074524539928085,-0.30745479916307183,-0.06657110071280153,inf,inf,inf,inf,inf,0.21887934392088654,0.4506311151576612,0.23175177123677465,2.1192298785182557,0.4963810720300796,0.13150074517792548,0.028476749990601947,1.5733274354558604,1.1381670158773667e-05,0.0002067367456764362,0.11047118836637018,inf,0.5853367655786895,0.8210418398191541,1.402682845331672,0.22986769096563953,0.39271015333947507,0.30746310505812713,0.06658175177812017,0.3306910924613476,1.0000735026904035,inf,0.16795843560248613,1.0364776102360338,4.428548720350892e-06,0.6566748484201081,PARALLEL_AT_THROAT,2.0,2,2771618.9075561943,1168255.8827384592,inf,inf,8.475848473277779e-07,6.609621274278366e-07,1.0596149392591279,12.566370614359172,362752.0076927768,1.9444559700787067,289737,2.5700677304215933,-0.11484390972182154,True,0.11028180550535985,16384,0.24072048387867317,2.1827760506421328,0.091064453125,8.04401935518342e-05,0.0024234927390690275,True,1.645158749656842e-05,9.057245332051732e-07
0.49294514920800786,-0.4350722451668071,-0.4350748996420727,-0.18333576297232365,inf,inf,inf,inf,inf,0.03540905620737649,0.05567958505098871,0.020270528843612218,2.010160945153156,0.4971194552971103,0.21269427805330687,0.08963005535398563,0.9114510887081982,1.078491866853164e-05,0.00015142582620331457,0.13261103749055447,inf,0.6729332457269288,0.5973617983457253,0.8876984487524194,0.3298908289691287,0.49022816314085915,0.4350810346468804,0.183344552452397,0.10041928485035896,1.0000492919780886,inf,0.0760586677119136,1.1275588821154088,5.220213291272474e-06,0.6053146615524836,PARALLEL_AT_THROAT,4.0,5,2770232.497702453,1435933.392776943,8140899.238613096,inf,6.994446004407412e-07,4.882081705201315e-07,1.005080472576578,12.566370614359172,622037.877442649,2.7468244899064302,189441,2.065991956030348,-0.25743638211861253,True,0.14725629953142044,16384,0.3353796998360029,2.2775236163288355,0.11865234375,7.329448972989622e-05,0.005265022753884184,True,1.2050084376015882e-05,8.582365584704364e-07
0.3509864854770133,-0.4605283724694661,-0.46052971407233295,-0.07773935507453814,inf,inf,inf,inf,inf,0.3547933952105891,0.7403653507503211,0.38557195553973195,2.202056102273956,0.7568884557332065,0.1801181035964723,0.03040689933062882,1.5307187641347606,4.480636146881711e-06,9.100836682306822e-05,0.04082799422824927,inf,0.5646630145329262,0.689493269871512,1.221070359003134,0.10486695820952575,0.18571600319222045,0.4605348826685094,0.07774586527358146,0.4184451411664486,1.0000294560941443,inf,0.02420940287411213,1.0013937819749117,1.5227246122735018e-06,0.32580121258664996,PARALLEL_AT_THROAT,8.0,7,2772655.6563679175,959196.0720341768,4462511.428157636,inf,5.180651791282968e-07,4.113038151653037e-07,1.101028051136978,12.566370614359172,888951.6246650883,1.9201742764562368,101385,2.9425124613911002,0.009031072724610567,True,0.07855254008802005,16384,0.0815187490189241,1.037760827690363,0.081787109375,3.0928795720390314e-05,1.5864281250764156e-05,True,7.242215721305879e-06,3.56557695486224e-07
0.5948101690993944,-0.7791047394774795,-0.7791070873963302,-0.33656864879959675,inf,inf,inf,inf,inf,0.08818033348152406,0.16930003909117955,0.08111970560965549,2.0409710859415418,0.8096746696821723,0.36592611171766365,0.1580798840417587,0.7194153658252229,5.648211365135458e-06,8.043277128385135e-05,0.010007356784781426,inf,0.4903655750967923,0.2655395885535494,0.5415135197880379,0.07685464690797959,0.15672928690560997,0.7791121001676269,0.3365760094897442,0.19936309024691581,1.0000234793266662,inf,0.02496672719717026,1.0062422351911664,2.5553452550086574e-06,0.3259623486808934,PARALLEL_AT_THROAT,6.0,6,2775776.0337833078,1368375.0414690485,3585139.608640619,inf,5.857451107659963e-07,3.9890366523069833e-07,1.0204855429707709,12.566370614359172,1330121.3887193338,2.087039614096284,406885,2.210351557804005,-0.03796688159927725,True,3.76385296900415,16384,7.654227955766472,2.0336150266230106,0.11669921875,3.638913049820984e-05,0.1416420533026429,True,6.400636568202398e-06,4.494703791945652e-07
0.2860595097042352,-0.28253652492089987,-0.28253782471178607,-0.043708429630414734,inf,inf,inf,inf,inf,0.04908176832139889,0.13603787162282263,0.08695610330142374,2.0439505810735334,0.6133449865391052,0.13499231091001088,0.020886050029940317,1.784113011370801,5.6955283442201e-06,0.00011982370869916484,0.05773564086075124,inf,0.5098129406024708,0.700989888056882,1.374994301298998,0.1615553641735582,0.3168914543099678,0.2825432736542312,0.04371517836374608,0.20625991731882093,1.0000494565968998,inf,0.09225716795772315,1.042957678437233,2.612497923090263e-06,0.48301052776980274,PARALLEL_AT_THROAT,3.0,4,2821999.98446699,1024492.6346379453,10904324.020902054,inf,5.370471346466049e-07,4.336130623850721e-07,1.0219752905367667,12.566370614359172,526105.169223469,1.564443051815033,8873,2.1801082764050554,-0.09644348844885825,True,1.7886071037084046,16384,3.1413286381771655,1.7562988717108965,0.078857421875,5.4962274120050206e-05,0.15604305549131167,True,9.535267769537713e-06,4.532357447513135e-07
0.07070191066806375,-0.14764482127276285,-0.14764533867220347,-0.007804837823359466,inf,inf,inf,inf,inf,0.4421856142880458,0.980114576822035,0.5379289625339891,2.286968914409604,0.5532969515778775,0.054101142992121445,0.002861837200179022,3.538138996321142,5.048852952266875e-06,0.00010155830678736855,0.3507963964994736,inf,1.0306006689104439,1.4139304938361075,1.3719479682959277,0.24073356239337995,0.23358568420869033,0.14765037940466735,0.00781039595526398,0.4849894964694977,1.0000756820299792,inf,0.01827536541968584,1.000860032858327,1.5453220052473475e-06,1.2549250565590335,PARALLEL_AT_THROAT,1.5,1,2869021.5001470614,1466874.8600390896,17754280.594879065,inf,4.423020834801182e-07,4.011287442147386e-07,1.143484457204802,12.566370614359172,333822.48223414563,1.8220148850232363,258471,3.2671850495384263,0.08080520117655399,True,0.1351106229972914,16384,0.2154596659273116,1.5946907885372639,0.0819091796875,3.1084344855739426e-05,0.0023616805170039636,True,8.081753268626444e-06,4.017749521486911e-07
0.26012046870817823,-0.47870873711816836,-0.47871187423616585,-0.19998760880816013,inf,inf,inf,inf,inf,0.13254398376420656,0.1988303720791356,0.06628638831492904,2.0334177931360546,0.5125474299600367,0.21796610788554688,0.09106130636215118,0.9084724493048837,1.2360123335993538e-05,0.0001865493423697194,0.04606184041809427,inf,0.4726444906138017,0.2701300266909705,0.5715289864908085,0.3607728315206267,0.7633069647169856,0.4787191563591125,0.1999980280491043,0.18055057197809218,1.0000529353150143,inf,0.02545936815440655,1.0140537917613983,5.536611330846088e-06,0.5831088286344623,PARALLEL_AT_THROAT,1.5,1,2868393.7084223037,1473963.9075576945,11988236.99716031,inf,8.291368497642147e-07,5.794929315804534e-07,1.0167088965680273,12.566370614359172,577370.4986037564,2.999565629288554,104449,2.23243471455756,0.020699571911245607,True,2.6191774625186777,16384,6.050373792003637,2.3100281972438097,0.10931396484375,8.356317931863514e-05,1.0149202546864233,True,1.4845124984341596e-05,9.835873630744296e-07
0.23512558947712572,-0.48446295897918745,-0.4844643199282527,-0.16444631992447406,inf,inf,inf,inf,inf,0.051656358751409434,0.08373197054533144,0.032075611793922,2.0161021076677788,0.6643772067162678,0.23429627288526372,0.07953127288557917,0.9478595036615383,4.396824428097143e-06,6.221339314371658e-05,0.0603841377859539,inf,0.6422887384036698,0.638659226595517,0.9943490963002504,0.1472052744753882,0.22918862759644348,0.48446810190896455,0.16445146285425113,0.1261337223649025,1.0000241186648253,inf,0.06459414307028055,1.1107888061087579,2.0938293217966118e-06,0.6480982636258026,PARALLEL_AT_THROAT,3.0,4,2875898.7311588,1271061.4239339228,3982693.9117762106,inf,4.0926134799839976e-07,3.0096046248488295e-07,1.0080510538338894,12.566370614359172,1183762.1712345502,2.6104559153318405,389153,2.099896291606254,0.0811062383465469,True,2.6900174463963804,16384,3.1164178526042647,1.1585121341049671,0.11761474609375,2.962688842891773e-05,0.09886574016178648,True,4.950784522670962e-06,3.4988817081942804e-07
0.14532483032576088,-0.1339668567103265,-0.13396804648117241,-0.011964600318506982,inf,inf,inf,inf,inf,0.1261653074210751,0.19306642929315498,0.06690112187207989,2.0337302763825913,0.46196518714127377,0.06202914228524947,0.005543885633643927,2.864846183738074,1.0531693723946314e-05,0.00020387300279175267,0.5064530801468885,inf,1.0418216657586223,1.2180189254241114,1.1691242037447815,0.3991092520580575,0.38308787883331114,0.1339764704890396,0.011974214097220109,0.18137190863490102,1.000145268045592,inf,0.013885240629315378,1.0957820352632552,4.729093393498636e-06,1.2356691810059026,PARALLEL_AT_THROAT,2.0,2,2952363.669866072,1375092.2510281482,inf,inf,7.650402019928716e-07,6.703612463533722e-07,1.0168651381912956,12.566370614359172,175123.4381409514,2.885847410187125,234231,2.2270005786785383,0.10612054988741876,True,0.25985933012672446,16384,0.5765866679342786,2.2188415080308914,0.08563232421875,9.154600350967453e-05,0.04082014025941956,True,1.622369807864761e-05,8.380855576479735e-07
0.12322538872128073,-0.20672019395155627,-0.20672141845004013,-0.02027102582693742,inf,inf,inf,inf,inf,0.10121297318104747,0.22984558711831488,0.1286326139372674,2.065350186577393,0.5815226782221621,0.09541763609538227,0.009360062705550011,2.404183510953615,7.114414429890994e-06,0.00016203498568732893,0.26278290940101257,inf,0.5650224293086884,1.7823932162002811,3.154553029657708,0.26093233941448474,0.4618088165698812,0.20672833515549244,0.020279167030873572,0.2495621384680271,1.0000800539754569,inf,0.016342792846262454,1.0278491869103163,3.0994794811437183e-06,0.6286077612006542,PARALLEL_AT_THROAT,2.0,2,3001408.702296545,1160689.2290559567,inf,inf,6.478564245788226e-07,5.504139313220298e-07,1.0326750932886966,12.566370614359172,319095.9096992647,1.7868375685065985,409023,2.2953578086813953,-0.11783403847366572,True,0.06743468649396227,16384,0.16593423116389974,2.460665864869952,0.0726318359375,7.059247367642978e-05,0.0015188503752422483,True,1.2894334462981456e-05,5.661471118607301e-07
0.9086341457378911,-0.6369945049977166,-0.6369992867101049,-0.2743259896532485,inf,inf,inf,inf,inf,0.055653392469418785,0.08932032507816959,0.0336669326087508,2.016904306446749,0.6761607247232846,0.30735422475631186,0.13236825667729363,0.8125088895914191,1.366313093784128e-05,0.0002783777160254784,0.010633842565030258,inf,0.24347040933488215,0.28213776946982366,1.1588174934299977,0.15480422581205103,0.6358235739404581,0.6370093648131044,0.27434084946863635,0.12919899284839628,1.0000580128867327,inf,0.05583679135888815,1.0492503985296935,6.486167300926213e-06,0.25141439090913154,PARALLEL_AT_THROAT,2.5,3,2982671.6473420663,1493288.5131082642,38521289.72604615,inf,1.1825065362045484e-06,8.019899546839321e-07,1.0084521532233746,12.566370614359172,538694.1596599475,2.6530580054968596,305221,2.106503009240944,-0.06636442532762887,True,0.5390812493521271,16384,0.6715435875499439,1.245718689635396,0.081298828125,0.0001321515871585623,0.004218522286388019,True,2.215259477604341e-05,1.0872774134346218e-06
0.19684205034540067,-0.2968629450959464,-0.29686363132582955,-0.04983670522100953,inf,inf,inf,inf,inf,0.11073277810753476,0.2596316068021051,0.14889882869457036,2.075834613477291,0.6776623526897472,0.13576847621643912,0.022794030139159947,1.5898708814339713,3.0371022252573684e-06,5.443791522561796e-05,0.037528351857959316,inf,0.6673216241451569,0.3682012727599362,0.5517598402893121,0.15273515440743046,0.22887787369858592,0.29686692290002575,0.04984068302508887,0.2678238606452942,1.0000277317175934,inf,0.03622833639383316,1.0496909241192043,1.3003962155509579e-06,0.914015108200246,PARALLEL_AT_THROAT,1.25,0,2978259.1466970663,1119765.651877103,4708339.362153747,inf,3.165435909388661e-07,2.619351519379573e-07,1.0379173067386456,12.566370614359172,937838.994052985,1.7436779662966728,316873,2.3355206581946217,0.0283735469914973,True,0.3412952256701902,16384,0.6959684411482691,2.0391977056860924,0.09185791015625,2.3308684954085978e-05,0.009708902079249074,True,4.332031649887325e-06,2.416849159125526e-07
0.2994044872936096,-0.42204844970745975,-0.42205171932476504,-0.15631746925316833,inf,inf,inf,inf,inf,0.11500811828651523,0.17973647780795413,0.06472835952143889,2.0326260226531905,0.5058479150347337,0.19652318110703754,0.07279122165047022,1.027004240877884,1.321250111800744e-05,0.00021875317688897002,0.095656292210708,inf,0.49411747051380145,0.7389226729874581,1.495439277261537,0.26198977434833354,0.5302175899101624,0.42205989323155074,0.15632891277725933,0.17845082476735113,1.0000633435914532,inf,0.1327146241441369,1.0849939370527864,5.971532614353847e-06,0.5802861096425295,PARALLEL_AT_THROAT,2.0,2,2985793.4993715417,1447677.6505072212,inf,inf,9.106467127369488e-07,6.504588346577991e-07,1.0163130113265952,12.566370614359172,463472.70278179523,2.7767809834331274,429329,2.212581253638034,-0.10697860093787312,True,0.1035874161382424,16384,0.2285869687158404,2.2067059613764286,0.10009765625,9.88678614759505e-05,0.002493441979794867,True,1.740782470946767e-05,1.0514174317690388e-06
0.3728306347047753,-0.40982181323932076,-0.4098241310740285,-0.14512558294187486,inf,inf,inf,inf,inf,0.012737273581215423,0.06595912951362135,0.05322185593240592,2.0267879555033215,0.5255545638281016,0.20094378953604525,0.07116053090175137,1.057940992131915,8.92963673467333e-06,0.00014203725547348904,0.04225790900335814,inf,0.5011981703672388,0.49742939842726436,0.992480475463003,0.16949897562032573,0.33818753866585377,0.40982992838661764,0.14513369808917173,0.1620469458401203,1.000045805383585,inf,0.19673006869852544,1.0070074673276395,4.2666554284432e-06,0.49671465344478666,PARALLEL_AT_THROAT,2.5,3,2991112.3084273105,1402994.0513467977,9930911.130594352,inf,6.457829031079262e-07,4.613354776082924e-07,1.0133939777516607,12.566370614359172,634624.9279970872,1.239324115216732,285329,2.0928891222724166,0.18527081590145822,True,0.6133704898084502,16384,1.838150571160806,2.9968030769377947,0.10406494140625,6.786659358201827e-05,0.07180205481578847,True,1.1302965655906074e-05,7.10597913169116e-07
0.25458866517063133,-0.4628387454132407,-0.46284076610012664,-0.16696400806355685,inf,inf,inf,inf,inf,0.010767154850987115,0.08128859800599979,0.07052144315501267,2.0355715270490378,0.604028389990417,0.22618252334997202,0.0815951488519421,0.954104600872031,6.987770865003458e-06,0.00011762519122338027,0.06408617751738607,inf,0.4575840081013901,0.6215663919674758,1.3583656355179068,0.22532324970499007,0.49241941526737887,0.46284604670080337,0.16697130935111953,0.18613044336438178,1.0000364776028543,inf,0.051114598475396636,1.0753354427870363,3.3008239525382804e-06,0.598644259199477,PARALLEL_AT_THROAT,1.5,1,2999003.7329840544,1393197.0280197654,6408690.026786731,inf,5.810180032674338e-07,4.2021685009912096e-07,1.0177857635245189,12.566370614359172,796612.2290495745,1.1526791620999575,285601,2.1169777502462606,0.08958595134317876,True,1.001548788086899,16384,1.921021056389297,1.9180504027754068,0.09820556640625,5.5562790496828485e-05,0.13283305853549418,True,9.360315307665198e-06,5.560691371794148e-07
0.18953642498881798,-0.40092964218940286,-0.40093068196963977,-0.10283433409644645,inf,inf,inf,inf,inf,0.016227685686999706,0.024946420571113567,0.008718734884113863,2.0043641184575374,0.6756466484305438,0.19842406794144007,0.050895355075477655,1.1851936206545486,3.5239927764881486e-06,5.6073056900576586e-05,0.07472036925053561,inf,0.6165286891751666,0.8649544632760108,1.4029427639988739,0.14011753059073645,0.2272684678764829,0.4009340454274926,0.10283873733453622,0.06595358788967133,1.0000237545310497,inf,0.05775852203369141,1.0803743789438158,1.7364988442707213e-06,0.6050713963872596,PARALLEL_AT_THROAT,3.0,4,3019731.2692765277,1171157.0830087487,4370395.606428604,inf,3.503985537986862e-07,2.676554715804705e-07,1.0021820592287687,12.566370614359172,1144222.888710438,2.861243162304163,442033,2.029366612085551,0.13410841953009367,True,0.20839628608971195,16384,0.267246090105648,1.2823937274515629,0.10443115234375,2.7630816712289904e-05,0.0008043840287672694,True,4.462152089999938e-06,2.8043043489911077e-07
0.09013975146710233,-0.23637872050176417,-0.23637916188204966,-0.03328303284027851,inf,inf,inf,inf,inf,0.0002941156773015579,0.004427833416878983,0.004133717739577425,2.0020679268459003,0.6434323022398715,0.11805130298165982,0.01662324784056146,1.8113021310814894,2.175829384084017e-06,3.279645276319273e-05,0.22989791322944303,inf,1.0063184819379756,1.192406665746411,1.1849197715717845,0.19159103568843217,0.19038807209370212,0.23638144816088172,0.03328576049939606,0.04543923437595367,1.0000236907773579,inf,0.009630255214869977,1.033836076501757,1.0843749902296934e-06,0.9450748110171879,PARALLEL_AT_THROAT,3.0,4,3020032.7737463266,1111840.2148381846,4269908.651362138,inf,2.1706021581339216e-07,1.819362887036314e-07,1.0010339634229501,12.566370614359172,1089013.236603893,1.0711504016071558,182671,2.0065285567155424,-0.23074638657271862,True,1.994530785452735,16384,5.894312952983102,2.95523789152503,0.11004638671875,1.634487216911419e-05,0.7755984710781533,True,2.6098587865709866e-06,1.731470009007827e-07
0.5843663575390017,-0.5470888527171872,-0.5470916956812377,-0.1953725699889794,inf,inf,inf,inf,inf,0.2689435508222807,0.559663105685173,0.29071955486289225,2.150635186170834,0.5839640415354489,0.22611320147182887,0.08075059047232219,1.0039797908869454,9.778869652026343e-06,0.00016794431378827786,0.10432324210766387,inf,0.623241892067004,0.7106264605285515,1.1402097156398352,0.23554997550822446,0.3779431044453937,0.5470986944346774,0.19538241170646958,0.36766623601317405,1.0000417519619733,inf,0.06196215953677893,1.1920483859721571,3.6078182865856407e-06,0.42806427562392624,PARALLEL_AT_THROAT,8.0,7,3055101.659225905,1431903.8980893102,8460428.42151439,inf,7.831789935384768e-07,5.569431027048725e-07,1.075317593085417,12.566370614359172,698561.5024770183,1.925096184015274,450017,2.7104662361697955,0.028133011143654574,True,0.1690541825673695,16384,0.4916095213104715,2.9079997539520264,0.09747314453125,6.196141148970841e-05,0.00431075477296994,True,1.3364583851790388e-05,7.781777214856576e-07
0.18917435785430697,-0.2851550224625929,-0.28516376791040265,-0.09780747017152405,inf,inf,inf,inf,inf,0.06832280842661975,0.40346781567307255,0.3351450072464528,2.1745803620957727,0.36476550009005065,0.12715156397108363,0.04362252234623547,1.261393679216037,5.2349743512394186e-05,0.0007553552123562374,0.3128617935652199,inf,0.7257947885701771,0.6936219296696323,0.9556722376528418,0.6214638479619372,0.8562528386105213,0.2851886459676243,0.09784109367655544,0.3925804297626019,1.0002678596393917,inf,0.015742713771760463,1.001754648052156,2.0300012328537397e-05,0.9487066522679423,PARALLEL_AT_THROAT,1.25,0,3087496.9032888655,1621125.6139683179,inf,inf,2.675673514910504e-06,1.979732890670068e-06,1.0872901810478863,12.566370614359172,106585.74163790057,1.2038604393601418,135641,2.5788035329812016,-0.03419384341686965,True,0.06485811010281158,16384,0.14686715774159345,2.264437824487686,0.114013671875,0.0002929091738458323,0.0035535001658189946,True,6.010925791836174e-05,4.165860224795207e-06
0.2681645592523351,-0.26177617088440025,-0.2617767215529218,-0.04667875455834432,inf,inf,inf,inf,inf,0.004547484443650114,0.008643482244620323,0.004095997800970209,2.0020490474750843,0.6524963042291401,0.13045941180830462,0.02326426175969126,1.5538550720985476,2.56853281748699e-06,4.2537086353884624e-05,0.07569668655293248,inf,0.8764555734264214,0.45569787241347304,0.5199326540100198,0.18952650835440754,0.21624200256205947,0.26177940329070204,0.046681986964646115,0.04523165732622146,1.0000256090256807,inf,0.01956644617021084,1.1979088094085455,1.2774098686044019e-06,1.033281062812592,PARALLEL_AT_THROAT,2.5,3,3050796.1917529223,1159723.947248432,4620675.0442499025,inf,2.5722672050597735e-07,2.1340591190103447e-07,1.0010245237375421,12.566370614359172,1017699.1051931515,2.1102262903004885,68873,2.0107350668060584,0.04955878211185338,True,0.050703221928903,16384,0.08147199437880794,1.6068405769765377,0.1005859375,2.115499304513172e-05,0.00015518513105702408,True,3.3849937789737727e-06,2.0439734719840375e-07
0.18697405717037519,-0.2183144827551446,-0.21831641905376775,-0.027539168430792904,inf,inf,inf,inf,inf,0.008517607924372887,0.040942097374963675,0.03242448945059079,2.016277952865664,0.5587411065795885,0.10782603933088107,0.013606495383483845,2.1206758971520934,1.0275461661415984e-05,0.0002358745281410251,0.17349363068110216,inf,0.4904323481265143,1.2838905888990482,2.617875011311141,0.27553477102331425,0.5618201410976993,0.2183256857747399,0.027550371450388217,0.12681229799985885,1.0001051936224636,inf,0.03638586364686489,1.0230470562819391,4.994256031302743e-06,0.5430744511597242,PARALLEL_AT_THROAT,2.0,2,3186800.4321105094,1196918.6060312765,inf,inf,8.915079730747117e-07,7.374222244845329e-07,1.008138976432832,12.566370614359172,244894.82132364888,1.2626905795186758,63919,2.0574559247687683,0.12568308757618069,True,0.32714954582778955,16384,0.7313983831776898,2.2356698717921972,0.072021484375,0.000114643781818818,0.02899845016820776,True,1.8770298551556258e-05,8.176952579828066e-07
0.3519375650572624,-0.44386086066893865,-0.44386318282477644,-0.1617979164152888,inf,inf,inf,inf,inf,0.008204450820780085,0.036147228602823836,0.02794277778204375,2.014020188222564,0.5511112147940873,0.21949525050700058,0.08001374147589431,1.024991727399238,8.324242596536616e-06,0.00013404683751343759,0.07039971558518404,inf,0.5581704839795476,0.735562890095431,1.3178104382215656,0.17146845187460288,0.3071972753774021,0.44386870372824766,0.16180575947459783,0.1177884966135025,1.000041342536422,inf,0.1630561612546444,1.0142397505696863,4.060009098206077e-06,0.373983478887929,PARALLEL_AT_THROAT,6.0,6,3086354.313885064,1446200.8781273416,8608575.348096134,inf,6.241308289976858e-07,4.393395388889544e-07,1.007010094111282,12.566370614359172,711178.9437497782,1.2936161495745182,246545,2.0503014636629016,-0.14826834248378873,True,2.6558292665026553,16384,7.395080037506728,2.7844711747020483,0.10321044921875,6.537908687533219e-05,0.5856329409978757,True,1.066710839804985e-05,6.624221783674581e-07
0.33171868292163437,-0.5358557887600842,-0.535857193012789,-0.16700340916479917,inf,inf,inf,inf,inf,0.0019805778481616606,0.0033240190973950166,0.0013434412492333559,2.000671833426763,0.7629345802403799,0.2675756245797968,0.08339369789164675,0.9799843757250765,3.8121349092912974e-06,6.30111497577312e-05,0.02454050482597767,inf,0.470033727749919,0.5380818019925574,1.1447727476247052,0.09703003001503412,0.20643205856635646,0.535860969763124,0.16700859016783895,0.025913221687078478,1.0000217103900555,inf,0.035121454298496245,1.0454209877643734,1.9022070550875682e-06,0.3920037440961267,PARALLEL_AT_THROAT,4.0,5,3107973.115775899,1261369.4010451196,4301902.65874781,inf,4.12291121977914e-07,3.005442423202138e-07,1.0003359167133814,12.566370614359172,1299715.0343485435,2.4742571357637644,415073,2.0040588636739156,-0.09125224761664869,True,0.19163176709649404,16384,0.33214832915148357,1.7332634050399065,0.10052490234375,3.1441765958020215e-05,0.0005932346556488961,True,5.014267976923302e-06,3.03360057273442e-07
0.2840627062466578,-0.29985384059824877,-0.29985724083274395,-0.07562550512571616,inf,inf,inf,inf,inf,0.03913561886808345,0.2610165643690943,0.22188094550101087,2.1140150566075584,0.47767284446656955,0.13926953341487217,0.03512989375728087,1.4374101500693317,1.6325361343497076e-05,0.0003038604886037824,0.25825637084354064,inf,0.5953334035280672,1.0278257034230511,1.726470742834093,0.4220572050460439,0.708942590059363,0.2998682899454095,0.07563995447287684,0.32397087275981906,1.000104026438672,inf,0.007710518129169942,1.151743958471343,6.872865526105208e-06,0.674809204970965,PARALLEL_AT_THROAT,2.5,3,3207362.1024658703,1411837.3984374641,inf,inf,1.1498425125375754e-06,8.792604487475598e-07,1.0570075283037792,12.566370614359172,260790.7488858046,1.1763811614364386,331769,2.3753354814652563,-0.02496999492868779,True,0.0871278369576882,16384,0.22789844432030307,2.615678895264864,0.08935546875,0.00012792318852423412,0.005044559701928231,True,2.4180449385805253e-05,1.2991309777894525e-06
0.2746143568897187,-0.4652111955258938,-0.46521215809848426,-0.11484105070694182,inf,inf,inf,inf,inf,0.03501512028377679,0.0562442463515139,0.02122912606773711,2.010642730072623,0.8022724810728007,0.22741603085461806,0.05614098368193981,1.119717600887465,2.8100199251418792e-06,4.7693498497117194e-05,0.011973467591010773,inf,0.46626395887228483,0.2863863030835189,0.6142149690835604,0.08966766342189249,0.19231094686958963,0.4652153888146427,0.11484524399569071,0.10275396853685378,1.0000193838985725,inf,0.011032593064010145,1.0149719265755266,1.3595107605636413e-06,0.5757578934036969,PARALLEL_AT_THROAT,1.5,1,3198950.6183782774,1171521.3447470271,4268179.492526402,inf,3.336913160986196e-07,2.570922231696093e-07,1.0053213650363115,12.566370614359172,1394148.9225843453,2.6493905670940876,7377,2.066934669922634,0.048643395490944374,True,0.06755153104962376,16384,0.18007607247900803,2.665758565068245,0.09716796875,2.3074506993925635e-05,0.00025307491224956153,True,3.7953280195810417e-06,2.2361428063652391e-07
0.41089809904036123,-0.544713763100404,-0.5447162324890747,-0.2655460189225952,inf,inf,inf,inf,inf,0.024298136746352658,0.0474976705471739,0.023199533800821244,2.011633405265562,0.5513405877108215,0.2675538602049017,0.13043346179409157,0.7481360136673527,9.004454112346836e-06,0.00012051458484295642,0.02428667417244901,inf,0.5083763981234484,0.28350122032018527,0.5576600750283908,0.16851079750406,0.33146856959937143,0.5447213431782058,0.265553599000397,0.10739033803343773,1.0000364559984243,inf,0.16871769186109306,1.0414655550848693,4.3726828496018555e-06,0.5210688302364267,PARALLEL_AT_THROAT,2.5,3,3213162.252649949,1793849.125040626,6549466.611104088,inf,6.032034255851464e-07,4.0669571890554046e-07,1.005816702632781,12.566370614359172,903047.4962070893,2.0473545268177986,250533,2.0592515903975785,0.10030743116512891,True,5.439004695536155,16384,6.458332530593277,1.1874107290059328,0.1239013671875,5.8523487564571326e-05,0.3836975795936911,True,9.59024594621206e-06,7.165516909120719e-07
0.302867058629922,-0.3670367705329475,-0.367038604065702,-0.07995846629713098,inf,inf,inf,inf,inf,0.0025085700821033717,0.007089621295300963,0.004581051213197592,2.002291837233057,0.6630963298961345,0.1830829388366304,0.0398874849708397,1.3872456036352674,6.402203090334917e-06,0.00014714498553495997,0.0513291058966225,inf,0.32702359960593325,0.813647218942886,2.48803823309186,0.1929072102164691,0.5898877342458594,0.3670447503521333,0.07996644611631679,0.04783203795552254,1.0000462654176723,inf,0.02286827191710472,1.0204028361476958,3.185922847348341e-06,0.361189740417857,PARALLEL_AT_THROAT,2.0,2,3260999.8380558616,1190844.5595536178,23367350.29146396,inf,6.350138342005671e-07,4.891059335989538e-07,1.0011459186165286,12.566370614359172,578010.6362788364,1.5475970394909382,119353,2.009528603513893,0.16524775391444568,True,0.18740655380027618,16384,0.42274125623935427,2.2557442504912615,0.07196044921875,7.322363328278083e-05,0.004651804488100927,True,1.1709425899537159e-05,5.094711342525051e-07
0.46733196088759343,-0.5492412264344971,-0.5492450349005097,-0.2035296190914906,inf,inf,inf,inf,inf,0.08679999849092956,0.23377915560799745,0.14697915711706788,2.074839302658925,0.6355865415510678,0.25409147551116973,0.09416118225682804,0.9432439127197327,1.1906643623098534e-05,0.0002455432606570748,0.025629229600642456,inf,0.2801846554590248,0.4094779823412785,1.4614575579466806,0.22338841667396342,0.7972899740279764,0.5492541195521004,0.20354251220909383,0.2661556214094162,1.0000551138703917,inf,0.024054594337940216,1.043539877049625,5.156927222747169e-06,0.35571929292861176,PARALLEL_AT_THROAT,1.5,1,3272331.5092855124,1524128.2692071127,7516022817.218107,inf,1.026001699211119e-06,7.229336034570143e-07,1.0374196513294625,12.566370614359172,535334.512578698,1.5905599147081375,269857,2.308864001527579,-0.029952149465680145,True,0.11607250831368886,16384,0.19436315007661617,1.6744977161288261,0.08001708984375,0.00010634808308095223,0.0009492283790992489,True,1.9539711838237583e-05,9.475005941248629e-07
0.21085539456773147,-0.484017929740098,-0.4840191597065536,-0.12934587449041413,inf,inf,inf,inf,inf,0.3327249431215055,0.7988831153315136,0.46615817221000805,2.246614747666414,0.6333081969060318,0.18765389753136658,0.050148916502155534,1.1793590939974008,4.472443275974791e-06,6.712795622853525e-05,0.03186726509346284,inf,0.6217524180746464,0.446452289017557,0.718054769131524,0.11480274070512575,0.1846438186129302,0.48402314603370294,0.12935109078401905,0.4555146493017673,1.0000234076864747,inf,0.1219233388081193,1.029041632078588,1.4685102072222086e-06,0.692524404459113,PARALLEL_AT_THROAT,2.0,2,3249703.761882175,1369831.6051997112,4782918.781105146,inf,4.150994559215644e-07,3.1722183529585804e-07,1.123307373833207,12.566370614359172,1166041.388705559,1.7137597557157278,29873,3.045564990954156,-0.04279521945863962,True,1.9423193748167558,16384,3.2761450369731735,1.6867179926484823,0.1102294921875,2.2041216138193292e-05,0.11038078656517446,True,5.341873026713884e-06,3.559057275347489e-07
0.3247947218275014,-0.1716219092293222,-0.17162285120239232,-0.01538813482816222,inf,inf,inf,inf,inf,0.08176951019471934,0.12524165451221195,0.0434721443174926,2.021854182879433,0.5337497140993616,0.0815871140227144,0.0073182346050053824,2.631576362626052,6.341640519558717e-06,0.00013405713344161676,0.057810329370407275,inf,0.7781365203211503,0.4363718814562335,0.5607909024449017,0.17025226055681258,0.21879484654768105,0.17162858610772447,0.015394811706564485,0.14663262724876402,1.0000788908322822,inf,0.1533130278810859,1.0864824813324958,2.9534054717328385e-06,0.7679935676951046,PARALLEL_AT_THROAT,3.0,4,3318795.1709769107,1344577.429116551,inf,inf,5.313291010720199e-07,4.563692658878844e-07,1.0109270914397166,12.566370614359172,323017.4777956699,2.880963349714875,92951,2.1472298945250867,-0.027710887882858526,True,0.17200958183182222,16384,0.3018834464646976,1.755038546398282,0.07855224609375,6.24325945644804e-05,0.001637908346795716,True,1.0667927721981567e-05,5.046517179998126e-07
0.2775764897129062,-0.4518960628790099,-0.4518976181980903,-0.15933464775595896,inf,inf,inf,inf,inf,0.003646546189381249,0.016622909886493512,0.012976363697112263,2.006498705946792,0.5971806982566654,0.22481041954632341,0.07926799428519012,0.9868504553103009,5.343181129561843e-06,8.158688047340224e-05,0.01896920748758614,inf,0.48491905988488554,0.38864384232804666,0.8014612632885711,0.10065332853338065,0.2075672763971675,0.45190159748178316,0.1593401823587322,0.08041870266199112,1.0000282440578707,inf,0.18021848369389773,1.0052490467205644,2.640951300588561e-06,0.5276276890352674,PARALLEL_AT_THROAT,2.0,2,3254062.4615842244,1483394.6472590119,5606530.41315435,inf,4.404296947057463e-07,3.166613348393985e-07,1.003249352973396,12.566370614359172,1026047.0692915048,1.2810144871473312,182881,2.0232032027137588,-0.06039977362379434,True,1.5306409989484908,16384,2.233200297686635,1.4589967858046293,0.10821533203125,4.032559871592151e-05,0.037306857230518006,True,6.4924776593948e-06,4.2519684430255213e-07
0.3662524539077815,-0.26427719542112355,-0.26428051395855784,-0.06828878669543857,inf,inf,inf,inf,inf,0.09526194487259312,0.18884282085379106,0.09358087598119794,2.0473376993886774,0.4225855708701639,0.12335079521563039,0.03187854595496265,1.4890807402299142,1.81395858367861e-05,0.00030181169532018167,0.2128792172107061,inf,0.7390005869381784,0.5733278729892082,0.7758151794772123,0.502441409471928,0.6798931128778116,0.2642913699483545,0.06830296122266954,0.21379562377929687,1.0001160225304189,inf,0.01447448879480362,1.101345638744533,8.110766437877088e-06,0.8010013055298264,PARALLEL_AT_THROAT,2.5,3,3266632.641898073,1483674.3187334891,inf,inf,1.1279730373997148e-06,8.638922191478982e-07,1.0236688496943387,12.566370614359172,234306.4605140014,2.01796380802989,160393,2.2364823319377884,-0.15247523793950676,True,0.07783965882165653,16384,0.14702594385353285,1.8888307847082615,0.09979248046875,0.00013494928665887493,0.0020699468261147443,True,2.4017411596575986e-05,1.443502375782121e-06
0.24754883380550352,-0.3183428252679646,-0.31834401451113664,-0.03372864910001977,inf,inf,inf,inf,inf,0.6275772216736484,1.0393190874187186,0.4117418657450702,2.2164387235729155,0.6453593342853599,0.11193690879083122,0.011862161796657805,2.1847334929096185,5.941774562376083e-06,0.00013634335050165017,0.0521795948554052,inf,0.4938608645929809,0.510874232670702,1.0344497191364672,0.20681502743106597,0.4187718490338653,0.31835035346273427,0.03373617729478943,0.4310073234140873,1.0000481817634534,inf,0.008696651831269265,1.0175618906505406,1.824928661901369e-06,0.5439388766710285,PARALLEL_AT_THROAT,2.0,2,3279099.474383641,1234030.6336623463,16634614.786339274,inf,5.990747050750572e-07,5.044377403898446e-07,1.1082193617864577,12.566370614359172,531403.4306002764,2.5242006555199623,247391,3.2558941543421356,0.058177450485527527,True,4.6168696451373075,16384,5.53611308452531,1.1991053484380245,0.072021484375,4.187585469257947e-05,0.4794777576220424,True,1.0849859095024236e-05,4.728313961699184e-07
0.15687837752619593,-0.23941882584571922,-0.23941950190781128,-0.026535109982742826,inf,inf,inf,inf,inf,0.7144154077936882,1.1815785612615872,0.4671631534678991,2.2471754665214405,0.545590525338684,0.08084299389207339,0.008961452890159666,2.3196339484980455,4.702612678021425e-06,8.451916657591095e-05,0.16411676988894044,inf,0.9868681911440893,0.6307894796922671,0.6391831101182667,0.26363882547581863,0.26714694813516954,0.2394238729630782,0.026540157100101807,0.4559485073387623,1.0000428654833204,inf,0.04171442091464997,1.1134515858720988,1.3714885124016727e-06,1.1893649700078095,PARALLEL_AT_THROAT,2.0,2,3301465.310890069,1474807.7128947906,8647593.438156486,inf,4.016368380234977e-07,3.478375261290897e-07,1.1235877332607203,12.566370614359172,596120.3014676427,2.52926317602396,160671,3.4288385469496037,-0.028405661508440982,True,2.04665127565163,16384,3.7076989449231554,1.8115929123014212,0.09228515625,2.4649503153510014e-05,0.5570792638426659,True,6.725821573281765e-06,3.742220265768627e-07
0.27140122142957585,-0.46315889587254816,-0.46316172531916905,-0.18002573824021093,inf,inf,inf,inf,inf,0.15618518340631732,0.26873556145549515,0.11255037804917782,2.0570667566047187,0.5218319649547872,0.20927063481126612,0.0813443230733781,0.9647114810832369,1.1058892351723435e-05,0.00017969232059427561,0.03948663373620696,inf,0.44694619923425205,0.4528347506543078,1.0131750788576892,0.1950990324523107,0.4365156987274345,0.4631686384833758,0.1800354808510386,0.2339102678000927,1.000049839340905,inf,0.17887239512056113,1.0104745137505233,4.7545046790421565e-06,0.5893012289239887,PARALLEL_AT_THROAT,1.25,0,3320713.043027046,1647021.8091624498,23875582.112157717,inf,7.752923359215155e-07,5.501321279541075e-07,1.0285333783023594,12.566370614359172,597411.6046598755,2.3876913264393806,242337,2.3259820103808084,0.02207576446235182,True,0.2534690117633401,16384,0.6622310851951584,2.612670797854662,0.10125732421875,7.725438966952994e-05,0.013433647564903771,True,1.4299460529116274e-05,8.800386914489699e-07
1.6417590041839845,-0.6148529922092797,-0.6148575063998782,-0.2515015021213802,inf,inf,inf,inf,inf,0.006120746664180648,0.010279033853213007,0.004158287189032359,2.002080224303746,0.6976335529544124,0.3061781573987905,0.12524432889219003,0.8494910387734292,1.2474700380294843e-05,0.0002757284594310227,0.008951967816817856,inf,0.27148438396296326,0.22541083457273525,0.8302902409425011,0.14628468862164704,0.5388327920975508,0.6148672729774218,0.2515157828895224,0.04557393223047257,1.0000566169127165,inf,0.04570339694619179,1.116476780269295,6.198193146422002e-06,0.20023475984944095,PARALLEL_AT_THROAT,6.0,6,3392945.6690489217,1632177.7210295715,inf,inf,1.1364274204879166e-06,7.771995465781048e-07,1.001040112151873,12.566370614359172,541052.8309088434,2.471939379349351,144577,2.0126349866163897,0.003109749313443877,True,0.2530893229549953,16384,0.28205202210307145,1.1144366692751646,0.075439453125,0.00013699874108547277,0.0003227123728382395,True,2.19417736347802e-05,9.927051145571355e-07
0.4416324383918622,-0.5483026097577273,-0.5483064134890012,-0.24577423594299266,inf,inf,inf,inf,inf,0.28139463225673333,0.4712094612644096,0.1898148290076763,2.0971580025491514,0.5034602456571344,0.23052446594962164,0.10333435487628642,0.8671566201323022,1.495293636381787e-05,0.00022510225753157652,0.07789012440404978,inf,0.5481968682483863,0.6118485895532593,1.1161110633635225,0.23222121024033437,0.4236091515486653,0.548314575871692,0.2457862020569574,0.3008496378362179,1.0000549201034687,inf,0.16725974809378386,1.1256561314221472,5.821451234163545e-06,0.49228008794553607,PARALLEL_AT_THROAT,4.0,5,3406254.4066221006,1838214.208624051,58261434.657604195,inf,9.522330935433848e-07,6.495417763203658e-07,1.0485790012745757,12.566370614359172,575819.7016986053,2.4824691712856293,237633,2.568592566071093,-0.036862986721098445,True,2.126417622202502,16384,2.9979081864891812,1.4098397959023714,0.11077880859375,8.763642023456133e-05,0.1833620520997229,True,1.7913068493647616e-05,1.1899168680200828e-06
0.17525505284295478,-0.1458188356065224,-0.14581998506740065,-0.009128999817712343,inf,inf,inf,inf,inf,0.46594457078044554,0.7302744864989673,0.26432991571852177,2.1365270948210275,0.47046798757613106,0.056034829047691984,0.0035117458589192722,3.428454912017016,1.0942435291998538e-05,0.00021864306483224754,0.24044891976593066,inf,1.0985554538135793,0.8850927549577181,0.8056878256670281,0.24729313486783594,0.225107557392183,0.14582905488344078,0.009139219094630713,0.35173772990703583,1.0001412181215026,inf,0.13315360490232706,1.066912654787302,3.816657866215939e-06,1.064706503570882,PARALLEL_AT_THROAT,3.0,4,3531063.726757888,1725692.866772178,inf,inf,8.13224218191815e-07,7.217530278589952e-07,1.0682635474105138,12.566370614359172,179322.07578334087,2.7627386953681707,300295,2.8670202243848273,0.008639912679791473,True,0.0549686323190241,16384,0.09438166387558092,1.717009499669075,0.08306884765625,7.626143093537524e-05,0.0003561881374410772,True,1.739906227040697e-05,8.707713330923872e-07
0.30909578347551975,-0.2670018975150746,-0.2670036112086485,-0.05168003748964677,inf,inf,inf,inf,inf,0.37232305734750165,0.7793695955860032,0.4070465382385015,2.2138520285695518,0.45597078319784823,0.10324547348411497,0.01998666351492257,1.7552343936184382,1.029136480919083e-05,0.0001785474280639294,0.31992304477411054,inf,0.9195684454798542,0.7803901993794641,0.8486483015108643,0.4458098476533239,0.48480333339481757,0.2670108712583279,0.051689011232900116,0.4287930503487587,1.0000703000497881,inf,0.006666184589266777,1.2115882660727948,3.4380183801974994e-06,1.0120877653707014,PARALLEL_AT_THROAT,3.0,4,3521750.9059671983,1596556.7845798924,inf,inf,7.141077984034476e-07,5.777363967844371e-07,1.1069260142847759,12.566370614359172,373908.3536901462,1.9146940764039755,388521,2.9934001715836187,-0.09623638074845076,True,0.11063149519468811,16384,0.18640398473717262,1.6849088445305824,0.09619140625,5.964702940785603e-05,0.0032347025541652028,True,1.420835287635948e-05,8.189607902723504e-07
0.43236385570073693,-0.3518257882255783,-0.35182703678084815,-0.07707859372344973,inf,inf,inf,inf,inf,0.035154940116578375,0.07836742740575416,0.04321248728917578,2.0217229476807375,0.6319164858897639,0.17105115801147025,0.03747628896742029,1.3938951209909622,4.6736159233019154e-06,9.421648496823847e-05,0.03647714739190447,inf,0.48934837219875066,0.47563055160054063,0.971967168222972,0.15672308675660557,0.32026894470377826,0.35183134459591786,0.0770841500937893,0.14619880139827726,1.0000335772424818,inf,0.08542081527411938,1.1438305513001978,2.2253357833679227e-06,0.5084624622464942,PARALLEL_AT_THROAT,3.0,4,3545020.6888669203,1335687.4133485185,9525194.30222349,inf,4.4216190259619626e-07,3.4280503113739987e-07,1.0108614738403687,12.566370614359172,795707.0532990431,1.8135366030037403,224313,2.10018459157146,-0.043489991780370496,True,0.13128415994754594,16384,0.21398275137006795,1.6299205590039492,0.08251953125,4.486104952219516e-05,0.0006698784274390217,True,7.497509651719203e-06,3.7191453815324615e-07
0.2711003147424102,-0.22153763384221778,-0.22153826676794386,-0.0201457130288225,inf,inf,inf,inf,inf,0.07099071581435915,0.14467089766252506,0.07368018184816591,2.0371793602229924,0.6901144684677948,0.1050874146076974,0.00955815769312048,2.314966122833387,3.3127323844581447e-06,8.179049218924939e-05,0.034216479537173626,inf,0.508796343274785,0.4291481761230284,0.843457665911838,0.1567054393405199,0.30799246380567674,0.22154214284407808,0.0201502220306828,0.1901781904697418,1.0000412781252381,inf,0.017774388939142228,1.0721790213137865,1.5182564401678789e-06,0.6636900557224973,PARALLEL_AT_THROAT,1.5,1,3786869.714058039,1358268.2543675494,19673970.92200966,inf,3.588149672387478e-07,3.0844833828025927e-07,1.0185896801114962,12.566370614359172,617427.2621595204,1.9634981080889702,60319,2.1819320483777065,0.007244344241917111,True,0.0985198872936448,16384,0.2902176891343145,2.9457777217030525,0.06689453125,3.748535260301146e-05,0.0018798302990192094,True,6.508680564919048e-06,2.636188670635574e-07
0.33220558533444666,-0.22086574753968333,-0.2208663231924701,-0.01986151585575689,inf,inf,inf,inf,inf,0.011275818872554143,0.03685415856085415,0.02557833968830001,2.0128300601424716,0.6731706866241866,0.10911958468980412,0.009814388371842975,2.3529342488320553,2.8984021387258212e-06,6.821270150163719e-05,0.06388160927810599,inf,0.6360931753391118,0.6880568670646334,1.0816919497647792,0.1459589661370598,0.22946161316578606,0.2208695928863105,0.019865361202384073,0.11272821247577668,1.0000353358432366,inf,0.03951297774910927,1.0638787641655654,1.4140254668410662e-06,0.4470517491591256,PARALLEL_AT_THROAT,6.0,6,4054019.964120516,1406185.85066157,15641306.755475504,inf,3.0600296180901457e-07,2.6019396854795694e-07,1.0064150300712358,12.566370614359172,721789.0689050314,1.440834667533636,193183,2.049752431404827,-0.07435405571013687,True,3.1599483899312397,16384,4.310591661599737,1.3641335647553205,0.07073974609375,3.327850742193614e-05,0.1332326188730716,True,5.428194312818756e-06,2.3064751372316793e-07
0.39737864775634496,-0.17245187392468977,-0.17245365506231297,-0.0147287730393062,inf,inf,inf,inf,inf,0.0009929529646530892,0.0023378466076784486,0.0013448936430253593,2.000672559867691,0.5542920247364768,0.08616036785806284,0.0073644352338321385,2.6683268802419273,1.1302218045203598e-05,0.00027144028368956437,0.08738066097426887,inf,0.6363830106049718,0.6158611913274231,0.9677524086351083,0.22295330310727202,0.35034452427528423,0.17246423691443277,0.014741136029049192,0.025927220582962037,1.000145309625966,inf,0.08293695393949747,1.0874837897717953,5.6418511771014665e-06,0.5520918637347596,PARALLEL_AT_THROAT,4.0,5,3773042.241864802,1460803.2733156201,inf,inf,9.83815464495868e-07,8.420770359671716e-07,1.0003362799338456,12.566370614359172,175301.4087889011,1.7383133750408888,392599,2.003281846759059,0.019644019287079595,True,0.9754829639041228,16384,2.737042974916789,2.805833701044321,0.0692138671875,0.00013549780033633545,0.193043273368354,True,2.1600531451730273e-05,8.994019348982857e-07
0.2523940286990125,-0.4007655448077091,-0.4007661843470885,-0.06522232664664943,inf,inf,inf,inf,inf,0.4234455607197507,0.8849820818185908,0.46153652109884014,2.2440377383086703,0.6984062415460179,0.1502423544524058,0.024452169268013177,1.5831383401481585,2.5420877569148276e-06,3.8738178185941324e-05,0.09329597081073289,inf,1.1268280404316047,0.6143220356622131,0.5451781581747928,0.13477494054183403,0.11960559704408111,0.4007689713085008,0.06522575314744115,0.4535111384093761,1.0000177201855698,inf,0.025566633045673373,1.0944682641420513,8.124129700824468e-07,0.7105903121994637,PARALLEL_AT_THROAT,8.0,7,3756261.4740007157,1393337.382841258,5098899.772143775,inf,2.726722692553938e-07,2.2177934248910804e-07,1.1220188691543351,12.566370614359172,1469782.6530101872,1.9174692388623953,14793,3.1290585583054473,-0.07767691696062684,True,0.270809436827945,16384,0.5295473149613613,1.9554241579025984,0.10943603515625,1.2380138455101371e-05,0.001784861015999591,True,3.0826862723335966e-06,2.0229291614319162e-07
0.11172240145440704,-0.29678383241044665,-0.2967843054131006,-0.060770132176328054,inf,inf,inf,inf,inf,0.006777644825510404,0.019824484959370628,0.013046840133860224,2.006534058790977,0.6562965719748092,0.1474120267616859,0.030185419570077147,1.3958622553360451,2.0174713968226775e-06,2.8435328917145048e-05,0.09134786934320793,inf,0.9144815755063408,0.800689673218046,0.8755667633595688,0.12475536603940311,0.13642195685607675,0.2967863587331291,0.06077265849901047,0.08063607916235924,1.0000178454405828,inf,0.07788182310760022,1.0880840786267072,9.95600256837103e-07,0.9792694806590777,PARALLEL_AT_THROAT,2.5,3,3640326.7746488675,1395192.927206103,4902949.440542185,inf,2.010383713758782e-07,1.6339801614309584e-07,1.0032670293954884,12.566370614359172,1476267.2255150357,1.519485542550683,491577,2.026386979079265,0.07091836174950006,True,0.5740258581199897,16384,1.3629963756224224,2.3744511790573597,0.1177978515625,1.4032526467410134e-05,0.024679166404887723,True,2.262811577803773e-06,1.605452726754199e-07
0.747634084688802,-0.4233813501000724,-0.4233831147774957,-0.09760926987882577,inf,inf,inf,inf,inf,0.07097303339908057,0.12809188744201874,0.05711885404293818,2.0287633268456333,0.6941123179050233,0.20163898869602057,0.04648994885023753,1.3188509819054257,5.687039459166871e-06,0.00013426144824063883,0.009193316453295465,inf,0.3120124456764533,0.2686455988027537,0.8610092402574555,0.10967826256069914,0.3515188707389958,0.4233887162080073,0.09761663598676068,0.16779308155179024,1.0000372944546572,inf,0.07971135452389717,1.052850826177746,2.6365633783292534e-06,0.2620648281618575,PARALLEL_AT_THROAT,4.0,5,3862211.0121627497,1418218.0640530346,21283099.202857666,inf,5.861762445944724e-07,4.4574767715327296e-07,1.0143816634228167,12.566370614359172,722289.1069236615,2.2425500229001045,150041,2.1569894757358927,-0.013605964649468671,True,5.048256563956133,16384,11.253936398123246,2.2292718794196844,0.07037353515625,6.22448323234555e-05,0.6204212657999228,True,1.0684186577087162e-05,4.5256022074253325e-07
0.08841274270189599,-0.22687445896628097,-0.2268748806767654,-0.02390021640027145,inf,inf,inf,inf,inf,0.02846958990546411,0.40357776861424616,0.37510817870878205,2.196328973813462,0.606336739748896,0.10197651855463787,0.010743880294245396,2.216082647568191,2.311182118859772e-06,3.7373283488331886e-05,0.2275104060570564,inf,1.1748179004898336,1.4649161208446222,1.2469303712803779,0.1321958897179626,0.1125245790542043,0.22687721201341476,0.023902969447405234,0.41326589971780775,1.0000247071378119,inf,0.09513211194425822,1.002729716943577,8.889353062989063e-07,0.7782145804122512,PARALLEL_AT_THROAT,6.0,6,3623929.7467806116,1441777.3174509343,5774397.541933139,inf,2.1908052995337287e-07,1.8552187587979595e-07,1.098164486906731,12.566370614359172,1035588.2015699947,1.0758970119059086,391135,2.599944115711197,-0.09224946070462464,True,0.27058138856782066,16384,0.4630248849971289,1.7112222220748663,0.10272216796875,1.4374648771290486e-05,0.0016522099664826474,True,2.9740714033713665e-06,1.8391802930106655e-07
0.39115757070986934,-0.25014074354914023,-0.2501418709803853,-0.03131367397014097,inf,inf,inf,inf,inf,0.1902928874792392,0.34101884463214094,0.15072595715290174,2.07678236954375,0.5707705529494584,0.11033919063508035,0.013815235860701939,2.1034589317783374,5.840162930041588e-06,0.00012627962824825564,0.020054291486645403,inf,0.5312420482468744,0.3190337766000579,0.6005431566512581,0.11832546385814967,0.22273361878757467,0.25014724896873336,0.03132017938973407,0.269400582909584,1.0000533042794642,inf,0.17639914713799953,1.0134077377151698,2.4153589985666713e-06,0.5298359992006954,PARALLEL_AT_THROAT,2.5,3,3844361.410613287,1458735.661711493,inf,inf,5.176848425645748e-07,4.279667147401103e-07,1.038391184771875,12.566370614359172,483203.734012225,2.2625090666115284,26671,2.4179274938041395,0.03450366072356703,True,2.4824570554993715,16384,2.5236804304969587,1.0166058763861656,0.07647705078125,5.222639163988295e-05,0.03683664257346888,True,1.0049013523758414e-05,4.6474539938908285e-07
0.15086325896899513,-0.3740715262162505,-0.3740722253130531,-0.08524762726612253,inf,inf,inf,inf,inf,0.07491481770342281,0.19734408487572516,0.12242926717230235,2.062151222127899,0.69248946778626,0.17504133937589889,0.03989160906015962,1.2670619471968947,2.586378829567998e-06,4.283050552114642e-05,0.03924703504845073,inf,0.5957861696013071,0.4985573633124157,0.836805868867423,0.13212995920767606,0.22177412962790968,0.3740749019468226,0.0852510029966946,0.24365895092487333,1.0000191518463573,inf,0.050039913877844816,1.033417536644265,1.1446493363547086e-06,0.8033836308196869,PARALLEL_AT_THROAT,1.25,0,3784255.303096578,1458018.2019595664,5494027.90387719,inf,2.686321035449847e-07,2.1299974762655667e-07,1.0310756110639494,12.566370614359172,1392517.4877104016,1.6119028516113758,76761,2.2595381375091455,-0.009344108588993538,True,0.8591826637772578,16384,2.1372461232265634,2.4875340405851603,0.09942626953125,1.8955424920759085e-05,0.07667563619411051,True,3.408343334407584e-06,2.058174877169888e-07
0.9385568680826454,-0.37243034271023234,-0.3724326187807961,-0.09457558563475749,inf,inf,inf,inf,inf,0.09598760633274028,0.14578785057589627,0.04980024424315599,2.025055120135899,0.5668105292416667,0.17559260425402656,0.04459347179520992,1.354457963786198,8.68734975958801e-06,0.00017681011953811355,0.04314856404684031,inf,0.4758503775911929,0.37252301003210025,0.7828574433792672,0.24341247125357918,0.5115315290612145,0.3724394160746893,0.09458465899921441,0.1568185059726238,1.000052885930605,inf,0.07091803997755051,1.0297212388832122,4.001506497679824e-06,0.3236942695894938,PARALLEL_AT_THROAT,6.0,6,3696964.805671927,1485308.932483826,inf,inf,7.220354018966017e-07,5.409114613736405e-07,1.0125275600679495,12.566370614359172,515818.7743930374,2.9274525213986635,57017,2.1710197808313336,0.11786143239587543,True,0.6650980361155122,16384,1.8653391319401385,2.8046077881008387,0.08160400390625,8.144104494082909e-05,0.06096406172525859,True,1.4070102256579837e-05,6.913173283033102e-07
0.3635122613003715,-0.07553506601481523,-0.07553673665095233,-0.00916709488144551,inf,inf,inf,inf,inf,0.0014399134156594731,0.00927556355966576,0.007835650144006287,2.0039216624066456,0.2024102497416022,0.03767153689802313,0.004576272715475242,3.6807571890897406,2.52398066365054e-05,0.00269828194621786,0.875906379707033,inf,1.131424693208434,0.6876726184969756,0.6077935390882359,1.1257716416535914,0.99500359892375,0.07554505259746777,0.00917708146409805,0.06253125548362731,1.000270539013693,inf,0.09056507013738156,1.0082588540390134,1.2520394304882079e-05,0.7536030017782149,ANTIPARALLEL_AT_THROAT,6.0,6,inf,inf,inf,inf,7.947069968738036e-07,6.617619972098462e-07,1.0019608312033228,12.566370614359172,95060.25855396368,1.1837643831968307,365159,2.0158955079125294,0.07463312754407525,True,0.08467363542689196,16384,0.22388460281291148,2.644088702276349,0.015869140625,0.0013385028815367248,0.00684624965990363,True,0.00021472245479809606,2.0085199944417296e-06
0.3620392513558471,-0.08720835487375986,-0.08721126925842308,-0.0070769000653213366,inf,inf,inf,inf,inf,0.22575898169012446,0.3974195854633588,0.17166060377323436,2.08767116487297,0.24950193408497678,0.0377055213207814,0.003068013493936332,4.178990972446304,4.206977993048814e-05,0.002743634373245842,0.9547328685282854,inf,0.8584431204344081,1.3632386465333344,1.5880360784340362,0.8158277250471041,0.9503573453233118,0.0872290897153732,0.007097634906934681,0.2867505578696728,1.0004814443053938,inf,0.16483501717448235,1.0005296454764903,1.691020117297691e-05,0.5673961806142364,ANTIPARALLEL_AT_THROAT,6.0,6,inf,inf,inf,inf,1.6500262684956871e-06,1.4181069058834073e-06,1.043835582436485,12.566370614359172,52865.273347980765,2.3151473123580217,367107,2.4878343847095747,-0.11375665590167044,True,0.07459050505549039,16384,0.15454943012175,2.071971895173192,0.02606201171875,0.0011028203445166743,0.003370151619092996,True,0.00021833148626945495,3.3478067153627e-06
0.24562897402811232,-0.0898640678806159,-0.08986714645898124,-0.01158846286514495,inf,inf,inf,inf,inf,0.10654865745104267,0.3079869847592554,0.20143832730821273,2.103253645236679,0.2159250021426769,0.040674397723738945,0.005252403222119273,3.4006559444155657,4.345574562720209e-05,0.0025836855093243523,1.373926242898074,inf,1.1954639775060398,1.0216499338718743,0.8546053692083856,1.1249282247742816,0.9409971742696013,0.08988237775035453,0.011606772734883575,0.3094747552275658,1.0004176611270317,inf,0.012469753064215184,1.0197126681450754,1.800286182721048e-05,0.9724880803771155,ANTIPARALLEL_AT_THROAT,4.0,5,inf,inf,inf,inf,1.45705313813557e-06,1.212067655865671e-06,1.0516268226183394,12.566370614359172,61687.78296264959,1.5289393477141857,228359,2.4138243155052588,0.12024196945130822,True,0.44114600830715966,16384,1.213792920129842,2.751453934237361,0.02850341796875,0.0010703701560747343,0.36798192554207454,True,0.00020560316010193594,3.458098361156614e-06
0.4935769119031416,-0.06613126551961089,-0.06613211101958864,-0.0027356122108134124,inf,inf,inf,inf,inf,0.004031811193567426,0.014640100961272311,0.010608289767704886,2.0053111783597224,0.3251500476389689,0.032916203331545865,0.001365764387873349,5.363566467046342,1.3399179315187148e-05,0.0021558679705284876,0.23069133429813782,inf,0.7096918524612428,0.573994706024007,0.8087942732234673,0.5663091447685366,0.7979648389713808,0.06613994240695233,0.002744289098154854,0.07273304998874665,1.0002635209689954,inf,0.1828916857019067,1.0001101333182305,6.626344866608305e-06,0.5662231547124521,ANTIPARALLEL_AT_THROAT,4.0,5,inf,inf,inf,inf,6.904847555209586e-07,6.23202005098801e-07,1.0026555891798612,12.566370614359172,95787.69390361256,1.3800623174756765,281747,2.022107147291523,0.0382555047981441,True,0.23415340581707803,16384,0.3067851131071773,1.3101885579526424,0.01055908203125,0.0010661492262742497,0.006018683182466467,True,0.00017155852208155067,1.0662728106933559e-06
0.561603390127136,-0.2724247511756047,-0.27243250226367366,-0.09481941272618152,inf,inf,inf,inf,inf,0.24396595783775155,0.3755892518506246,0.13162329401287304,2.0668941472751534,0.3138934789218931,0.11790080573141526,0.041043994686704395,1.4170469702551094,5.0425511829063574e-05,0.0024024619243081355,0.4977581714098353,inf,0.936300665980226,0.6878538640187828,0.7346506191989719,0.7728707738797308,0.8254514836541335,0.27245226832539443,0.09484692987597124,0.25235229566693307,1.000232405304821,inf,0.011065515317022802,1.0255323115270585,2.062489404204974e-05,0.5532521931577341,ANTIPARALLEL_AT_THROAT,8.0,7,inf,inf,inf,inf,2.1897452044162918e-06,1.5729332141586247e-06,1.0334470736375767,12.566370614359172,124421.90432745828,2.8535165805369616,364281,2.444885861050086,-0.06685956427827477,True,0.05672724996640278,16384,0.11687398003874994,2.060279320925474,0.0357666015625,0.0009826478865873397,0.0010475377535085681,True,0.00019118184542185333,4.012734732767154e-06
0.5473268616665139,-0.06000893003005878,-0.060009751731331405,-0.0017562761107681622,inf,inf,inf,inf,inf,0.0760622050402914,0.14283622137924976,0.06677401633895835,2.0336656618361397,0.33400555518637803,0.02844861931031513,0.0008371653242913802,6.359423763193718,1.4879717544799504e-05,0.0023310914656158345,0.5193991371935971,inf,0.7887548004922579,0.9160576931556721,1.1613972968328878,0.7188468634044659,0.9113692404227997,0.06001884493313078,0.001766191013840169,0.18120241090655326,1.000331277915942,inf,0.006468240916728974,1.027768898755312,6.8292144086804024e-06,0.4670850321850019,ANTIPARALLEL_AT_THROAT,8.0,7,inf,inf,inf,inf,7.890029170934648e-07,7.236140074517587e-07,1.0168328309180699,12.566370614359172,76069.23071238911,2.139098847284913,38363,2.178832974681005,-0.03371103238314388,True,0.5718881095316556,16384,0.8569824527324144,1.498514199629426,0.0108642578125,0.0010698807539192493,0.05046802328893481,True,0.0001855023647760455,1.1840902995330208e-06
0.3029292147475348,-0.15494972016644354,-0.15495593843305497,-0.04145406811959167,inf,inf,inf,inf,inf,0.023853930690082462,0.043292579799224136,0.019438649109141674,2.0097429407325893,0.2568661528771604,0.07620786065267555,0.020397560370568946,1.8910295610468228,5.5708951394225116e-05,0.001954406865735837,1.0205019562347808,inf,1.094877355567223,1.0218484218298172,0.9332994390960148,0.9121408151129087,0.833098621023499,0.15497606700109595,0.04148041495424409,0.098347377628088,1.0003694035461332,inf,0.058339622989296916,1.0815441887825727,2.7109111656218794e-05,0.9446691218867598,ANTIPARALLEL_AT_THROAT,4.0,5,inf,inf,inf,inf,2.096614484878825e-06,1.6017805505429585e-06,1.0048714703662947,12.566370614359172,73917.29291141136,2.2271393220871687,483023,2.0549899273975494,-0.0875851552002132,True,0.09971674709092328,16384,0.2569930477270758,2.5772305577993393,0.04833984375,0.000951054231302685,0.014961599751078719,True,0.00015552675674729833,4.433177494428531e-06
0.24941927441081524,-0.15234689213372732,-0.1523538635953043,-0.02939068207576838,inf,inf,inf,inf,inf,0.034483031222204474,0.15076143873071002,0.11627840750850554,2.0589840670590465,0.30526851720871834,0.07278903896900994,0.014055749031514988,2.182527995976868,5.934846817185976e-05,0.0019385968117752183,0.9122898364980819,inf,0.9947681138195908,1.1965671064306511,1.202860334793218,0.7664325145401663,0.7704634918356108,0.15238145819713414,0.029425248139175186,0.23764191567897794,1.0004756833204453,inf,0.027227905020117762,1.0303430419880897,2.683406192685931e-05,0.9310709028665771,ANTIPARALLEL_AT_THROAT,3.0,4,inf,inf,inf,inf,2.750679927210675e-06,2.1959086419358316e-06,1.0294920335295232,12.566370614359172,55397.74245986389,1.296555757522583,216415,2.2116841026015317,-0.1810770352371037,True,0.07918149696711628,16384,0.16384751614411577,2.0692651998251677,0.05169677734375,0.0008765251825497639,0.006165080569257876,True,0.0001542686326281073,4.722801037241751e-06
0.6229204277227058,-0.24325661213212044,-0.24326290432923106,-0.07652233233853437,inf,inf,inf,inf,inf,0.023682738446702517,0.11414525768905072,0.0904625192423482,2.045742660950074,0.3325705512057763,0.11755905570515512,0.03698872935167169,1.5194220079254084,3.9047856670093994e-05,0.001898828838207997,0.3463402751123824,inf,0.6926251736734464,0.7405065237742666,1.0691302481064526,0.6752674821756094,0.9749392714016186,0.24327969580534853,0.07654541601176246,0.21028526306152343,1.000213538569042,inf,0.05846988391131163,1.0396142189856619,1.8062769935869185e-05,0.4148861589048363,ANTIPARALLEL_AT_THROAT,8.0,7,inf,inf,inf,inf,1.83694034948418e-06,1.3362232129517628e-06,1.022871330475037,12.566370614359172,132437.45006399494,1.2617961410433054,177673,2.1617867474773327,0.03458569580689075,True,1.0402910710659965,16384,1.263148533886849,1.2142260652035475,0.03497314453125,0.0008783608468429225,0.07074132961843795,True,0.00015110399784312175,3.107329703094648e-06
0.6229204277227058,-0.24322338139132607,-0.243239045895443,-0.07648910159774001,inf,inf,inf,inf,inf,0.023682738446702517,0.11414525768905072,0.0904625192423482,2.045742660950074,0.326641736068144,0.11755905570515512,0.03698872935167169,1.5194220079254084,9.721013197968862e-05,0.0018103876588959286,0.3463402751123824,inf,0.6926251736734464,0.7405065237742666,1.0691302481064526,0.6752674821756094,0.9749392714016186,0.24327969580534853,0.07654541601176246,0.21028526306152343,1.0005222012142356,inf,0.05846988391131163,1.0396142189856619,4.4969333461783654e-05,0.4148861589048363,PARALLEL_AT_THROAT,8.0,7,inf,inf,inf,inf,4.48135867949774e-06,3.234817048850772e-06,1.022871330475037,12.566370614359172,54287.03953520961,1.2617961410433054,177673,2.1616983062980206,0.03458569580689075,True,1.0402910710659965,16384,1.263148533886849,1.2142260652035475,0.08935546875,0.0008374839604682288,0.07074132961843795,True,0.00014406607241292558,7.73573651159149e-06
0.561603390127136,-0.2723824903069842,-0.27240262422803135,-0.09477715185756101,inf,inf,inf,inf,inf,0.24396595783775155,0.3755892518506246,0.13162329401287304,2.0668941472751534,0.30740621809423324,0.11790080573141526,0.041043994686704395,1.4170469702551094,0.000130983323230993,0.0020072692295071476,0.4977581714098353,inf,0.936300665980226,0.6878538640187828,0.7346506191989719,0.7728707738797308,0.8254514836541335,0.27245226832539443,0.09484692987597124,0.25235229566693307,1.0005913021498918,inf,0.011065515317022802,1.0255323115270585,5.3583073532091615e-05,0.5532521931577341,PARALLEL_AT_THROAT,8.0,7,inf,inf,inf,inf,5.552758274572583e-06,3.9505517453350105e-06,1.0334470736375767,12.566370614359172,49066.11360574059,2.8535165805369616,364281,2.444490668355285,-0.06685956427827477,True,0.05672724996640278,16384,0.11687398003874994,2.060279320925474,0.10858154296875,0.0008211400663098824,0.0010475377535085681,True,0.00015973340999616135,1.0423321677408013e-05
0.3029292147475348,-0.1549257885617893,-0.1549380319563165,-0.04143013651493743,inf,inf,inf,inf,inf,0.023853930690082462,0.043292579799224136,0.019438649109141674,2.0097429407325893,0.24958684192010228,0.07620786065267555,0.020397560370568946,1.8910295610468228,0.00010968758871864906,0.0016831296823967856,1.0205019562347808,inf,1.094877355567223,1.0218484218298172,0.9332994390960148,0.9121408151129087,0.833098621023499,0.15497606700109595,0.04148041495424409,0.098347377628088,1.0007068307767288,inf,0.058339622989296916,1.0815441887825727,5.338326427669979e-05,0.9446691218867598,PARALLEL_AT_THROAT,4.0,5,inf,inf,inf,inf,4.0010310733000545e-06,3.02673269368471e-06,1.0048714703662947,12.566370614359172,38734.03234363574,2.2271393220871687,483023,2.0547186502142103,-0.0875851552002132,True,0.09971674709092328,16384,0.2569930477270758,2.5772305577993393,0.10845947265625,0.0008191533581599186,0.014961599751078719,True,0.00013393920440907015,8.728660970201906e-06
0.27535621716040404,-0.12662990821273043,-0.1266328408661997,-0.030569040283056438,inf,inf,inf,inf,inf,0.03972944256435298,0.08135010571657418,0.0416206631522212,2.0209185961208846,0.2215502095379982,0.061457808351554524,0.014840983873870294,2.208687002900935,3.145488246071949e-05,0.0017292489834275053,0.6490852779040871,inf,1.0331682391782981,0.6563084379612112,0.6352386891830782,0.9572441568105159,0.9265133407235143,0.12664291224152405,0.030582044311850062,0.14350931376218795,1.0002201323809998,inf,0.16664036083966494,1.0457334022503346,1.4950053752878988e-05,0.9814565624019925,ANTIPARALLEL_AT_THROAT,3.0,4,inf,inf,inf,inf,1.034827731307216e-06,8.014545833018522e-07,1.0104592980604423,12.566370614359172,122380.67111087762,1.954560536891222,422879,2.103997950820886,0.03887151014059781,True,0.05595879066701694,16384,0.09392254593426726,1.6784234400838614,0.03076171875,0.0008218871994399185,0.0014818432529863093,True,0.00013760926177456125,2.5031000139990336e-06
0.3451001158444775,-0.0439410842759599,-0.04394169287361873,-0.0011280313248359674,inf,inf,inf,inf,inf,0.034762462699984974,0.07217358576729864,0.037411123067313666,2.0187930341288656,0.2617167296753263,0.0214012760680032,0.0005530189757371915,7.531710826648905,1.4595888187108525e-05,0.001671667709514871,1.004338115311653,inf,0.9375193313962453,1.361001930126533,1.451705457741971,0.7871200445487085,0.8395774019682907,0.0439487081085997,0.0011356551574757704,0.13613019734621049,1.0003477372655665,inf,0.11848010476678611,1.062275071395561,6.974873906091346e-06,0.6579034196058099,ANTIPARALLEL_AT_THROAT,6.0,6,inf,inf,inf,inf,6.06685324965e-07,5.582546620865561e-07,1.0093965170644328,12.566370614359172,72440.69750844085,1.9292012602090836,112843,2.092638287605679,0.09404372805729505,True,0.34857806681985387,16384,0.7869755726065715,2.2576738111674786,0.01483154296875,0.0007988326121221518,0.08944632558528795,True,0.00013302708958819916,1.1615038768974624e-06
0.5409967502928409,-0.09563218868444542,-0.09563340776083101,-0.006297878020868222,inf,inf,inf,inf,inf,0.025364761563967116,0.040142291180302825,0.014777529616335707,2.0074024132229455,0.34744966580979075,0.04705002221329628,0.003102878747177599,3.9247087145614676,1.3869802328959387e-05,0.0016648280525827432,0.4472813352073698,inf,1.0389603391451065,0.7339911219270758,0.7064669307117438,0.5865310386666327,0.564536504973088,0.09564174072818377,0.006307430064606563,0.0857992908358574,1.0002015663658999,inf,0.06739724390208722,1.0164977493695915,6.7683670748580885e-06,0.6085045841562607,ANTIPARALLEL_AT_THROAT,8.0,7,inf,inf,inf,inf,7.601274887935127e-07,6.63116472406492e-07,1.0037012066114728,12.566370614359172,125823.2890379849,2.716441260650754,248419,2.0492095324558313,0.15663288692012434,True,0.09450853908802244,16384,0.2193178402334039,2.3206140138208866,0.01416015625,0.0008124245111174969,0.0032833671204653323,True,0.00013248280698329872,1.1037238001806843e-06
0.27535621716040404,-0.1266037926317694,-0.1266129212082454,-0.03054292470209542,inf,inf,inf,inf,inf,0.03972944256435298,0.08135010571657418,0.0416206631522212,2.0209185961208846,0.21461276497924994,0.061457808351554524,0.014840983873870294,2.208687002900935,9.791074980206607e-05,0.0015966962124682091,0.6490852779040871,inf,1.0331682391782981,0.6563084379612112,0.6352386891830782,0.9572441568105159,0.9265133407235143,0.12664291224152405,0.030582044311850062,0.14350931376218795,1.000663894700132,inf,0.16664036083966494,1.0457334022503346,4.6538504741234655e-05,0.9814565624019925,PARALLEL_AT_THROAT,3.0,4,inf,inf,inf,inf,3.1130396321387502e-06,2.3866105973646345e-06,1.0104592980604423,12.566370614359172,40681.43268530013,1.954560536891222,422879,2.103865398049927,0.03887151014059781,True,0.05595879066701694,16384,0.09392254593426726,1.6784234400838614,0.10174560546875,0.0007589345848589871,0.0014818432529863093,True,0.00012706104741521133,7.791489906416314e-06
0.2544187674991849,-0.05573590424370068,-0.05573865059570161,-0.0026387958432583457,inf,inf,inf,inf,inf,0.08647516387854418,0.15159453955867594,0.06511937568013176,2.0328247035997884,0.22713633954532148,0.02631088942440035,0.0012568094354177646,5.748869390529865,5.480847834240037e-05,0.0016053792980218046,1.7454247792959434,inf,1.013496650970216,2.0631579279124193,2.0356830246428217,0.8347306227771841,0.8236145842002538,0.05576066447036872,0.0026635560699263864,0.17898026600480077,1.0008934274820274,inf,0.18969473242759705,1.0845006913878024,2.5072214548439453e-05,0.7261010644901508,PARALLEL_AT_THROAT,6.0,6,inf,inf,inf,inf,1.9703562331472048e-06,1.7518084849380538e-06,1.0164123517998942,12.566370614359172,28299.788399838486,2.3279482945799828,458235,2.186024622456486,-0.015100318752229225,True,0.08131227959889703,16384,0.1514038651922534,1.8620049264281988,0.05682373046875,0.0007343829898026505,0.0040247922093132925,True,0.0001277520254087836,4.361520125769055e-06
0.2544187674991849,-0.05574793734281389,-0.05574925182913722,-0.002650828942371565,inf,inf,inf,inf,inf,0.08647516387854418,0.15159453955867594,0.06511937568013176,2.0328247035997884,0.24383557661731603,0.02631088942440035,0.0012568094354177646,5.748869390529865,2.623297929714944e-05,0.001627378718389415,1.7454247792959434,inf,1.013496650970216,2.0631579279124193,2.0356830246428217,0.8347306227771841,0.8236145842002538,0.05576066447036872,0.0026635560699263864,0.17898026600480077,1.0004589610979846,inf,0.18969473242759705,1.0845006913878024,1.2000192052000627e-05,0.7261010644901508,ANTIPARALLEL_AT_THROAT,6.0,6,inf,inf,inf,inf,1.012792630855458e-06,9.081891328639063e-07,1.0164123517998942,12.566370614359172,55056.348922355726,2.3279482945799828,458235,2.1860466218768537,-0.015100318752229225,True,0.08131227959889703,16384,0.1514038651922534,1.8620049264281988,0.02734375,0.0007444391634210489,0.0040247922093132925,True,0.00012950268365711446,2.087554163584344e-06
0.48611503054715366,-0.14444883273844353,-0.14445189150242035,-0.03064807903150659,inf,inf,inf,inf,inf,0.12893950459644282,0.4867906952578555,0.3578511906614127,2.186913236892389,0.23062742351646207,0.06237977124600636,0.013239879201844738,2.4048509146691073,3.112302296153429e-05,0.001986737784922495,0.7966805708924608,inf,0.9778366706424648,0.8716262541031317,0.8913822525498557,0.9347330589404393,0.9559194157918978,0.14446236425351003,0.0306616105465731,0.40451576948165896,1.0001987644333732,inf,0.1322967130690813,1.0530673558823764,1.1631771680950107e-05,0.5933089968196816,ANTIPARALLEL_AT_THROAT,8.0,7,inf,inf,inf,inf,1.0768037551788234e-06,8.333950518464254e-07,1.0934566184461945,12.566370614359172,134158.48854420029,1.3603159859776497,40383,2.675690669935167,0.1709569863043725,True,0.34051239759542934,16384,0.6079541979339632,1.785409877076745,0.02667236328125,0.0007425140010562711,0.037530402937221895,True,0.00015809956954892897,2.476691474145371e-06
0.363207779221183,-0.05090080035822114,-0.050901376277858526,-0.0016833198035527581,inf,inf,inf,inf,inf,0.07195052727506274,0.33692310714085655,0.2649725798657938,2.1368696407468533,0.2592519544468799,0.023047363516804722,0.0007651147094042785,6.7582406812152165,1.2923283514984894e-05,0.0017314510919223848,0.6028434947294831,inf,0.8807295661833123,0.8910308485691698,1.0116963058598096,0.7681910850400034,0.8722212975874079,0.050907481355650784,0.001690000800982398,0.3521368318796158,1.0002632875306912,inf,0.18417288661003114,1.073883896227926,5.220423020026079e-06,0.7545184845400319,ANTIPARALLEL_AT_THROAT,4.0,5,inf,inf,inf,inf,5.316568828557044e-07,4.858266542994293e-07,1.0684348203734266,12.566370614359172,95752.51068360088,1.2715395204722881,480939,2.4755241989796324,0.05151103325188161,True,0.05685143674309422,16384,0.1219850642326669,2.1456812918186188,0.01263427734375,0.0006994280615944124,0.002301511755989904,True,0.0001377845000006536,1.028402226193925e-06
0.16786979799723406,-0.09691345947586219,-0.09691666817432801,-0.01569572832949808,inf,inf,inf,inf,inf,0.031084711288376622,0.06419125067873489,0.03310653939035827,2.016621771206465,0.2334450162906371,0.04733672773306305,0.007673948013084946,2.8168404007430627,4.0449742661265166e-05,0.0014523507188260755,1.4418869937517858,inf,1.124373602178835,1.2875125257029474,1.1450931640586173,0.9960224348926227,0.8858465130829372,0.09693172423908657,0.015713993092722454,0.1281281830370426,1.0003897411519755,inf,0.06330544222146273,1.0568383825011551,1.9425834571066123e-05,1.2861862799619497,ANTIPARALLEL_AT_THROAT,2.0,2,inf,inf,inf,inf,1.4534636757809203e-06,1.198123564918628e-06,1.0083108856032326,12.566370614359172,66690.1594131734,1.938929645344615,252887,2.082265372604026,-0.11995151760056613,True,0.15284908433325725,16384,0.26105575504922046,1.7079314291477203,0.04681396484375,0.0006974858910561454,0.02537979208269739,True,0.00011557439800211868,3.218888245667734e-06
0.4713213099983425,-0.15402521566699515,-0.15402854343901015,-0.016469941441933627,inf,inf,inf,inf,inf,0.004301329597004506,0.006812165072104449,0.0025108354750999432,2.001255811755935,0.43873105503990334,0.07680963075484935,0.00822256764466174,2.716438510426709,2.4259473026567205e-05,0.0013723646174280293,0.2809909172603164,inf,0.5749857613168657,1.050868813262438,1.827643193903928,0.46503612190289445,0.8087785005977222,0.1540461034850705,0.016490829260008975,0.03542075589299202,1.000276406279311,inf,0.04302605763077736,1.0206836089491844,1.2072751067153572e-05,0.38769763608494534,ANTIPARALLEL_AT_THROAT,6.0,6,inf,inf,inf,inf,1.6621997485477956e-06,1.3973840657138367e-06,1.0006279058779675,12.566370614359172,92676.04788152271,2.713106907904148,174743,2.0094403414454676,-0.0427116953767836,True,0.8125503104888189,16384,1.3120010525653756,1.6146705448627472,0.030029296875,0.0006829586273961409,0.08512592201742626,True,0.00010920930629404437,1.930507524491337e-06
0.278675558381587,-0.20137539145387093,-0.20138098550174957,-0.0657982638543464,inf,inf,inf,inf,inf,0.14417831277737223,0.22761089188122724,0.08343257910385501,2.042151304445933,0.26228060268693393,0.09211618160069637,0.03010488809239593,1.5827195896446673,4.5105073303249256e-05,0.0014649911142132696,0.5340279307854128,inf,0.8638932884800854,0.8102595901127813,0.9379162923447801,0.7629212156937177,0.8831197392863004,0.20139633605912297,0.06581920845959843,0.20212678879499435,1.0002349877157246,inf,0.17135314885526898,1.0230407908093184,1.9859340163174908e-05,0.8697968981562942,ANTIPARALLEL_AT_THROAT,2.5,3,inf,inf,inf,inf,1.6667187284854649e-06,1.2215585425961308e-06,1.0210756522229665,12.566370614359172,120834.02713193865,2.7280816957354546,457161,2.2712271874413736,-0.2759294081479311,True,0.1612491918827777,16384,0.4249325949261984,2.635254105553031,0.05194091796875,0.0006450218288658473,0.03561924698732644,True,0.00011658028870637264,3.5893476873672015e-06
0.2017288360499718,-0.09792197400645428,-0.0979254638910636,-0.012276157871327508,inf,inf,inf,inf,inf,0.05788549382586816,0.3184773212516853,0.26059182742581716,2.134535676099206,0.22444923826416138,0.04467276900714809,0.005608278429339209,3.2918860813062856,4.466824675937058e-05,0.001555163260668136,1.7684565563846029,inf,1.0826427157759477,1.9517125201820953,1.8027300158605613,0.8369381971256907,0.7730511506058981,0.0979415244904442,0.012295708355317427,0.3494046550989151,1.0004095405167823,inf,0.19404499717056753,1.0043413264211267,1.8198006262837458e-05,0.8674340575715982,ANTIPARALLEL_AT_THROAT,4.0,5,inf,inf,inf,inf,1.5557780834172597e-06,1.2780618902206677e-06,1.067267838049603,12.566370614359172,62953.40288848656,1.222130887210369,410247,2.4545681606115597,-0.2842770996503532,True,0.3268604692207993,16384,0.48554879125477923,1.4854925479739904,0.048583984375,0.0006335791711242048,0.05154779081755017,True,0.0001237559601251218,3.5545861355011814e-06
0.5473268616665139,-0.059994903586007585,-0.05999704064539084,-0.001742249666716971,inf,inf,inf,inf,inf,0.0760622050402914,0.14283622137924976,0.06677401633895835,2.0336656618361397,0.3101666157066535,0.02844861931031513,0.0008371653242913802,6.359423763193718,3.869878392374872e-05,0.001383917381392163,0.5193991371935971,inf,0.7887548004922579,0.9160576931556721,1.1613972968328878,0.7188468634044659,0.9113692404227997,0.06001884493313078,0.001766191013840169,0.18120241090655326,1.0008002726981224,inf,0.006468240916728974,1.027768898755312,1.7768968378940956e-05,0.4670850321850019,PARALLEL_AT_THROAT,8.0,7,inf,inf,inf,inf,1.905191869467942e-06,1.7351300872052593e-06,1.0168328309180699,12.566370614359172,31502.782420487703,2.139098847284913,38363,2.1778858005967816,-0.03371103238314388,True,0.5718881095316556,16384,0.8569824527324144,1.498514199629426,0.04644775390625,0.0006354407476337573,0.05046802328893481,True,0.00011012864603967725,3.0795513765548908e-06
0.4713213099983425,-0.15400597224262963,-0.15401260840831982,-0.01645069801756809,inf,inf,inf,inf,inf,0.004301329597004506,0.006812165072104449,0.0025108354750999432,2.001255811755935,0.4229928109574338,0.07680963075484935,0.00822256764466174,2.716438510426709,4.837767786854297e-05,0.0012524043344723935,0.2809909172603164,inf,0.5749857613168657,1.050868813262438,1.827643193903928,0.46503612190289445,0.8087785005977222,0.1540461034850705,0.016490829260008975,0.03542075589299202,1.0005314965296792,inf,0.04302605763077736,1.0206836089491844,2.4076637216287824e-05,0.38769763608494534,PARALLEL_AT_THROAT,6.0,6,inf,inf,inf,inf,3.19354280344305e-06,2.6654535170579065e-06,1.0006279058779675,12.566370614359172,48236.74300497522,2.713106907904148,174743,2.009320381162512,-0.0427116953767836,True,0.8125503104888189,16384,1.3120010525653756,1.6146705448627472,0.06414794921875,0.0006232974821804189,0.08512592201742626,True,9.966317029049843e-05,3.8497732840430005e-06
0.17542894904395093,-0.08800442081836014,-0.08800920649376022,-0.013120740780391748,inf,inf,inf,inf,inf,0.07576041314956942,0.13672116747082222,0.060960754321252794,2.0307126270235902,0.20171308940563762,0.04179058250481767,0.006241264469485634,3.1542647555629584,6.731036858886038e-05,0.0013307140989784756,1.6696568180601234,inf,1.058094595543918,1.5494996342496252,1.4644244860291515,1.0183832346920596,0.962468988104561,0.08803073537953052,0.013147055341562127,0.17326104581356047,1.0006171227431913,inf,0.1616451445966959,1.0924388880375773,3.1036273565965114e-05,1.1375917973511342,PARALLEL_AT_THROAT,2.5,3,inf,inf,inf,inf,2.094046242779947e-06,1.7132142948018083e-06,1.0153563135117951,12.566370614359172,42038.58232980828,2.242773551493883,194247,2.168764508593391,0.01621998958289622,True,0.2079140504994339,16384,0.5289813577804221,2.544230928644538,0.08392333984375,0.0006135816469265006,0.10802641803422725,True,0.00010589486334725103,5.356388941127287e-06
0.17542894904395093,-0.08801576047871859,-0.08801836836594956,-0.013132080440750205,inf,inf,inf,inf,inf,0.07576041314956942,0.13672116747082222,0.060960754321252794,2.0307126270235902,0.21037106931253494,0.04179058250481767,0.006241264469485634,3.1542647555629584,3.6679848940817586e-05,0.0013369091124699984,1.6696568180601234,inf,1.058094595543918,1.5494996342496252,1.4644244860291515,1.0183832346920596,0.962468988104561,0.08803073537953052,0.013147055341562127,0.17326104581356047,1.0003506816961842,inf,0.1616451445966959,1.0924388880375773,1.691273719246361e-05,1.1375917973511342,ANTIPARALLEL_AT_THROAT,2.5,3,inf,inf,inf,inf,1.1916647432642108e-06,9.841356713466454e-07,1.0153563135117951,12.566370614359172,73872.06500579728,2.242773551493883,194247,2.1687707036068824,0.01621998958289622,True,0.2079140504994339,16384,0.5289813577804221,2.544230928644538,0.04620361328125,0.0006164363573551529,0.10802641803422725,True,0.00010638784685709946,2.9188896353975705e-06
0.3342947727296536,-0.06657408057053914,-0.06657502347005828,-0.0025864377066710754,inf,inf,inf,inf,inf,0.01695925159404509,0.03642858948585591,0.01946933789181082,2.0097583597504634,0.3012889580697421,0.03285264801973882,0.0012805915547934353,5.448912925980588,1.4932500836405879e-05,0.0012916804089934924,0.5826666256870109,inf,0.7238594444067685,1.1587209151791946,1.60075401948898,0.6946836088209651,0.9596940596530945,0.06658304032090696,0.0025953974570389017,0.09842460244894027,1.0002703152686343,inf,0.023093581572175028,1.0154986579436809,7.293116821928762e-06,0.5864129831496449,ANTIPARALLEL_AT_THROAT,4.0,5,inf,inf,inf,inf,7.129942799545047e-07,6.379607202994774e-07,1.0048791798752317,12.566370614359172,93385.09745850351,1.871074901893735,94739,2.0474786296453127,-0.18032083977013824,True,0.1642220220821361,16384,0.48464476812237645,2.9511557705700397,0.01959228515625,0.0006308639271205736,0.03417341976440833,True,0.0001027886609931377,1.1882906604189286e-06
0.408687102679961,-0.12817662423606535,-0.12817862731102492,-0.016474494646644418,inf,inf,inf,inf,inf,0.060073229810672445,0.0950442080820863,0.034970978271413856,2.017561923257742,0.33644573654918614,0.0616994101579673,0.007935336410730949,2.744475098498546,1.862837783640559e-05,0.0012706322089100833,0.6830351209845941,inf,1.1489778556576375,0.8314214024799391,0.723618299853186,0.71500680756535,0.6222981618354196,0.12818886346777927,0.016486733878358355,0.1316559387743473,1.0001955875601887,inf,0.00729832760989666,1.1181533264461905,8.812423769270544e-06,0.8487073064680838,ANTIPARALLEL_AT_THROAT,6.0,6,inf,inf,inf,inf,9.739671134599913e-07,8.145674728599488e-07,1.008780961628871,12.566370614359172,131615.18668981735,2.717802383005619,204631,2.1138767635487383,0.04574854569509623,True,0.36279333725246526,16384,0.49941137955530673,1.3765726331621408,0.02490234375,0.0006010909580069223,0.02367915170870084,True,0.00010111369844990679,1.482399207223728e-06
0.4236034571535299,-0.18636506241534959,-0.18636901361540562,-0.02716893085241263,inf,inf,inf,inf,inf,0.06024211969155019,0.14228691161124654,0.08204479191969635,2.0414430609626586,0.4311152076992901,0.08868448881445314,0.012937591501610744,2.2325586098546553,2.608159671342912e-05,0.0013376732488679772,0.39795713314760056,inf,0.9120017416971815,0.9143462391468501,1.002570715978355,0.4772324242496205,0.5232801676031003,0.1863868758952301,0.027190744332293133,0.20047345414757728,1.0002413365002758,inf,0.035886827111244204,1.0327104204334319,1.1936287996982474e-05,0.622184444969391,ANTIPARALLEL_AT_THROAT,6.0,6,inf,inf,inf,inf,1.735861574508753e-06,1.4214350644789387e-06,1.0207215304813293,12.566370614359172,107374.27375104919,1.7342589125037193,445919,2.185067645822773,-0.12671223264187573,True,0.6372272367752162,16384,0.9793286525204913,1.5368593744933605,0.03314208984375,0.0006121884836953343,0.05888485467895942,True,0.00010644865489956684,2.075507520335788e-06
0.30198581369994004,-0.16610330921611274,-0.16610850667979904,-0.03952015334042296,inf,inf,inf,inf,inf,0.2095116363621436,0.38713974619664954,0.17762810983450594,2.090785067782036,0.2511155778186958,0.0722191198428235,0.017190063961623713,2.083710282662158,4.7224721586385635e-05,0.001485473762371489,1.391691439585043,inf,1.109703242335939,1.5325908737921308,1.3810817300722742,0.8182949402028568,0.7373997921104888,0.16612540335064044,0.039542247474950665,0.291474893540144,1.0002855780129718,inf,0.15087982229888441,1.0677370883058757,1.904675552081022e-05,0.7827374365701278,ANTIPARALLEL_AT_THROAT,6.0,6,inf,inf,inf,inf,1.7581953617107726e-06,1.3445943431029284e-06,1.045392533891018,12.566370614359172,94486.31646314653,2.1794959511607885,298543,2.479410287741057,0.2535538979806006,True,0.42736140868789707,16384,0.5532864310749346,1.2946569807827473,0.053955078125,0.0005991238197712229,0.04170922684910836,True,0.000118210246057369,3.7580239383059035e-06
0.6961720240569312,-0.3733322180564393,-0.3733381605547366,-0.15918408793355707,inf,inf,inf,inf,inf,0.09206859678227552,0.2562869342248827,0.16421833744260717,2.0837939380064436,0.38303994930454904,0.17158755292625646,0.07316767267234306,1.0700778271072318,3.0189522086229712e-05,0.00137304275712996,0.16379684733260783,inf,0.6421241223819594,0.4865049633492927,0.7576494113701921,0.5243234455365168,0.8165453177362952,0.3733509278483179,0.15920279772543566,0.2807265189290047,1.0001238981523708,inf,0.08123614564538002,1.0107190746348351,1.2893494035042134e-05,0.4287403610957523,ANTIPARALLEL_AT_THROAT,6.0,6,inf,inf,inf,inf,1.4888779308496181e-06,1.0159889416844485e-06,1.0418969690032218,12.566370614359172,250759.9314305557,1.5606474783271551,165713,2.341453914988456,-0.2772782256826758,True,0.19150725188926854,16384,0.364463311949632,1.903130603954196,0.037353515625,0.0005864060566559259,0.006032073519294281,True,0.00010926327093687893,2.4024058348027037e-06
0.49528985897288624,-0.2754451192962114,-0.27545097027680626,-0.08260990966123842,inf,inf,inf,inf,inf,0.16429598013051908,0.30778834028299135,0.14349236015247227,2.073032644917172,0.36596702302945044,0.12312337694538247,0.03693344155720833,1.4830283810705436,3.394236559352631e-05,0.001373513572005096,0.22212950456080519,inf,0.6158746916320667,0.6932819366249908,1.1256866795220877,0.5202403165617796,0.8447178031997773,0.2754674556524412,0.08263224601746817,0.26309422716498376,1.0001803885510487,inf,0.1321691481396556,1.0592928028199822,1.4248360329528466e-05,0.5204492145567868,ANTIPARALLEL_AT_THROAT,4.0,5,inf,inf,inf,inf,1.7774707523135857e-06,1.3118645105105695e-06,1.036516322458586,12.566370614359172,154977.20865104988,2.1449806801974773,357753,2.3821944987721686,-0.04960866617038845,True,0.1774588334716215,16384,0.42978981902821267,2.421912793070078,0.0418701171875,0.000576574907176149,0.014731701917285442,True,0.00010930073719420848,2.7010476322209935e-06
0.2054715181897076,-0.057893236544374324,-0.057894102367168666,-0.001349270848293309,inf,inf,inf,inf,inf,0.007510803335531428,0.011555664590983774,0.004044861255452346,2.0020234531838756,0.38795740357811365,0.028815210915688404,0.000677364789085217,6.635826214951788,1.538537794349051e-05,0.001136506018178966,0.5324573851446405,inf,0.6004221195804745,1.5110589344676666,2.5166610043005577,0.5868765662937883,0.9774399495872157,0.0579051534439078,0.0013611877478267866,0.044948710203170775,1.0004124054301542,inf,0.008770911023020744,1.0104124310892075,7.636501033592507e-06,0.5970630130027237,ANTIPARALLEL_AT_THROAT,2.5,3,inf,inf,inf,inf,9.483167335412415e-07,8.79416744760249e-07,1.0010117265919378,12.566370614359172,61060.98458020045,2.856875393539667,434603,2.0147156237930384,0.04364291923120617,True,0.2928185630973935,16384,0.8174304387219471,2.7915936410427094,0.02276611328125,0.0005641024493766042,0.09771761265492955,True,9.044027532343496e-05,1.224329475521767e-06
0.596963995330806,-0.21252909498541545,-0.2125314296468613,-0.05612431376045032,inf,inf,inf,inf,inf,0.0005426196982494932,0.007162601748479251,0.006619982050229758,2.003312730033386,0.34323154407136275,0.1060648033911103,0.028012871525912787,1.6808738085098103,1.4955821016055312e-05,0.001128695169211178,0.20872254307688848,inf,0.7897814998908853,0.4508701575211583,0.5708796136443429,0.5861528894815188,0.7421709543240764,0.21253852369351045,0.05613374246854534,0.05748493313789367,1.0000966137749854,inf,0.11389768533408642,1.0599698070436716,7.434773849962595e-06,0.5530257754981422,ANTIPARALLEL_AT_THROAT,6.0,6,inf,inf,inf,inf,7.503127501462297e-07,5.645262953683691e-07,1.001656365016693,12.566370614359172,283266.5760405757,1.081966944038868,304105,2.011604026951076,0.14837383255362507,True,0.0983743409339621,16384,0.11721317699152657,1.191501522436738,0.02252197265625,0.0005610921205610754,0.0005123540806880229,True,8.981870771195111e-05,1.1901464213514278e-06
0.2281755985038909,-0.09436303614652429,-0.09436543093640423,-0.0057041057264752715,inf,inf,inf,inf,inf,0.4310990185047684,0.8933968073524503,0.4622977888476819,2.2444620373286805,0.2853950672400388,0.03527615521863098,0.002139579909781831,4.648068983317047,3.613514458904842e-05,0.0017610286481572676,1.5613013983062785,inf,0.9856774751173343,2.184654729571027,2.2163991617146035,0.7250519205381347,0.7355873892236658,0.09438350710250493,0.0057245766824559115,0.4538420957326889,1.000437153887406,inf,0.1434250770136714,1.0233478366862983,1.1509401152672125e-05,0.6663509637865119,ANTIPARALLEL_AT_THROAT,6.0,6,inf,inf,inf,inf,1.6290269170677602e-06,1.4384555935381275e-06,1.1222310186643403,12.566370614359172,57938.5804578323,1.9325136933475733,188211,3.139619873329288,0.03959641968831418,True,0.584663176950708,16384,0.9117381591496345,1.5594246312975883,0.0347900390625,0.0005609050519513539,0.10868885011964931,True,0.00014013820714033366,2.8755434403437055e-06
0.373997616188531,-0.21734513260198393,-0.21734874423532677,-0.05005173038564722,inf,inf,inf,inf,inf,0.03583446454175766,0.05784613882315791,0.022011674281400242,2.011036119024244,0.39533474495855825,0.10619211733999845,0.024460813192335753,1.6638772446731844,2.2094553491501315e-05,0.0011515183398491924,0.3167337440304064,inf,1.1099127053617732,0.5579266404874438,0.5026761454231565,0.5114797127000749,0.4608287752984676,0.21736152118983196,0.050068118973495244,0.10462045475840569,1.0001607534443484,inf,0.046402768790721895,1.0107667236588895,1.0673523179025985e-05,0.8949725942932331,ANTIPARALLEL_AT_THROAT,4.0,5,inf,inf,inf,inf,1.3041623831544274e-06,1.0167577335800704e-06,1.005518059512122,12.566370614359172,166667.52852055995,2.6279754135757685,445033,2.0700337761872514,0.31442599641159175,True,0.057979946393914975,16384,0.10825973991814053,1.8671928253024817,0.03253173828125,0.0005562799762476089,0.0009424032970106153,True,9.163491792398602e-05,1.7582287017903645e-06
0.6549056753196202,-0.21371139534757733,-0.2137140407507872,-0.036247365156607314,inf,inf,inf,inf,inf,0.15613937673436148,0.2937403364369196,0.13760095970255812,2.0699835064702254,0.41203200795763256,0.09600751574261945,0.016288632508508004,2.0817521633028093,1.659207393880054e-05,0.0013089140262618805,0.17692383053224725,inf,0.7136711217511461,0.5361571727535649,0.7512664537104816,0.4623768580679172,0.6478850607453133,0.2137245277542698,0.0362604975632998,0.2578263431787491,1.0001279569679487,inf,0.08208616562187672,1.0312735359184444,7.015578913297786e-06,0.4862021994853222,ANTIPARALLEL_AT_THROAT,6.0,6,inf,inf,inf,inf,1.0450437199010184e-06,8.345292212393957e-07,1.0349917532351127,12.566370614359172,204512.52295407583,2.1347259283065796,128303,2.3650327569334073,0.15999026373028757,True,0.15746280251318148,16384,0.4236964945816102,2.6907719653099775,0.02154541015625,0.0005534443539628046,0.008946466198565404,True,0.0001041600686809466,1.32035529175316e-06
0.49528985897288624,-0.27542104836448833,-0.27543347702626136,-0.08258583872951529,inf,inf,inf,inf,inf,0.16429598013051908,0.30778834028299135,0.14349236015247227,2.073032644917172,0.3587574016292503,0.12312337694538247,0.03693344155720833,1.4830283810705436,7.210042400585943e-05,0.0012894351190443532,0.22212950456080519,inf,0.6158746916320667,0.6932819366249908,1.1256866795220877,0.5202403165617796,0.8447178031997773,0.2754674556524412,0.08263224601746817,0.26309422716498376,1.0003756657078509,inf,0.1321691481396556,1.0592928028199822,3.026745670177532e-05,0.5204492145567868,PARALLEL_AT_THROAT,4.0,5,inf,inf,inf,inf,3.6929746365947488e-06,2.7039331579956575e-06,1.036516322458586,12.566370614359172,74592.29557732535,2.1449806801974773,357753,2.382110420319208,-0.04960866617038845,True,0.1774588334716215,16384,0.42978981902821267,2.421912793070078,0.09295654296875,0.0005412994746362623,0.014731701917285442,True,0.00010260998649609767,5.737569439777041e-06
0.334025169451135,-0.16398618056962835,-0.1639887360966967,-0.03983208581277928,inf,inf,inf,inf,inf,0.3611899275888217,0.5910440837469244,0.22985415615810273,2.1182264149919825,0.23318879646181145,0.06614349452026708,0.016069574854311305,2.155880959533574,2.5517545714462195e-05,0.0014562824961334706,0.9326301873643377,inf,1.1651966731965862,0.7792009037649499,0.6687290838441031,1.0272136575160289,0.8815796347049153,0.16399726126895406,0.039843166512105,0.3294124360382557,1.0001451440786813,inf,0.042745784111320975,1.0875048220623285,9.413543958434678e-06,0.837096159800589,ANTIPARALLEL_AT_THROAT,6.0,6,inf,inf,inf,inf,8.817740353013399e-07,6.784116527342882e-07,1.0591132074959912,12.566370614359172,185985.5866734715,2.5713874120265245,110767,2.7107267812350404,-0.04569133073091508,True,0.5768475163173648,16384,1.7113263657650968,2.966687586158514,0.02978515625,0.000537229537928559,0.3975645688288739,True,0.00011588727889892291,2.0306217680150343e-06
0.2928212126525742,-0.27898186598443986,-0.2789908795894286,-0.07500339337403171,inf,inf,inf,inf,inf,0.4343187032211915,0.9066427411489905,0.472324037927799,2.250056876994255,0.33794632701855526,0.10394172828956828,0.02795442080778998,1.6530897405817,5.930993798475509e-05,0.0016953287229674145,0.5349122915956592,inf,0.7303463859171144,1.0942528418843953,1.498265566838281,0.6693234020404608,0.9164465176341969,0.27901863718590614,0.07504016457549799,0.45816644161939624,1.0002873817712405,inf,0.04281353130936623,1.0234820456244051,1.877850584949895e-05,0.6790287599472564,ANTIPARALLEL_AT_THROAT,3.0,4,inf,inf,inf,inf,2.9261592383926495e-06,2.208879343874337e-06,1.1250284384971274,12.566370614359172,95353.19661522322,1.9195354636758566,284777,3.1583949468662125,0.16427857168018822,True,0.1995059043180773,16384,0.26373343626698176,1.3219329882413149,0.05908203125,0.0005367690714707907,0.00888715530430339,True,0.00013490997321296722,4.719734902373769e-06
0.4146847238979971,-0.2425353561316355,-0.24254775350377028,-0.07647664940435486,inf,inf,inf,inf,inf,0.1576667978926314,0.37168403809288664,0.21401724020025523,2.1098692854425107,0.30638798735358685,0.10698022065410473,0.03374711625162139,1.5163433004963778,8.464322409894157e-05,0.0013269279900043158,0.3471022546831903,inf,0.8331577860334761,0.6950842556271561,0.8342768528112007,0.5993668595688612,0.7193917762232599,0.24258151053633792,0.0765228038090573,0.3184905895590782,1.000427709468647,inf,0.18580232057720425,1.0761191465426236,3.40907395944446e-05,0.7152495509800436,PARALLEL_AT_THROAT,4.0,5,inf,inf,inf,inf,3.6728508269276664e-06,2.6862992986260025e-06,1.0549346427212554,12.566370614359172,66047.19929212506,1.736701387912035,150921,2.4828802515254016,0.018981364089995623,True,0.569017400363004,16384,0.7595772647796387,1.3348928596824408,0.10614013671875,0.0005344309252083721,0.04734374679661511,True,0.00010559357436808999,6.735693757290796e-06
0.4146847238979971,-0.24256292834542656,-0.2425677882177287,-0.07650422161814593,inf,inf,inf,inf,inf,0.1576667978926314,0.37168403809288664,0.21401724020025523,2.1098692854425107,0.313760960738394,0.10698022065410473,0.03374711625162139,1.5163433004963778,3.318084315691808e-05,0.0013396660895806426,0.3471022546831903,inf,0.8331577860334761,0.6950842556271561,0.8342768528112007,0.5993668595688612,0.7193917762232599,0.24258151053633792,0.0765228038090573,0.3184905895590782,1.0001716808631564,inf,0.18580232057720425,1.0761191465426236,1.3363783012625845e-05,0.7152495509800436,ANTIPARALLEL_AT_THROAT,4.0,5,inf,inf,inf,inf,1.478723768510317e-06,1.0919874186693536e-06,1.0549346427212554,12.566370614359172,164047.88757856868,1.736701387912035,150921,2.482892989624978,0.018981364089995623,True,0.569017400363004,16384,0.7595772647796387,1.3348928596824408,0.0419921875,0.0005395585291748674,0.04734374679661511,True,0.00010660724012467457,2.640447602190201e-06
0.2632524869033635,-0.1070719588390095,-0.10707369126778082,-0.005705425666422021,inf,inf,inf,inf,inf,0.2927830762256491,0.5539022013355308,0.2611191251098817,2.134816482057662,0.41279480343575153,0.04411311878376163,0.0023572481226756233,4.174250555498123,2.074473294298899e-05,0.0014995815548701093,0.47893792220043246,inf,0.9760259160332264,0.9404460137070516,0.9635461500133327,0.5217758885726935,0.5345922480145814,0.10708898767395898,0.005722454501371507,0.3497349762916565,1.0003199088930617,inf,0.033102233149111274,1.0136784228961915,7.711170953405702e-06,0.8987535269958846,ANTIPARALLEL_AT_THROAT,3.0,4,inf,inf,inf,inf,1.3551116286533665e-06,1.2172493273972784e-06,1.067408241028831,12.566370614359172,79025.95285111529,2.121262473985553,336899,2.690218264948063,0.027283139154315017,True,0.49119582985401733,16384,1.0873108485200214,2.2135995104908943,0.02337646484375,0.0005574200333143081,0.15294637826280147,True,0.0001193329085135041,1.6508133954989896e-06
0.16786979799723406,-0.09690469209501486,-0.09690961866961689,-0.015686960948650745,inf,inf,inf,inf,inf,0.031084711288376622,0.06419125067873489,0.03310653939035827,2.016621771206465,0.22530385566350342,0.04733672773306305,0.007673948013084946,2.8168404007430627,6.210576561731251e-05,0.0011100130263612675,1.4418869937517858,inf,1.124373602178835,1.2875125257029474,1.1450931640586173,0.9960224348926227,0.8858465130829372,0.09693172423908657,0.015713993092722454,0.1281281830370426,1.0005775847649891,inf,0.06330544222146273,1.0568383825011551,2.9830961364021184e-05,1.2861862799619497,PARALLEL_AT_THROAT,2.0,2,inf,inf,inf,inf,2.151149675692342e-06,1.7591053254795066e-06,1.0083108856032326,12.566370614359172,45060.42760966381,1.938929645344615,252887,2.0819230349115614,-0.11995151760056613,True,0.15284908433325725,16384,0.26105575504922046,1.7079314291477203,0.0926513671875,0.0005331671765706844,0.02537979208269739,True,8.833203002089502e-05,4.942219796250981e-06
0.2281755985038909,-0.09434933786803144,-0.09435361217497151,-0.005690407447982431,inf,inf,inf,inf,inf,0.4310990185047684,0.8933968073524503,0.4622977888476819,2.2444620373286805,0.2670366561498274,0.03527615521863098,0.002139579909781831,4.648068983317047,6.449530315411336e-05,0.0016700359878138093,1.5613013983062785,inf,0.9856774751173343,2.184654729571027,2.2163991617146035,0.7250519205381347,0.7355873892236658,0.09438350710250493,0.0057245766824559115,0.4538420957326889,1.000730163474628,inf,0.1434250770136714,1.0233478366862983,2.0542987691953077e-05,0.6663509637865119,PARALLEL_AT_THROAT,6.0,6,inf,inf,inf,inf,2.7191012840601723e-06,2.37896274515837e-06,1.1222310186643403,12.566370614359172,34711.28775371365,1.9325136933475733,188211,3.1395288806689448,0.03959641968831418,True,0.584663176950708,16384,0.9117381591496345,1.5594246312975883,0.06414794921875,0.0005319384058215677,0.10868885011964931,True,0.00013289724130096203,5.132373151593725e-06
0.3231472150642828,-0.10617187883840892,-0.10617336756720082,-0.007021532631397779,inf,inf,inf,inf,inf,0.011606266895148001,0.04233950499895315,0.030733238103805148,2.0154256514259687,0.3956734359572504,0.052383889386511694,0.0034698366225413423,3.6638311072972836,1.5217802530767215e-05,0.0011151098664582894,0.28233918401737174,inf,0.7845617907285015,0.8204323478958062,1.0457204997633103,0.4386329234189009,0.5590801497121217,0.10618381579226199,0.007033469585250842,0.1234868662059307,1.0002268502839338,inf,0.10883654784411192,1.003752024145797,7.3913003975596604e-06,0.715373162902675,ANTIPARALLEL_AT_THROAT,3.0,4,inf,inf,inf,inf,9.499126055874505e-07,8.314433325117276e-07,1.0077128257129844,12.566370614359172,111782.72102894685,1.3776454292237759,339047,2.05888026629138,-0.16178973345085979,True,0.3680931666530213,16384,0.9204142814162272,2.500492714345455,0.02301025390625,0.0005416098666421795,0.08125763897057837,True,8.873762366869003e-05,1.2109942478839785e-06
0.24941927441081524,-0.15234182789259537,-0.15235002561693126,-0.029385617834636422,inf,inf,inf,inf,inf,0.034483031222204474,0.15076143873071002,0.11627840750850554,2.0589840670590465,0.29799042058360015,0.07278903896900994,0.014055749031514988,2.182527995976868,6.978771617099841e-05,0.0011580741749103196,0.9122898364980819,inf,0.9947681138195908,1.1965671064306511,1.202860334793218,0.7664325145401663,0.7704634918356108,0.15238145819713414,0.029425248139175186,0.23764191567897794,1.000546037058398,inf,0.027227905020117762,1.0303430419880897,3.156524635602323e-05,0.9310709028665771,PARALLEL_AT_THROAT,3.0,4,inf,inf,inf,inf,3.153679431790825e-06,2.5013252567097202e-06,1.0294920335295232,12.566370614359172,48318.626383216106,1.296555757522583,216415,2.210903579964667,-0.1810770352371037,True,0.07918149696711628,16384,0.16384751614411577,2.0692651998251677,0.09991455078125,0.0005238013025103642,0.006165080569257876,True,9.215661470202278e-05,5.5535299978542985e-06
0.48275755722379965,-0.27871972062722383,-0.27873147502883266,-0.0896194665680403,inf,inf,inf,inf,inf,0.0002833923027562498,0.0011315740196586642,0.0008481817169024144,2.0004241358217145,0.383010803346747,0.13933159936917228,0.04481490894793299,1.3652269884279968,6.218161869866739e-05,0.0010484426272406543,0.19202488138206716,inf,0.6707855204926104,0.6254272704421803,0.9323803978101375,0.4577169678529858,0.6823596423441703,0.27876177976352573,0.08966152570434223,0.020591283142566683,1.0003417947130195,inf,0.14125013817101717,1.0128357901703566,3.1050379388266024e-05,0.4488152872231024,PARALLEL_AT_THROAT,6.0,6,inf,inf,inf,inf,3.346959722313466e-06,2.411574162744212e-06,1.0002120679108573,12.566370614359172,83288.0592811083,1.3341174386441708,415929,2.0026041524686136,-0.015765382815152384,True,2.4609741820847097,16384,4.1230249889606885,1.6753629595041275,0.0985107421875,0.0005235396251167448,0.5983738536504339,True,8.343241333680178e-05,4.948255992674172e-06
0.48275755722379965,-0.2787457679336904,-0.2787501382371386,-0.0896455138745069,inf,inf,inf,inf,inf,0.0002833923027562498,0.0011315740196586642,0.0008481817169024144,2.0004241358217145,0.3911032574707344,0.13933159936917228,0.04481490894793299,1.3652269884279968,2.3119215393232598e-05,0.0010576052129740731,0.19202488138206716,inf,0.6707855204926104,0.6254272704421803,0.9323803978101375,0.4577169678529858,0.6823596423441703,0.27876177976352573,0.08966152570434223,0.020591283142566683,1.0001297526490536,inf,0.14125013817101717,1.0128357901703566,1.1544522958794562e-05,0.4488152872231024,ANTIPARALLEL_AT_THROAT,6.0,6,inf,inf,inf,inf,1.2741809331195998e-06,9.264032348226523e-07,1.0002120679108573,12.566370614359172,218777.23368613617,1.3341174386441708,415929,2.0026133150543473,-0.015765382815152384,True,2.4609741820847097,16384,4.1230249889606885,1.6753629595041275,0.037109375,0.0005281125442558898,0.5983738536504339,True,8.416154874229024e-05,1.8397687051196024e-06
0.4935769119031416,-0.06611938743939315,-0.06612153255387018,-0.0027237341305956725,inf,inf,inf,inf,inf,0.004031811193567426,0.014640100961272311,0.010608289767704886,2.0053111783597224,0.30368913962415167,0.032916203331545865,0.001365764387873349,5.363566467046342,3.399500211175679e-05,0.0010554147276469548,0.23069133429813782,inf,0.7096918524612428,0.573994706024007,0.8087942732234673,0.5663091447685366,0.7979648389713808,0.06613994240695233,0.002744289098154854,0.07273304998874665,1.00062456192307,inf,0.1828916857019067,1.0001101333182305,1.682082608230025e-05,0.5662231547124521,PARALLEL_AT_THROAT,4.0,5,inf,inf,inf,inf,1.6357123460686389e-06,1.465009559809665e-06,1.0026555891798612,12.566370614359172,40434.94723624035,1.3800623174756765,281747,2.0210066940486415,0.0382555047981441,True,0.23415340581707803,16384,0.3067851131071773,1.3101885579526424,0.05340576171875,0.0005222222819720919,0.006018683182466467,True,8.398723545849966e-05,2.705236313252757e-06
0.7188358224708526,-0.13443610836950193,-0.13443713888833714,-0.010122843550030524,inf,inf,inf,inf,inf,0.08003796210427369,0.2515231231472472,0.17148516104297348,2.087579684312523,0.4104808324228652,0.062023577128132154,0.004673395916529291,3.3243907617078556,8.984442711724026e-06,0.001217194725951597,0.2167673053830583,inf,0.7754755326769263,0.5501860633455904,0.7094821695358445,0.5080612753059036,0.6551609353193725,0.1344434002768325,0.01013013545736109,0.2866102658212185,1.0001097306837545,inf,0.0005965447053313255,1.0087675894610584,3.838980439996703e-06,0.45073126483428416,ANTIPARALLEL_AT_THROAT,8.0,7,inf,inf,inf,inf,5.80271548113765e-07,4.98265464827654e-07,1.0437898421562615,12.566370614359172,231690.49165663077,1.4667340405285358,457863,2.3403200021857216,0.19575080284848811,True,0.11830157327313337,16384,0.15921961543726387,1.345879103988409,0.0125732421875,0.000520097561365458,0.0008893070964847234,True,9.686127867029079e-05,7.149592342484157e-07
0.2632524869033635,-0.10704291929929104,-0.10704809560160407,-0.005676386126703556,inf,inf,inf,inf,inf,0.2927830762256491,0.5539022013355308,0.2611191251098817,2.134816482057662,0.37397872188367515,0.04411311878376163,0.0023572481226756233,4.174250555498123,6.198292876043449e-05,0.001402013116114347,0.47893792220043246,inf,0.9760259160332264,0.9404460137070516,0.9635461500133327,0.5217758885726935,0.5345922480145814,0.10708898767395898,0.005722454501371507,0.3497349762916565,1.0008662056912563,inf,0.033102233149111274,1.0136784228961915,2.3040947137005174e-05,0.8987535269958846,PARALLEL_AT_THROAT,3.0,4,inf,inf,inf,inf,3.66600477430696e-06,3.2540877242784314e-06,1.067408241028831,12.566370614359172,29211.360668291443,2.121262473985553,336899,2.6901206965093074,0.027283139154315017,True,0.49119582985401733,16384,1.0873108485200214,2.2135995104908943,0.0732421875,0.0005211710827449471,0.15294637826280147,True,0.00011156865885463488,4.932444749767977e-06
0.67883610793666,-0.14603989398398318,-0.14604112125343538,-0.019986237186015287,inf,inf,inf,inf,inf,0.038783506260209814,0.07621718415339675,0.03743367789318693,2.018804417044151,0.3374638556721067,0.07097945027919675,0.009716621424946188,2.6408773860779133,1.0016428192720986e-05,0.0011172145192255322,0.1468180608581416,inf,0.5638667192640803,0.4779102251116734,0.8475588446422386,0.5448245877177528,0.9662293749643889,0.14604645969725757,0.019992802899289685,0.13617084309458732,1.0000925824412976,inf,0.15040430780500175,1.0052929888479412,4.778513769039611e-06,0.37446741977619724,ANTIPARALLEL_AT_THROAT,6.0,6,inf,inf,inf,inf,5.224828612723513e-07,4.248198613604474e-07,1.0094022085220755,12.566370614359172,279523.92417543597,2.036059197038412,496663,2.0961388157167735,0.18475700188428157,True,1.0967559399042417,16384,2.336187101240349,2.130088396370411,0.01519775390625,0.000532986895165863,0.22361820002050156,True,8.89051066143894e-05,7.970820294982824e-07
0.408687102679961,-0.12815448023794557,-0.12816041070854026,-0.016452350648524655,inf,inf,inf,inf,inf,0.060073229810672445,0.0950442080820863,0.034970978271413856,2.017561923257742,0.31964458021064696,0.0616994101579673,0.007935336410730949,2.744475098498546,5.515272728929456e-05,0.0010666808353182286,0.6830351209845941,inf,1.1489778556576375,0.8314214024799391,0.723618299853186,0.71500680756535,0.6222981618354196,0.12818886346777927,0.016486733878358355,0.1316559387743473,1.0005502506140755,inf,0.00729832760989666,1.1181533264461905,2.6093313483337937e-05,0.8487073064680838,PARALLEL_AT_THROAT,6.0,6,inf,inf,inf,inf,2.7361304937488812e-06,2.264198638746201e-06,1.008780961628871,12.566370614359172,46850.420241522406,2.717802383005619,204631,2.1136728121751465,0.04574854569509623,True,0.36279333725246526,16384,0.49941137955530673,1.3765726331621408,0.08624267578125,0.0005046574991048518,0.02367915170870084,True,8.488376382114404e-05,4.388914586545249e-06
0.22020106453455124,-0.06922851357101592,-0.06922942452227998,-0.002838557750313784,inf,inf,inf,inf,inf,0.005120168072466735,0.008758721506315263,0.0036385534338485275,2.0018201041586963,0.3855993725033533,0.03449982739603676,0.0014196422309372262,5.024450856001053,1.3768835626395996e-05,0.0010415773857776953,0.5577179160149595,inf,1.0305189004631445,1.0466214012484665,1.0156256239241075,0.5170934344020124,0.5017796705811178,0.06923909298613015,0.0028491371654280123,0.04263358518481254,1.0003067669146004,inf,0.09115919191390276,1.0475003514438868,6.84464902300375e-06,1.0623679079953152,ANTIPARALLEL_AT_THROAT,2.5,3,inf,inf,inf,inf,8.418831052252548e-07,7.693919069299345e-07,1.0009100520793481,12.566370614359172,82243.11968774394,2.4071988128125668,361427,2.0116204030507894,-0.026970031578093745,True,0.17047174157262193,16384,0.21561741960331776,1.2648279275745153,0.02227783203125,0.0005177802850866181,0.005606369048100672,True,8.28860947796271e-05,1.095689125280358e-06
0.387097110042109,-0.08989353570231763,-0.08989422053204099,-0.007141036926844402,inf,inf,inf,inf,inf,0.03940267005818007,0.0702044841488702,0.03080181409069013,2.0154602031507927,0.2823823257593218,0.04374904025715642,0.00347749715109847,3.8367584570819737,8.502650638005063e-06,0.0010745404327801153,0.3462029256318208,inf,0.898740199738667,0.5278305729909475,0.5873005048004178,0.7297969165943633,0.8120221136281335,0.08989827856295544,0.007145779787482219,0.12362349972128868,1.0001068374157727,inf,0.06987864822149277,1.014199152821675,4.074611012725569e-06,0.7271556604521894,ANTIPARALLEL_AT_THROAT,4.0,5,inf,inf,inf,inf,3.774248574522621e-07,3.229278396270985e-07,1.0077301015753963,12.566370614359172,238188.5474364286,2.2792321238666773,412387,2.0867392277324432,0.23284583799540992,True,0.5485151563763138,16384,0.9829935311443456,1.7920991238206625,0.013427734375,0.0005149375726969802,0.08664137891138902,True,8.550921071452991e-05,6.766194392109817e-07
0.9894053385003452,-0.38952023146181813,-0.3895238981834862,-0.11899014149245266,inf,inf,inf,inf,inf,0.005431850905196407,0.011870724180716094,0.006438873275519687,2.0032220278291475,0.5583729274027057,0.19392779628026247,0.05924551336757522,1.1917707323590598,1.3612487065039716e-05,0.0009980889681890305,0.06864628256431686,inf,0.5902597330595879,0.3668542713168824,0.6215132945208847,0.31701534647088114,0.5370777112435651,0.38953382019275284,0.11900373022338738,0.05669443026185035,1.0000780533963356,inf,0.01627293396741152,1.0112444984260947,6.751921485063631e-06,0.34392028548498793,ANTIPARALLEL_AT_THROAT,8.0,7,inf,inf,inf,inf,1.0813568493032096e-06,7.895684100948269e-07,1.0016110139145737,12.566370614359172,360226.89498268353,1.843602703884244,125361,2.0160908409780522,-0.1578510096296668,True,0.26404043809547656,16384,0.556295115256133,2.1068557500839233,0.02325439453125,0.0004950615061099303,0.005799837181253593,True,7.942539646638685e-05,1.0832473020877788e-06
0.12822973587333242,-0.06386479307084457,-0.06386650599169576,-0.003213933731462072,inf,inf,inf,inf,inf,0.02795294263591795,0.12894919698887838,0.10099625435296043,2.051135540814527,0.2610046145307018,0.030725016333661242,0.0015531653892864998,5.17836122692559,2.935913895977646e-05,0.0010796137989119502,2.4550387907379583,inf,1.039826711835454,3.278154382438611,3.152596817456405,0.7202246584967141,0.6926391198639308,0.06388002761314189,0.003229168273759388,0.22189905554056166,1.0004799433539946,inf,0.15903260037302971,1.0073358095251024,1.3460305702414758e-05,0.8356130630326138,ANTIPARALLEL_AT_THROAT,4.0,5,inf,inf,inf,inf,1.2123263561802299e-06,1.0760164458850274e-06,1.0255677704072634,12.566370614359172,52692.10496620202,1.2767720725387335,274771,2.1811643516023174,0.17167920600622888,True,0.09576830563739995,16384,0.1838848599150985,1.920101422816515,0.0458984375,0.0004949713203036942,0.007291431575841258,True,8.591293636352818e-05,2.336326045185135e-06
0.2054715181897076,-0.05788593516078516,-0.05788745279472836,-0.001341969464704147,inf,inf,inf,inf,inf,0.007510803335531428,0.011555664590983774,0.004044861255452346,2.0020234531838756,0.35699589321062236,0.028815210915688404,0.000677364789085217,6.635826214951788,2.6967841397099134e-05,0.0009758596357648995,0.5324573851446405,inf,0.6004221195804745,1.5110589344676666,2.5166610043005577,0.5868765662937883,0.9774399495872157,0.0579051534439078,0.0013611877478267866,0.044948710203170775,1.0006652675542531,inf,0.008770911023020744,1.0104124310892075,1.3386500591689891e-05,0.5970630130027237,PARALLEL_AT_THROAT,2.5,3,inf,inf,inf,inf,1.5293423783538149e-06,1.4085729064219367e-06,1.0010117265919378,12.566370614359172,37862.77962573492,2.856875393539667,434603,2.014554977410624,0.04364291923120617,True,0.2928185630973935,16384,0.8174304387219471,2.7915936410427094,0.04571533203125,0.0004844045691020084,0.09771761265492955,True,7.765644239792015e-05,2.146032631433286e-06
0.3544849829824269,-0.27176319960936574,-0.27176941477548877,-0.07422060267854623,inf,inf,inf,inf,inf,0.126198684972835,0.23440194618101826,0.10820326120818324,2.054833243398277,0.40745317338291953,0.12461478429426376,0.034041787924443186,1.449529121942614,3.431026007825847e-05,0.0011169378548930966,0.43450906869674444,inf,0.9637156587809292,0.8345394481699738,0.8659602451885452,0.5402603046620492,0.5606013555341229,0.27178882329286824,0.07424622636204875,0.2294731533527374,1.0002057647888833,inf,0.0008685803040862083,1.0408161440864205,1.4980342833438112e-05,0.8001896203107217,ANTIPARALLEL_AT_THROAT,4.0,5,inf,inf,inf,inf,2.039067944824655e-06,1.5444807395157852e-06,1.0274166216991385,12.566370614359172,133290.71450644577,2.166311288252473,3705,2.290352127434188,-0.31748987231403586,True,0.3882814421298871,16384,0.6184130709433159,1.5926928352564573,0.05206298828125,0.0004876708002731301,0.03747826155327688,True,8.888309036634721e-05,2.730323745111678e-06
0.5171065118948275,-0.09583340101493644,-0.09583397623632754,-0.006125108279162351,inf,inf,inf,inf,inf,0.0027451045860504,0.005633956752405217,0.002888852166354817,2.001444947674787,0.38372103089314386,0.04781896449867907,0.0030585922801970034,3.8879066145589105,6.42556532252079e-06,0.0009663568746285541,0.2175242482017604,inf,1.0038705581072431,0.5162429553621838,0.5142525111360361,0.4197356146415807,0.41811726746222644,0.09583829295766672,0.006130000221892626,0.037991884350776675,1.0001029129519985,inf,0.1905194502323866,1.0614801568444818,3.1999106027894412e-06,0.703938177596467,ANTIPARALLEL_AT_THROAT,6.0,6,inf,inf,inf,inf,3.8928843342287235e-07,3.435137695399597e-07,1.0007224738373934,12.566370614359172,246188.39073895745,1.9502405896782875,271203,2.0080452613018207,0.04812836432829498,True,0.3189351267553662,16384,0.36597238909404106,1.1474822256714106,0.01129150390625,0.00048124257617682505,0.004317351449848718,True,7.690023669398468e-05,5.113302416195262e-07
0.22020106453455124,-0.06921190147883156,-0.06921451907327206,-0.0028219456581294196,inf,inf,inf,inf,inf,0.005120168072466735,0.008758721506315263,0.0036385534338485275,2.0018201041586963,0.3450558000860364,0.03449982739603676,0.0014196422309372262,5.024450856001053,3.956438616401126e-05,0.0009704666607308918,0.5577179160149595,inf,1.0305189004631445,1.0466214012484665,1.0156256239241075,0.5170934344020124,0.5017796705811178,0.06923909298613015,0.0028491371654280123,0.04263358518481254,1.0007889926807985,inf,0.09115919191390276,1.0475003514438868,1.9668613796814853e-05,1.0623679079953152,PARALLEL_AT_THROAT,2.5,3,inf,inf,inf,inf,2.1638313983451775e-06,1.955529851237618e-06,1.0009100520793481,12.566370614359172,31998.377063518805,2.4071988128125668,361427,2.0115492923257428,-0.026970031578093745,True,0.17047174157262193,16384,0.21561741960331776,1.2648279275745153,0.06756591796875,0.00048244736752577576,0.005606369048100672,True,7.722728308060339e-05,3.1484338141994918e-06
0.334025169451135,-0.1639648538997322,-0.16397257725816067,-0.03981075914288312,inf,inf,inf,inf,inf,0.3611899275888217,0.5910440837469244,0.22985415615810273,2.1182264149919825,0.2261807613319139,0.06614349452026708,0.016069574854311305,2.155880959533574,7.711957122598923e-05,0.0012895163701815938,0.9326301873643377,inf,1.1651966731965862,0.7792009037649499,0.6687290838441031,1.0272136575160289,0.8815796347049153,0.16399726126895406,0.039843166512105,0.3294124360382557,1.000425529323355,inf,0.042745784111320975,1.0875048220623285,2.845152691551288e-05,0.837096159800589,PARALLEL_AT_THROAT,6.0,6,inf,inf,inf,inf,2.5788965021326316e-06,1.9642911665506094e-06,1.0591132074959912,12.566370614359172,63592.02904549899,2.5713874120265245,110767,2.7105600151090887,-0.04569133073091508,True,0.5768475163173648,16384,1.7113263657650968,2.966687586158514,0.099609375,0.0004757379888265253,0.3975645688288739,True,0.0001026164522561595,6.136980484871843e-06
0.46735330781334244,-0.20505920416433457,-0.20506274620719026,-0.06097891014409791,inf,inf,inf,inf,inf,0.011280306315523535,0.028137443415879603,0.01685713710035607,2.008446328663274,0.29442579691457754,0.10153469296119708,0.030198160816217397,1.6354440436603557,2.482628990507797e-05,0.0009664361252732439,0.5565159249611211,inf,0.8205472311422397,0.9260395227479633,1.128563338711013,0.7323935139941419,0.8925671627392079,0.20507232374812398,0.06099202972788734,0.091613989174366,1.000142583215799,inf,0.07997821290045977,1.0797549835406244,1.2184381913688358e-05,0.5852935306508146,ANTIPARALLEL_AT_THROAT,6.0,6,inf,inf,inf,inf,1.0440233056974586e-06,7.621564911327996e-07,1.004223164331637,12.566370614359172,196425.043989919,1.669170942157507,105833,2.037550208204427,-0.33441213658079505,True,0.06947770142319187,16384,0.17723969423766123,2.551029907539487,0.04364013671875,0.0004743127906157989,0.003484818384152216,True,7.690654325990749e-05,1.97561337851279e-06
0.5374444763318887,-0.1411054280763647,-0.14111040586033632,-0.014207625647059581,inf,inf,inf,inf,inf,0.25269903659225557,0.4452223081363417,0.1925232715440862,2.098576871323506,0.344048334348485,0.06002553830949813,0.0060557757639400495,3.1081656762838867,4.611641534857141e-05,0.001195619383671742,0.4343423821165114,inf,0.7761467794261303,1.0010646864245576,1.2897878506494966,0.5590185349061808,0.7202484758353433,0.1411366020867975,0.014238799657492404,0.3028859829902649,1.0004497708161366,inf,0.1108829252421856,1.0989625651855022,1.8120435990489e-05,0.49145665721414505,PARALLEL_AT_THROAT,8.0,7,inf,inf,inf,inf,2.480748928191005e-06,2.084629465826787e-06,1.049288435661753,12.566370614359172,56892.739318733155,2.3125635907053947,347959,2.544994798843519,-0.0011247780174016841,True,0.435573793040565,16384,0.49018052071729956,1.1253673397004604,0.0643310546875,0.0004697924664581036,0.010555753313862881,True,9.514436748392153e-05,3.6698277302020457e-06
0.5374444763318887,-0.14112508907850796,-0.1411268515345056,-0.014227286649202852,inf,inf,inf,inf,inf,0.25269903659225557,0.4452223081363417,0.1925232715440862,2.098576871323506,0.358606037674389,0.06002553830949813,0.0060557757639400495,3.1081656762838867,1.6328180026252566e-05,0.001195745988576915,0.4343423821165114,inf,0.7761467794261303,1.0010646864245576,1.2897878506494966,0.5590185349061808,0.7202484758353433,0.1411366020867975,0.014238799657492404,0.3028859829902649,1.00016596294762,inf,0.1108829252421856,1.0989625651855022,6.4158006222254314e-06,0.49145665721414505,ANTIPARALLEL_AT_THROAT,8.0,7,inf,inf,inf,inf,9.16176089570132e-07,7.759242975672725e-07,1.049288435661753,12.566370614359172,154049.6457979148,2.3125635907053947,347959,2.544994925448424,-0.0011247780174016841,True,0.435573793040565,16384,0.49018052071729956,1.1253673397004604,0.023193359375,0.0004698421897113317,0.010555753313862881,True,9.515444238216052e-05,1.2993552814362246e-06
0.1795836785406039,-0.04703504997492085,-0.04703587044617241,-0.0013297471251376039,inf,inf,inf,inf,inf,0.02234207441202537,0.058642679556960134,0.036300605144934765,2.01823265924768,0.26180916483318684,0.023054591189027022,0.0006563412764583936,7.072437396247702,1.8315521408244678e-05,0.0009999885584066905,3.04967303187142,inf,1.0766321019855183,3.547471674659299,3.294971112339186,0.7984854702066159,0.7416511812475718,0.0470446162751822,0.0013393134253989576,0.13411313593387603,1.0004077955793336,inf,0.08530015256255866,1.0489646887872368,8.81454299353379e-06,0.6507087662210435,ANTIPARALLEL_AT_THROAT,8.0,7,inf,inf,inf,inf,7.612619868478587e-07,6.95970959172437e-07,1.00911632962384,12.566370614359172,61798.19442972431,1.6154738832265139,512235,2.077875327363047,0.11951174149289728,True,0.07644986872330109,16384,0.22061936639031127,2.885804384946823,0.03106689453125,0.00048125532135546273,0.007791700285914389,True,7.957656105288164e-05,1.4575028837137864e-06
0.24978449524989013,-0.07916485774941176,-0.07916571674103093,-0.00475592688369524,inf,inf,inf,inf,inf,0.34302688567280154,0.562572926575823,0.2195460409030215,2.112783284034563,0.27169727050898407,0.032238853984382386,0.0019397161342515992,4.774853907803049,1.4175182531994728e-05,0.0013321521278726396,0.46124193166293537,inf,0.8529972310573845,0.7505927746693438,0.8799474926066302,0.7204051044767829,0.8445573775002306,0.07917250547455705,0.004763574608840532,0.32235568135976794,1.000194599397379,inf,0.18756888713687658,1.0316083719953895,5.295791146001577e-06,0.9524608500155652,ANTIPARALLEL_AT_THROAT,2.0,2,inf,inf,inf,inf,6.085866301407545e-07,5.402302490076206e-07,1.0563916420172814,12.566370614359172,130092.416680672,2.562437128275633,250803,2.6766883627382585,0.06852296795696022,True,0.20473168393584806,16384,0.2076955600446605,1.0144768804311752,0.01788330078125,0.0004976866737336001,0.004744939860197965,True,0.00010600929805065862,1.1280251845984249e-06
0.4097316894771456,-0.08198415287306461,-0.08198490472402137,-0.00360380486018482,inf,inf,inf,inf,inf,0.10421377314349485,0.18831453230013287,0.08410075915663802,2.0424923893408318,0.34341160962628614,0.03819395089056885,0.00168203818325531,4.832760607181471,1.0295967822714903e-05,0.0011555723299512153,0.6285504699096647,inf,1.1936791957568154,0.9730928805417968,0.8152046915124774,0.5411257933198336,0.45332598175739297,0.0819911897464079,0.003610841733528115,0.2029176081717014,1.000172509186654,inf,0.08456236366182567,1.0256693912670016,4.612966324715073e-06,0.705429282880097,ANTIPARALLEL_AT_THROAT,8.0,7,inf,inf,inf,inf,5.599765882485112e-07,5.001461901301049e-07,1.0212461946704159,12.566370614359172,146418.9601262779,2.2391537744551897,331379,2.231962493970916,-0.1740741519257426,True,0.5530857234652641,16384,1.1659324334826693,2.1080501340329647,0.01519775390625,0.0005177382384662388,0.09661909418463836,True,9.195752420597729e-05,8.193270864500879e-07
0.5170974411058256,-0.0669116758217633,-0.06691210561530192,-0.003112400473799822,inf,inf,inf,inf,inf,0.000810572060216337,0.005166777027198375,0.004356204966982038,2.0021792885157463,0.2965231796399036,0.0334078855137935,0.0015558643909217703,5.135526821378037,6.746723182398663e-06,0.0009463511359842437,0.6200484870116006,inf,0.993742594877047,0.8338549035009521,0.8391055267225641,0.7482750415181071,0.7529867848833521,0.06691565594741097,0.0031163805994475022,0.04664473935961723,1.0001195940640029,inf,0.035154369100928305,1.1263982232194394,3.359432683391584e-06,0.6449474437945797,ANTIPARALLEL_AT_THROAT,8.0,7,inf,inf,inf,inf,3.1672833547758365e-07,2.825264523864746e-07,1.0010896442578732,12.566370614359172,211271.45396230867,1.1860729847103357,345939,2.008292416678929,0.1386858676560223,True,0.40405369899409316,16384,0.6417298190867402,1.5882290415465832,0.01214599609375,0.0004712217843003185,0.03292105887351657,True,7.530823059626141e-05,5.368871720757152e-07
0.22163296271896005,-0.1515598393161614,-0.15156367606268867,-0.027627472167265278,inf,inf,inf,inf,inf,0.02483473793086041,0.05485075030483728,0.03001601237397687,2.015064315456732,0.3077449223886499,0.07430682312022974,0.013552656416202994,2.2877334713958013,3.157599499272141e-05,0.0009521976785130788,0.6502302138826024,inf,0.6754764193946089,1.6148583760040807,2.3906954108796077,0.5961046542318215,0.8824951354572469,0.1515784181431959,0.027646050994299766,0.12204838633537292,1.000256462455284,inf,0.1912919193506241,1.0408399193547666,1.524771555868241e-05,0.6386651062974451,ANTIPARALLEL_AT_THROAT,3.0,4,inf,inf,inf,inf,1.4784560796939484e-06,1.1731374920913755e-06,1.007532157728366,12.566370614359172,102524.80288394754,1.8273829855024815,396831,2.0708672634400824,0.16683746976777913,True,0.1358975668415911,16384,0.14083780723086636,1.03635267727077,0.0557861328125,0.0004598062344813484,0.0017457429782463103,True,7.577348366799196e-05,2.512737843068274e-06
0.3497279480394697,-0.09069783345060546,-0.09069876209709243,-0.003099840931212413,inf,inf,inf,inf,inf,0.9562487465290664,1.4974003932555564,0.54115164672649,2.288795651872691,0.312186999894087,0.027952942711388325,0.0009585531854586842,6.025133609302448,1.7200731397914907e-05,0.001900619303852896,0.8685993100780122,inf,1.1978240524315569,1.10503572599859,0.9225359298432781,0.6562210108498809,0.5478442426646606,0.09070854016443591,0.003110547645042864,0.4862459334731102,1.0002368235062207,inf,0.11015046276152135,1.0426365593448281,4.540731908828833e-06,0.8250322038807428,ANTIPARALLEL_AT_THROAT,6.0,6,inf,inf,inf,inf,8.520132151933013e-07,7.781138758000104e-07,1.1443978259363454,12.566370614359172,106463.77139098286,2.767062434926629,443835,3.7880966644321004,0.07799700861796738,True,0.30504754418102586,16384,0.38116809845667343,1.2495366893708706,0.015380859375,0.0005017346367368455,0.013860996302294561,True,0.0001512464785720327,1.3687907133870623e-06
0.2533767266393946,-0.25219691805808137,-0.2522035619369355,-0.08004090108429308,inf,inf,inf,inf,inf,0.019550549139618983,0.15896161890279165,0.13941106976317266,2.0709198816203678,0.3473818842519442,0.12065315526956934,0.03830039177642524,1.4085782162152165,4.033792293273915e-05,0.0010074701302191843,0.4222200844928536,inf,0.7369491232067111,1.0393725563150997,1.4103722001763752,0.5512265614411416,0.7479845542695962,0.25222185346892817,0.08006583649513992,0.2594579492509365,1.000222249562494,inf,0.12473874222487212,1.0069016458000988,1.8081546622611634e-05,0.7302799235951264,ANTIPARALLEL_AT_THROAT,2.5,3,inf,inf,inf,inf,1.9842969471498874e-06,1.455593866677524e-06,1.0354599408101839,12.566370614359172,127108.92582443517,1.1402367055416107,115001,2.2308889706533788,0.3069000078365206,True,0.6615359856720984,16384,1.0623371934764734,1.6058645583689213,0.06744384765625,0.00045160030080928604,0.13901405226682279,True,8.017192562090934e-05,3.2099899144026797e-06
0.39054405040677165,-0.16873243328130644,-0.1687348497677605,-0.026657789033510813,inf,inf,inf,inf,inf,0.27173158894914645,0.6757393797471096,0.4040077907979632,2.212179403596304,0.31033932581979073,0.0679352405568741,0.010737279488953115,2.463636177376113,2.1123886314590687e-05,0.0013209768616250885,0.42254495352555077,inf,0.9497727524567009,0.7038013127999915,0.7410207452040766,0.6321252530716578,0.6655542090848471,0.16874509080043906,0.026670446552643435,0.42735097363591196,1.0001554075291887,inf,0.12999138608574867,1.0462422634009272,7.311226505166053e-06,0.7927238849714782,ANTIPARALLEL_AT_THROAT,4.0,5,inf,inf,inf,inf,1.0072533686185705e-06,8.149554865802152e-07,1.106089701798152,12.566370614359172,167529.93443136345,1.672589972615242,335167,2.8892397602050384,0.2267248583957553,True,0.06248716006999048,16384,0.14493288605392354,2.3194026723504066,0.027099609375,0.0004572056912062375,0.0024916097321102666,True,0.00010511999861882574,1.6809854621391737e-06
0.2830509977070355,-0.18200552074267415,-0.18201006394555666,-0.02405875796032253,inf,inf,inf,inf,inf,0.037147132661981164,0.5221161487801229,0.48496901611814175,2.257130565471799,0.41824145184005507,0.07934193365715964,0.010498147697496059,2.414673734262843,3.2996463073445455e-05,0.00124011424563447,0.5134252124076641,inf,0.8569506783588228,1.2555435025397095,1.465129247513108,0.4771880943272263,0.5568442926506652,0.18203242891643132,0.024085666134079697,0.4635308627784252,1.0003032982420559,inf,0.06402949448674917,1.030869044130668,1.1867153167301708e-05,0.7047406187276144,ANTIPARALLEL_AT_THROAT,4.0,5,inf,inf,inf,inf,2.141284431514546e-06,1.7797478334042628e-06,1.1285652827358994,12.566370614359172,85010.85901403507,1.0765969194471836,9151,2.780486828497556,-0.08447794513776896,True,0.11053827567184626,16384,0.21322701826582816,1.9289880990982056,0.04510498046875,0.0004460061572399425,0.004532377048880897,True,9.868515609570141e-05,2.6257751013440187e-06
0.9855517892752117,-0.19940191912127345,-0.19940358014245937,-0.025047313421621503,inf,inf,inf,inf,inf,0.03453163771702683,0.0976365561029718,0.06310491838594497,2.0318013331286946,0.4933635230502801,0.0965049656739885,0.01212620960724916,2.3348686631305116,9.842650350408587e-06,0.0010081167494694946,0.07844511699283234,inf,0.4635271609522826,0.5214318921170299,1.1249219809380453,0.32455861213068965,0.700193299274864,0.19941139242249703,0.025056786722845083,0.1762345217168331,1.0000974113925167,inf,0.09453424904495478,1.0367612475529313,4.619995213573012e-06,0.2768932740299419,ANTIPARALLEL_AT_THROAT,8.0,7,inf,inf,inf,inf,7.538613585655866e-07,6.216814924046545e-07,1.0159006665643473,12.566370614359172,264519.9812362422,1.5472099259495735,236959,2.1304460059811356,0.07996153486892582,True,0.05736691540352622,16384,0.07439349265063559,1.2968013379722834,0.0166015625,0.00047319516506837074,9.349501591506762e-05,True,8.022338194590197e-05,7.832532281963512e-07
0.7590398662292543,-0.12726319869163666,-0.1272640722957909,-0.013018235189317317,inf,inf,inf,inf,inf,0.12432728277902394,0.28227800131946873,0.1579507185404448,2.0805340287505505,0.3373014373210289,0.05772190085414705,0.005906866999222004,3.180894572565448,8.430025894279207e-06,0.0010603728969761528,0.2140327542110048,inf,0.6632154351864041,0.575050136762435,0.8670638622890474,0.5612028965780392,0.8461849148916549,0.12726878602125474,0.013023822518935389,0.2755328543484211,1.0000893725721192,inf,0.15708167664706707,1.1068641098681837,3.5661932867858385e-06,0.42296788574984406,ANTIPARALLEL_AT_THROAT,8.0,7,inf,inf,inf,inf,4.4462556370001315e-07,3.7510635397515386e-07,1.0402670143752752,12.566370614359172,286238.1212680844,1.787127047777176,161735,2.3638724029669955,0.05670463796705005,True,0.13536948695226608,16384,0.2842930250619743,2.100126339122653,0.01348876953125,0.00044857450666340294,0.0036202391314870733,True,8.43817940372139e-05,6.708401457336056e-07
0.3620392513558471,-0.08720935759678668,-0.08721221235910247,-0.007077902788348163,inf,inf,inf,inf,inf,0.22575898169012446,0.3974195854633588,0.17166060377323436,2.08767116487297,0.24248248530552083,0.0377055213207814,0.003068013493936332,4.178990972446304,4.120911830686443e-05,0.0010904228917413823,0.9547328685282854,inf,0.8584431204344081,1.3632386465333344,1.5880360784340362,0.8158277250471041,0.9503573453233118,0.0872290897153732,0.007097634906934681,0.2867505578696728,1.000458321891121,inf,0.16483501717448235,1.0005296454764903,1.6575267623541007e-05,0.5673961806142364,PARALLEL_AT_THROAT,6.0,6,inf,inf,inf,inf,1.5702321053599084e-06,1.3430573384052588e-06,1.043835582436485,12.566370614359172,55551.71711087876,2.3151473123580217,367107,2.4861811732280703,-0.11375665590167044,True,0.07459050505549039,16384,0.15454943012175,2.071971895173192,0.062744140625,0.0004385934957127729,0.003370151619092996,True,8.677309664059982e-05,3.2793174394980955e-06
0.3415397931716214,-0.05711706105718517,-0.057117489492634975,-0.0018081483169421007,inf,inf,inf,inf,inf,0.16631192461415115,0.2832013521142922,0.11688942750014106,2.059298477663198,0.2931947837346238,0.025665813592778246,0.000814692891846766,6.370238868367621,8.620042833538625e-06,0.0012589193997484143,0.5114723028358481,inf,1.1252823786279105,0.7616556635726253,0.6768573631281192,0.5967630528075077,0.5303229341733391,0.057122101714998645,0.001813188974755578,0.23824728846549986,1.0001769945125036,inf,0.1881967606022954,1.0583648087922484,3.677871212881716e-06,0.950094681635876,ANTIPARALLEL_AT_THROAT,4.0,5,inf,inf,inf,inf,4.0112280372484906e-07,3.6702899390856235e-07,1.029649238831599,12.566370614359172,142405.5206648926,2.422814091667533,11227,2.3437587491772387,0.1208728341385722,True,0.05026318436505072,16384,0.0682007992357598,1.3568738251924515,0.0115966796875,0.0005371369387699779,0.0004690244035961595,True,0.00010018162271212096,6.859612133107701e-07
0.21777242722513954,-0.15035289827914666,-0.15035672331829988,-0.01791472952963297,inf,inf,inf,inf,inf,0.5107175850733858,0.8452814577549288,0.334563872681543,2.174265555164283,0.29721815903333526,0.05600609788025308,0.006680585639684395,3.0295536628595756,3.8773435687418214e-05,0.001325250033837639,1.054289525924136,inf,0.7817345534564303,1.9761739384983918,2.5279347442949294,0.682457193311773,0.8730037457015255,0.15037542855898017,0.017937259809466484,0.3922683136165142,1.000306589877716,inf,0.122680832631886,1.0172031535767019,1.2835178820012502e-05,0.6343617443092058,ANTIPARALLEL_AT_THROAT,4.0,5,inf,inf,inf,inf,1.7929027023737424e-06,1.4885157579964569e-06,1.0871327775821416,12.566370614359172,83872.60968477999,2.5265174359083176,67511,3.0208722629530493,0.17525425236672165,True,0.07783865027812127,16384,0.22411340552970355,2.879204671829939,0.0494384765625,0.0004386978059582508,0.008587158728764298,True,0.0001054600468589809,3.085491975154155e-06
0.32182033446749714,-0.36087752876364915,-0.36088450550011386,-0.1676313523009913,inf,inf,inf,inf,inf,0.1683075124216852,0.34828948807328164,0.17998197565159643,2.092014558588606,0.349812778039824,0.15966752116994024,0.07417254727169262,0.9910966130077082,4.080202698820492e-05,0.0010621290503218192,0.21901317871338408,inf,0.6313016652590013,0.629924321987026,0.9978182486317214,0.5507378646471291,0.8723846220509816,0.3609000221239188,0.16765384566126096,0.29331357017159465,1.000158204036248,inf,0.13947287276387216,1.0345946073066443,1.671278458517265e-05,0.7069550471426725,ANTIPARALLEL_AT_THROAT,2.0,2,inf,inf,inf,inf,1.7899647368326255e-06,1.2347736893290399e-06,1.046007279294303,12.566370614359172,201624.09610512093,1.9351353757083416,127073,2.441366175712209,-0.0710649433545768,True,0.11250441053815932,16384,0.14546107474022413,1.2929366417229176,0.0645751953125,0.0004350552001941982,0.0019409321001859173,True,8.452154428010899e-05,3.2469221416708657e-06
0.8754986414267935,-0.16296069127904322,-0.16296154758422685,-0.022923573511279813,inf,inf,inf,inf,inf,0.007255155938367239,0.015124276849160916,0.007869120910793677,2.0039384306431463,0.3921594284884562,0.08102918336331547,0.011400322818971385,2.4336644679379718,6.149067907495535e-06,0.000892448429540069,0.10142285117045385,inf,0.6725001237019067,0.37542983211688835,0.5582598707198184,0.40171187246595164,0.5973409644219113,0.16296537390623755,0.02292825613847413,0.06266440525650978,1.0000591901013038,inf,0.1929258616641164,1.066873873816803,3.044160603995827e-06,0.4133937555849159,ANTIPARALLEL_AT_THROAT,8.0,7,inf,inf,inf,inf,3.7263163231611033e-07,3.0448903093214787e-07,1.0019692153215731,12.566370614359172,437336.39276225213,1.9219779465347528,55359,2.0199551559218474,-0.05658895829692484,True,0.22191187251937716,16384,0.3456474920391116,1.5575890019536018,0.01171875,0.00044181596156909835,0.0026190431351108784,True,7.101878950795053e-05,4.893272764428259e-07
0.24562897402811232,-0.08986046627615557,-0.08986430218722703,-0.011584861260684622,inf,inf,inf,inf,inf,0.10654865745104267,0.3079869847592554,0.20143832730821273,2.103253645236679,0.20758976301453624,0.040674397723738945,0.005252403222119273,3.4006559444155657,5.414589332744366e-05,0.0010415085652290409,1.373926242898074,inf,1.1954639775060398,1.0216499338718743,0.8546053692083856,1.1249282247742816,0.9409971742696013,0.08988237775035453,0.011606772734883575,0.3094747552275658,1.0005003371840742,inf,0.012469753064215184,1.0197126681450754,2.2445920591917028e-05,0.9724880803771155,PARALLEL_AT_THROAT,4.0,5,inf,inf,inf,inf,1.7436597145969961e-06,1.4384076104551033e-06,1.0516268226183394,12.566370614359172,51548.118590976694,1.5289393477141857,228359,2.4122821385611632,0.12024196945130822,True,0.44114600830715966,16384,1.213792920129842,2.751453934237361,0.08624267578125,0.00043175238442475975,0.36798192554207454,True,8.288061821437479e-05,4.308793285594566e-06
0.5355270806185236,-0.16463436221980104,-0.16463625478812735,-0.015099795426851732,inf,inf,inf,inf,inf,0.16880117836790878,0.3194072402945407,0.15060606192663192,2.076720165513798,0.4439327044979034,0.07332229909961135,0.006729938621550927,2.890204468714535,1.4210100923995572e-05,0.0010963822420243506,0.15034113363840929,inf,0.5405291633676453,0.6773498295305659,1.253123560087841,0.4106252622612455,0.7596727245999776,0.16464678761065574,0.015112220817706438,0.26929744705557823,1.0001532688182302,inf,0.05861984919756651,1.0100366410333663,5.927732318872281e-06,0.43553818560392554,ANTIPARALLEL_AT_THROAT,4.0,5,inf,inf,inf,inf,9.887811871876413e-07,8.381753850510967e-07,1.038360082756899,12.566370614359172,166514.88695790758,2.1208126433193684,279799,2.397223788050363,-0.17274570185691118,True,0.13343443710354175,16384,0.2636900561019359,1.976176928728819,0.02197265625,0.00045735498182922115,0.0038682635257094064,True,8.724732666817507e-05,1.1308039019443023e-06
0.8890417540125958,-0.6325897129685389,-0.6325978672264594,-0.3513789231917233,inf,inf,inf,inf,inf,0.13295447615548103,0.3163862224835122,0.1834317463280312,2.0938177190725193,0.5086422692018929,0.2840938860233241,0.15780760025980783,0.7070245433407767,3.228481173205753e-05,0.001039481555222078,0.07262685762293801,inf,0.4544462452266387,0.4796209829276119,1.0553965138130215,0.33320887437348884,0.7332195564897075,0.6326123662310107,0.35140157645419506,0.2959837137162685,1.0001038361488561,inf,0.06426571365445853,1.0112702685873955,1.3389279333067124e-05,0.3035950462658047,ANTIPARALLEL_AT_THROAT,6.0,6,inf,inf,inf,inf,1.8026893497684026e-06,1.1537941221269162e-06,1.0469088595362597,12.566370614359172,350927.0004353687,1.7248171530663967,440293,2.4112434231112534,-0.26480873329564925,True,0.1016677656685542,16384,0.29663843695979364,2.9177235774695873,0.05279541015625,0.0004310977254552026,0.0024708214269110814,True,8.271931388322234e-05,2.5691436869740857e-06
0.11931379516314047,-0.043937153794265535,-0.043937914350036786,-0.0009853827052271897,inf,inf,inf,inf,inf,0.05512936429022108,0.3168610727379832,0.2617317084477621,2.135142749216623,0.2895895068667129,0.020065254540053076,0.00045501030411278915,7.834092796318112,1.9391797524397245e-05,0.0010679568965107137,2.416959739202249,inf,1.135762052819739,2.625645017523876,2.311791462837861,0.8104869975871188,0.7136063364460322,0.043948367469494855,0.0009965963804565107,0.3501182201504707,1.0005112448665787,inf,0.013444297015666962,1.0515184765681624,7.905108073714537e-06,1.0848840357100098,ANTIPARALLEL_AT_THROAT,3.0,4,inf,inf,inf,inf,8.923559214867859e-07,8.318328162406614e-07,1.0675713746083115,12.566370614359172,49249.81883492286,1.2106331121176481,81547,2.453071778851117,0.07390554510056974,True,0.3943318457649672,16384,0.9958036863131827,2.5252935998141766,0.0306396484375,0.00043535493160778424,0.30114153122628684,True,8.49853095443799e-05,1.5431502157225003e-06
0.3173725422364678,-0.1060735426382212,-0.10607512104235663,-0.011257023641562025,inf,inf,inf,inf,inf,0.023764417130292398,0.13619519589875967,0.11243077876846727,2.05700527590496,0.30435252757217235,0.05098300773995826,0.005415005036906202,3.2401269267797628,1.7319215697348608e-05,0.0009212836631424525,0.734488539158316,inf,0.8698280353774097,1.1746568238842088,1.3504471873851902,0.7188538718991092,0.8264321712592371,0.10608389736508685,0.011267378368427663,0.2337894485890865,1.0001987733016906,inf,0.08599962070584298,1.1406008719932288,7.893461542959566e-06,0.7914747759807488,ANTIPARALLEL_AT_THROAT,4.0,5,inf,inf,inf,inf,8.240029825164131e-07,6.983975723417797e-07,1.02850263795248,12.566370614359172,128742.12789997249,1.2113693188875914,166983,2.194121755466862,0.08454990405589341,True,0.07435703934036916,16384,0.18438349428238,2.479704624041915,0.0318603515625,0.0004198872103824626,0.005769442489754941,True,7.331342448946495e-05,1.3782193943538891e-06
0.32182033446749714,-0.3608600260289853,-0.36087265674853547,-0.1676138495663275,inf,inf,inf,inf,inf,0.1683075124216852,0.34828948807328164,0.17998197565159643,2.092014558588606,0.3448986194318528,0.15966752116994024,0.07417254727169262,0.9910966130077082,7.386819934692335e-05,0.0010131771203243402,0.21901317871338408,inf,0.6313016652590013,0.629924321987026,0.9978182486317214,0.5507378646471291,0.8723846220509816,0.3609000221239188,0.16765384566126096,0.29331357017159465,1.0002824035707698,inf,0.13947287276387216,1.0345946073066443,3.0257517797086195e-05,0.7069550471426725,PARALLEL_AT_THROAT,2.0,2,inf,inf,inf,inf,3.182788106517433e-06,2.1776673809104043e-06,1.046007279294303,12.566370614359172,113391.15581866715,1.9351353757083416,127073,2.441317223782212,-0.0710649433545768,True,0.11250441053815932,16384,0.14546107474022413,1.2929366417229176,0.1207275390625,0.0004150124819726111,0.0019409321001859173,True,8.062607346361538e-05,5.878244531680183e-06
0.42652653176512817,-0.23661208724818716,-0.2366162827670661,-0.06861710942703785,inf,inf,inf,inf,inf,0.04932625187729481,0.2142990130741125,0.1649727611968177,2.0841866586081377,0.33533491478494865,0.11091015175876487,0.032169134071215064,1.5533730763053823,2.6641253835205545e-05,0.0009445924955885758,0.6038002726000735,inf,1.0791250516431046,1.0612097409172174,0.9833982996700811,0.5272545088321843,0.4885944479088614,0.23662824068122346,0.06863326286007414,0.28134410247206687,1.0001510276620014,inf,0.17726701702922584,1.060559578705579,1.1586023829572898e-05,0.6594248498019073,ANTIPARALLEL_AT_THROAT,8.0,7,inf,inf,inf,inf,1.2854493578143944e-06,9.51580573607221e-07,1.0420933293040688,12.566370614359172,184082.1182435023,1.298996340483427,511241,2.299430264177839,0.2915399096906185,True,0.08927459865183443,16384,0.2501902187863071,2.8024793453514576,0.04803466796875,0.0004107941477087216,0.004693831547562354,True,7.51682824402156e-05,2.1200436190194385e-06
0.24410195893884057,-0.08596564691450227,-0.0859666824735823,-0.004658422838826326,inf,inf,inf,inf,inf,0.027388109320612142,0.3390641049827336,0.31167599566212145,2.1619001807077516,0.3528432704008688,0.03927094772649111,0.0021322920062695665,4.455576229753379,1.3941795414400626e-05,0.0010392561809191567,0.3659467293804204,inf,0.7490562021646374,0.9064339712126926,1.2101014164134305,0.5389733505953302,0.7195365969039365,0.08597542599592299,0.004668201920247049,0.37969410881400106,1.0002288946278353,inf,0.14133311826735737,1.0324953366070986,5.572252469304135e-06,0.8371189190536199,ANTIPARALLEL_AT_THROAT,2.0,2,inf,inf,inf,inf,7.781945735031347e-07,6.957874002775514e-07,1.0809500903538758,12.566370614359172,110480.62903972005,1.0878736563026905,322371,2.5020035418714044,-0.03788368217647076,True,0.2883632263576725,16384,0.642116807070884,2.2267638463526964,0.0225830078125,0.00041536958822281774,0.06149389833109478,True,8.270137916604443e-05,1.1094528278888895e-06
1.1233634095108835,-0.46212561118810247,-0.46212957032621826,-0.217549150038426,inf,inf,inf,inf,inf,0.0063314957752077326,0.00990033335806326,0.0035688375828555273,2.001785214828875,0.4698621249777509,0.2301347131219621,0.10834076565956444,0.9023820221664611,1.62534271951079e-05,0.000843571903136809,0.03604181665048006,inf,0.3773521954998156,0.3624702039543871,0.9605620645039131,0.26350416230807144,0.6982976790662405,0.4621373631102888,0.2175609019606123,0.042223541140556334,1.0000661021129769,inf,0.19009982366114855,1.0035499867517501,8.076120257271328e-06,0.2501674564666892,ANTIPARALLEL_AT_THROAT,6.0,6,inf,inf,inf,inf,9.351882533912093e-07,6.201300526370649e-07,1.0008926074144375,12.566370614359172,494165.06402264105,2.774105889722705,442241,2.0125291200900755,0.22431766279041765,True,0.06056350567434226,16384,0.1429824192452186,2.360867615789175,0.03271484375,0.0004191600979662113,0.0003481189210803503,True,6.712931911883035e-05,1.293406640142831e-06
1.303747010914093,-0.7062982240719577,-0.7063026026135373,-0.49806861495634397,inf,inf,inf,inf,inf,0.06142520043961611,0.19576242298207672,0.1343372225424606,2.0682961989927393,0.47839776357130054,0.3316439299653732,0.23387076152601094,0.5217944490072014,2.239132498908861e-05,0.0009434548185125859,0.0389439206101375,inf,0.3891663444722677,0.2890422521863852,0.742721605534372,0.3462127548423724,0.8896266590366573,0.7063091746391006,0.49807956552348676,0.25485421195626257,1.000060665364477,inf,0.09955609142780304,1.0390662436839193,9.885785632827798e-06,0.23298983544741558,ANTIPARALLEL_AT_THROAT,8.0,7,inf,inf,inf,inf,8.714184452187319e-07,5.229851772651264e-07,1.0341480994963697,12.566370614359172,810528.1435278917,1.4572463184595108,427709,2.2650020767933285,0.02488378491252663,True,0.5978928620395015,16384,1.3336906594852485,2.230651583522558,0.0404052734375,0.0004165359617896156,0.025261911446527955,True,7.507774897507253e-05,1.781845027195266e-06
1.303747010914093,-0.7062783346471254,-0.7062907911986386,-0.4980487255315115,inf,inf,inf,inf,inf,0.06142520043961611,0.19576242298207672,0.1343372225424606,2.0682961989927393,0.47593805654383003,0.3316439299653732,0.23387076152601094,0.5217944490072014,6.370127772307622e-05,0.0009254653415722458,0.0389439206101375,inf,0.3891663444722677,0.2890422521863852,0.742721605534372,0.3462127548423724,0.8896266590366573,0.7063091746391006,0.49807956552348676,0.25485421195626257,1.0001717048978094,inf,0.09955609142780304,1.0390662436839193,2.812438201212757e-05,0.23298983544741558,PARALLEL_AT_THROAT,8.0,7,inf,inf,inf,inf,2.454168583884356e-06,1.4629077102787215e-06,1.0341480994963697,12.566370614359172,287799.77841668227,1.4572463184595108,427709,2.2649840873163885,0.02488378491252663,True,0.5978928620395015,16384,1.3336906594852485,2.230651583522558,0.1146240234375,0.00040859684037284385,0.025261911446527955,True,7.364619188572613e-05,5.069186615448608e-06
0.7995664582541666,-0.537057228108342,-0.537065083229219,-0.21828307223458843,inf,inf,inf,inf,inf,0.05541459547581449,0.09298179018987779,0.0375671947140633,2.0188718012944658,0.5981944912319445,0.2589239487299464,0.10524499852803913,0.9233872940191046,2.555691871500446e-05,0.0008628987988377586,0.0640392311390413,inf,0.3416684896899274,0.6499430069108763,1.9022620654913642,0.28838051021838357,0.844036014208088,0.5370824246485733,0.2183082687748197,0.13641119450330733,1.000113865019875,inf,0.003727216646075249,1.0233327324967831,1.2096710009386492e-05,0.23097592550938298,ANTIPARALLEL_AT_THROAT,6.0,6,inf,inf,inf,inf,2.0050769633104355e-06,1.3799863052282255e-06,1.0094359006472329,12.566370614359172,267861.25145133375,2.4750794116407633,229633,2.1127164902831814,-0.08210546327754853,True,0.08181466191924508,16384,0.1535518511015996,1.8768255896866322,0.05023193359375,0.0004084309479319199,0.0004786078404786438,True,6.866730461154416e-05,2.033754971845365e-06
0.2928212126525742,-0.27897236001346326,-0.27898392189713744,-0.07499388740305511,inf,inf,inf,inf,inf,0.4343187032211915,0.9066427411489905,0.472324037927799,2.250056876994255,0.3320984366886426,0.10394172828956828,0.02795442080778998,1.6530897405817,7.607772967165942e-05,0.001271938595740097,0.5349122915956592,inf,0.7303463859171144,1.0942528418843953,1.498265566838281,0.6693234020404608,0.9164465176341969,0.27901863718590614,0.07504016457549799,0.45816644161939624,1.000362262341539,inf,0.04281353130936623,1.0234820456244051,2.4090695025201408e-05,0.6790287599472564,PARALLEL_AT_THROAT,3.0,4,inf,inf,inf,inf,3.682620373299623e-06,2.7625549042022367e-06,1.1250284384971274,12.566370614359172,75766.33182418035,1.9195354636758566,284777,3.1579715567389854,0.16427857168018822,True,0.1995059043180773,16384,0.26373343626698176,1.3219329882413149,0.09918212890625,0.0004027707573951484,0.00888715530430339,True,0.00010121765741070021,6.054073368226776e-06
0.5669255835749772,-0.3237553276728955,-0.3237579539938398,-0.10927939156536944,inf,inf,inf,inf,inf,0.00037215317032904824,0.0027601930134480974,0.002388039843119049,2.001194376342421,0.437022645131063,0.16175565286037424,0.054601614788136466,1.220894419490189,1.2254885543974433e-05,0.0008125765739577886,0.09391193470529097,inf,0.6078721120365765,0.32138224738603505,0.5287004306042206,0.4807139054365919,0.7908142122625732,0.3237647007248084,0.10928876461728236,0.03454428017139435,1.0000661692585535,inf,0.02178115677088499,1.0178047227673233,6.11287229484725e-06,0.4935676183624078,ANTIPARALLEL_AT_THROAT,4.0,5,inf,inf,inf,inf,7.458837718992947e-07,5.368877916837425e-07,1.0005971881712106,12.566370614359172,434068.5679491112,1.1558404359966516,289073,2.004767145929827,-0.23470414401963352,True,1.111465514070439,16384,1.6826340759682434,1.513887794688344,0.02557373046875,0.0004053221720076169,0.09339222270968331,True,6.466278919302957e-05,9.75212805674471e-07
0.2593570569142458,-0.04732876932612393,-0.04732999037651225,-0.0009049340685678833,inf,inf,inf,inf,inf,0.0068339540321691195,0.017615007898648016,0.010781053866478896,2.005397791365201,0.3364164666440761,0.02352937250100544,0.00045855306694049975,7.475091460109994,2.646309100117845e-05,0.0008082386300834842,0.5079666537882858,inf,1.0649141028759068,0.938154620993489,0.8809674117939736,0.5084476012005936,0.477454096839811,0.04734655029580305,0.0009227150382469988,0.07332133129239082,1.000752406597328,inf,0.08673205859959127,1.0930725117214024,1.3075805867062723e-05,1.0574080381011333,PARALLEL_AT_THROAT,3.0,4,inf,inf,inf,inf,1.4149646086991776e-06,1.3177965061672038e-06,1.0026988956826004,12.566370614359172,33461.29649089263,1.6338855288922787,67275,2.0238210378939323,-0.005520078074187029,True,0.1109369326259599,16384,0.2657305845979258,2.395330196246505,0.05438232421875,0.00039936269805978945,0.009703796674596225,True,6.431758658780418e-05,2.105865871164102e-06
0.2593570569142458,-0.04734161874495235,-0.047341908667424125,-0.0009177834873962975,inf,inf,inf,inf,inf,0.0068339540321691195,0.017615007898648016,0.010781053866478896,2.005397791365201,0.39289077299523917,0.02352937250100544,0.00045855306694049975,7.475091460109994,6.283315436742708e-06,0.0008156677677903944,0.5079666537882858,inf,1.0649141028759068,0.938154620993489,0.8809674117939736,0.5084476012005936,0.477454096839811,0.04734655029580305,0.0009227150382469988,0.07332133129239082,1.0002085823615126,inf,0.08673205859959127,1.0930725117214024,3.104667979079513e-06,1.0574080381011333,ANTIPARALLEL_AT_THROAT,3.0,4,inf,inf,inf,inf,3.9244034749908285e-07,3.6936905025073946e-07,1.0026988956826004,12.566370614359172,120646.48958123171,1.6338855288922787,67275,2.023828467031639,-0.005520078074187029,True,0.1109369326259599,16384,0.2657305845979258,2.395330196246505,0.01300048828125,0.00040303206574949455,0.009703796674596225,True,6.490877858228676e-05,5.000103553816066e-07
0.3635122613003715,-0.07553090779258775,-0.07553337626378659,-0.009162936659218033,inf,inf,inf,inf,inf,0.0014399134156594731,0.00927556355966576,0.007835650144006287,2.0039216624066456,0.19421836962749814,0.03767153689802313,0.004576272715475242,3.6807571890897406,3.72934203701052e-05,0.0008001536077110553,0.875906379707033,inf,1.131424693208434,0.6876726184969756,0.6077935390882359,1.1257716416535914,0.99500359892375,0.07554505259746777,0.00917708146409805,0.06253125548362731,1.0003835816363813,inf,0.09056507013738156,1.0082588540390134,1.8517114643909355e-05,0.7536030017782149,PARALLEL_AT_THROAT,6.0,6,inf,inf,inf,inf,1.1256078078625024e-06,9.291731112749095e-07,1.0019608312033228,12.566370614359172,67114.89745342625,1.1837643831968307,365159,2.0139973795740223,0.07463312754407525,True,0.08467363542689196,16384,0.22388460281291148,2.644088702276349,0.07733154296875,0.00039729625064372957,0.00684624965990363,True,6.367420095001387e-05,2.9677160983531117e-06
0.2777818343962307,-0.10668106457019069,-0.10668214362188075,-0.011355646825837961,inf,inf,inf,inf,inf,0.1336730829321091,0.22242426681846217,0.08875118388635304,2.0448678296587612,0.2926579125131762,0.048972297182057103,0.00521575481307069,3.232004584798939,1.2330175462083862e-05,0.0008943433408443627,0.5124099818520739,inf,0.9547936254586616,0.7064636818736778,0.7399124408002916,0.7596581999014734,0.7956255463441647,0.10668815299466998,0.011362735250317245,0.20833126753568648,1.0001353013649121,inf,0.0448772082105279,1.0726537031587213,5.436138425672305e-06,1.0079380760868422,ANTIPARALLEL_AT_THROAT,2.5,3,inf,inf,inf,inf,5.640788973058662e-07,4.78210692144511e-07,1.0224339148293806,12.566370614359172,189136.93368823084,2.506155490875244,510023,2.268186439818068,-0.20201529739424584,True,0.1250090826755296,16384,0.15199766092316944,1.2158929388970137,0.02325439453125,0.000394298865888687,0.0031085102331859147,True,7.116958175835005e-05,9.812041869905207e-07
0.2550534962409605,-0.18586658764812328,-0.18586962004032231,-0.04907586153684876,inf,inf,inf,inf,inf,0.00211763355724647,0.004485884735803528,0.002368251178557058,2.0011844761276008,0.3319799425445672,0.09278692493080162,0.02450430023332453,1.6431774347359445,2.2204713223016484e-05,0.0007884423834349434,0.5364193368698112,inf,1.1487073752200205,0.7867219717255293,0.6848758776140377,0.5935724508745183,0.5167307738063638,0.18588024246504445,0.04908951635376992,0.03440094068646431,1.0001586410879604,inf,0.12420827299356461,1.07559254928492,1.1066618057188593e-05,1.1223705188611375,ANTIPARALLEL_AT_THROAT,3.0,4,inf,inf,inf,inf,1.0866158050093614e-06,8.453057010737293e-07,1.0005922380638004,12.566370614359172,171063.444511046,1.8941760808229446,74601,2.006458803246839,0.2465739396400749,True,0.5133443733958029,16384,1.3672289747193804,2.663375787436962,0.047607421875,0.00039295219127304825,0.27164217491156667,True,6.274225133341337e-05,1.7669949346905222e-06
0.41786529670278805,-0.0892318081076967,-0.0892327719639304,-0.007057593037960564,inf,inf,inf,inf,inf,0.008192112139540879,0.016110005633112854,0.007917893493571975,2.0039628650577836,0.2597614953482792,0.04434939505482887,0.0035104855269979954,3.86685776415879,1.1800709725675613e-05,0.0008328811528021915,0.8717263610665363,inf,0.9892423373394326,1.2967350559863124,1.3108365938662527,0.6795575354646491,0.6869474847713446,0.08923785599526432,0.007063640925528189,0.06285791814327239,1.0001374115383075,inf,0.12642219085246326,1.001107070595026,5.839317204629494e-06,0.5706130335032555,ANTIPARALLEL_AT_THROAT,8.0,7,inf,inf,inf,inf,4.812756008257198e-07,4.0457435881390497e-07,1.0019814325288918,12.566370614359172,185419.44748946305,2.0346327777951956,455907,2.020905751843699,-0.3206893794238567,True,0.0538396995984938,16384,0.10389849082836984,1.9297747127711773,0.02410888671875,0.0004121326054133614,0.0010586101336785374,True,6.627857623827249e-05,9.39070642416939e-07
0.22946489024153313,-0.06784402751191008,-0.06784488171960776,-0.002885165468742841,inf,inf,inf,inf,inf,0.009027460500325352,0.033096730448199316,0.024069269947873964,2.012070842755925,0.33770802392587995,0.03357232290323937,0.0014319455952627406,5.185813016866472,1.3288700525939686e-05,0.0008002556228179922,0.8172345260077144,inf,0.8931618267919457,1.6724996313744374,1.8725605833174863,0.5470796017726282,0.6125201339354437,0.06785296485610803,0.0028941028129407867,0.10937292456626892,1.0002645892916289,inf,0.16590788196772338,1.0954515137709677,6.495068171995048e-06,0.7805366339811521,ANTIPARALLEL_AT_THROAT,4.0,5,inf,inf,inf,inf,7.112112536083896e-07,6.432355648525015e-07,1.0060354213779625,12.566370614359172,95404.7964115449,1.3750616665929556,391507,2.0459678288269423,-0.05152857070788741,True,0.0931796367026334,16384,0.1580888822512295,1.6966033335775137,0.02813720703125,0.00039113793068624135,0.0030688104880007396,True,6.36823190542834e-05,1.0574811879855852e-06
0.6382814991989149,-0.21288604054042443,-0.21288808178310067,-0.04018023424364524,inf,inf,inf,inf,inf,0.06634617125207717,0.10341318886232839,0.03706701761025121,2.0186193796988303,0.4086269163321431,0.10210990539536216,0.019276015781209153,1.9344215317766267,1.2321301618038633e-05,0.0008373739292695739,0.27172506795337237,inf,0.8451947075628535,0.6557482248036903,0.7758546272663748,0.4902705580026992,0.5800681826515577,0.2128956351601863,0.04018982886340713,0.1355085203051567,1.000094601139137,inf,0.054375710338354116,1.0880957001354545,5.80407747616606e-06,0.5298858552684489,ANTIPARALLEL_AT_THROAT,8.0,7,inf,inf,inf,inf,7.635155810956738e-07,6.010786501070132e-07,1.0093096898494152,12.566370614359172,278836.006011394,2.789897745475173,187983,2.122869942490428,-0.20892478972673414,True,0.5202841842863375,16384,0.5427801082923761,1.0432377625256777,0.0250244140625,0.0003944537121700519,0.008589551194716629,True,6.663610002976792e-05,9.804980289185084e-07
0.15768040463911612,-0.1902675988115042,-0.19027596846678776,-0.053870997914696635,inf,inf,inf,inf,inf,0.153448396441418,0.27232814229948865,0.11887974585807067,2.060322952595066,0.2975742413888851,0.08596403340546825,0.02435125620687796,1.6214072260098649,6.792142526354774e-05,0.0009086222263479488,0.5671368988526457,inf,1.0577554856664337,0.8439160747667224,0.7978366325701607,0.6353358449786574,0.6006452848394986,0.19030471420064085,0.05390811330383328,0.24020734533667562,1.0004249103204772,inf,0.16592274364084006,1.0076196333393455,2.9106358309676247e-05,1.2966893119468104,PARALLEL_AT_THROAT,1.5,1,inf,inf,inf,inf,2.95354882293824e-06,2.287512817762361e-06,1.030161476297533,12.566370614359172,64432.560830777984,2.29078671336174,227657,2.333559717120903,-0.023312570061534643,True,0.7477303450573821,16384,0.9184702256852819,1.228344190865755,0.123291015625,0.00038937174809864646,0.128781262470534,True,7.230585936321952e-05,5.405015286270181e-06
0.15768040463911612,-0.19028677129784263,-0.19029066657023266,-0.053890170401035074,inf,inf,inf,inf,inf,0.153448396441418,0.27232814229948865,0.11887974585807067,2.060322952595066,0.3081599252067085,0.08596403340546825,0.02435125620687796,1.6214072260098649,3.1610913897449434e-05,0.0009146232986940047,0.5671368988526457,inf,1.0577554856664337,0.8439160747667224,0.7978366325701607,0.6353358449786574,0.6006452848394986,0.19030471420064085,0.05390811330383328,0.24020734533667562,1.000204769186968,inf,0.16592274364084006,1.0076196333393455,1.3546185415306849e-05,1.2966893119468104,ANTIPARALLEL_AT_THROAT,1.5,1,inf,inf,inf,inf,1.4278508368760016e-06,1.1178749090958874e-06,1.030161476297533,12.566370614359172,133280.5285298631,2.29078671336174,227657,2.3335657181932485,-0.023312570061534643,True,0.7477303450573821,16384,0.9184702256852819,1.228344190865755,0.057861328125,0.0003919423788082331,0.128781262470534,True,7.278340952708295e-05,2.515516601215684e-06
0.2830509977070355,-0.18198879710533597,-0.18199651830718236,-0.02404203432298434,inf,inf,inf,inf,inf,0.037147132661981164,0.5221161487801229,0.48496901611814175,2.257130565471799,0.3995281360127516,0.07934193365715964,0.010498147697496059,2.414673734262843,5.6077696329155576e-05,0.0010703860220093158,0.5134252124076641,inf,0.8569506783588228,1.2555435025397095,1.465129247513108,0.4771880943272263,0.5568442926506652,0.18203242891643132,0.024085666134079697,0.4635308627784252,1.0004924394873231,inf,0.06402949448674917,1.030869044130668,2.0169532577284265e-05,0.7047406187276144,PARALLEL_AT_THROAT,4.0,5,inf,inf,inf,inf,3.472109205938831e-06,2.857675485707149e-06,1.1285652827358994,12.566370614359172,52427.045959578674,1.0765969194471836,9151,2.780317100273931,-0.08447794513776896,True,0.11053827567184626,16384,0.21322701826582816,1.9289880990982056,0.08697509765625,0.0003849870296822819,0.004532377048880897,True,8.517861320962644e-05,4.462521283995672e-06
0.32690314280864124,-0.22008088524901503,-0.22008476099401592,-0.032595077968474134,inf,inf,inf,inf,inf,0.15368971134691933,0.4095225956478035,0.2558328843008842,2.1320029213654554,0.47262662393881855,0.09629577467757378,0.014269956946317355,2.117697526685982,2.3625153080381238e-05,0.0009837681479679735,0.2778702197509658,inf,0.7901092315100539,0.9554822749380871,1.2093040263711043,0.3680715360220304,0.4658489248614061,0.22010254274186125,0.03261673546132036,0.3464051067829132,1.0002029413200113,inf,0.08402386754751207,1.020576498704031,9.292061672405301e-06,0.6432838932417214,ANTIPARALLEL_AT_THROAT,4.0,5,inf,inf,inf,inf,1.723448520726823e-06,1.4150265331992484e-06,1.0660014606827277,12.566370614359172,127710.54086897722,1.6007425971329212,452527,2.542509285161227,0.06566955260932444,True,0.48132807905140007,16384,0.7904483542145193,1.6422236487269402,0.0406494140625,0.0003869280453406841,0.036637194263551436,True,7.828578180273105e-05,1.880029947022696e-06
0.2046640939906694,-0.10162073952426166,-0.10162177957443579,-0.016021094290912797,inf,inf,inf,inf,inf,0.0011692431296005026,0.004915084230366536,0.0037458411007660333,2.0018737975080376,0.2455027213857857,0.05073606388356624,0.00800126313455211,2.7329870321534027,1.2168655941864878e-05,0.0007716463506546821,0.6065496451120779,inf,1.1346187206618663,0.6431316680477654,0.5668262442140936,0.8312210121900929,0.7325994160445458,0.10162651967132397,0.016026874437975097,0.043256993144750594,1.0001175916712797,inf,0.1301309820264578,1.0370532227680087,6.061414224679882e-06,1.2736076073434697,ANTIPARALLEL_AT_THROAT,2.0,2,inf,inf,inf,inf,4.599694883816424e-07,3.7720492524442484e-07,1.0009368987540188,12.566370614359172,220941.87166389433,1.312144348397851,451927,2.007560528089059,0.28387849982827895,True,0.2544552308688545,16384,0.5180291013795002,2.0358359292149544,0.02655029296875,0.00038437015465192016,0.05439519796446727,True,6.140566551275733e-05,9.683508719661795e-07
0.23887176063877485,-0.07535609212953209,-0.07535696028888902,-0.0029713042391363593,inf,inf,inf,inf,inf,0.6246309533597294,1.0284635903206156,0.40383263696088617,2.2120830279024988,0.25109608395885685,0.026567570729342606,0.0010504447982371762,5.983640972877258,1.7011307607237398e-05,0.0012712386288934784,0.9302776516937934,inf,0.8335864292534279,1.3816666040244396,1.6574965181017647,0.807716010849395,0.9689649237365792,0.0753645993360993,0.0029798114457035784,0.42726763382554056,1.000226735362861,inf,0.09091121461242438,1.0380044702906162,5.24745940654308e-06,0.7860115278951398,ANTIPARALLEL_AT_THROAT,3.0,4,inf,inf,inf,inf,6.76981988538383e-07,6.078960620146753e-07,1.1060415139512494,12.566370614359172,111324.3788048378,2.54675698839128,424891,3.241817856852008,-0.16652082549408076,True,0.09944561989139439,16384,0.10998727613705467,1.1060042288154364,0.02264404296875,0.0003921375860789182,0.0018161745698294103,True,0.0001011619558188803,1.3537168470742971e-06
0.15097676853716074,-0.11182585493519921,-0.1118283030742388,-0.013959191875578631,inf,inf,inf,inf,inf,0.016058050563240993,0.04812509344422826,0.032067042880987266,2.016097788860364,0.3090453229051531,0.05503574742986193,0.006876712989186741,2.904688306545948,2.5417235499130593e-05,0.0007782439147996526,1.1337117405496218,inf,0.9240461998539082,1.8670179103044078,2.02048113027204,0.6571438905981676,0.7111591289505461,0.11184121551663657,0.013974552457015989,0.1261170081794262,1.0002809753703825,inf,0.1340309800580144,1.069594880566001,1.2308581906521532e-05,0.9726975123074145,ANTIPARALLEL_AT_THROAT,2.5,3,inf,inf,inf,inf,1.2223562322605753e-06,1.0275395174979724e-06,1.008048894430182,12.566370614359172,91496.41697314542,1.5007649324834347,373751,2.065001126219392,-0.09313529031351209,True,0.6875911310256302,16384,0.746765099931312,1.08605981990695,0.054931640625,0.00037687336094797345,0.07854391977630461,True,6.193068298577628e-05,2.022639334708716e-06
0.7107170462971063,-0.190743853957989,-0.19074534554189593,-0.03183375248472757,inf,inf,inf,inf,inf,0.12117976508022416,0.29308248229675427,0.1719027172165301,2.0877974156382773,0.36579383519604447,0.08635269807088423,0.014414380708287638,2.236292176634997,1.0367103107134365e-05,0.000893826865912052,0.16304795673425765,inf,0.5799461950514426,0.5340886126950961,0.9209278675372999,0.5263981312447192,0.9076671866051754,0.19075113953205783,0.03184103805879638,0.2869440296292305,1.0000795249194507,inf,0.10458630546927453,1.0663008072879165,4.3526817846648275e-06,0.4085190974428732,ANTIPARALLEL_AT_THROAT,6.0,6,inf,inf,inf,inf,5.797675631563357e-07,4.6107108724632217e-07,1.0438987078191386,12.566370614359172,329013.1281122075,1.7049322258681059,243423,2.3817737248009436,-0.19807025054469704,True,0.24791118656352903,16384,0.6070348141795296,2.448597913607955,0.01971435546875,0.00037527782618676487,0.018083238093414503,True,7.112848198911991e-05,8.249878525218906e-07
0.8071190571194664,-0.06036254918226409,-0.06036281518094079,-0.0012906903701186175,inf,inf,inf,inf,inf,0.038396884476058935,0.09120985609401588,0.05281297161795695,2.0265808038354796,0.39387010066178757,0.02923334528392693,0.0006268091714488826,6.828848104097284,4.649263994446005e-06,0.0013920440634156632,0.1690842843135464,inf,0.6549550629960055,0.5076935572116675,0.775157848065622,0.5084989819499232,0.7763875885222746,0.06036620576601645,0.0012943469538709844,0.1614315214753151,1.0001213471665662,inf,0.05993986763060093,1.037308149971068,2.1938948377060546e-06,0.3914513160051597,ANTIPARALLEL_AT_THROAT,8.0,7,inf,inf,inf,inf,2.909816895093543e-07,2.698141873824331e-07,1.0132904019177398,12.566370614359172,207457.0598163904,1.7270351070910692,503083,2.119182703992911,0.0670085482299328,True,0.17590852419932873,16384,0.4000225941811548,2.274037577211857,0.00567626953125,0.0006568777957619268,0.006134266095921842,True,0.00011077534684716531,3.69976673227626e-07
0.778507949546177,-0.5815703623950211,-0.5815774894219724,-0.24291381637243417,inf,inf,inf,inf,inf,0.4917957183219251,0.7619725372149047,0.27017681889297956,2.139645437412215,0.5009382104672712,0.22101690924245848,0.0923206831138123,0.9756075175228259,2.7689339329073502e-05,0.0010957834918479507,0.053393449545440674,inf,0.3604333877645156,0.468197990733582,1.2989861833761998,0.31639777475007086,0.8778259325875359,0.5815929910937625,0.24293644507117557,0.3553473949432373,1.0000954013408485,inf,0.09443091843277217,1.0073207388632,9.539121538121243e-06,0.2896428200691048,ANTIPARALLEL_AT_THROAT,4.0,5,inf,inf,inf,inf,1.8007346302150862e-06,1.2335838457912447e-06,1.0698227187061076,12.566370614359172,322975.4020026232,2.8202735539525747,356193,2.902713758118968,-0.12771232724189757,True,0.4453563424799587,16384,0.6763664450536406,1.51870846003294,0.0428466796875,0.00037750311713754587,0.011802311698006513,True,8.719967964304948e-05,2.2034476125854364e-06
0.4694816481739063,-0.13685346968615486,-0.13685513604766078,-0.02195382186169364,inf,inf,inf,inf,inf,0.015154343524864208,0.03150379633893417,0.016349452814069965,2.0081914328752157,0.3059965878802518,0.06764149358806741,0.010854537465871773,2.5244947610176487,1.4672044600690489e-05,0.0007680345697497058,0.657913500493184,inf,0.8474986972016421,1.1937607189316695,1.4085693852667276,0.6502980845854164,0.7673145536773534,0.1368621303608093,0.021962482536348076,0.09022960498929024,1.0001312234346804,inf,0.1568014269694686,1.1780755585059524,7.190545824129264e-06,0.5752685724478249,ANTIPARALLEL_AT_THROAT,8.0,7,inf,inf,inf,inf,6.89194590882254e-07,5.565897555592753e-07,1.0040957164376079,12.566370614359172,198582.71114056322,1.9269021842628717,93695,2.0404632637838995,0.031699800211936247,True,0.09845732386102896,16384,0.142881854781056,1.4512059558182955,0.032470703125,0.0003764020570139735,0.0014953533999822676,True,6.111824912056137e-05,1.1675642117323226e-06
0.3017866286693672,-0.07321804021364618,-0.0732202361691102,-0.0042328477360326095,inf,inf,inf,inf,inf,0.07759417100110316,0.22391530902603454,0.14632113802493138,2.0744982388868496,0.28212265705819145,0.03403070965620868,0.0019757699330555933,4.633052717678929,3.4252996308663374e-05,0.0008410671469598036,0.4712531703017387,inf,1.0502102368147808,0.6025865230663776,0.5737770419130395,0.7446610241424786,0.7090590036533894,0.07323723195422735,0.004252039476613771,0.2655809988081455,1.0005279325315242,inf,0.0631993317976594,1.1146434317342937,1.489743505756619e-05,1.0633867984811636,PARALLEL_AT_THROAT,3.0,4,inf,inf,inf,inf,1.5272301900145986e-06,1.3524816065601257e-06,1.0372491194434248,12.566370614359172,47954.28510585381,1.5303004886955023,239923,2.299254615059844,0.005576333403587319,True,0.0736581003007985,16384,0.14333702849444727,1.945977807044983,0.06768798828125,0.0003657999168299648,0.0028979822401920935,True,6.692999695542517e-05,2.7257668391161103e-06
0.3017866286693672,-0.07323310521238495,-0.07323354040254336,-0.004247912734771374,inf,inf,inf,inf,inf,0.07759417100110316,0.22391530902603454,0.14632113802493138,2.0744982388868496,0.30594050455475513,0.03403070965620868,0.0019757699330555933,4.633052717678929,6.78819180707388e-06,0.0008486717269166773,0.4712531703017387,inf,1.0502102368147808,0.6025865230663776,0.5737770419130395,0.7446610241424786,0.7090590036533894,0.07323723195422735,0.004252039476613771,0.2655809988081455,1.0001134340989886,inf,0.0631993317976594,1.1146434317342937,2.952334774646673e-06,1.0633867984811636,ANTIPARALLEL_AT_THROAT,3.0,4,inf,inf,inf,inf,3.283956815408041e-07,2.9376434909286303e-07,1.0372491194434248,12.566370614359172,223015.21022019716,1.5303004886955023,239923,2.2992622196398007,0.005576333403587319,True,0.0736581003007985,16384,0.14333702849444727,1.945977807044983,0.01348876953125,0.00036910610702316026,0.0028979822401920935,True,6.753515020056216e-05,5.401871403758568e-07
