C,DEC_margin_ratio,F,NEC_margin_ratio,R,R_over_a,a,annulus_energy_factor,cL2_max,cL2_min,cT2_reference,core_energy_factor,index,k,mass,max_log_strain,principal_longitudinal_causal,q,rho_star_ann_over_core_at_a,support,support_energy_factor,t,y_ann,y_core,y_support
23.439828485190546,5.4841761478297e-05,0.23739620357773308,5.4841761478297e-05,4.609735398218698,3.1866286962475923,1.4465869223003238,113237.49823966036,0.9999677654965405,0.4397001433475641,0.35992119475267825,0.14576577606847407,934219,0.7198423895053565,11.129052589794883,7.296165449486935,True,0.9998849415391481,1.2873346451359532e-06,0.9998511856044323,207460.20635231186,0.9999451582385217,6.781456604632022,7.296165449486935,6.602753328380709
23.447899439997375,5.3461025436241094e-05,0.24161478956378293,5.3461025436241094e-05,4.75152627229748,3.271950602369766,1.4521998800520113,1085996.4049507084,0.9999297196268808,0.15284429782342918,0.28820541307795794,0.09026974542554411,283751,0.5764108261559159,11.33071857781542,9.133830974320949,True,0.999834083641748,8.313093672575773e-08,0.999042399161137,172688.60283479796,0.9999465389745638,8.15138314121482,9.133830974320949,6.6304686226752745
23.449003454097767,0.00010745492829555836,0.23576944558347843,0.00010745492829555836,4.67906376868955,3.2584424348941075,1.435981718928728,9681.182293788595,0.9999793159485832,0.6150726039835626,0.4037547567859292,0.17971046167465937,790753,0.8075095135718584,11.057117087715403,6.087564515586517,True,0.9996977540156587,1.8563307101744488e-05,0.9998925450717044,82192.47890870836,0.9997216649984113,5.4471589824850675,5.498197223810129,6.087564515586517
23.44944968051765,0.0001512083663307573,0.23882693961380708,0.0001512083663307573,4.765152676138504,3.30625226794432,1.4412550192672573,14795.622356289905,0.9999603142497926,0.4751306281616996,0.3687713148072362,0.15268502575107049,81545,0.7375426296144724,11.200720605651993,6.433474456489026,True,0.9995798443428117,1.0322161242503455e-05,0.9998487916336692,151334.0864312464,0.9998271378979062,5.7405647101928725,6.342736507112663,6.433474456489026
23.454938445323837,0.0001513412124830582,0.24311151865280972,0.0001513412124830582,4.662025795178335,3.183113255446188,1.4646119760903205,6521.863021231592,0.9999882824746128,0.8451626160154883,0.46128772462252526,0.22258069087320914,990061,0.9225754492450505,11.4043314107017,5.142693261529898,True,0.9998486587875169,3.412821517643744e-05,0.999454531473886,3444.1950010334804,0.9998435093746232,5.142693261529898,5.124558317396878,4.4477337151588126
23.455915813677706,5.8039901731032906e-05,0.24431283629304662,5.8039901731032906e-05,4.738529743249101,3.2381077501114683,1.4633638250876557,19317.106433748133,0.9999257665155111,0.5039674838907109,0.375988272158429,0.15826936407977663,456233,0.751976544316858,11.46116264058105,6.946691397637762,True,0.9997006997411417,8.195200465347318e-06,0.9991663718001959,12433.096757897456,0.999941960098269,5.855941162007745,6.946691397637762,5.174664952639316
23.4565359964149,8.795035545727803e-05,0.23024559435663244,8.795035545727803e-05,4.661278345500823,3.2898335656403344,1.4168736054565574,13698.70485570643,0.9999918797906119,0.8153537354510646,0.4538364038104191,0.2172130399654772,128285,0.9076728076208382,10.801528144084584,5.5261329663029555,True,0.9999120496445427,1.585167712481876e-05,0.9998352880414261,14726.658965210381,0.9996100981794512,5.5261329663029555,4.705752850386354,5.18048852925077
23.459911520839018,0.00012737739298573914,0.23158753038440752,0.00012737739298573914,4.816029964493873,3.412462187278192,1.4113064702806797,600058.401368971,0.9999240955061899,0.10500211308070306,0.2762362770503387,0.08134758367482858,953055,0.5524725541006774,10.866045944295637,8.743818763292198,True,0.9996788215332583,1.3559239201276988e-07,0.9998303914217873,6681406.191811143,0.9998726226070143,7.906727792861179,8.743818763292198,8.484656441202716
23.460376126567766,0.0001685594242984978,0.2306784970207647,0.0001685594242984978,4.589030178898167,3.2240994516616244,1.4233525509062972,4344.580288435432,0.9999506367131239,0.7268497091009587,0.43170667153317477,0.2008087468350481,134517,0.8634133430663495,10.823608608836963,5.432673224543439,True,0.9996385936372977,4.6229433651474214e-05,0.9994452927133005,5902.080252648686,0.9998314405757015,4.990931692517382,5.432673224543439,4.742768830778891
23.461333856467004,8.27723140049974e-05,0.23998540362492896,8.27723140049974e-05,4.93737139356105,3.441804340833772,1.4345299455241487,670099.5403806235,0.9999709460435264,0.29800792955627514,0.3244947188999504,0.11813256167639914,225059,0.6489894377999008,11.26075535024689,7.775567775161865,True,0.999917227685995,1.7629036470458596e-07,0.9998903552020753,1264190.9038047881,0.9999132552378341,7.775567775161865,7.7394513235416325,7.558949585290358
23.4616778708992,0.0001077905718674943,0.22790897238222552,0.0001077905718674943,4.688575790292077,3.3339434416355602,1.4063153356890672,17819.62994020949,0.9999851791139199,0.7250207128983485,0.4312514730030671,0.20050733011391542,842613,0.8625029460061342,10.694253787838875,5.697611638390334,True,0.9998922094281325,1.1249496811590602e-05,0.9998696813692605,31939.26333647739,0.9996655093986225,5.697611638390334,5.041073620592214,5.587580984151443
23.462060955617694,5.20585025162168e-05,0.2348446538291928,5.20585025162168e-05,4.894428914625327,3.4509968562983278,1.4182652486897018,1098504.447307923,0.9999462082216093,0.1848060038890768,0.29619619611185044,0.09632046681978096,881335,0.5923923922237009,11.019879166482916,8.909857480386382,True,0.9998680304847984,8.769028212658398e-08,0.999458801405436,326831.2574043286,0.9999479414974838,8.124699884298062,8.909857480386382,6.9334117985274535
23.462663618532034,0.00013061430755445524,0.2316144658909569,0.00013061430755445524,4.679797904610755,3.2947668983219365,1.4203729881449978,38877.511409965104,0.9997718657901649,0.26615239621407477,0.31652611689642074,0.11195576384045415,303091,0.6330522337928415,10.868584604770966,7.611017820896729,True,0.9993782924142223,2.8811200795640663e-06,0.9991597941478854,72175.44267086538,0.9998693856924455,6.378523400155138,7.611017820896729,6.140560137426625
23.463008836953467,0.00014086625371467765,0.2317737270133048,0.00014086625371467765,4.568300995899641,3.195982106113099,1.429388790119208,64218.724355320206,0.999963155724199,0.47692680437108725,0.36922249002382157,0.1530762901590512,1042569,0.7384449800476431,10.876218010173622,6.473587522593805,True,0.9998591337462853,2.3831318903641568e-06,0.999638109621839,45747.22571389273,0.9996331332641256,6.473587522593805,5.825400575661233,5.834649612758215
23.463601098903556,7.731830673596285e-05,0.23390158078864415,7.731830673596285e-05,4.730259714234642,3.3191357785813755,1.425147999295284,3728442.3758115014,0.9998805116526297,0.00941554494271496,0.25234431207645686,0.06414059534084723,621071,0.5046886241529137,10.97634677605542,10.066294183872968,True,0.9997587611486493,1.720587456449365e-08,0.9976887389480033,167232.85899273175,0.999922681693264,8.938927046189987,10.066294183872968,6.699133437548107
23.46401674700902,0.0001287608861207934,0.23767101755885506,0.0001287608861207934,4.5387849804665725,3.1222990821229515,1.453667589518845,113078.76310295642,0.9999066548361419,0.2963276270568781,0.3240705803502351,0.11781042108974578,899363,0.6481411607004702,11.1534334725593,7.444856809599042,True,0.9997347084869491,1.0419861948913586e-06,0.9995419292024578,141827.19660643843,0.9998712391138792,6.887153875320125,7.444856809599042,6.465724932420776
23.464392274334166,0.00013194182127218568,0.2474458525644699,0.00013194182127218568,4.724571822984057,3.1995616190324077,1.4766309843449221,5114210.617705341,0.9999365375497954,0.038103022566493006,0.2595059337792918,0.06921167409914895,963247,0.5190118675585836,11.612333102459557,9.27361327326526,True,0.9998351571608985,1.3532343812883663e-08,0.9998680581787278,29854331.525586266,0.9997713390161526,9.059121160603496,8.743829844798052,9.27361327326526
23.464694575332476,9.688243659067286e-05,0.24185454401101159,9.688243659067286e-05,4.84253439368949,3.3444958385136023,1.4479116218131287,40050.11247412697,0.9999812689529817,0.6133429273111659,0.4033310490660369,0.17941650833826486,181985,0.8066620981320738,11.350086013749387,6.158161558355353,True,0.9999031175634093,4.478387301744426e-06,0.9995428661561244,13818.647736096997,0.9995877189507868,6.158161558355353,5.260409731244379,5.19638454680953
23.468196301139177,0.00016676063032594612,0.24588333554670122,0.00016676063032594612,4.886260417547068,3.3474376495313325,1.4597016969774428,791859.189876839,0.9999268819273902,0.12316830683084085,0.28076938043814154,0.084722563307277,236743,0.5615387608762831,11.540876771577713,8.362748554732033,True,0.9997563853279341,1.0699586829776252e-07,0.999833239369674,5342875.598900629,0.9997929461713511,8.025223535350213,8.170028539694584,8.362748554732033
23.468367949524435,6.526145262863992e-05,0.23882130173294241,6.526145262863992e-05,4.546675061384124,3.119555482428482,1.457475299604119,1821.1141842789225,0.9999801499769508,0.7635610715255988,0.44088833902496843,0.20761157522927123,844549,0.8817766780499369,11.209492366506181,5.85761894956044,True,0.999332846738144,0.00011407116596650332,0.9998320972315633,19101.33481550303,0.9999347385473714,4.5393037194703165,5.85761894956044,5.321749239172037
23.47111203421242,0.00014177494616052222,0.2426253762656677,0.00014177494616052222,4.7668456064142735,3.275590049458487,1.4552631844764328,30172.14052107898,0.9999704964810491,0.5838291883676485,0.39594992124475537,0.17370201367801863,331329,0.7918998424895107,11.389374777348861,6.032546934442666,True,0.9998582244275838,5.757033169902664e-06,0.9973874791448432,1826.8405954943225,0.9998582250538395,6.03254414522899,6.032546934442666,4.191994611494306
23.47114234236003,5.456277403759202e-05,0.2308450891528945,5.456277403759202e-05,4.750191791058659,3.362828823628882,1.412558307363576,149994.10796963386,0.9999469730819253,0.34772661819486245,0.336927205696702,0.12781390122394487,485275,0.673854411393404,10.836395893084756,7.797885138863776,True,0.9998374133518063,8.522182114499849e-07,0.9974137528920409,6911.907200109716,0.9999454372259624,6.987685472823533,7.797885138863776,4.933855559090914
23.471755125495427,0.00024378308310124552,0.22681190659644757,0.00024378308310124552,4.724375680825569,3.374782346349814,1.3999052963920722,3826.32634465129,0.9999737313695318,0.8136574074628105,0.45340867277700453,0.216865437584762,992029,0.9068173455540091,10.647347062357117,4.969168850555958,True,0.9997180952761607,5.667935446370437e-05,0.9996060161759848,5680.193508331663,0.9997562169168988,4.889048309770388,4.969168850555958,4.704448429654776
23.472480009490685,9.562675998098236e-05,0.23865273002167384,9.562675998098236e-05,4.8178584856967674,3.351029367612069,1.4377249367796368,1215.1089159936191,0.999987904894681,0.7470671149807808,0.43675878320354966,0.2045923786030285,428005,0.8735175664070993,11.203542869288233,5.694308626163119,True,0.9989890631846413,0.00016850146508891223,0.999904373240019,39941.03046920299,0.9997471414355842,4.3442282755949915,5.137676303229524,5.694308626163119
23.475928391159886,0.00016269251600187218,0.2349733149651131,0.00016269251600187218,4.592090236020742,3.1895502657445167,1.4397296964839774,563.4850559051143,0.9999875140585968,0.8918724068067223,0.47296590257901694,0.2309945663649774,764301,0.9459318051580339,11.032433431908904,4.977480576930401,True,0.9987494689436807,0.00041038562312592595,0.9997690704962561,6988.423614564364,0.9998373074839981,3.8991757397738285,4.977480576930401,4.792327381487861
23.47741498305011,0.0001792941969825934,0.23421314476151392,0.0001792941969825934,4.760235558381348,3.3404595909806876,1.4250241407601774,1590.4776397833646,0.999885704951629,0.6335152054178887,0.4083705870434642,0.18320877847771497,563825,0.8167411740869284,10.997438388102502,5.705320343735258,True,0.9987854526928572,0.0001153104400767599,0.9993763189969073,8398.034956016361,0.9998207058030174,4.533825289909948,5.705320343735258,4.942022687757875
23.48115392726811,0.0001072866303860609,0.2308746947809402,0.0001072866303860609,4.54149300545341,3.180215727516081,1.428045577587455,143732.43623344932,0.9998482328022172,0.025008964436756376,0.25623916496988386,0.06687904217835237,655439,0.5124783299397677,10.8424084921246,9.593673993365517,True,0.9988621576598106,4.6578242896239433e-07,0.9996886965090926,6963974.298518023,0.9998927133696139,7.289283424316369,9.593673993365517,8.554248317528284
23.48300990951938,5.8060773056256565e-05,0.22753651447504064,5.8060773056256565e-05,4.841721964143978,3.4702895250400916,1.395192513249465,12544.879142054706,0.9999498778481306,0.44698045221184857,0.36174109934363513,0.14718552998025541,333771,0.7234821986872703,10.68648444838976,7.220038346058923,True,0.9994580987519366,1.1738397894595207e-05,0.9998187380644885,148519.5495310324,0.9999419392269437,5.676230168755205,7.220038346058923,6.433208707605238
23.48304092853538,0.00011666945627408776,0.23856310104271397,0.00011666945627408776,4.97486716352816,3.4849041231349527,1.4275477854618466,20835.186908956042,0.9999023002044847,0.4415237702449078,0.36037279744632544,0.14613050812022257,38731,0.7207455948926509,11.204374131648748,6.763311974939213,True,0.999614255649811,7.015528297550425e-06,0.999650140539492,62399.64279941514,0.9998833305437259,5.933640152311169,6.763311974939213,6.001390311890824
23.483594170746642,0.00014174639339659123,0.223615820233159,0.00014174639339659123,4.720673793791439,3.4002139995884755,1.3883460847943034,124039.28874305954,0.9999168676198493,0.3039957994935547,0.3259866169886664,0.11930307012839417,454563,0.6519732339773328,10.502606345028283,7.327407680262377,True,0.9997611322223843,9.619102220366137e-07,0.9994111306075756,89983.31658735199,0.9998582536066034,6.92714643766162,7.327407680262377,6.235040353132153
23.48361084740636,0.00030885629111498947,0.2468097971335838,0.00030885629111498947,4.793562271015812,3.2612583483604243,1.469850517492962,97699.7766026344,0.9998285795757009,0.12502980896231447,0.2812236670171842,0.08507645910555812,871111,0.5624473340343684,11.591970458424784,7.801287939342589,True,0.999219114661884,8.712061788574711e-07,0.9996082290484488,1141297.1506576862,0.999691143708885,6.97650999467944,7.801287939342589,7.589852378595874
23.48377050665122,0.00016510498026578446,0.2440713107675673,0.00016510498026578446,4.931865642893162,3.400619386819487,1.4502845164056453,3196.641602655044,0.9999399804740434,0.735808576063616,0.433946691150777,0.20247896491866588,732069,0.867893382301554,11.463429298646203,5.41656029342868,True,0.9995456735854557,6.335948097062483e-05,0.9990743453031288,3128.2665197697834,0.9998348950197342,4.833321008159484,5.41656029342868,4.4231778309695455
23.48597072310239,0.00012293094920245995,0.2377963595018649,0.00012293094920245995,4.672278298138532,3.2352869844900716,1.4441619307768925,379228.13683146366,0.9996163595827878,0.0077292427991952906,0.2519170621642843,0.06384828113188629,502799,0.5038341243285686,11.16975667464226,9.62318052091668,True,0.9992267899990239,1.684733442864079e-07,0.9969443919292604,98068.24920194235,0.9998770690507975,7.797923957083124,9.62318052091668,6.433064534767917
23.4868591730107,0.0001157999774279439,0.24285470577853902,0.0001157999774279439,4.571820340220759,3.1076422451354087,1.4711540066676987,304244.9706651334,0.9999609734975357,0.326006037358139,0.3314917527139187,0.12360509102753643,305027,0.6629835054278373,11.407788548246987,7.358203776387239,True,0.9998842000225721,4.062264207505265e-07,0.9980792953941002,12515.449934934953,0.9997810967697163,7.358203776387239,6.87793772012569,5.239383399413957
23.48765811794138,0.00022701968497518266,0.2285125484559238,0.00022701968497518266,4.507264390236499,3.169338959352246,1.4221465258350596,13084.716300311346,0.9999573281941809,0.6241122248606881,0.40601738826371725,0.18146661798399946,778289,0.8120347765274345,10.734449227584504,5.593053249153641,True,0.9997729803150248,1.3866084707773259e-05,0.9991502263205483,6046.224355580909,0.9995920879104581,5.593053249153641,5.232166357232128,4.780129454572551
23.488026207160342,0.0001865506083035262,0.2331359774253036,0.0001865506083035262,4.558305374105459,3.173092494730564,1.4365497954047248,297414.75027940655,0.9999302944531895,0.25275992784739965,0.3131725555751473,0.1094868437788208,246291,0.6263451111502946,10.951807895194944,7.407946300848641,True,0.9998134493916965,3.6788437554853046e-07,0.9996195524746473,288255.74071028276,0.9991504423443104,7.407946300848641,6.197475578789817,6.838976696775547
23.488127661025786,0.00011223734087362214,0.23997022468961426,0.00011223734087362214,4.482896599620359,3.0542057788853576,1.4677781800466656,23679.05625200259,0.9999813849483068,0.6683099065530662,0.41707282287534325,0.18983651024214213,540753,0.8341456457506865,11.272902544709403,5.8670724495536355,True,0.9998877626591264,8.015682296063556e-06,0.9997584714427796,21687.574592311787,0.9997154323564876,5.8670724495536355,5.309351251553573,5.4076583013105965
23.490913873354714,6.331236265733065e-05,0.24601522918688307,6.331236265733065e-05,4.865165467094908,3.328467497118958,1.4616833336381019,766.4523748603377,0.9999304740751819,0.8642661106938148,0.4660654534352943,0.22601283601324818,811309,0.9321309068705886,11.558245120725381,5.557451959135452,True,0.9989755878322177,0.0002951654754791973,0.9986817097251189,1229.370903930311,0.9999366876373427,4.063952344654397,5.557451959135452,3.928583095115768
23.491582486924415,9.508068613861553e-05,0.2269849590128523,9.508068613861553e-05,4.528335836328937,3.2001235203504828,1.415050327755157,206858.36857991753,0.999971474491594,0.40000112637078983,0.34999315021559596,0.13811771684924837,510635,0.6999863004311919,10.664471775883154,7.110056533977004,True,0.9999049193138614,6.673769648005889e-07,0.9991076502518283,22722.89597898079,0.9994328547274148,7.110056533977004,5.834227496351797,5.510360209363043
23.492133023703733,0.00023028821076243045,0.24144242147034964,0.00023028821076243045,4.941302433478323,3.4292820363393433,1.4409145649487076,64569.16826653504,0.9999294643408245,0.38748460308400934,0.34685351685620847,0.1356647527371141,978043,0.6937070337124169,11.343994965493192,6.53677311337216,True,0.9997697117892376,2.1003688005278258e-06,0.9995018195292655,57652.551340109356,0.9994330310219054,6.53677311337216,5.887261644341506,5.980511809464057
23.492286343446622,0.0004887243770155258,0.24688469905987848,0.0004887243770155258,4.85377839592195,3.309904129535194,1.4664407807496105,508189.1252247104,0.9997342153070968,0.036551946606928676,0.2590791146969423,0.06894243566581001,25775,0.5181582293938846,11.599772088260625,8.025168944842521,True,0.9994473298222909,1.356716294399476e-07,0.9994483983973228,1942573.0705987622,0.9995112756229845,7.906484448692244,8.025168944842521,7.908352490945195
23.493340398643795,6.523792010038054e-05,0.22148222601221013,6.523792010038054e-05,4.635172792848956,3.3441173543741103,1.386067623131151,277848.242130277,0.9998367319664241,0.14518517526155356,0.28628932279534636,0.08883022369084395,983783,0.5725786455906927,10.406714655908424,9.021105050007865,True,0.9996180161990231,3.198090092953221e-07,0.9991082895015932,212025.5326676229,0.9999347620798996,7.477652714118209,9.021105050007865,6.7371271324198245
23.49368398898165,0.00012391349698803733,0.24367821805139753,0.00012391349698803733,4.6581054836142615,3.1703533071028582,1.469270151430203,16290.12153805791,0.9999821703153832,0.7122415171732025,0.4280559218721464,0.19827329155637738,170037,0.8561118437442928,11.449798099795395,5.658730301084337,True,0.999876086503012,1.2160572881334588e-05,0.9998612873538469,32083.739451137462,0.9989881225882135,5.658730301084337,4.432007931748109,5.592834598834174
23.495360795566533,0.0002584042218558569,0.22387248741582338,0.0002584042218558569,4.591508786322872,3.283216030475154,1.398479035099734,3690.5076398753795,0.9999425127297814,0.555119124821143,0.38876483943313356,0.16819997948760593,373785,0.7775296788662671,10.519929728071398,5.757981760191825,True,0.9991573684784103,4.5602562216142756e-05,0.9997415957781441,41136.70645004683,0.9997313480364295,4.997691269201755,5.732968733966896,5.757981760191825
23.495456424662883,8.490507248770651e-05,0.23124909313010983,8.490507248770651e-05,4.867235443172931,3.4577418373427986,1.4076341358420497,10814.913751043285,0.9999692668884652,0.27610018715177465,0.31901486781425775,0.11388141373773496,603059,0.6380297356285155,10.866605981762609,7.889194566316913,True,0.998665147454578,1.0542923177862846e-05,0.9999150949275123,2402616.038539166,0.9998875159129043,5.729681211765546,7.668756787375468,7.889194566316913
23.49645264988569,0.00010355230821479378,0.22375107639899244,0.00010355230821479378,4.446847462379747,3.1571377781511103,1.4085059870221817,176907.2574996013,0.9999471089674045,0.1830080165393841,0.2957414284115657,0.0959828480655356,238775,0.5914828568231314,10.514713143939764,8.342193665271157,True,0.9996063557585404,5.427177168273784e-07,0.9998705292214074,3741272.239441444,0.9998964476917852,7.213238082603709,8.342193665271157,8.153353628117044
23.49649644007138,0.00011622416228285193,0.22455236758562977,0.00011622416228285193,4.5597475079819585,3.2503695404183173,1.4028397236934256,30050.088582869485,0.9998413950281897,0.3459402084200754,0.3364755493588746,0.1274731248679872,635291,0.6729510987177492,10.5523878111707,7.246498953272054,True,0.9995150420283067,4.243586536296175e-06,0.9980426462339912,10581.760313721506,0.9998837758377171,6.184961295937183,7.246498953272054,5.147721636101561
23.496714194338875,0.00017709147912203793,0.22724059826627885,0.00017709147912203793,4.789494363622689,3.4264993669109143,1.3977806066080067,31240.367697920137,0.9999588702077484,0.5355377843400024,0.3838741636369377,0.16444468745271745,446041,0.7677483272738754,10.678814781626665,6.0774490982868565,True,0.999822908520878,5.262838848965322e-06,0.9980900842527586,3479.4181860326626,0.9996303752822923,6.0774490982868565,5.598178719035361,4.528103591186168
23.497129916763996,8.987998541309938e-05,0.24199154516571053,8.987998541309938e-05,4.82871981335323,3.330815505910715,1.4497109806245352,1786596.8756845992,0.9999639633388255,0.19815203526085273,0.2995289996499196,0.09893587308496961,325975,0.5990579992998392,11.372213551034324,8.354898460747687,True,0.9999101200145869,5.535381856835995e-08,0.996696738598116,13854.708993670589,0.9994966188757122,8.354898460747687,6.916741317550757,5.345341508549674
23.498119484840903,0.00015171821674619945,0.2511001902674092,0.00015171821674619945,4.788117923906736,3.2204929011749535,1.486765557582771,72760.91123873775,0.9999422209883638,0.23850828034658678,0.3095844623167068,0.10664635788603422,218963,0.6191689246334136,11.800764547139732,7.660717888084939,True,0.9995116402904355,1.465769369410754e-06,0.9998482817832538,1471920.214445113,0.9995524759118052,6.716552586753738,6.787084471158857,7.660717888084939
23.498535199611712,6.693566033044718e-05,0.24894537934155603,6.693566033044718e-05,4.713094937372663,3.176707121094766,1.483641631951397,2368.598174425169,0.9999780362965089,0.48670578213439686,0.37167215067893267,0.15491907010011308,744041,0.7433443013578653,11.69970351847649,6.931439702215911,True,0.9984479768038562,6.550266642181243e-05,0.9999144234723512,296543.1362455787,0.9999330643396696,4.816453671597865,6.931439702215911,6.766180823027929
23.499344191233288,0.00032998318219179534,0.24520429969401492,0.00032998318219179534,4.6283615298616665,3.1336640606976855,1.4769807612470107,3408.641320775252,0.9999671162680726,0.8007273814997633,0.45017362444195896,0.2146170926789124,90205,0.9003472488839179,11.524280471359951,4.836717751961903,True,0.9996700168178082,6.293619550722408e-05,0.9995730312808255,5527.902562662942,0.9992499834324111,4.836717751961903,4.380636123051771,4.693596547614236
23.500799879090877,8.063408432601449e-05,0.22304750350366478,8.063408432601449e-05,4.608559555929936,3.3066256661047433,1.3937348890655927,38193789.14443111,0.9999596986176098,0.000428717098978737,0.25009710392914714,0.06258689999841464,850575,0.5001942078582943,10.483589486740895,10.114767243522532,True,0.999919365915674,1.6385425852571192e-09,0.9972054574967343,127466.3486685565,0.9998434776719362,10.114767243522532,9.451709610598133,6.569284188745312
23.502506436326684,0.00010425700216987188,0.24907407295974407,0.00010425700216987188,4.708170754347155,3.1720533466391263,1.484265943804377,1154835.752431395,0.9999590431226684,0.21435027943194984,0.30357733063865455,0.1019856625790282,702999,0.6071546612773091,11.707730005716973,8.121280467811308,True,0.9998957429978301,8.830276025289316e-08,0.9968930814279425,13495.839738989802,0.99979301377159,8.121280467811308,7.556478244866411,5.324604077498473
23.50312426276968,6.934828801152815e-05,0.25402696380741735,6.934828801152815e-05,4.742598522078978,3.1606250814654193,1.50052549727919,3450.1659822042106,0.9999381100924827,0.6521324373163995,0.4130300937220454,0.18672539170242608,196241,0.8260601874440908,11.940854592919653,6.215940290806723,True,0.9994020965043569,5.414932104409868e-05,0.9996441877991712,14961.434100506145,0.9999306517119885,4.911826948581815,6.215940290806723,5.2260579083297225
23.50316316234325,0.00013824458475197865,0.22853261081924642,0.00013824458475197865,4.853686402114453,3.467972535855573,1.3995746367457937,5418702.32426176,0.9999344004623114,0.05103275084590764,0.2627410223474726,0.07160313082768623,61935,0.5254820446949452,10.742478480002077,9.115025185814176,True,0.9998553027230063,1.320541855214608e-08,0.999861755415248,22100542.560389977,0.9992004173893997,9.07161497557038,7.4447529573125975,9.115025185814176
23.503526858047348,0.00014839293926016683,0.21965266478958806,0.00014839293926016683,4.494897347575382,3.2349020651147646,1.38950028690155,64064.38071249896,0.9999605130415987,0.46784491492317803,0.3669513569911942,0.15127147302035318,681993,0.7339027139823884,10.325224612647508,6.47818819010261,True,0.9998516070607398,2.361149015627726e-06,0.9998216082430245,128172.78566111166,0.9998124543698654,6.47818819010261,6.3186452428175865,6.352740184243934
23.504703486292208,7.513855820329152e-05,0.2485538168015007,7.513855820329152e-05,4.819825231766886,3.2689976537288596,1.4744046164331255,867.1726595601871,0.9998594665720296,0.7735477936069469,0.4433848214102909,0.2094597701124231,85829,0.8867696428205818,11.684367528610936,5.745170912880178,True,0.998758871459288,0.00024182531505026968,0.9983347229973848,1359.2456850148378,0.9999248614417967,4.1635731913208085,5.745170912880178,3.997699996879269
23.50486728878081,0.0002520687685290124,0.23080716855310077,0.0002520687685290124,4.506249665682895,3.149277751266465,1.4308835300000868,1182.505497723407,0.9999583726936542,0.8739876161352972,0.4684929330600425,0.2278070379642561,394701,0.936985866120085,10.850183732279795,4.7913368171204755,True,0.9993393973100517,0.00019272651740431603,0.9976837213576788,649.2802235725082,0.999747931231471,4.277105497269424,4.7913368171204755,3.6071951718405426
23.505280519370682,0.00015725260005983177,0.2314750454013572,0.00015725260005983177,4.407983580767492,3.0576260391386976,1.4416359372741268,857188.1736132958,0.9999355765637825,0.18070199390678904,0.2951593926176429,0.09556504493292774,596599,0.5903187852352858,10.88177175078593,8.004764472606595,True,0.9998427473999402,1.1147559880253633e-07,0.9993394408557947,243820.06658610524,0.9997435636221663,8.004764472606595,7.590516465043237,6.788908756015814
23.5053702969577,9.475533146463544e-05,0.2545716543672161,9.475533146463544e-05,4.674575972588923,3.099990051558327,1.5079325723123116,27815.00671321749,0.9999729948879756,0.5068735588451395,0.37671254863962533,0.15883904985961345,67321,0.7534250972792507,11.967602006021089,6.608030635399699,True,0.9997758249781606,5.711291498418144e-06,0.9998904790725803,180577.8177882492,0.9999052446685354,6.03651151476077,6.608030635399699,6.511919607544269
23.50558972687716,6.8147695209686e-05,0.24672337211456644,6.8147695209686e-05,4.5330020770633785,3.0436289474568614,1.4893412289467742,51250.73532154927,0.9999256426540188,0.4026277296379504,0.3506518435431644,0.13853367493290664,909611,0.7013036870863288,11.598756721913288,7.334159591144985,True,0.9997510603821795,2.703546126108388e-06,0.998659049847988,12475.779187522556,0.9999318523047903,6.4104346363698355,7.334159591144985,5.209478762757194
23.506451439634088,0.00010939049513680743,0.22747599188952528,0.00010939049513680743,4.726040384050359,3.369401632989466,1.4026349182531943,46837.61950244569,0.9993417208088151,0.0877065173599132,0.2719141541281715,0.0781645857433038,206495,0.543828308256343,10.694306714067446,9.02277326163864,True,0.998556948615841,1.6710708672648848e-06,0.9983514998616445,130996.6834464878,0.9998906095048632,6.650463643757141,9.02277326163864,6.527990446929322
23.507883901937575,0.0005814634543148678,0.2400705058181341,0.0005814634543148678,4.614750066992929,3.163972661146499,1.4585303228633857,1386.9712187018529,0.9998697213938674,0.6210452577228761,0.4052337628789246,0.1809074519778989,448817,0.8104675257578492,11.287099158104251,5.023531839967563,True,0.9985785383430283,0.00013054317767128526,0.9993126317447524,7988.254474715243,0.9994185365456851,4.471805203509561,5.023531839967563,4.920273520779969
23.508370710841042,0.00016205361008692076,0.2433349949635091,0.00016205361008692076,5.081388051281066,3.530626751571229,1.439231164557314,1781409.7982421038,0.9999136199122077,0.09394252214780852,0.27346727531403303,0.07931199124528743,275487,0.5469345506280661,11.44081853704562,8.612227450859942,True,0.9998093430255783,4.452330976619834e-08,0.9997162908640271,3058216.866359389,0.9998379463899131,8.46361463807207,8.612227450859942,8.100207163258352
23.50837625656504,0.0001331209068530237,0.22728459394993714,0.0001331209068530237,4.700722374654933,3.3467549527068527,1.4045612663852165,287655.89281672327,0.9999540535501891,0.30974941982405857,0.3274258683435619,0.12055079607810136,713923,0.6548517366871238,10.686183503791456,7.3431380324058635,True,0.999866879093147,4.1878577836999256e-07,0.9979209224831258,12467.547344081699,0.9991652011036399,7.3431380324058635,5.941077165148636,5.243887815735687
23.50883172215033,0.00018387204701098003,0.25527643842811626,0.00018387204701098003,4.909338442492884,3.2869934515197237,1.4935650207100588,89841.65571798736,0.999938493487854,0.3748763968203013,0.34370473003946245,0.13313039051710931,44859,0.6874094600789249,12.00250166727291,6.760399891920387,True,0.9998032361690744,1.4818527784150313e-06,0.9995494961202205,73788.4982615756,0.999816127952989,6.711105757061683,6.760399891920387,6.108488651780103
23.50884011771473,0.0001609405649006801,0.25122131002538384,0.0001609405649006801,4.703848254591037,3.1486638603853523,1.4939188376924275,19210.040500256066,0.9999567464145395,0.46258905661826133,0.36562248775735495,0.15032204867292598,1015241,0.7312449755147099,11.811843223099187,6.446226945797616,True,0.9996312419124764,7.823346749093268e-06,0.9998390594350993,153993.2190447372,0.9993968931905971,5.879242108123559,5.542781215607255,6.446226945797616
23.509763157065073,0.00010185474913704251,0.22576640962416605,0.00010185474913704251,4.911935990975315,3.545441380338815,1.3854229880133888,6413996.031733556,0.9999533736739399,0.08450117645449029,0.27111363753210754,0.07760781505130258,111775,0.5422272750642151,10.615429638170161,9.115235892880573,True,0.999898145250863,1.2097191181273923e-08,0.9997762407579613,5393846.341968125,0.9996858323409767,9.115235892880573,8.076478495087418,8.389448124003096
23.509829023550648,8.782095825343728e-05,0.25232868919036844,8.782095825343728e-05,4.629622636225334,3.079631455762792,1.5033041137315653,1876.2195641257458,0.9999942271603599,0.8685449708174089,0.4671329045202583,0.22681615445306771,370093,0.9342658090405166,11.864408681204429,5.36962476489875,True,0.9995625302751052,0.00012091832617587292,0.9999121790417466,21968.83357119742,0.9997968677155551,4.510189388835711,4.9208151812507674,5.36962476489875
23.51007452387836,0.0001811304198982011,0.22706384612939196,0.0001811304198982011,4.423741781030781,3.106744247008048,1.4239156587450248,858267.7245485835,0.9999220683915161,0.1395868408561896,0.2848743228008971,0.08783763717186258,909191,0.5697486456017942,10.676575888360906,8.169698969326511,True,0.9997918666572787,1.0231157402653446e-07,0.9998188695801018,3696780.0307974177,0.9994855089726662,8.047737183888081,7.253393586964611,8.169698969326511
23.5102888113011,0.00014814906683613405,0.24543917383120045,0.00014814906683613405,4.547985164608402,3.065914165924662,1.4834026389766057,60469.495552349945,0.9997464668232566,0.20966476880986512,0.30240155518986284,0.10107457952366224,1239,0.6048031103797257,11.540691724757314,7.862364232926718,True,0.9993584636331856,1.6723222101838667e-06,0.9984446439033513,43965.7635751148,0.9998518509331639,6.650487495926105,7.862364232926718,5.91797548294369
23.510405605648053,0.00039087554099781485,0.25031812149340255,0.00039087554099781485,4.68009779712192,3.136659244651915,1.4920644647969359,595262.5005662298,0.9998194306084968,0.07625787501017689,0.2690193264046684,0.0761041054860689,606847,0.5380386528093368,11.770161133507564,7.9363007074084155,True,0.9996091244590022,1.2783654318722577e-07,0.9990607232316122,423032.27403108776,0.9995066060230271,7.9363007074084155,7.719801329230092,7.121307889328826
23.51082468719764,0.00014116441057854257,0.2182080818736159,0.00014116441057854257,4.647841382214796,3.383566164181301,1.3736516907566971,15244.11258466194,0.9999722864844923,0.6074009911123796,0.40183958054985847,0.17823310026869432,476769,0.8036791610997169,10.260503916520506,5.946814582815628,True,0.9997826572401344,1.169191538565265e-05,0.9998588355894215,61774.71782870714,0.9997813906382071,5.678306628491707,5.674691138207922,5.946814582815628
23.511014434521694,0.00012280572430656278,0.24597585921684514,0.00012280572430656278,5.0105045750232655,3.4485280159093676,1.452940081074565,52256.41770995716,0.9997077171918423,0.16456809713853476,0.29112919901963324,0.0924875646648497,470567,0.5822583980392665,11.566283953182245,8.327911402337493,True,0.9991046598850112,1.7712480605200208e-06,0.9993003263098866,262262.29180418054,0.9998771942756934,6.621635970700495,8.327911402337493,6.833472731257856
23.51244036425012,0.0002106935628845008,0.24358404150584514,0.0002106935628845008,4.524730218887789,3.060171851058502,1.4785869680236101,1293.0034713029042,0.999943317044272,0.6895198102509459,0.42237177467904985,0.19381839476196266,786773,0.8447435493580997,11.45451049917842,5.420667387104046,True,0.9988231479648342,0.00015004281039306125,0.9996349075642678,11732.683478030063,0.9997893064371155,4.402206302225067,5.420667387104046,5.095229559362758
23.51329871586464,0.00017935226089593748,0.2353220523703402,0.00017935226089593748,4.4989080745573204,3.104885594005144,1.448977084129518,1355.150850567413,0.999782672651255,0.6039468403789655,0.40097783016972244,0.17756500679869905,113825,0.8019556603394449,11.066395423628304,5.810306422972551,True,0.9984597565337556,0.00013120829031632733,0.9989026328693994,4903.862295029822,0.9998206477391041,4.4691944310144684,5.810306422972551,4.68070755251668
23.513828955351915,0.00027792161686712724,0.2347036687690269,0.00027792161686712724,4.6289525078328175,3.219524920328863,1.4377750203467865,266359.23919121095,0.9998888225102829,0.20004754105638395,0.2999840908916667,0.09937768323220335,667479,0.5999681817833334,11.037563845256939,7.401375537484965,True,0.9997220783831329,3.7280049263224587e-07,0.9975455872479504,22403.611576955125,0.9989290860925084,7.401375537484965,6.276878245209518,5.5851186573317575
23.51393912759831,0.000463654256201651,0.2433832673300123,0.000463654256201651,4.681153239466267,3.193122430045185,1.4660111981362474,2962.5085755813875,0.9998095377324551,0.3968747377867528,0.34918372114188967,0.13746497640372382,717739,0.6983674422837793,11.445798665347791,5.992036742272944,True,0.9981168493203946,4.646753657869222e-05,0.9993685619716022,38162.912793539705,0.9995363457437983,4.988072002864136,5.992036742272944,5.770846175400661
23.51544679178473,9.783641154204048e-05,0.2234378551000556,9.783641154204048e-05,4.816416065465758,3.484456609165063,1.3822574380169586,8761.640229311684,0.9999941908719292,0.8812539461103925,0.47031203424558043,0.22910855746381428,873293,0.9406240684911609,10.508481985751727,5.275918583039808,True,0.999902163588458,2.6145619429220534e-05,0.997926912681815,712.472609276721,0.9997710313724555,5.275918583039808,4.823902850831051,3.6522701545914726
23.515461904264455,8.830455121056069e-05,0.23348328629058174,8.830455121056069e-05,4.949773713941115,3.507788824186936,1.4110808723180233,1694.8323243694128,0.9997948497382921,0.6052716570578218,0.4013135570334271,0.1778017695714739,382049,0.8026271140668542,10.980934648097293,6.24687464493538,True,0.9987192524634365,0.00010503343450271711,0.9989605955208188,5209.711251519074,0.9999116954487894,4.580469455478634,6.24687464493538,4.710615027021476
23.51716769351172,0.0003430596499173211,0.24038327398525047,0.0003430596499173211,4.867499995967052,3.3729189503040042,1.443112054479797,932353.9463736122,0.9998387503004954,0.06009324961012752,0.26498299997765573,0.07327734315954403,459071,0.5299659999553115,11.306267530053017,8.180318979148675,True,0.9996569403500827,7.852450749264651e-08,0.9989832102425465,443706.634179522,0.9987741775479168,8.180318979148675,6.9784451765410935,7.154934060391456
23.517469763241166,7.136318181932833e-05,0.2511275934880841,7.136318181932833e-05,4.988685125313822,3.386925627130284,1.4729243197290685,7519.388788123211,0.9999123535853868,0.5855075962264709,0.3963732014875859,0.17401155043145441,776257,0.7927464029751718,11.811771173143075,6.459089528700375,True,0.9995771054598261,2.314985323045335e-05,0.9980580039952848,2634.541871646667,0.9999286368181807,5.336715123012945,6.459089528700375,4.374800472901171
23.51831257206017,0.00011865483969664137,0.22899357570985562,0.00011865483969664137,4.55204045433411,3.2038340975994792,1.420810290315842,11481.305074652097,0.9994604278964786,0.17313883324125912,0.2932724436977878,0.09411008536059748,919799,0.5865448873955756,10.771084981076221,8.296363881730935,True,0.997920040962459,8.212920741055736e-06,0.9986949681184917,82713.36483744887,0.9998813451603034,5.85420987073443,8.296363881730935,6.251884908957652
23.518328045951616,0.0004332578515799934,0.22906801430862,0.0004332578515799934,4.779759167384096,3.3974420410843313,1.4068699655752135,111477.20309135233,0.9998131959253302,0.13796735723941517,0.2844192852033302,0.08758600839253863,199047,0.5688385704066604,10.774593410689729,7.416082939973621,True,0.999326896131762,7.853529621521287e-07,0.99956674214842,817508.1817884364,0.9989040912801606,7.0287265070013945,6.600089063398859,7.416082939973621
23.519148890955424,0.0003006284025972583,0.21859657529867435,0.0003006284025972583,4.579592368210136,3.3186878859844584,1.3799406649690535,13602.545621785881,0.9998888430054296,0.46969349451240894,0.36740344248246404,0.1516467749463263,310793,0.7348068849649281,10.282410803004941,5.989759101289547,True,0.9995411644339174,1.1150175987851958e-05,0.9995808450963908,39501.764537815616,0.9996993715974027,5.701999099242028,5.989759101289547,5.763560305753239
23.51978307171653,0.000522354033633321,0.25140145552542836,0.000522354033633321,4.839916187243803,3.2595231369942836,1.484854067244589,2530.1268365098836,0.9999352228573866,0.7520447047681205,0.43799498190637676,0.2055994466151407,354533,0.8759899638127535,11.825815395743733,4.7089871373316745,True,0.9994776459663667,8.125169191639144e-05,0.9989774896885772,2592.1519800108267,0.9993689457437939,4.7089871373316745,4.601051753605733,4.325466439856238
23.520475268790697,5.116802475690907e-05,0.23398132413170586,5.116802475690907e-05,5.044366311255272,3.584137701934821,1.4074142041284234,2407.0644941843802,0.9999842636385625,0.8981153775991615,0.47452819272875785,0.23208439618119758,158989,0.9490563854575157,11.006703895197376,5.570542222631029,True,0.9996911023770327,9.644287896841878e-05,0.9984706716320912,926.0407898291519,0.9999488319752431,4.6232729200867455,5.570542222631029,3.780233160535998
23.52083214007241,8.907282921777337e-05,0.2559038651521115,8.907282921777337e-05,4.817985492058478,3.20749531712549,1.5021021126154863,26219.6508850031,0.9999865062560012,0.6970312236783036,0.4242544324835762,0.1952087243812815,725973,0.8485088649671524,12.038143712477082,5.9039800724919616,True,0.9999109271707822,7.445068715669431e-06,0.9977274052680439,1304.486127796908,0.9999026196675507,5.9039800724919616,5.851432549776499,3.9945624398003576
23.521386149757756,0.00010580578212249225,0.23945270952714579,0.00010580578212249225,4.397222189173301,2.983792115176959,1.473702597043198,38432.196318456045,0.9999675498009716,0.3866525014907612,0.34665205257479104,0.13542476833974357,659963,0.6933041051495821,11.264519290787549,7.101501052512193,True,0.9996685225541481,3.5243915969987942e-06,0.9998941942178775,542153.6653207175,0.9998555859653139,6.277859997325004,6.877141677957788,7.101501052512193
23.521842419215407,0.0006425511897726333,0.22453212005743606,0.0006425511897726333,4.760795156262449,3.423328443653978,1.390691905443023,150325.9413588659,0.9997041980953283,0.07959009369900943,0.2698223041370511,0.07671245957091263,994815,0.5396446082741022,10.562818292086732,7.452024722936267,True,0.9991957589624035,5.103844757591851e-07,0.9993574488102274,822573.9436768868,0.9993464241839831,7.243986500563739,7.436257337226786,7.452024722936267
23.52323147389582,0.00038826125962954094,0.24726125773520824,0.00038826125962954094,4.962798083928126,3.3968414588002243,1.461003742482878,49753.8265234937,0.9998688198662208,0.32439992688234576,0.33106718668714163,0.12331419113621392,684419,0.6621343733742833,11.632767600463833,6.453965743318651,True,0.9996117387403705,2.4783732363255387e-06,0.997462539379492,8318.619628885126,0.9995660271631637,6.453965743318651,6.369899467207981,5.035585952510891
23.5242253901923,9.711626244357507e-05,0.25305717896808466,9.711626244357507e-05,5.072864810702748,3.438832978277892,1.4751704554267564,6556.882119073637,0.9999749153967137,0.7653870384720215,0.4413439113879576,0.20795625929387268,144645,0.8826878227759152,11.905948229302908,5.62639479114323,True,0.9997861722126395,3.171942572703986e-05,0.999598330125027,7038.62656248752,0.9999028837375564,5.179282881160389,5.62639479114323,4.822104779884533
23.525094811639836,0.000827424083525985,0.23830711905497182,0.000827424083525985,4.804303557115414,3.337322310248425,1.4395683456650579,32431.50260540745,0.9996827581338199,0.23349917965013672,0.30829548444598914,0.10577673192250632,47187,0.6165909688919783,11.212395140113909,6.316932109627314,True,0.999172575916474,3.260428304091424e-06,0.9983612511138126,32927.70394794178,0.9988311683358804,6.316932109627314,6.036670642473702,5.762450336869691
23.525593450155394,9.226402342110696e-05,0.2208901588298773,9.226402342110696e-05,4.716344871612392,3.4164386605050923,1.3804857456200077,254473.88408039918,0.9999714675145626,0.38153208328686355,0.34537588770035654,0.13457839013927383,748795,0.6907517754007131,10.393144147543893,7.226877783183523,True,0.9999077359765789,5.284135398599846e-07,0.9998703225164342,424031.7590814581,0.9990834281946757,7.226877783183523,5.564632050044317,6.980468794161735
23.52635326775202,6.566791173479025e-05,0.25421066218091076,6.566791173479025e-05,4.904202446385228,3.2919479260276643,1.489756993909391,6583.0347934890115,0.9999570116308967,0.69885012222945,0.4247100584907457,0.1955438476158349,378325,0.8494201169814914,11.96129968579455,6.0770955957568,True,0.999714514527163,2.9710741321883395e-05,0.9969409865617181,912.3448251315327,0.9999343320882652,5.211981482434916,6.0770955957568,3.8151199825448474
23.526666612323794,0.0002117411807421865,0.24301322230278158,0.0002117411807421865,5.006229486372246,3.469874992482876,1.4427694073180513,4011.9462242879704,0.9999864761990581,0.8722745464841749,0.46806525567080826,0.22753569096934723,578509,0.9361305113416165,11.434582127008143,4.88884138918515,True,0.9997882588192578,5.670377047826366e-05,0.9968826038982134,475.55348272141254,0.9995983811521121,4.88884138918515,4.546883851412415,3.451625813153697
23.527510539033727,0.00018853464472623482,0.24671171188376304,0.00018853464472623482,4.514307196805881,3.0260317313632012,1.4918241438176278,2473.858279003867,0.9999601916038752,0.5777544339868884,0.3944268407998607,0.17254963310050184,138433,0.7888536815997214,11.609024802896574,5.8751590449002,True,0.9989472567927475,6.980713870135347e-05,0.9998114653552738,52667.88252576873,0.9997770702903923,4.784776182062597,5.768934063145462,5.8751590449002
23.527963915123475,0.00019545897031270076,0.23223444064342397,0.00019545897031270076,4.792140979794193,3.381584797504718,1.4171287330515352,871.60523692657,0.9999563502096293,0.5534564825083349,0.3883402734063566,0.1679067610311511,746009,0.7766805468127131,10.928007078614728,5.944020070592452,True,0.9973947651531184,0.00019306152127181213,0.9998045410296873,59618.293590217036,0.9995728590521461,4.275938284238443,5.440673216620833,5.944020070592452
23.528347267035564,0.00017165976794175641,0.23924868886026637,0.00017165976794175641,5.120692759533839,3.5988810696234164,1.4228568992610984,68720.936995959,0.9999512835102913,0.43245515286225694,0.35810160909313704,0.14438952582913492,665995,0.7162032181862741,11.25825246937458,6.53659271751582,True,0.9998283402320582,2.1008953478425566e-06,0.9997576580116799,111750.07355745588,0.9997311961584238,6.53659271751582,6.223472054496553,6.295829471127582
23.529416624042156,8.19592157591531e-05,0.2515088287787368,8.19592157591531e-05,5.091464715563206,3.466852724229663,1.4686129237562386,228416.26770405966,0.9999759365484009,0.4128185521200407,0.3531986221671104,0.1405461366694839,625131,0.7063972443342208,11.835712033919565,7.150647234512929,True,0.9999180407842408,6.152418283394489e-07,0.9991454414269683,22056.203856211618,0.9998120735596965,7.150647234512929,6.563242732032414,5.490993476678597
23.529475869759082,0.0011471244492449184,0.23734012467913537,0.0011471244492449184,4.727787587082144,3.279726092665973,1.4415190334504713,6779.852819867358,0.9996432137173882,0.3783034722822437,0.34448667149990797,0.1339560926397299,890427,0.6889733429998159,11.168977473126656,5.416080663029767,True,0.9988528755507551,1.9755139164554365e-05,0.9988359269993973,18135.891213111852,0.9987100325296238,5.416080663029767,5.330859561589988,5.40543060673801
23.529585979336712,0.00019395535728772284,0.24534074842238895,0.00019395535728772284,4.873670792235099,3.3345202276480066,1.4615808150825724,14720.178100040097,0.9999647912159302,0.6369745069593451,0.4092348245438188,0.18414639362841603,369521,0.8184696490876376,11.545532468478838,5.645250713288652,True,0.9998060446427123,1.2494410970384376e-05,0.9990945215319486,5224.722006935135,0.9985766153513389,5.645250713288652,4.427258195265429,4.703742776159064
23.529626087353822,0.00011217936757590419,0.23487586527482052,0.00011217936757590419,4.680445925266499,3.2653660747662467,1.4333602475494425,5953.683874673344,0.9993331312122063,0.28636721330174053,0.3215817959047854,0.11587352528769154,5475,0.6431635918095708,11.053082573720436,7.609652260668198,True,0.998131163826092,1.9496745017353597e-05,0.9954221964218305,4337.543984840636,0.9998878206324241,5.422144399350397,7.609652260668198,4.724607935364374
23.53016482374189,0.0003503420817210223,0.23588010887139488,0.0003503420817210223,5.036551872434798,3.5581991372356483,1.4154777959807154,22834.84958516799,0.9997329569302689,0.2942362723677507,0.32352815533522516,0.1174289563915039,643555,0.6470563106704503,11.100595680772207,6.683786523671224,True,0.9992433833560294,5.1446233738260534e-06,0.9992267111021355,64408.772615473485,0.999649657918279,6.088668419081769,6.683786523671224,6.071819542632916
23.53024278185248,6.0132612979879596e-05,0.2521619796815675,6.0132612979879596e-05,4.773757526255755,3.2010430672098797,1.4913131207624453,2200.384448098421,0.9998589013034374,0.6619759000022922,0.4154914341401309,0.18858880114548515,1004241,0.8309828682802618,11.866865204519671,6.26491575794781,True,0.9991651810965729,8.57736567507297e-05,0.9964386191623882,883.8291105359111,0.9999398673870201,4.68182060048403,6.26491575794781,3.8081241370921246
23.530270984154043,0.0001171049531745183,0.229285524947763,0.0001171049531745183,4.483175984278131,3.1371736110295236,1.429049373779123,12535.677735733309,0.9999642372839224,0.3894368656355456,0.34730485300533476,0.136125471951632,14971,0.6946097060106695,10.790301069529752,7.015111170792029,True,0.9992879485088869,1.085462695033833e-05,0.9998828950468255,456987.89206527796,0.9988815063056035,5.715548856359019,5.390336563886312,7.015111170792029
23.530916775922027,0.0001554490712316614,0.2499705605691614,0.0001554490712316614,4.8629257960252215,3.2891540203118996,1.4784731167937482,33117.9410136215,0.9999651741285808,0.5519669005597941,0.3879830186720937,0.16773684470295488,560409,0.7759660373441875,11.764072914367025,6.097085048705406,True,0.9998445509287683,5.060979154447719e-06,0.9978902972267735,2807.4975236102673,0.9990837416135661,6.097085048705406,4.9537613298861825,4.415979340454236
23.531040937908358,0.00010546659687593607,0.2379553173363362,0.00010546659687593607,4.848298195263195,3.38311039614272,1.4330889706676497,130753.24404177243,0.9997648902707952,0.1546850871306002,0.28866012713406236,0.0906205369084654,688743,0.5773202542681247,11.198672627268603,8.530976217723362,True,0.9994437639097237,6.933778911621818e-07,0.9928857509833817,5253.091994285962,0.9998945334031241,7.090680341063978,8.530976217723362,4.880514129815052
23.531709043971546,0.00021493309620246315,0.2352733611847433,0.00021493309620246315,4.369978553868114,2.9928971498496915,1.4601165142235448,18192.603825409074,0.9999360391630666,0.5318055559740711,0.38293880883138626,0.1636881310224063,768057,0.7658776176627725,11.072768562393215,5.9658509768446795,True,0.9997268059708991,8.998034136435865e-06,0.9992153343374742,11339.248785698677,0.9997850669037975,5.809243314415429,5.9658509768446795,5.120274720390228
23.532265846819087,0.0001731102654760619,0.2249501886416544,0.0001731102654760619,4.432483378702197,3.13312578613712,1.4147160635280704,6397.729497908959,0.9998626393913601,0.5373416189148408,0.3843253924977034,0.16475145391796636,530521,0.7686507849954068,10.587175282815029,6.085105614993418,True,0.9994062629145418,2.576238867581767e-05,0.997430980271076,2343.3821707858106,0.9998268897345239,5.283234194349267,6.085105614993418,4.329724795842692
23.53269294669899,0.00012060463130136867,0.23023216576308247,0.00012060463130136867,4.922763703224531,3.5148589472264193,1.40055796751363,11689.356738718478,0.9999831722093999,0.752809432462364,0.438198631349951,0.20563082159617,103781,0.876397262699902,10.835965726712248,5.543193801595851,True,0.9998638558419689,1.759155974389893e-05,0.9948494754158047,408.18561271408936,0.9998793953686986,5.474044570095194,5.543193801595851,3.3998424907801295
23.532929213339035,7.648973586560359e-05,0.24677709234341144,7.648973586560359e-05,4.43448632247376,2.9584801240704115,1.4989069172357974,4668049.045589277,0.9999628320421522,0.12983702226427252,0.2824509354308248,0.08595691038848982,521223,0.5649018708616496,11.614775691182263,9.002858246221692,True,0.9999145756891178,1.8414047839489527e-08,0.9997817659606656,3026277.890651113,0.9999235102641344,8.90507255629648,9.002858246221692,8.074836555052801
23.533284739325207,8.78588881175757e-05,0.22597922477358293,8.78588881175757e-05,4.528411187463152,3.2102914390419985,1.4105919270726714,238430.71878951247,0.9999267122535498,0.2644400129709457,0.3161019247025251,0.11161972675566842,674291,0.6322038494050503,10.6360668835374,7.934847149578501,True,0.9998007381362432,4.681953926506741e-07,0.9937544516800227,3068.291092861543,0.9999121411118824,7.287157657561773,7.934847149578501,4.560163516572727
23.533344050422563,6.175310351941299e-05,0.24695069258792182,6.175310351941299e-05,5.018424392076114,3.4455505880536688,1.4564941839704446,1157.2439164027066,0.9999592132658339,0.5756608418555346,0.39391193483024833,0.17211856173995996,422913,0.7878238696604967,11.623151224323403,6.591246487811072,True,0.9980682522433131,0.00014901011190744757,0.9998077694503106,52121.35988734758,0.9999382468964806,4.405496723114567,6.591246487811072,5.870516585969402
23.533419529906876,0.0004859113684382299,0.23770118891237796,0.0004859113684382299,4.696393085675324,3.2478200902271612,1.4460139278671824,6517.651482094524,0.9998834600209778,0.5204753814482214,0.38008103268221016,0.16181279177112448,103353,0.7601620653644203,11.187843602865279,5.474088286378281,True,0.9993693628173937,2.479783508468944e-05,0.9995140886315618,22848.82340034421,0.998201186342523,5.302561143404532,4.612750095736394,5.474088286378281
23.534312217806477,0.0001783128768728659,0.23240224287113986,0.0001783128768728659,4.806252370395604,3.388022338620392,1.4186011454554686,1472.8866772836348,0.9999803093404609,0.7792287652984518,0.4447862098226324,0.2108526068309439,172101,0.8895724196452648,10.93885388769579,5.241298307846297,True,0.9992399905200077,0.0001430372749306389,0.9998216871231271,16374.908003875596,0.9984110830673428,4.4262538837634615,4.011508741735975,5.241298307846297
23.534944343318042,0.00011274583308207298,0.24024092167757333,0.00011274583308207298,4.678625018923325,3.210847002771416,1.4571310980825336,1731047.1673107867,0.9999531649942377,0.16923997532996732,0.29229828508105127,0.09367160673496784,209399,0.5845965701621025,11.308113441338234,8.367706759508899,True,0.9998872541669179,5.401098112140375e-08,0.9994001533322158,324656.6565200389,0.9980080186309827,8.367706759508899,5.91072247002514,6.93784749634372
23.534999209685402,8.243264327878475e-05,0.23113912119740193,8.243264327878475e-05,4.47346842878541,3.1162118874892104,1.4355469365691198,7630.963257861815,0.999961307009011,0.1628386547590679,0.2907010371563956,0.09215743325321259,653351,0.5814020743127912,10.879718069416466,8.683005662239053,True,0.9972315806227341,1.2109304022726455e-05,0.9999075652586537,8683266.663997168,0.9999175673567212,5.6598015782126625,8.683005662239053,8.584514112119157
23.535360028043694,6.162796304853835e-05,0.2194119753744626,6.162796304853835e-05,4.512193328065745,3.2516698137700892,1.3876542165989987,12663.548519316417,0.9996098666779053,0.29455369450117536,0.3236329890554771,0.11745805070563228,366051,0.6472659781109542,10.327879669804469,8.024144294786966,True,0.9988939730848605,9.284985122558228e-06,0.9985895626736792,25359.119121608604,0.9999383720369515,5.793271474448939,8.024144294786966,5.6053441866829505
23.535967537582167,9.308977381949912e-05,0.23569357398807042,9.308977381949912e-05,4.4206493086811305,3.033557171359738,1.4572493805019184,4928.39956146985,0.9996720570614099,0.368302722112749,0.3420683296164498,0.1318348575771709,507323,0.6841366592328996,11.094552612399893,7.290244368946983,True,0.9985107142497442,2.678743834908736e-05,0.9989617568857672,22975.47625528356,0.9999069102261805,5.263466589099215,7.290244368946983,5.5272971633019194
23.536080505809235,0.0001354762188469083,0.2399311483294908,0.0001354762188469083,4.80260210367369,3.3256199676347995,1.4441223442284445,1905.351946333172,0.9993343557735661,0.42415607108978814,0.35602926546707747,0.1427454464851111,867083,0.7120585309341549,11.294077645868304,6.740874143642833,True,0.997688265505509,7.508157090147352e-05,0.9963780878462133,2680.2553396248422,0.9998645237811531,4.748028093070874,6.740874143642833,4.432281534331081
23.536848137693667,0.00013302694815320315,0.23590958579070614,0.00013302694815320315,5.139810806300729,3.6458339078552116,1.4097764561426227,74943.21939628577,0.9999601017677622,0.4510278265613658,0.36274782752152535,0.1479855819502956,753737,0.7254956550430507,11.105136189964133,6.6285989658177025,True,0.9998546535493124,1.974660369759919e-06,0.9996804849278033,65780.51834089174,0.9998669730518468,6.567554739152429,6.6285989658177025,6.024635337531541
23.53684923019201,0.0004348005370886643,0.218323217025537,0.0004348005370886643,4.526221900217254,3.2723391379885123,1.3831762874674096,3904.6595559571174,0.9998836548524672,0.6057455664674576,0.40141495920252057,0.17795615641991505,626785,0.8028299184050411,10.277281285161108,5.252390780898335,True,0.9993458435178498,4.558533597158987e-05,0.9994099249409869,10522.962527219108,0.9995651994629113,4.997935322680034,5.252390780898335,5.062163681029753
23.536905061414142,0.00037590767258544044,0.2389068256931635,0.00037590767258544044,4.708001128946592,3.2520897677063845,1.4476848627296732,315.6099075808311,0.9999106994834368,0.7487898485080867,0.4371856559300795,0.20493844361205926,545253,0.874371311860159,11.246254549727611,4.905882711984373,True,0.9967303974961848,0.00065122612858727,0.9992891709856601,3986.297450298333,0.9996240923274146,3.6681200620842778,4.905882711984373,4.5414746792328
23.537527022946954,8.891438969271803e-05,0.24156852768822296,8.891438969271803e-05,5.118689842219918,3.575226730261918,1.4317105538772157,115327.28305883269,0.9999636537053771,0.18259857830683973,0.2956107287667692,0.09592842386920628,511095,0.5912214575335384,11.371851496710114,8.474776379831608,True,0.9994914219599762,8.318993131597529e-07,0.9999110856103073,7111540.216515002,0.9996191990929276,6.99973304161131,7.244485569541522,8.474776379831608
23.537669917130145,0.00011766475125041254,0.2592536858168114,0.00011766475125041254,4.731884203007277,3.10942233121813,1.5217888401648998,160352.8249937493,0.9999519896402457,0.35496397905747673,0.3387315069558099,0.12923420718263612,230491,0.6774630139116198,12.204455363110943,7.189144805387908,True,0.9998511477386313,8.059617177362197e-07,0.9993610953150242,51937.487481627395,0.9998823352487496,7.01560737251691,7.189144805387908,5.940237909236179
23.53790520346085,0.00011145516885546769,0.22849138243513095,0.00011145516885546769,4.350461481536432,3.0310100443335557,1.435317408356854,47541.47199801213,0.9999755698774335,0.5616396909061494,0.39040381519589573,0.16943462749918867,173721,0.7808076303917915,10.756416999131662,6.2723385320082325,True,0.9998885448311445,3.5638461587384463e-06,0.9981278528106506,3114.460889541519,0.9998641420424099,6.2723385320082325,6.145546946030608,4.465171493204046
23.537978987468893,0.00019956179048308265,0.24232983290108348,0.00019956179048308265,4.608767273742057,3.1404484343140444,1.467550692246514,18398.135945573955,0.9993955078987642,0.05601324766333271,0.263979761605151,0.07241217805484856,204527,0.527959523210302,11.407909029725102,8.72456469913339,True,0.9971948789855564,3.94612710933822e-06,0.9987194062141727,301167.1002673534,0.9998004382095169,6.220223279751085,8.72456469913339,6.963543386165645
23.537980552647074,0.0004422888094793853,0.23034128200713266,0.0004422888094793853,4.63765979394174,3.2623141457513207,1.4215859009107392,45357.21865031814,0.9998477196827964,0.31155101372446264,0.32784968335181475,0.12097379719643571,275139,0.6556993667036295,10.843537232711368,6.417936262595861,True,0.9995577111905206,2.6647444284833067e-06,0.9972034299638148,7836.524222142121,0.9986620332483617,6.417936262595861,5.573500990967174,5.010763964781173
23.538069908981115,0.0001373850750912009,0.23777261925140325,0.0001373850750912009,4.424847537300625,3.0185223682534263,1.4658985415638728,1736642.6054014578,0.9999410218539082,0.14147741748221293,0.28535460983403027,0.0882322617446552,950247,0.5707092196680605,11.193417068762157,8.398148271640606,True,0.9998626149249088,5.0775795590625865e-08,0.9988667887855655,145028.56998113933,0.999263689580306,8.398148271640606,6.927028202232352,6.549114724764949
23.53828639937326,0.0003464409158263626,0.21948934688182428,0.0003464409158263626,4.745559152244333,3.4555217223613863,1.3733263841274246,118428.70207214738,0.9998692997518073,0.24559945280001655,0.31136718813795594,0.10805995287524142,562323,0.6227343762759119,10.332806217031528,6.953825375644586,True,0.9996535590841736,9.121545152836809e-07,0.9996008417542265,287046.9255168174,0.9993327600619183,6.953825375644586,6.427438936546375,6.840075415635205
23.538886207196768,8.352240226405794e-05,0.24698320990780803,8.352240226405794e-05,4.622348099717747,3.1102239543319716,1.48617854134898,52422.040396277785,0.9999833233755053,0.6006837062437116,0.40016675740480423,0.17722889382434767,820641,0.8003335148096085,11.627419346216174,6.299561934744783,True,0.9999164775977359,3.376133872742243e-06,0.9995046069643458,13476.931755344758,0.9985338187643336,6.299561934744783,4.509062624979102,5.187249064765729
23.539124944779378,9.388464337667379e-05,0.25268137500655874,9.388464337667379e-05,4.563816043858838,3.020129293971289,1.511132670038008,15238.074815149354,0.9999897532217447,0.7817258099041636,0.44542889078147707,0.21106076705090435,417221,0.8908577815629541,11.895796914996078,5.593790709831236,True,0.9999061153566233,1.3845702507236952e-05,0.9997146895799883,9526.958252427592,0.9995322468760274,5.593790709831236,4.692378157199306,4.969893890947914
23.53949981263137,0.00028974048215624215,0.25490814495118663,0.00028974048215624215,4.759706138533487,3.165672344474501,1.5035372017705118,22977.66801848301,0.9996463148485473,0.24966406235020527,0.31238883631303904,0.10878340368398577,981779,0.6247776726260781,12.000820460633335,7.0741382189780815,True,0.9990573984391387,4.737403771951398e-06,0.9985147823220247,33631.488992833176,0.9997102595178438,6.129814645946814,7.0741382189780815,5.765729590289869
23.5395739368587,0.00018743997287917757,0.22214668803993592,0.00018743997287917757,4.8663789353006175,3.538529232854863,1.3752546934237007,10795.500935242711,0.9998891705688042,0.3447624702317718,0.33617526390589775,0.12725227633710753,390555,0.6723505278117955,10.458476775888712,6.897522185952113,True,0.9990285329340116,1.179677935744854e-05,0.9996617439043756,145251.42082159623,0.9998125600271208,5.673651022286084,6.897522185952113,6.458450576729908
23.539636805603394,0.00011290189246848659,0.25476977815200585,0.00011290189246848659,4.594414452940306,3.029752736289561,1.5164321490363384,2208970.498376255,0.9999519879389362,0.14953860049882955,0.28737264710944144,0.08969333436145276,319335,0.5747452942188829,11.994376093484737,8.509927920263602,True,0.9998870981075315,4.059340173558486e-08,0.9998461457933094,4305789.492925292,0.9996228106623427,8.509927920263602,7.460454160346567,8.24067239831547
23.53977943788232,0.00025139293068743296,0.2359450294768064,0.00025139293068743296,4.582586513256206,3.1667069587315813,1.447114170327826,11757.68505482102,0.9999016630331506,0.21814551871105348,0.30441580719780176,0.10280212394116059,492311,0.6088316143956035,11.10818790669733,7.376025362195773,True,0.9983358559654293,8.747174747002336e-06,0.9997486070693126,817306.6956970055,0.998767052917374,5.823251434068223,6.069722987001016,7.376025362195773
23.53995700552469,0.00024158897183446104,0.2296141491094818,0.00024158897183446104,5.040001123247389,3.619014715535423,1.3926445509083087,175866.30695127512,0.9998270434270753,0.17351273258932082,0.29335322135593744,0.09419108370129982,150775,0.5867064427118749,10.810214395794674,7.688085950109493,True,0.9995815164067409,5.356782331202472e-07,0.9992730631932979,223541.88936486104,0.9997584110281655,7.219803783128659,7.688085950109493,6.749077628217545
23.54013769175125,0.0002616226096473495,0.24901209064310303,0.0002616226096473495,4.930442648187756,3.353976773275003,1.4700288587190802,3682.3243268024394,0.9999101392991704,0.31314809451496006,0.32826273893006147,0.12110087948150117,515523,0.6565254778601229,11.723557801298977,6.809807216959243,True,0.9977185249241425,3.29529563427002e-05,0.9997383773903527,286081.6707272948,0.9997171877724467,5.1596922758266155,6.75048680574868,6.809807216959243
23.54039633358312,0.0007979760358221011,0.23361982118540972,0.0007979760358221011,4.458074290426336,3.080172236907048,1.447345780540801,5600.022041815015,0.9997975278188358,0.4927381572771003,0.37313392127398404,0.1562218879559048,843177,0.7462678425479681,10.999006364170727,5.243546390440637,True,0.9992020239641779,2.789480143285619e-05,0.9987473002082372,7742.643366603635,0.9991356005394708,5.243546390440637,5.189953260204209,4.94123854552652
23.54077472158591,8.37269109629224e-05,0.22768527254587406,8.37269109629224e-05,4.788236628828421,3.4193406403315323,1.4003391684205417,1739.3999985697824,0.9999184980486726,0.36499632592776526,0.3412424353417009,0.1311881305855226,707547,0.6824848706834018,10.71977541685062,7.385552313707038,True,0.9969230881694628,7.564793202762072e-05,0.9997433131721855,182416.3475942421,0.9999162730890371,4.7440145969345195,7.385552313707038,6.56474084537533
23.54116590921302,0.00015918279072291153,0.2332155487389257,0.00015918279072291153,4.860390598746269,3.4331966753284235,1.4157040969059305,543.8124626770052,0.9998211800913148,0.7957591506065097,0.4489357233745977,0.2135677059510997,167773,0.8978714467491954,10.980331850942411,5.256055869156475,True,0.9982490703824423,0.0003933492933968601,0.9960091789447215,469.6835622782011,0.9998408172092771,3.92031608748236,5.256055869156475,3.4609119657576928
23.541290211096573,0.0005164959124374091,0.24896659057893428,0.0005164959124374091,4.956657300823209,3.375859918087026,1.4682651001798563,7122.238088599426,0.9998838202608649,0.5502394766034657,0.38753082421608265,0.16732284798703165,416537,0.7750616484321653,11.721989523371908,5.329467726447105,True,0.9994835040875626,2.3490683128544926e-05,0.9972128146651339,1978.3265857531405,0.9993842868978436,5.329467726447105,5.216081029904341,4.241259816015355
23.541408615835884,0.0002627017679126542,0.24639657018685523,0.0002627017679126542,4.653246780494083,3.146583400969027,1.4788251851392407,43323.982460220424,0.9999231075370341,0.4146795152252884,0.35365065569058063,0.14092144970090686,483307,0.7073013113811613,11.60104468061849,6.318033636268668,True,0.9997372982320873,3.2526133958753446e-06,0.993646911430322,1277.0091251189258,0.9996998121004613,6.318033636268668,6.223725929285643,4.0638831593026605
23.542165312436957,0.00026398160385554537,0.23946541563360657,0.00026398160385554537,4.978357512350612,3.4766537148765817,1.4319394223958077,2015.1172161168126,0.9995956405697808,0.4573988042653979,0.3643317941110581,0.14924679451045625,824009,0.7286635882221162,11.275068802915582,6.129472135730488,True,0.9980426345146862,7.418924372748796e-05,0.9985097487374818,7574.416653699388,0.9997360183961445,4.754130699429923,6.129472135730488,4.941383399871873
23.542222558935826,9.890709166771039e-05,0.22443723048480294,9.890709166771039e-05,4.995027838980284,3.62916547065218,1.3763571485988626,4867.978818597342,0.9999859957655162,0.7168414242642722,0.4292051042662933,0.1989338860258161,255285,0.8584102085325866,10.567502461168814,5.774877351009675,True,0.9996581886458433,4.08737156242869e-05,0.9999010929083323,46273.95344521305,0.9998516333777937,5.05249573174629,5.538667335415465,5.774877351009675
23.542538738482442,7.947408030373193e-05,0.21952664787529147,7.947408030373193e-05,4.341096128818592,3.097265563030696,1.4015898993726579,4818134.828841906,0.9999538422517604,0.10327152872723105,0.2758089734939858,0.08102494900099834,23775,0.5516179469879716,10.336429223466487,9.184968619531825,True,0.9998970571013501,1.6817057561682208e-08,0.9996014814553643,1455034.209019126,0.9999205259196963,8.950426529090524,9.184968619531825,7.7233749125423685
23.542592144588358,0.00016041291789981038,0.23794581921750116,0.00016041291789981038,5.027246580235186,3.5286773189233287,1.4246829975853676,6501.480306991199,0.9999865693316722,0.8325622240736222,0.4581371983513236,0.2205050988573098,792125,0.9162743967026472,11.203722748695169,5.146289329409533,True,0.9998395870821002,3.388633821879811e-05,0.9988604077595309,1630.021534641475,0.9989611168125407,5.146289329409533,4.1266222390713425,4.076105374811187
23.543011964227524,0.00014420244088841905,0.22056903495454255,0.00014420244088841905,4.840403606012559,3.5310263446734833,1.3708205868569225,6303.233407821262,0.9998754268486509,0.5539315723427012,0.3884748519863933,0.16794940297789845,651289,0.7769497039727866,10.385718857745829,6.1376994122818225,True,0.999441501968086,2.6656005209799494e-05,0.9985591738979702,4540.537823839261,0.9998557975591116,5.266188605287657,6.1376994122818225,4.656006121640697
23.543715773280958,0.00013340193192223904,0.22266121136138817,0.00013340193192223904,4.364436875132205,3.091035427214333,1.4119659828892588,9807.735316677807,0.9999392802473505,0.36331909045995125,0.3408191550988704,0.13086715592657427,269787,0.6816383101977408,10.48454454805392,7.053025245156735,True,0.9990485839314582,1.3354184715265849e-05,0.999809274310966,286311.9198235533,0.9998665980680778,5.61164941115562,7.053025245156735,6.790790672965243
23.545651183878814,9.985834499581792e-05,0.2533540482752235,9.985834499581792e-05,4.672758593283442,3.103967330115329,1.5054148759709478,1488.6531260603676,0.9999867259828983,0.7342391807151645,0.4335357645759359,0.2023028585725753,574629,0.8670715291518718,11.930772093424013,5.711671323185364,True,0.9991125910145097,0.00013591892022251818,0.9999001416550042,41109.251298535695,0.999276886201973,4.451713446632334,4.5698245433290134,5.711671323185364
23.546303852394747,6.413611984101841e-05,0.24180341625354196,6.413611984101841e-05,4.469182516710265,3.0276428036008207,1.4761260844228385,3772134.855978742,0.9999270831743656,0.06607579148632575,0.2665114603471011,0.074221951053082,261311,0.5330229206942022,11.387153423305971,9.706541286432246,True,0.9998438535232977,1.9678188649632908e-08,0.9948553192537397,19665.363595155635,0.999935863880159,8.871837190408241,9.706541286432246,5.591094920603719
23.54696444433736,0.00010704006475559247,0.2584865690619685,0.00010704006475559247,5.0318298788882325,3.359040965382425,1.49799598479007,9631.378228199903,0.9999915564591233,0.8422443223027343,0.4605589696904644,0.2220515799167399,409021,0.9211179393809288,12.17314810208185,5.338839140579438,True,0.9998929599352444,2.3053931145772765e-05,0.9990584027063679,1928.789512699629,0.9998459065144879,5.338839140579438,5.141046991313978,4.158321545906541
23.546994649896938,6.684580313454092e-05,0.2170658655049847,6.684580313454092e-05,4.558128061946521,3.313293944038758,1.3757089286169295,6715.340757008556,0.9997371042668461,0.42922568720412146,0.357301652408205,0.14372464348367658,572299,0.71460330481641,10.222497547442245,7.211158781633865,True,0.9990788410041511,2.14207361558201e-05,0.9982185741936406,7034.198026440257,0.9999331541968655,5.3754050295188875,7.211158781633865,4.91363337107091
23.547132223911742,0.00048077144873237554,0.22536926519421546,0.00048077144873237554,4.456348656872335,3.1459454039206913,1.4165371882546118,539914.3766283562,0.9997722764421721,0.05290209335121321,0.26316859244834634,0.0719637279493956,927727,0.5263371848966927,10.613599773468044,7.916052261172214,True,0.9995192285512676,1.3319289095480147e-07,0.9994115527771238,1371848.7349189066,0.9988112781138541,7.916052261172214,7.055770949079306,7.724018426792087
23.547311019711834,0.0004762307560419732,0.23874648523651568,0.0004762307560419732,4.529089601624217,3.101387811321735,1.4603428778208911,45608.79357697594,0.9995121740473589,0.13623910460788774,0.284008345217444,0.08718274367869555,59015,0.568016690434888,11.243675485454549,7.3435492450419195,True,0.998870729628114,1.9127833689181333e-06,0.9959867091385439,16560.179710287535,0.999523769243958,6.583227267127102,7.3435492450419195,5.46575684676108
23.547860230268444,7.660197745884556e-05,0.21821781680254193,7.660197745884556e-05,4.845414894284771,3.557803385967984,1.3619119351550286,11291.942332448996,0.9999818202467199,0.7473863560039347,0.43684417007025333,0.2046145561794982,267749,0.8736883401405067,10.277125299641165,5.820151235716094,True,0.9998560722478004,1.8121624072414705e-05,0.9987464811406728,2096.0458203230173,0.9999233980225412,5.459197451169168,5.820151235716094,4.220223895052098
23.54819362873675,7.806060099191381e-05,0.23472176770976555,7.806060099191381e-05,4.415377757011477,3.036931219586658,1.453894552676907,804.4516227566414,0.9998861078374311,0.8075852797557739,0.45189444236457343,0.21571799544155684,452509,0.9037888847291469,11.054547269817858,5.615876350193882,True,0.998816226563342,0.0002684521905106103,0.9971668780794772,659.0964293832063,0.9999219393990081,4.111360163407818,5.615876350193882,3.6281181088645797
23.54875727029203,0.00016361891803950979,0.25869510542762864,0.00016361891803950979,4.671686649184776,3.0637786330807035,1.5248120731514085,2609536.384673568,0.9998617497957132,0.013536498836267341,0.2533639475470409,0.06486456625309037,468751,0.5067278950940818,12.183896489455666,9.286084270681082,True,0.9997197283144297,2.485963996768739e-08,0.9994818610986147,3046927.4396579326,0.9998363810819605,8.754953339285557,9.286084270681082,8.148510630414036
23.548779535522982,9.293278605715383e-05,0.25216020972904296,9.293278605715383e-05,4.920277607531678,3.321978308901939,1.4811287582302268,86516.74797518883,0.999976293474335,0.5057790319136465,0.3764390165451914,0.158626455592959,532521,0.7528780330903828,11.87613037308094,6.62573108210511,True,0.9999040695331078,1.8334823587631393e-06,0.9936908947673853,835.9164332247094,0.9999070672139428,6.604646243623142,6.62573108210511,3.822497670837232
23.549046145854486,6.298990374264957e-05,0.2504971066673616,6.298990374264957e-05,4.630931972462478,3.0937542014102144,1.4968648674001244,337.92262336286984,0.9999381915128249,0.8231306682877697,0.455781274405308,0.2185544780238507,346109,0.911562548810616,11.797935848625462,5.685650316100391,True,0.9975206741827607,0.0006483256121380229,0.999301105059635,2895.5771157960053,0.9999370100962574,3.6704422318658962,5.685650316100391,4.365475418739416
23.549401879692436,0.0002145988623768469,0.23163253664344735,0.0002145988623768469,4.34106407974313,2.9954831285254926,1.4492033149524,202181.46161184716,0.9999025907465213,0.09233013761104136,0.2730434066615999,0.079027011685432,713247,0.5460868133231997,10.909615387658253,8.368431246917138,True,0.9993665502022959,3.9098459546803035e-07,0.9997854011376232,5218708.306806209,0.9996551962594704,7.377178880893992,7.934187132191399,8.368431246917138
23.5498791899684,0.000411697140167977,0.24865007108156795,0.000411697140167977,5.096461362159525,3.492823764859153,1.4591235359293997,4043.1778698504045,0.999940387644765,0.710466368104371,0.427601688937284,0.19784483083716112,806453,0.855203377874568,11.711358269095962,4.962658068251661,True,0.999588302859832,4.8922218954953754e-05,0.99942008451674,6090.291925091092,0.9993680299053344,4.962658068251661,4.712036831000971,4.762308928535478
23.551022293081793,0.00011398512733895583,0.23447643742661017,0.00011398512733895583,4.703480427972024,3.2863397757633224,1.4312215865991946,7266793.925484532,0.9999465206001453,0.06169597429069362,0.26541062372270974,0.07353109369315433,644927,0.5308212474454195,11.04431961007299,9.205107004874215,True,0.999886014872661,1.011157682496108e-08,0.9923079417062991,9603.467360597691,0.9991741707416802,9.205107004874215,7.339435575556714,5.234210796918177
23.551665414749998,0.0001331562197384173,0.22788226038340728,0.0001331562197384173,4.384355350155109,3.0635993949938767,1.4311124872656111,10477.734284886303,0.9999506038258388,0.2582259091558652,0.3145179614657536,0.11045142574784111,875379,0.6290359229315072,10.734013501013894,7.64429167251918,True,0.9985195320814664,1.0552782302072404e-05,0.9998668437802616,1449558.1198605197,0.9995846948468213,5.729246526100407,6.740025645896449,7.64429167251918
23.551670045518204,0.00010540700674399606,0.23333452705887228,0.00010540700674399606,4.447233952104558,3.0747750808008854,1.4463607370416793,435.7568589229947,0.9998758143206121,0.7202820793344435,0.4300668341107666,0.199568622324027,335861,0.8601336682215333,10.990835583035198,5.726305274420494,True,0.9973118636352729,0.0004591676281212266,0.9991121117011588,3530.767372731027,0.999894592993256,3.8428383745628927,5.726305274420494,4.487307052098474
23.551859053235567,0.00014221783842716107,0.2544008798377081,0.00014221783842716107,4.6060636103569665,3.0413481996566767,1.5144808512477865,18361.151207313425,0.9999760567749211,0.6633119618912867,0.41582200466655195,0.18895075297833916,188625,0.8316440093331039,11.983227329913639,5.742376885028259,True,0.9998577821615728,1.0286574919333675e-05,0.999034959296937,4225.6703827695965,0.9994482337958842,5.742376885028259,4.927142690922761,4.590909533549226
23.55187200852636,0.00022758035008918487,0.253967093055383,0.00022758035008918487,4.961014620775209,3.3367741433492193,1.4867696786320967,17094.356431984794,0.9999091218555454,0.20154148383088727,0.30033833233173934,0.09954919731566118,639063,0.6006766646634787,11.962800940035768,7.559008958440081,True,0.9985654828570324,5.829130484393679e-06,0.9997724196499108,1160386.2152202995,0.9995288166573804,6.0260012271516015,6.953137461267175,7.559008958440081
23.551903174920263,8.24711278583079e-05,0.2257676544565011,8.24711278583079e-05,4.964929373901705,3.588291613658346,1.3836471247217963,110713.95753987705,0.9999793746023151,0.49983593723935155,0.37495382796041665,0.157602182168526,494377,0.7499076559208333,10.634515875576739,6.731607655730676,True,0.9999175288721417,1.4226230928232009e-06,0.9987877482106541,7745.005414965286,0.9992960819156445,6.731607655730676,5.301748597183865,4.939152493200504
23.55235685702632,0.0002952798976986193,0.2370735408380134,0.0002952798976986193,4.486741062622688,3.0767026439656857,1.4582953186660725,2661775.758101449,0.9998531052172546,0.005194079570436161,0.2512617961969227,0.06349740596916498,886671,0.5025235923938454,11.16728127035139,8.776290813920967,True,0.9997047201023014,2.3839439941289798e-08,0.9965740966251345,80480.35012735474,0.999040910356076,8.776290813920967,7.603815668937609,6.335844664248117
23.55295114443942,6.123438608274245e-05,0.2400054289404252,6.123438608274245e-05,4.337291798021412,2.926936547720652,1.4818537154141838,622597.8631396348,0.9999519247995468,0.24130638175323876,0.31032078799325974,0.10714753052022198,649619,0.6206415759865195,11.305672284468123,8.373527191207195,True,0.9998732723529777,1.7210876425186428e-07,0.9996858315811249,440450.9546767653,0.9999387656139173,7.787549589521937,8.373527191207195,7.05606244642416
23.55368834514577,0.00010049386371679958,0.22424488924889874,0.00010049386371679958,4.706411473916939,3.3725094921903085,1.3955220837229771,68972.2496045278,0.999976285629892,0.5280671345172586,0.38201085503678767,0.16333105336126297,705849,0.7640217100735753,10.56358846872058,6.477898920755769,True,0.9998995061362832,2.3637970236906944e-06,0.9994442457291063,18218.118719359794,0.9980956518676493,6.477898920755769,4.552102366910284,5.3585215427003465
23.554143698281948,0.00047632724152379957,0.2212800103962008,0.00047632724152379957,4.690718515029545,3.3903893983225695,1.3835338552410312,572.3151882683883,0.9999172965518205,0.7552025182662252,0.4387860506307334,0.20615025300886197,198501,0.8775721012614668,10.424122324858873,4.753064981401348,True,0.9980973470574609,0.00036071880523602196,0.9993244722074656,4098.692704246491,0.9995236727584762,3.9636067922245863,4.753064981401348,4.55394240876698
23.554246421400634,0.000539010586285471,0.2405559065198161,0.000539010586285471,5.0914182871482385,3.5606026155485764,1.4299316258755856,5616.854554277802,0.9998875826423568,0.582987557462086,0.3957187850261107,0.17361546088649582,127937,0.7914375700522214,11.332226200582328,5.192230756145265,True,0.9994609894137145,3.0909192387995656e-05,0.9982374739903951,3016.9810150950025,0.9994435876018686,5.192230756145265,5.172151323641769,4.44335286908014
23.554744750650162,0.0001086768902222035,0.2164619448899497,0.0001086768902222035,4.662645817785489,3.4120297834561537,1.3665313944189976,55315.56518669421,0.9999752532499009,0.5446059351047403,0.3861452970886603,0.16616002448094078,216793,0.7722905941773206,10.197411720224133,6.357855645640145,True,0.9998913231097778,3.003629869154683e-06,0.9966759128644034,1618.307199777946,0.9998158579419515,6.357855645640145,6.016425824022875,4.142251628310341
23.555467399516473,0.00010243314257096792,0.24920745894043972,0.00010243314257096792,5.159592152140757,3.541925008477845,1.4567197610878018,425859.73141126725,0.9997637339276485,0.06439999736548124,0.2660880191717297,0.07392072776984253,862911,0.5321760383434594,11.740396349575736,9.282075376067757,True,0.9994949679971182,1.7364990806498385e-07,0.9987694174968509,293702.2922751766,0.999897566857429,7.782935339507396,9.282075376067757,6.945821315871718
23.555764210305437,0.0001523292290370737,0.2319960293405665,0.0001523292290370737,4.47489281435117,3.111146469732396,1.4383420574654193,11148.007650032858,0.9999800149645144,0.7376273291823034,0.43440183603670446,0.20285575720883262,392613,0.8688036720734089,10.929687529746973,5.457238336354849,True,0.9998476707709629,1.819342323238266e-05,0.9929972920220757,302.07592250485806,0.9996735053849223,5.457238336354849,5.018441624084089,3.2522295973641
23.5558474973401,0.0001637403255958514,0.26045936063108394,0.0001637403255958514,5.017259051442045,3.330265334268873,1.5065643568438176,432514.0977665602,0.9999375035409961,0.2367018670420018,0.30915984264574947,0.10628094026879285,885075,0.6183196852914989,12.270681956561042,7.609570175769304,True,0.9998362596744041,2.457129458626713e-07,0.9996433646503189,376738.93653472903,0.9997739145889857,7.609570175769304,7.348651557507706,6.980018411171209
23.556060381294834,0.0003051287253200696,0.23453206003760796,0.0003051287253200696,4.736864637163086,3.312919792868177,1.4298156711672518,159.34856906805146,0.9999832249761211,0.8900653018106651,0.472511562355794,0.23071421066428943,360333,0.945023124711588,11.049302735190716,4.649500734389635,True,0.9958446911448328,0.0014533962421147417,0.9996948712746799,5248.469500824128,0.9996534472468803,3.2668173526242246,4.582136229247967,4.649500734389635
23.556158808351075,0.000822808033451472,0.24805355080570687,0.000822808033451472,4.574723189902731,3.0627052269106656,1.4936870677943859,50241.75632180367,0.9996616244285317,0.17786142705356983,0.294377571856603,0.09509000991493691,271223,0.588755143713206,11.686377671509225,6.620344137809161,True,0.9991461543608635,1.8923841339757479e-06,0.9991771919665485,173525.08022777122,0.9990063286732209,6.588885362928465,6.4600321252470945,6.620344137809161
23.556788646309357,0.00016375514547750658,0.21541916048535675,0.00016375514547750658,4.59888174462219,3.3623693119810776,1.3677503325512361,1362.8990353223576,0.9999842848921293,0.8081131955416778,0.452016445575282,0.2159066594074809,697245,0.904032891150564,10.14916726783789,5.204569243513847,True,0.9992663801555433,0.0001584551863013856,0.9998362448545225,15405.829040469307,0.9995059428056307,4.3750066880203615,4.593726330176955,5.204569243513847
23.558638447379636,0.00026036552910435606,0.23261934386596386,0.00026036552910435606,4.918074433810518,3.4802997896081114,1.4131180447430085,25188.00370488225,0.9999338761785926,0.49213543395754666,0.3730173275340348,0.15632472994648391,570729,0.7460346550680697,10.96039003600984,5.995995602649587,True,0.9997396344708956,6.196835479334098e-06,0.9990771122073918,11694.348597823175,0.9982123472951823,5.995995602649587,4.704275307185599,5.147675431012483
23.558759844847994,0.00032823484955912807,0.23717413179228353,0.00032823484955912807,4.587854118859003,3.1599924724697788,1.4518560277687116,6043.994147928279,0.9999480505061209,0.6835133860300422,0.4208653591340408,0.19300871661196534,755349,0.8417307182680815,11.17505682460947,5.1766937225681,True,0.9996717651504409,3.1892387433937667e-05,0.9966736536117451,878.967917393819,0.998370108353205,5.1766937225681,4.2243757349453395,3.8001246966240245
23.558841645457814,0.0002285334181040266,0.25010889410864956,0.0002285334181040266,5.144150367987023,3.5204247822228494,1.4612300180260998,1097.4038096208687,0.9999578740388062,0.8360249652331722,0.4590015565510839,0.22093858879408168,77629,0.9180031131021678,11.784551660852504,4.943807317310828,True,0.9991907552572638,0.00020144544087417912,0.9994862492615567,3828.6544604803507,0.999771466581896,4.2549701228958465,4.943807317310828,4.502524288318093
23.559053884188913,0.0005221209487790146,0.22982315946774567,0.0005221209487790146,4.692827825737559,3.3156198679884263,1.4153696782450151,16407.438691236024,0.9993215285901589,0.03991457653126251,0.2599159676814452,0.06954313460961695,875951,0.5198319353628904,10.828832395470323,7.93573539736693,True,0.9967747892128002,4.250006689253221e-06,0.9985870126320168,303581.419334784,0.999477879051221,6.183046679817232,7.93573539736693,6.977725933001078
23.55941000142379,0.0006545470838770218,0.2463227402094313,0.0006545470838770218,4.818427001297594,3.282534524622588,1.4678983465837563,605.3286377468787,0.999858110634686,0.8120593291178806,0.45299945024307814,0.2166644347259257,838685,0.9059989004861563,11.606436858536378,4.428474960428487,True,0.998490556322768,0.0003582350592739564,0.9957426063697082,413.84931619117464,0.999345452916123,3.9671164565613735,4.428474960428487,3.3941069582787593
23.559464693192933,8.373367086389472e-05,0.2412579519943013,8.373367086389472e-05,4.648213990457207,3.185231457538051,1.4593017971918227,58246.16931678879,0.9998507122877736,0.2905867930676133,0.3226392727345228,0.11668981277320513,129251,0.6452785454690456,11.367816403923554,7.811335712819138,True,0.9995791410124211,2.00406601491007e-06,0.9898838019468365,1234.9837792408575,0.9999162663291361,6.560073564452779,7.811335712819138,4.092568748251058
23.560356205590498,0.00010203103818839931,0.24913508866680617,0.00010203103818839931,5.024487689181233,3.4254991113312014,1.4667899555310757,12664.74891563187,0.9999897452397039,0.7989976907754549,0.4497468590037897,0.2144804074637339,1029725,0.8994937180075794,11.739422864602652,5.493829173501891,True,0.9998979689618116,1.691171896819463e-05,0.9998182595855989,14404.70242403692,0.9985099511687956,5.493829173501891,4.003000866625522,5.172902991668514
23.561126662489638,0.00011525131900980146,0.24401765773980189,0.00011525131900980146,4.81761115835111,3.304527338802636,1.4578820703891426,36940.24396541926,0.999976529591048,0.5927325317260977,0.39817726532928643,0.1754391433668324,952097,0.7963545306585729,11.498661883783035,6.128856312621163,True,0.9998847486809902,4.748539810170266e-06,0.9899087470693477,320.9891128126081,0.9997312983388407,6.128856312621163,5.597332179101664,3.3177277552567697
23.561372779540182,0.00013698206674872537,0.2575422058159899,0.00013698206674872537,5.1415275129824565,3.454861934501545,1.4882005737008583,14772.381381786481,0.9999742699076551,0.6538374210929372,0.41345342760905623,0.18706180276839862,796817,0.8269068552181125,12.136095835391199,5.797956061810817,True,0.9998216547598858,1.2663465475445273e-05,0.9998513511764011,42570.11635710424,0.9998630179332513,5.638390394329231,5.797956061810817,5.748529423745661
23.561413933902156,0.00027380752631145366,0.23108310370892646,0.00027380752631145366,4.908845615984732,3.4935495907661633,1.4051169128840628,3144.5980179626918,0.9998626024146436,0.6224262059495522,0.40559362689964473,0.181113378518989,341553,0.8111872537992895,10.889289319233713,5.483379690011138,True,0.9992723076798518,5.7621241874367035e-05,0.9935677841753474,503.2311786342774,0.9997261924736885,4.880756858153177,5.483379690011138,3.535781692717056
23.561465862326248,0.0001490791726609375,0.21496870646337418,0.0001490791726609375,4.6787516113106,3.437375549075529,1.3611406564432376,463265.70089762396,0.9999353199581407,0.13240710565401065,0.2830681486055255,0.08650273941119023,428295,0.566136297211051,10.129955677610445,8.393831766321506,True,0.9996899689210136,1.8666389487297605e-07,0.9998509208273391,5742747.841157574,0.9993691615741322,7.747101013423982,7.119568679792942,8.393831766321506
23.561781297824293,0.00023713404787018,0.24147038272817586,0.00023713404787018,4.845351103945953,3.3491071467380866,1.4467590589525199,322051.94544960785,0.9996829405542562,0.04481892229881124,0.26117641397286206,0.0704051769012281,796015,0.5223528279457241,11.378944695486416,8.653072307421356,True,0.9993362057512447,2.1870768655917693e-07,0.9908662097458327,8019.732861954911,0.9997628659521298,7.667569813574918,8.653072307421356,5.1539343379862075
23.56237232853455,7.609384413653775e-05,0.23333477328366006,7.609384413653775e-05,4.497638289424305,3.1209964394811576,1.4410904903730053,3558.3658743714213,0.9999838414270973,0.866677266996089,0.46666804857086386,0.22645037383110533,219821,0.9333360971417277,10.99584161060759,5.451761885249472,True,0.9997576113577232,6.364945271972264e-05,0.9909690318516875,154.98090099228682,0.9999239061558635,4.831053982949888,5.451761885249472,2.8905542119636167
23.562409309336267,0.0006272530377214869,0.24603383489656375,0.0006272530377214869,4.743637443065374,3.2231558663253628,1.471736906249425,3479.803713274105,0.9998866673585024,0.6387515386540444,0.4096595515031367,0.18429949379129218,750961,0.8193191030062734,11.59429984355699,4.922986663596586,True,0.9993727469622785,5.2960485082681754e-05,0.9932682682011119,447.5349884995366,0.9993326139090818,4.922986663596586,4.885126707662869,3.4728217978166676
23.562704510896122,0.00013923401355830922,0.2503033724951109,0.00013923401355830922,4.475118036359222,2.9642621212812093,1.5096903894669722,14001.878362704088,0.9998534229043612,0.33366784412174266,0.3334053632104769,0.12508228480208092,242947,0.6668107264209538,11.795648808366124,7.177772995754254,True,0.9991401251137295,8.939693556951105e-06,0.9995600785881719,108105.94727642021,0.9998607659864417,5.812324625200105,7.177772995754254,6.315016629492934
23.562942989351402,0.00010042190081049895,0.23740929675128464,0.00010042190081049895,4.9139869861468,3.4359814566309757,1.4301552695121433,21187.105490131573,0.9999533603359643,0.07161692320174057,0.2677814119262621,0.07528264143884311,699775,0.5355628238525242,11.188123448985058,9.241891675818454,True,0.9975867004922672,3.558057277747587e-06,0.9998995780991895,29198749.805476077,0.9989422132380371,6.27256026787985,7.043239677369562,9.241891675818454
23.563144627792358,0.00019602882827329804,0.22990053273551186,0.00019602882827329804,5.106173981706654,3.6719768445482903,1.3905790253791188,219190.42708359187,0.9999290099797254,0.2757895575406545,0.318929641880095,0.11384603941161102,762291,0.63785928376019,10.834359005706755,7.235371674338352,True,0.9998039711717267,5.193472754559856e-07,0.998887639148428,42729.74360757812,0.9997153750100309,7.235371674338352,6.943022663671543,5.874227800070108
23.563660040023517,8.601818866293964e-05,0.26250534588464247,8.601818866293964e-05,4.807793871477526,3.1447816126577623,1.5288164533035078,34623.54547284608,0.9999310336914948,0.27296836110528383,0.31823427269700916,0.11327142608645227,31795,0.6364685453940183,12.371173458229004,7.8983133033768,True,0.9993544304895963,3.273346119186589e-06,0.999810287919707,704277.5371427796,0.9999139818113371,6.314689131735565,7.8983133033768,7.276915245119345
23.563669486478567,6.131669805053974e-05,0.2237822574021091,6.131669805053974e-05,4.924427349075469,3.574823000532889,1.377530397544549,12064.652900792587,0.9999582216981994,0.6358445713811515,0.4089583516586572,0.18362970778756982,657521,0.8179167033173144,10.546262300722741,6.35307656197734,True,0.9997705539027367,1.5223031274558592e-05,0.995234157431696,689.841159550461,0.9999386833019495,5.54633182113461,6.35307656197734,3.6904994874263832
23.563921072895294,0.00046356082288878664,0.22667207220266078,0.00046356082288878664,4.8616182061205775,3.491483561150584,1.3924219091893646,5191.502143284629,0.9997252097005951,0.45236630715940507,0.36305983674246817,0.14829627112076865,594505,0.7261196734849363,10.682565637626244,5.763160423311415,True,0.9989966774799002,2.8580628893882616e-05,0.9956680006090012,1797.6852306541011,0.9995364391771112,5.231288957659728,5.763160423311415,4.222929873726186
23.564543228175324,7.337232811488459e-05,0.2562450322978441,7.337232811488459e-05,5.160189438867843,3.481005777984589,1.4823846232899556,1981.2196772988434,0.9999901865084694,0.846868949363279,0.4617158328415826,0.2228709221427813,118125,0.9234316656831651,12.07659428117546,5.529956664824464,True,0.9995485849374437,0.0001125343229129547,0.9998718335507988,16404.309611952907,0.9999266276718851,4.546110494784057,5.529956664824464,5.2279254700273405
23.564579622272653,0.0005474148835287185,0.23835037002512124,0.0005474148835287185,4.65776488121033,3.2132481268208952,1.4495503295659282,4850.657244080266,0.9989855777952875,0.23519988982416778,0.3087476252578199,0.10601849184666441,945747,0.6174952505156398,11.233252544910238,6.642299678448749,True,0.997347948735068,2.190264333314635e-05,0.9961495269748665,8130.7146948280515,0.9994525851164713,5.363800082367543,6.642299678448749,5.0613987376714835
23.564892863709677,0.00028985103843737203,0.21482114551407697,0.00028985103843737203,4.692049149400283,3.4514333628892984,1.3594494391374916,9276.523067158667,0.999946628815205,0.6317870707933892,0.40793342490214857,0.18293588208079178,46769,0.8158668498042971,10.124474557797221,5.417027100789537,True,0.9997101489615626,1.9717208523085532e-05,0.9989950681899761,4725.543765431186,0.9995530771773337,5.417027100789537,5.151605516683693,4.654852799016225
23.565768259683743,0.0002944598248854069,0.21873742046004596,0.0002944598248854069,4.4347753030930335,3.186267330140264,1.391840308295101,2735.384750638802,0.9999822647788816,0.8795583745917981,0.46988515984266993,0.22886509516089198,230733,0.9397703196853399,10.309430720564897,4.694427849661708,True,0.9997055401751146,8.365215706954282e-05,0.9972608404260473,532.8503160737616,0.9995122065350709,4.694427849661708,4.4258270074791195,3.5071765166594853
23.565797207492338,5.7557789526541114e-05,0.23409938111365564,5.7557789526541114e-05,5.174537787290036,3.6908937662770027,1.401974187002836,3879.5257984079844,0.9999785753248608,0.594570277711515,0.3986396523891017,0.1757471217926436,555041,0.7972793047782034,11.03347708344774,6.557199853435521,True,0.9993115687460511,4.532978552230328e-05,0.9998943143169683,97037.52938940545,0.9999424422104735,5.000692951447832,6.557199853435521,6.176088731168727
23.56645982210413,8.974863920208076e-05,0.24774005281806089,8.974863920208076e-05,4.503712665629306,3.009248380361512,1.4966237732387708,31080.64544187032,0.9998191183315985,0.32284615129403244,0.3307039407780394,0.12296699804266442,923971,0.6614078815560788,11.676712002125573,7.568400889390707,True,0.9994657829921357,3.958144383680018e-06,0.995564479377143,3611.157603548224,0.9999102513607979,6.219753865652328,7.568400889390707,4.618207167049458
23.56663973552224,0.0001847317522983838,0.21979072562955404,0.0001847317522983838,4.519165878257949,3.248182171456593,1.3912907711796856,2691182.831209863,0.9999138827943075,0.06773740485824464,0.26691282191313803,0.07471199308373638,808895,0.5338256438262761,10.35945769624143,8.701025035575553,True,0.9998152682477016,2.7725555630217745e-08,0.9991611391864347,579111.142337327,0.9985111164092868,8.701025035575553,6.745771070261692,7.283458103774459
23.56707544774928,5.5866791639269664e-05,0.22740192811196702,5.5866791639269664e-05,4.382782984353562,3.068586795368447,1.4282740807490566,9218.633074541609,0.9999506236265565,0.6430648521018192,0.41076372035313397,0.18500145502024365,89841,0.8215274407062679,10.718396793556769,6.381807319404076,True,0.9997233391304589,2.0072641144693004e-05,0.9943400591108471,543.7233955096029,0.9999441332083607,5.408052427588163,6.381807319404076,3.5693603999218864
23.567203376535645,0.00015896422230410323,0.2447698493732105,0.00015896422230410323,5.063744424482257,3.4958958596678635,1.4484826287026042,51982.294909288015,0.9999404674812825,0.25120502461457767,0.3127486869227141,0.10924666295706731,857107,0.6254973738454283,11.537081641244896,7.545914250027032,True,0.9994385168246207,2.0999532051965275e-06,0.9998410357776959,1183281.3628129384,0.9986492230933818,6.537033958449643,5.83499406618586,7.545914250027032
23.567367250457682,7.523964163869135e-05,0.21750064121440726,7.523964163869135e-05,4.669752514725548,3.4070708569803028,1.3706062218102397,10803.889255915832,0.9999610348233317,0.1564377439344684,0.289101502019912,0.09094858389379039,175783,0.578203004039824,10.251834977419936,8.81000427644098,True,0.9976705790243479,8.437153974380472e-06,0.9999076210190173,9495691.263728153,0.9999247603583613,5.840610732451485,8.81000427644098,8.632532176407771
23.56795013135328,0.0006850614508074893,0.23404170606834712,0.0006850614508074893,4.925338803493825,3.474750906188971,1.417465290741035,3402.0620578673247,0.9997977150211763,0.4098248779646353,0.3523599754553288,0.14011304087503426,307435,0.7047199509106576,11.031766514551295,5.660976814523794,True,0.9983765704052687,4.11979265320139e-05,0.9993149385491925,30910.820047470184,0.9986962338142814,5.048494413036167,5.2041901271602935,5.660976814523794
23.568387443427145,0.00036632834580729856,0.23284596858955459,0.00036632834580729856,5.045888631925803,3.591642153820273,1.404897374466638,72401.59594016554,0.99981745830126,0.0035950445620621663,0.2508496123366058,0.06313931367330741,944271,0.5016992246732116,10.97560800471738,8.575800084460537,True,0.9981751188739567,8.733203912424173e-07,0.9996336716541927,7062899.528896161,0.9996054687743361,6.974771346828351,8.50186899267018,8.575800084460537
23.568556814759525,6.404995163844518e-05,0.22326415963174906,6.404995163844518e-05,5.0650384266249,3.700514461471996,1.368738990040353,14826.218241476761,0.9999909253890199,0.7969962381979205,0.44924743419978763,0.2137739585737074,7517,0.8984948683995753,10.524028061960836,5.7590548392259615,True,0.9999105994855926,1.441900927576659e-05,0.9997063155002895,8533.96723340895,0.9999359500483616,5.573480135143604,5.7590548392259615,4.911549934796793
23.56911114490158,0.00018209402298763333,0.21176792312317033,0.00018209402298763333,4.486317680516648,3.2952179688992365,1.3614631028536472,10010.431224595623,0.9999744305689766,0.7191878944332764,0.42979058125056324,0.19938549374639805,613365,0.8595811625011265,9.98236343402995,5.411963366433975,True,0.9998179059770124,1.9917282852716356e-05,0.9995137537718396,7151.051312766882,0.9997933170489985,5.411963366433975,5.338279158869653,4.840554802138332
23.569135503422935,0.0003847181879439443,0.23466423091011737,0.0003847181879439443,4.722096912324551,3.2909586422720936,1.4348697220529008,3867.799412071645,0.9999360097315686,0.6674244956834908,0.41683488013222814,0.19019527697139324,835025,0.8336697602644563,11.06166611225417,5.131500914294313,True,0.9994891178253974,4.906890318490837e-05,0.9996152818120561,12478.864283117196,0.9973523962278913,4.961355007432903,3.9739493397032826,5.131500914294313
23.569138330194903,9.56341582863951e-05,0.22932317821039516,9.56341582863951e-05,4.978638222987723,3.567853355095578,1.3954155979749765,483.6372295507353,0.9998687770025585,0.7271216267889883,0.4317771444795653,0.2008444084119607,936309,0.8635542889591306,10.809899419121482,5.759962046973417,True,0.9975941739934887,0.000416240736229431,0.9990382768616146,3116.323002230008,0.9999043658417136,3.891941485299353,5.759962046973417,4.423259919885498
23.56950445385663,9.192666092505686e-05,0.24712199462898346,9.192666092505686e-05,5.230865695450701,3.6185263565144736,1.4455789954475569,35629.59166874481,0.9999835150721044,0.6413625812684625,0.4103365240851417,0.18468903678226067,1018097,0.8206730481702834,11.649085906107521,6.085018084313986,True,0.9999080733390749,5.183489327127751e-06,0.9986695529324436,3194.799335299552,0.9998895106659534,6.085018084313986,5.9729532499911375,4.456538449865395
23.57019299491465,0.0003836865768251929,0.2265698963980637,0.0003836865768251929,4.8953287382723225,3.5195169887826063,1.3909092508644507,8341.121579854353,0.999921119521165,0.5889074525509237,0.3972071430180222,0.17484127622467108,291649,0.7944142860360444,10.680592369880358,5.386761047822786,True,0.9996163134231748,2.0949832104547628e-05,0.9963351465686419,1165.0346749457026,0.9990664280507274,5.386761047822786,4.826935355785179,3.965361725945773
23.570715253936132,0.00127002688984712,0.23312778240914767,0.00127002688984712,4.772378355281278,3.353296141984702,1.4231902442283757,40181.33454627372,0.9994184378813322,0.12050877053023212,0.27998748172540217,0.08430049020876679,959943,0.5599749634508043,10.9899771538952,6.572819904012649,True,0.998678343116045,2.0981097157320424e-06,0.9958043334743815,17586.850627978863,0.9987299731101529,6.537216595316696,6.572819904012649,5.504487353980316
23.570958954288386,6.344099200239484e-05,0.21893580692168824,6.344099200239484e-05,4.388805077138788,3.143560471207986,1.3961255453286343,58459.91359450007,0.9998983333129512,0.0200239403863971,0.2549982135184109,0.06599878910354989,1016015,0.5099964270368218,10.321053837150242,10.155478797808268,True,0.9981452203725346,1.1309841378481813e-06,0.9997925184781122,16659407.994823806,0.9999365590079976,6.845350652956701,10.155478797808268,8.99370193740332
23.57132042674922,8.208914007445944e-05,0.21294576449775085,8.208914007445944e-05,4.74314927355365,3.5153392985729783,1.3492721102281906,128007.43174211819,0.9999706605559971,0.28525027370196493,0.3212952165398747,0.11566574930196148,807267,0.6425904330797494,10.038825696991127,7.859447046072344,True,0.9997386838306395,9.036468683932662e-07,0.9999179108599255,2281358.13357574,0.9998058039042876,6.95839492815413,7.189410010581317,7.859447046072344
23.57179985188018,6.804776309798921e-05,0.21842745002627126,6.804776309798921e-05,4.964295882152814,3.659237617397115,1.356647586522138,78943.27389194345,0.9999642232047267,0.460547383148209,0.3651322570629418,0.1498302450301764,917705,0.7302645141258836,10.297456268351652,7.044306314999681,True,0.9998673634091659,1.8980708081464114e-06,0.9997978356884968,114510.60681904474,0.999931952236902,6.587324348415113,7.044306314999681,6.298728531425312
23.572023538082217,0.0002747316238991271,0.25321498853930613,0.0002747316238991271,5.072124024833535,3.432190466271504,1.4778096013836732,3394.7817471953617,0.9999366689560891,0.5391254632762884,0.3847401638515293,0.16518835731206408,784217,0.7694803277030586,11.937579340087487,5.778397013581065,True,0.9990399623658369,4.8671430360285415e-05,0.9997252683761009,42453.87472652458,0.9992850594115074,4.965172495912886,5.156792495129558,5.778397013581065
23.572064382068216,0.00019415676575373908,0.2514172236501671,0.00019415676575373908,4.492778413638128,2.970468635438133,1.5124813505985595,7223.403658989054,0.9998976595989127,0.5674372736088713,0.3918488192604854,0.1705601845876694,1028225,0.7836976385209709,11.852845965285166,5.895063540845606,True,0.9995268641526267,2.3618753414502227e-05,0.9981595469143565,3090.0275056753767,0.9998058432342463,5.326696280063274,5.895063540845606,4.459608962850037
23.572336245892945,7.79760256421902e-05,0.26293735459852097,7.79760256421902e-05,4.9590646372275735,3.263534097204402,1.519538172276365,761569.4922762867,0.999866593161054,0.09773541505369487,0.27442505904473363,0.08000438472213112,682271,0.5488501180894673,12.396095468403844,9.248624532694718,True,0.9997042959683794,1.0507486169194557e-07,0.998688006294606,178279.96449497278,0.9999220239743578,8.03420690274486,9.248624532694718,6.676411385450626
23.572544448692067,8.005276195333089e-05,0.22398231633463722,8.005276195333089e-05,4.723947157043074,3.3987885185450195,1.3898914661113835,3237.3668589105832,0.99998103023605,0.8603320010857991,0.4650816026143729,0.225306971796687,527405,0.9301632052287458,10.559666215038487,5.443094132686171,True,0.9997283700660642,6.9609085722443e-05,0.9905447065721219,150.07612818379766,0.9999199472380467,4.786300544547643,5.443094132686171,2.8756184056246905
23.572781048752724,9.310852860477947e-05,0.2290322205009304,9.310852860477947e-05,5.121608071290783,3.6932999296007734,1.386729528853727,4195.40294841297,0.9999663035113573,0.5369587108895382,0.3842342883348465,0.1646638806233089,285785,0.768468576669693,10.797852773956174,6.490080205615644,True,0.999177452622205,3.927729797600545e-05,0.9998544625685876,98419.30133243292,0.9999068914713952,5.072322105128205,6.490080205615644,6.1994412929416995
23.573076902164782,5.953778495149109e-05,0.2589785367912974,5.953778495149109e-05,5.1078757040731855,3.4154111514054057,1.4955375729716607,5868.294688180641,0.9998855515007641,0.5086680135267719,0.37716334667056794,0.15918129950179766,1036537,0.7543266933411359,12.20984192758273,6.908158566434042,True,0.9992814832035708,2.7143536670466765e-05,0.9995341435307221,26112.594105639597,0.9999404622150485,5.25707853325861,6.908158566434042,5.544379693941286
23.573875137588615,7.253949917429559e-05,0.21178801624203136,7.253949917429559e-05,4.632116763862041,3.4269145504011953,1.351687267288223,179695.61619495827,0.9998307294003786,0.11054456021428122,0.2776280746795237,0.08236911401174218,723551,0.5552561493590474,9.985328501054473,9.207003155408568,True,0.9993953736528458,4.5862536768777545e-07,0.9996193975489995,1440356.9951011909,0.9999274605008257,7.297302992300403,9.207003155408568,7.71419824382281
23.57409561603258,7.871825855387815e-05,0.23884854347158802,7.871825855387815e-05,5.165560747384513,3.638500494415103,1.4196949417248568,451.05651428979655,0.9999904854186873,0.8798135355723921,0.46995220123790205,0.22881362258014468,1032525,0.9399044024758041,11.26127680309866,5.395624928148552,True,0.998398250506858,0.0005080575597599588,0.9998416759013196,11052.137947918462,0.9999212817414461,3.792409515291503,5.395624928148552,5.0238802791661765
23.57415064649884,5.0615123844077736e-05,0.22622238707681766,5.0615123844077736e-05,4.2751303282096345,2.981169772091685,1.4340445714401782,1558.8180018440517,0.9999693651846564,0.7892794314966619,0.44731852463446553,0.2123532609381611,740317,0.8946370492689311,10.666001265118943,5.915461480975703,True,0.9993038094247056,0.00013631510942674498,0.9997092448993589,8973.650518540722,0.9999493848761559,4.450232723545371,5.915461480975703,4.938332826330756
23.574242153205617,9.076760101223158e-05,0.2537320520533599,9.076760101223158e-05,5.193252456470331,3.52752426965749,1.4722088522936163,75662.737108733,0.9999788317322795,0.5335933353327151,0.38339304176624867,0.1640915479995725,355897,0.7667860835324973,11.963081674271358,6.5209255642307316,True,0.9999092323989878,2.1679264350028654e-06,0.999896322075655,157080.24399042025,0.9995417874920457,6.5209255642307316,5.465080625707538,6.434204335176625
23.57488916597776,0.00022116378304459783,0.24738077641720346,0.00022116378304459783,4.428965212019047,2.9454580274668123,1.5036592511990734,1165232.9236882266,0.9999011243958065,0.10595967403761647,0.27646519960835575,0.08159626356659086,685919,0.5529303992167115,11.663948771658193,8.237604259627128,True,0.9997788362169554,6.999453572218245e-08,0.9997286157451881,2818550.5116212554,0.9993337419291193,8.237604259627128,7.240194675525484,8.05253818453597
23.575085735325544,9.135053389452974e-05,0.2342145582042038,9.135053389452974e-05,4.897144802908466,3.4567188377392704,1.4167032474389063,8624.150441279486,0.9998841284769693,0.5284109450951743,0.38209735103882847,0.16301067834942684,233785,0.7641947020776569,11.043256580250999,6.538849266909457,True,0.9995086135720799,1.8909215654499244e-05,0.9897118138133604,399.0137990191982,0.9999086494661055,5.4378688782002715,6.538849266909457,3.444638395784508
23.575430624189128,0.00018441500283961076,0.23301637016966598,0.00018441500283961076,4.300474206132691,2.948273333573623,1.4586416249676741,6000.807649204785,0.9999831606963046,0.8173928289345138,0.4543439974077046,0.21756576269290007,152957,0.9086879948154092,10.986922538470667,5.112523171687976,True,0.9998155849971604,3.6251372584150926e-05,0.9988099698828048,1653.1513900542948,0.9996857686790814,5.112523171687976,4.819240077443054,4.086291826453465
23.57571407312754,8.395078591461047e-05,0.2241575775635688,8.395078591461047e-05,4.525084330559396,3.2178106238609354,1.4062618530141808,410.58949111096945,0.9999846911746779,0.6353549821562312,0.4088226205669343,0.1835920570287733,412785,0.8176452411338686,10.569349911927214,6.163054898415111,True,0.996344691842425,0.00044862431411186847,0.9999160492140854,96608.81691216455,0.9996462944597932,3.854295491061319,5.28347483467754,6.163054898415111
23.57573892114254,0.0003488364725503512,0.2309981745907171,0.0003488364725503512,5.065362737651128,3.62473077871271,1.3974452302496367,1140.663556079207,0.9999437385006048,0.6775160415890559,0.419358347216621,0.19161550215652842,147989,0.838716694433242,10.891905310822498,5.159000715108512,True,0.9986348591772551,0.00016812942746258572,0.9996511635274496,13250.248763990083,0.9994875308248342,4.345306415319002,4.929650836093733,5.159000715108512
23.575966402765573,7.331623529960307e-05,0.2142901823364373,7.331623529960307e-05,4.401574646796293,3.1963940942093663,1.377043792807104,3375376.9490638995,0.9998663203108413,0.002137637560891248,0.2505252641160041,0.06287357952737976,142479,0.5010505282320082,10.104196278412708,10.192424145605537,True,0.9997320777018063,1.863075423432488e-08,0.9979224075882306,225751.6941442891,0.9999266837647004,8.899129189135133,10.192424145605537,6.854252223515617
23.576341649142805,5.024650740059755e-05,0.24410278589611029,5.024650740059755e-05,5.047075026362958,3.491931977602419,1.445353190937101,16491.374782388983,0.9998873810875555,0.02680361438218487,0.25669479097705333,0.06719343874831564,317007,0.5133895819541067,11.510101355588507,10.315452384699762,True,0.9965753313201691,4.088255699842292e-06,0.9997685645266355,12064335.519568695,0.9999497534925994,6.202096955321616,10.315452384699762,8.827838770787345
23.576599976169632,8.233754499997747e-05,0.2566735442747216,8.233754499997747e-05,4.515036244578042,2.9491398208156485,1.5309671697184266,14562.971763059126,0.9999833699982664,0.73196645017012,0.43298885377589613,0.20174557020019115,358053,0.8659777075517923,12.102978955661554,5.830282512095094,True,0.9998759161522324,1.3853902669014454e-05,0.9996293196438638,9162.125752002401,0.999917662455,5.593468562429109,5.830282512095094,4.961520480694396
23.576628098277766,9.734532009375574e-05,0.2111089116536261,9.734532009375574e-05,4.698629255898697,3.4931254886022467,1.3451074893329487,732624.7701727378,0.9999525902963506,0.19066602752200162,0.2976566582918167,0.09744017066119971,586295,0.5953133165836334,9.95447259657944,8.340435305564625,True,0.999838726537489,1.3300997291163493e-07,0.9998828483723526,4014840.4682586053,0.9999026546799062,7.9163991354977625,8.340435305564625,8.18487494816938
23.57677450931179,0.0005942930892602893,0.2535504258073685,0.0005942930892602893,4.975047227617346,3.350375110012329,1.4849224532351062,1065.5139378362733,0.9997796284564626,0.6167851006421448,0.4041677989531308,0.18009636439784404,1048545,0.8083355979062616,11.955802432000631,5.0232774326169,True,0.9982132065514834,0.00016922492273615514,0.998850221840206,4328.561169534347,0.9994057069107397,4.341999806636895,5.0232774326169,4.614889165610859
23.577897627600642,8.523101367075014e-05,0.24798143350221777,8.523101367075014e-05,5.151202804664544,3.545919017387154,1.4527130426290051,11324.78532132325,0.9999241532300044,0.5598153786260727,0.38994915478397163,0.16907330225969208,815257,0.7798983095679433,11.693761705321894,6.451642233885963,True,0.9996554012381879,1.4933366482413746e-05,0.9955193985224382,1026.8331981600247,0.9999147689863292,5.55591965453027,6.451642233885963,3.910062552356777
23.578046112373787,0.00017945096862492793,0.22641978860958908,0.00017945096862492793,4.547832162818604,3.2220554074298544,1.4114692603769607,97208.14023589285,0.9999444978646393,0.3814783410765771,0.3453557097353041,0.13443916029939532,847611,0.6907114194706082,10.677072433181634,6.7457014108980715,True,0.9998205490313751,1.3828602278772936e-06,0.9900550642833469,792.569005351147,0.9997172543605816,6.7457014108980715,6.416549960666635,3.8357945084302756
23.578680125504857,0.00020761734761598483,0.22915090044842365,0.00020761734761598483,4.637736208195677,3.268334440543129,1.418990709966934,901.1845003054445,0.9999571650630678,0.5877243016136202,0.3968416237272322,0.17473697320917023,538433,0.7936832474544644,10.806151564289577,5.77866374487777,True,0.9977391326644202,0.00019399934152393019,0.999792382652384,43657.42084135295,0.9982657409043288,4.273759646398162,4.4409748400453255,5.77866374487777
23.57874841122731,0.00018861477520193404,0.2385905676678149,0.00018861477520193404,4.529311000991365,3.096361205794005,1.462785088676341,108635.75044067058,0.9999396048360496,0.35965283551579413,0.33989811008796095,0.1304871175007496,599259,0.6797962201759219,11.251333936662624,6.81737882838349,True,0.9998113852247981,1.199085588161537e-06,0.9972565633636498,5866.007514845576,0.9980984757301826,6.81737882838349,5.117191907546467,4.847274979345264
23.578826105352075,0.0006024267812148043,0.2364300060839008,0.0006024267812148043,5.062213518968227,3.571872406875218,1.417243658878847,2790.3534628671646,0.9999079551458315,0.6945118248552126,0.423604945000261,0.19487852979548653,1044053,0.847209890000522,11.14948399907926,4.78475903222127,True,0.9993975732187852,6.982732314988052e-05,0.9966161825802926,824.4271973950537,0.9992149190035101,4.78475903222127,4.628415178354072,3.765421477570971
23.579048877016827,0.00012788268687358162,0.2370532531284846,0.00012788268687358162,5.143098180358957,3.632036659035477,1.4160369685598815,21738.582492811594,0.9999780324411862,0.6564639871815867,0.41411050490569323,0.1877891454720697,394001,0.8282210098113865,11.17898048394476,5.830255659939906,True,0.9998721173131264,8.62970670236356e-06,0.9997776250110056,25736.80852217884,0.9988521971415255,5.830255659939906,4.5051252913667295,5.496227058057024
23.579164043499567,0.00017621743257734135,0.21760478097483327,0.00017621743257734135,4.863044709072757,3.5766569860928175,1.359662033005073,192700.80152136987,0.9999125905616164,0.008052199581411845,0.2519841337343678,0.06390903552385663,780303,0.5039682674687356,10.261877654510775,9.263332221199699,True,0.9989140938868707,3.319321516555532e-07,0.9998237825674227,28105073.21158888,0.9997668200714691,7.45874797932963,8.985417679414864,9.263332221199699
23.579235248450154,0.00027985058991264466,0.2158586733614421,0.00027985058991264466,4.454750824667823,3.2285950968999,1.3797799634104873,431.8434485991035,0.9999855637857326,0.8968455299492029,0.47420728276483715,0.2319203231593777,928013,0.9484145655296743,10.179564879215608,4.678471985079324,True,0.9984153536271666,0.0005377286027219544,0.9997201494100874,5576.090644091166,0.9996821023216599,3.764044125840668,4.611258372750814,4.678471985079324
23.579268428321782,0.00024781742555934905,0.25124950706691473,0.00024781742555934905,4.768276644361418,3.1965187383552385,1.4917092733249309,3163.6766737219273,0.9999861725385617,0.8884198876318206,0.47210151504259557,0.23070376074566887,430221,0.9442030300851911,11.848559139228627,4.763722021489958,True,0.9997521825744407,7.28309021491097e-05,0.9967373040606247,429.8893869342983,0.9984940212877662,4.763722021489958,3.8078177910122952,3.397953483587595
23.579298662807716,0.00018747985265898937,0.24626258194652276,0.00018747985265898937,5.109310470976059,3.523521713108414,1.450057892922328,3326.215247589607,0.9999381377131806,0.3401844632075373,0.3350161738926545,0.12638096478646094,29979,0.670032347785309,11.61339793838244,6.921227488276608,True,0.997814130362381,3.806483950598275e-05,0.999812520147341,365162.157803376,0.9996370321875022,5.087661212714236,6.428168809380796,6.921227488276608
23.579421598443673,0.0003202095251829684,0.21937707576268975,0.0003202095251829684,4.319349362374606,3.0761860450276277,1.4041248803388982,14386.542388539154,0.9999088341525009,0.4307089253582858,0.3576465714955702,0.14406706419316545,327563,0.7152931429911404,10.345569116884361,6.109049247049089,True,0.999469204102562,1.0015018224299946e-05,0.999679790474817,76824.8184204964,0.9995692433357828,5.7556924826005496,5.901705526776002,6.109049247049089
23.580002637859785,0.0007685531064821616,0.24055515524103552,0.0007685531064821616,4.865444760091375,3.3649336254740683,1.4459259235480186,381.69487378500963,0.9999380040726414,0.8388012522873153,0.4596671154955402,0.22176398964656394,722109,0.9193342309910804,11.344582390268775,4.276879647445306,True,0.9978817851023256,0.000581272916214184,0.9992314468935178,2441.116765425155,0.9983538208736358,3.7251245822097117,3.862372285329439,4.276879647445306
23.580348725382002,9.296276801384895e-05,0.22339190402460413,9.296276801384895e-05,4.315450815749822,3.040977526308191,1.4190998711486262,8461.0845440096,0.9999953430187144,0.8998144112486205,0.4749524385668337,0.23240159687960543,834317,0.9499048771336674,10.535317998654465,5.251269062385787,True,0.9999070372319862,2.74666705338887e-05,0.9963418901230702,367.4935792903318,0.9998907938025108,5.251269062385787,5.166499064773629,3.317240122982765
23.580535355175908,0.00014503713061631007,0.2546435164200371,0.00014503713061631007,4.512743420805443,2.9607097473303505,1.5242100056834513,7198.051082723815,0.9999873343113885,0.825358746868608,0.4563363927649334,0.2190726967349353,587261,0.9126727855298667,12.009260883818001,5.2218032495294775,True,0.9998491213883959,3.04232770811417e-05,0.9998549628693837,16062.07880979372,0.9994639457412503,5.200169671985265,4.50553277193226,5.2218032495294775
23.580730822633885,9.284716365276502e-05,0.2133657882481958,9.284716365276502e-05,4.341833810188017,3.149701279059232,1.3784906648305573,62659.016911487925,0.9999538199977009,0.4487931863864368,0.36219189905095844,0.14754404427236906,770507,0.7243837981019169,10.06264243887961,6.886995954564813,True,0.9998324481580507,2.3548896172161726e-06,0.9995664322089193,43902.35925857299,0.9999071528363472,6.479494141184353,6.886995954564813,5.8231511999784225
23.58159420228422,9.919783302869689e-05,0.22240939240882035,9.919783302869689e-05,4.570583222883404,3.276857601691498,1.3948067870035277,11099522.43137868,0.9999529331901418,0.051098719427610684,0.2627629131544381,0.07154555461789314,488431,0.5255258263088762,10.489536077122787,9.430071247315576,True,0.9999008021669713,6.444776230404116e-09,0.9906511684750944,7267.025641900568,0.999738456217479,9.430071247315576,8.507598306840498,5.100573036813228
23.582198512357856,0.0008831500548682758,0.22500907386650545,0.0008831500548682758,4.492454363253026,3.1777366997970566,1.4137276897547657,950.7198014658837,0.9999332977785911,0.8490114629872891,0.46223619019147005,0.22363891952489606,139885,0.9244723803829401,10.612417294003448,4.177907910588238,True,0.9991168499451317,0.0002350410601943555,0.9986156020309583,1236.7802496439379,0.9983094331066146,4.177907910588238,3.8265031255723443,3.9346468372139136
23.583329128942403,0.00023710229170503805,0.23044110684187769,0.00023710229170503805,5.132266652543148,3.68613727474624,1.392315660001149,5899.529925801888,0.9999715836064316,0.7603314247371478,0.4400756665738299,0.2071679072900119,892421,0.8801513331476598,10.869136934979565,5.135507486782473,True,0.9997600437069228,3.50985298544424e-05,0.999762897708295,13142.648822698722,0.9992625953872654,5.128709472218721,4.490791486263713,5.135507486782473
23.58376607792018,0.00023257163540058023,0.21584842038599086,0.00023257163540058023,4.525702615656725,3.290541634546588,1.3753670727464697,332027.6268142759,0.9999078036753876,0.2072498150633234,0.30178940468467774,0.10074984045545159,96727,0.6035788093693555,10.181037309343573,7.504689543846868,True,0.9997674283645994,3.032017040244727e-07,0.9980457842116505,30780.429210385868,0.9989884696551191,7.504689543846868,6.286612511544779,5.740705094935194
23.583786520364786,0.0006033137832157642,0.21372647509188236,0.0006033137832157642,4.539170209106955,3.3229890085526668,1.3659901364175737,11531.28603798913,0.9997950245606572,0.4078705641039459,0.35192297257017346,0.1396324266277375,826411,0.7038459451403469,10.080959124634031,5.758304541309623,True,0.9993078756276359,1.2110083436888638e-05,0.9990440911504853,19503.831276212753,0.9993966862167842,5.660717379381607,5.758304541309623,5.4312432712165055
23.584366182873513,0.0006464630882766498,0.23631638564649726,0.0006464630882766498,4.3618907083207015,2.972936374851012,1.4671994817041103,26525.339572138397,0.9997756650430729,0.3061863891089686,0.3264905135380104,0.11984023403000853,496291,0.6529810270760208,11.146744348200292,6.153944769907988,True,0.9993535369117234,4.516660477745914e-06,0.9992602989075708,62351.43022853829,0.9990676649377891,6.153944769907988,5.873447225383526,6.050743678957907
23.585491995200126,0.0002948229757782084,0.24586156683704022,0.0002948229757782084,4.580943958446007,3.0858386063068535,1.484505362361936,632.6506615098712,0.9998588612294286,0.49584769330895784,0.37394334112759675,0.15673147591330785,124073,0.7478866822551935,11.597532033124745,5.898042732528016,True,0.9959738316405796,0.00024866592078805894,0.9994401772511112,22293.83271696207,0.9997051770242218,4.149072546184359,5.898042732528016,5.469249398527933
23.585707289839288,9.47895179757019e-05,0.21125738822015064,9.47895179757019e-05,4.569114803025302,3.3751577393231655,1.3537485225628494,231525.25665124608,0.9999575556836549,0.33865735293105426,0.334656501817517,0.12604980178827035,190235,0.669313003635034,9.96530984275283,7.438187705374631,True,0.9998716480635416,5.444504616505581e-07,0.9975465876726911,7940.7889833424,0.9999052104820243,7.211736148510744,7.438187705374631,5.0067719600346265
23.58583765826703,0.00013687203180234864,0.21785529477950058,0.00013687203180234864,4.762702926829908,3.480768650869804,1.3682905715781377,6589123.054698579,0.9999346405453791,0.045020654406417615,0.26123882373794916,0.07062123780718442,356719,0.5224776474758983,10.27659923132642,9.176988653601194,True,0.9998631279681977,1.0703171373670641e-08,0.9995411181505256,2451108.643412864,0.9984936913134673,9.176988653601194,6.881143123214728,8.019133013042113
23.586261917565757,9.92139444391249e-05,0.24162760246525727,9.92139444391249e-05,4.320231831353989,2.898311355422404,1.4906030793659684,938620.8897897179,0.9998237320321318,0.04830839749885202,0.2620652961544693,0.07102300421670787,265327,0.5241305923089385,11.398183836518031,9.455019133022446,True,0.9996295875191401,7.568793051761505e-08,0.9993519925645341,1211308.967383697,0.9999007860555609,8.198200451763663,9.455019133022446,7.664532112255869
23.586820397377625,0.0003084033880380588,0.21987017734172581,0.0003084033880380588,4.733226347413819,3.44224721018241,1.3750396349839724,3247.413962293799,0.9999450675311914,0.7453075437330847,0.43631706591695546,0.20427699449584774,961317,0.8726341318339109,10.372076767397708,5.02908067497261,True,0.9995687033771321,6.291224708667855e-05,0.9931428704946681,301.77611534140937,0.9996915966119619,4.83687589420582,5.02908067497261,3.2500327927582857
23.587138253389,8.211900684751416e-05,0.22733292846275,8.211900684751416e-05,4.3617162086010985,3.04275180621061,1.4334774856425454,7598254.599391955,0.9999603214960096,0.03370124904697447,0.2584085249342024,0.06862103930191064,301359,0.5168170498684048,10.724266426397351,9.771782086706828,True,0.9998610271530762,9.017418547076935e-09,0.9999178809931525,80394699.44821803,0.9983398778874035,9.26276492227598,6.862371214467904,9.771782086706828
23.588250017307022,5.9482868345228646e-05,0.21284266138467914,5.9482868345228646e-05,4.491151085428922,3.2902521014815758,1.3649869210345889,42268.70408429282,0.9998691231588108,0.34044860811037075,0.33510724788066,0.1263947777246056,799003,0.67021449576132,10.04117182218166,7.775823798533538,True,0.9996031455612604,2.991277811746968e-06,0.9966980623570717,5036.6854963876885,0.9999405171316548,6.359821956347854,7.775823798533538,4.7781275294649
23.5884569359985,5.066959672161975e-05,0.26237929798566345,5.066959672161975e-05,4.7565744386412,3.1031679299148776,1.5328124503953857,33094.61933398001,0.9999425533130699,0.10897235913952924,0.27723744614049795,0.08207664063003098,509279,0.5544748922809959,12.378245542864681,9.543539743818998,True,0.9984396681758748,2.4838098738753814e-06,0.999871058474742,10349952.806657463,0.9999493304032784,6.452252015679365,9.543539743818998,8.701236422959045
23.58863304387736,0.0001229554639753383,0.23866304595278343,0.0001229554639753383,4.412602968865388,2.9989323869163305,1.4713912818163508,295.75627001117897,0.9999898070594274,0.8342412708032368,0.4585502740461379,0.22067215257503392,1046845,0.9171005480922758,11.259470024228495,5.2866471788559934,True,0.9972869071582287,0.0007477956514478461,0.9998770445360247,18353.188058746833,0.9995153813715209,3.5990904987173464,4.538789758976283,5.2866471788559934
23.588710709487543,6.022091916546568e-05,0.21445882142814846,6.022091916546568e-05,4.742769940391543,3.5001663217381003,1.3550127349480912,9992.46451748181,0.999726308615138,0.2678767455620992,0.3169636750826612,0.1122822199165239,832307,0.6339273501653224,10.117614195532484,8.211199468283551,True,0.9985419081643521,1.1252419756906419e-05,0.9992523577355873,85437.27347038037,0.9999397790808345,5.6970601811403565,8.211199468283551,6.224182659104936
23.588775238422052,0.0003075051361003389,0.22384832568238996,0.0003075051361003389,4.626284833266748,3.3089501129620653,1.3981125962414245,39211.987179633885,0.9999074667031059,0.39826000413949403,0.34954186771065,0.13787580737324462,597163,0.6990837354213,10.560615684037991,6.279657027760329,True,0.9996924948638997,3.5132782789401795e-06,0.9932454804215974,1272.457121675745,0.9988718306858678,6.279657027760329,5.349675291922616,4.067686993544259
23.589003677109385,0.00018077009666417343,0.25267077078035594,0.00018077009666417343,4.5225659087516705,2.985504375444162,1.5148414941039352,24006.522663431075,0.9997533702585373,0.3014618067108745,0.3253496658988297,0.11881464875751152,864803,0.6506993317976594,11.920503482071757,7.1548723462989745,True,0.9992939328094277,4.951866936863917e-06,0.9968239784433289,6904.396876789107,0.9998192299033358,6.107731981905958,7.1548723462989745,4.951352753052378
23.589033674071157,0.00012948847684346454,0.25310703602206497,0.00012948847684346454,4.4907911462907535,2.954903876459817,1.5197757132022303,1542.418492396612,0.9999525609884994,0.5984896121974936,0.39961590375751255,0.17651110274720655,79777,0.7992318075150251,11.941100791737664,6.0339197002815474,True,0.9985836680894813,0.00011458535276707151,0.9997637125138529,34479.12559523794,0.9998705115231565,4.5369338448748975,6.0339197002815474,5.657614147396489
23.589761803715426,0.00013948271389596645,0.21448498956336381,0.00013948271389596645,4.32352465826642,3.122653949268386,1.3845673355125978,11954.246654409046,0.9999821079183033,0.7434688015621491,0.4358627273701131,0.20391545861757132,32037,0.8717254547402262,10.119299628544283,5.489484827954334,True,0.999860517286104,1.7056833274873673e-05,0.9990775128141365,3031.4209448045376,0.9997925255185557,5.489484827954334,5.261717204024642,4.40570070634186
23.590134990522436,0.00020410249341662468,0.24048093063006296,0.00020410249341662468,4.583938118642768,3.1275542831801486,1.4656622087408646,769.1329938100557,0.9999531233635025,0.5409809367781524,0.3851639788597822,0.16566657976745733,336217,0.7703279577195644,11.345955232419294,5.964948632328074,True,0.9970046102741397,0.0002157353277717227,0.9997958975065834,61711.26997793923,0.9985848458706754,4.220494159828035,4.707706703919244,5.964948632328074
23.590275498655117,0.000554202066349041,0.22732431258962182,0.000554202066349041,5.0470278606908,3.6415145565433527,1.3859694317634714,1582.2022835446044,0.9999577600985993,0.8476072203822206,0.46189124512020496,0.22321167575549566,943725,0.9237824902404099,10.725286323063145,4.433322413381113,True,0.999445797933651,0.00014101960055448915,0.9992014998578599,2255.8260362652813,0.9990421820538141,4.433322413381113,4.137078300885049,4.2355875683631465
23.590444318568345,5.6882347512887677e-05,0.22658056391373704,5.6882347512887677e-05,4.47226974108349,3.1509796113744577,1.4193267785483024,1668.446369874114,0.9997669231404562,0.2742771347071464,0.31856412342749535,0.11352196479739533,517555,0.6371282468549907,10.69027235335366,8.214707394193944,True,0.9955648532112056,6.833975023454633e-05,0.9993576880605238,102418.64512056,0.9999431176524871,4.794263745816695,8.214707394193944,6.3121220083684975
23.590580360631513,0.0006325424604648466,0.21687577877979466,0.0006325424604648466,4.442282576467668,3.2076666555264834,1.3848953315688421,55231.3538041355,0.9997243891473129,0.2055922360900584,0.3013352270703763,0.10033878146629242,1028055,0.6026704541407526,10.232450975158578,6.685738459869335,True,0.9993063419130054,1.8168107619864852e-06,0.9974178700355211,19690.518070770177,0.9993674575395352,6.6091938185446715,6.685738459869335,5.517937613129266
23.591057275362488,0.00014931782486227174,0.2329068384162622,0.00014931782486227174,4.2881604121527666,2.9361682209623927,1.4604614209560614,76179.01280066189,0.9999584959350559,0.4441257588103379,0.36102106368634845,0.1467555873055396,289483,0.7220421273726969,10.989037129803275,6.5802988701063185,True,0.9998506821751377,1.9253863452119485e-06,0.9997803569411045,116567.54936485036,0.9992950366211137,6.5802988701063185,5.505329285291109,6.31302786650597
23.59185796145242,0.00032851846242998306,0.2452891115514428,0.00032851846242998306,5.218190836716559,3.6222945485817393,1.4405760676639816,34641.1988639799,0.9996520120064438,0.1928635432045958,0.29818273545242846,0.09787923115711472,679991,0.5963654709048569,11.573651758424994,7.3058391643734435,True,0.9990184176540585,2.827362174682959e-06,0.9991378636650927,137562.52290702699,0.99967148153757,6.387862217325276,7.3058391643734435,6.496698363807124
23.59237739145238,9.565352907092706e-05,0.2337199597031463,9.565352907092706e-05,4.28951296926754,2.932654057105507,1.4626726800164205,15706.375367501158,0.9999393074537404,0.22031512515452667,0.3050694583915174,0.10311200033465476,895127,0.6101389167830348,11.02801898646334,8.15214129610816,True,0.9986225369079889,6.573404122679812e-06,0.9998443226347221,1741133.5469617124,0.9999043464709291,5.965829930065466,8.15214129610816,7.752983740456858
23.59336639803252,0.00020229463480458953,0.22809231703421,0.00020229463480458953,4.2827933276501176,2.9696102868394445,1.4422071968939378,4994.799581404544,0.9999765304867665,0.7679982198490479,0.44199175559915604,0.20859724200958096,444549,0.8839835111983121,10.76293121672862,5.203055965820571,True,0.9997310946681287,4.174142244582845e-05,0.9997977053651954,15094.845220961899,0.9992173111610693,5.042041945557642,4.437600360818842,5.203055965820571
23.59416717132473,0.00027274240018249074,0.26413439799940175,0.00027274240018249074,4.843808698919264,3.158293180767646,1.5336792443511975,29965.55024629945,0.9999208348104436,0.4195839853759414,0.35487186901737,0.1419272155468157,917355,0.70974373803474,12.464062284190211,6.269864121675195,True,0.9996675031029204,4.735260739279358e-06,0.9997272575998175,105166.93996150167,0.9994384341322975,6.1302837080247885,5.760986257395888,6.269864121675195
23.594332431193717,0.00012391052837013028,0.25985457550601765,0.00012391052837013028,4.678691085259134,3.0588938266699093,1.5295369340597973,467.3248485462082,0.9999313120274499,0.8870735014631823,0.4717666261596605,0.23012623183374128,729741,0.943533252319321,12.262190476511417,5.134443326591931,True,0.9984849570743654,0.0004931191961287889,0.9987835677567519,1228.451683968268,0.9998760894716299,3.8073384594776285,5.134443326591931,3.923747179339896
23.594848144594987,8.631044701412627e-05,0.25436099718762145,8.631044701412627e-05,4.62507825021141,3.056731255896298,1.513079778043896,995434.6821807494,0.999967837449009,0.25475619414464157,0.31368100789841263,0.10983497820772883,25203,0.6273620157968253,12.003218205099362,8.01025857790913,True,0.9999136895529859,1.1028291188802249e-07,0.9947488025835267,4303.814019265605,0.9994080394451189,8.01025857790913,6.475465128153053,4.7339631093494745
23.594982381232594,0.0001092579425925333,0.23180307266429911,0.0001092579425925333,5.068414012940134,3.6143438967922012,1.4023054135602446,944990.8976795492,0.9999576733587356,0.22524023427161843,0.3062994769075885,0.10433973238086905,502483,0.612598953815177,10.938778830859432,8.010862175429837,True,0.9998907420574075,1.1023154497698239e-07,0.9996987953651836,559588.3903777433,0.9982431726004851,8.010862175429837,5.74316528579919,7.183098490791968
23.595475140225687,7.382766921582018e-05,0.23347409704466102,7.382766921582018e-05,4.353015196187742,2.9898090369931674,1.4559509126929198,12920.489172266363,0.9997684516885114,0.08438674558030262,0.27108823638409374,0.07755483961751068,938239,0.5421764727681875,11.017864505407877,9.412882846917512,True,0.9970448913755866,6.019815361522022e-06,0.9994942411262945,1200343.7617898625,0.9999261723307842,6.0090106543988515,9.412882846917512,7.638052572892635
23.595710206612583,8.085435279570063e-05,0.24532960520405844,8.085435279570063e-05,5.261716050683254,3.6567873511129756,1.4388903552408658,2288.6639188694458,0.9999942003032329,0.8565669522597819,0.4641349131707102,0.22473243378343216,780013,0.9282698263414204,11.577452538995274,5.448829424903474,True,0.9996194129255714,9.81788962564646e-05,0.9999191456472043,25616.544072159653,0.9994684627020692,4.614365452013325,4.434388757864489,5.448829424903474
23.596009324277386,8.969857009244464e-05,0.2578339529029924,8.969857009244464e-05,4.953402399370201,3.2985830608954965,1.5016758128944785,562.3532857966403,0.9997451535912857,0.6637872269139166,0.415943036833778,0.18893739846179217,99537,0.831886073667556,12.16770471362861,6.017745925324408,True,0.9974187117813635,0.00033681562108672786,0.9984840850828123,2449.4921713174267,0.9999103014299076,3.997736353874441,6.017745925324408,4.317974107077886
23.596043059078998,0.0005763323672972609,0.21981989774118718,0.0005763323672972609,4.640884122696121,3.358797574729486,1.3817099778839435,313093.85819238494,0.9997318204873022,0.06962632104672833,0.26733953538350763,0.07491835093758481,164287,0.5346790707670153,10.37375954468679,7.622969979244768,True,0.9994236676327027,2.3924237721157905e-07,0.9937644104621963,13310.618484127166,0.9992498183373093,7.622969979244768,7.376356785287718,5.393428490116044
23.596209441419983,0.0006139843968339109,0.24074051804134133,0.0006139843968339109,4.530324674092764,3.0829068764902887,1.4694977356079846,1089.7758116970253,0.9993590953452443,0.4339974016283021,0.35845589747186746,0.14473565617965536,640651,0.7169117949437349,11.361127369478872,5.641127151721102,True,0.9966719453754177,0.00013317398776719027,0.997736024873843,4893.445684477283,0.9993860156031661,4.4613920114397105,5.641127151721102,4.730461756267167
23.596211101586963,0.0003298655578818366,0.2322302686743585,0.0003298655578818366,4.594914459930806,3.2015691541131486,1.4352069996762638,906.7521845504582,0.9999506710546086,0.7011433274231689,0.42522871179971844,0.1964985356155533,404181,0.8504574235994369,10.959508887636842,5.120660587679393,True,0.9984721393077839,0.00021649201932456076,0.9996701344421182,12412.837002572778,0.9974867484214491,4.21906465952612,3.926162259174564,5.120660587679393
23.59661903395398,0.00014705229459677227,0.25500610931234463,0.00014705229459677227,4.854784057610564,3.240425212849511,1.4981935205168475,631.638262920511,0.9997438730045054,0.5242561664742307,0.38105529607273636,0.16221592260206405,830137,0.7621105921454727,12.034564025548441,6.244366656686231,True,0.9963229244574224,0.0002577276765775848,0.9989233358567554,7840.479200267044,0.9998529477054032,4.13125374962186,6.244366656686231,4.937929321059106
23.597068638179103,0.0005855268911818534,0.25806323056644576,0.0005855268911818534,4.701079819457393,3.088360434890481,1.5221927357789446,35253.98873393233,0.9997443454989645,0.1270938640722945,0.2816885057836771,0.08549435365393064,673287,0.5633770115673542,12.179071529333319,7.220611291025536,True,0.9986276164155748,2.4265399159923152e-06,0.9994144731088181,546559.7590445378,0.9992216604562988,6.4642919501061105,6.967896693815574,7.220611291025536
23.598432135057518,8.986938673927192e-05,0.2222463275970056,8.986938673927192e-05,5.094163091950651,3.7343279876463455,1.3641445284942353,10189.107097591585,0.9999393611395588,0.6035098966370162,0.4008730199187994,0.17746497334986608,915617,0.8017460398375988,10.489329758127395,6.24278446518221,True,0.9996941354392541,1.7420890265986107e-05,0.9993997095142877,10429.850488965087,0.9999101306132607,5.478893543583219,6.24278446518221,5.058299925598048
