valid,kind,p1,p2,ncycle,beta,pot_a,pot_b,chi,tail_n,model,phase_delta,nphase,length,core_radius,tube_curvature,finite_core_clear,K_low_window,K_high_window,K_ratio,E_mobile,S_mobile,E_localization_proxy,E_guide_floor,E_curvature_proxy,E_support,E_compensation,q_compensation,E_total,S_total,laue_residual,A_out,C,negative_active_participation,cancellation
True,ELLIPSE,2.690254339310333,0.05738482406362891,1,0.16716893687844275,0.7703859870461747,0.1542352065658195,0.5064479907762675,,POINT_VIRIAL,0.0,16384,10.827428046599305,0.0,0.0,True,0.042759486760648696,0.8912066032134242,20.842312916477667,1.0177546745075285,-0.11175505977910011,0.0,0.0,0.0,0.0,0.3765032447622096,4.0,1.3942579192697382,1.3942579192697382,0.0,0.43857160951007,3.1790884066282104,0.45795685913694123,1.208785621159038
True,ELLIPSE,2.690254339310333,0.05738482406362891,1,0.16716893687844275,0.7703859870461747,0.1542352065658195,0.5064479907762675,,POINT_VIRIAL,0.0,4096,10.827428046599307,0.0,0.0,True,0.04276007948481464,0.8911241559234041,20.840095871193796,1.0177546671709812,-0.11175584003548383,0.0,0.0,0.0,0.0,0.376503502402155,4.0,1.3942581695731362,1.3942581695731362,0.0,0.4385707577482446,3.179095151559308,0.45774240933540583,1.2087853137777824
True,ELLIPSE,2.690254339310333,0.05738482406362891,1,0.16716893687844275,0.7703859870461747,0.1542352065658195,0.5064479907762675,,POINT_VIRIAL,0.0,384,10.827428046599533,0.0,0.0,True,0.042775427168354085,0.8890166446383384,20.78334930798883,1.0177537953441642,-0.11184856055116976,0.0,0.0,0.0,0.0,0.37653411863177794,4.0,1.394287913975942,1.3942879139759419,-2.220446049250313e-16,0.4385524651466406,3.1792955798566274,0.4542983365885543,1.2087244707771616
True,ELLIPSE,2.0460414637795203,0.07066112669184804,1,0.059578574094921344,0.9744156919186935,0.2596653946172021,0.3067374474308752,,POINT_VIRIAL,0.0,16384,8.2565289692246,0.0,0.0,True,0.08551518221929091,0.9242202567061969,10.807674528906132,1.0013585063001398,-0.8531977424122563,0.0,0.0,0.0,0.0,0.6181854162374654,4.0,1.6195439225376052,1.6195439225376052,0.0,0.5028120625607944,3.220972691644183,0.48162260501450715,1.1436025731364057
True,ELLIPSE,2.0460414637795203,0.07066112669184804,1,0.059578574094921344,0.9744156919186935,0.2596653946172021,0.3067374474308752,,POINT_VIRIAL,0.0,4096,8.2565289692246,0.0,0.0,True,0.08551626735667872,0.9241673672817902,10.80691891552273,1.0013585052477523,-0.8531986308001374,0.0,0.0,0.0,0.0,0.6181857120159632,4.0,1.6195442172637153,1.6195442172637153,0.0,0.5028094015926743,3.220990323835885,0.48191450751828824,1.1436020376791727
True,ELLIPSE,2.0460414637795203,0.07066112669184804,1,0.059578574094921344,0.9744156919186935,0.2596653946172021,0.3067374474308752,,POINT_VIRIAL,0.0,384,8.2565289692246,0.0,0.0,True,0.0855443614825995,0.922809473266807,10.787496186461276,1.0013583799535595,-0.8533043996603444,0.0,0.0,0.0,0.0,0.618220926537968,4.0,1.6195793064915276,1.6195793064915276,0.0,0.5027423996328552,3.2214893903404223,0.47995773644513734,1.1435782896616025
True,ELLIPSE,3.185541257630724,0.04447447616606951,1,0.08317696617916226,0.7703859870461747,0.1542352065658195,0.5064479907762675,,POINT_VIRIAL,0.0,16384,12.79259355691121,0.0,0.0,True,0.02717225093459641,0.870242438907088,32.02688069537415,1.004302425993071,-0.13865955934834,0.0,0.0,0.0,0.0,0.380987328447137,4.0,1.385289754440208,1.385289754440208,0.0,0.4255387902401148,3.25537832557766,0.46140468851399613,1.141964258399125
True,ELLIPSE,3.185541257630724,0.04447447616606951,1,0.08317696617916226,0.7703859870461747,0.1542352065658195,0.5064479907762675,,POINT_VIRIAL,0.0,4096,12.79259355691121,0.0,0.0,True,0.0271726420251113,0.8701356216738438,32.02248868070015,1.0043024242007372,-0.13866033475806655,0.0,0.0,0.0,0.0,0.3809875863196013,4.0,1.3852900105203385,1.3852900105203385,0.0,0.4255382254955831,3.2553832476671762,0.46097892389618433,1.141963797974639
True,ELLIPSE,3.185541257630724,0.04447447616606951,1,0.08317696617916226,0.7703859870461747,0.1542352065658195,0.5064479907762675,,POINT_VIRIAL,0.0,384,12.792593556945828,0.0,0.0,True,0.027182769341617747,0.8674156406877092,31.9104955711656,1.004302212191881,-0.13875205525686465,0.0,0.0,0.0,0.0,0.38101808914958185,4.0,1.3853203013414628,1.3853203013414628,0.0,0.4255263697169449,3.255545131698798,0.46578298583213984,1.1418986959973567
True,ELLIPSE,2.262438686558234,0.10051144422963262,1,0.04142493411898613,0.7703859870461747,0.1542352065658195,0.5064479907762675,,POINT_VIRIAL,0.0,16384,9.195747244285563,0.0,0.0,True,0.06675481596180874,0.8767137749860873,13.133341203242416,1.0010616020372265,-0.14514120333555913,0.0,0.0,0.0,0.0,0.3820676017909285,4.0,1.383129203828155,1.383129203828155,0.0,0.4169519436579898,3.3172388925537293,0.46221003601602784,1.2919644606393146
True,ELLIPSE,2.262438686558234,0.10051144422963262,1,0.04142493411898613,0.7703859870461747,0.1542352065658195,0.5064479907762675,,POINT_VIRIAL,0.0,4096,9.195747244285563,0.0,0.0,True,0.06675568993091567,0.8766555213695408,13.132296621857654,1.0010616016073,-0.14514195451440406,0.0,0.0,0.0,0.0,0.38206785204056803,4.0,1.383129453647868,1.383129453647868,0.0,0.4169506525395015,3.31724976378789,0.4620013239208712,1.291964360353641
True,ELLIPSE,2.262438686558234,0.10051144422963262,1,0.04142493411898613,0.7703859870461747,0.1542352065658195,0.5064479907762675,,POINT_VIRIAL,0.0,384,9.195747244285561,0.0,0.0,True,0.0667783179895046,0.8751616020123766,13.105475375254644,1.0010615504205185,-0.14523138939568275,0.0,0.0,0.0,0.0,0.3820976466054004,4.0,1.383159197025919,1.383159197025919,0.0,0.4169216538478707,3.317551833205132,0.46088236983295555,1.291962130214112
True,ELLIPSE,2.569776765020878,0.062431377694010734,1,0.3551016938686371,0.9744156919186935,0.2596653946172021,0.3067374474308752,,POINT_VIRIAL,0.0,4096,10.35251527596073,0.0,0.0,True,0.04820912678122443,0.8945977776764191,18.55660613261367,1.0550274217192874,-0.7458607776231887,0.0,0.0,0.0,0.0,0.600296066447492,4.0,1.6553234881667795,1.6553234881667793,-2.220446049250313e-16,0.496385992437917,3.334750604135573,0.47039074026881045,1.1141752326615313
True,ELLIPSE,2.569776765020878,0.062431377694010734,1,0.3551016938686371,0.9744156919186935,0.2596653946172021,0.3067374474308752,,POINT_VIRIAL,0.0,384,10.35251527596076,0.0,0.0,True,0.048226215590266165,0.8926437311140402,18.509512309612134,1.0550223221312378,-0.7459770031920283,0.0,0.0,0.0,0.0,0.6003331084410887,4.0,1.6553554305723264,1.6553554305723264,0.0,0.49634735881662106,3.335074522243824,0.4691138846458873,1.114169682946255
True,ELLIPSE,2.182344530847844,0.042448768820613623,1,0.15372921133413908,0.9676621188828721,1.317711121708534,0.1433875857882114,,POINT_VIRIAL,0.0,4096,8.761215265994004,0.0,0.0,True,0.07303340020415616,0.9345561049531453,12.796283650229965,1.0045353598323294,-1.42880357596409,0.0,0.0,0.0,0.0,0.8111129785988065,4.0,1.815648338431136,1.815648338431136,0.0,0.5360760048655357,3.38692335033081,0.4928205687263904,1.0500380426671911
True,ELLIPSE,2.182344530847844,0.042448768820613623,1,0.15372921133413908,0.9676621188828721,1.317711121708534,0.1433875857882114,,POINT_VIRIAL,0.0,384,8.761215266044566,0.0,0.0,True,0.07305806035820996,0.9329940330964231,12.770583129662533,1.0045343990685518,-1.4289245773519317,0.0,0.0,0.0,0.0,0.8111529921401611,4.0,1.815687391208713,1.8156873912087128,-2.220446049250313e-16,0.5359953983974031,3.3875055581400866,0.49294158063827537,1.0500374872371325
True,ELLIPSE,2.1577253929341897,0.10908709090203048,1,0.2742018321156502,0.9744156919186935,0.2596653946172021,0.3067374474308752,,POINT_VIRIAL,0.0,4096,8.790777493724331,0.0,0.0,True,0.07510183846101719,0.8764946800138816,11.670748652429332,1.0310044054006433,-0.7939068260493589,0.0,0.0,0.0,0.0,0.6083037438166674,4.0,1.6393081492173107,1.6393081492173107,0.0,0.4745688024041108,3.4543108205022426,0.47510754167637476,1.1492711883339775
True,ELLIPSE,2.1577253929341897,0.10908709090203048,1,0.2742018321156502,0.9744156919186935,0.2596653946172021,0.3067374474308752,,POINT_VIRIAL,0.0,384,8.790777493724331,0.0,0.0,True,0.07512683288338762,0.8751281882356913,11.648676706418215,1.0310016182055186,-0.7940152498998035,0.0,0.0,0.0,0.0,0.6083389560351073,4.0,1.639340574240626,1.639340574240626,0.0,0.4745104245527151,3.454804129510764,0.4730894433021836,1.149230391103942
True,ELLIPSE,2.0837189990733567,0.04750996731221676,1,0.36648619929328563,0.9943639179505408,0.9764195133049375,0.14033136418997527,,POINT_VIRIAL,0.0,4096,8.371900403726286,0.0,0.0,True,0.08181523445715737,0.9372518872615522,11.455713516928746,1.0283324519070818,-1.3954979267044973,0.0,0.0,0.0,0.0,0.807943459537193,4.0,1.8362759114442748,1.8362759114442748,0.0,0.5312862173677184,3.4562837344853152,0.4881127917786579,1.0618335972405386
True,ELLIPSE,2.0837189990733567,0.04750996731221676,1,0.36648619929328563,0.9943639179505408,0.9764195133049375,0.14033136418997527,,POINT_VIRIAL,0.0,384,8.371900403733555,0.0,0.0,True,0.08184238002855174,0.9358113312309289,11.43431228300618,1.0283263036996333,-1.3956291050494436,0.0,0.0,0.0,0.0,0.8079851362496923,4.0,1.8363114399493257,1.8363114399493254,-2.220446049250313e-16,0.5311981646916957,3.4569235400410507,0.4894620527110918,1.0618139645018958
True,ELLIPSE,2.4749760938612004,0.04266457013785839,1,0.41124099226668476,0.9884588225092739,1.1226674255818845,0.13437550286770764,,POINT_VIRIAL,0.0,4096,9.936333115800682,0.0,0.0,True,0.05313850959999902,0.917605386723346,17.268180715466716,1.0356553825051145,-1.4031655363689803,0.0,0.0,0.0,0.0,0.8129403062913649,4.0,1.8485956887964794,1.8485956887964794,0.0,0.528124479950003,3.5003029758656217,0.48728216707605726,1.0460578657606356
True,ELLIPSE,2.4749760938612004,0.04266457013785839,1,0.41124099226668476,0.9884588225092739,1.1226674255818845,0.13437550286770764,,POINT_VIRIAL,0.0,384,9.936333115853584,0.0,0.0,True,0.053157189542381675,0.9156992638620313,17.22625427990232,1.0356472503793817,-1.4033016597971684,0.0,0.0,0.0,0.0,0.81298297005885,4.0,1.8486302204382317,1.8486302204382317,0.0,0.5280636986535636,3.5007712614061477,0.4870017232074031,1.0460550669521689
True,ELLIPSE,2.066200809264872,0.04597368599846959,1,0.5163727781549096,0.9884588225092739,1.1226674255818845,0.13437550286770764,,POINT_VIRIAL,0.0,4096,8.299466193994316,0.0,0.0,True,0.08351169260260972,0.9390456662292099,11.244481305122834,1.0636914301125797,-1.3470934550078104,0.0,0.0,0.0,0.0,0.8035949617067967,4.0,1.8672863918193765,1.8672863918193763,-2.220446049250313e-16,0.5282415678876777,3.53490998310914,0.48214736494889926,1.0740621212047377
True,ELLIPSE,2.066200809264872,0.04597368599846959,1,0.5163727781549096,0.9884588225092739,1.1226674255818845,0.13437550286770764,,POINT_VIRIAL,0.0,384,8.299466194007131,0.0,0.0,True,0.0835393150842202,0.937622860486799,11.22373171891024,1.0636769824424763,-1.3472415593658609,0.0,0.0,0.0,0.0,0.8036395139361124,4.0,1.8673164963785887,1.8673164963785889,2.220446049250313e-16,0.5281530897249356,3.535559164012645,0.4797795218704336,1.0739891414236646
True,ELLIPSE,1.856586505812146,0.057666451819241044,1,0.12259506992995739,0.9676621188828721,1.317711121708534,0.1433875857882114,,POINT_VIRIAL,0.0,4096,7.472567980005254,0.0,0.0,True,0.10766601719659918,0.9443808934288835,8.771392478505403,1.0028591372341227,-1.432156020108178,0.0,0.0,0.0,0.0,0.8116717191141003,4.0,1.814530856348223,1.8145308563482232,2.220446049250313e-16,0.51136738304085,3.5483898983898845,0.4930307760138552,1.0649359895137076
True,ELLIPSE,1.856586505812146,0.057666451819241044,1,0.12259506992995739,0.9676621188828721,1.317711121708534,0.1433875857882114,,POINT_VIRIAL,0.0,384,7.472567980005395,0.0,0.0,True,0.10770001125991946,0.9432060748195582,8.757715656530968,1.0028585366260916,-1.4322753049227281,0.0,0.0,0.0,0.0,0.8117112805162732,4.0,1.8145698171423648,1.8145698171423645,-2.220446049250313e-16,0.5112557518982751,3.5492408846353887,0.4920219262027515,1.0649133262499442
True,ELLIPSE,2.161979149948122,0.08960052641108632,1,0.11729449458420275,0.9909162702132016,1.0093234043360066,0.15095791971473385,,POINT_VIRIAL,0.0,4096,8.762711883155465,0.0,0.0,True,0.07474084611551755,0.8981496656556679,12.016851726129921,1.0027439953017663,-1.4044021704081366,0.0,0.0,0.0,0.0,0.8023820552366342,4.0,1.8051260505384006,1.8051260505384001,-4.440892098500626e-16,0.5083770939446866,3.550761967915898,0.49248718254023444,1.0545258729554348
True,ELLIPSE,2.161979149948122,0.08960052641108632,1,0.11729449458420275,0.9909162702132016,1.0093234043360066,0.15095791971473385,,POINT_VIRIAL,0.0,384,8.762711883155461,0.0,0.0,True,0.07476583783916012,0.896717900432852,11.993684901410655,1.0027434664866397,-1.4045169523619196,0.0,0.0,0.0,0.0,0.8024201396161864,4.0,1.805163606102826,1.805163606102826,0.0,0.5082962393059032,3.5514006725051557,0.491849543108618,1.0545180788118396
True,ELLIPSE,2.527044169027551,0.05167476149275899,1,0.47161798518151044,0.9873693144647404,1.0982561565263311,0.14541544647935342,,POINT_VIRIAL,0.0,384,10.160167435205372,0.0,0.0,True,0.0503732078352758,0.9055973738050832,17.977758668188358,1.054250845952463,-1.3225272630799343,0.0,0.0,0.0,0.0,0.7922593696774657,4.0,1.846510215629929,1.8465102156299285,-4.440892098500626e-16,0.5194929706089091,3.554446970602112,0.48478721591944196,1.0533074110437446
True,ELLIPSE,3.8928106290529105,0.05705371541902423,1,0.6293915440887212,0.0,0.0,1.0,,POINT_VIRIAL,0.0,384,15.666379034992147,0.0,0.0,True,0.0155883768695931,0.7961229443695726,51.071574098423355,1.6559811942282983,2.3118958239086687,0.0,0.0,0.0,0.0,0.2186382098934568,-2.0,1.874619404121755,1.874619404121755,0.0,0.525423290981838,3.5678270002434167,0.18828205937750223,2.270480423193021
True,ELLIPSE,1.8341044839658358,0.11210388034582139,1,0.21530366079881785,0.9744156919186935,0.2596653946172021,0.3067374474308752,,POINT_VIRIAL,0.0,384,7.478701603402117,0.0,0.0,True,0.11076987530036495,0.9039076529944575,8.160229941068458,1.018535925556388,-0.8189462951266872,0.0,0.0,0.0,0.0,0.612494073561025,4.0,1.631029999117413,1.631029999117413,0.0,0.4557112896627935,3.5790862243599544,0.48023142546488257,1.1886847316949183
True,ELLIPSE,2.407768769340204,0.0856353229470551,1,0.0469365918636322,0.9676621188828721,1.317711121708534,0.1433875857882114,,POINT_VIRIAL,0.0,384,9.749433689225114,0.0,0.0,True,0.05704420119583405,0.8798043661360896,15.423204246750709,1.0004136231051408,-1.4371613642718173,0.0,0.0,0.0,0.0,0.8125249957923194,4.0,1.8129386188974603,1.8129386188974603,0.0,0.5044396095360646,3.5939656296317177,0.4938042005918684,1.042170399995002
True,ELLIPSE,2.3416209243362176,0.07989227255806328,1,0.5625905340537429,0.9744156919186935,0.2596653946172021,0.3067374474308752,,POINT_VIRIAL,0.0,384,9.468719702814763,0.0,0.0,True,0.061235413812966724,0.8919541211338966,14.565985033729346,1.176582815079526,-0.5028549384042733,0.0,0.0,0.0,0.0,0.5598125844945997,4.0,1.7363953995741257,1.7363953995741255,-2.220446049250313e-16,0.481138630395755,3.6089295057141304,0.44863614593587986,1.194123069107723
True,ELLIPSE,2.2988895423409965,0.09069652479141951,1,0.26990393176674843,0.9873693144647404,1.0982561565263311,0.14541544647935342,,POINT_VIRIAL,0.0,384,9.320173938839961,0.0,0.0,True,0.06415090714455206,0.8834969945996772,13.772166816111925,1.0149018375744494,-1.4012208651067208,0.0,0.0,0.0,0.0,0.8053742342270568,4.0,1.8202760718015063,1.8202760718015063,0.0,0.5042568766278264,3.609819035041114,0.48884112150000114,1.0511671632640647
True,ELLIPSE,2.550308784904418,0.07637075843289495,1,0.10430834265425801,0.9917886455962435,1.0565071953862266,0.13628661419690297,,POINT_VIRIAL,0.0,384,10.30430938375775,0.0,0.0,True,0.0491881104953417,0.8787161479938308,17.864401359288816,1.0019527104265902,-1.4635329258457044,0.0,0.0,0.0,0.0,0.8218285454240982,4.0,1.8237812558506885,1.8237812558506885,0.0,0.504773360758374,3.61306954295415,0.49184561238815916,1.0361256762525384
True,ELLIPSE,3.0382411010367787,0.05347680697217584,1,0.3349732130952179,0.4399677973520011,0.0501836396729298,0.7094369861306364,,POINT_VIRIAL,0.0,384,12.219315812959449,0.0,0.0,True,0.030913552836708578,0.8679028529691502,28.075157118095824,1.1026656804703707,0.6422334308399464,0.0,0.0,0.0,0.0,0.15347741654347477,4.0,1.2561430970138454,1.2561430970138456,2.220446049250313e-16,0.3442843642865588,3.6485627211589478,0.40566522402541894,1.3993269166014126
True,ELLIPSE,2.8020266851850577,0.06777750808745622,1,0.03922486290335655,0.9909162702132016,1.0093234043360066,0.15095791971473385,,POINT_VIRIAL,0.0,384,11.300346742043285,0.0,0.0,True,0.03840708128807487,0.8686743747003942,22.61755763695877,1.0003030523174141,-1.4094003237247321,0.0,0.0,0.0,0.0,0.8032344586807154,4.0,1.8035375109981295,1.8035375109981295,0.0,0.49326043176014994,3.6563595919550824,0.49397080913644303,1.0338697518633067
True,ELLIPSE,3.7865136474101724,0.052223873380571606,1,0.10743477616459131,0.12524414502549916,0.004562755856559879,0.9098268134652947,,POINT_VIRIAL,0.0,384,15.225404689526258,0.0,0.0,True,0.016848625467819626,0.812707345706401,48.235824771501264,1.0111093164271359,0.8763696213428528,0.0,0.0,0.0,0.0,0.044913231694761024,4.0,1.0560225481218968,1.0560225481218968,0.0,0.28855911030522013,3.659640296939164,0.403902050903445,1.354603408639542
True,ELLIPSE,1.8328349724776807,0.07251232532784344,1,0.3844019019044935,0.9909162702132016,1.0093234043360066,0.15095791971473385,,POINT_VIRIAL,0.0,384,7.399109673284007,0.0,0.0,True,0.11095510459206238,0.9358344508329653,8.434352383098146,1.034098709500704,-1.3418085758442295,0.0,0.0,0.0,0.0,0.7919690951149777,4.0,1.8260678046156817,1.8260678046156813,-4.440892098500626e-16,0.49773019577753835,3.6687904814837613,0.4867482199989343,1.0858644435951488
True,ELLIPSE,1.770201159780858,0.06668160358443856,1,0.29671552337706086,0.9873693144647404,1.0982561565263311,0.14541544647935342,,POINT_VIRIAL,0.0,384,7.1374631482756605,0.0,0.0,True,0.12014586766423549,0.9432924184483648,7.851226486494966,1.0183094302379758,-1.3944086215968843,0.0,0.0,0.0,0.0,0.80423935061162,4.0,1.822548780849596,1.8225487808495957,-2.220446049250313e-16,0.493233674084821,3.6951020917849453,0.4908014473476873,1.079103315221512
True,ELLIPSE,2.204050185566903,0.07416753998026251,1,0.6203326069191099,0.9917886455962435,1.0565071953862266,0.13628661419690297,,POINT_VIRIAL,0.0,384,8.900917450521213,0.0,0.0,True,0.07128392538666241,0.9084617395975849,12.744272073540479,1.1110427377316672,-1.2453531465902667,0.0,0.0,0.0,0.0,0.785465294773978,4.0,1.8965080325056451,1.8965080325056451,0.0,0.5119591653394391,3.704412697149826,0.473700527619869,1.0858546197896437
True,ELLIPSE,3.13220099643528,0.09597956627607346,1,0.1756679329276085,0.4399677973520011,0.0501836396729298,0.7094369861306364,,POINT_VIRIAL,0.0,384,12.715726911067549,0.0,0.0,True,0.028460171485891275,0.7930834949471426,27.866434161870824,1.0258651574709932,0.4886334502961522,0.0,0.0,0.0,0.0,0.17907723572494696,4.0,1.2049423931959402,1.20494239319594,-2.220446049250313e-16,0.323592795211726,3.7236378900449534,0.42331048796929766,1.336017549469685
True,ELLIPSE,2.391620921632487,0.10072824131697417,1,0.29330934382975105,0.9917886455962435,1.0565071953862266,0.13628661419690297,,POINT_VIRIAL,0.0,384,9.7213757566046,0.0,0.0,True,0.0580308022244681,0.8621398659257132,14.856590515341878,1.0167098145914775,-1.434015086112316,0.0,0.0,0.0,0.0,0.8169083002345978,4.0,1.8336181148260753,1.8336181148260753,0.0,0.49207428879052995,3.726303439533343,0.49232651121142706,1.0456975945770302
True,ELLIPSE,2.9145957351978744,0.12716543782502412,1,0.11389286048710345,0.7703859870461747,0.1542352065658195,0.5064479907762675,,POINT_VIRIAL,0.0,384,11.937691659044065,0.0,0.0,True,0.03456821704113551,0.7568168439349336,21.893430113399724,1.008115863810065,-0.13112134643080314,0.0,0.0,0.0,0.0,0.37974573674695605,4.0,1.387861600557021,1.387861600557021,0.0,0.3707468453531649,3.743421199538397,0.45686148942650834,1.1905479592892907
True,ELLIPSE,2.6496171644577595,0.046188981048762796,1,0.6656571024283766,0.9676621188828721,1.317711121708534,0.1433875857882114,,POINT_VIRIAL,0.0,384,10.643283833776024,0.0,0.0,True,0.04452177162042989,0.9020728963232836,20.26138815889675,1.1490541323303431,-1.1398845889292595,0.0,0.0,0.0,0.0,0.7629795737532009,4.0,1.9120337060835442,1.9120337060835442,0.0,0.5099540193179337,3.7494237394989054,0.4658170586711383,1.0739804446810193
True,ELLIPSE,2.939098861457455,0.05920171389356256,1,0.2776076206564903,0.9884588225092739,1.1226674255818845,0.13437550286770764,,POINT_VIRIAL,0.0,384,11.83297823370839,0.0,0.0,True,0.033805110500370154,0.8685283796797156,25.692221289151103,1.0146239732744835,-1.4453466665446597,0.0,0.0,0.0,0.0,0.8199902132730478,4.0,1.8346141865475314,1.8346141865475314,0.0,0.4884184970985469,3.7562340440545725,0.491639572974661,1.0299501769565345
True,ELLIPSE,2.494195765439129,0.1436980285309255,1,0.13400378415361047,0.9744156919186935,0.2596653946172021,0.3067374474308752,,POINT_VIRIAL,0.0,384,10.269723609601877,0.0,0.0,True,0.052096371990290345,0.782289508704324,15.016199378531121,1.0069727276635105,-0.842069543012401,0.0,0.0,0.0,0.0,0.6163474235586371,4.0,1.6233201512221478,1.6233201512221476,-2.220446049250313e-16,0.430289632000573,3.7726220445394927,0.4833322176954495,1.1117087800103103
True,ELLIPSE,2.026770578507747,0.1139056257531047,1,0.3319736802764237,0.9884588225092739,1.1226674255818845,0.13437550286770764,,POINT_VIRIAL,0.0,384,8.268584670472148,0.0,0.0,True,0.08751300702832279,0.8829138315163919,10.088944049547342,1.0216919343384117,-1.4312023660326498,0.0,0.0,0.0,0.0,0.8176314334570205,4.0,1.8393233677954322,1.8393233677954322,0.0,0.48479689978783325,3.7940081064882936,0.4898484360289864,1.0616774145958932
True,ELLIPSE,2.3166662176553987,0.06595235537737608,1,0.7091837906651198,0.9943639179505408,0.9764195133049375,0.14033136418997527,,POINT_VIRIAL,0.0,384,9.339420796712218,0.0,0.0,True,0.06291919328665162,0.9076628145534116,14.42584952445621,1.184734317430765,-1.082811353886255,0.0,0.0,0.0,0.0,0.7558485571056733,4.0,1.9405828745364384,1.9405828745364384,0.0,0.5113156657903403,3.7952736526014332,0.45855463840645677,1.1068772824974222
True,ELLIPSE,2.9929008284546734,0.040954410433769226,1,0.5486741555854678,0.9917886455962435,1.0565071953862266,0.13628661419690297,,POINT_VIRIAL,0.0,384,12.0126036451344,0.0,0.0,True,0.03219501229393184,0.883974927690281,27.45689051520859,1.076458299694816,-1.3145251260193755,0.0,0.0,0.0,0.0,0.7969944752380638,4.0,1.8734527749328798,1.8734527749328795,-2.220446049250313e-16,0.49328706999186606,3.797895564065305,0.479765496052534,1.0415718685615407
True,ELLIPSE,3.5478185212885807,0.07472251668572426,1,0.4147240236774087,0.0,0.0,1.0,,POINT_VIRIAL,0.0,384,14.329397044609777,0.0,0.0,True,0.02020485810015637,0.7930219750257985,39.24907421248661,1.2077190711258794,1.4153719081864407,0.0,0.0,0.0,0.0,0.06921761235352042,-2.0,1.2769366834793998,1.2769366834793998,0.0,0.3352541926841743,3.8088611905365077,0.29716360565321664,1.7950097700090186
True,ELLIPSE,2.952879115330501,0.07272803276777268,1,0.2318135851807892,0.9873693144647404,1.0982561565263311,0.14541544647935342,,POINT_VIRIAL,0.0,384,11.9212589799421,0.0,0.0,True,0.03338208403036964,0.8494412925792286,25.44602343599765,1.0107705190670515,-1.4094858633356917,0.0,0.0,0.0,0.0,0.8067521274675812,4.0,1.8175226465346328,1.817522646534633,2.220446049250313e-16,0.47666609556224404,3.8129891415725767,0.49084581332964355,1.031916680890915
True,ELLIPSE,2.815055153021658,0.08174318788573146,1,0.39091899918392303,0.9943639179505408,0.9764195133049375,0.14033136418997527,,POINT_VIRIAL,0.0,384,11.388036036131098,0.0,0.0,True,0.037935179566641455,0.8484751883530728,22.36644713550229,1.0329333305566415,-1.3864112654128378,0.0,0.0,0.0,0.0,0.8064481986564931,4.0,1.8393815292131346,1.8393815292131346,0.0,0.47973787500987025,3.834138651602796,0.4861671512069088,1.0387986715152886
True,ELLIPSE,2.2454089707749683,0.05935086231678724,1,0.6770385592244565,0.9744156919186935,0.2596653946172021,0.3067374474308752,,POINT_VIRIAL,0.0,384,9.040399147691772,0.0,0.0,True,0.06805810497579426,0.9180846220256392,13.489717680975218,1.3227227632216048,-0.21057621987733302,0.0,0.0,0.0,0.0,0.5110996610329793,4.0,1.833822424254584,1.8338224242545842,2.220446049250313e-16,0.4778481500171906,3.837667728102771,0.42132077259815054,1.2909257062191064
True,ELLIPSE,1.6387929025708337,0.05281358469277621,1,0.07668489331379533,0.9917886455962435,1.0565071953862266,0.13628661419690297,,POINT_VIRIAL,0.0,384,6.590192021171239,0.0,0.0,True,0.1426513506254646,0.957084932448023,6.70925952156512,1.001050092089621,-1.465341013654942,0.0,0.0,0.0,0.0,0.822130368581521,4.0,1.823180460671142,1.823180460671142,0.0,0.47358172361555406,3.849769469041356,0.4937642162542149,1.073270429305992
True,ELLIPSE,2.024688725963548,0.1287242346070707,1,0.1710664466023445,0.9676621188828721,1.317711121708534,0.1433875857882114,,POINT_VIRIAL,0.0,384,8.296770457031922,0.0,0.0,True,0.08772657122889595,0.8655780370760093,9.866771548810968,1.005647518850132,-1.426686564771946,0.0,0.0,0.0,0.0,0.8107780278740261,4.0,1.8164255467241581,1.8164255467241583,2.220446049250313e-16,0.47163948534018013,3.851300841391645,0.4928603871926331,1.0602808048355332
True,ELLIPSE,1.9707526814563299,0.05102013569325209,1,0.7234241997078061,0.9909162702132016,1.0093234043360066,0.15095791971473385,,POINT_VIRIAL,0.0,384,7.9226657962164015,0.0,0.0,True,0.09359965052950893,0.9402937510030724,10.04591091615912,1.2159258091447518,-0.9781563992074738,0.0,0.0,0.0,0.0,0.7313607361174085,4.0,1.9472865452621604,1.9472865452621602,-2.220446049250313e-16,0.5047261053196705,3.8581054650003446,0.4506844252319708,1.1632081247033283
True,ELLIPSE,1.8935119573645256,0.09311037292703986,1,0.5752294676564634,0.9943639179505408,0.9764195133049375,0.14033136418997527,,POINT_VIRIAL,0.0,384,7.681375261799255,0.0,0.0,True,0.10286183504419427,0.915869179966067,8.903877512709807,1.0902868076091554,-1.271702715766613,0.0,0.0,0.0,0.0,0.7873298411252562,4.0,1.8776166487344117,1.8776166487344117,0.0,0.4864184148706773,3.8600854559209243,0.47520780202438123,1.1036640282578938
True,ELLIPSE,2.1185436331619933,0.11939697345718742,1,0.544466657154262,0.9873693144647404,1.0982561565263311,0.14541544647935342,,POINT_VIRIAL,0.0,384,8.656872895047979,0.0,0.0,True,0.07858591414757246,0.8665558717111294,11.026859980070583,1.0799134493535014,-1.2711927602014501,0.0,0.0,0.0,0.0,0.7837020698516506,4.0,1.863615519205152,1.8636155192051522,2.220446049250313e-16,0.47657788776111765,3.910411219370883,0.48019125419532116,1.086315719453642
True,ELLIPSE,2.660598690410176,0.11544795544818043,1,0.08089317375794053,0.9676621188828721,1.317711121708534,0.1433875857882114,,POINT_VIRIAL,0.0,384,10.859248663765165,0.0,0.0,True,0.04403549519483677,0.810300532968334,18.401076889975407,1.0012339635969576,-1.4355161517894248,0.0,0.0,0.0,0.0,0.8122500384621274,4.0,1.813484002059085,1.8134840020590848,-2.220446049250313e-16,0.4594276255610432,3.9472680813316288,0.49461367176030924,1.0371830835154068
True,ELLIPSE,1.852080032729738,0.1269485736824572,1,0.2721085484325886,0.9917886455962435,1.0565071953862266,0.13628661419690297,,POINT_VIRIAL,0.0,384,7.585301565432809,0.0,0.0,True,0.10829495578477914,0.8871329173569938,8.191821224988951,1.0141954580880226,-1.4390386096415693,0.0,0.0,0.0,0.0,0.8177446892431973,4.0,1.83194014733122,1.83194014733122,0.0,0.4626166681140708,3.9599527505124503,0.4896549926838117,1.0691229365853856
True,ELLIPSE,2.715150013314511,0.08916027029976249,1,0.6073496746830642,0.9884588225092739,1.1226674255818845,0.13437550286770764,,POINT_VIRIAL,0.0,384,11.003563737472184,0.0,0.0,True,0.04174706306148953,0.846828637435542,20.284747604597776,1.102361776866919,-1.26986710161141,0.0,0.0,0.0,0.0,0.7907429594927763,4.0,1.8931047363596951,1.8931047363596951,0.0,0.4778642660776353,3.961595102932713,0.4770196833721981,1.05784858762629
True,ELLIPSE,2.5364565930835554,0.1240106738731265,1,0.23599430272355673,0.9943639179505408,0.9764195133049375,0.14033136418997527,,POINT_VIRIAL,0.0,384,10.378902193935092,0.0,0.0,True,0.04988297788836116,0.8107187544087211,16.25241292176104,1.0107679851440978,-1.4307350350494525,0.0,0.0,0.0,0.0,0.8138343400645168,4.0,1.8246023252086148,1.8246023252086148,0.0,0.4600944494364976,3.965712534553076,0.4916751568524905,1.0423635811145202
True,ELLIPSE,2.2270881278259615,0.1252006015367806,1,0.5344576254300774,0.9884588225092739,1.1226674255818845,0.13437550286770764,,POINT_VIRIAL,0.0,384,9.116294742091096,0.0,0.0,True,0.06945530506974833,0.8464008313810911,12.186266125116282,1.0700316507019827,-1.3345208369464499,0.0,0.0,0.0,0.0,0.8015174958828108,4.0,1.8715491465847935,1.8715491465847935,0.0,0.47112213103790535,3.9725349825143605,0.48016272913614955,1.0715278195344822
True,ELLIPSE,1.7227009272090528,0.049305937588214874,1,0.6446539241448045,0.9909162702132016,1.0093234043360066,0.15095791971473385,,POINT_VIRIAL,0.0,384,6.92346210518922,0.0,0.0,True,0.12774598987712082,0.9542937073285054,7.470243944615739,1.13984665409929,-1.1303146916696523,0.0,0.0,0.0,0.0,0.7567204485896474,4.0,1.8965671026889375,1.8965671026889372,-2.220446049250313e-16,0.47618810644876614,3.9828107359354896,0.4696904557391145,1.155993993014774
True,ELLIPSE,1.9304513860207588,0.13728694967925548,1,0.349189645498991,0.9873693144647404,1.0982561565263311,0.14541544647935342,,POINT_VIRIAL,0.0,384,7.931987303500847,0.0,0.0,True,0.09828345066786522,0.8663814885856413,8.815130957433038,1.0263374590346361,-1.3783413268790747,0.0,0.0,0.0,0.0,0.8015595953045702,4.0,1.8278970543392064,1.8278970543392061,-2.220446049250313e-16,0.45803650237944316,3.990723544616,0.4868929803776741,1.0758845577648906
True,ELLIPSE,2.7644344381116457,0.09247189570218325,1,0.5298549660854042,0.7703859870461747,0.1542352065658195,0.5064479907762675,,POINT_VIRIAL,0.0,384,11.21260962512209,0.0,0.0,True,0.03980723068248648,0.8369637155067897,21.025419280799625,1.2410476427349524,0.334740414389206,0.0,0.0,0.0,0.0,0.30210240944858213,4.0,1.5431500521835346,1.5431500521835346,0.0,0.38514532749854874,4.006669540056537,0.408871800343255,1.3341004381778498
True,ELLIPSE,1.962915992607137,0.14765905948355795,1,0.48812790956348173,0.9744156919186935,0.2596653946172021,0.3067374474308752,,POINT_VIRIAL,0.0,384,8.092829673125113,0.0,0.0,True,0.0944726410127207,0.8493256615788232,8.990175912034278,1.1192792236831093,-0.6174561280665645,0.0,0.0,0.0,0.0,0.578911783916558,4.0,1.6981910075996671,1.6981910075996673,2.220446049250313e-16,0.42304836489306874,4.014176979572792,0.459498553404243,1.240828100368464
True,ELLIPSE,1.7839692788142456,0.10726014781743287,1,0.5259574563615024,0.9943639179505408,0.9764195133049375,0.14033136418997527,,POINT_VIRIAL,0.0,384,7.264350060014828,0.0,0.0,True,0.1180396514117357,0.9129554275315481,7.7343114505400905,1.0698206040572433,-1.3126327763100667,0.0,0.0,0.0,0.0,0.7941511267891034,4.0,1.8639717308463468,1.8639717308463468,0.0,0.46424160328664565,4.015089810241411,0.480194767731485,1.1037071954721978
True,ELLIPSE,2.315490782587884,0.1344379282183945,1,0.4510620029829442,0.9943639179505408,0.9764195133049375,0.14033136418997527,,POINT_VIRIAL,0.0,384,9.505422316444395,0.0,0.0,True,0.06299042495952022,0.8218100282442483,13.046586505367623,1.0466347380131689,-1.3589992090998406,0.0,0.0,0.0,0.0,0.801877982371003,4.0,1.8485127203841718,1.8485127203841716,-2.220446049250313e-16,0.46009491292280635,4.017676936789586,0.4833763109349581,1.062044052446406
True,ELLIPSE,3.089891739423507,0.06425400912761689,1,0.605238869022578,0.9943639179505408,0.9764195133049375,0.14033136418997527,,POINT_VIRIAL,0.0,384,12.452333197676445,0.0,0.0,True,0.029533182107545804,0.8500699183051383,28.783553198215756,1.1055399566577846,-1.2412000913678405,0.0,0.0,0.0,0.0,0.7822466826752082,4.0,1.887786639332993,1.8877866393329925,-4.440892098500626e-16,0.4692560804300958,4.022934849566031,0.4718059234797024,1.0468854951942048
True,ELLIPSE,1.6652305397128286,0.054155371487140655,1,0.5861309663020075,0.9884588225092739,1.1226674255818845,0.13437550286770764,,POINT_VIRIAL,0.0,384,6.698095057263565,0.0,0.0,True,0.13773721539363187,0.9552137105476405,6.935044445452059,1.0916558425994003,-1.2912834943115852,0.0,0.0,0.0,0.0,0.7943131123036619,4.0,1.885968954903062,1.8859689549030623,2.220446049250313e-16,0.46766498949545937,4.032734964697145,0.4765830800663772,1.1221314030657374
True,ELLIPSE,2.207095359247268,0.15442071730270981,1,0.3576707766763866,0.7703859870461747,0.1542352065658195,0.5064479907762675,,POINT_VIRIAL,0.0,384,9.120378340180295,0.0,0.0,True,0.0710257673767676,0.805565232928881,11.341872994565911,1.0905913239957323,0.03383143858575106,0.0,0.0,0.0,0.0,0.3522532951366604,4.0,1.4428446191323927,1.4428446191323927,0.0,0.356139501723067,4.0513467676336115,0.4444687280141646,1.4093755738506142
True,ELLIPSE,2.085348642473917,0.15117925932630896,1,0.2300081861205399,0.9943639179505408,0.9764195133049375,0.14033136418997527,,POINT_VIRIAL,0.0,384,8.60778433295205,0.0,0.0,True,0.08166900654504064,0.8278230076766021,10.136317835824975,1.0101986294134508,-1.431867619405671,0.0,0.0,0.0,0.0,0.8140220829397072,4.0,1.8242207123531582,1.824220712353158,-2.220446049250313e-16,0.4501236333855319,4.052710360112794,0.49241367215562126,1.059407811325947
True,ELLIPSE,3.334555843746743,0.04871612234041095,1,0.5724768813885749,0.7703859870461747,0.1542352065658195,0.5064479907762675,,POINT_VIRIAL,0.0,384,13.400124926859426,0.0,0.0,True,0.02398248723818559,0.8518583898506574,35.52001847807948,1.3010527920119275,0.4547491884956511,0.0,0.0,0.0,0.0,0.2821012011720921,4.0,1.5831539931840195,1.5831539931840195,0.0,0.3904666395262013,4.0545179355272065,0.3971658735426996,1.238704417595953
True,ELLIPSE,1.6416862266164352,0.08587575197219849,1,0.19480086006224154,0.7703859870461747,0.1542352065658195,0.5064479907762675,,POINT_VIRIAL,0.0,384,6.64783197393548,0.0,0.0,True,0.14209720088952052,0.9400975060783452,6.615876317009677,1.0243586838655183,-0.09863782858653597,0.0,0.0,0.0,0.0,0.37433217081735143,4.0,1.3986908546828698,1.3986908546828698,0.0,0.34358354651550393,4.070890090249868,0.4600641555252138,1.582683903975153
True,ELLIPSE,4.634189590082966,0.08687008624896407,1,0.808814185783267,0.9943639179505408,0.9764195133049375,0.14033136418997527,1.0,LOC_GUIDE_NEUTRAL,0.0,16384,18.77018915609962,0.3078495354140454,8.802804359367551,True,0.011848802792580675,0.4511777600637288,38.07791959760198,1.34544501985875,-0.7612717857268977,1.4704606623368708,0.8801637439455902,0.4155820950637843,2.350624406282461,1.485780403956036,4.0,5.181849830097247,5.181849830097247,0.0,0.116352477488089,44.53579280791604,0.17066079302264434,1.1423444912492053
True,ELLIPSE,4.634189590082966,0.08687008624896407,1,0.808814185783267,0.9943639179505408,0.9764195133049375,0.14033136418997527,1.0,LOC_GUIDE_NEUTRAL,0.0,4096,18.770189156099622,0.30784953541404547,8.801846742973662,True,0.01184897539762733,0.45111608834510103,38.072160098790796,1.3454444259282705,-0.7612739154969035,1.4704606623368708,0.8801633554079192,0.4155819311490488,2.35062401774479,1.485780786389988,4.0,5.181849230063048,5.181849230063048,0.0,0.1163515032974045,44.536160541198974,0.17060260614384568,1.1423439896404963
True,ELLIPSE,4.634189590082966,0.08687008624896407,1,0.808814185783267,0.9943639179505408,0.9764195133049375,0.14033136418997527,1.0,LOC_GUIDE_NEUTRAL,0.0,384,18.77018915609962,0.3078495354140454,8.687905518041537,True,0.011853445108309007,0.44954851217190933,37.92555734339088,1.3453722533772603,-0.7615327184035683,1.4704606623368708,0.8801161415405596,0.4155536729668041,2.3505768038774306,1.485827258552753,4.0,5.1817763158074435,5.1817763158074435,0.0,0.11631834326959548,44.54823005686594,0.1716923750356657,1.1422822820731933
True,ELLIPSE,4.249584511306585,0.11330769514665007,1,0.8293639072962105,0.9873693144647404,1.0982561565263311,0.14541544647935342,1.0,LOC_GUIDE_NEUTRAL,0.0,16384,17.33398170177636,0.27315574557716293,5.006603711712913,True,0.014748061701667252,0.45399610721329536,30.783442353104043,1.41800264754833,-0.5949046078706663,1.4682815218878154,0.9753653089504862,0.4249921624309041,2.4436468308383015,1.4855180287524326,4.0,5.347167507139064,5.347167507139064,0.0,0.11148196189520279,47.964418783422566,0.1642985836651549,1.1913703326018612
True,ELLIPSE,4.249584511306585,0.11330769514665007,1,0.8293639072962105,0.9873693144647404,1.0982561565263311,0.14541544647935342,1.0,LOC_GUIDE_NEUTRAL,0.0,4096,17.33398170177636,0.27315574557716293,5.006285269521962,True,0.014748273339255642,0.45394176445638246,30.77931592494429,1.4180019772534471,-0.5949068610340296,1.4682815218878154,0.9753648478918439,0.42499186402668715,2.443646369779659,1.4855184026890453,4.0,5.347166749722152,5.347166749722152,0.0,0.11148067362528673,47.964966265769625,0.16441615520808428,1.1913694943370754
True,ELLIPSE,4.249584511306585,0.11330769514665007,1,0.8293639072962105,0.9873693144647404,1.0982561565263311,0.14541544647935342,1.0,LOC_GUIDE_NEUTRAL,0.0,384,17.33398170177636,0.27315574557716293,4.968223525338988,True,0.014753753682201855,0.45255744618945404,30.67405461265056,1.4179211820548785,-0.5951784501301282,1.4682815218878154,0.9753092733596314,0.42496783135905336,2.443590795247447,1.485563475810818,4.0,5.347075453113144,5.347075453113144,0.0,0.111450052510315,47.97732556131597,0.16441372449241315,1.1913436744210564
True,ELLIPSE,5.0197688394513165,0.09520830964669585,1,0.789709802120924,0.9884588225092739,1.1226674255818845,0.13437550286770764,1.0,LOC_GUIDE_NEUTRAL,0.0,16384,20.374572387280608,0.34160077126662847,7.507283154292019,True,0.009674263919944357,0.40692996426514816,42.06314481727398,1.2902720880827399,-0.8939311384861122,1.472914836343576,0.8046673127594952,0.374056280020945,2.277582149103071,1.487261791890641,4.0,5.055116029076452,5.055116029076451,-8.881784197001252e-16,0.10511440321923102,48.09156380342368,0.17633836735536276,1.1154232127356893
True,ELLIPSE,5.0197688394513165,0.09520830964669585,1,0.789709802120924,0.9884588225092739,1.1226674255818845,0.13437550286770764,1.0,LOC_GUIDE_NEUTRAL,0.0,4096,20.374572387280608,0.34160077126662847,7.506604284879506,True,0.009674405732144462,0.4068708839979655,42.05642137233137,1.290271558001351,-0.893933158337632,1.472914836343576,0.8046669821787048,0.37405606554396187,2.2775818185222807,1.4872621782870878,4.0,5.05511555481072,5.055115554810719,-8.881784197001252e-16,0.10511348485145819,48.09197946347597,0.1763383456457585,1.1154231475618916
True,ELLIPSE,5.0197688394513165,0.09520830964669585,1,0.789709802120924,0.9884588225092739,1.1226674255818845,0.13437550286770764,1.0,LOC_GUIDE_NEUTRAL,0.0,384,20.374572387280608,0.34160077126662847,7.425680802882365,True,0.009678078082815893,0.4053708365241727,41.885468690724565,1.2902088476088318,-0.8941721134949008,1.472914836343576,0.8046278733709606,0.3740351866288851,2.2775427097145364,1.4873078902727563,4.0,5.055059447596125,5.055059447596125,0.0,0.1050924779412363,48.10105867351154,0.17641080694501848,1.1154083538966562
True,ELLIPSE,4.634189590082966,0.08687008624896407,1,0.808814185783267,0.9943639179505408,0.9764195133049375,0.14033136418997527,1.0,FULL_NEUTRAL,0.0,16384,18.77018915609962,0.3078495354140454,8.802804359367551,True,0.011848802792580675,0.4511777600637288,38.07791959760198,1.34544501985875,-0.7612717857268977,1.4704606623368708,0.8801637439455902,0.4155820950637843,2.766206501346245,1.6243077689772976,4.0,5.735959290182293,5.735959290182293,0.0,0.10978694377003793,52.24627895824256,0.15417449054115342,1.1423444912492053
True,ELLIPSE,4.634189590082966,0.08687008624896407,1,0.808814185783267,0.9943639179505408,0.9764195133049375,0.14033136418997527,1.0,FULL_NEUTRAL,0.0,4096,18.770189156099622,0.30784953541404547,8.801846742973662,True,0.01184897539762733,0.45111608834510103,38.072160098790796,1.3454444259282705,-0.7612739154969035,1.4704606623368708,0.8801633554079192,0.4155819311490488,2.766205948893839,1.6243080967730041,4.0,5.735958471595113,5.735958471595113,0.0,0.10978587652689313,52.24677939507122,0.15412192882341325,1.1423439896404963
True,ELLIPSE,4.634189590082966,0.08687008624896407,1,0.808814185783267,0.9943639179505408,0.9764195133049375,0.14033136418997527,1.0,FULL_NEUTRAL,0.0,384,18.77018915609962,0.3078495354140454,8.687905518041537,True,0.011853445108309007,0.44954851217190933,37.92555734339088,1.3453722533772603,-0.7615327184035683,1.4704606623368708,0.8801161415405596,0.4155536729668041,2.7661304768442347,1.624345149541688,4.0,5.735847879763184,5.735847879763184,0.0,0.10975068640017119,52.26252397956973,0.1551072310866922,1.1422822820731933
True,ELLIPSE,5.732974100204906,0.07196020936593414,1,0.8478756748326123,0.9909162702132016,1.0093234043360066,0.15095791971473385,1.0,LOC_GUIDE_NEUTRAL,0.0,16384,23.14110903317399,0.35169759864011796,11.84677077490359,True,0.006692428364986667,0.40437139068799777,60.42222174593323,1.5030431358223553,-0.4038029545358276,1.4658175597131,1.080527429486846,0.5116759541888053,2.5463449891999463,1.4843970265193764,4.0,5.533785151541678,5.533785151541678,0.0,0.10409542315160103,53.16069606136728,0.15738342073101735,1.1447743019349428
True,ELLIPSE,5.732974100204906,0.07196020936593414,1,0.8478756748326123,0.9909162702132016,1.0093234043360066,0.15095791971473385,1.0,LOC_GUIDE_NEUTRAL,0.0,4096,23.14110903317399,0.35169759864011796,11.844888243960808,True,0.006692528375530348,0.40429900320220696,60.410502655533136,1.5030423312364087,-0.40380550755289335,1.4658175597131,1.0805268510755124,0.5116758036549132,2.5463444107886124,1.4843974165259715,4.0,5.533784158550993,5.533784158550993,0.0,0.1040949389021614,53.160933825535786,0.15738340176583143,1.1447740398393855
True,ELLIPSE,5.732974100204906,0.07196020936593414,1,0.8478756748326123,0.9909162702132016,1.0093234043360066,0.15095791971473385,1.0,LOC_GUIDE_NEUTRAL,0.0,384,23.14110903317399,0.35169759864011796,11.622015878780234,True,0.006695118321891562,0.40246927784482456,60.11384093524362,1.502943475021688,-0.4041191864138627,1.4658175597131,1.0804557840189288,0.5116516229190854,2.546273343732029,1.4844453350558597,4.0,5.533662153809576,5.533662153809576,0.0,0.10408592060297142,53.16436768539858,0.15779074508876825,1.144741920688821
True,ELLIPSE,5.0197688394513165,0.09520830964669585,1,0.789709802120924,0.9884588225092739,1.1226674255818845,0.13437550286770764,1.0,FULL_NEUTRAL,0.0,16384,20.374572387280608,0.34160077126662847,7.507283154292019,True,0.009674263919944357,0.40692996426514816,42.06314481727398,1.2902720880827399,-0.8939311384861122,1.472914836343576,0.8046673127594952,0.374056280020945,2.651638429124016,1.6119472185642891,4.0,5.553857735771045,5.553857735771045,0.0,0.10028944432078406,55.37828804800805,0.16050301425942287,1.1154232127356893
True,ELLIPSE,5.0197688394513165,0.09520830964669585,1,0.789709802120924,0.9884588225092739,1.1226674255818845,0.13437550286770764,1.0,FULL_NEUTRAL,0.0,4096,20.374572387280608,0.34160077126662847,7.506604284879506,True,0.009674405732144462,0.4068708839979655,42.05642137233137,1.290271558001351,-0.893933158337632,1.472914836343576,0.8046669821787048,0.37405606554396187,2.6516378840662425,1.6119475334684086,4.0,5.553856975536002,5.553856975536002,0.0,0.10028845799193564,55.3788251084945,0.160503001411453,1.1154231475618916
True,ELLIPSE,5.0197688394513165,0.09520830964669585,1,0.789709802120924,0.9884588225092739,1.1226674255818845,0.13437550286770764,1.0,FULL_NEUTRAL,0.0,384,20.374572387280608,0.34160077126662847,7.425680802882365,True,0.009678078082815893,0.4053708365241727,41.885468690724565,1.2902088476088318,-0.8941721134949008,1.472914836343576,0.8046278733709606,0.3740351866288851,2.6515778963434213,1.611986285815718,4.0,5.553773029767971,5.553773029767971,0.0,0.10026588895201635,55.39045320214342,0.1605696004366114,1.1154083538966562
True,ELLIPSE,3.7570924368623735,0.12367830459028484,1,0.7018204194493591,0.9917886455962435,1.0565071953862266,0.13628661419690297,1.0,LOC_GUIDE_NEUTRAL,0.0,4096,15.372063687698368,0.34162256856721146,5.944056887958825,True,0.0213603402939853,0.4334162181354698,20.290698189743367,1.1723469826638024,-1.1226282692087248,1.472138938186117,0.5774417351256432,0.3176516996618056,2.0495806733117603,1.4481853083947627,4.0,4.670112964370325,4.670112964370325,0.0,0.08167133125931489,57.181790627879394,0.19158957724729772,1.1491311906064825
True,ELLIPSE,3.7570924368623735,0.12367830459028484,1,0.7018204194493591,0.9917886455962435,1.0565071953862266,0.13628661419690297,1.0,LOC_GUIDE_NEUTRAL,0.0,384,15.372063687698365,0.34162256856721135,5.9061815227512335,True,0.021367985816574165,0.43240961290431185,20.236330022688033,1.1723119392162253,-1.122806665893009,1.472138938186117,0.5774244744089161,0.3176180231055169,2.049563412595033,1.4482273392347558,4.0,4.670102691046014,4.670102691046014,0.0,0.08162121157021816,57.21677736954881,0.19151747527348523,1.1491212027109492
True,ELLIPSE,4.249584511306585,0.11330769514665007,1,0.8293639072962105,0.9873693144647404,1.0982561565263311,0.14541544647935342,1.0,FULL_NEUTRAL,0.0,16384,17.33398170177636,0.27315574557716293,5.006603711712913,True,0.014748061701667252,0.45399610721329536,30.783442353104043,1.41800264754833,-0.5949046078706663,1.4682815218878154,0.9753653089504862,0.4249921624309041,2.8686389932692054,1.6271820828960673,4.0,5.913823723713603,5.913823723713603,0.0,0.10312488104952816,57.34623558860979,0.14855567042360343,1.1913703326018612
True,ELLIPSE,4.249584511306585,0.11330769514665007,1,0.8293639072962105,0.9873693144647404,1.0982561565263311,0.14541544647935342,1.0,FULL_NEUTRAL,0.0,4096,17.33398170177636,0.27315574557716293,5.006285269521962,True,0.014748273339255642,0.45394176445638246,30.77931592494429,1.4180019772534471,-0.5949068610340296,1.4682815218878154,0.9753648478918439,0.42499186402668715,2.868638233806346,1.6271823573646076,4.0,5.913822568424401,5.913822568424401,0.0,0.10312347872178627,57.34700421015785,0.14866198437198913,1.1913694943370754
True,ELLIPSE,4.249584511306585,0.11330769514665007,1,0.8293639072962105,0.9873693144647404,1.0982561565263311,0.14541544647935342,1.0,FULL_NEUTRAL,0.0,384,17.33398170177636,0.27315574557716293,4.968223525338988,True,0.014753753682201855,0.45255744618945404,30.67405461265056,1.4179211820548785,-0.5951784501301282,1.4682815218878154,0.9753092733596314,0.42496783135905336,2.8685586266065,1.627219419597169,4.0,5.913699228258547,5.913699228258547,0.0,0.10309022490134039,57.36430620767476,0.14866034887052829,1.1913436744210564
True,ELLIPSE,3.118729909693794,0.1361728530935943,1,0.7632606483064591,0.9917886455962435,1.0565071953862266,0.13628661419690297,1.0,LOC_GUIDE_NEUTRAL,0.0,4096,12.80990700981067,0.23741663943549238,4.1051783604734435,True,0.03310705501229577,0.5182064274976171,15.65244710848362,1.247800454483602,-0.9717213139723966,1.472138938186117,0.7269271393356038,0.3282044907373627,2.199066077521721,1.4728626153259066,4.0,4.919729147331229,4.91972914733123,8.881784197001252e-16,0.08411455444700222,58.488440908653764,0.18117649800565247,1.2033780203324485
True,ELLIPSE,3.118729909693794,0.1361728530935943,1,0.7632606483064591,0.9917886455962435,1.0565071953862266,0.13628661419690297,1.0,LOC_GUIDE_NEUTRAL,0.0,384,12.809907009810667,0.23741663943549232,4.083650989651837,True,0.03311855261878773,0.5172024992580907,15.616699957011054,1.2477512981479877,-0.9719252942770383,1.472138938186117,0.7268985024856172,0.3281668323647372,2.1990374406717343,1.47290467769892,4.0,4.919693416518642,4.919693416518642,0.0,0.08405959382877518,58.52625729479244,0.18052567802249556,1.2033006629293088
True,ELLIPSE,5.414412491478819,0.11815091973170638,1,0.7716187063790858,0.9884588225092739,1.1226674255818845,0.13437550286770764,1.0,LOC_GUIDE_NEUTRAL,0.0,4096,22.116434315197502,0.39348193681585303,5.205616609180318,True,0.008066107349267038,0.3386955665014349,41.98996515118435,1.2577779809037128,-0.9589202700467143,1.472914836343576,0.7488752593120747,0.3426531422623062,2.221790095655651,1.4794961155353594,4.0,4.959064192094723,4.959064192094724,8.881784197001252e-16,0.08335803822905155,59.49113363810442,0.1800237632262576,1.110307101712258
True,ELLIPSE,5.414412491478819,0.11815091973170638,1,0.7716187063790858,0.9884588225092739,1.1226674255818845,0.13437550286770764,1.0,LOC_GUIDE_NEUTRAL,0.0,384,22.116434315197502,0.39348193681585303,5.1692400119798085,True,0.008069168904865318,0.3374480290901745,41.81942813053643,1.2577243821600725,-0.9591367375873445,1.472914836343576,0.7488433468651629,0.3426309441156248,2.2217581832087387,1.4795397676520519,4.0,4.959022333020863,4.959022333020863,0.0,0.0833399715339235,59.50352803999093,0.1802407101356325,1.110293193427704
True,ELLIPSE,5.732974100204906,0.07196020936593414,1,0.8478756748326123,0.9909162702132016,1.0093234043360066,0.15095791971473385,1.0,FULL_NEUTRAL,0.0,16384,23.14110903317399,0.35169759864011796,11.84677077490359,True,0.006692428364986667,0.40437139068799777,60.42222174593323,1.5030431358223553,-0.4038029545358276,1.4658175597131,1.080527429486846,0.5116759541888053,3.0580209433887515,1.654955677915645,4.0,6.216019757126752,6.216019757126752,0.0,0.099529616925608,62.45397047768031,0.140109920941228,1.1447743019349428
True,ELLIPSE,5.732974100204906,0.07196020936593414,1,0.8478756748326123,0.9909162702132016,1.0093234043360066,0.15095791971473385,1.0,FULL_NEUTRAL,0.0,4096,23.14110903317399,0.35169759864011796,11.844888243960808,True,0.006692528375530348,0.40429900320220696,60.410502655533136,1.5030423312364087,-0.40380550755289335,1.4658175597131,1.0805268510755124,0.5116758036549132,3.0580202144435256,1.654956017744276,4.0,6.21601856342421,6.21601856342421,0.0,0.09952906578878434,62.454304319660125,0.14010990582223398,1.1447740398393855
True,ELLIPSE,5.732974100204906,0.07196020936593414,1,0.8478756748326123,0.9909162702132016,1.0093234043360066,0.15095791971473385,1.0,FULL_NEUTRAL,0.0,384,23.14110903317399,0.35169759864011796,11.622015878780234,True,0.006695118321891562,0.40246927784482456,60.11384093524362,1.502943475021688,-0.4041191864138627,1.4658175597131,1.0804557840189288,0.5116516229190854,3.057924966651114,1.6549958760288883,4.0,6.215864317701691,6.215864317701691,0.0,0.09951849639626326,62.45938737811442,0.14047293018165194,1.144741920688821
True,ELLIPSE,2.999360401894142,0.14536531982943415,1,0.8197811642661691,0.9676621188828721,1.317711121708534,0.1433875857882114,1.0,LOC_GUIDE_NEUTRAL,0.0,4096,12.35651389755679,0.1990446298712005,3.1403817365097937,True,0.03595201162616099,0.5423690397540367,15.085916342977988,1.3839625030330716,-0.6699491623148627,1.4691600003627425,0.9300797621782153,0.37602647368091535,2.399239762540958,1.4843838092962975,4.0,5.267586074870327,5.267586074870327,0.0,0.07837506252858611,67.2099760424313,0.16750426548346298,1.2880914209867667
True,ELLIPSE,2.999360401894142,0.14536531982943415,1,0.8197811642661691,0.9676621188828721,1.317711121708534,0.1433875857882114,1.0,LOC_GUIDE_NEUTRAL,0.0,384,12.356513897556788,0.19904462987120047,3.1259608203422253,True,0.03596443731392356,0.541345823615558,15.05225339382627,1.3838917656668281,-0.6701941974224186,1.4691600003627425,0.9300322237567417,0.37599323564895554,2.399192224119484,1.4844260624029102,4.0,5.267510052189222,5.267510052189222,0.0,0.0783071886977807,67.26726038548884,0.16674541145444047,1.2879973504701492
True,ELLIPSE,5.414412491478819,0.11815091973170638,1,0.7716187063790858,0.9884588225092739,1.1226674255818845,0.13437550286770764,1.0,FULL_NEUTRAL,0.0,4096,22.116434315197502,0.39348193681585303,5.205616609180318,True,0.008066107349267038,0.3386955665014349,41.98996515118435,1.2577779809037128,-0.9589202700467143,1.472914836343576,0.7488752593120747,0.3426531422623062,2.564443237917957,1.5937138296227946,4.0,5.415935048444465,5.415935048444464,-8.881784197001252e-16,0.07967286885698298,67.97715616549914,0.16483753773928356,1.110307101712258
True,ELLIPSE,5.414412491478819,0.11815091973170638,1,0.7716187063790858,0.9884588225092739,1.1226674255818845,0.13437550286770764,1.0,FULL_NEUTRAL,0.0,384,22.116434315197502,0.39348193681585303,5.1692400119798085,True,0.008069168904865318,0.3374480290901745,41.81942813053643,1.2577243821600725,-0.9591367375873445,1.472914836343576,0.7488433468651629,0.3426309441156248,2.5643891273243637,1.5937500823572603,4.0,5.415863591841696,5.415863591841697,8.881784197001252e-16,0.07965364225378689,67.99266723530418,0.16503696810764643,1.110293193427704
True,ELLIPSE,3.7570924368623735,0.12367830459028484,1,0.7018204194493591,0.9917886455962435,1.0565071953862266,0.13628661419690297,1.0,FULL_NEUTRAL,0.0,4096,15.372063687698368,0.34162256856721146,5.944056887958825,True,0.0213603402939853,0.4334162181354698,20.290698189743367,1.1723469826638024,-1.1226282692087248,1.472138938186117,0.5774417351256432,0.3176516996618056,2.367232372973566,1.554069208282031,4.0,5.093648563919399,5.0936485639194,8.881784197001252e-16,0.07262446672632958,70.1368119247439,0.17565895198948658,1.1491311906064825
True,ELLIPSE,3.7570924368623735,0.12367830459028484,1,0.7018204194493591,0.9917886455962435,1.0565071953862266,0.13628661419690297,1.0,FULL_NEUTRAL,0.0,384,15.372063687698365,0.34162256856721135,5.9061815227512335,True,0.021367985816574165,0.43240961290431185,20.236330022688033,1.1723119392162253,-1.122806665893009,1.472138938186117,0.5774244744089161,0.3176180231055169,2.36718143570055,1.5541000136032614,4.0,5.093593388520037,5.093593388520037,0.0,0.07257206835314214,70.18669171359645,0.17559436107971607,1.1491212027109492
True,ELLIPSE,3.3728190858374156,0.16045461805537342,1,0.7786237232200801,0.9873693144647404,1.0982561565263311,0.14541544647935342,1.0,LOC_GUIDE_NEUTRAL,0.0,4096,13.966605039335544,0.26329489313199117,3.0320087133598816,True,0.02732851519656304,0.4549273465103579,16.64661776310378,1.2920782802691562,-0.846754147804553,1.4682815218878154,0.7833287916474752,0.3404100598262687,2.2516103135352905,1.4634809138696667,4.0,5.007169507674114,5.007169507674114,0.0,0.07117555278446283,70.34956964559251,0.17655673414511758,1.2340190865915122
True,ELLIPSE,3.3728190858374156,0.16045461805537342,1,0.7786237232200801,0.9873693144647404,1.0982561565263311,0.14541544647935342,1.0,LOC_GUIDE_NEUTRAL,0.0,384,13.966605039335542,0.26329489313199117,3.0206268715326443,True,0.027338079644769444,0.45400646658670113,16.607108929597604,1.292026709538188,-0.8469577703797381,1.4682815218878154,0.7832975266390074,0.34038360231767717,2.251579048526823,1.4635211761482498,4.0,5.007126934213261,5.007126934213261,0.0,0.07113400306614162,70.39006267589845,0.17529995191429532,1.2338684616072935
True,ELLIPSE,6.448815814207272,0.1087602737918496,1,0.7404847482591868,0.9884588225092739,1.1226674255818845,0.13437550286770764,1.0,LOC_GUIDE_NEUTRAL,0.0,4096,26.270676688207388,0.5145987670526065,6.745531427984186,True,0.005271578538589749,0.27898745414334836,52.92294368775221,1.2126523782731986,-1.049171464632665,1.472914836343576,0.6649187173639829,0.336871522029186,2.137833553707559,1.4665524655378075,4.0,4.817038397518565,4.817038397518565,0.0,0.06447713444717405,74.70925063310858,0.18576862971702485,1.0894516342611311
True,ELLIPSE,6.448815814207272,0.1087602737918496,1,0.7404847482591868,0.9884588225092739,1.1226674255818845,0.13437550286770764,1.0,LOC_GUIDE_NEUTRAL,0.0,384,26.270676688207384,0.5145987670526064,6.689842129955874,True,0.005273605441870041,0.2778137427918544,52.680039463350624,1.2126073877415469,-1.04937262994134,1.472914836343576,0.6648940482608372,0.3368401339644183,2.1378088846044134,1.4665963007624334,4.0,4.817012573108394,4.817012573108394,0.0,0.06446986252881941,74.7172769440153,0.18511972112081,1.0894218804823255
True,ELLIPSE,2.957495116529774,0.15421592142432927,1,0.7507255681604147,0.9884588225092739,1.1226674255818845,0.13437550286770764,1.0,LOC_GUIDE_NEUTRAL,0.0,4096,12.220398427449616,0.23208608809055295,3.2995211434862224,True,0.03785334572979556,0.5129981943498241,13.552255011002291,1.2262235272875224,-1.022029109114599,1.472914836343576,0.6910859427669985,0.3020276665709909,2.1640007791105744,1.470751138504232,4.0,4.860975444902329,4.860975444902329,0.0,0.06505773229325115,74.71787401059764,0.18393683976478953,1.209821989401494
True,ELLIPSE,2.957495116529774,0.15421592142432927,1,0.7507255681604147,0.9884588225092739,1.1226674255818845,0.13437550286770764,1.0,LOC_GUIDE_NEUTRAL,0.0,384,12.220398427449616,0.23208608809055295,3.2860892480652932,True,0.037866236004485236,0.5121033340263639,13.524009462300544,1.2261799965517266,-1.0222172937520557,1.472914836343576,0.6910614093284227,0.3019966052131637,2.1639762456719986,1.4707911786585937,4.0,4.860947420882319,4.860947420882319,0.0,0.06498613897772698,74.7997572612882,0.18323252258040343,1.209749832461187
True,ELLIPSE,5.666922712872098,0.12639857666566967,1,0.729576859101653,0.9943639179505408,0.9764195133049375,0.14033136418997527,1.0,LOC_GUIDE_NEUTRAL,0.0,4096,23.205297872167577,0.490683844506391,5.419341257809324,True,0.007494299761219296,0.29077779103883,38.79986126836238,1.2078206493335073,-1.0365214371008307,1.4704606623368708,0.6429016659486457,0.3349319965771776,2.1133623282855165,1.4525681382399516,4.0,4.773751115858976,4.773751115858976,0.0,0.0636882694151373,74.954951040393,0.186530009497559,1.114957726952816
True,ELLIPSE,5.666922712872098,0.12639857666566967,1,0.729576859101653,0.9943639179505408,0.9764195133049375,0.14033136418997527,1.0,LOC_GUIDE_NEUTRAL,0.0,384,23.205297872167577,0.490683844506391,5.386294913513258,True,0.007497130259214446,0.28975583339366207,38.64889942888932,1.2077798385539527,-1.0367106402014947,1.4704606623368708,0.6428799430892305,0.33489998099643825,2.1133406054261012,1.4526103613938497,4.0,4.773730805373904,4.773730805373904,0.0,0.06367235431504543,74.97336727575498,0.18609515551202296,1.114938545917916
True,ELLIPSE,3.118729909693794,0.1361728530935943,1,0.7632606483064591,0.9917886455962435,1.0565071953862266,0.13628661419690297,1.0,FULL_NEUTRAL,0.0,4096,12.80990700981067,0.23741663943549238,4.1051783604734435,True,0.03310705501229577,0.5182064274976171,15.65244710848362,1.247800454483602,-0.9717213139723966,1.472138938186117,0.7269271393356038,0.3282044907373627,2.5272705682590835,1.5822641122383605,4.0,5.357335134981046,5.357335134981046,0.0,0.06962670894016976,76.94367889173974,0.166377364042386,1.2033780203324485
True,ELLIPSE,3.118729909693794,0.1361728530935943,1,0.7632606483064591,0.9917886455962435,1.0565071953862266,0.13628661419690297,1.0,FULL_NEUTRAL,0.0,384,12.809907009810667,0.23741663943549232,4.083650989651837,True,0.03311855261878773,0.5172024992580907,15.616699957011054,1.2477512981479877,-0.9719252942770383,1.472138938186117,0.7268985024856172,0.3281668323647372,2.5272042730364714,1.582293621820499,4.0,5.357249193004958,5.357249193004958,0.0,0.06956837982155861,77.00695641822027,0.1657811607568081,1.2033006629293088
True,ROSETTE,2.1018474576269934,0.7641475448384881,12,0.7604564033634961,0.9676621188828721,1.317711121708534,0.1433875857882114,1.0,LOC_GUIDE_NEUTRAL,0.0,384,156.31290937301915,0.256499761382727,1.5143110494340881,True,0.021414143406727197,0.4968959020006928,23.20409892485329,1.2420122846699235,-0.9865316337204653,1.4691600003627425,0.718248179389537,0.2510128052232916,2.1874081797522793,1.4719840327142226,4.0,4.901404497136426,4.901404497136426,0.0,0.06363569387751619,77.02288131831298,0.1766763144771028,1.190506473251729
True,ELLIPSE,4.843617056433477,0.1461310519464314,1,0.6709851696528494,0.9917886455962435,1.0565071953862266,0.13628661419690297,1.0,LOC_GUIDE_NEUTRAL,0.0,384,19.959397136763577,0.48291766999739044,4.647539742077179,True,0.011540722526377861,0.3031129668403619,26.26464384249398,1.1453773670376113,-1.1766708733773426,1.472138938186117,0.5156730556906846,0.2939153722443488,1.9878119938768015,1.4366200780972518,4.0,4.569809439011665,4.569809439011665,0.0,0.05733804176379993,79.69943336810623,0.19581761399545958,1.1250342433298939
True,ELLIPSE,4.805804196133957,0.14130633460357786,1,0.7157430906780063,0.9909162702132016,1.0093234043360066,0.15095791971473385,1.0,LOC_GUIDE_NEUTRAL,0.0,384,19.77215357649088,0.468878326720475,4.862216564547143,True,0.011708690451889377,0.313868626139884,26.80646716467224,1.2065788190601814,-0.9968369369891525,1.4658175597131,0.6181160574132597,0.34735835902193046,2.08393361712636,1.4291164577252313,4.0,4.719628893911772,4.719628893911773,8.881784197001252e-16,0.05890926595827471,80.11691908119639,0.18820869969648368,1.160897435886307
True,ELLIPSE,6.448815814207272,0.1087602737918496,1,0.7404847482591868,0.9884588225092739,1.1226674255818845,0.13437550286770764,1.0,FULL_NEUTRAL,0.0,4096,26.270676688207388,0.5145987670526065,6.745531427984186,True,0.005271578538589749,0.27898745414334836,52.92294368775221,1.2126523782731986,-1.049171464632665,1.472914836343576,0.6649187173639829,0.336871522029186,2.474705075736745,1.5788429728808697,4.0,5.266200426890814,5.266200426890814,0.0,0.06210934153278589,84.7891846367575,0.16992414831610253,1.0894516342611311
True,ELLIPSE,6.448815814207272,0.1087602737918496,1,0.7404847482591868,0.9884588225092739,1.1226674255818845,0.13437550286770764,1.0,FULL_NEUTRAL,0.0,384,26.270676688207384,0.5145987670526064,6.689842129955874,True,0.005273605441870041,0.2778137427918544,52.680039463350624,1.2126073877415469,-1.04937262994134,1.472914836343576,0.6648940482608372,0.3368401339644183,2.4746490185688317,1.5788763454172396,4.0,5.266132751727619,5.266132751727619,0.0,0.06210137991079942,84.79896516457018,0.16933185436252446,1.0894218804823255
True,ELLIPSE,5.666922712872098,0.12639857666566967,1,0.729576859101653,0.9943639179505408,0.9764195133049375,0.14033136418997527,1.0,FULL_NEUTRAL,0.0,4096,23.205297872167577,0.490683844506391,5.419341257809324,True,0.007494299761219296,0.29077779103883,38.79986126836238,1.2078206493335073,-1.0365214371008307,1.4704606623368708,0.6429016659486457,0.3349319965771776,2.4482943248626943,1.5642121370990107,4.0,5.220327111295212,5.220327111295212,0.0,0.060341495039173236,86.51305553344703,0.1705731886136976,1.114957726952816
True,ELLIPSE,5.666922712872098,0.12639857666566967,1,0.729576859101653,0.9943639179505408,0.9764195133049375,0.14033136418997527,1.0,FULL_NEUTRAL,0.0,384,23.205297872167577,0.490683844506391,5.386294913513258,True,0.007497130259214446,0.28975583339366207,38.64889942888932,1.2077798385539527,-1.0367106402014947,1.4704606623368708,0.6428799430892305,0.33489998099643825,2.4482405864225396,1.5642436883926623,4.0,5.220264113369154,5.220264113369154,0.0,0.060324635939927124,86.53618927046045,0.17017686410223395,1.114938545917916
True,ELLIPSE,4.1174845967075955,0.13299277411773802,1,0.6591970600187779,0.9909162702132016,1.0093234043360066,0.15095791971473385,1.0,LOC_GUIDE_NEUTRAL,0.0,384,16.895143169982937,0.4684130318398527,6.396226227696606,True,0.017775472838764492,0.35235216264597596,19.822379176185486,1.1511341493986809,-1.1077281313125167,1.4658175597131,0.5002147126741322,0.34145018754005585,1.966032272387232,1.4082981843661433,4.0,4.525464606152056,4.525464606152056,0.0,0.051399763845361726,88.04446300117448,0.19525615793737883,1.1761956618346856
True,ROSETTE,2.1018474576269934,0.7641475448384881,12,0.7604564033634961,0.9676621188828721,1.317711121708534,0.1433875857882114,1.0,FULL_NEUTRAL,0.0,384,156.31290937301915,0.256499761382727,1.5143110494340881,True,0.021414143406727197,0.4968959020006928,23.20409892485329,1.2420122846699235,-0.9865316337204653,1.4691600003627425,0.718248179389537,0.2510128052232916,2.438420984975571,1.5556549677886533,4.0,5.2360882374341475,5.2360882374341475,0.0,0.05646872826688093,92.72544996387192,0.16538340131943813,1.190506473251729
True,ELLIPSE,3.3728190858374156,0.16045461805537342,1,0.7786237232200801,0.9873693144647404,1.0982561565263311,0.14541544647935342,1.0,FULL_NEUTRAL,0.0,4096,13.966605039335544,0.26329489313199117,3.0320087133598816,True,0.02732851519656304,0.4549273465103579,16.64661776310378,1.2920782802691562,-0.846754147804553,1.4682815218878154,0.7833287916474752,0.3404100598262687,2.592020373361559,1.5769509338117562,4.0,5.461049587442472,5.461049587442472,0.0,0.05877168412709602,92.91973964252483,0.16188270797225582,1.2340190865915122
True,ELLIPSE,3.3728190858374156,0.16045461805537342,1,0.7786237232200801,0.9873693144647404,1.0982561565263311,0.14541544647935342,1.0,FULL_NEUTRAL,0.0,384,13.966605039335542,0.26329489313199117,3.0206268715326443,True,0.027338079644769444,0.45400646658670113,16.607108929597604,1.292026709538188,-0.8469577703797381,1.4682815218878154,0.7832975266390074,0.34038360231767717,2.5919626508445,1.5769823769208087,4.0,5.460971737303497,5.460971737303496,-8.881784197001252e-16,0.058726757692896064,92.98949834521665,0.16073130443076966,1.2338684616072935
True,ELLIPSE,4.843617056433477,0.1461310519464314,1,0.6709851696528494,0.9917886455962435,1.0565071953862266,0.13628661419690297,1.0,FULL_NEUTRAL,0.0,4096,19.959397136763577,0.48291766999739044,4.668751006446312,True,0.011536489392738387,0.30395248760623805,26.347052145478514,1.1454055934793597,-1.1765110159517627,1.472138938186117,0.5156857638302782,0.2939310374719729,2.281755739488368,1.53455744963983,4.0,4.961718782607558,4.961718782607557,-8.881784197001252e-16,0.052840568095342405,93.89980012430837,0.18047686972128985,1.1250469272105315
True,ELLIPSE,4.843617056433477,0.1461310519464314,1,0.6709851696528494,0.9917886455962435,1.0565071953862266,0.13628661419690297,1.0,FULL_NEUTRAL,0.0,384,19.959397136763577,0.48291766999739044,4.647539742077179,True,0.011540722526377861,0.3031129668403619,26.26464384249398,1.1453773670376113,-1.1766708733773426,1.472138938186117,0.5156730556906846,0.2939153722443488,2.2817273661211503,1.534591868845368,4.0,4.96169660200413,4.961696602004129,-8.881784197001252e-16,0.05281538075405448,93.94416041624835,0.18035145083231127,1.1250342433298939
True,ELLIPSE,4.1544435297482885,0.18050151109695436,1,0.7090590343996882,0.9676621188828721,1.317711121708534,0.1433875857882114,1.0,LOC_GUIDE_NEUTRAL,0.0,384,17.327958526664254,0.39736420334588374,2.9269871800423255,True,0.016780213631419242,0.3240999041573526,19.31440870040585,1.1894267390111495,-1.059116275864263,1.4691600003627425,0.5980017945766857,0.29281229082317634,2.067161794939428,1.4385682699382805,4.0,4.6951568038888585,4.6951568038888585,0.0,0.04906024848623507,95.7018553464153,0.19016993515079758,1.1787903191447555
True,ELLIPSE,2.999360401894142,0.14536531982943415,1,0.8197811642661691,0.9676621188828721,1.317711121708534,0.1433875857882114,1.0,FULL_NEUTRAL,0.0,384,12.356513897556788,0.19904462987120047,3.1259608203422253,True,0.03596443731392356,0.541345823615558,15.05225339382627,1.3838917656668281,-0.6701941974224186,1.4691600003627425,0.9300322237567417,0.37599323564895554,2.7751854597684398,1.609757140952562,4.0,5.768834366387829,5.768834366387829,0.0,0.06027734182583919,95.70485677778998,0.15225487077776226,1.2879973504701492
True,ELLIPSE,4.705696804403369,0.1571744465827942,1,0.649867064487189,0.9943639179505408,0.9764195133049375,0.14033136418997527,1.0,LOC_GUIDE_NEUTRAL,0.0,384,19.463767815696748,0.5134961003262529,4.399772516686962,True,0.012674000321384347,0.28984037892653536,22.868894711758763,1.1334804643833294,-1.1853023888940069,1.4704606623368708,0.4786996324838218,0.29358052851345784,1.9491602948206925,1.4226477160326763,4.0,4.505288475236698,4.505288475236698,0.0,0.046762818835662245,96.34338962904599,0.19781697364984735,1.1418011724340393
True,ELLIPSE,4.805804196133957,0.14130633460357786,1,0.7157430906780063,0.9909162702132016,1.0093234043360066,0.15095791971473385,1.0,FULL_NEUTRAL,0.0,384,19.77215357649088,0.468878326720475,4.862216564547143,True,0.011708690451889377,0.313868626139884,26.80646716467224,1.2065788190601814,-0.9968369369891525,1.4658175597131,0.6181160574132597,0.34735835902193046,2.43129197614829,1.544902577399208,4.0,5.182773372607679,5.182773372607679,0.0,0.05348645062272267,96.89880918001838,0.17138993996300445,1.160897435886307
True,ELLIPSE,6.25811188129331,0.12817297024652363,1,0.6384942296892404,0.9917886455962435,1.0565071953862266,0.13628661419690297,1.0,LOC_GUIDE_NEUTRAL,0.0,384,25.640124715778267,0.6766869407113341,6.542539232645995,True,0.006238557083185022,0.23051491854339262,36.950037559920176,1.1221826449355106,-1.223064373052021,1.472138938186117,0.457485676623137,0.30381628053646936,1.929624614809254,1.424957210932262,4.0,4.476764470677026,4.476764470677026,0.0,0.04286883782932119,104.42934069033787,0.20031603043394408,1.101421560932443
True,ROSETTE,2.3391752765244394,0.7440147753059865,4,0.7574065574817359,0.9873693144647404,1.0982561565263311,0.14541544647935342,1.0,LOC_GUIDE_NEUTRAL,0.0,384,59.13563251389941,0.2981312354445471,14.873533803027092,True,0.01690574971510646,0.43184971214014756,25.54454664345704,1.2540766603334426,-0.9253736917161743,1.4682815218878154,0.7194195027453568,0.39655713409179233,2.187701024633172,1.4557171255609296,4.0,4.897494810527544,4.897494810527544,0.0,0.04650562182341095,105.30973715659776,0.18216638627054482,1.2017822399498455
True,ROSETTE,1.8885272047709825,0.7239944413304329,9,0.7528073049336672,0.9917886455962435,1.0565071953862266,0.13628661419690297,1.0,LOC_GUIDE_NEUTRAL,0.0,384,100.05185977586206,0.2128277720613437,21.309214522589656,True,0.02948887022800329,0.5158627067166643,17.49347135811224,1.224840219416915,-1.034619226938649,1.472138938186117,0.6941400263263883,0.43038561869586567,2.166278964512505,1.475246136956023,4.0,4.866365320885443,4.866365320885443,0.0,0.046166623574278864,105.40873349890536,0.18582745229279715,1.203173738895014
True,ELLIPSE,2.957495116529774,0.15421592142432927,1,0.7507255681604147,0.9884588225092739,1.1226674255818845,0.13437550286770764,1.0,FULL_NEUTRAL,0.0,384,12.220398427449616,0.23208608809055295,3.2860892480652932,True,0.037866236004485236,0.5121033340263639,13.524009462300544,1.2261799965517266,-1.0222172937520557,1.472914836343576,0.6910614093284227,0.3019966052131637,2.465972850885162,1.5714567137296482,4.0,5.263609561166537,5.263609561166537,0.0,0.04973883934365364,105.82493742564864,0.16921537353951788,1.209749832461187
True,ROSETTE,2.198337374479171,0.7346704562008382,8,0.6623974090255796,0.9884588225092739,1.1226674255818845,0.13437550286770764,1.0,LOC_GUIDE_NEUTRAL,0.0,384,105.51678037802242,0.3219439562330434,3.9146603535509854,True,0.0205981341064933,0.4258708442246038,20.675214658902206,1.1335179841523069,-1.2206167978894102,1.472914836343576,0.49735405711528574,0.33603065840284196,1.9702688934588617,1.4414678918335262,4.0,4.5452547694446945,4.5452547694446945,0.0,0.0421992173198667,107.70945667053553,0.187053952589471,1.1410169792680984
True,ELLIPSE,5.523534078001554,0.19378468353301287,1,0.7990321134589612,0.9676621188828721,1.317711121708534,0.1433875857882114,1.0,LOC_GUIDE_NEUTRAL,0.0,384,23.154189003241562,0.40178238864133475,1.932050330909133,True,0.007663272918636941,0.22947208391568816,29.94439665036804,1.3308294267170029,-0.7763072617203358,1.4691600003627425,0.8496711328008258,0.31506829484139487,2.3188311331635685,1.4753226072003025,4.0,5.124983167080874,5.124983167080874,0.0,0.04556174480671363,112.48434819216352,0.1719465238097458,1.180702590874345
True,ELLIPSE,6.919430463716423,0.1424941198527813,1,0.748091340009123,0.9873693144647404,1.0982561565263311,0.14541544647935342,1.0,LOC_GUIDE_NEUTRAL,0.0,384,28.4791399200056,0.5909455778771011,4.185842285907581,True,0.004498621596783635,0.20959980097638733,46.59200523250149,1.241035807289204,-0.9489434298043469,1.4682815218878154,0.694534089583549,0.34238177872849795,2.1628156114713644,1.4509316161883052,4.0,4.854783034948873,4.854783034948874,8.881784197001252e-16,0.0427476369628048,113.56845383460787,0.1833019105723912,1.1197296342390899
True,ELLIPSE,4.1174845967075955,0.13299277411773802,1,0.6591970600187779,0.9909162702132016,1.0093234043360066,0.15095791971473385,1.0,FULL_NEUTRAL,0.0,384,16.895143169982937,0.4684130318398527,6.396226227696606,True,0.017775472838764492,0.35235216264597596,19.822379176185486,1.1511341493986809,-1.1077281313125167,1.4658175597131,0.5002147126741322,0.34145018754005585,2.307482459927288,1.5221149135461618,4.0,4.980731522872131,4.98073152287213,-8.881784197001252e-16,0.043307179132815996,115.00937310179097,0.17740864526046626,1.1761956618346856
True,ROSETTE,2.312305230629643,0.7007218587398529,12,0.7217384967394173,0.9943639179505408,0.9764195133049375,0.14033136418997527,1.0,LOC_GUIDE_NEUTRAL,0.0,384,157.83980083531824,0.2845505103718102,1.6965384063958748,True,0.018536330159909825,0.4010092138137337,21.633689643758725,1.1865655700200646,-1.112098740490623,1.4704606623368708,0.6180896678790685,0.24425192910288832,2.088550330215939,1.462404880242209,4.0,4.737520780478213,4.737520780478213,0.0,0.04088913153236094,115.86259240377336,0.18152119184708526,1.173628549728551
True,ROSETTE,2.6972917442253026,0.686740517653525,10,0.7784225549735129,0.9884588225092739,1.1226674255818845,0.13437550286770764,1.0,LOC_GUIDE_NEUTRAL,0.0,384,150.34259285541452,0.2616639686388173,50.459886372743235,True,0.01222354372016224,0.34817266596888335,28.483774749754986,1.2585073044975914,-0.9786449899348231,1.472914836343576,0.7625820229436412,0.4582631081780812,2.2354968592872173,1.4908830512398772,4.0,4.984887215024686,4.984887215024686,0.0,0.04286970029284133,116.2799641931972,0.17925579654964516,1.1724402079592393
True,ELLIPSE,4.705696804403369,0.1571744465827942,1,0.649867064487189,0.9943639179505408,0.9764195133049375,0.14033136418997527,1.0,FULL_NEUTRAL,0.0,384,19.463767815696748,0.5134961003262529,4.399772516686962,True,0.012674000321384347,0.28984037892653536,22.868894711758763,1.1334804643833294,-1.1853023888940069,1.4704606623368708,0.4786996324838218,0.29358052851345784,2.2427408233341506,1.520507892203829,4.0,4.8967291799213095,4.8967291799213095,0.0,0.04180169921868657,117.14186914517413,0.18200363933648886,1.1418011724340393
True,ROSETTE,2.1018474576269934,0.7641475448384881,12,0.7604564033634961,0.9676621188828721,1.317711121708534,0.1433875857882114,1.0,FULL_NEUTRAL,0.0,4096,155.60256759255827,0.25533413470531935,706.0480823703124,True,0.02133434730546795,0.4994637856795541,23.41125221822664,1.2568291506030622,-0.9244834408730571,1.4691600003627425,0.7268166831894523,0.5357283483940644,2.7317050319462592,1.6376725411407929,4.0,5.626206723690114,5.626206723690114,0.0,0.04752743830356601,118.3780764230244,0.1579305026251229,1.2025702439643198
True,ELLIPSE,4.947668449372678,0.21644909489899875,1,0.8331388403102755,0.9676621188828721,1.317711121708534,0.1433875857882114,1.0,LOC_GUIDE_NEUTRAL,0.0,384,20.926405926891576,0.32032832176019077,1.379103132119956,True,0.009945588763229882,0.24479671918549514,24.6135975469386,1.425137908535346,-0.587684551292144,1.4691600003627425,0.9892171914254925,0.3163347083195431,2.458377191788235,1.4903998838719084,4.0,5.37391498419549,5.37391498419549,0.0,0.04536279721167529,118.4652471742279,0.16396385756147658,1.239187723722602
True,ELLIPSE,4.1544435297482885,0.18050151109695436,1,0.7090590343996882,0.9676621188828721,1.317711121708534,0.1433875857882114,1.0,FULL_NEUTRAL,0.0,384,17.327958526664254,0.39736420334588374,2.9269871800423255,True,0.016780213631419242,0.3240999041573526,19.31440870040585,1.1894267390111495,-1.059116275864263,1.4691600003627425,0.5980017945766857,0.29281229082317634,2.3599740857626044,1.5361723668793388,4.0,5.085573191653093,5.085573191653092,-8.881784197001252e-16,0.042508978094344216,119.63527282086613,0.17557070388522628,1.1787903191447555
True,ELLIPSE,6.25811188129331,0.12817297024652363,1,0.6384942296892404,0.9917886455962435,1.0565071953862266,0.13628661419690297,1.0,FULL_NEUTRAL,0.0,384,25.640124715778267,0.6766869407113341,6.542539232645995,True,0.006238557083185022,0.23051491854339262,36.950037559920176,1.1221826449355106,-1.223064373052021,1.472138938186117,0.457485676623137,0.30381628053646936,2.233440895345723,1.5262293044444182,4.0,4.8818528447256515,4.8818528447256515,0.0,0.04034167088408423,121.0126585671904,0.1836941252587336,1.101421560932443
True,ELLIPSE,6.103841295757677,0.18294739654287698,1,0.7223383327387273,0.9917886455962435,1.0565071953862266,0.13628661419690297,1.0,LOC_GUIDE_NEUTRAL,0.0,384,25.48197590626029,0.534138889496258,2.606997393241573,True,0.006226203320078726,0.20052210860366246,32.2061613306144,1.1936926178000664,-1.0800316496933817,1.472138938186117,0.6228361807006241,0.2755965956073776,2.094975118886741,1.4562331287933965,4.0,4.744900865480204,4.744900865480204,0.0,0.03773452870993183,125.74427262507014,0.1874314778869772,1.128198472804612
True,ELLIPSE,5.555222181937064,0.1704059311747551,1,0.6897263029590249,0.9909162702132016,1.0093234043360066,0.15095791971473385,1.0,LOC_GUIDE_NEUTRAL,0.0,384,23.085151677752858,0.5890040895254058,3.639076327567769,True,0.008332929858281999,0.22712679732310695,27.256535358613196,1.1784562383788386,-1.053075668682987,1.4658175597131,0.5606179981906039,0.31648616036934474,2.026435557903704,1.4193224883218434,4.0,4.624214284604386,4.6242142846043865,8.881784197001252e-16,0.036084804742911786,128.14851895555094,0.19170419346544315,1.1614338267153972
True,ROSETTE,3.274175048030035,0.7758210390806198,4,0.6667117385193705,0.9917886455962435,1.0565071953862266,0.13628661419690297,1.0,LOC_GUIDE_NEUTRAL,0.0,384,86.04904749375498,0.526541727517797,17.341710692962714,True,0.007189437449872873,0.30293036360537495,42.13547523259021,1.1413760017143342,-1.1872170116442304,1.472138938186117,0.5073468172108604,0.3685731435099234,1.9794857553969774,1.4360262562518473,4.0,4.556888013363158,4.556888013363158,0.0,0.03508596673544063,129.87779552216836,0.19266746714232091,1.1166408682964633
True,ELLIPSE,6.919430463716423,0.1424941198527813,1,0.748091340009123,0.9873693144647404,1.0982561565263311,0.14541544647935342,1.0,FULL_NEUTRAL,0.0,384,28.4791399200056,0.5909455778771011,4.185842285907581,True,0.004498621596783635,0.20959980097638733,46.59200523250149,1.241035807289204,-0.9489434298043469,1.4682815218878154,0.694534089583549,0.34238177872849795,2.5051973901998625,1.5650588757644712,4.0,5.311292073253538,5.311292073253538,0.0,0.04069397554396051,130.51789613221507,0.16754699109880428,1.1197296342390899
True,ELLIPSE,5.523534078001554,0.19378468353301287,1,0.7990321134589612,0.9676621188828721,1.317711121708534,0.1433875857882114,1.0,FULL_NEUTRAL,0.0,384,23.154189003241562,0.40178238864133475,1.932050330909133,True,0.007663272918636941,0.22947208391568816,29.94439665036804,1.3308294267170029,-0.7763072617203358,1.4691600003627425,0.8496711328008258,0.31506829484139487,2.6338994280049635,1.580345372147434,4.0,5.5450742268694,5.5450742268694,0.0,0.04234247236487472,130.9577338584822,0.1589199718721408,1.180702590874345
True,ELLIPSE,4.650424172460831,0.21161316592246296,1,0.762580742277205,0.9909162702132016,1.0093234043360066,0.15095791971473385,1.0,LOC_GUIDE_NEUTRAL,0.0,384,19.630976473533558,0.40473452661514425,1.9393799393823903,True,0.012391298903994067,0.2564815268790567,20.69851828014458,1.2733086543792418,-0.8633610586715652,1.4658175597131,0.7404664031427992,0.3038234569924486,2.206283962855899,1.4476512253022353,4.0,4.927243842537376,4.927243842537376,0.0,0.037042191349796125,133.01707223550895,0.1793682996122573,1.2236430908344895
True,ROSETTE,3.311995379311219,0.7094568170607091,12,0.8056306324899196,0.9873693144647404,1.0982561565263311,0.14541544647935342,1.0,LOC_GUIDE_NEUTRAL,0.0,384,228.86456021539965,0.3280660830477488,1.3453354163493543,True,0.0069082260968819555,0.286724371269159,41.504775212637114,1.3308737870019853,-0.8015069283030705,1.4682815218878154,0.863791275629529,0.2822855480538821,2.3320727975173443,1.4881511709408002,4.0,5.15109775546013,5.15109775546013,0.0,0.0384078884945168,134.11561940447504,0.16927767441429584,1.1833419186716274
True,ROSETTE,2.775456129424159,0.6962930333986879,14,0.6958345120958984,0.9943639179505408,0.9764195133049375,0.14033136418997527,1.0,LOC_GUIDE_NEUTRAL,0.0,384,218.16776723237194,0.3628249060099846,61.12267791722584,True,0.011802542664446634,0.32069142648839205,27.171384641923492,1.1585535686988102,-1.1761603726312366,1.4704606623368708,0.5609550338334286,0.46294459317397396,2.031415696170299,1.4553765458334487,4.0,4.645345810702558,4.645345810702558,0.0,0.0341771334114952,135.9197026494953,0.191285196604087,1.1455253664023743
True,ROSETTE,2.136709685284915,0.7561518833413721,7,0.6020031308755278,0.9917886455962435,1.0565071953862266,0.13628661419690297,1.0,LOC_GUIDE_NEUTRAL,0.0,384,92.61189366232246,0.3842253776698282,241.92824790463712,True,0.02206174517773357,0.41933211104958407,19.00720490021826,1.0990520599891347,-1.2791022550813809,1.472138938186117,0.3983050057172946,0.48919164669345006,1.8704439439034115,1.4161994196579757,4.0,4.385695423550522,4.385695423550522,0.0,0.03192463786480072,137.37651284013705,0.2043228601678525,1.1500214750306073
True,ELLIPSE,3.675914468701814,0.17514339458197356,1,0.6077667495235801,0.9917886455962435,1.0565071953862266,0.13628661419690297,1.0,LOC_GUIDE_NEUTRAL,0.0,384,15.301825234202795,0.43775850186681164,3.8699497412894703,True,0.02363433800163184,0.3453510920493169,14.612260010222078,1.103985181562933,-1.2594478800289566,1.472138938186117,0.4077905120558752,0.26912759500634137,1.879929450241992,1.4144541706112939,4.0,4.398368802416219,4.398368802416218,-8.881784197001252e-16,0.03180937258968644,138.27273046694117,0.20454599393538136,1.165917129240319
True,ROSETTE,2.042956247520859,0.7620339367166162,16,0.6528349532745779,0.9909162702132016,1.0093234043360066,0.15095791971473385,1.0,LOC_GUIDE_NEUTRAL,0.0,384,202.33271410267312,0.3566212106984511,0.8658943250310149,True,0.024775904932768537,0.4360485813203498,17.599703522579844,1.130446270489035,-1.212227589760491,1.4658175597131,0.4817888256962878,0.14381933596358096,1.947606385409388,1.4300934152196383,4.0,4.508146071118062,4.5081460711180625,8.881784197001252e-16,0.032559588454657146,138.45832472348837,0.2153160973126558,1.15264230042586
True,ELLIPSE,4.947668449372678,0.21644909489899875,1,0.8331388403102755,0.9676621188828721,1.317711121708534,0.1433875857882114,1.0,FULL_NEUTRAL,0.0,384,20.926405926891576,0.32032832176019077,1.379103132119956,True,0.009945588763229882,0.24479671918549514,24.6135975469386,1.425137908535346,-0.587684551292144,1.4691600003627425,0.9892171914254925,0.3163347083195431,2.774711900107778,1.5958447866450893,4.0,5.7956945952882135,5.7956945952882135,0.0,0.04116795065103203,140.78171256122323,0.1520314461932576,1.239187723722602
True,ELLIPSE,6.103841295757677,0.18294739654287698,1,0.7223383327387273,0.9917886455962435,1.0565071953862266,0.13628661419690297,1.0,FULL_NEUTRAL,0.0,384,25.48197590626029,0.534138889496258,2.606997393241573,True,0.006226203320078726,0.20052210860366246,32.2061613306144,1.1936926178000664,-1.0800316496933817,1.472138938186117,0.6228361807006241,0.2755965956073776,2.370571714494119,1.5480986606625224,4.0,5.112362992956708,5.112362992956708,0.0,0.03544663479183443,144.22703376441265,0.17395943575786754,1.128198472804612
True,ROSETTE,2.3391752765244394,0.7440147753059865,4,0.7574065574817359,0.9873693144647404,1.0982561565263311,0.14541544647935342,1.0,FULL_NEUTRAL,0.0,384,59.13563251389941,0.2981312354445471,14.873533803027092,True,0.01690574971510646,0.43184971214014756,25.54454664345704,1.2540766603334426,-0.9253736917161743,1.4682815218878154,0.7194195027453568,0.39655713409179233,2.5842581587249644,1.5879028369248605,4.0,5.426237655983267,5.426237655983267,0.0,0.03756682761448327,144.4422646401814,0.16441574954403368,1.2017822399498455
True,ROSETTE,2.312305230629643,0.7007218587398529,12,0.7217384967394173,0.9943639179505408,0.9764195133049375,0.14033136418997527,1.0,FULL_NEUTRAL,0.0,384,157.83980083531824,0.2845505103718102,1.6965384063958748,True,0.018536330159909825,0.4010092138137337,21.633689643758725,1.1865655700200646,-1.112098740490623,1.4704606623368708,0.6180896678790685,0.24425192910288832,2.3328022593188273,1.5438221899431717,4.0,5.063190019282064,5.063190019282064,0.0,0.03485241899896625,145.2751391354569,0.16984557466691266,1.173628549728551
True,ROSETTE,3.118809270425548,0.7342038172483445,11,0.6134510037861765,0.9884588225092739,1.1226674255818845,0.13437550286770764,1.0,LOC_GUIDE_NEUTRAL,0.0,384,203.77331469555162,0.5146973763008834,295.2461221997945,True,0.008722733476618515,0.28478645847627465,32.64876305571541,1.1004888348943378,-1.2994025383175076,1.472914836343576,0.4141383068415277,0.4915265000254678,1.8870531431851036,1.4289815054656498,4.0,4.416523483545092,4.416523483545092,0.0,0.03018084483326365,146.3353165872098,0.20498779259260894,1.1123224493349915
True,ROSETTE,2.576543783890142,0.7162209598720074,6,0.6730591626651585,0.9873693144647404,1.0982561565263311,0.14541544647935342,1.0,LOC_GUIDE_NEUTRAL,0.0,384,91.54020982676477,0.39216540768882086,6.039911830065415,True,0.014292603719866612,0.34666384711445514,24.25477218210388,1.1552017752574593,-1.1273950441901752,1.4682815218878154,0.5233163810311411,0.39949970294435755,1.9915979029189566,1.424731574122197,4.0,4.571531252298613,4.571531252298613,0.0,0.031002740284856847,147.45571553658945,0.20325298795920177,1.1668629426795298
True,ROSETTE,2.278257682111515,0.6780943088978529,5,0.7770258279331028,0.9943639179505408,0.9764195133049375,0.14033136418997527,1.0,LOC_GUIDE_NEUTRAL,0.0,384,64.77456888889941,0.2367374825236786,57.08868067081136,True,0.0194249095566842,0.4045959326726395,20.828716421663657,1.2760014863005082,-0.9046089990355919,1.4704606623368708,0.7704103165454337,0.4284053151131564,2.2408709788823042,1.4738271547394681,4.0,4.990699619922281,4.990699619922281,0.0,0.03383498667846635,147.50115516074723,0.17779719315376452,1.229473820338145
True,ROSETTE,3.6479573322831635,0.7364910386502743,14,0.7280890076979994,0.9676621188828721,1.317711121708534,0.1433875857882114,1.0,LOC_GUIDE_NEUTRAL,0.0,384,303.1365149977287,0.4700726088802174,51.273627653149404,True,0.0054575760590472085,0.260016496023652,47.64321984896827,1.1960085512125307,-1.086763947480563,1.4691600003627425,0.6340204024583521,0.46858816781641577,2.1031804028210948,1.4619843005047295,4.0,4.761173254538355,4.761173254538355,0.0,0.03215966971208836,148.0479525182654,0.18800593837156412,1.1252013310492572
True,ROSETTE,3.00450050057674,0.6893266621604562,4,0.8154871281608939,0.9943639179505408,0.9764195133049375,0.14033136418997527,1.0,LOC_GUIDE_NEUTRAL,0.0,384,70.8100472354823,0.28341413502264035,11.633183807711209,True,0.009137502479083555,0.30801127417992763,33.70847503297418,1.3608476115288215,-0.7330107865042524,1.4704606623368708,0.904989866415139,0.3897421271222964,2.37545052875201,1.4897696422616946,4.0,5.226067782542526,5.226067782542526,0.0,0.035193890205514854,148.49360931755155,0.1716150668426287,1.214600025611777
True,ELLIPSE,6.591298135335057,0.1602374069020152,1,0.6196049018763006,0.9884588225092739,1.1226674255818845,0.13437550286770764,1.0,LOC_GUIDE_NEUTRAL,0.0,384,27.292029209048792,0.7461738500839599,4.392267729297024,True,0.005572734860625278,0.1831729880960337,32.869496338370766,1.1091375318520988,-1.2563012013928532,1.472914836343576,0.4258092498674971,0.2745596655533905,1.898724086211073,1.421387606485342,4.0,4.4292492245485136,4.429249224548514,8.881784197001252e-16,0.0295075237042534,150.10575841408385,0.20209807383901474,1.109386188440302
True,ROSETTE,2.198337374479171,0.7346704562008382,8,0.6623974090255796,0.9884588225092739,1.1226674255818845,0.13437550286770764,1.0,FULL_NEUTRAL,0.0,384,105.51678037802242,0.3219439562330434,3.9146603535509854,True,0.0205981341064933,0.4258708442246038,20.675214658902206,1.1335179841523069,-1.2206167978894102,1.472914836343576,0.49735405711528574,0.33603065840284196,2.3062995518617035,1.5534781113011402,4.0,4.993295647315151,4.993295647315151,0.0,0.032970411232300045,151.4477818348647,0.17026988390081085,1.1410169792680984
True,ELLIPSE,3.567414354754846,0.19790960332378746,1,0.7101560946926474,0.9909162702132016,1.0093234043360066,0.15095791971473385,1.0,LOC_GUIDE_NEUTRAL,0.0,384,14.978126886364041,0.3608987292591733,2.576495267702147,True,0.024713465653108606,0.35492186382932683,14.361476808279322,1.200102222087285,-1.0097772936495621,1.4658175597131,0.6052375674096079,0.2991126688396327,2.071055127122708,1.4269782142865184,4.0,4.698135563496511,4.698135563496511,0.0,0.030952713962237755,151.78428519154176,0.18736789062962853,1.2368694522851849
True,ROSETTE,3.606300826390463,0.7086043223738671,6,0.7893715998530387,0.9917886455962435,1.0565071953862266,0.13628661419690297,1.0,LOC_GUIDE_NEUTRAL,0.0,384,126.82000339841528,0.3599219317043042,4.110909886327329,True,0.005541911363424256,0.25420282232040803,45.86916059287897,1.2897423296297865,-0.8947551768727439,1.472138938186117,0.8036481478783191,0.3894358414056931,2.275787086064436,1.4867615308556552,4.0,5.052290946549878,5.052290946549877,-8.881784197001252e-16,0.03273672592761472,154.33097853832936,0.1683356597312861,1.1524467136862937
True,ROSETTE,3.311995379311219,0.7094568170607091,12,0.8056306324899196,0.9873693144647404,1.0982561565263311,0.14541544647935342,1.0,FULL_NEUTRAL,0.0,384,228.86456021539965,0.3280660830477488,1.3453354163493543,True,0.0069082260968819555,0.286724371269159,41.504775212637114,1.3308737870019853,-0.8015069283030705,1.4682815218878154,0.863791275629529,0.2822855480538821,2.6143583455712265,1.5822463536254274,4.0,5.527478486198639,5.527478486198639,0.0,0.03580776530806553,154.3653573085054,0.15775110674825238,1.1833419186716274
True,ELLIPSE,5.555222181937064,0.1704059311747551,1,0.6897263029590249,0.9909162702132016,1.0093234043360066,0.15095791971473385,1.0,FULL_NEUTRAL,0.0,384,23.085151677752858,0.5890040895254058,3.639076327567769,True,0.008332929858281999,0.22712679732310695,27.256535358613196,1.1784562383788386,-1.053075668682987,1.4658175597131,0.5606179981906039,0.31648616036934474,2.3429217182730486,1.5248178751116246,4.0,5.046195831763512,5.046195831763511,-8.881784197001252e-16,0.032568462108945484,154.94117637128124,0.1756731802324174,1.1614338267153972
True,ROSETTE,3.96753254744325,0.7564563924446702,6,0.7440577073395253,0.9943639179505408,0.9764195133049375,0.14033136418997527,1.0,LOC_GUIDE_NEUTRAL,0.0,384,148.55805983592037,0.5015146281651423,4.037367239685832,True,0.004247745237619241,0.250126742676877,58.88459139726257,1.2236007755486862,-1.0119392412909296,1.4704606623368708,0.6774121517580279,0.38465673727225447,2.1478728140948986,1.4611376103115046,4.0,4.832611199955089,4.832611199955089,0.0,0.031163266910486105,155.0739597949202,0.17568809375463226,1.1204829708287172
True,ELLIPSE,5.793209470271035,0.18478316912427545,1,0.6441304100118578,0.9943639179505408,0.9764195133049375,0.14033136418997527,1.0,LOC_GUIDE_NEUTRAL,0.0,384,24.20179277805068,0.6483075927283429,3.2681716487254633,True,0.00763054008847466,0.19711653001470053,25.832579048032233,1.1294720455920975,-1.1933129564458171,1.4704606623368708,0.4686224527775188,0.27329170122606006,1.9390831151143897,1.4206227057174348,4.0,4.489177866423922,4.489177866423922,0.0,0.028543694965431042,157.27388734572438,0.19873236261982452,1.1401077827986508
True,ROSETTE,2.5862719866815373,0.662562418691814,7,0.7199442199803888,0.9884588225092739,1.1226674255818845,0.13437550286770764,1.0,LOC_GUIDE_NEUTRAL,0.0,384,98.6636904586191,0.2932492859556023,97.68457633173112,True,0.014557154083503346,0.33010286634869895,22.676332506693914,1.185010830546931,-1.1141803890597433,1.472914836343576,0.6142144343471753,0.4423994400751906,2.087129270690751,1.4621068300991418,4.0,4.734246931336823,4.734246931336823,0.0,0.030029914566512966,157.65102897149393,0.18807690942614544,1.1701876512012128
True,ROSETTE,2.6972917442253026,0.686740517653525,10,0.7784225549735129,0.9884588225092739,1.1226674255818845,0.13437550286770764,1.0,FULL_NEUTRAL,0.0,384,150.34259285541452,0.2616639686388173,50.459886372743235,True,0.01222354372016224,0.34817266596888335,28.483774749754986,1.2585073044975914,-0.9786449899348231,1.472914836343576,0.7625820229436412,0.4582631081780812,2.6937599674652986,1.6436374206325712,4.0,5.595904692595461,5.595904692595462,8.881784197001252e-16,0.03540090144197171,158.07237851748297,0.15968283548891926,1.1724402079592393
True,ROSETTE,1.7342296350067352,0.7406663012877107,9,0.7037415342777967,0.9943639179505408,0.9764195133049375,0.14033136418997527,1.0,LOC_GUIDE_NEUTRAL,0.0,384,93.94937889624907,0.23772193866804997,24.138375800048426,True,0.036333732802262465,0.5323595574526578,14.651936819976513,1.1736393267920784,-1.1218155568992438,1.4704606623368708,0.5812473964768285,0.4328883275649961,2.0517080588136993,1.4490543141683405,4.0,4.674401699774118,4.674401699774118,0.0,0.029324637188135327,159.40185959624998,0.19245234519235557,1.20409347138094
True,ROSETTE,3.804985997714742,0.766014887727797,2,0.8262431143596768,0.9884588225092739,1.1226674255818845,0.13437550286770764,1.0,LOC_GUIDE_NEUTRAL,0.0,384,55.114023478087745,0.40548203829033785,17.98465725448268,True,0.004438004621155379,0.2910096475644399,65.57218218684037,1.3766387227201697,-0.7215147973331661,1.472914836343576,0.9398005349681873,0.28356842301462115,2.412715371311763,1.5036229637883665,4.0,5.292977057820299,5.2929770578203,8.881784197001252e-16,0.033095246349799025,159.93164099388676,0.1687124971202034,1.163064882421972
True,ROSETTE,3.274175048030035,0.7758210390806198,4,0.6667117385193705,0.9917886455962435,1.0565071953862266,0.13628661419690297,1.0,FULL_NEUTRAL,0.0,384,86.04904749375498,0.526541727517797,17.341710692962714,True,0.007189437449872873,0.30293036360537495,42.13547523259021,1.1413760017143342,-1.1872170116442304,1.472138938186117,0.5073468172108604,0.3685731435099234,2.348058898906901,1.5588839707551552,4.0,5.04831887137639,5.04831887137639,0.0,0.03155285532081714,159.99562702161342,0.17391216639738755,1.1166408682964633
True,ROSETTE,2.7882852351892575,0.7568998267129063,9,0.5861929736658931,0.9873693144647404,1.0982561565263311,0.14541544647935342,1.0,LOC_GUIDE_NEUTRAL,0.0,384,154.2965230035051,0.5542702877390666,32.439541153197666,True,0.011689851548396243,0.3104544647193202,26.557605409618066,1.0963694197644411,-1.2550144162318262,1.4682815218878154,0.3767368746363458,0.4570173858284864,1.845018396524161,1.3988007441734762,4.0,4.340188560462078,4.340188560462079,8.881784197001252e-16,0.026764741513898044,162.16067538736968,0.2052693881728721,1.1460363865807883
True,ELLIPSE,5.746487106264578,0.22484161961823704,1,0.7756169567815959,0.9943639179505408,0.9764195133049375,0.14033136418997527,1.0,LOC_GUIDE_NEUTRAL,0.0,384,24.388357696838995,0.4477119873002433,1.5382414521306742,True,0.007036701703669816,0.18002473424936025,25.58368136530114,1.2756889138356033,-0.9008685170624673,1.4704606623368708,0.7674310590814405,0.27011550696996556,2.237891721418311,1.4714830507721273,4.0,4.9850636860260416,4.9850636860260416,0.0,0.03068899554724605,162.43815078116455,0.17755991871755797,1.1829737634041455
True,ELLIPSE,4.650424172460831,0.21161316592246296,1,0.762580742277205,0.9909162702132016,1.0093234043360066,0.15095791971473385,1.0,FULL_NEUTRAL,0.0,384,19.630976473533558,0.40473452661514425,1.9393799393823903,True,0.012391298903994067,0.2564815268790567,20.69851828014458,1.2733086543792418,-0.8633610586715652,1.4658175597131,0.7404664031427992,0.3038234569924486,2.5101074198483477,1.548925710966385,4.0,5.332341785193974,5.332341785193975,8.881784197001252e-16,0.032022501656945174,166.51858878231874,0.16574169200197741,1.2236430908344895
True,ROSETTE,2.9360821839540616,0.6695287899300456,9,0.7907775155454874,0.9909162702132016,1.0093234043360066,0.15095791971473385,1.0,LOC_GUIDE_NEUTRAL,0.0,384,144.10182827668694,0.30121692213219087,23.380011811899674,True,0.010174952973147581,0.29307764582322504,28.8038329608675,1.31907189086551,-0.788332789485495,1.4658175597131,0.8248540107714596,0.5059459789830494,2.2906715704845597,1.466025416945188,4.0,5.075768878295258,5.075768878295257,-8.881784197001252e-16,0.030293321855307698,167.5540537462032,0.17161251799657676,1.2298676468721004
True,ROSETTE,2.042956247520859,0.7620339367166162,16,0.6528349532745779,0.9909162702132016,1.0093234043360066,0.15095791971473385,1.0,FULL_NEUTRAL,0.0,384,202.33271410267312,0.3566212106984511,0.8658943250310149,True,0.024775904932768537,0.4360485813203498,17.599703522579844,1.130446270489035,-1.212227589760491,1.4658175597131,0.4817888256962878,0.14381933596358096,2.091425721372969,1.4780331938741653,4.0,4.69990518573617,4.699905185736171,8.881784197001252e-16,0.027808582860887027,169.00915840435079,0.20653106388070286,1.15264230042586
True,ROSETTE,2.8820349940424164,0.6914810398593545,8,0.7066604953259229,0.9909162702132016,1.0093234043360066,0.15095791971473385,1.0,LOC_GUIDE_NEUTRAL,0.0,384,130.4003279220666,0.39666002203401585,3.8116390150173243,True,0.01097167938100127,0.2957557275001893,26.95628601874062,1.1919161236491718,-1.0389644851196995,1.4658175597131,0.5952060290857953,0.3958867072515169,2.0610235887988955,1.430634732522589,4.0,4.683574444970656,4.683574444970656,0.0,0.027491333415402983,170.3654884323115,0.18300532592743143,1.18621609714509
True,ROSETTE,2.6972917442253026,0.686740517653525,10,0.7784225549735129,0.9884588225092739,1.1226674255818845,0.13437550286770764,2.0,LOC_GUIDE_NEUTRAL,0.0,384,150.34259285541452,0.5233279372776346,100.91977274548647,True,0.01405459331231815,0.2806904092123949,19.971435883981343,1.2585073044975914,-0.9786449899348231,0.368228709085894,0.7625820229436412,0.9165262163561624,1.130810732029535,1.1226543421539832,4.0,3.5119723786811097,3.5119723786811097,0.0,0.020378668379241474,172.33571464652445,0.2544353520157709,1.3234466757044832
True,ROSETTE,4.467032709617157,0.759787833839655,15,0.7977192114852368,0.9873693144647404,1.0982561565263311,0.14541544647935342,1.0,LOC_GUIDE_NEUTRAL,0.0,384,409.8938105094764,0.48321447391572625,14.416905964160781,True,0.002962086932260642,0.22856780389243284,77.16444828241136,1.3039123449389054,-0.871165391586298,1.4682815218878154,0.8297523664270756,0.4716609529264626,2.298033888314891,1.4910372082800316,4.0,5.092983441533828,5.092983441533828,0.0,0.02925608172669379,174.08289630551914,0.17247697041771182,1.1252119060902428
True,ELLIPSE,6.591298135335057,0.1602374069020152,1,0.6196049018763006,0.9884588225092739,1.1226674255818845,0.13437550286770764,1.0,FULL_NEUTRAL,0.0,384,27.292029209048792,0.7461738500839599,4.392267729297024,True,0.005572734860625278,0.1831729880960337,32.869496338370766,1.1091375318520988,-1.2563012013928532,1.472914836343576,0.4258092498674971,0.2745596655533905,2.1732837517644636,1.5129074950031385,4.0,4.795328778619701,4.795328778619701,0.0,0.027467459411518742,174.58217401092193,0.18666973176589247,1.109386188440302
True,ELLIPSE,6.609248735452742,0.15151033444330098,1,0.5921898330189288,0.9676621188828721,1.317711121708534,0.1433875857882114,1.0,LOC_GUIDE_NEUTRAL,0.0,384,27.28434166191478,0.8560945767421424,5.618649821458452,True,0.005804244303485184,0.17742786094847018,30.568641096297902,1.1011818022666726,-1.2356126473787346,1.4691600003627425,0.3861721229808497,0.3036181151716939,1.8553321233435922,1.3973755243296664,4.0,4.353889449939931,4.353889449939931,0.0,0.02462195578258232,176.8295536059687,0.20432675995033825,1.1295195745901427
True,ROSETTE,2.479088048816002,0.6445856604725123,11,0.8179734000749885,0.9873693144647404,1.0982561565263311,0.14541544647935342,1.0,LOC_GUIDE_NEUTRAL,0.0,384,142.5125100371997,0.21313459570582757,124.35507924496746,True,0.016056212621476218,0.34870209466537905,21.717580782342626,1.3664081551181013,-0.7235199033977923,1.4682815218878154,0.9142370287161562,0.5425879295734588,2.3825185506039714,1.4908155363732885,4.0,5.239742242095361,5.239742242095361,0.0,0.029375939432348133,178.36849964108632,0.1674480883686534,1.273644877146587
True,ROSETTE,3.804985997714742,0.766014887727797,2,0.8262431143596768,0.9884588225092739,1.1226674255818845,0.13437550286770764,1.0,FULL_NEUTRAL,0.0,384,55.114023478087745,0.40548203829033785,17.98465725448268,True,0.004438004621155379,0.2910096475644399,65.57218218684037,1.3766387227201697,-0.7215147973331661,1.472914836343576,0.9398005349681873,0.28356842301462115,2.6962837943263844,1.598145771459907,4.0,5.671068288506461,5.671068288506461,0.0,0.031417275720795515,180.5079580707472,0.1574644019777778,1.163064882421972
True,ROSETTE,2.76020847989703,0.670653933994472,3,0.8023049934022128,0.9943639179505408,0.9764195133049375,0.14033136418997527,1.0,LOC_GUIDE_NEUTRAL,0.0,384,49.480833775987136,0.27681017827715476,13.695647996272752,True,0.011887933556327812,0.32001250823464533,26.919103031519413,1.3292314805474115,-0.7948137106232377,1.4704606623368708,0.8556174014182814,0.3422784086041553,2.326078063755152,1.4833744183086006,4.0,5.1386839626111644,5.1386839626111644,0.0,0.028038056959790822,183.27532360678612,0.17486544602629078,1.2355369877991853
True,ROSETTE,3.96753254744325,0.7564563924446702,6,0.7440577073395253,0.9943639179505408,0.9764195133049375,0.14033136418997527,1.0,FULL_NEUTRAL,0.0,384,148.55805983592037,0.5015146281651423,4.037367239685832,True,0.004247745237619241,0.250126742676877,58.88459139726257,1.2236007755486862,-1.0119392412909296,1.4704606623368708,0.6774121517580279,0.38465673727225447,2.532529551367153,1.5893565227355895,4.0,5.3454868496514285,5.3454868496514285,0.0,0.028984701811997603,184.42442100400623,0.15883160382908054,1.1204829708287172
True,ROSETTE,1.8885272047709825,0.7239944413304329,9,0.7528073049336672,0.9917886455962435,1.0565071953862266,0.13628661419690297,1.0,FULL_NEUTRAL,0.0,384,100.05185977586206,0.2128277720613437,21.309214522589656,True,0.02948887022800329,0.5158627067166643,17.49347135811224,1.224840219416915,-1.034619226938649,1.472138938186117,0.6941400263263883,0.43038561869586567,2.596664583208371,1.618708009854645,4.0,5.440212812479931,5.440212812479931,0.0,0.029244509363983817,186.0251011487252,0.16622589973533286,1.203173738895014
True,ROSETTE,3.606300826390463,0.7086043223738671,6,0.7893715998530387,0.9917886455962435,1.0565071953862266,0.13628661419690297,1.0,FULL_NEUTRAL,0.0,384,126.82000339841528,0.3599219317043042,4.110909886327329,True,0.005541911363424256,0.25420282232040803,45.86916059287897,1.2897423296297865,-0.8947551768727439,1.472138938186117,0.8036481478783191,0.3894358414056931,2.665222927470129,1.6165734779908865,4.0,5.571538735090802,5.571538735090802,0.0,0.029859100707866855,186.59432477894055,0.1526473690805305,1.1524467136862937
True,ROSETTE,3.6479573322831635,0.7364910386502743,14,0.7280890076979994,0.9676621188828721,1.317711121708534,0.1433875857882114,1.0,FULL_NEUTRAL,0.0,384,303.1365149977287,0.4700726088802174,51.273627653149404,True,0.0054575760590472085,0.260016496023652,47.64321984896827,1.1960085512125307,-1.086763947480563,1.4691600003627425,0.6340204024583521,0.46858816781641577,2.5717685706375106,1.6181803564435349,4.0,5.385957478293577,5.385957478293577,0.0,0.02874986229045147,187.3385487513234,0.16619679027853734,1.1252013310492572
True,ELLIPSE,5.793209470271035,0.18478316912427545,1,0.6441304100118578,0.9943639179505408,0.9764195133049375,0.14033136418997527,1.0,FULL_NEUTRAL,0.0,384,24.20179277805068,0.6483075927283429,3.2681716487254633,True,0.00763054008847466,0.19711653001470053,25.832579048032233,1.1294720455920975,-1.1933129564458171,1.4704606623368708,0.4686224527775188,0.27329170122606006,2.21237481634045,1.5117199394594547,4.0,4.853566801392002,4.8535668013920015,-8.881784197001252e-16,0.02576321058936052,188.39138020307098,0.1838122271973638,1.1401077827986508
True,ROSETTE,3.00450050057674,0.6893266621604562,4,0.8154871281608939,0.9943639179505408,0.9764195133049375,0.14033136418997527,1.0,FULL_NEUTRAL,0.0,384,70.8100472354823,0.28341413502264035,11.633183807711209,True,0.009137502479083555,0.30801127417992763,33.70847503297418,1.3608476115288215,-0.7330107865042524,1.4704606623368708,0.904989866415139,0.3897421271222964,2.7651926558743063,1.6196836846357934,4.0,5.745723952038921,5.745723952038921,0.0,0.03044553066847048,188.72142563733394,0.15609381503733416,1.214600025611777
True,ELLIPSE,5.746487106264578,0.22484161961823704,1,0.7756169567815959,0.9943639179505408,0.9764195133049375,0.14033136418997527,1.0,FULL_NEUTRAL,0.0,384,24.388357696838995,0.4477119873002433,1.5382414521306742,True,0.007036701703669816,0.18002473424936025,25.58368136530114,1.2756889138356033,-0.9008685170624673,1.4704606623368708,0.7674310590814405,0.27011550696996556,2.508007228388277,1.5615215530954492,4.0,5.345217695319329,5.345217695319329,0.0,0.02815469921646846,189.85170660934511,0.1655961559185391,1.1829737634041455
True,ROSETTE,2.775456129424159,0.6962930333986879,14,0.6958345120958984,0.9943639179505408,0.9764195133049375,0.14033136418997527,1.0,FULL_NEUTRAL,0.0,384,218.16776723237194,0.3628249060099846,61.12267791722584,True,0.011802542664446634,0.32069142648839205,27.171384641923492,1.1585535686988102,-1.1761603726312366,1.4704606623368708,0.5609550338334286,0.46294459317397396,2.4943602893442733,1.6096914102247732,4.0,5.262605268267857,5.262605268267857,0.0,0.026891902328547587,195.69479332375985,0.1688490474579488,1.1455253664023743
True,ROSETTE,3.311995379311219,0.7094568170607091,12,0.8056306324899196,0.9873693144647404,1.0982561565263311,0.14541544647935342,2.0,LOC_GUIDE_NEUTRAL,0.0,384,228.86456021539965,0.6561321660954976,2.6906708326987085,True,0.008248425336355216,0.22736041395584614,27.564099168570678,1.3308737870019853,-0.8015069283030705,0.36707038047195384,0.863791275629529,0.5645710961077642,1.230861656101483,1.1210807904688462,4.0,3.6828162335723142,3.6828162335723142,0.0,0.018729399724071942,196.63290269997165,0.23676604897529388,1.3692580363351115
True,ROSETTE,3.092783582295403,0.6659134117886424,13,0.6833810896798969,0.9676621188828721,1.317711121708534,0.1433875857882114,1.0,LOC_GUIDE_NEUTRAL,0.0,384,216.2458829149344,0.4097735776087996,236.59186466303692,True,0.0094280728952031,0.25488242203587985,27.0344135932128,1.1535104847821942,-1.1673822720170468,1.4691600003627425,0.538700601285089,0.513736429954037,2.0078606016478315,1.4429177861490243,4.0,4.60428887257905,4.60428887257905,0.0,0.023077417846383383,199.51490687683759,0.1933196922398971,1.1512654904902255
True,ELLIPSE,3.675914468701814,0.17514339458197356,1,0.6077667495235801,0.9917886455962435,1.0565071953862266,0.13628661419690297,1.0,FULL_NEUTRAL,0.0,384,15.301825234202795,0.43775850186681164,3.8699497412894703,True,0.02363433800163184,0.3453510920493169,14.612260010222078,1.103985181562933,-1.2594478800289566,1.472138938186117,0.4077905120558752,0.26912759500634137,2.1490570452483335,1.504163368946741,4.0,4.757205595758007,4.757205595758007,0.0,0.023328502528424888,203.92245880169693,0.18911705627918032,1.165917129240319
True,ROSETTE,3.118809270425548,0.7342038172483445,11,0.6134510037861765,0.9884588225092739,1.1226674255818845,0.13437550286770764,1.0,FULL_NEUTRAL,0.0,384,203.77331469555162,0.5146973763008834,295.2461221997945,True,0.008722733476618515,0.28478645847627465,32.64876305571541,1.1004888348943378,-1.2994025383175076,1.472914836343576,0.4141383068415277,0.4915265000254678,2.3785796432105712,1.5928236721408056,4.0,5.071892150245715,5.071892150245715,0.0,0.024464238624707285,207.3186183331058,0.17850012835573956,1.1123224493349915
True,ROSETTE,4.467032709617157,0.759787833839655,15,0.7977192114852368,0.9873693144647404,1.0982561565263311,0.14541544647935342,1.0,FULL_NEUTRAL,0.0,384,409.8938105094764,0.48321447391572625,14.416905964160781,True,0.002962086932260642,0.22856780389243284,77.16444828241136,1.3039123449389054,-0.871165391586298,1.4682815218878154,0.8297523664270756,0.4716609529264626,2.769694841241354,1.6482575259221859,4.0,5.7218647121024455,5.7218647121024455,0.0,0.02739328073319902,208.87840225606445,0.15352029427143835,1.1252119060902428
True,ELLIPSE,6.609248735452742,0.15151033444330098,1,0.5921898330189288,0.9676621188828721,1.317711121708534,0.1433875857882114,1.0,FULL_NEUTRAL,0.0,384,27.28434166191478,0.8560945767421424,5.618649821458452,True,0.005804244303485184,0.17742786094847018,30.568641096297902,1.1011818022666726,-1.2356126473787346,1.4691600003627425,0.3861721229808497,0.3036181151716939,2.158950238515286,1.498581562720231,4.0,4.75871360350219,4.75871360350219,0.0,0.02227225749535537,213.66103568506992,0.18694466585118108,1.1295195745901427
True,ROSETTE,2.576543783890142,0.7162209598720074,6,0.6730591626651585,0.9873693144647404,1.0982561565263311,0.14541544647935342,1.0,FULL_NEUTRAL,0.0,384,91.54020982676477,0.39216540768882086,6.039911830065415,True,0.014292603719866612,0.34666384711445514,24.25477218210388,1.1552017752574593,-1.1273950441901752,1.4682815218878154,0.5233163810311411,0.39949970294435755,2.391097605863314,1.5578981417703162,4.0,5.10419752289109,5.10419752289109,0.0,0.023389552364339344,218.22553263880138,0.18204181605657482,1.1668629426795298
True,ROSETTE,2.8820349940424164,0.6914810398593545,8,0.7066604953259229,0.9909162702132016,1.0093234043360066,0.15095791971473385,1.0,FULL_NEUTRAL,0.0,384,130.4003279220666,0.39666002203401585,3.8116390150173243,True,0.01097167938100127,0.2957557275001893,26.95628601874062,1.1919161236491718,-1.0389644851196995,1.4658175597131,0.5952060290857953,0.3958867072515169,2.4569102960504123,1.5625969682730947,4.0,5.211423387972679,5.21142338797268,8.881784197001252e-16,0.021699944051184375,240.15837901149985,0.164469282957391,1.18621609714509
True,ELLIPSE,6.464016107397498,0.2018627636693418,1,0.6782106675580144,0.9676621188828721,1.317711121708534,0.1433875857882114,1.0,FULL_NEUTRAL,0.0,384,27.18162671893294,0.6791452282162294,2.5723033675677054,True,0.005702376960181516,0.15775611933087716,27.664975576405162,1.1595709653638826,-1.1188222244981239,1.4691600003627425,0.5333675201868268,0.2718315055798428,2.274359026129412,1.5175840719971394,4.0,4.951514063490434,4.951514063490434,0.0,0.020605653113421815,240.29881684580954,0.18021372328195007,1.150662631637932
True,ELLIPSE,3.567414354754846,0.19790960332378746,1,0.7101560946926474,0.9909162702132016,1.0093234043360066,0.15095791971473385,1.0,FULL_NEUTRAL,0.0,384,14.978126886364041,0.3608987292591733,2.576495267702147,True,0.024713465653108606,0.35492186382932683,14.361476808279322,1.200102222087285,-1.0097772936495621,1.4658175597131,0.6052375674096079,0.2991126688396327,2.3701677959623404,1.5266824372330625,4.0,5.096952455282688,5.096952455282688,0.0,0.02109656640520055,241.60104338240697,0.17270707508994418,1.2368694522851849
True,ROSETTE,2.278257682111515,0.6780943088978529,5,0.7770258279331028,0.9943639179505408,0.9764195133049375,0.14033136418997527,1.0,FULL_NEUTRAL,0.0,384,64.77456888889941,0.2367374825236786,57.08868067081136,True,0.0194249095566842,0.4045959326726395,20.828716421663657,1.2760014863005082,-0.9046089990355919,1.4704606623368708,0.7704103165454337,0.4284053151131564,2.669276293995461,1.6166289264438536,4.0,5.561906706739823,5.561906706739823,0.0,0.022739340678898545,244.5940181502761,0.15953744481554985,1.229473820338145
True,ROSETTE,2.9360821839540616,0.6695287899300456,9,0.7907775155454874,0.9909162702132016,1.0093234043360066,0.15095791971473385,1.0,FULL_NEUTRAL,0.0,384,144.10182827668694,0.30121692213219087,23.380011811899674,True,0.010174952973147581,0.29307764582322504,28.8038329608675,1.31907189086551,-0.788332789485495,1.4658175597131,0.8248540107714596,0.5059459789830494,2.796617549467609,1.6346740766062047,4.0,5.7503635169393235,5.7503635169393235,0.0,0.02342935313116684,245.43415623754103,0.15148007172189015,1.2298676468721004
True,ROSETTE,2.76020847989703,0.670653933994472,3,0.8023049934022128,0.9943639179505408,0.9764195133049375,0.14033136418997527,1.0,FULL_NEUTRAL,0.0,384,49.480833775987136,0.27681017827715476,13.695647996272752,True,0.011887933556327812,0.32001250823464533,26.919103031519413,1.3292314805474115,-0.7948137106232377,1.4704606623368708,0.8556174014182814,0.3422784086041553,2.6683564723593074,1.5974672211766523,4.0,5.595055174083371,5.595055174083371,0.0,0.0226127463207884,247.4292637749937,0.16060221662735635,1.2355369877991853
True,ROSETTE,2.5862719866815373,0.662562418691814,7,0.7199442199803888,0.9884588225092739,1.1226674255818845,0.13437550286770764,1.0,FULL_NEUTRAL,0.0,384,98.6636904586191,0.2932492859556023,97.68457633173112,True,0.014557154083503346,0.33010286634869895,22.676332506693914,1.185010830546931,-1.1141803890597433,1.472914836343576,0.6142144343471753,0.4423994400751906,2.5295287107659417,1.6095733101242053,4.0,5.324112851437078,5.324112851437079,8.881784197001252e-16,0.02144314547900608,248.28973233659457,0.1672396051983959,1.1701876512012128
True,ROSETTE,2.7882852351892575,0.7568998267129063,9,0.5861929736658931,0.9873693144647404,1.0982561565263311,0.14541544647935342,1.0,FULL_NEUTRAL,0.0,384,154.2965230035051,0.5542702877390666,32.439541153197666,True,0.011689851548396243,0.3104544647193202,26.557605409618066,1.0963694197644411,-1.2550144162318262,1.4682815218878154,0.3767368746363458,0.4570173858284864,2.3020357823526476,1.5511398727829715,4.0,4.94954507490006,4.94954507490006,0.0,0.019641454320069876,251.99483674905656,0.17999792645164228,1.1460363865807883
True,ROSETTE,4.89164953763078,0.7715398279204965,12,0.6391163988783956,0.9917886455962435,1.0565071953862266,0.13628661419690297,1.0,FULL_NEUTRAL,0.0,384,367.2728067218612,0.8064187218920659,2.021676987879807,True,0.002667959871872205,0.17845658262284605,66.88878063882443,1.1148351692580323,-1.2714300216389685,1.472138938186117,0.4553764666410693,0.21534409207928334,2.14285949690647,1.5097082292678234,4.0,4.767402895432325,4.767402895432325,0.0,0.018454725534613536,258.3296558104114,0.17947186725549638,1.085661353654631
True,ROSETTE,4.520284481557835,0.7313202983140946,7,0.7324764294363558,0.9917886455962435,1.0565071953862266,0.13628661419690297,1.0,FULL_NEUTRAL,0.0,384,189.6848800944192,0.551442554610573,147.43660063087972,True,0.0031195533691171706,0.19258660163125133,61.735312348816485,1.201743832429036,-1.0736786021000992,1.472138938186117,0.6447616675894591,0.45730630976766606,2.5742069155432423,1.6165431166907924,4.0,5.392493864663071,5.39249386466307,-8.881784197001252e-16,0.020407460407788125,264.24129984371433,0.16593847372767104,1.1176619852225933
True,ROSETTE,3.747046123560854,0.682266548499465,11,0.7084698258340358,0.9917886455962435,1.0565071953862266,0.13628661419690297,1.0,FULL_NEUTRAL,0.0,384,227.76423046098284,0.45160782000597804,194.7725263508341,True,0.00547078051527421,0.21006999986687994,38.3985428185928,1.1702810038654579,-1.15252249876956,1.472138938186117,0.5873985522452858,0.48223061198948475,2.5417681024208876,1.6215238683519686,4.0,5.333572974638314,5.333572974638314,0.0,0.019875979739924797,268.3426449627934,0.1690046538647598,1.1281593351785557
True,ELLIPSE,6.325255988363938,0.24100881131365898,1,0.8406496530398726,0.9909162702132016,1.0093234043360066,0.15095791971473385,1.0,FULL_NEUTRAL,0.0,384,27.02645363998442,0.42317285447946135,1.1499188373729055,True,0.005282684173916401,0.14204732206506865,26.889232327466516,1.4738689477660745,-0.46223280803658984,1.4658175597131,1.0415711573718114,0.3220349141808081,2.829423631265719,1.5885084623561279,4.0,5.891801041387922,5.891801041387922,0.0,0.021323176880561165,276.3097203756285,0.14704011199692557,1.2728781768957025
True,ROSETTE,2.136709685284915,0.7561518833413721,7,0.6020031308755278,0.9917886455962435,1.0565071953862266,0.13628661419690297,1.0,FULL_NEUTRAL,0.0,384,92.61189366232246,0.3842253776698282,241.92824790463712,True,0.02206174517773357,0.41933211104958407,19.00720490021826,1.0990520599891347,-1.2791022550813809,1.472138938186117,0.3983050057172946,0.48919164669345006,2.3596355905968616,1.5792633018891256,4.0,5.037950952475121,5.037950952475121,0.0,0.017534742594898373,287.31251258520797,0.17786950314088615,1.1500214750306073
