source,C_source,scenario,accel_m_s2,h_m,budget_J,alpha,region_ratio,qtime_floor,cutoff_safety,gamma_opt,E_source_J,E_background_canonical_J,E_total_no_cancel_J,budget_ratio,meets_budget_no_cancel,gamma_source_only_budget,gamma_best_cancellation,allowed_background_residual_fraction,required_interaction_cancellation_fraction,cancellation_digits,Q3,Qt,Q1,Q2,Z_min,x1,x2,x3,xnorm2,bare_cutoff_eV,effective_cutoff_eV,canonical_background_J,critical_control_digits
IDEAL_C1,1.0,ONE_G_ONE_M_ONE_TJ,9.80665,1.0,1000000000000.0,1.0,0.5,0.001,1.0,33956827100666.16,388892219558109.9,129630638577746.4,518522858135856.25,518.5228581358563,False,1.3205545860329042e+16,1.76073913282382e+16,1.3833382166188495e-11,0.9999999999861666,10.859071624913442,2.944915898754309e-14,0.001,0.5009999999999852,0.5009999999999852,2.944915898754309e-14,-0.24999999999999264,-0.24999999999999264,0.0004999999999852755,0.12500024999999262,2.299746769490775,3.946539608e-07,129630638577746.4,13.530927103331365
IDEAL_C1,1.0,ONE_G_ONE_M_ONE_TJ,9.80665,1.0,1000000000000.0,1.0,0.5,0.001,10.0,1073809572251.0089,1.2297847031337668e+16,4099285474340552.5,1.639713250567822e+16,16397.13250567822,False,1.3205545860329042e+16,1.760739132839232e+16,1.3833382166188452e-17,1.0,16.859071624913444,9.312638160830027e-13,0.001,0.5009999999995344,0.5009999999995344,9.312638160830027e-13,-0.2499999999997672,-0.2499999999997672,0.0004999999995343681,0.12500024999976672,4.089593118262634,3.946539608e-06,4099285474340552.5,12.030927271071462
IDEAL_C1,1.0,ONE_G_ONE_M_ONE_TJ,9.80665,1.0,1000000000000.0,1.0,0.5,0.001,100.0,33956836819.63607,3.888921082511646e+17,1.2963074986558474e+17,5.185228581167493e+17,518522.8581167493,False,1.3205545860329042e+16,1.760739132839232e+16,1.383338216618846e-23,1.0,22.859071624913444,2.944915055960641e-11,0.001,0.5009999999852754,0.5009999999852754,2.944915055960641e-11,-0.24999999999263772,-0.24999999999263772,0.0004999999852754247,0.125000249992623,7.272438873840205,3.946539608e-05,1.2963074986558474e+17,10.530927227620378
IDEAL_C1,1.0,ONE_G_ONE_M_ONE_TJ,9.80665,1.0,1000000000000.0,1.0,0.5,0.01,1.0,33955146464752.652,388911468075602.0,129637054984859.89,518548523060461.9,518.5485230604619,False,1.3205545860329042e+16,1.7607391328277234e+16,1.3830643704211917e-11,0.9999999999861694,10.859157606536998,2.9450616596164167e-14,0.01,0.5099999999999852,0.5099999999999852,2.9450616596164167e-14,-0.24999999999999264,-0.24999999999999264,0.004999999999985275,0.1250249999999925,2.2996898577418374,3.9465396080000004e-07,129637054984859.89,13.53090560812617
IDEAL_C1,1.0,ONE_G_ONE_M_ONE_TJ,9.80665,1.0,1000000000000.0,1.0,0.5,0.01,10.0,1073756425054.16,1.229845573186019e+16,4099488369995197.5,1.6397944101855388e+16,16397.944101855388,False,1.3205545860329042e+16,1.7607391328315116e+16,1.3830643704211875e-17,1.0,16.859157606537,9.31309910392845e-13,0.01,0.5099999999995344,0.5099999999995344,9.31309910392845e-13,-0.2499999999997672,-0.2499999999997672,0.004999999999534345,0.12502499999976252,4.0894919117239885,3.946539608e-06,4099488369995197.5,12.030905775541775
IDEAL_C1,1.0,ONE_G_ONE_M_ONE_TJ,9.80665,1.0,1000000000000.0,1.0,0.5,0.01,100.0,33955156169.00886,3.889113569261639e+17,1.296371661150535e+17,5.185485230412174e+17,518548.5230412174,False,1.3205545860329042e+16,1.7607391328237768e+16,1.3830643704212079e-23,1.0,22.859157606536993,2.945060818015493e-11,0.01,0.5099999999852747,0.5099999999852747,2.945060818015493e-11,-0.24999999999263736,-0.24999999999263736,0.004999999985274696,0.12502499999249012,7.272258901538057,3.946539608e-05,1.296371661150535e+17,10.530905732233144
IDEAL_C1,1.0,ONE_G_ONE_M_ONE_TJ,9.80665,1.0,1000000000000.0,1.0,0.5,0.1,1.0,33789151598864.03,390822060793411.7,130273930258706.94,521095991052118.6,521.0959910521186,False,1.3205545860329042e+16,1.7607391328316124e+16,1.3562166502894857e-11,0.9999999999864378,10.867670928087266,2.959529768227886e-14,0.1,0.5999999999999852,0.5999999999999852,2.959529768227886e-14,-0.2499999999999926,-0.2499999999999926,0.0499999999999852,0.12749999999999112,2.294061780151273,3.946539608e-07,130273930258706.94,13.528777287348797
IDEAL_C1,1.0,ONE_G_ONE_M_ONE_TJ,9.80665,1.0,1000000000000.0,1.0,0.5,0.1,10.0,1068507146893.98,1.2358874621209558e+16,4119627491844506.0,1.6478502113054064e+16,16478.502113054063,False,1.3205545860329042e+16,1.7607391328237768e+16,1.3562166502895057e-17,1.0,16.86767092808726,9.358851767232573e-13,0.1,0.599999999999532,0.599999999999532,9.358851767232573e-13,-0.24999999999976602,-0.24999999999976602,0.04999999999953206,0.12749999999971923,4.079483505387712,3.946539608e-06,4119627491844506.0,12.028777431362796
IDEAL_C1,1.0,ONE_G_ONE_M_ONE_TJ,9.80665,1.0,1000000000000.0,1.0,0.5,0.1,100.0,33789160639.789333,3.908219562216203e+17,1.3027403480986424e+17,5.2109599103148454e+17,521095.99103148456,False,1.3205545860329042e+16,1.7607391328237768e+16,1.3562166502895064e-23,1.0,22.86767092808726,2.959528976437546e-11,0.1,0.5999999999852024,0.5999999999852024,2.959528976437546e-11,-0.24999999999260117,-0.24999999999260117,0.04999999998520236,0.1274999999911214,7.254461288845062,3.946539608e-05,1.3027403480986424e+17,10.528777403539626
IDEAL_C1,1.0,ONE_G_ONE_M_ONE_TJ,9.80665,1.0,1000000000000.0,1.0,0.5,1.0,1.0,25801627021196.066,511810586575826.0,170603530931776.6,682414117507602.6,682.4141175076027,False,1.3205545860329042e+16,1.7607391328277234e+16,4.611136610984279e-12,0.9999999999953889,11.336192011045009,3.875724578060669e-14,1.0,1.4999999999999807,1.4999999999999807,3.875724578060669e-14,-0.2499999999999903,-0.2499999999999903,0.4999999999999806,0.3749999999999709,2.004656711208861,3.9465396080000004e-07,170603530931776.6,13.41164709294182
IDEAL_C1,1.0,ONE_G_ONE_M_ONE_TJ,9.80665,1.0,1000000000000.0,1.0,0.5,1.0,10.0,815919156191.6649,1.618487047413674e+16,5394958713609601.0,2.157982918774634e+16,21579.82918774634,False,1.3205545860329042e+16,1.7607391328315116e+16,4.6111366109842976e-18,1.0,17.336192011045007,1.2256116214610836e-12,1.0,1.4999999999993872,1.4999999999993872,1.2256116214610836e-12,-0.2499999999996936,-0.2499999999996936,0.4999999999993872,0.37499999999908085,3.564839904341046,3.946539608e-06,5394958713609601.0,11.911647129636657
IDEAL_C1,1.0,ONE_G_ONE_M_ONE_TJ,9.80665,1.0,1000000000000.0,1.0,0.5,1.0,100.0,25801622883.389595,5.1181066865489395e+17,1.7060344881970634e+17,6.824141174746003e+17,682414.1174746003,False,1.3205545860329042e+16,1.7607391328315116e+16,4.611136610984234e-24,1.0,23.336192011045014,3.875725199760713e-11,1.0,1.4999999999806213,1.4999999999806213,3.875725199760713e-11,-0.2499999999903107,-0.2499999999903107,0.4999999999806214,0.3749999999709321,6.339280625724449,3.946539608e-05,1.7060344881970634e+17,10.4116470232772
IDEAL_C1,1.0,ONE_G_ONE_M_ONE_TJ,9.80665,1.0,1000000000000.0,1.0,1.0,0.001,1.0,40381708423515.305,327018008298012.3,109006004335517.19,436024012633529.5,436.0240126335295,False,1.3205545860329042e+16,1.7607391328277234e+16,2.7666764332376844e-11,0.9999999999723332,10.558041629249463,2.4763687299017274e-14,0.001,0.5009999999999877,0.5009999999999877,2.4763687299017274e-14,-0.2499999999999938,-0.2499999999999938,0.0004999999999876182,0.1250002499999938,1.253945942364509,1.973269804e-07,109006004335517.19,13.60618468863461
IDEAL_C1,1.0,ONE_G_ONE_M_ONE_TJ,9.80665,1.0,1000000000000.0,1.0,1.0,0.001,10.0,1276981806435.558,1.0341216917717652e+16,3447073026749179.5,1.3788289944466832e+16,13788.289944466833,False,1.3205545860329042e+16,1.760739132839232e+16,2.7666764332376956e-17,1.0,16.558041629249463,7.830965131696631e-13,0.001,0.5009999999996084,0.5009999999996084,7.830965131696631e-13,-0.2499999999998042,-0.2499999999998042,0.0004999999996084518,0.12500024999980383,2.2298663048835703,1.973269804e-06,3447073026749179.5,12.106184709776052
IDEAL_C1,1.0,ONE_G_ONE_M_ONE_TJ,9.80665,1.0,1000000000000.0,1.0,1.0,0.001,100.0,40381708354.56848,3.270180088563555e+17,1.0900600376367978e+17,4.360240126200353e+17,436024.0126200353,False,1.3205545860329042e+16,1.760739132839232e+16,2.766676433237697e-23,1.0,22.558041629249463,2.4763687341910863e-11,0.001,0.5009999999876181,0.5009999999876181,2.4763687341910863e-11,-0.2499999999938091,-0.2499999999938091,0.0004999999876181563,0.12500024999379672,3.9653252371638703,1.973269804e-05,1.0900600376367978e+17,10.606184687882362
IDEAL_C1,1.0,ONE_G_ONE_M_ONE_TJ,9.80665,1.0,1000000000000.0,1.0,1.0,0.01,1.0,40379709788187.75,327034194391165.5,109011399785462.81,436045594176628.3,436.0455941766283,False,1.3205545860329042e+16,1.7607391328316124e+16,2.7661287408423786e-11,0.9999999999723387,10.558127610873017,2.4764913003227033e-14,0.01,0.5099999999999876,0.5099999999999876,2.4764913003227033e-14,-0.2499999999999938,-0.2499999999999938,0.004999999999987618,0.1250249999999937,1.2539149108434589,1.973269804e-07,109011399785462.81,13.606163193313861
IDEAL_C1,1.0,ONE_G_ONE_M_ONE_TJ,9.80665,1.0,1000000000000.0,1.0,1.0,0.01,10.0,1276918603792.3684,1.034172876885762e+16,3447243643925246.0,1.3788972412782866e+16,13788.972412782867,False,1.3205545860329042e+16,1.7607391328237768e+16,2.7661287408424193e-17,1.0,16.55812761087301,7.831352734863802e-13,0.01,0.5099999999996084,0.5099999999996084,7.831352734863802e-13,-0.2499999999998042,-0.2499999999998042,0.004999999999608432,0.1250249999998003,2.2298111219562986,1.973269804e-06,3447243643925246.0,12.106163214373119
IDEAL_C1,1.0,ONE_G_ONE_M_ONE_TJ,9.80665,1.0,1000000000000.0,1.0,1.0,0.01,100.0,40379709711.74254,3.2703419501029325e+17,1.0901139915274342e+17,4.360455941630367e+17,436045.5941630367,False,1.3205545860329042e+16,1.7607391328237768e+16,2.7661287408424204e-23,1.0,22.55812761087301,2.476491305072364e-11,0.01,0.5099999999876176,0.5099999999876176,2.476491305072364e-11,-0.24999999999380876,-0.24999999999380876,0.004999999987617544,0.12502499999368494,3.965227106509842,1.973269804e-05,1.0901139915274342e+17,10.606163192480928
IDEAL_C1,1.0,ONE_G_ONE_M_ONE_TJ,9.80665,1.0,1000000000000.0,1.0,1.0,0.1,1.0,40182307581660.86,328640803754039.06,109546947124752.9,438187750878792.0,438.187750878792,False,1.3205545860329042e+16,1.7607391328277234e+16,2.712433300578986e-11,0.9999999999728757,10.566640932423283,2.4886574718680996e-14,0.1,0.5999999999999875,0.5999999999999875,2.4886574718680996e-14,-0.24999999999999378,-0.24999999999999378,0.04999999999998756,0.12749999999999254,1.2508461811573401,1.973269804e-07,109546947124752.9,13.604034873706523
IDEAL_C1,1.0,ONE_G_ONE_M_ONE_TJ,9.80665,1.0,1000000000000.0,1.0,1.0,0.1,10.0,1270676168485.2834,1.039253445358213e+16,3464178902038087.5,1.3856713355620218e+16,13856.713355620219,False,1.3205545860329042e+16,1.760739132839232e+16,2.7124333005789777e-17,1.0,16.566640932423283,7.869825725879808e-13,0.1,0.5999999999996065,0.5999999999996065,7.869825725879808e-13,-0.24999999999980324,-0.24999999999980324,0.04999999999960651,0.12749999999976389,2.2243540375146345,1.973269804e-06,3464178902038087.5,12.10403488481079
IDEAL_C1,1.0,ONE_G_ONE_M_ONE_TJ,9.80665,1.0,1000000000000.0,1.0,1.0,0.1,100.0,40182306504.14759,3.286408125667444e+17,1.0954693829746805e+17,4.381877508642124e+17,438187.7508642124,False,1.3205545860329042e+16,1.760739132839232e+16,2.712433300578979e-23,1.0,22.566640932423283,2.488657538664853e-11,0.1,0.5999999999875567,0.5999999999875567,2.488657538664853e-11,-0.24999999999377837,-0.24999999999377837,0.04999999998755671,0.12749999999253403,3.9555228818967256,1.973269804e-05,1.0954693829746805e+17,10.604034862049852
IDEAL_C1,1.0,ONE_G_ONE_M_ONE_TJ,9.80665,1.0,1000000000000.0,1.0,1.0,1.0,1.0,30683485003670.836,430379595366992.6,143459989763722.4,573839585130715.0,573.839585130715,False,1.3205545860329042e+16,1.7607391328277234e+16,9.22227322196851e-12,0.9999999999907777,11.03516201538103,3.259082206210921e-14,1.0,1.4999999999999836,1.4999999999999836,3.259082206210921e-14,-0.24999999999999184,-0.24999999999999184,0.4999999999999837,0.3749999999999755,1.0930469395040852,1.9732698039999996e-07,143459989763722.4,13.48690468486977
IDEAL_C1,1.0,ONE_G_ONE_M_ONE_TJ,9.80665,1.0,1000000000000.0,1.0,1.0,1.0,10.0,970296767385.5879,1.3609800943592412e+16,4536600062175185.0,1.8146401005767596e+16,18146.401005767595,False,1.3205545860329042e+16,1.7607391328237768e+16,9.222273221968612e-18,1.0,17.035162015381026,1.030612523522547e-12,1.0,1.4999999999994846,1.4999999999994846,1.030612523522547e-12,-0.24999999999974234,-0.24999999999974234,0.4999999999994847,0.37499999999922706,1.9437426421147108,1.973269804e-06,4536600062175185.0,11.986904584498959
IDEAL_C1,1.0,ONE_G_ONE_M_ONE_TJ,9.80665,1.0,1000000000000.0,1.0,1.0,1.0,100.0,30683483259.680782,4.303796198289394e+17,1.4345996527840322e+17,5.738395851073426e+17,573839.5851073426,False,1.3205545860329042e+16,1.7607391328237768e+16,9.222273221968616e-24,1.0,23.035162015381026,3.259082391556983e-11,1.0,1.4999999999837046,1.4999999999837046,3.259082391556983e-11,-0.2499999999918523,-0.2499999999918523,0.4999999999837046,0.3749999999755569,3.4565178200220132,1.973269804e-05,1.4345996527840322e+17,10.48690466017117
IDEAL_C1,1.0,ONE_G_ONE_M_ONE_TJ,9.80665,1.0,1000000000000.0,1.0,2.0,0.001,1.0,16978415801697.994,777784335980767.4,259261380290853.78,1037045716271621.1,1037.0457162716211,False,1.3205545860329042e+16,1.7607391328241226e+16,8.645863853867776e-13,0.9999999999991354,12.063191607569369,5.889831016507736e-14,0.001,0.5009999999999706,0.5009999999999706,5.889831016507736e-14,-0.24999999999998526,-0.24999999999998526,0.0004999999999705508,0.12500024999998524,0.8130833217674515,1.973269804e-07,259261380290853.78,13.229897165255514
IDEAL_C1,1.0,ONE_G_ONE_M_ONE_TJ,9.80665,1.0,1000000000000.0,1.0,2.0,0.001,10.0,536904652387.8492,2.4595700189220224e+16,8198564822096385.0,3.279426501131661e+16,32794.26501131661,False,1.3205545860329042e+16,1.7607391328315116e+16,8.645863853867841e-19,1.0,18.063191607569365,1.862528096105009e-12,0.001,0.5009999999990687,0.5009999999990687,1.862528096105009e-12,-0.24999999999953437,-0.24999999999953437,0.0004999999990687359,0.12500024999953344,1.445889333029623,1.973269804e-06,8198564822096385.0,11.729897167228618
IDEAL_C1,1.0,ONE_G_ONE_M_ONE_TJ,9.80665,1.0,1000000000000.0,1.0,2.0,0.001,100.0,16978416916.795359,7.777842848979564e+17,2.5926143129732387e+17,1.0370457161952803e+18,1037045.7161952802,False,1.3205545860329042e+16,1.7607391328315116e+16,8.645863853867846e-25,1.0,24.063191607569365,5.889830630025819e-11,0.001,0.5009999999705508,0.5009999999705508,5.889830630025819e-11,-0.24999999998527542,-0.24999999998527542,0.0004999999705508468,0.12500024998524598,2.5711953086397097,1.973269804e-05,2.5926143129732387e+17,10.229897193753269
IDEAL_C1,1.0,ONE_G_ONE_M_ONE_TJ,9.80665,1.0,1000000000000.0,1.0,2.0,0.01,1.0,16977575476645.832,777822833330615.9,259274212790216.62,1037097046120832.5,1037.0970461208326,False,1.3205545860329042e+16,1.7607391328277234e+16,8.644152315132445e-13,0.9999999999991356,12.063277589192923,5.890122540616285e-14,0.01,0.5099999999999706,0.5099999999999706,5.890122540616285e-14,-0.24999999999998526,-0.24999999999998526,0.00499999999997055,0.12502499999998495,0.8130632002570832,1.9732698040000002e-07,259274212790216.62,13.229875669871666
IDEAL_C1,1.0,ONE_G_ONE_M_ONE_TJ,9.80665,1.0,1000000000000.0,1.0,2.0,0.01,10.0,536878078953.3527,2.4596917583361456e+16,8198970620309221.0,3.2795888203670676e+16,32795.88820367068,False,1.3205545860329042e+16,1.760739132839232e+16,8.644152315132479e-19,1.0,18.06327758919292,1.8626202842018974e-12,0.01,0.5099999999990688,0.5099999999990688,1.8626202842018974e-12,-0.24999999999953434,-0.24999999999953434,0.00499999999906869,0.12502499999952504,1.4458535513310133,1.973269804e-06,8198970620309221.0,11.729875671826182
IDEAL_C1,1.0,ONE_G_ONE_M_ONE_TJ,9.80665,1.0,1000000000000.0,1.0,2.0,0.01,100.0,16977576590.651585,7.778227822927597e+17,2.5927426375118093e+17,1.0370970460439406e+18,1037097.0460439406,False,1.3205545860329042e+16,1.760739132839232e+16,8.644152315132485e-25,1.0,24.06327758919292,5.890122154474828e-11,0.01,0.5099999999705493,0.5099999999705493,5.890122154474828e-11,-0.2499999999852747,-0.2499999999852747,0.00499999997054939,0.12502499998498018,2.5711316787564122,1.973269804e-05,2.5927426375118093e+17,10.229875698342907
IDEAL_C1,1.0,ONE_G_ONE_M_ONE_TJ,9.80665,1.0,1000000000000.0,1.0,2.0,0.1,1.0,16894577905400.71,781644024152127.9,260547957952024.97,1042191982104152.9,1042.1919821041529,False,1.3205545860329042e+16,1.7607391328316124e+16,8.476354064309283e-13,0.9999999999991523,12.071790910743191,5.919058798624308e-14,0.1,0.5999999999999703,0.5999999999999703,5.919058798624308e-14,-0.2499999999999852,-0.2499999999999852,0.04999999999997041,0.12749999999998224,0.8110733711544911,1.973269804e-07,260547957952024.97,13.227747345821145
IDEAL_C1,1.0,ONE_G_ONE_M_ONE_TJ,9.80665,1.0,1000000000000.0,1.0,2.0,0.1,10.0,534253457705.8946,2.471775459729203e+16,8239249628773733.0,3.2957004226065764e+16,32957.004226065765,False,1.3205545860329042e+16,1.760739132816431e+16,8.476354064309347e-19,1.0,18.07179091074319,1.8717707589500892e-12,0.1,0.5999999999990642,0.5999999999990642,1.8717707589500892e-12,-0.24999999999953207,-0.24999999999953207,0.04999999999906412,0.12749999999943848,1.442315068966349,1.973269804e-06,8239249628773733.0,11.727747341612515
IDEAL_C1,1.0,ONE_G_ONE_M_ONE_TJ,9.80665,1.0,1000000000000.0,1.0,2.0,0.1,100.0,16894578767.917702,7.816439842469454e+17,2.6054799777473357e+17,1.042191982021679e+18,1042191.9820216789,False,1.3205545860329042e+16,1.760739132816431e+16,8.47635406430935e-25,1.0,24.07179091074319,5.919058496789282e-11,0.1,0.5999999999704047,0.5999999999704047,5.919058496789282e-11,-0.24999999998520236,-0.24999999998520236,0.04999999997040471,0.12749999998224285,2.5648392677546954,1.973269804e-05,2.6054799777473357e+17,10.227747367967451
IDEAL_C1,1.0,ONE_G_ONE_M_ONE_TJ,9.80665,1.0,1000000000000.0,1.0,2.0,1.0,1.0,12900812601910.717,1023621245251883.6,341206989763264.75,1364828235015148.5,1364.8282350151485,False,1.3205545860329042e+16,1.7607391328277234e+16,2.881960381865173e-13,0.9999999999997118,12.540311993700934,7.751449702106124e-14,1.0,1.4999999999999614,1.4999999999999614,7.751449702106124e-14,-0.24999999999998063,-0.24999999999998063,0.49999999999996125,0.3749999999999419,0.7087531522624162,1.973269804e-07,341206989763264.75,13.110617066687665
IDEAL_C1,1.0,ONE_G_ONE_M_ONE_TJ,9.80665,1.0,1000000000000.0,1.0,2.0,1.0,10.0,407959543602.08606,3.2369743685195936e+16,1.0789914690230128e+16,4.315965837542606e+16,43159.658375426065,False,1.3205545860329042e+16,1.760739132839232e+16,2.8819603818651643e-19,1.0,18.540311993700936,2.451223450180705e-12,1.0,1.4999999999987743,1.4999999999987743,2.451223450180705e-12,-0.24999999999938718,-0.24999999999938718,0.49999999999877437,0.3749999999981616,1.2603611818182536,1.973269804e-06,1.0789914690230128e+16,11.610617097251732
IDEAL_C1,1.0,ONE_G_ONE_M_ONE_TJ,9.80665,1.0,1000000000000.0,1.0,2.0,1.0,100.0,12900814001.330915,1.02362113421422e+18,3.412071006688121e+17,1.364828234883032e+18,1364828.234883032,False,1.3205545860329042e+16,1.760739132839232e+16,2.881960381865166e-25,1.0,24.540311993700936,7.751448861865222e-11,1.0,1.4999999999612428,1.4999999999612428,7.751448861865222e-11,-0.2499999999806214,-0.2499999999806214,0.4999999999612428,0.37499999994186417,2.241274381448082,1.973269804e-05,3.412071006688121e+17,10.11061711376428
IDEAL_C1,1.0,ONE_G_ONE_M_ONE_TJ,9.80665,1.0,1000000000000.0,0.4082482904638631,0.5,0.001,1.0,8857553569643.217,1490879592937190.8,496960034662444.44,1987839627599635.2,1987.8396275996352,False,1.3205545860329042e+16,1.7607391328277234e+16,6.404343595457647e-14,0.9999999999999359,13.193525376064372,1.8816331773356567e-14,0.001,0.5009999999999906,0.5009999999999906,1.8816331773356567e-14,-0.2499999999999953,-0.2499999999999953,0.0004999999999905918,0.1250002499999953,2.8770604355916665,3.946539608e-07,496960034662444.44,13.725465037968554
IDEAL_C1,1.0,ONE_G_ONE_M_ONE_TJ,9.80665,1.0,1000000000000.0,0.4082482904638631,0.5,0.001,10.0,280100440090.2511,4.714575191696981e+16,1.5715256546406786e+16,6.286100846337659e+16,62861.008463376595,False,1.3205545860329042e+16,1.760739132839232e+16,6.404343595457626e-20,1.0,19.193525376064375,5.950246512056893e-13,0.001,0.5009999999997026,0.5009999999997026,5.950246512056893e-13,-0.24999999999985123,-0.24999999999985123,0.0004999999997024877,0.12500024999985093,5.116217355229377,3.946539608e-06,1.5715256546406786e+16,12.225465041564167
IDEAL_C1,1.0,ONE_G_ONE_M_ONE_TJ,9.80665,1.0,1000000000000.0,0.4082482904638631,0.5,0.001,100.0,8857554203.83575,1.490879486191617e+18,4.969601412212006e+17,1.9878396274128177e+18,1987839.6274128177,False,1.3205545860329042e+16,1.760739132839232e+16,6.40434359545763e-26,1.0,25.193525376064372,1.8816330428247146e-11,0.001,0.5009999999905919,0.5009999999905919,1.8816330428247146e-11,-0.24999999999529593,-0.24999999999529593,0.0004999999905918348,0.12500024999528653,9.09806426761919,3.946539608e-05,4.969601412212006e+17,10.72546506901465
IDEAL_C1,1.0,ONE_G_ONE_M_ONE_TJ,9.80665,1.0,1000000000000.0,0.4082482904638631,0.5,0.01,1.0,8857115176205.352,1490953385793802.5,496984632365419.9,1987938018159222.5,1987.9380181592226,False,1.3205545860329042e+16,1.7607391328316412e+16,6.40307578898703e-14,0.9999999999999359,13.193611357687926,1.881726311005142e-14,0.01,0.5099999999999906,0.5099999999999906,1.881726311005142e-14,-0.2499999999999953,-0.2499999999999953,0.004999999999990592,0.12502499999999522,2.876989236472621,3.9465396079999993e-07,496984632365419.9,13.725443542579198
IDEAL_C1,1.0,ONE_G_ONE_M_ONE_TJ,9.80665,1.0,1000000000000.0,0.4082482904638631,0.5,0.01,10.0,280086576878.8208,4.714808545088688e+16,1.5716034395174888e+16,6.286411984606177e+16,62864.11984606177,False,1.3205545860329042e+16,1.7607391328315116e+16,6.403075788986988e-20,1.0,19.193611357687928,5.95054102644019e-13,0.01,0.5099999999997025,0.5099999999997025,5.95054102644019e-13,-0.24999999999985123,-0.24999999999985123,0.004999999999702473,0.12502499999984826,5.116090743360201,3.946539608e-06,1.5716034395174888e+16,12.225443546184787
IDEAL_C1,1.0,ONE_G_ONE_M_ONE_TJ,9.80665,1.0,1000000000000.0,0.4082482904638631,0.5,0.01,100.0,8857115810.367367,1.4909532790427988e+18,4.969847389292552e+17,1.987938017972054e+18,1987938.017972054,False,1.3205545860329042e+16,1.7607391328237768e+16,6.403075788987082e-26,1.0,25.193611357687924,1.8817261764873677e-11,0.01,0.5099999999905913,0.5099999999905913,1.8817261764873677e-11,-0.24999999999529568,-0.24999999999529568,0.004999999990591369,0.12502499999520159,9.097839116227984,3.9465396080000004e-05,4.969847389292552e+17,10.725443573625332
IDEAL_C1,1.0,ONE_G_ONE_M_ONE_TJ,9.80665,1.0,1000000000000.0,0.4082482904638631,0.5,0.1,1.0,8813815662706.12,1498277972411612.8,499426168386978.9,1997704140798591.5,1997.7041407985914,False,1.3205545860329042e+16,1.7607391328316124e+16,6.278780788377257e-14,0.9999999999999372,13.202124679238198,1.8909706425095995e-14,0.1,0.5999999999999905,0.5999999999999905,1.8909706425095995e-14,-0.24999999999999528,-0.24999999999999528,0.049999999999990545,0.12749999999999434,2.8699482951941158,3.946539608e-07,499426168386978.9,13.723315213563767
IDEAL_C1,1.0,ONE_G_ONE_M_ONE_TJ,9.80665,1.0,1000000000000.0,0.4082482904638631,0.5,0.1,10.0,278717326205.70935,4.737970918457574e+16,1.5793242575970804e+16,6.317295176054654e+16,63172.951760546544,False,1.3205545860329042e+16,1.7607391328389582e+16,6.278780788377261e-20,1.0,19.202124679238196,5.979774165322436e-13,0.1,0.599999999999701,0.599999999999701,5.979774165322436e-13,-0.2499999999998505,-0.2499999999998505,0.04999999999970101,0.12749999999982062,5.10356998405888,3.946539608e-06,1.5793242575970804e+16,12.223315217450772
IDEAL_C1,1.0,ONE_G_ONE_M_ONE_TJ,9.80665,1.0,1000000000000.0,0.4082482904638631,0.5,0.1,100.0,8813816295.986538,1.4982778647590285e+18,4.9942627584759565e+17,1.9977041406066243e+18,1997704.1406066243,False,1.3205545860329042e+16,1.7607391328389582e+16,6.278780788377263e-26,1.0,25.202124679238196,1.8909705068560348e-11,0.1,0.5999999999905451,0.5999999999905451,1.8909705068560348e-11,-0.2499999999952726,-0.2499999999952726,0.04999999999054515,0.1274999999943271,9.075573705260307,3.946539608e-05,4.9942627584759565e+17,10.723315244718982
IDEAL_C1,1.0,ONE_G_ONE_M_ONE_TJ,9.80665,1.0,1000000000000.0,0.4082482904638631,0.5,1.0,1.0,6730287948400.294,1962107113629192.8,654035654101339.9,2616142767730532.5,2616.1427677305323,False,1.3205545860329042e+16,1.7607391328277234e+16,2.1347854680482653e-14,0.9999999999999787,13.670645762195942,2.476367548379651e-14,1.0,1.4999999999999876,1.4999999999999876,2.476367548379651e-14,-0.2499999999999938,-0.2499999999999938,0.4999999999999876,0.37499999999998146,2.5078924830104152,3.946539608e-07,654035654101339.9,13.60618489584472
IDEAL_C1,1.0,ONE_G_ONE_M_ONE_TJ,9.80665,1.0,1000000000000.0,0.4082482904638631,0.5,1.0,10.0,212830395384.46893,6.2047274011185256e+16,2.0682424290554376e+16,8.272969830173963e+16,82729.69830173963,False,1.3205545860329042e+16,1.7607391328315116e+16,2.1347854680482586e-20,1.0,19.670645762195942,7.830961661579102e-13,1.0,1.4999999999996083,1.4999999999996083,7.830961661579102e-13,-0.2499999999998042,-0.2499999999998042,0.4999999999996084,0.37499999999941264,4.459733597882985,3.946539608e-06,2.0682424290554376e+16,12.106184902224006
IDEAL_C1,1.0,ONE_G_ONE_M_ONE_TJ,9.80665,1.0,1000000000000.0,0.4082482904638631,0.5,1.0,100.0,6730288107.613853,1.9621070672130432e+18,6.54035700193885e+17,2.6161427674069284e+18,2616142.7674069284,False,1.3205545860329042e+16,1.7607391328315116e+16,2.1347854680482597e-26,1.0,25.670645762195942,2.4763674901655905e-11,1.0,1.4999999999876181,1.4999999999876181,2.4763674901655905e-11,-0.2499999999938091,-0.2499999999938091,0.4999999999876182,0.3749999999814273,7.930652466344312,3.946539608e-05,6.54035700193885e+17,10.606184906054049
IDEAL_C1,1.0,ONE_G_ONE_M_ONE_TJ,9.80665,1.0,1000000000000.0,0.4082482904638631,1.0,0.001,1.0,10533463912352.607,1253675521197056.5,417891695750781.4,1671567216947838.0,1671.567216947838,False,1.3205545860329042e+16,1.7607391328315404e+16,1.280868719091527e-13,0.9999999999998719,12.892495380400392,1.582258866157336e-14,0.001,0.5009999999999921,0.5009999999999921,1.582258866157336e-14,-0.24999999999999603,-0.24999999999999603,0.0004999999999920887,0.125000249999996,1.5687281910875113,1.973269804e-07,417891695750781.4,13.800722462085764
IDEAL_C1,1.0,ONE_G_ONE_M_ONE_TJ,9.80665,1.0,1000000000000.0,0.4082482904638631,1.0,0.001,10.0,333097402360.97186,3.964469781730216e+16,1.321489885880894e+16,5.28595966761111e+16,52859.596676111105,False,1.3205545860329042e+16,1.760739132839232e+16,1.2808687190915276e-19,1.0,18.89249538040039,5.003541471228686e-13,0.001,0.5009999999997499,0.5009999999997499,5.003541471228686e-13,-0.2499999999998749,-0.2499999999998749,0.000499999999749823,0.12500024999987466,2.7896371519433676,1.973269804e-06,1.321489885880894e+16,12.30072249626867
IDEAL_C1,1.0,ONE_G_ONE_M_ONE_TJ,9.80665,1.0,1000000000000.0,0.4082482904638631,1.0,0.001,100.0,10533465008.01705,1.2536753907928932e+18,4.1789182602278976e+17,1.671567216815683e+18,1671567.216815683,False,1.3205545860329042e+16,1.760739132839232e+16,1.2808687190915282e-25,1.0,24.89249538040039,1.5822587017248248e-11,0.001,0.5009999999920887,0.5009999999920887,1.5822587017248248e-11,-0.24999999999604436,-0.24999999999604436,0.0004999999920887065,0.12500024999603646,4.960754371319729,1.973269804e-05,4.1789182602278976e+17,10.800722507218792
IDEAL_C1,1.0,ONE_G_ONE_M_ONE_TJ,9.80665,1.0,1000000000000.0,0.4082482904638631,1.0,0.01,1.0,10532942571602.041,1253737573385487.8,417912379831201.06,1671649953216688.8,1671.6499532166888,False,1.3205545860329042e+16,1.7607391328316124e+16,1.2806151577973995e-13,0.999999999999872,12.892581362023948,1.5823371819764214e-14,0.01,0.5099999999999921,0.5099999999999921,1.5823371819764214e-14,-0.24999999999999603,-0.24999999999999603,0.004999999999992088,0.12502499999999594,1.56868936947768,1.973269804e-07,417912379831201.06,13.80070096668631
IDEAL_C1,1.0,ONE_G_ONE_M_ONE_TJ,9.80665,1.0,1000000000000.0,0.4082482904638631,1.0,0.01,10.0,333080916118.41675,3.964666007954119e+16,1.3215552947116426e+16,5.286221302665762e+16,52862.21302665761,False,1.3205545860329042e+16,1.7607391328237768e+16,1.2806151577974183e-19,1.0,18.89258136202394,5.00378912756184e-13,0.01,0.5099999999997498,0.5099999999997498,5.00378912756184e-13,-0.2499999999998749,-0.2499999999998749,0.0049999999997498105,0.1250249999998724,2.789568116274704,1.973269804e-06,1.3215552947116426e+16,12.3007010008703
IDEAL_C1,1.0,ONE_G_ONE_M_ONE_TJ,9.80665,1.0,1000000000000.0,0.4082482904638631,1.0,0.01,100.0,10532943667.370321,1.2537374429560553e+18,4.1791251012823104e+17,1.6716499530842865e+18,1671649.9530842865,False,1.3205545860329042e+16,1.7607391328237768e+16,1.2806151577974189e-25,1.0,24.89258136202394,1.582337017512033e-11,0.01,0.5099999999920883,0.5099999999920883,1.582337017512033e-11,-0.24999999999604416,-0.24999999999604416,0.004999999992088315,0.12502499999596506,4.96063160664106,1.973269804e-05,4.1791251012823104e+17,10.800701011825854
IDEAL_C1,1.0,ONE_G_ONE_M_ONE_TJ,9.80665,1.0,1000000000000.0,0.4082482904638631,1.0,0.1,1.0,10481450474524.846,1259896795049989.2,419965455685072.4,1679862250735061.5,1679.8622507350615,False,1.3205545860329042e+16,1.7607391328277234e+16,1.2557561576754583e-13,0.9999999999998744,12.901094683574213,1.590110711029602e-14,0.1,0.5999999999999921,0.5999999999999921,1.590110711029602e-14,-0.24999999999999603,-0.24999999999999603,0.04999999999999205,0.12749999999999523,1.5648502681280643,1.973269804e-07,419965455685072.4,13.798572636990627
IDEAL_C1,1.0,ONE_G_ONE_M_ONE_TJ,9.80665,1.0,1000000000000.0,0.4082482904638631,1.0,0.1,10.0,331452634124.1423,3.9841426800618024e+16,1.3280481875847466e+16,5.312190867646549e+16,53121.908676465486,False,1.3205545860329042e+16,1.760739132839232e+16,1.2557561576754546e-19,1.0,18.901094683574215,5.028370557608729e-13,0.1,0.5999999999997485,0.5999999999997485,5.028370557608729e-13,-0.2499999999998743,-0.2499999999998743,0.049999999999748586,0.12749999999984915,2.782741294141499,1.973269804e-06,1.3280481875847466e+16,12.29857272517964
IDEAL_C1,1.0,ONE_G_ONE_M_ONE_TJ,9.80665,1.0,1000000000000.0,0.4082482904638631,1.0,0.1,100.0,10481451564.352154,1.2598966640500104e+18,4.199655865492545e+17,1.6798622505992648e+18,1679862.2505992649,False,1.3205545860329042e+16,1.760739132839232e+16,1.2557561576754552e-25,1.0,24.901094683574215,1.5901105458466075e-11,0.1,0.5999999999920494,0.5999999999920494,1.5901105458466075e-11,-0.24999999999602474,-0.24999999999602474,0.04999999999204945,0.12749999999522968,4.94849130143809,1.973269804e-05,4.199655865492545e+17,10.798572682105767
IDEAL_C1,1.0,ONE_G_ONE_M_ONE_TJ,9.80665,1.0,1000000000000.0,0.4082482904638631,1.0,1.0,1.0,8003705550116.501,1649928995718342.2,549976079458278.9,2199905075176621.0,2199.905075176621,False,1.3205545860329042e+16,1.7607391328316412e+16,4.2695709360965534e-14,0.9999999999999573,13.36961576653196,2.0823687930931137e-14,1.0,1.4999999999999896,1.4999999999999896,2.0823687930931137e-14,-0.24999999999999478,-0.24999999999999478,0.49999999999998956,0.37499999999998435,1.3674380074312433,1.973269804e-07,549976079458278.9,13.681442353297308
IDEAL_C1,1.0,ONE_G_ONE_M_ONE_TJ,9.80665,1.0,1000000000000.0,0.4082482904638631,1.0,1.0,10.0,253099372676.2482,5.217534014681618e+16,1.7391766590185246e+16,6.956710673700142e+16,69567.10673700142,False,1.3205545860329042e+16,1.7607391328237768e+16,4.269570936096586e-20,1.0,19.369615766531954,6.58502883294447e-13,1.0,1.4999999999996707,1.4999999999996707,6.58502883294447e-13,-0.24999999999983538,-0.24999999999983538,0.49999999999967076,0.3749999999995062,2.4316867574193552,1.973269804e-06,1.7391766590185246e+16,12.181442319113547
IDEAL_C1,1.0,ONE_G_ONE_M_ONE_TJ,9.80665,1.0,1000000000000.0,0.4082482904638631,1.0,1.0,100.0,8003707340.443256,1.6499286266503718e+18,5.4997644829742406e+17,2.199905074947796e+18,2199905.074947796,False,1.3205545860329042e+16,1.7607391328237768e+16,4.269570936096588e-26,1.0,25.369615766531954,2.0823683275538178e-11,1.0,1.499999999989588,1.499999999989588,2.0823683275538178e-11,-0.24999999999479408,-0.24999999999479408,0.49999999998958816,0.37499999998438227,4.324219145931344,1.973269804e-05,5.4997644829742406e+17,10.681442450389222
IDEAL_C1,1.0,ONE_G_ONE_M_ONE_TJ,9.80665,1.0,1000000000000.0,0.4082482904638631,2.0,0.001,1.0,4428776624705.19,2981759293675845.0,993919961523022.0,3975679255198867.0,3975.679255198867,False,1.3205545860329042e+16,1.7607391328239066e+16,4.002714747161042e-15,0.999999999999996,14.397645358720295,3.763266490727534e-14,0.001,0.5009999999999812,0.5009999999999812,3.763266490727534e-14,-0.2499999999999906,-0.2499999999999906,0.0004999999999811837,0.12500024999999057,1.017194453557494,1.973269804e-07,993919961523022.0,13.424435026603197
IDEAL_C1,1.0,ONE_G_ONE_M_ONE_TJ,9.80665,1.0,1000000000000.0,0.4082482904638631,2.0,0.001,10.0,140050201606.94794,9.42915162477989e+16,3.1430500678578744e+16,1.2572201692637763e+17,125722.01692637763,False,1.3205545860329042e+16,1.7607391328315116e+16,4.002714747160986e-21,1.0,20.3976453587203,1.1900494590904492e-12,0.001,0.500999999999405,0.500999999999405,1.1900494590904492e-12,-0.2499999999997025,-0.2499999999997025,0.0004999999994049753,0.12500024999970188,1.808855873878663,1.973269804e-06,3.1430500678578744e+16,11.924434988722007
IDEAL_C1,1.0,ONE_G_ONE_M_ONE_TJ,9.80665,1.0,1000000000000.0,0.4082482904638631,2.0,0.001,100.0,4428776692.226022,2.981759248216144e+18,9.939200062352563e+17,3.9756792544514e+18,3975679.2544514,False,1.3205545860329042e+16,1.7607391328315116e+16,4.002714747161045e-27,1.0,26.397645358720297,3.763266434201907e-11,0.001,0.5009999999811836,0.5009999999811836,3.763266434201907e-11,-0.24999999999059183,-0.24999999999059183,0.0004999999811836678,0.12500024999057302,3.21665132068968,1.973269804e-05,9.939200062352563e+17,10.424435033126457
IDEAL_C1,1.0,ONE_G_ONE_M_ONE_TJ,9.80665,1.0,1000000000000.0,0.4082482904638631,2.0,0.01,1.0,4428557428596.917,2981906878988561.5,993969157329479.6,3975876036318041.0,3975.876036318041,False,1.3205545860329042e+16,1.7607391328312812e+16,4.0019223681168925e-15,0.999999999999996,14.397731340343851,3.763452757561026e-14,0.01,0.5099999999999811,0.5099999999999811,3.763452757561026e-14,-0.2499999999999906,-0.2499999999999906,0.004999999999981183,0.1250249999999904,1.0171692809372226,1.9732698040000002e-07,993969157329479.6,13.424413531272949
IDEAL_C1,1.0,ONE_G_ONE_M_ONE_TJ,9.80665,1.0,1000000000000.0,0.4082482904638631,2.0,0.01,10.0,140043269964.9948,9.429618334126229e+16,3.143205635048505e+16,1.2572823969174733e+17,125728.23969174732,False,1.3205545860329042e+16,1.760739132839232e+16,4.0019223681168945e-21,1.0,20.397731340343853,1.1901083622905748e-12,0.01,0.5099999999994049,0.5099999999994049,1.1901083622905748e-12,-0.24999999999970246,-0.24999999999970246,0.004999999999404946,0.12502499999969652,1.8088111095860535,1.973269804e-06,3.143205635048505e+16,11.924413493227418
IDEAL_C1,1.0,ONE_G_ONE_M_ONE_TJ,9.80665,1.0,1000000000000.0,0.4082482904638631,2.0,0.01,100.0,4428557495.109148,2.981906834203486e+18,9.939692013656822e+17,3.9758760355691684e+18,3975876.035569168,False,1.3205545860329042e+16,1.760739132839232e+16,4.001922368116897e-27,1.0,26.39773134034385,3.763452701886927e-11,0.01,0.5099999999811827,0.5099999999811827,3.763452701886927e-11,-0.24999999999059136,-0.24999999999059136,0.004999999981182736,0.12502499999040317,3.2165717175092596,1.973269804e-05,9.939692013656822e+17,10.424413537697621
IDEAL_C1,1.0,ONE_G_ONE_M_ONE_TJ,9.80665,1.0,1000000000000.0,0.4082482904638631,2.0,0.1,1.0,4406907728412.71,2996556014819363.0,998852266777413.2,3995408281596776.0,3995.408281596776,False,1.3205545860329042e+16,1.7607391328316124e+16,3.924237992735785e-15,0.9999999999999961,14.406244661894123,3.781941373361473e-14,0.1,0.5999999999999811,0.5999999999999811,3.781941373361473e-14,-0.24999999999999054,-0.24999999999999054,0.049999999999981094,0.12749999999998865,1.0146799387423233,1.973269804e-07,998852266777413.2,13.422285207755111
IDEAL_C1,1.0,ONE_G_ONE_M_ONE_TJ,9.80665,1.0,1000000000000.0,0.4082482904638631,2.0,0.1,10.0,139358641473.3705,9.475943307650883e+16,3.1586470444198664e+16,1.2634590352070749e+17,126345.90352070749,False,1.3205545860329042e+16,1.760739132816431e+16,3.9242379927358145e-21,1.0,20.406244661894117,1.1959550186897475e-12,0.1,0.599999999999402,0.599999999999402,1.1959550186897475e-12,-0.24999999999970102,-0.24999999999970102,0.04999999999940202,0.1274999999996412,1.8043843319639987,1.973269804e-06,3.1586470444198664e+16,11.922285154379544
IDEAL_C1,1.0,ONE_G_ONE_M_ONE_TJ,9.80665,1.0,1000000000000.0,0.4082482904638631,2.0,0.1,100.0,4406907659.067136,2.996556061972132e+18,9.988522188565503e+17,3.995408280828682e+18,3995408.2808286822,False,1.3205545860329042e+16,1.760739132816431e+16,3.924237992735816e-27,1.0,26.406244661894117,3.7819414337301205e-11,0.1,0.5999999999810903,0.5999999999810903,3.7819414337301205e-11,-0.24999999999054515,-0.24999999999054515,0.049999999981090296,0.1274999999886542,3.2086996768966856,1.973269804e-05,9.988522188565503e+17,10.422285200822754
IDEAL_C1,1.0,ONE_G_ONE_M_ONE_TJ,9.80665,1.0,1000000000000.0,0.4082482904638631,2.0,1.0,1.0,3365144027666.7725,3924214164909050.0,1308071370551364.2,5232285535460414.0,5232.285535460414,False,1.3205545860329042e+16,1.7607391328312812e+16,1.33424091753017e-15,0.9999999999999987,14.874765744851866,4.952735018069191e-14,1.0,1.4999999999999751,1.4999999999999751,4.952735018069191e-14,-0.24999999999998762,-0.24999999999998762,0.49999999999997524,0.37499999999996286,0.8866738976555485,1.973269804e-07,1308071370551364.2,13.305154907080903
IDEAL_C1,1.0,ONE_G_ONE_M_ONE_TJ,9.80665,1.0,1000000000000.0,0.4082482904638631,2.0,1.0,10.0,106415199385.45296,1.2409454604784821e+17,4.136485055498323e+16,1.6545939660283142e+17,165459.39660283143,False,1.3205545860329042e+16,1.760739132839232e+16,1.3342409175301707e-21,1.0,20.874765744851864,1.5661923074028124e-12,1.0,1.4999999999992168,1.4999999999992168,1.5661923074028124e-12,-0.24999999999960845,-0.24999999999960845,0.4999999999992169,0.3749999999988254,1.5767539472147736,1.973269804e-06,4.136485055498323e+16,11.805154913468233
IDEAL_C1,1.0,ONE_G_ONE_M_ONE_TJ,9.80665,1.0,1000000000000.0,0.4082482904638631,2.0,1.0,100.0,3365144046.427481,3.92421414303152e+18,1.3080713911344837e+18,5.232285534166004e+18,5232285.534166004,False,1.3205545860329042e+16,1.760739132839232e+16,1.3342409175301713e-27,1.0,26.874765744851864,4.952734991927952e-11,1.0,1.4999999999752363,1.4999999999752363,4.952734991927952e-11,-0.24999999998761815,-0.24999999998761815,0.4999999999752363,0.3749999999628545,2.8039090658102803,1.973269804e-05,1.3080713911344837e+18,10.30515490937317
IDEAL_C1,1.0,ONE_G_ONE_M_ONE_TJ,9.80665,1.0,1000000000000.0,0.1,0.5,0.001,1.0,1073809396780.3756,1.2297849040922436e+16,4099283464762478.0,1.6397132505684914e+16,16397.132505684913,False,1.3205545860329042e+16,1.760739132839232e+16,1.3833382166188452e-17,1.0,16.859071624913444,9.312639682603372e-15,0.001,0.5009999999999953,0.5009999999999953,9.312639682603372e-15,-0.24999999999999767,-0.24999999999999767,0.0004999999999953437,0.12500024999999768,4.0895927841235356,3.9465396079999993e-07,4099283464762478.0,14.030927200103633
IDEAL_C1,1.0,ONE_G_ONE_M_ONE_TJ,9.80665,1.0,1000000000000.0,0.1,0.5,0.001,10.0,33956832745.42827,3.888921549112071e+17,1.296307032131101e+17,5.185228581243172e+17,518522.8581243172,False,1.3205545860329042e+16,1.760739132839232e+16,1.383338216618846e-23,1.0,22.859071624913444,2.9449154092973616e-13,0.001,0.5009999999998528,0.5009999999998528,2.9449154092973616e-13,-0.24999999999992636,-0.24999999999992636,0.0004999999998527542,0.1250002499999262,7.27243843755946,3.946539608e-06,1.296307032131101e+17,12.530927175512872
IDEAL_C1,1.0,ONE_G_ONE_M_ONE_TJ,9.80665,1.0,1000000000000.0,0.1,0.5,0.001,100.0,1073809498.5474808,1.2297847875430326e+19,4.099284618737417e+18,1.6397132494167745e+19,16397132.494167745,False,1.3205545860329042e+16,1.7607391328164166e+16,1.3833382166188465e-29,1.0,28.859071624913444,9.312638808689462e-12,0.001,0.5009999999953436,0.5009999999953436,9.312638808689462e-12,-0.24999999999767183,-0.24999999999767183,0.0004999999953436806,0.12500024999766718,12.932428507220195,3.946539608e-05,4.099284618737417e+18,11.030927240858567
IDEAL_C1,1.0,ONE_G_ONE_M_ONE_TJ,9.80665,1.0,1000000000000.0,0.1,0.5,0.01,1.0,1073756249928.8674,1.2298457737688476e+16,4099486364173747.5,1.6397944101862224e+16,16397.944101862224,False,1.3205545860329042e+16,1.7607391328315116e+16,1.3830643704211875e-17,1.0,16.859157606537,9.313100622857171e-15,0.01,0.5099999999999953,0.5099999999999953,9.313100622857171e-15,-0.24999999999999767,-0.24999999999999767,0.004999999999995343,0.1250249999999976,4.089491578234251,3.9465396080000004e-07,4099486364173747.5,14.030905704710111
IDEAL_C1,1.0,ONE_G_ONE_M_ONE_TJ,9.80665,1.0,1000000000000.0,0.1,0.5,0.01,10.0,33955152099.870445,3.889114035327625e+17,1.2963711951615818e+17,5.185485230489207e+17,518548.52304892073,False,1.3205545860329042e+16,1.7607391328237768e+16,1.3830643704212079e-23,1.0,22.859157606536993,2.9450611709475046e-13,0.01,0.5099999999998528,0.5099999999998528,2.9450611709475046e-13,-0.24999999999992636,-0.24999999999992636,0.004999999999852747,0.1250249999999249,7.272258465789378,3.946539608e-06,1.2963711951615818e+17,12.530905680187898
IDEAL_C1,1.0,ONE_G_ONE_M_ONE_TJ,9.80665,1.0,1000000000000.0,0.1,0.5,0.01,100.0,1073756351.2074237,1.229845657767667e+19,4.099487512665874e+18,1.6397944090342545e+19,16397944.090342546,False,1.3205545860329042e+16,1.76073913283167e+16,1.3830643704211888e-29,1.0,28.859157606537,9.313099753094121e-12,0.01,0.5099999999953435,0.5099999999953435,9.313099753094121e-12,-0.24999999999767172,-0.24999999999767172,0.004999999995343451,0.12502499999762515,12.932108463170453,3.946539608e-05,4.099487512665874e+18,11.030905745269463
IDEAL_C1,1.0,ONE_G_ONE_M_ONE_TJ,9.80665,1.0,1000000000000.0,0.1,0.5,0.1,1.0,1068507007586.9321,1.2358876232503004e+16,4119625880559436.0,1.647850211306244e+16,16478.50211306244,False,1.3205545860329042e+16,1.7607391328237768e+16,1.3562166502895057e-17,1.0,16.86767092808726,9.358852987396786e-15,0.1,0.5999999999999953,0.5999999999999953,9.358852987396786e-15,-0.24999999999999767,-0.24999999999999767,0.049999999999995326,0.1274999999999972,4.079483239455554,3.946539608e-07,4119625880559436.0,14.028777374741475
IDEAL_C1,1.0,ONE_G_ONE_M_ONE_TJ,9.80665,1.0,1000000000000.0,0.1,0.5,0.1,10.0,33789156959.80785,3.908219987860904e+17,1.3027399225436835e+17,5.2109599104045875e+17,521095.9910404587,False,1.3205545860329042e+16,1.7607391328389582e+16,1.356216650289487e-23,1.0,22.867670928087268,2.959529298760232e-13,0.1,0.599999999999852,0.599999999999852,2.959529298760232e-13,-0.249999999999926,-0.249999999999926,0.049999999999852024,0.1274999999999112,7.254460893802933,3.946539608e-06,1.3027399225436835e+17,12.52877735624056
IDEAL_C1,1.0,ONE_G_ONE_M_ONE_TJ,9.80665,1.0,1000000000000.0,0.1,0.5,0.1,100.0,1068506980.7131262,1.2358876543338633e+19,4.1196255580782316e+18,1.6478502101416866e+19,16478502.101416865,False,1.3205545860329042e+16,1.7607391328316988e+16,1.356216650289507e-29,1.0,28.86767092808726,9.358853231529486e-12,0.1,0.5999999999953206,0.5999999999953206,9.358853231529486e-12,-0.2499999999976603,-0.2499999999976603,0.04999999999532058,0.12749999999719236,12.90045854490256,3.946539608e-05,4.1196255580782316e+18,11.028777363412578
IDEAL_C1,1.0,ONE_G_ONE_M_ONE_TJ,9.80665,1.0,1000000000000.0,0.1,0.5,1.0,1.0,815918917587.4486,1.6184875207178532e+16,5394953980582011.0,2.1579829187760544e+16,21579.829187760544,False,1.3205545860329042e+16,1.7607391328315116e+16,4.611136610984232e-18,1.0,17.336192011045014,1.2256119798742719e-14,1.0,1.4999999999999938,1.4999999999999938,1.2256119798742719e-14,-0.24999999999999695,-0.24999999999999695,0.4999999999999939,0.37499999999999084,3.564839383097068,3.946539608e-07,5394953980582011.0,13.911647002633254
IDEAL_C1,1.0,ONE_G_ONE_M_ONE_TJ,9.80665,1.0,1000000000000.0,0.1,0.5,1.0,10.0,25801628380.962395,5.118105596030012e+17,1.7060355788466883e+17,6.8241411748767e+17,682414.11748767,False,1.3205545860329042e+16,1.7607391328315116e+16,4.611136610984234e-24,1.0,23.336192011045014,3.875724373956965e-13,1.0,1.4999999999998062,1.4999999999998062,3.875724373956965e-13,-0.2499999999999031,-0.2499999999999031,0.4999999999998062,0.37499999999970934,6.339281301082255,3.946539608e-06,1.7060355788466883e+17,12.411647115812668
IDEAL_C1,1.0,ONE_G_ONE_M_ONE_TJ,9.80665,1.0,1000000000000.0,0.1,0.5,1.0,100.0,815919080.1717167,1.6184871982096347e+19,5.39495718571419e+18,2.1579829167810535e+19,21579829.167810537,False,1.3205545860329042e+16,1.7607391328319582e+16,4.611136610984302e-30,1.0,29.336192011045007,1.2256117371530936e-11,1.0,1.499999999993872,1.499999999993872,1.2256117371530936e-11,-0.24999999999693598,-0.24999999999693598,0.49999999999387196,0.3749999999908079,11.273013059514607,3.946539608e-05,5.39495718571419e+18,10.91164708864129
IDEAL_C1,1.0,ONE_G_ONE_M_ONE_TJ,9.80665,1.0,1000000000000.0,0.1,1.0,0.001,1.0,1276981745249.924,1.0341217413209396e+16,3447072531262735.5,1.3788289944472132e+16,13788.289944472132,False,1.3205545860329042e+16,1.760739132839232e+16,2.7666764332376956e-17,1.0,16.558041629249463,7.830965506911522e-15,0.001,0.5009999999999961,0.5009999999999961,7.830965506911522e-15,-0.24999999999999803,-0.24999999999999803,0.0004999999999960845,0.12500024999999804,2.2298662514623766,1.9732698040000002e-07,3447072531262735.5,14.106184688967154
IDEAL_C1,1.0,ONE_G_ONE_M_ONE_TJ,9.80665,1.0,1000000000000.0,0.1,1.0,0.001,10.0,40381707687.28473,3.27018014260134e+17,1.0900599836525691e+17,4.360240126253909e+17,436024.0126253909,False,1.3205545860329042e+16,1.760739132839232e+16,2.766676433237697e-23,1.0,22.558041629249463,2.4763687751116106e-13,0.001,0.5009999999998762,0.5009999999998762,2.4763687751116106e-13,-0.24999999999993808,-0.24999999999993808,0.0004999999998761815,0.12500024999993795,3.965325204401548,1.973269804e-06,1.0900599836525691e+17,12.606184680705903
IDEAL_C1,1.0,ONE_G_ONE_M_ONE_TJ,9.80665,1.0,1000000000000.0,0.1,1.0,0.001,100.0,1276981732.0286279,1.0341217520277725e+19,3.447072416050291e+18,1.3788289936328016e+19,13788289.936328016,False,1.3205545860329042e+16,1.7607391328164166e+16,2.766676433237698e-29,1.0,28.558041629249463,7.830965594116098e-12,0.001,0.5009999999960846,0.5009999999960846,7.830965594116098e-12,-0.24999999999804226,-0.24999999999804226,0.0004999999960845172,0.12500024999803835,7.051456192900846,1.973269804e-05,3.447072416050291e+18,11.106184684130909
IDEAL_C1,1.0,ONE_G_ONE_M_ONE_TJ,9.80665,1.0,1000000000000.0,0.1,1.0,0.01,1.0,1276918542639.643,1.034172926413189e+16,3447243148656370.5,1.378897241278826e+16,13788.97241278826,False,1.3205545860329042e+16,1.7607391328237768e+16,2.7661287408424193e-17,1.0,16.55812761087301,7.831353109914009e-15,0.01,0.5099999999999961,0.5099999999999961,7.831353109914009e-15,-0.24999999999999803,-0.24999999999999803,0.004999999999996085,0.125024999999998,2.229811068562516,1.973269804e-07,3447243148656370.5,14.106163193574384
IDEAL_C1,1.0,ONE_G_ONE_M_ONE_TJ,9.80665,1.0,1000000000000.0,0.1,1.0,0.01,10.0,40379709042.20878,3.2703420043282944e+17,1.0901139373565838e+17,4.360455941684878e+17,436045.5941684878,False,1.3205545860329042e+16,1.7607391328237768e+16,2.7661287408424204e-23,1.0,22.55812761087301,2.4764913461349324e-13,0.01,0.5099999999998762,0.5099999999998762,2.4764913461349324e-13,-0.24999999999993808,-0.24999999999993808,0.0049999999998761755,0.12502499999993683,3.965227073636234,1.973269804e-06,1.0901139373565838e+17,12.606163185279915
IDEAL_C1,1.0,ONE_G_ONE_M_ONE_TJ,9.80665,1.0,1000000000000.0,0.1,1.0,0.01,100.0,1276918529.466247,1.0341729370822873e+19,3.447243033819506e+18,1.378897240464238e+19,13788972.404642379,False,1.3205545860329042e+16,1.7607391328316988e+16,2.766128740842422e-29,1.0,28.55812761087301,7.831353196833444e-12,0.01,0.5099999999960844,0.5099999999960844,7.831353196833444e-12,-0.24999999999804215,-0.24999999999804215,0.004999999996084323,0.12502499999800298,7.051281689380678,1.973269804e-05,3.447243033819506e+18,11.10616318875419
IDEAL_C1,1.0,ONE_G_ONE_M_ONE_TJ,9.80665,1.0,1000000000000.0,0.1,1.0,0.1,1.0,1270676105733.4517,1.0392534966813292e+16,3464178388813216.0,1.3856713355626508e+16,13856.713355626507,False,1.3205545860329042e+16,1.760739132839232e+16,2.7124333005789777e-17,1.0,16.566640932423283,7.86982611452801e-15,0.1,0.5999999999999961,0.5999999999999961,7.86982611452801e-15,-0.24999999999999803,-0.24999999999999803,0.04999999999999607,0.12749999999999764,2.2243539825902188,1.973269804e-07,3464178388813216.0,14.104034863363331
IDEAL_C1,1.0,ONE_G_ONE_M_ONE_TJ,9.80665,1.0,1000000000000.0,0.1,1.0,0.1,10.0,40182305516.3147,3.286408206459772e+17,1.09546930224586e+17,4.381877508705632e+17,438187.7508705632,False,1.3205545860329042e+16,1.760739132839232e+16,2.712433300578979e-23,1.0,22.566640932423283,2.488657599845459e-13,0.1,0.5999999999998755,0.5999999999998755,2.488657599845459e-13,-0.24999999999993777,-0.24999999999993777,0.04999999999987557,0.12749999999992534,3.9555228332758774,1.973269804e-06,1.09546930224586e+17,12.604034851373253
IDEAL_C1,1.0,ONE_G_ONE_M_ONE_TJ,9.80665,1.0,1000000000000.0,0.1,1.0,0.1,100.0,1270676094.7657795,1.039253505651508e+19,3.464178290876779e+18,1.3856713347391859e+19,13856713.347391859,False,1.3205545860329042e+16,1.7607391328316988e+16,2.712433300579019e-29,1.0,28.56664093242328,7.869826188642593e-12,0.1,0.599999999996065,0.599999999996065,7.869826188642593e-12,-0.24999999999803255,-0.24999999999803255,0.04999999999606509,0.12749999999763906,7.034024874329926,1.973269804e-05,3.464178290876779e+18,11.104034859273336
IDEAL_C1,1.0,ONE_G_ONE_M_ONE_TJ,9.80665,1.0,1000000000000.0,0.1,1.0,1.0,1.0,970296834722.8705,1.3609799999090712e+16,4536601006686218.0,1.814640100577693e+16,18146.401005776926,False,1.3205545860329042e+16,1.7607391328237768e+16,9.222273221968612e-18,1.0,17.035162015381026,1.0306124519994378e-14,1.0,1.499999999999995,1.499999999999995,1.0306124519994378e-14,-0.24999999999999742,-0.24999999999999742,0.49999999999999484,0.37499999999999223,1.9437427095612638,1.973269804e-07,4536601006686218.0,13.986904614638407
IDEAL_C1,1.0,ONE_G_ONE_M_ONE_TJ,9.80665,1.0,1000000000000.0,0.1,1.0,1.0,10.0,30683478248.22893,4.303796901217115e+17,1.4345989499486653e+17,5.7383958511657805e+17,573839.585116578,False,1.3205545860329042e+16,1.7607391328237768e+16,9.222273221968616e-24,1.0,23.035162015381026,3.2590829238543436e-13,1.0,1.499999999999837,1.499999999999837,3.2590829238543436e-13,-0.2499999999999185,-0.2499999999999185,0.499999999999837,0.37499999999975553,3.456517537750063,1.973269804e-06,1.4345989499486653e+17,12.486904589239
IDEAL_C1,1.0,ONE_G_ONE_M_ONE_TJ,9.80665,1.0,1000000000000.0,0.1,1.0,1.0,100.0,970296641.6947379,1.3609802706586712e+19,4.536598285084878e+18,1.814640099167159e+19,18146400.991671592,False,1.3205545860329042e+16,1.76073913283167e+16,9.22227322196849e-30,1.0,29.03516201538103,1.0306126580877312e-11,1.0,1.499999999994847,1.499999999994847,1.0306126580877312e-11,-0.24999999999742348,-0.24999999999742348,0.49999999999484696,0.3749999999922704,6.1466535329973935,1.973269804e-05,4.536598285084878e+18,10.98690452779393
IDEAL_C1,1.0,ONE_G_ONE_M_ONE_TJ,9.80665,1.0,1000000000000.0,0.1,2.0,0.001,1.0,536904741699.65326,2.459569609783085e+16,8198568913516461.0,3.2794265011347308e+16,32794.26501134731,False,1.3205545860329042e+16,1.7607391328240794e+16,8.645863853867841e-19,1.0,18.063191607569365,1.8625277862814384e-14,0.001,0.5009999999999907,0.5009999999999907,1.8625277862814384e-14,-0.24999999999999534,-0.24999999999999534,0.0004999999999906874,0.12500024999999532,1.4458894532883866,1.973269804e-07,8198568913516461.0,13.72989723947165
IDEAL_C1,1.0,ONE_G_ONE_M_ONE_TJ,9.80665,1.0,1000000000000.0,0.1,2.0,0.001,10.0,16978419004.790403,7.777841892465453e+17,2.5926152697905437e+17,1.0370457162255996e+18,1037045.7162255996,False,1.3205545860329042e+16,1.7607391328315116e+16,8.645863853867846e-25,1.0,24.063191607569365,5.889829905698239e-13,0.001,0.5009999999997055,0.5009999999997055,5.889829905698239e-13,-0.24999999999985276,-0.24999999999985276,0.0004999999997055085,0.12500024999985246,2.5711954667416963,1.973269804e-06,2.5926152697905437e+17,12.229897247162528
IDEAL_C1,1.0,ONE_G_ONE_M_ONE_TJ,9.80665,1.0,1000000000000.0,0.1,2.0,0.001,100.0,536904681.5269185,2.4595698854354207e+19,8.198566110922457e+18,3.2794264965276664e+19,32794264.965276662,False,1.3205545860329042e+16,1.76073913283167e+16,8.64586385386785e-31,1.0,30.063191607569365,1.8625279984868072e-11,0.001,0.5009999999906873,0.5009999999906873,1.8625279984868072e-11,-0.24999999999534367,-0.24999999999534367,0.00049999999068736,0.12500024999533435,4.572303656736365,1.973269804e-05,8.198566110922457e+18,10.729897189990716
IDEAL_C1,1.0,ONE_G_ONE_M_ONE_TJ,9.80665,1.0,1000000000000.0,0.1,2.0,0.01,1.0,536878168235.10754,2.4596913492943748e+16,8198974710758162.0,3.279588820370191e+16,32795.888203701914,False,1.3205545860329042e+16,1.760739132839232e+16,8.644152315132479e-19,1.0,18.06327758919292,1.8626199744519073e-14,0.01,0.5099999999999907,0.5099999999999907,1.8626199744519073e-14,-0.24999999999999534,-0.24999999999999534,0.004999999999990687,0.12502499999999525,1.4458536715522905,1.973269804e-07,8198974710758162.0,13.729875744048483
IDEAL_C1,1.0,ONE_G_ONE_M_ONE_TJ,9.80665,1.0,1000000000000.0,0.1,2.0,0.01,10.0,16977578678.563148,7.778226866357044e+17,2.592743594390969e+17,1.0370970460748014e+18,1037097.0460748014,False,1.3205545860329042e+16,1.760739132839232e+16,8.644152315132485e-25,1.0,24.06327758919292,5.890121430104506e-13,0.01,0.5099999999997055,0.5099999999997055,5.890121430104506e-13,-0.24999999999985276,-0.24999999999985276,0.004999999999705494,0.1250249999998498,2.57113183685599,1.973269804e-06,2.592743594390969e+17,12.229875751752674
IDEAL_C1,1.0,ONE_G_ONE_M_ONE_TJ,9.80665,1.0,1000000000000.0,0.1,2.0,0.01,100.0,536878108.0685418,2.4596916249457365e+19,8.198971908163913e+18,3.2795888157621277e+19,32795888.157621276,False,1.3205545860329042e+16,1.7607391328164166e+16,8.644152315132488e-31,1.0,30.06327758919292,1.862620186656881e-11,0.01,0.5099999999906869,0.5099999999906869,1.862620186656881e-11,-0.24999999999534345,-0.24999999999534345,0.0049999999906868995,0.12502499999525032,4.572190504971488,1.973269804e-05,8.198971908163913e+18,10.729875694570088
IDEAL_C1,1.0,ONE_G_ONE_M_ONE_TJ,9.80665,1.0,1000000000000.0,0.1,2.0,0.1,1.0,534253544290.3022,2.4717750591381052e+16,8239253634721007.0,3.295700422610206e+16,32957.00422610206,False,1.3205545860329042e+16,1.7607391328315548e+16,8.476354064309347e-19,1.0,18.07179091074319,1.8717704555994352e-14,0.1,0.5999999999999907,0.5999999999999907,1.8717704555994352e-14,-0.2499999999999953,-0.2499999999999953,0.04999999999999064,0.12749999999999437,1.4423151858415784,1.973269804e-07,8239253634721007.0,13.72774741199695
IDEAL_C1,1.0,ONE_G_ONE_M_ONE_TJ,9.80665,1.0,1000000000000.0,0.1,2.0,0.1,10.0,16894580834.825377,7.816438886194796e+17,2.6054809343814768e+17,1.0421919820576273e+18,1042191.9820576273,False,1.3205545860329042e+16,1.7607391328315548e+16,8.47635406430935e-25,1.0,24.07179091074319,5.919057772643028e-13,0.1,0.5999999999997041,0.5999999999997041,5.919057772643028e-13,-0.24999999999985204,-0.24999999999985204,0.04999999999970405,0.12749999999982245,2.564839424647799,1.973269804e-06,2.6054809343814768e+17,12.227747421099675
IDEAL_C1,1.0,ONE_G_ONE_M_ONE_TJ,9.80665,1.0,1000000000000.0,0.1,2.0,0.1,100.0,534253486.15554625,2.4717753281041367e+19,8.239250898477952e+18,3.295700417951932e+19,32957004.17951932,False,1.3205545860329042e+16,1.7607391328160854e+16,8.476354064309355e-31,1.0,30.07179091074319,1.871770662776029e-11,0.1,0.5999999999906411,0.5999999999906411,1.871770662776029e-11,-0.24999999999532058,-0.24999999999532058,0.04999999999064115,0.1274999999943847,4.561000838691634,1.973269804e-05,8.239250898477952e+18,10.727747363927142
IDEAL_C1,1.0,ONE_G_ONE_M_ONE_TJ,9.80665,1.0,1000000000000.0,0.1,2.0,1.0,1.0,407959509961.7457,3.2369746354404932e+16,1.0789912021073908e+16,4.315965837547884e+16,43159.65837547884,False,1.3205545860329042e+16,1.760739132839232e+16,2.8819603818651643e-19,1.0,18.540311993700936,2.4512236523085862e-14,1.0,1.4999999999999878,1.4999999999999878,2.4512236523085862e-14,-0.24999999999999387,-0.24999999999999387,0.49999999999998773,0.37499999999998157,1.2603611298535666,1.973269804e-07,1.0789912021073908e+16,13.610617061439811
IDEAL_C1,1.0,ONE_G_ONE_M_ONE_TJ,9.80665,1.0,1000000000000.0,0.1,2.0,1.0,10.0,12900811556.85791,1.0236213281721133e+18,3.412069067633283e+17,1.3648282349354417e+18,1364828.2349354418,False,1.3205545860329042e+16,1.760739132839232e+16,2.881960381865166e-25,1.0,24.540311993700936,7.751450330626117e-13,1.0,1.4999999999996123,1.4999999999996123,7.751450330626117e-13,-0.2499999999998062,-0.2499999999998062,0.4999999999996124,0.37499999999941863,2.241274169107412,1.973269804e-06,3.412069067633283e+17,12.110617031473252
IDEAL_C1,1.0,ONE_G_ONE_M_ONE_TJ,9.80665,1.0,1000000000000.0,0.1,2.0,1.0,100.0,407959533.2233056,3.2369744508705223e+19,1.078991378697867e+19,4.315965829568389e+19,43159658.29568389,False,1.3205545860329042e+16,1.7607391328164166e+16,2.881960381865167e-31,1.0,30.540311993700936,2.4512235185440606e-11,1.0,1.4999999999877438,1.4999999999877438,2.4512235185440606e-11,-0.24999999999387193,-0.24999999999387193,0.49999999998774386,0.3749999999816158,3.985611953428952,1.973269804e-05,1.078991378697867e+19,10.610617085139483
IDEAL_C1,1.0,POINT_ONE_G_ONE_CM_ONE_PJ,0.980665,0.01,1000000000000000.0,1.0,0.5,0.001,1.0,603847291365.0491,218690156421.4483,72896674763.55653,291586831185.0048,0.0002915868311850048,True,132055458.60329044,176073939.65517417,1.0,0.0,0.0,1.6560478357716394e-12,0.001,0.5009999999991719,0.5009999999991719,1.6560478357716394e-12,-0.249999999999586,-0.249999999999586,0.0004999999991719761,0.12500024999958517,30.66761673542221,3.946539608e-05,72896674763.55653,11.780927122556204
IDEAL_C1,1.0,POINT_ONE_G_ONE_CM_ONE_PJ,0.980665,0.01,1000000000000000.0,1.0,0.5,0.001,10.0,19095329927.90509,6915589261975.009,2305195959996.023,9220785221971.031,0.00922078522197103,True,132055458.60329044,176073939.65371868,1.0,0.0,0.0,5.236882545773729e-11,0.001,0.5009999999738155,0.5009999999738155,5.236882545773729e-11,-0.2499999999869078,-0.2499999999869078,0.0004999999738155873,0.1250002499868816,54.535594152383666,0.00039465396079999996,2305195959996.023,10.280927166464062
IDEAL_C1,1.0,POINT_ONE_G_ONE_CM_ONE_PJ,0.980665,0.01,1000000000000000.0,1.0,0.5,0.001,100.0,603847372.2034137,218690127144920.16,72896703436594.5,291586830581514.6,0.29158683058151463,True,132055458.60329044,176073939.65813553,1.0,0.0,0.0,1.6560476168126552e-09,0.001,0.5009999991719762,0.5009999991719762,1.6560476168126552e-09,-0.2499999995859881,-0.2499999995859881,0.0004999991719761916,0.12500024958516007,96.97952570424106,0.003946539608,72896703436594.5,8.780927179977663
IDEAL_C1,1.0,POINT_ONE_G_ONE_CM_ONE_PJ,0.980665,0.01,1000000000000000.0,1.0,0.5,0.01,1.0,603817404729.8567,218700980741.63837,72900282891.0758,291601263632.7142,0.0002916012636327142,True,132055458.60329044,176073939.65218756,1.0,0.0,0.0,1.6561298037592152e-12,0.01,0.509999999999172,0.509999999999172,1.6561298037592152e-12,-0.24999999999958597,-0.24999999999958597,0.004999999999171935,0.1250249999995777,30.666857799158134,3.946539608e-05,72900282891.0758,11.78090562718453
IDEAL_C1,1.0,POINT_ONE_G_ONE_CM_ONE_PJ,0.980665,0.01,1000000000000000.0,1.0,0.5,0.01,10.0,19094384828.733364,6915931557248.835,2305310058787.7065,9221241616036.541,0.009221241616036541,True,132055458.60329044,176073939.64924204,1.0,0.0,0.0,5.237141751472215e-11,0.01,0.5099999999738143,0.5099999999738143,5.237141751472215e-11,-0.24999999998690714,-0.24999999998690714,0.004999999973814291,0.1250249999866453,54.534244550600874,0.00039465396079999996,2305310058787.7065,10.280905671076738
IDEAL_C1,1.0,POINT_ONE_G_ONE_CM_ONE_PJ,0.980665,0.01,1000000000000000.0,1.0,0.5,0.01,100.0,603817485.5330374,218700951474955.47,72900311549915.42,291601263024870.9,0.2916012630248709,True,132055458.60329044,176073939.6507407,1.0,0.0,0.0,1.6561295848750563e-09,0.01,0.5099999991719353,0.5099999991719353,1.6561295848750563e-09,-0.2499999995859676,-0.2499999995859676,0.004999999171935208,0.12502499957768695,96.97712573438095,0.003946539608,72900311549915.42,8.780905684583526
IDEAL_C1,1.0,POINT_ONE_G_ONE_CM_ONE_PJ,0.980665,0.01,1000000000000000.0,1.0,0.5,0.1,1.0,600865543126.4595,219775389209.65845,73258420949.3232,293033810158.9816,0.0002930338101589816,True,132055458.60329044,176073939.6261221,1.0,0.0,0.0,1.6642658435669394e-12,0.1,0.5999999999991679,0.5999999999991679,1.6642658435669394e-12,-0.24999999999958394,-0.24999999999958394,0.04999999999916787,0.12749999999950073,30.591805948735253,3.946539608e-05,73258420949.3232,11.778777299936788
IDEAL_C1,1.0,POINT_ONE_G_ONE_CM_ONE_PJ,0.980665,0.01,1000000000000000.0,1.0,0.5,0.1,10.0,19001038704.834213,6949907352680.31,2316635362085.126,9266542714765.436,0.009266542714765435,True,132055458.60329044,176073939.62464067,1.0,0.0,0.0,5.2628701808717977e-11,0.1,0.5999999999736856,0.5999999999736856,5.2628701808717977e-11,-0.24999999998684283,-0.24999999998684283,0.04999999997368565,0.12749999998421138,54.40078130565836,0.00039465396079999996,2316635362085.126,10.278777342585112
IDEAL_C1,1.0,POINT_ONE_G_ONE_CM_ONE_PJ,0.980665,0.01,1000000000000000.0,1.0,0.5,0.1,100.0,600865621.9411961,219775360382015.84,73258449124970.73,293033809506986.56,0.29303380950698654,True,132055458.60329044,176073939.62611634,1.0,0.0,0.0,1.6642656280344343e-09,0.1,0.5999999991678672,0.5999999991678672,1.6642656280344343e-09,-0.2499999995839336,-0.2499999995839336,0.04999999916786719,0.12749999950072033,96.7397908000862,0.003946539608,73258449124970.73,8.778777356180557
IDEAL_C1,1.0,POINT_ONE_G_ONE_CM_ONE_PJ,0.980665,0.01,1000000000000000.0,1.0,0.5,1.0,1.0,458825006600.4389,287812252391.6597,95937406775.14178,383749659166.8015,0.0003837496591668015,True,132055458.60329044,176073939.65550545,1.0,0.0,0.0,2.179480162625519e-12,1.0,1.4999999999989102,1.4999999999989102,2.179480162625519e-12,-0.24999999999945513,-0.24999999999945513,0.49999999999891026,0.3749999999983654,26.73252647237485,3.946539608e-05,95937406775.14178,11.661647079526077
IDEAL_C1,1.0,POINT_ONE_G_ONE_CM_ONE_PJ,0.980665,0.01,1000000000000000.0,1.0,0.5,1.0,10.0,14509321108.159946,9101422293908.936,3033807447882.7017,12135229741791.637,0.012135229741791636,True,132055458.60329044,176073939.65551263,1.0,0.0,0.0,6.892121227550253e-11,1.0,1.4999999999655393,1.4999999999655393,6.892121227550253e-11,-0.2499999999827697,-0.2499999999827697,0.4999999999655394,0.3749999999483091,47.53790209906235,0.00039465396079999996,3033807447882.7017,10.16164709222327
IDEAL_C1,1.0,POINT_ONE_G_ONE_CM_ONE_PJ,0.980665,0.01,1000000000000000.0,1.0,0.5,1.0,100.0,458824978.20469314,287812270203775.3,95937387918607.7,383749658122383.0,0.383749658122383,True,132055458.60329044,176073939.65550616,1.0,0.0,0.0,2.1794803022545028e-09,1.0,1.49999999891026,1.49999999891026,2.1794803022545028e-09,-0.24999999945512993,-0.24999999945512993,0.49999999891025987,0.3749999983653898,84.53566855555067,0.003946539608,95937387918607.7,8.661647051702884
IDEAL_C1,1.0,POINT_ONE_G_ONE_CM_ONE_PJ,0.980665,0.01,1000000000000000.0,1.0,1.0,0.001,1.0,718099465434.1029,183895776225.73605,61298544853.010635,245194321078.7467,0.0002451943210787467,True,132055458.60329044,176073939.6522279,1.0,0.0,0.0,1.3925647464406287e-12,0.001,0.5009999999993038,0.5009999999993038,1.3925647464406287e-12,-0.24999999999965186,-0.24999999999965186,0.0004999999993037177,0.12500024999965118,16.721636248861106,1.973269804e-05,61298544853.010635,11.85618460343022
IDEAL_C1,1.0,POINT_ONE_G_ONE_CM_ONE_PJ,0.980665,0.01,1000000000000000.0,1.0,1.0,0.001,10.0,22708300357.680584,5815294695035.403,1938430544025.4543,7753725239060.857,0.007753725239060857,True,132055458.60329044,176073939.65371868,1.0,0.0,0.0,4.403676119713683e-11,0.001,0.5009999999779816,0.5009999999779816,4.403676119713683e-11,-0.2499999999889908,-0.2499999999889908,0.0004999999779816194,0.12500024998896878,29.73574234933383,0.00019732698039999998,1938430544025.4543,10.35618462988957
IDEAL_C1,1.0,POINT_ONE_G_ONE_CM_ONE_PJ,0.980665,0.01,1000000000000000.0,1.0,1.0,0.001,100.0,718099587.6448699,183895744929180.16,61298575722827.98,245194320652008.12,0.24519432065200814,True,132055458.60329044,176073939.65371868,1.0,0.0,0.0,1.3925645113823768e-09,0.001,0.5009999993037177,0.5009999993037177,1.3925645113823768e-09,-0.24999999965185887,-0.24999999965185887,0.0004999993037177443,0.1250002496511626,52.878461214050795,0.001973269804,61298575722827.98,8.856184676737051
IDEAL_C1,1.0,POINT_ONE_G_ONE_CM_ONE_PJ,0.980665,0.01,1000000000000000.0,1.0,1.0,0.01,1.0,718063923963.3975,183904878376.84747,61301578895.441895,245206457272.28937,0.00024520645727228935,True,132055458.60329044,176073939.64922547,1.0,0.0,0.0,1.3926336731719258e-12,0.01,0.5099999999993037,0.5099999999993037,1.3926336731719258e-12,-0.24999999999965183,-0.24999999999965183,0.004999999999303683,0.12502499999964486,16.72122243508783,1.9732698039999995e-05,61301578895.441895,11.856163108014416
IDEAL_C1,1.0,POINT_ONE_G_ONE_CM_ONE_PJ,0.980665,0.01,1000000000000000.0,1.0,1.0,0.01,10.0,22707176438.402252,5815582530109.6875,1938526489085.3853,7754109019195.072,0.007754109019195072,True,132055458.60329044,176073939.6492442,1.0,0.0,0.0,4.403894085012016e-11,0.01,0.5099999999779805,0.5099999999779805,4.403894085012016e-11,-0.24999999998899025,-0.24999999998899025,0.00499999997798053,0.12502499998877006,29.73500647330844,0.00019732698039999998,1938526489085.3853,10.356163134488652
IDEAL_C1,1.0,POINT_ONE_G_ONE_CM_ONE_PJ,0.980665,0.01,1000000000000000.0,1.0,1.0,0.01,100.0,718064046.2001324,183904847070542.72,61301609771930.19,245206456842472.9,0.24520645684247291,True,132055458.60329044,176073939.64924204,1.0,0.0,0.0,1.3926334380400414e-09,0.01,0.5099999993036832,0.5099999993036832,1.3926334380400414e-09,-0.24999999965184164,-0.24999999965184164,0.004999999303683281,0.12502499964487848,52.87715262106668,0.001973269804,61301609771930.19,8.856163181340582
IDEAL_C1,1.0,POINT_ONE_G_ONE_CM_ONE_PJ,0.980665,0.01,1000000000000000.0,1.0,1.0,0.1,1.0,714553542389.1454,184808346428.11572,61602734082.80317,246411080510.91888,0.0002464110805109189,True,132055458.60329044,176073939.62316,1.0,0.0,0.0,1.3994752536777715e-12,0.1,0.5999999999993002,0.5999999999993002,1.3994752536777715e-12,-0.24999999999965014,-0.24999999999965014,0.049999999999300264,0.12749999999958017,16.680300043795384,1.9732698039999995e-05,61602734082.80317,11.85403477657346
IDEAL_C1,1.0,POINT_ONE_G_ONE_CM_ONE_PJ,0.980665,0.01,1000000000000000.0,1.0,1.0,0.1,10.0,22596168499.001434,5844152676110.83,1948049874618.3406,7792202550729.171,0.007792202550729171,True,132055458.60329044,176073939.6261077,1.0,0.0,0.0,4.4255290452823766e-11,0.1,0.5999999999778723,0.5999999999778723,4.4255290452823766e-11,-0.24999999998893618,-0.24999999998893618,0.049999999977872356,0.12749999998672343,29.662235077540846,0.00019732698039999998,1948049874618.3406,10.354034804579044
IDEAL_C1,1.0,POINT_ONE_G_ONE_CM_ONE_PJ,0.980665,0.01,1000000000000000.0,1.0,1.0,0.1,100.0,714553664.9222286,184808314736813.03,61602765313068.26,246411080049881.28,0.24641108004988127,True,132055458.60329044,176073939.6261077,1.0,0.0,0.0,1.3994750156495442e-09,0.1,0.5999999993002625,0.5999999993002625,1.3994750156495442e-09,-0.24999999965013125,-0.24999999965013125,0.04999999930026249,0.1274999995801575,52.74774467917138,0.001973269804,61602765313068.26,8.854034850439971
IDEAL_C1,1.0,POINT_ONE_G_ONE_CM_ONE_PJ,0.980665,0.01,1000000000000000.0,1.0,1.0,1.0,1.0,545637945247.65735,242020298905.99405,80673413842.34532,322693712748.33936,0.00032269371274833933,True,132055458.60329044,176073939.65549824,1.0,0.0,0.0,1.832717113447722e-12,1.0,1.4999999999990836,1.4999999999990836,1.832717113447722e-12,-0.2499999999995418,-0.2499999999995418,0.4999999999990836,0.37499999999862543,14.576013186930986,1.973269804e-05,80673413842.34532,11.736904564797637
IDEAL_C1,1.0,POINT_ONE_G_ONE_CM_ONE_PJ,0.980665,0.01,1000000000000000.0,1.0,1.0,1.0,10.0,17254587924.354256,7653353367940.983,2551117820351.7373,10204471188292.72,0.010204471188292721,True,132055458.60329044,176073939.65255198,1.0,0.0,0.0,5.795560024047228e-11,1.0,1.4999999999710223,1.4999999999710223,5.795560024047228e-11,-0.2499999999855111,-0.2499999999855111,0.4999999999710222,0.37499999995653327,25.92022493853317,0.00019732698039999998,2551117820351.7373,10.236904591865677
IDEAL_C1,1.0,POINT_ONE_G_ONE_CM_ONE_PJ,0.980665,0.01,1000000000000000.0,1.0,1.0,1.0,100.0,545637940.5834858,242020300974809.5,80673411035011.92,322693712009821.44,0.32269371200982144,True,132055458.60329044,176073939.65399882,1.0,0.0,0.0,1.832717132469477e-09,1.0,1.4999999990836415,1.4999999990836415,1.832717132469477e-09,-0.24999999954182073,-0.24999999954182073,0.49999999908364146,0.3749999986254622,46.09340063615005,0.001973269804,80673411035011.92,8.736904560290098
IDEAL_C1,1.0,POINT_ONE_G_ONE_CM_ONE_PJ,0.980665,0.01,1000000000000000.0,1.0,2.0,0.001,1.0,301923654831.73663,437380299588.9326,145793362779.8616,583173662368.7942,0.0005831736623687942,True,132055458.60329044,176073939.65371868,1.0,0.0,0.0,3.312095571182114e-12,0.001,0.500999999998344,0.500999999998344,3.312095571182114e-12,-0.24999999999917197,-0.24999999999917197,0.0004999999983439522,0.1250002499991703,10.842640042497182,1.973269804e-05,145793362779.8616,11.479897140051957
IDEAL_C1,1.0,POINT_ONE_G_ONE_CM_ONE_PJ,0.980665,0.01,1000000000000000.0,1.0,2.0,0.001,10.0,9547666943.685753,13831175656019.707,4610394786714.8,18441570442734.508,0.018441570442734506,True,132055458.60329044,176073939.65371868,1.0,0.0,0.0,1.0473762920333924e-10,0.001,0.5009999999476312,0.5009999999476312,1.0473762920333924e-10,-0.24999999997381558,-0.24999999997381558,0.0004999999476311854,0.12500024997376322,19.2812462190971,0.00019732698039999998,4610394786714.8,9.97989726082942
IDEAL_C1,1.0,POINT_ONE_G_ONE_CM_ONE_PJ,0.980665,0.01,1000000000000000.0,1.0,2.0,0.001,100.0,301923690.56871444,437380247818731.94,145793412136128.16,583173659954860.1,0.5831736599548601,True,132055458.60329044,176073939.65218323,1.0,0.0,0.0,3.3120951901073375e-09,0.001,0.5009999983439524,0.5009999983439524,3.3120951901073375e-09,-0.2499999991719762,-0.2499999991719762,0.000499998343952405,0.12500024917032015,34.28744035611514,0.001973269804,145793412136128.16,8.479897190019924
IDEAL_C1,1.0,POINT_ONE_G_ONE_CM_ONE_PJ,0.980665,0.01,1000000000000000.0,1.0,2.0,0.01,1.0,301908711515.7918,437401948225.6082,145800579038.59622,583202527264.2045,0.0005832025272642044,True,132055458.60329044,176073939.6507227,1.0,0.0,0.0,3.312259507129213e-12,0.01,0.5099999999983438,0.5099999999983438,3.312259507129213e-12,-0.24999999999917194,-0.24999999999917194,0.00499999999834387,0.12502499999915537,10.842371718041495,1.973269804e-05,145800579038.59622,11.479875644683311
IDEAL_C1,1.0,POINT_ONE_G_ONE_CM_ONE_PJ,0.980665,0.01,1000000000000000.0,1.0,2.0,0.01,10.0,9547194393.82985,13831860246674.678,4610622984182.136,18442483230856.812,0.018442483230856812,True,132055458.60329044,176073939.64924204,1.0,0.0,0.0,1.047428133181222e-10,0.01,0.5099999999476286,0.5099999999476286,1.047428133181222e-10,-0.2499999999738143,-0.2499999999738143,0.004999999947628593,0.12502499997329058,19.280769062587627,0.00019732698039999998,4610622984182.136,9.979875765434269
IDEAL_C1,1.0,POINT_ONE_G_ONE_CM_ONE_PJ,0.980665,0.01,1000000000000000.0,1.0,2.0,0.01,100.0,301908747.2156811,437401896504015.94,145800628328841.88,583202524832857.8,0.5832025248328577,True,132055458.60329044,176073939.6507407,1.0,0.0,0.0,3.3122591264236126e-09,0.01,0.5099999983438704,0.5099999983438704,3.3122591264236126e-09,-0.24999999917193522,-0.24999999917193522,0.004999998343870437,0.12502499915537393,34.28659183762605,0.001973269804,145800628328841.88,8.4798756946004
IDEAL_C1,1.0,POINT_ONE_G_ONE_CM_ONE_PJ,0.980665,0.01,1000000000000000.0,1.0,2.0,0.1,1.0,300432780858.68536,439550764819.52014,146516855497.13083,586067620316.651,0.000586067620316651,True,132055458.60329044,176073939.6260753,1.0,0.0,0.0,3.3285315841539234e-12,0.1,0.5999999999983358,0.5999999999983358,3.3285315841539234e-12,-0.24999999999916786,-0.24999999999916786,0.04999999999833574,0.12749999999900144,10.815836884860005,1.973269804e-05,146516855497.13083,11.47774731770925
IDEAL_C1,1.0,POINT_ONE_G_ONE_CM_ONE_PJ,0.980665,0.01,1000000000000000.0,1.0,2.0,0.1,10.0,9500521306.765177,13899811846035.834,4633273582190.416,18533085428226.25,0.01853308542822625,True,132055458.60329044,176073939.62757254,1.0,0.0,0.0,1.0525738197052119e-10,0.1,0.5999999999473713,0.5999999999473713,1.0525738197052119e-10,-0.24999999997368566,-0.24999999997368566,0.04999999994737131,0.1274999999684228,19.233582659298605,0.00019732698039999998,4633273582190.416,9.977747436236811
IDEAL_C1,1.0,POINT_ONE_G_ONE_CM_ONE_PJ,0.980665,0.01,1000000000000000.0,1.0,2.0,0.1,100.0,300432813.8390471,439550716567323.5,146516901141372.0,586067617708695.5,0.5860676177086955,True,132055458.60329044,176073939.62611634,1.0,0.0,0.0,3.328531229828537e-09,0.1,0.5999999983357344,0.5999999983357344,3.328531229828537e-09,-0.2499999991678672,-0.2499999991678672,0.04999999833573439,0.12749999900144063,34.202681177472144,0.001973269804,146516901141372.0,8.477747363940319
IDEAL_C1,1.0,POINT_ONE_G_ONE_CM_ONE_PJ,0.980665,0.01,1000000000000000.0,1.0,2.0,1.0,1.0,229412508353.93307,575624492102.9237,191874826228.5874,767499318331.5111,0.0007674993183315112,True,132055458.60329044,176073939.65551263,1.0,0.0,0.0,4.358960229237278e-12,1.0,1.4999999999978204,1.4999999999978204,4.358960229237278e-12,-0.24999999999891026,-0.24999999999891026,0.4999999999978205,0.3749999999967308,9.451375477524152,1.973269804e-05,191874826228.5874,11.360617093428194
IDEAL_C1,1.0,POINT_ONE_G_ONE_CM_ONE_PJ,0.980665,0.01,1000000000000000.0,1.0,2.0,1.0,10.0,7254659724.013148,18202846670558.895,6067612810933.907,24270459481492.8,0.0242704594814928,True,132055458.60329044,176073939.65399882,1.0,0.0,0.0,1.3784244033222006e-10,1.0,1.4999999999310787,1.4999999999310787,1.3784244033222006e-10,-0.2499999999655394,-0.2499999999655394,0.4999999999310788,0.3749999998966182,16.807185506709494,0.00019732698039999998,6067612810933.907,9.860617046838062
IDEAL_C1,1.0,POINT_ONE_G_ONE_CM_ONE_PJ,0.980665,0.01,1000000000000000.0,1.0,2.0,1.0,100.0,229412512.38048548,575624481999803.5,191874832154016.06,767499314153819.5,0.7674993141538194,True,132055458.60329044,176073939.6525203,1.0,0.0,0.0,4.358960171712165e-09,1.0,1.4999999978205198,1.4999999978205198,4.358960171712165e-09,-0.24999999891025995,-0.24999999891025995,0.4999999978205199,0.3749999967307799,29.887873727652725,0.001973269804,191874832154016.06,8.36061709915957
IDEAL_C1,1.0,POINT_ONE_G_ONE_CM_ONE_PJ,0.980665,0.01,1000000000000000.0,0.4082482904638631,0.5,0.001,1.0,157512036803.02438,838383283484.7506,279461086959.6968,1117844370444.4473,0.0011178443704444473,True,132055458.60329044,176073939.7925679,1.0,0.0,0.0,1.0581201922755193e-12,0.001,0.500999999999471,0.500999999999471,1.0581201922755193e-12,-0.24999999999973546,-0.24999999999973546,0.0004999999994709399,0.12500024999973494,38.36621575165912,3.946539608e-05,279461086959.6968,11.975464997823263
IDEAL_C1,1.0,POINT_ONE_G_ONE_CM_ONE_PJ,0.980665,0.01,1000000000000000.0,0.4082482904638631,0.5,0.001,10.0,4980967615.123929,26512009072760.223,8837333723526.486,35349342796286.71,0.03534934279628671,True,132055458.60329044,176073939.7925679,1.0,0.0,0.0,3.3460700726917026e-11,0.001,0.5009999999832697,0.5009999999832697,3.3460700726917026e-11,-0.24999999999163483,-0.24999999999163483,0.0004999999832696496,0.1250002499916181,68.2258491992036,0.00039465396079999996,8837333723526.486,10.475464968375213
IDEAL_C1,1.0,POINT_ONE_G_ONE_CM_ONE_PJ,0.980665,0.01,1000000000000000.0,0.4082482904638631,0.5,0.001,100.0,157512037.11523876,838383281822939.1,279461082712173.0,1117844364535112.1,1.1178443645351122,False,132055458.60329044,176073939.7940486,0.6404343716726518,0.3595656283273482,0.19352536784082827,1.0581201968891461e-09,0.001,0.5009999994709399,0.5009999994709399,1.0581201968891461e-09,-0.24999999973546996,-0.24999999973546996,0.0004999994709399015,0.1250002497349409,121.32462671217134,0.003946539608,279461082712173.0,8.975464995929647
IDEAL_C1,1.0,POINT_ONE_G_ONE_CM_ONE_PJ,0.980665,0.01,1000000000000000.0,0.4082482904638631,0.5,0.01,1.0,157504240938.01627,838424780290.5774,279474919231.523,1117899699522.1003,0.0011178996995221003,True,132055458.60329044,176073939.7921113,1.0,0.0,0.0,1.0581725652283506e-12,0.01,0.5099999999994709,0.5099999999994709,1.0581725652283506e-12,-0.24999999999973546,-0.24999999999973546,0.004999999999470914,0.12502499999973016,38.365266295522595,3.946539608e-05,279474919231.523,11.975443502418774
IDEAL_C1,1.0,POINT_ONE_G_ONE_CM_ONE_PJ,0.980665,0.01,1000000000000000.0,0.4082482904638631,0.5,0.01,10.0,4980721088.344197,26513321316530.754,8837771138807.406,35351092455338.16,0.03535109245533816,True,132055458.60329044,176073939.7921113,1.0,0.0,0.0,3.346235690453732e-11,0.01,0.5099999999832688,0.5099999999832688,3.346235690453732e-11,-0.24999999999163441,-0.24999999999163441,0.004999999983268822,0.1250249999914671,68.22416080165509,0.00039465396079999996,8837771138807.406,10.47544347297954
IDEAL_C1,1.0,POINT_ONE_G_ONE_CM_ONE_PJ,0.980665,0.01,1000000000000000.0,0.4082482904638631,0.5,0.01,100.0,157504241.25043297,838424778627524.4,279474914974140.06,1117899693601664.5,1.1178996936016645,False,132055458.60329044,176073939.79361865,0.6403075910447664,0.3596924089552336,0.19361134944974798,1.0581725698410748e-09,0.01,0.5099999994709137,0.5099999994709137,1.0581725698410748e-09,-0.24999999973545686,-0.24999999973545686,0.004999999470913715,0.125024999730166,121.32162426831292,0.003946539608,279474914974140.06,8.975443500525621
IDEAL_C1,1.0,POINT_ONE_G_ONE_CM_ONE_PJ,0.980665,0.01,1000000000000000.0,0.4082482904638631,0.5,0.1,1.0,156734254163.68964,842543701170.6119,280847892698.33246,1123391593868.9443,0.0011233915938689443,True,132055458.60329044,176073939.79213437,1.0,0.0,0.0,1.0633710388136805e-12,0.1,0.5999999999994683,0.5999999999994683,1.0633710388136805e-12,-0.24999999999973416,-0.24999999999973416,0.04999999999946832,0.12749999999968098,38.271373776339104,3.946539608e-05,280847892698.33246,11.97331517198374
IDEAL_C1,1.0,POINT_ONE_G_ONE_CM_ONE_PJ,0.980665,0.01,1000000000000000.0,0.4082482904638631,0.5,0.1,10.0,4956371982.156294,26643572976102.387,8881188427138.906,35524761403241.3,0.035524761403241296,True,132055458.60329044,176073939.79213437,1.0,0.0,0.0,3.36267470037195e-11,0.1,0.5999999999831866,0.5999999999831866,3.36267470037195e-11,-0.2499999999915933,-0.2499999999915933,0.04999999998318663,0.12749999998991196,68.05719375547913,0.00039465396079999996,8881188427138.906,10.473315143588309
IDEAL_C1,1.0,POINT_ONE_G_ONE_CM_ONE_PJ,0.980665,0.01,1000000000000000.0,0.4082482904638631,0.5,0.1,100.0,156734254.60606125,842543698792590.5,280847889004117.8,1123391587796708.2,1.1233915877967082,False,132055458.60329044,176073939.7921956,0.6278780909342424,0.3721219090657576,0.20212467087120572,1.0633710425901524e-09,0.1,0.5999999994683145,0.5999999994683145,1.0633710425901524e-09,-0.24999999973415724,-0.24999999973415724,0.04999999946831448,0.12749999968098868,121.02471010196662,0.003946539608,280847889004117.8,8.97331517044138
IDEAL_C1,1.0,POINT_ONE_G_ONE_CM_ONE_PJ,0.980665,0.01,1000000000000000.0,0.4082482904638631,0.5,1.0,1.0,119683335017.93204,1103373820452.987,367791370429.69586,1471165190882.6829,0.001471165190882683,True,132055458.60329044,176073939.79409397,1.0,0.0,0.0,1.3925636902003755e-12,1.0,1.4999999999993037,1.4999999999993037,1.3925636902003755e-12,-0.24999999999965186,-0.24999999999965186,0.4999999999993037,0.3749999999989556,33.44328518084908,3.946539607999999e-05,367791370429.69586,11.856184932836438
IDEAL_C1,1.0,POINT_ONE_G_ONE_CM_ONE_PJ,0.980665,0.01,1000000000000000.0,0.4082482904638631,0.5,1.0,10.0,3784719126.4495296,34891746042769.773,11630582122766.967,46522328165536.74,0.04652232816553674,True,132055458.60329044,176073939.79409397,1.0,0.0,0.0,4.403673327987606e-11,1.0,1.4999999999779816,1.4999999999779816,4.403673327987606e-11,-0.2499999999889908,-0.2499999999889908,0.4999999999779816,0.3749999999669724,59.47150354975583,0.00039465396079999996,11630582122766.967,10.356184905212183
IDEAL_C1,1.0,POINT_ONE_G_ONE_CM_ONE_PJ,0.980665,0.01,1000000000000000.0,0.4082482904638631,0.5,1.0,100.0,119683326.99072547,1103373894456691.8,367791286192768.3,1471165180649460.0,1.47116518064946,False,132055458.60329044,176073939.7941559,0.21347855084632336,0.7865214491536766,0.67064575397404,1.3925637952239236e-09,1.0,1.499999999303718,1.499999999303718,1.3925637952239236e-09,-0.24999999965185904,-0.24999999965185904,0.4999999993037181,0.3749999989555771,105.75694962208168,0.003946539608,367791286192768.3,8.856184900083074
IDEAL_C1,1.0,POINT_ONE_G_ONE_CM_ONE_PJ,0.980665,0.01,1000000000000000.0,0.4082482904638631,1.0,0.001,1.0,187314431932.33588,704993508727.5775,234997815191.49536,939991323919.0729,0.0009399913239190729,True,132055458.60329044,176073939.79111314,1.0,0.0,0.0,8.897694905204205e-13,0.001,0.5009999999995551,0.5009999999995551,8.897694905204205e-13,-0.24999999999977757,-0.24999999999977757,0.0004999999995551152,0.12500024999977713,20.919327311409376,1.973269804e-05,234997815191.49536,12.050722489940854
IDEAL_C1,1.0,POINT_ONE_G_ONE_CM_ONE_PJ,0.980665,0.01,1000000000000000.0,0.4082482904638631,1.0,0.001,10.0,5923402279.527128,22293852818288.17,7431282821475.297,29725135639763.47,0.029725135639763468,True,132055458.60329044,176073939.79257512,1.0,0.0,0.0,2.813698257010984e-11,0.001,0.5009999999859315,0.5009999999859315,2.813698257010984e-11,-0.24999999999296577,-0.24999999999296577,0.0004999999859315087,0.1250002499929517,37.20040853765945,0.0001973269804,7431282821475.297,10.550722478451211
IDEAL_C1,1.0,POINT_ONE_G_ONE_CM_ONE_PJ,0.980665,0.01,1000000000000000.0,0.4082482904638631,1.0,0.001,100.0,187314437.3296306,704993488413832.2,234997831326709.12,939991319740541.4,0.9399913197405414,True,132055458.60329044,176073939.7940659,1.0,0.0,0.0,8.89769469627912e-10,0.001,0.5009999995551153,0.5009999995551153,8.89769469627912e-10,-0.24999999977755763,-0.24999999977755763,0.0004999995551152652,0.12500024977711274,66.15272219927988,0.001973269804,234997831326709.12,9.05072250013844
IDEAL_C1,1.0,POINT_ONE_G_ONE_CM_ONE_PJ,0.980665,0.01,1000000000000000.0,0.4082482904638631,1.0,0.01,1.0,187305161046.57913,705028403197.3408,235009446744.79166,940037849942.1324,0.0009400378499421324,True,132055458.60329044,176073939.7921106,1.0,0.0,0.0,8.898135306912861e-13,0.01,0.509999999999555,0.509999999999555,8.898135306912861e-13,-0.24999999999977754,-0.24999999999977754,0.004999999999555093,0.1250249999997731,20.91880961746721,1.973269804e-05,235009446744.79166,12.05070099456473
IDEAL_C1,1.0,POINT_ONE_G_ONE_CM_ONE_PJ,0.980665,0.01,1000000000000000.0,0.4082482904638631,1.0,0.01,10.0,5923109107.95473,22294956279961.16,7431650641828.073,29726606921789.234,0.029726606921789234,True,132055458.60329044,176073939.7920789,1.0,0.0,0.0,2.813837524467883e-11,0.01,0.5099999999859308,0.5099999999859308,2.813837524467883e-11,-0.2499999999929654,-0.2499999999929654,0.0049999999859308124,0.1250249999928247,37.19948793184024,0.00019732698039999998,7431650641828.073,10.550700983043487
IDEAL_C1,1.0,POINT_ONE_G_ONE_CM_ONE_PJ,0.980665,0.01,1000000000000000.0,0.4082482904638631,1.0,0.01,100.0,187305166.44033083,705028382894920.9,235009462860830.22,940037845755751.1,0.9400378457557511,True,132055458.60329044,176073939.79057086,1.0,0.0,0.0,8.898135098135408e-10,0.01,0.5099999995550932,0.5099999995550932,8.898135098135408e-10,-0.2499999997775466,-0.2499999997775466,0.0049999995550932454,0.12502499977309756,66.15108510668533,0.001973269804,235009462860830.22,9.050701004754606
IDEAL_C1,1.0,POINT_ONE_G_ONE_CM_ONE_PJ,0.980665,0.01,1000000000000000.0,0.4082482904638631,1.0,0.1,1.0,186389488545.32144,708491984359.8401,236163979851.52563,944655964211.3657,0.0009446559642113657,True,132055458.60329044,176073939.79070407,1.0,0.0,0.0,8.941849026375495e-13,0.1,0.5999999999995529,0.5999999999995529,8.941849026375495e-13,-0.24999999999977646,-0.24999999999977646,0.04999999999955291,0.12749999999973174,20.867614427892708,1.973269804e-05,236163979851.52563,12.048572667007189
IDEAL_C1,1.0,POINT_ONE_G_ONE_CM_ONE_PJ,0.980665,0.01,1000000000000000.0,0.4082482904638631,1.0,0.1,10.0,5894152962.582864,22404484485150.3,7468160032391.909,29872644517542.21,0.02987264451754221,True,132055458.60329044,176073939.78920683,1.0,0.0,0.0,2.827661035486746e-11,0.1,0.5999999999858616,0.5999999999858616,2.827661035486746e-11,-0.24999999999293085,-0.24999999999293085,0.049999999985861694,0.127499999991517,37.108448458160375,0.00019732698039999998,7468160032391.909,10.548572652598159
IDEAL_C1,1.0,POINT_ONE_G_ONE_CM_ONE_PJ,0.980665,0.01,1000000000000000.0,0.4082482904638631,1.0,0.1,100.0,186389492.7564005,708491968352951.9,236163991564694.1,944655959917646.0,0.944655959917646,True,132055458.60329044,176073939.7892133,1.0,0.0,0.0,8.941848872279222e-10,0.1,0.5999999995529075,0.5999999995529075,8.941848872279222e-10,-0.2499999997764538,-0.2499999997764538,0.049999999552907556,0.12749999973174456,65.98919149493346,0.001973269804,236163991564694.1,9.048572674491453
IDEAL_C1,1.0,POINT_ONE_G_ONE_CM_ONE_PJ,0.980665,0.01,1000000000000000.0,0.4082482904638631,1.0,1.0,1.0,142328263616.1503,927823155065.2166,309274380195.44104,1237097535260.6577,0.0012370975352606578,True,132055458.60329044,176073939.79263777,1.0,0.0,0.0,1.171001896835659e-12,1.0,1.4999999999994145,1.4999999999994145,1.171001896835659e-12,-0.24999999999970726,-0.24999999999970726,0.4999999999994145,0.3749999999991218,18.235079911335898,1.973269804e-05,309274380195.44104,11.931442401439513
IDEAL_C1,1.0,POINT_ONE_G_ONE_CM_ONE_PJ,0.980665,0.01,1000000000000000.0,0.4082482904638631,1.0,1.0,10.0,4500815042.260697,29340343329674.09,9780115655353.203,39120458985027.3,0.0391204589850273,True,132055458.60329044,176073939.7956186,1.0,0.0,0.0,3.703033009327632e-11,1.0,1.4999999999814848,1.4999999999814848,3.703033009327632e-11,-0.2499999999907424,-0.2499999999907424,0.4999999999814848,0.3749999999722272,32.427067711784076,0.00019732698039999998,9780115655353.203,10.43144241657466
IDEAL_C1,1.0,POINT_ONE_G_ONE_CM_ONE_PJ,0.980665,0.01,1000000000000000.0,0.4082482904638631,1.0,1.0,100.0,142328264.2227041,927823151111155.5,309274376913527.44,1237097528024683.0,1.237097528024683,False,132055458.60329044,176073939.7941026,0.42695710169264756,0.5730428983073524,0.36961575831005794,1.1710019000644994e-09,1.0,1.499999999414499,1.499999999414499,1.1710019000644994e-09,-0.24999999970724954,-0.24999999970724954,0.4999999994144991,0.37499999912174864,57.664385755502785,0.001973269804,309274376913527.44,8.93144240024202
IDEAL_C1,1.0,POINT_ONE_G_ONE_CM_ONE_PJ,0.980665,0.01,1000000000000000.0,0.4082482904638631,2.0,0.001,1.0,78756018570.22557,1676766563377.4844,558922177499.5795,2235688740877.064,0.002235688740877064,True,132055458.60329044,176073939.7925679,1.0,0.0,0.0,2.116240380031004e-12,0.001,0.5009999999989418,0.5009999999989418,2.116240380031004e-12,-0.24999999999947095,-0.24999999999947095,0.0004999999989418798,0.1250002499994699,13.564505677718223,1.973269804e-05,558922177499.5795,11.67443500308688
IDEAL_C1,1.0,POINT_ONE_G_ONE_CM_ONE_PJ,0.980665,0.01,1000000000000000.0,0.4082482904638631,2.0,0.001,10.0,2490483953.960985,53024015028590.375,17674670552151.977,70698685580742.34,0.07069868558074234,True,132055458.60329044,176073939.7925679,1.0,0.0,0.0,6.692139753340448e-11,0.001,0.5009999999665393,0.5009999999665393,6.692139753340448e-11,-0.24999999998326966,-0.24999999998326966,0.0004999999665393013,0.1250002499832362,24.121481017033346,0.00019732698039999998,17674670552151.977,10.174434998153332
IDEAL_C1,1.0,POINT_ONE_G_ONE_CM_ONE_PJ,0.980665,0.01,1000000000000000.0,0.4082482904638631,2.0,0.001,100.0,78756021.69283003,1676766496895218.8,558922220344508.6,2235688717239727.5,2.2356887172397273,False,132055458.60329044,176073939.7940486,0.040027148229540725,0.9599728517704593,1.3976453504967532,2.1162403229679694e-09,0.001,0.5009999989418799,0.5009999989418799,2.1162403229679694e-09,-0.24999999947093993,-0.24999999947093993,0.0004999989418798385,0.1250002494698818,42.894733854189674,0.001973269804,558922220344508.6,8.674435014797348
IDEAL_C1,1.0,POINT_ONE_G_ONE_CM_ONE_PJ,0.980665,0.01,1000000000000000.0,0.4082482904638631,2.0,0.01,1.0,78752120637.22484,1676849556999.3577,558949842032.9904,2235799399032.348,0.002235799399032348,True,132055458.60329044,176073939.7921113,1.0,0.0,0.0,2.1163451259495666e-12,0.01,0.5099999999989417,0.5099999999989417,2.1163451259495666e-12,-0.24999999999947092,-0.24999999999947092,0.0049999999989418275,0.12502499999946035,13.564169994239522,1.973269804e-05,558949842032.9904,11.674413507679699
IDEAL_C1,1.0,POINT_ONE_G_ONE_CM_ONE_PJ,0.980665,0.01,1000000000000000.0,0.4082482904638631,2.0,0.01,10.0,2490360690.4814987,53026639517731.14,17675545381091.89,70702184898823.03,0.07070218489882303,True,132055458.60329044,176073939.7921113,1.0,0.0,0.0,6.692470989066538e-11,0.01,0.5099999999665377,0.5099999999665377,6.692470989066538e-11,-0.24999999998326883,-0.24999999998326883,0.004999999966537645,0.1250249999829342,24.12088407793887,0.00019732698039999998,17675545381091.89,10.17441350274329
IDEAL_C1,1.0,POINT_ONE_G_ONE_CM_ONE_PJ,0.980665,0.01,1000000000000000.0,0.4082482904638631,2.0,0.01,100.0,78752123.76112345,1676849490482954.8,558949884867651.44,2235799375350606.2,2.2357993753506062,False,132055458.60329044,176073939.79361865,0.04001922444029788,0.9599807755597021,1.397731332105673,2.1163450688461048e-09,0.01,0.5099999989418275,0.5099999989418275,2.1163450688461048e-09,-0.24999999947091373,-0.24999999947091373,0.004999998941827465,0.125024999460332,42.893672330190846,0.001973269804,558949884867651.44,8.674413519397882
IDEAL_C1,1.0,POINT_ONE_G_ONE_CM_ONE_PJ,0.980665,0.01,1000000000000000.0,0.4082482904638631,2.0,0.1,1.0,78367127252.46443,1685087398672.4792,561695789053.2532,2246783187725.7324,0.0022467831877257326,True,132055458.60329044,176073939.78915715,1.0,0.0,0.0,2.1267420730106224e-12,0.1,0.5999999999989366,0.5999999999989366,2.1267420730106224e-12,-0.24999999999946831,-0.24999999999946831,0.04999999999893663,0.12749999999936198,13.530973975973737,1.973269804e-05,561695789053.2532,11.672285177262527
IDEAL_C1,1.0,POINT_ONE_G_ONE_CM_ONE_PJ,0.980665,0.01,1000000000000000.0,0.4082482904638631,2.0,0.1,10.0,2478186129.208093,53287142982068.46,17762379812256.97,71049522794325.44,0.07104952279432544,True,132055458.60329044,176073939.7876822,1.0,0.0,0.0,6.725349027241093e-11,0.1,0.5999999999663732,0.5999999999663732,6.725349027241093e-11,-0.24999999998318662,-0.24999999998318662,0.049999999966373256,0.12749999997982395,24.061852274669352,0.00019732698039999998,17762379812256.97,10.172285172043553
IDEAL_C1,1.0,POINT_ONE_G_ONE_CM_ONE_PJ,0.980665,0.01,1000000000000000.0,0.4082482904638631,2.0,0.1,100.0,78367130.26670499,1685087333858841.8,561695829577947.3,2246783163436789.0,2.246783163436789,False,132055458.60329044,176073939.7921956,0.039242380683390136,0.9607576193166099,1.4062446535271307,2.1267420183206405e-09,0.1,0.5999999989366289,0.5999999989366289,2.1267420183206405e-09,-0.2499999994683145,-0.2499999994683145,0.049999998936628993,0.1274999993619774,42.78869727470528,0.001973269804,561695829577947.3,8.672285188430575
IDEAL_C1,1.0,POINT_ONE_G_ONE_CM_ONE_PJ,0.980665,0.01,1000000000000000.0,0.4082482904638631,2.0,1.0,1.0,59841663254.962975,2206747797778.472,735582583966.3878,2942330381744.86,0.00294233038174486,True,132055458.60329044,176073939.7941386,1.0,0.0,0.0,2.7851275784121746e-12,1.0,1.4999999999986073,1.4999999999986073,2.7851275784121746e-12,-0.24999999999930372,-0.24999999999930372,0.49999999999860745,0.37499999999791117,11.8239864479479,1.973269804e-05,735582583966.3878,11.555154906295856
IDEAL_C1,1.0,POINT_ONE_G_ONE_CM_ONE_PJ,0.980665,0.01,1000000000000000.0,0.4082482904638631,2.0,1.0,10.0,1892359535.4548829,69783493109594.06,23261163200992.535,93044656310586.6,0.09304465631058659,True,132055458.60329044,176073939.79409397,1.0,0.0,0.0,8.807346787547804e-11,1.0,1.4999999999559632,1.4999999999559632,8.807346787547804e-11,-0.24999999997798164,-0.24999999997798164,0.4999999999559633,0.37499999993394495,21.026351566640187,0.00019732698039999998,23261163200992.535,10.055154903060293
IDEAL_C1,1.0,POINT_ONE_G_ONE_CM_ONE_PJ,0.980665,0.01,1000000000000000.0,0.4082482904638631,2.0,1.0,100.0,59841660.290448375,2206747907099236.8,735582433712788.9,2942330340812025.5,2.9423303408120254,False,132055458.60329044,176073939.7941559,0.013342409427895207,0.9866575905721048,1.8747657366299648,2.7851277628805525e-09,1.0,1.4999999986074362,1.4999999986074362,2.7851277628805525e-09,-0.24999999930371805,-0.24999999930371805,0.4999999986074361,0.3749999979111541,37.390726960222466,0.001973269804,735582433712788.9,8.555154877531072
IDEAL_C1,1.0,POINT_ONE_G_ONE_CM_ONE_PJ,0.980665,0.01,1000000000000000.0,0.1,0.5,0.001,1.0,19095333428.95872,6915587994029.152,2305197228181.5938,9220785222210.746,0.009220785222210747,True,132055458.60329044,176073939.82016304,1.0,0.0,0.0,5.23688158561209e-13,0.001,0.5009999999997381,0.5009999999997381,5.23688158561209e-13,-0.24999999999986908,-0.24999999999986908,0.000499999999738156,0.1250002499998688,54.53559915182677,3.946539608e-05,2305197228181.5938,12.28092724609024
IDEAL_C1,1.0,POINT_ONE_G_ONE_CM_ONE_PJ,0.980665,0.01,1000000000000000.0,0.1,0.5,0.001,10.0,603847378.1820017,218690124979707.2,72896705841311.31,291586830821018.5,0.2915868308210185,True,132055458.60329044,176073939.82169774,1.0,0.0,0.0,1.6560476004164155e-11,0.001,0.5009999999917198,0.5009999999917198,1.6560476004164155e-11,-0.24999999999585987,-0.24999999999585987,0.000499999991719762,0.12500024999585158,96.97952618432977,0.00039465396079999996,72896705841311.31,10.780927184277537
IDEAL_C1,1.0,POINT_ONE_G_ONE_CM_ONE_PJ,0.980665,0.01,1000000000000000.0,0.1,0.5,0.001,100.0,19095333.49426907,6915587970376281.0,2305196887618495.0,9220784857994776.0,9.220784857994776,False,132055458.60329044,176073939.82016304,0.00013833382403462765,0.9998616661759654,3.8590716174642945,5.236881841675825e-10,0.001,0.5009999997381559,0.5009999997381559,5.236881841675825e-10,-0.24999999986907795,-0.24999999986907795,0.0004999997381559079,0.1250002498688161,172.4567026654787,0.003946539608,2305196887618495.0,9.28092722485488
IDEAL_C1,1.0,POINT_ONE_G_ONE_CM_ONE_PJ,0.980665,0.01,1000000000000000.0,0.1,0.5,0.01,1.0,19094388328.753597,6915930289551.752,2305311326728.783,9221241616280.535,0.009221241616280535,True,132055458.60329044,176073939.82010254,1.0,0.0,0.0,5.237140791498962e-13,0.01,0.5099999999997381,0.5099999999997381,5.237140791498962e-13,-0.24999999999986908,-0.24999999999986908,0.004999999999738143,0.12502499999986647,54.534249548691996,3.946539608e-05,2305311326728.783,12.280905750683353
IDEAL_C1,1.0,POINT_ONE_G_ONE_CM_ONE_PJ,0.980665,0.01,1000000000000000.0,0.1,0.5,0.01,10.0,603817491.4914036,218700949316852.47,72900313951800.6,291601263268653.06,0.29160126326865304,True,132055458.60329044,176073939.8186132,1.0,0.0,0.0,1.6561295685326576e-11,0.01,0.5099999999917193,0.5099999999917193,1.6561295685326576e-11,-0.24999999999585967,-0.24999999999585967,0.004999999991719352,0.12502499999577688,96.97712621285766,0.00039465396079999996,72900313951800.6,10.780905688869069
IDEAL_C1,1.0,POINT_ONE_G_ONE_CM_ONE_PJ,0.980665,0.01,1000000000000000.0,0.1,0.5,0.01,100.0,19094388.36828877,6915930275232231.0,2305310976753341.0,9221241251985572.0,9.221241251985573,False,132055458.60329044,176073939.82010254,0.00013830643941467225,0.9998616935605853,3.859157599086971,5.237141054657569e-10,0.01,0.5099999997381429,0.5099999997381429,5.237141054657569e-10,-0.24999999986907148,-0.24999999986907148,0.004999999738142948,0.1250249998664529,172.45243472913592,0.003946539608,2305310976753341.0,9.280905728860695
IDEAL_C1,1.0,POINT_ONE_G_ONE_CM_ONE_PJ,0.980665,0.01,1000000000000000.0,0.1,0.5,0.1,1.0,19001042106.83824,6949906108347.885,2316636606701.777,9266542715049.662,0.009266542715049663,True,132055458.60329044,176073939.81689918,1.0,0.0,0.0,5.262869238591609e-13,0.1,0.5999999999997369,0.5999999999997369,5.262869238591609e-13,-0.24999999999986844,-0.24999999999986844,0.04999999999973686,0.12749999999984213,54.4007861756992,3.946539608e-05,2316636606701.777,12.278777420342516
IDEAL_C1,1.0,POINT_ONE_G_ONE_CM_ONE_PJ,0.980665,0.01,1000000000000000.0,0.1,0.5,0.1,10.0,600865624.8453685,219775359319772.47,73258450471219.42,293033809790991.9,0.29303380979099186,True,132055458.60329044,176073939.81841734,1.0,0.0,0.0,1.6642656199905157e-11,0.1,0.5999999999916787,0.5999999999916787,1.6642656199905157e-11,-0.24999999999583933,-0.24999999999583933,0.04999999999167867,0.1274999999950072,96.73979103387309,0.00039465396079999996,73258450471219.42,10.778777358279639
IDEAL_C1,1.0,POINT_ONE_G_ONE_CM_ONE_PJ,0.980665,0.01,1000000000000000.0,0.1,0.5,0.1,100.0,19001039.970069464,6949906889902074.0,2316635456882672.5,9266542346784746.0,9.266542346784746,False,132055458.60329044,176073939.81693593,0.00013562166735786062,0.9998643783326422,3.867670920629508,5.262870107130486e-10,0.1,0.5999999997368565,0.5999999997368565,5.262870107130486e-10,-0.24999999986842825,-0.24999999986842825,0.049999999736856496,0.1274999998421139,172.03037662380078,0.003946539608,2316635456882672.5,9.27877734867028
IDEAL_C1,1.0,POINT_ONE_G_ONE_CM_ONE_PJ,0.980665,0.01,1000000000000000.0,0.1,0.5,1.0,1.0,14509322863.9571,9101421192530.773,3033808549675.1406,12135229742205.914,0.012135229742205914,True,132055458.60329044,176073939.82016736,1.0,0.0,0.0,6.892120393523267e-13,1.0,1.4999999999996554,1.4999999999996554,6.892120393523267e-13,-0.2499999999998277,-0.2499999999998277,0.4999999999996554,0.3749999999994831,47.53790497538268,3.946539608e-05,3033808549675.1406,12.161647144777966
IDEAL_C1,1.0,POINT_ONE_G_ONE_CM_ONE_PJ,0.980665,0.01,1000000000000000.0,0.1,0.5,1.0,10.0,458824999.7655683,287812256679044.9,95937401857339.78,383749658536384.6,0.38374965853638465,True,132055458.60329044,176073939.81720382,1.0,0.0,0.0,2.1794801998374535e-11,1.0,1.4999999999891025,1.4999999999891025,2.1794801998374535e-11,-0.2499999999945513,-0.2499999999945513,0.4999999999891026,0.3749999999836539,84.53567054177968,0.00039465396079999996,95937401857339.78,10.661647072111034
IDEAL_C1,1.0,POINT_ONE_G_ONE_CM_ONE_PJ,0.980665,0.01,1000000000000000.0,0.1,0.5,1.0,100.0,14509322.97331043,9101421123935520.0,3033807987438840.5,1.213522911137436e+16,12.13522911137436,False,132055458.60329044,176073939.82009965,4.6111366900748125e-05,0.9999538886330992,4.3361920035959605,6.892120816117236e-10,1.0,1.4999999996553939,1.4999999996553939,6.892120816117236e-10,-0.24999999982769697,-0.24999999982769697,0.49999999965539393,0.37499999948309093,150.32805030613844,0.003946539608,3033807987438840.5,9.161647118148974
IDEAL_C1,1.0,POINT_ONE_G_ONE_CM_ONE_PJ,0.980665,0.01,1000000000000000.0,0.1,1.0,0.001,1.0,22708307171.00296,5815292950234.386,1938432288995.956,7753725239230.342,0.007753725239230342,True,132055458.60329044,176073939.81723624,1.0,0.0,0.0,4.403674798449848e-13,0.001,0.5009999999997798,0.5009999999997798,4.403674798449848e-13,-0.24999999999988992,-0.24999999999988992,0.0004999999997798162,0.1250002499998897,29.73574681023976,1.973269804e-05,1938432288995.956,12.356184760193813
IDEAL_C1,1.0,POINT_ONE_G_ONE_CM_ONE_PJ,0.980665,0.01,1000000000000000.0,0.1,1.0,0.001,10.0,718099648.165119,183895729430751.34,61298591390612.89,245194320821364.25,0.24519432082136425,True,132055458.60329044,176073939.8216711,1.0,0.0,0.0,1.392564394019346e-11,0.001,0.5009999999930372,0.5009999999930372,1.392564394019346e-11,-0.2499999999965186,-0.2499999999965186,0.0004999999930371781,0.12500024999651163,52.87846344230551,0.00019732698039999998,61298591390612.89,10.856184713338672
IDEAL_C1,1.0,POINT_ONE_G_ONE_CM_ONE_PJ,0.980665,0.01,1000000000000000.0,0.1,1.0,0.001,100.0,22708303.797882665,5815293814045388.0,1938431167645095.8,7753724981690484.0,7.753724981690484,False,132055458.60329044,176073939.82017818,0.0002766676480692539,0.9997233323519308,3.5580416218003155,4.4036756463069566e-10,0.001,0.5009999997798162,0.5009999997798162,4.4036756463069566e-10,-0.24999999988990812,-0.24999999988990812,0.0004999997798162177,0.12500024988968794,94.03267879420105,0.001973269804,1938431167645095.8,9.356184676577367
IDEAL_C1,1.0,POINT_ONE_G_ONE_CM_ONE_PJ,0.980665,0.01,1000000000000000.0,0.1,1.0,0.01,1.0,22707183252.16024,5815580785024.378,1938528234343.202,7754109019367.58,0.00775410901936758,True,132055458.60329044,176073939.82012558,1.0,0.0,0.0,4.4038927635328984e-13,0.01,0.5099999999997799,0.5099999999997799,4.4038927635328984e-13,-0.2499999999998899,-0.2499999999998899,0.004999999999779806,0.1250249999998877,29.735010934609985,1.973269804e-05,1938528234343.202,12.356163264807675
IDEAL_C1,1.0,POINT_ONE_G_ONE_CM_ONE_PJ,0.980665,0.01,1000000000000000.0,0.1,1.0,0.01,10.0,718064106.7390175,183904831565806.7,61301625449047.4,245206457014854.1,0.2452064570148541,True,132055458.60329044,176073939.81861106,1.0,0.0,0.0,1.3926333206292491e-11,0.01,0.5099999999930368,0.5099999999930368,1.3926333206292491e-11,-0.24999999999651842,-0.24999999999651842,0.004999999993036833,0.12502499999644878,52.87715485006269,0.00019732698039999998,61301625449047.4,10.856163217955286
IDEAL_C1,1.0,POINT_ONE_G_ONE_CM_ONE_PJ,0.980665,0.01,1000000000000000.0,0.1,1.0,0.01,100.0,22707179.87447717,5815581650089474.0,1938527111682394.5,7754108761771868.0,7.754108761771868,False,132055458.60329044,176073939.81717142,0.000276612878829345,0.9997233871211707,3.5581276034229887,4.403893612358858e-10,0.01,0.5099999997798053,0.5099999997798053,4.403893612358858e-10,-0.24999999988990265,-0.24999999988990265,0.00499999977980532,0.12502499988770072,94.03035174146511,0.001973269804,1938527111682394.5,9.356163181099825
IDEAL_C1,1.0,POINT_ONE_G_ONE_CM_ONE_PJ,0.980665,0.01,1000000000000000.0,0.1,1.0,0.1,1.0,22596175371.12669,5844150898741.493,1948051652188.6501,7792202550930.144,0.007792202550930143,True,132055458.60329044,176073939.81988072,1.0,0.0,0.0,4.425527699355935e-13,0.1,0.5999999999997787,0.5999999999997787,4.425527699355935e-13,-0.24999999999988937,-0.24999999999988937,0.04999999999977873,0.12749999999986725,29.66223958809712,1.973269804e-05,1948051652188.6501,12.354034936660092
IDEAL_C1,1.0,POINT_ONE_G_ONE_CM_ONE_PJ,0.980665,0.01,1000000000000000.0,0.1,1.0,0.1,10.0,714553729.911618,184808297928308.6,61602782322396.21,246411080250704.8,0.24641108025070482,True,132055458.60329044,176073939.81985408,1.0,0.0,0.0,1.3994748883658664e-11,0.1,0.5999999999930026,0.5999999999930026,1.3994748883658664e-11,-0.24999999999650133,-0.24999999999650133,0.04999999999300263,0.12749999999580158,52.74774707790209,0.00019732698039999998,61602782322396.21,10.854034889939498
IDEAL_C1,1.0,POINT_ONE_G_ONE_CM_ONE_PJ,0.980665,0.01,1000000000000000.0,0.1,1.0,0.1,100.0,22596171.901707314,5844151796053235.0,1948050494474114.2,7792202290527349.0,7.792202290527349,False,132055458.60329044,176073939.81991458,0.0002712433347157198,0.9997287566652843,3.566640924965529,4.4255285745092435e-10,0.1,0.5999999997787235,0.5999999997787235,4.4255285745092435e-10,-0.24999999988936178,-0.24999999988936178,0.049999999778723575,0.12749999986723415,93.80022832544937,0.001973269804,1948050494474114.2,9.354034850777856
IDEAL_C1,1.0,POINT_ONE_G_ONE_CM_ONE_PJ,0.980665,0.01,1000000000000000.0,0.1,1.0,1.0,1.0,17254590077.629776,7653352412845.65,2551118775740.067,10204471188585.717,0.010204471188585716,True,132055458.60329044,176073939.82017457,1.0,0.0,0.0,5.795559300794027e-13,1.0,1.4999999999997102,1.4999999999997102,5.795559300794027e-13,-0.24999999999985512,-0.24999999999985512,0.49999999999971023,0.37499999999956535,25.92022655588226,1.973269804e-05,2551118775740.067,12.236904646063183
IDEAL_C1,1.0,POINT_ONE_G_ONE_CM_ONE_PJ,0.980665,0.01,1000000000000000.0,0.1,1.0,1.0,10.0,545637976.3721014,242020285100600.03,80673427201965.08,322693712302565.1,0.3226937123025651,True,132055458.60329044,176073939.81871188,1.0,0.0,0.0,1.832717012260819e-11,1.0,1.4999999999908364,1.4999999999908364,1.832717012260819e-11,-0.24999999999541822,-0.24999999999541822,0.49999999999083644,0.37499999998625466,46.09340214779252,0.00019732698039999998,80673427201965.08,10.73690458877565
IDEAL_C1,1.0,POINT_ONE_G_ONE_CM_ONE_PJ,0.980665,0.01,1000000000000000.0,0.1,1.0,1.0,100.0,17254587.341500286,7653353626468603.0,2551117116051723.0,1.0204470742520326e+16,10.204470742520327,False,132055458.60329044,176073939.82016736,9.222273380149576e-05,0.9999077772661985,4.035162007931981,5.795560555368551e-10,1.0,1.499999999710222,1.499999999710222,5.795560555368551e-10,-0.24999999985511098,-0.24999999985511098,0.49999999971022197,0.3749999995653329,81.96694451240857,0.001973269804,2551117116051723.0,9.236904552050731
IDEAL_C1,1.0,POINT_ONE_G_ONE_CM_ONE_PJ,0.980665,0.01,1000000000000000.0,0.1,2.0,0.001,1.0,9547665742.217909,13831177396519.766,4610393047172.094,18441570443691.86,0.01844157044369186,True,132055458.60329044,176073939.8216711,1.0,0.0,0.0,1.047376423834083e-12,0.001,0.5009999999994763,0.5009999999994763,1.047376423834083e-12,-0.24999999999973815,-0.24999999999973815,0.0004999999994763118,0.12500024999973763,19.281245005931712,1.973269804e-05,4610393047172.094,11.97989720617828
IDEAL_C1,1.0,POINT_ONE_G_ONE_CM_ONE_PJ,0.980665,0.01,1000000000000000.0,0.1,2.0,0.001,10.0,301923688.95311075,437380250159168.1,145793410753707.75,583173660912875.9,0.5831736609128759,True,132055458.60329044,176073939.82169774,1.0,0.0,0.0,3.3120952078304695e-11,0.001,0.5009999999834396,0.5009999999834396,3.3120952078304695e-11,-0.24999999999171976,-0.24999999999171976,0.0004999999834395239,0.1250002499917032,34.28744026437852,0.00019732698039999998,145793410753707.75,10.479897187696
IDEAL_C1,1.0,POINT_ONE_G_ONE_CM_ONE_PJ,0.980665,0.01,1000000000000000.0,0.1,2.0,0.001,100.0,9547665.973632473,1.3831177061282242e+16,4610391925546064.0,1.8441568986828304e+16,18.441568986828305,False,132055458.60329044,176073939.82016304,8.645864002164226e-06,0.9999913541359978,5.063191600120219,1.0473765080380102e-09,0.001,0.5009999994763117,0.5009999994763117,1.0473765080380102e-09,-0.24999999973815587,-0.24999999973815587,0.000499999476311746,0.12500024973763219,60.972647891540134,0.001973269804,4610391925546064.0,8.979897171263135
IDEAL_C1,1.0,POINT_ONE_G_ONE_CM_ONE_PJ,0.980665,0.01,1000000000000000.0,0.1,2.0,0.01,1.0,9547193192.477938,13831861987179.076,4610621244652.209,18442483231831.285,0.018442483231831286,True,132055458.60329044,176073939.82012558,1.0,0.0,0.0,1.0474282649822411e-12,0.01,0.5099999999994762,0.5099999999994762,1.0474282649822411e-12,-0.24999999999973815,-0.24999999999973815,0.004999999999476286,0.1250249999997329,19.280767849509285,1.973269804e-05,4610621244652.209,11.979875710785697
IDEAL_C1,1.0,POINT_ONE_G_ONE_CM_ONE_PJ,0.980665,0.01,1000000000000000.0,0.1,2.0,0.01,10.0,301908745.6522467,437401898769101.56,145800627038885.47,583202525807987.0,0.583202525807987,True,132055458.60329044,176073939.81861752,1.0,0.0,0.0,3.312259143576147e-11,0.01,0.5099999999834387,0.5099999999834387,3.312259143576147e-11,-0.24999999999171935,-0.24999999999171935,0.004999999983438704,0.12502499999155373,34.28659174884949,0.00019732698039999998,145800627038885.47,10.479875692351406
IDEAL_C1,1.0,POINT_ONE_G_ONE_CM_ONE_PJ,0.980665,0.01,1000000000000000.0,0.1,2.0,0.01,100.0,9547193.42296138,1.3831861653257366e+16,4610620121394403.0,1.844248177465177e+16,18.442481774651768,False,132055458.60329044,176073939.82010254,8.644152463417012e-06,0.9999913558475366,5.063277581742896,1.0474283492966583e-09,0.01,0.5099999994762858,0.5099999994762858,1.0474283492966583e-09,-0.2499999997381429,-0.2499999997381429,0.004999999476285826,0.12502499973290576,60.9711389874112,0.001973269804,4610620121394403.0,8.979875675826467
IDEAL_C1,1.0,POINT_ONE_G_ONE_CM_ONE_PJ,0.980665,0.01,1000000000000000.0,0.1,2.0,0.1,1.0,9500520114.10341,13899813590969.158,4633271838392.433,18533085429361.59,0.01853308542936159,True,132055458.60329044,176073939.81987354,1.0,0.0,0.0,1.0525739518416147e-12,0.1,0.5999999999994737,0.5999999999994737,1.0525739518416147e-12,-0.24999999999973685,-0.24999999999973685,0.049999999999473715,0.12749999999968423,19.233581452040674,1.973269804e-05,4633271838392.433,11.977747381717018
IDEAL_C1,1.0,POINT_ONE_G_ONE_CM_ONE_PJ,0.980665,0.01,1000000000000000.0,0.1,2.0,0.1,10.0,300432814.683304,439550715332126.44,146516903512590.7,586067618844717.1,0.5860676188447171,True,132055458.60329044,176073939.81841734,1.0,0.0,0.0,3.328531220474913e-11,0.1,0.5999999999833573,0.5999999999833573,3.328531220474913e-11,-0.24999999999167868,-0.24999999999167868,0.04999999998335734,0.1274999999900144,34.202681225529226,0.00019732698039999998,146516903512590.7,10.477747365160743
IDEAL_C1,1.0,POINT_ONE_G_ONE_CM_ONE_PJ,0.980665,0.01,1000000000000000.0,0.1,2.0,0.1,100.0,9500520.317207418,1.3899813293816188e+16,4633270662486742.0,1.853308395630293e+16,18.533083956302928,False,132055458.60329044,176073939.81693593,8.476354209866287e-06,0.9999915236457901,5.071790903285433,1.0525740400198881e-09,0.1,0.599999999473713,0.599999999473713,1.0525740400198881e-09,-0.2499999997368565,-0.2499999997368565,0.04999999947371298,0.1274999996842278,60.82192240317095,0.001973269804,4633270662486742.0,8.977747345334457
IDEAL_C1,1.0,POINT_ONE_G_ONE_CM_ONE_PJ,0.980665,0.01,1000000000000000.0,0.1,2.0,1.0,1.0,7254661440.321203,18202842364128.8,6067617119020.11,24270459483148.91,0.02427045948314891,True,132055458.60329044,176073939.81871188,1.0,0.0,0.0,1.3784240772145077e-12,1.0,1.4999999999993108,1.4999999999993108,1.3784240772145077e-12,-0.2499999999996554,-0.2499999999996554,0.4999999999993108,0.37499999999896616,16.80718749483211,1.973269804e-05,6067617119020.11,11.860617149583478
IDEAL_C1,1.0,POINT_ONE_G_ONE_CM_ONE_PJ,0.980665,0.01,1000000000000000.0,0.1,2.0,1.0,10.0,229412491.2158881,575624535104411.4,191874780705437.78,767499315809849.1,0.7674993158098491,True,132055458.60329044,176073939.82016808,1.0,0.0,0.0,4.35896057385085e-11,1.0,1.4999999999782052,1.4999999999782052,4.35896057385085e-11,-0.2499999999891026,-0.2499999999891026,0.4999999999782052,0.3749999999673078,29.887872348990275,0.00019732698039999998,191874780705437.78,10.360617059093455
IDEAL_C1,1.0,POINT_ONE_G_ONE_CM_ONE_PJ,0.980665,0.01,1000000000000000.0,0.1,2.0,1.0,100.0,7254661.120295276,1.820284316711345e+16,6067613792709207.0,2.4270456959822656e+16,24.270456959822656,False,132055458.60329044,176073939.82011336,2.8819604312967565e-06,0.9999971180395687,5.5403119862518855,1.3784243278364619e-09,1.0,1.4999999993107878,1.4999999993107878,1.3784243278364619e-09,-0.2499999996553939,-0.2499999996553939,0.4999999993107878,0.37499999896618175,53.14898871345458,0.001973269804,6067613792709207.0,8.860617070621043
006D_REFERENCE,23.591586299249,ONE_G_ONE_M_ONE_TJ,9.80665,1.0,1000000000000.0,1.0,0.5,0.001,1.0,74837005830132.2,4162910732957268.0,1387636007106008.5,5550546740063276.0,5550.546740063276,False,3.1153977479264294e+17,4.1538638390189875e+17,1.0535543474657279e-15,0.999999999999999,14.97734305645295,1.3362373185664994e-14,0.001,0.5009999999999932,0.5009999999999932,1.3362373185664994e-14,-0.24999999999999667,-0.24999999999999667,0.0004999999999933188,0.12500024999999668,3.414087657213473,3.946539608e-07,1387636007106008.5,13.874116403394186
006D_REFERENCE,23.591586299249,ONE_G_ONE_M_ONE_TJ,9.80665,1.0,1000000000000.0,1.0,0.5,0.001,10.0,2366554530304.066,1.3164276199991678e+17,4.388093757821408e+16,1.7552369957813088e+17,175523.69957813088,False,3.1153977479264294e+17,4.1538638390443366e+17,1.0535543474657209e-21,1.0,20.977343056452955,4.225552325945931e-13,0.001,0.5009999999997887,0.5009999999997887,4.225552325945931e-13,-0.24999999999989436,-0.24999999999989436,0.0004999999997887224,0.12500024999989415,6.071202571701953,3.946539608e-06,4.388093757821408e+16,12.374116515960942
006D_REFERENCE,23.591586299249,ONE_G_ONE_M_ONE_TJ,9.80665,1.0,1000000000000.0,1.0,0.5,0.001,100.0,74837017702.15016,4.1629100725601475e+18,1.3876366674102154e+18,5.550546739970363e+18,5550546.739970364,False,3.1153977479264294e+17,4.1538638390443366e+17,1.0535543474657215e-27,1.0,26.977343056452952,1.3362371066059078e-11,0.001,0.5009999999933188,0.5009999999933188,1.3362371066059078e-11,-0.2499999999966594,-0.2499999999966594,0.0004999999933188145,0.1250002499966527,10.79629398454365,3.946539608e-05,1.3876366674102154e+18,10.874116472284136
006D_REFERENCE,23.591586299249,ONE_G_ONE_M_ONE_TJ,9.80665,1.0,1000000000000.0,1.0,0.5,0.01,1.0,74833301826841.06,4163116783401110.5,1387704687778393.0,5550821471179504.0,5550.821471179504,False,3.1153977479264294e+17,4.153863839009473e+17,1.0533457854173343e-15,0.999999999999999,14.977429038076506,1.3363034579363372e-14,0.01,0.5099999999999933,0.5099999999999933,1.3363034579363372e-14,-0.24999999999999667,-0.24999999999999667,0.004999999999993319,0.1250249999999966,3.4140031672725955,3.946539608e-07,1387704687778393.0,13.874094907772031
006D_REFERENCE,23.591586299249,ONE_G_ONE_M_ONE_TJ,9.80665,1.0,1000000000000.0,1.0,0.5,0.01,10.0,2366437400718.987,1.3164927781228818e+17,4.388310952655598e+16,1.7553238733884416e+17,175532.38733884416,False,3.1153977479264294e+17,4.153863839018614e+17,1.0533457854173346e-21,1.0,20.977429038076508,4.225761474597198e-13,0.01,0.5099999999997886,0.5099999999997886,4.225761474597198e-13,-0.24999999999989436,-0.24999999999989436,0.004999999999788712,0.12502499999989225,6.071052326645642,3.946539608e-06,4.388310952655598e+16,12.374095020579915
006D_REFERENCE,23.591586299249,ONE_G_ONE_M_ONE_TJ,9.80665,1.0,1000000000000.0,1.0,0.5,0.01,100.0,74833313732.68172,4.163116121056994e+18,1.3877053500289275e+18,5.550821471085921e+18,5550821.471085921,False,3.1153977479264294e+17,4.153863839018614e+17,1.0533457854173351e-27,1.0,26.977429038076508,1.3363032453507884e-11,0.01,0.5099999999933185,0.5099999999933185,1.3363032453507884e-11,-0.24999999999665926,-0.24999999999665926,0.004999999993318484,0.12502499999659245,10.796026806352058,3.946539608e-05,1.3877053500289275e+18,10.87409497686168
006D_REFERENCE,23.591586299249,ONE_G_ONE_M_ONE_TJ,9.80665,1.0,1000000000000.0,1.0,0.5,0.1,1.0,74467462415024.44,4183569101043883.5,1394521833640978.2,5578090934684862.0,5578.090934684862,False,3.1153977479264294e+17,4.153863839006041e+17,1.0328984848768834e-15,0.999999999999999,14.985942359626774,1.3428683717282879e-14,0.1,0.5999999999999933,0.5999999999999933,1.3428683717282879e-14,-0.24999999999999664,-0.24999999999999664,0.049999999999993286,0.12749999999999598,3.405647882266458,3.946539608e-07,1394521833640978.2,13.871966554891717
006D_REFERENCE,23.591586299249,ONE_G_ONE_M_ONE_TJ,9.80665,1.0,1000000000000.0,1.0,0.5,0.1,10.0,2354868679747.5776,1.3229602884948874e+17,4.409869464182174e+16,1.7639472349131046e+17,176394.72349131046,False,3.1153977479264294e+17,4.153863839028094e+17,1.0328984848768765e-21,1.0,20.985942359626776,4.2465212969226647e-13,0.1,0.5999999999997877,0.5999999999997877,4.2465212969226647e-13,-0.24999999999989383,-0.24999999999989383,0.04999999999978768,0.1274999999998726,6.056194473481727,3.946539608e-06,4.409869464182174e+16,12.371966693523687
006D_REFERENCE,23.591586299249,ONE_G_ONE_M_ONE_TJ,9.80665,1.0,1000000000000.0,1.0,0.5,0.1,100.0,74467478127.0182,4.18356821834699e+18,1.3945227162373422e+18,5.578090934584332e+18,5578090.934584333,False,3.1153977479264294e+17,4.153863839028094e+17,1.0328984848768769e-27,1.0,26.985942359626776,1.3428680884126918e-11,0.1,0.5999999999932857,0.5999999999932857,1.3428680884126918e-11,-0.24999999999664282,-0.24999999999664282,0.049999999993285665,0.1274999999959714,10.76960535256558,3.946539608e-05,1.3945227162373422e+18,10.87196664651828
006D_REFERENCE,23.591586299249,ONE_G_ONE_M_ONE_TJ,9.80665,1.0,1000000000000.0,1.0,0.5,1.0,1.0,56863867366660.61,5478694806032474.0,1826231863782066.8,7304926669814541.0,7304.926669814541,False,3.1153977479264294e+17,4.153863839006347e+17,3.511854848581412e-16,0.9999999999999997,15.454463442584517,1.75858598141413e-14,1.0,1.4999999999999911,1.4999999999999911,1.75858598141413e-14,-0.24999999999999561,-0.24999999999999561,0.49999999999999123,0.37499999999998684,2.9760118925290207,3.946539608e-07,1826231863782066.8,13.754836393146961
006D_REFERENCE,23.591586299249,ONE_G_ONE_M_ONE_TJ,9.80665,1.0,1000000000000.0,1.0,0.5,1.0,10.0,1798193316271.778,1.732515475246917e+17,5.775051664637947e+16,2.3100206417107117e+17,231002.06417107116,False,3.1153977479264294e+17,4.153863839036759e+17,3.5118548485814133e-22,1.0,21.45446344258452,5.561137342418064e-13,1.0,1.499999999999722,1.499999999999722,5.561137342418064e-13,-0.24999999999986097,-0.24999999999986097,0.49999999999972194,0.3749999999995829,5.292180586912359,3.946539608e-06,5.775051664637947e+16,12.254836379097215
006D_REFERENCE,23.591586299249,ONE_G_ONE_M_ONE_TJ,9.80665,1.0,1000000000000.0,1.0,0.5,1.0,100.0,56863865832.80955,5.478694953815284e+18,1.8262317158388237e+18,7.304926669654107e+18,7304926.669654107,False,3.1153977479264294e+17,4.153863839036759e+17,3.511854848581415e-28,1.0,27.45446344258452,1.7585860288812824e-11,1.0,1.499999999991207,1.499999999991207,1.7585860288812824e-11,-0.24999999999560354,-0.24999999999560354,0.4999999999912071,0.37499999998681066,9.410975797131018,3.946539608e-05,1.8262317158388237e+18,10.754836381424633
006D_REFERENCE,23.591586299249,ONE_G_ONE_M_ONE_TJ,9.80665,1.0,1000000000000.0,1.0,1.0,0.001,1.0,88996721024214.4,3500575877485178.5,1166858978932088.8,4667434856417267.0,4667.434856417267,False,3.1153977479264294e+17,4.1538638390189875e+17,2.1071086949314447e-15,0.9999999999999979,14.676313060788972,1.1236369031258233e-14,0.001,0.5009999999999943,0.5009999999999943,1.1236369031258233e-14,-0.2499999999999972,-0.2499999999999972,0.0004999999999943818,0.1250002499999972,1.8615447170813164,1.973269804e-07,1166858978932088.8,13.949374005888467
006D_REFERENCE,23.591586299249,ONE_G_ONE_M_ONE_TJ,9.80665,1.0,1000000000000.0,1.0,1.0,0.001,10.0,2814323298088.683,1.1069793403061469e+17,3.689931573671603e+16,1.4759724976733072e+17,147597.2497673307,False,3.1153977479264294e+17,4.1538638390225555e+17,2.107108694931446e-21,1.0,20.67631306078897,3.5532520399468476e-13,0.001,0.5009999999998223,0.5009999999998223,3.5532520399468476e-13,-0.24999999999991118,-0.24999999999991118,0.0004999999998223374,0.125000249999911,3.3103465653000077,1.973269804e-06,3.689931573671603e+16,12.449373985959605
006D_REFERENCE,23.591586299249,ONE_G_ONE_M_ONE_TJ,9.80665,1.0,1000000000000.0,1.0,1.0,0.001,100.0,88996713828.76057,3.5005761605094723e+18,1.1668586958422108e+18,4.667434856351683e+18,4667434.856351683,False,3.1153977479264294e+17,4.153863839018852e+17,2.107108694931447e-27,1.0,26.67631306078897,1.1236369939853576e-11,0.001,0.5009999999943818,0.5009999999943818,1.1236369939853576e-11,-0.2499999999971909,-0.2499999999971909,0.0004999999943818151,0.1250002499971853,5.8867210342246805,1.973269804e-05,1.1668586958422108e+18,10.949373970770546
006D_REFERENCE,23.591586299249,ONE_G_ONE_M_ONE_TJ,9.80665,1.0,1000000000000.0,1.0,1.0,0.01,1.0,88992316272810.36,3500749141505682.0,1166916735322378.2,4667665876828060.0,4667.66587682806,False,3.1153977479264294e+17,4.153863839006041e+17,2.1066915708346725e-15,0.9999999999999979,14.676399042412525,1.1236925185029027e-14,0.01,0.5099999999999943,0.5099999999999943,1.1236925185029027e-14,-0.2499999999999972,-0.2499999999999972,0.004999999999994381,0.12502499999999714,1.8614986494112298,1.973269804e-07,1166916735322378.2,13.949352510640688
006D_REFERENCE,23.591586299249,ONE_G_ONE_M_ONE_TJ,9.80665,1.0,1000000000000.0,1.0,1.0,0.01,10.0,2814184007068.7163,1.1070341314217974e+17,3.6901142131991416e+16,1.4760455527417117e+17,147604.55527417117,False,3.1153977479264294e+17,4.153863839018614e+17,2.1066915708346734e-21,1.0,20.676399042412523,3.553427911922383e-13,0.01,0.5099999999998224,0.5099999999998224,3.553427911922383e-13,-0.24999999999991115,-0.24999999999991115,0.004999999999822329,0.12502499999990938,3.310264643785273,1.973269804e-06,3.6901142131991416e+16,12.44935249062591
006D_REFERENCE,23.591586299249,ONE_G_ONE_M_ONE_TJ,9.80665,1.0,1000000000000.0,1.0,1.0,0.01,100.0,88992309048.0596,3.500749425710466e+18,1.1669164510515374e+18,4.667665876762003e+18,4667665.876762004,False,3.1153977479264294e+17,4.153863839018614e+17,2.106691570834674e-27,1.0,26.676399042412523,1.1236926097413594e-11,0.01,0.5099999999943815,0.5099999999943815,1.1236926097413594e-11,-0.24999999999719077,-0.24999999999719077,0.004999999994381537,0.1250249999971346,5.886575354485868,1.973269804e-05,1.1669164510515374e+18,10.949352475378056
006D_REFERENCE,23.591586299249,ONE_G_ONE_M_ONE_TJ,9.80665,1.0,1000000000000.0,1.0,1.0,0.1,1.0,88557265094986.94,3517947109799336.5,1172649561136181.2,4690596670935518.0,4690.596670935518,False,3.1153977479264294e+17,4.1538638390189875e+17,2.0657969697537558e-15,0.9999999999999979,14.684912363962795,1.1292128307343352e-14,0.1,0.5999999999999943,0.5999999999999943,1.1292128307343352e-14,-0.24999999999999717,-0.24999999999999717,0.049999999999994355,0.12749999999999662,1.8569429787480454,1.973269804e-07,1172649561136181.2,13.947224195805438
006D_REFERENCE,23.591586299249,ONE_G_ONE_M_ONE_TJ,9.80665,1.0,1000000000000.0,1.0,1.0,0.1,10.0,2800426440819.349,1.1124726229248594e+17,3.7082428361038824e+16,1.4832969065352477e+17,148329.69065352477,False,3.1153977479264294e+17,4.1538638390443366e+17,2.0657969697537567e-21,1.0,20.684912363962795,3.570884724641355e-13,0.1,0.5999999999998215,0.5999999999998215,3.570884724641355e-13,-0.24999999999991074,-0.24999999999991074,0.04999999999982146,0.1274999999998929,3.3021633646503816,1.973269804e-06,3.7082428361038824e+16,12.447224169482443
006D_REFERENCE,23.591586299249,ONE_G_ONE_M_ONE_TJ,9.80665,1.0,1000000000000.0,1.0,1.0,0.1,100.0,88557254731.88727,3.517947521474661e+18,1.1726491493899584e+18,4.69059667086462e+18,4690596.670864619,False,3.1153977479264294e+17,4.1538638390443366e+17,2.0657969697537577e-27,1.0,26.684912363962795,1.1292129628892132e-11,0.1,0.5999999999943539,0.5999999999943539,1.1292129628892132e-11,-0.24999999999717698,-0.24999999999717698,0.049999999994353936,0.12749999999661238,5.872168954283452,1.973269804e-05,1.1726491493899584e+18,10.947224144978765
006D_REFERENCE,23.591586299249,ONE_G_ONE_M_ONE_TJ,9.80665,1.0,1000000000000.0,1.0,1.0,1.0,1.0,67622913913700.164,4607014941565925.0,1535671708772386.8,6142686650338312.0,6142.686650338312,False,3.1153977479264294e+17,4.153863839009473e+17,7.023709697162787e-16,0.9999999999999993,15.15343344692054,1.4787886858531518e-14,1.0,1.4999999999999927,1.4999999999999927,1.4787886858531518e-14,-0.2499999999999963,-0.2499999999999963,0.4999999999999926,0.3749999999999889,1.6226819697131487,1.973269804e-07,1535671708772386.8,13.830093880854097
006D_REFERENCE,23.591586299249,ONE_G_ONE_M_ONE_TJ,9.80665,1.0,1000000000000.0,1.0,1.0,1.0,10.0,2138424263937.8916,1.456866067442318e+17,4.856220093345201e+16,1.942488076776838e+17,194248.8076776838,False,3.1153977479264294e+17,4.153863839018614e+17,7.02370969716279e-22,1.0,21.153433446920538,4.676340503913735e-13,1.0,1.4999999999997662,1.4999999999997662,4.676340503913735e-13,-0.2499999999998831,-0.2499999999998831,0.4999999999997662,0.3749999999996493,2.8855819115532686,1.973269804e-06,4.856220093345201e+16,12.33009387356092
006D_REFERENCE,23.591586299249,ONE_G_ONE_M_ONE_TJ,9.80665,1.0,1000000000000.0,1.0,1.0,1.0,100.0,67622914788.56349,4.607014881963224e+18,1.5356717682616586e+18,6.142686650224883e+18,6142686.650224883,False,3.1153977479264294e+17,4.153863839018614e+17,7.023709697162793e-28,1.0,27.153433446920538,1.4787886667433472e-11,1.0,1.4999999999926061,1.4999999999926061,1.4787886667433472e-11,-0.24999999999630304,-0.24999999999630304,0.4999999999926061,0.3749999999889091,5.131370975537257,1.973269804e-05,1.5356717682616586e+18,10.830093886466315
006D_REFERENCE,23.591586299249,ONE_G_ONE_M_ONE_TJ,9.80665,1.0,1000000000000.0,1.0,2.0,0.001,1.0,37418505326691.22,8325820929314798.0,2775272550811291.0,1.1101093480126088e+16,11101.093480126088,False,3.1153977479264294e+17,4.153863839006347e+17,6.584714671660797e-17,0.9999999999999999,16.181463039108877,2.672474464891869e-14,0.001,0.5009999999999867,0.5009999999999867,2.672474464891869e-14,-0.2499999999999933,-0.2499999999999933,0.0004999999999866377,0.1250002499999933,1.207062305888085,1.9732698040000002e-07,2775272550811291.0,13.573086435720507
006D_REFERENCE,23.591586299249,ONE_G_ONE_M_ONE_TJ,9.80665,1.0,1000000000000.0,1.0,2.0,0.001,10.0,1183276973699.3215,2.6328558884963757e+17,8.776181030644547e+16,3.510473991560831e+17,351047.39915608306,False,3.1153977479264294e+17,4.153863839018512e+17,6.584714671660753e-23,1.0,22.18146303910888,8.451106733485306e-13,0.001,0.5009999999995775,0.5009999999995775,8.451106733485306e-13,-0.24999999999978872,-0.24999999999978872,0.0004999999995774447,0.12500024999978832,2.1464939898521416,1.973269804e-06,8.776181030644547e+16,12.073086413325804
006D_REFERENCE,23.591586299249,ONE_G_ONE_M_ONE_TJ,9.80665,1.0,1000000000000.0,1.0,2.0,0.001,100.0,37418510112.737236,8.325819864393667e+18,2.775273615361504e+18,1.110109347975517e+19,11101093.47975517,False,3.1153977479264294e+17,4.153863839018512e+17,6.58471467166071e-29,1.0,28.18146303910888,2.672474123138124e-11,0.001,0.5009999999866377,0.5009999999866377,2.672474123138124e-11,-0.24999999999331882,-0.24999999999331882,0.0004999999866376294,0.12500024999330545,3.81706640840282,1.973269804e-05,2.775273615361504e+18,10.573086491257717
006D_REFERENCE,23.591586299249,ONE_G_ONE_M_ONE_TJ,9.80665,1.0,1000000000000.0,1.0,2.0,0.01,1.0,37416653349999.17,8326233024596516.0,2775409917762020.0,1.1101642942358536e+16,11101.642942358536,False,3.1153977479264294e+17,4.153863839018852e+17,6.583411158858337e-17,0.9999999999999999,16.181549020732433,2.672606741832107e-14,0.01,0.5099999999999867,0.5099999999999867,2.672606741832107e-14,-0.2499999999999933,-0.2499999999999933,0.004999999999986637,0.12502499999999317,1.20703243458647,1.973269804e-07,2775409917762020.0,13.573064940389372
006D_REFERENCE,23.591586299249,ONE_G_ONE_M_ONE_TJ,9.80665,1.0,1000000000000.0,1.0,2.0,0.01,10.0,1183218408861.6895,2.6329862049083446e+17,8.776615418667386e+16,3.5106477467750835e+17,351064.77467750834,False,3.1153977479264294e+17,4.1538638390225555e+17,6.583411158858339e-23,1.0,22.181549020732433,8.451525031315995e-13,0.01,0.5099999999995775,0.5099999999995775,8.451525031315995e-13,-0.24999999999978872,-0.24999999999978872,0.004999999999577424,0.1250249999997845,2.1464408701556206,1.973269804e-06,8.776615418667386e+16,12.073064917922931
006D_REFERENCE,23.591586299249,ONE_G_ONE_M_ONE_TJ,9.80665,1.0,1000000000000.0,1.0,2.0,0.01,100.0,37416658129.85467,8.326231960947525e+18,2.7754109810374246e+18,1.1101642941984948e+19,11101642.941984948,False,3.1153977479264294e+17,4.153863839018614e+17,6.583411158858342e-29,1.0,28.181549020732433,2.672606400486708e-11,0.01,0.5099999999866369,0.5099999999866369,2.672606400486708e-11,-0.24999999999331848,-0.24999999999331848,0.004999999986636968,0.12502499999318487,3.8169719467433283,1.973269804e-05,2.7754109810374246e+18,10.573064995857479
006D_REFERENCE,23.591586299249,ONE_G_ONE_M_ONE_TJ,9.80665,1.0,1000000000000.0,1.0,2.0,0.1,1.0,37233736150447.336,8367137091314970.0,2789044778053892.5,1.1156181869368862e+16,11156.181869368862,False,3.1153977479264294e+17,4.153863839019089e+17,6.455615530480519e-17,0.9999999999999999,16.190062342282697,2.6857363869137603e-14,0.1,0.5999999999999865,0.5999999999999865,2.6857363869137603e-14,-0.24999999999999328,-0.24999999999999328,0.049999999999986576,0.12749999999999195,1.2040784358653422,1.973269804e-07,2789044778053892.5,13.570936616882152
006D_REFERENCE,23.591586299249,ONE_G_ONE_M_ONE_TJ,9.80665,1.0,1000000000000.0,1.0,2.0,0.1,10.0,1177434041488.098,2.6459212475197677e+17,8.819732223044974e+16,3.527894469824265e+17,352789.4469824265,False,3.1153977479264294e+17,4.153863839018512e+17,6.455615530480567e-23,1.0,22.190062342282697,8.493044746158359e-13,0.1,0.5999999999995753,0.5999999999995753,8.493044746158359e-13,-0.24999999999978767,-0.24999999999978767,0.04999999999957535,0.1274999999997452,2.141187818881041,1.973269804e-06,8.819732223044974e+16,12.070936587800496
006D_REFERENCE,23.591586299249,ONE_G_ONE_M_ONE_TJ,9.80665,1.0,1000000000000.0,1.0,2.0,0.1,100.0,37233740402.81973,8.367136135725164e+18,2.7890457332430326e+18,1.1156181868968196e+19,11156181.868968196,False,3.1153977479264294e+17,4.153863839018512e+17,6.455615530480524e-29,1.0,28.190062342282697,2.6857360802545823e-11,0.1,0.5999999999865713,0.5999999999865713,2.6857360802545823e-11,-0.24999999999328565,-0.24999999999328565,0.04999999998657132,0.12749999999194278,3.807630556206365,1.973269804e-05,2.7890457332430326e+18,10.57093666647019
006D_REFERENCE,23.591586299249,ONE_G_ONE_M_ONE_TJ,9.80665,1.0,1000000000000.0,1.0,2.0,1.0,1.0,28431929732631.266,1.0957391134625992e+16,3652462205002972.5,1.4609853339628964e+16,14609.853339628964,False,3.1153977479264294e+17,4.1538638390443366e+17,2.194909280363366e-17,1.0,16.658583425240447,3.5171724515495593e-14,1.0,1.4999999999999825,1.4999999999999825,3.5171724515495593e-14,-0.2499999999999912,-0.2499999999999912,0.4999999999999824,0.3749999999999736,1.0521790219478717,1.973269804e-07,3652462205002972.5,13.453806337136498
006D_REFERENCE,23.591586299249,ONE_G_ONE_M_ONE_TJ,9.80665,1.0,1000000000000.0,1.0,2.0,1.0,10.0,899096650874.1459,3.4650309784798854e+17,1.1550103049383277e+17,4.620041283418213e+17,462004.1283418213,False,3.1153977479264294e+17,4.1538638390443366e+17,2.1949092803633672e-23,1.0,22.658583425240447,1.1122274774673703e-12,1.0,1.499999999999444,1.499999999999444,1.1122274774673703e-12,-0.24999999999972194,-0.24999999999972194,0.4999999999994439,0.37499999999916583,1.8710683825782073,1.973269804e-06,1.1550103049383277e+17,11.953806379925322
006D_REFERENCE,23.591586299249,ONE_G_ONE_M_ONE_TJ,9.80665,1.0,1000000000000.0,1.0,2.0,1.0,100.0,28431927441.66433,1.0957392017542595e+19,3.652461321445201e+18,1.4609853338987794e+19,14609853.338987794,False,3.1153977479264294e+17,4.153863839044303e+17,2.1949092803633681e-29,1.0,28.658583425240444,3.517172735077275e-11,1.0,1.499999999982414,1.499999999982414,3.517172735077275e-11,-0.24999999999120706,-0.24999999999120706,0.4999999999824141,0.3749999999736212,3.3272820814934736,1.973269804e-05,3.652461321445201e+18,10.45380630212698
006D_REFERENCE,23.591586299249,ONE_G_ONE_M_ONE_TJ,9.80665,1.0,1000000000000.0,0.4082482904638631,0.5,0.001,1.0,19521043943444.707,1.5959175938296068e+16,5319725447862873.0,2.127890138615894e+16,21278.90138615894,False,3.1153977479264294e+17,4.153863839028094e+17,4.877566423452416e-18,1.0,17.311796807603884,8.537794758801462e-15,0.001,0.5009999999999957,0.5009999999999957,8.537794758801462e-15,-0.24999999999999786,-0.24999999999999786,0.0004999999999957311,0.12500024999999787,4.271138067616739,3.946539608e-07,5319725447862873.0,14.068654289470153
006D_REFERENCE,23.591586299249,ONE_G_ONE_M_ONE_TJ,9.80665,1.0,1000000000000.0,0.4082482904638631,0.5,0.001,10.0,617309731828.7871,5.046733571973713e+17,1.682245876655534e+17,6.728979448629248e+17,672897.9448629247,False,3.1153977479264294e+17,4.153863839009711e+17,4.877566423452419e-24,1.0,23.311796807603884,2.699887237694841e-13,0.001,0.500999999999865,0.500999999999865,2.699887237694841e-13,-0.2499999999999325,-0.2499999999999325,0.0004999999998650057,0.12500024999993237,7.595277622368378,3.946539608e-06,1.682245876655534e+17,12.568654374014923
006D_REFERENCE,23.591586299249,ONE_G_ONE_M_ONE_TJ,9.80665,1.0,1000000000000.0,0.4082482904638631,0.5,0.001,100.0,19521046722.025143,1.5959173666704046e+19,5.319727718547954e+18,2.1278901385252e+19,21278901.385252,False,3.1153977479264294e+17,4.153863839044303e+17,4.877566423452421e-30,1.0,29.311796807603884,8.53779354398852e-12,0.001,0.5009999999957311,0.5009999999957311,8.53779354398852e-12,-0.24999999999786554,-0.24999999999786554,0.0004999999957311033,0.12500024999786127,13.506525455617314,3.946539608e-05,5.319727718547954e+18,11.068654351264401
006D_REFERENCE,23.591586299249,ONE_G_ONE_M_ONE_TJ,9.80665,1.0,1000000000000.0,0.4082482904638631,0.5,0.01,1.0,19520077773568.69,1.5959965857025722e+16,5319988754446631.0,2.127995461147235e+16,21279.954611472353,False,3.1153977479264294e+17,4.153863839036759e+17,4.8766008584136256e-18,1.0,17.311882789227433,8.538217347286983e-15,0.01,0.5099999999999958,0.5099999999999958,8.538217347286983e-15,-0.24999999999999786,-0.24999999999999786,0.004999999999995731,0.12502499999999783,4.271032368966318,3.946539608e-07,5319988754446631.0,14.068632794071078
006D_REFERENCE,23.591586299249,ONE_G_ONE_M_ONE_TJ,9.80665,1.0,1000000000000.0,0.4082482904638631,0.5,0.01,10.0,617279178814.2399,5.046983366441974e+17,1.6823291412752275e+17,6.729312507717202e+17,672931.2507717202,False,3.1153977479264294e+17,4.153863839018614e+17,4.876600858413594e-24,1.0,23.311882789227436,2.700020872032237e-13,0.01,0.509999999999865,0.509999999999865,2.700020872032237e-13,-0.2499999999999325,-0.2499999999999325,0.004999999999864999,0.12502499999993114,7.595089660404423,3.946539608e-06,1.6823291412752275e+17,12.56863287859161
006D_REFERENCE,23.591586299249,ONE_G_ONE_M_ONE_TJ,9.80665,1.0,1000000000000.0,0.4082482904638631,0.5,0.01,100.0,19520080551.636433,1.595996358562801e+19,5.319991024935692e+18,2.1279954610563703e+19,21279954.610563703,False,3.1153977479264294e+17,4.153863839018614e+17,4.876600858413631e-30,1.0,29.311882789227433,8.538216132578035e-12,0.01,0.5099999999957309,0.5099999999957309,8.538216132578035e-12,-0.24999999999786546,-0.24999999999786546,0.0049999999957308925,0.12502499999782277,13.506191206982786,3.946539608e-05,5.319991024935692e+18,11.068632855856977
006D_REFERENCE,23.591586299249,ONE_G_ONE_M_ONE_TJ,9.80665,1.0,1000000000000.0,0.4082482904638631,0.5,0.1,1.0,19424650497884.504,1.6038372213006978e+16,5346124212444212.0,2.138449642545119e+16,21384.49642545119,False,3.1153977479264294e+17,4.153863839018614e+17,4.781937429985578e-18,1.0,17.320396110777704,8.580162957620607e-15,0.1,0.5999999999999956,0.5999999999999956,8.580162957620607e-15,-0.24999999999999786,-0.24999999999999786,0.049999999999995715,0.12749999999999742,4.260579738292207,3.946539608e-07,5346124212444212.0,14.06650446379193
006D_REFERENCE,23.591586299249,ONE_G_ONE_M_ONE_TJ,9.80665,1.0,1000000000000.0,0.4082482904638631,0.5,0.1,10.0,614261499646.5845,5.0717776544987354e+17,1.6905938775080986e+17,6.762371532006834e+17,676237.1532006834,False,3.1153977479264294e+17,4.153863839028094e+17,4.7819374299855466e-24,1.0,23.320396110777708,2.713285250057667e-13,0.1,0.5999999999998644,0.5999999999998644,2.713285250057667e-13,-0.24999999999993217,-0.24999999999993217,0.04999999999986434,0.1274999999999186,7.576501941200796,3.946539608e-06,1.6905938775080986e+17,12.566504546078493
006D_REFERENCE,23.591586299249,ONE_G_ONE_M_ONE_TJ,9.80665,1.0,1000000000000.0,0.4082482904638631,0.5,0.1,100.0,19424653257.4623,1.6038369934503715e+19,5.346126490015508e+18,2.138449642451922e+19,21384496.424519222,False,3.1153977479264294e+17,4.1538638390189536e+17,4.781937429985549e-30,1.0,29.320396110777708,8.580161739114656e-12,0.1,0.59999999999571,0.59999999999571,8.580161739114656e-12,-0.24999999999785497,-0.24999999999785497,0.04999999999570992,0.12749999999742595,13.473137082456674,3.946539608e-05,5.346126490015508e+18,11.066504525467966
006D_REFERENCE,23.591586299249,ONE_G_ONE_M_ONE_TJ,9.80665,1.0,1000000000000.0,0.4082482904638631,0.5,1.0,1.0,14832792089684.305,2.1003447827554204e+16,7001147308661112.0,2.8004595136215316e+16,28004.595136215317,False,3.1153977479264294e+17,4.153863839036759e+17,1.6258587261951005e-18,1.0,17.788917193735447,1.1236365052442747e-14,1.0,1.4999999999999944,1.4999999999999944,1.1236365052442747e-14,-0.2499999999999972,-0.2499999999999972,0.4999999999999944,0.37499999999999156,3.7230900933386435,3.946539608e-07,7001147308661112.0,13.949374159672836
006D_REFERENCE,23.591586299249,ONE_G_ONE_M_ONE_TJ,9.80665,1.0,1000000000000.0,0.4082482904638631,0.5,1.0,10.0,469054068435.5391,6.641873416251096e+17,2.2139571418650502e+17,8.855830558116147e+17,885583.0558116147,False,3.1153977479264294e+17,4.153863839036759e+17,1.6258587261951012e-24,1.0,23.788917193735447,3.553250635324712e-13,1.0,1.4999999999998224,1.4999999999998224,3.553250635324712e-13,-0.24999999999991118,-0.24999999999991118,0.49999999999982236,0.37499999999973355,6.620694439200527,3.946539608e-06,2.2139571418650502e+17,12.44937415763889
006D_REFERENCE,23.591586299249,ONE_G_ONE_M_ONE_TJ,9.80665,1.0,1000000000000.0,0.4082482904638631,0.5,1.0,100.0,14832790580.763718,2.1003449964207763e+19,7.001145170436815e+18,2.8004595134644576e+19,28004595.134644575,False,3.1153977479264294e+17,4.153863839036759e+17,1.625858726195102e-30,1.0,29.788917193735447,1.1236366196260398e-11,1.0,1.4999999999943818,1.4999999999943818,1.1236366196260398e-11,-0.2499999999971909,-0.2499999999971909,0.4999999999943818,0.37499999999157274,11.773444029713929,3.946539608e-05,7.001145170436815e+18,10.949374115463373
006D_REFERENCE,23.591586299249,ONE_G_ONE_M_ONE_TJ,9.80665,1.0,1000000000000.0,0.4082482904638631,1.0,0.001,1.0,23214560501892.54,1.3420016061352748e+16,4473335834806406.5,1.7893351896159154e+16,17893.351896159154,False,3.1153977479264294e+17,4.153863839018852e+17,9.755132846904851e-18,1.0,17.010766811939902,7.17940219687065e-15,0.001,0.5009999999999964,0.5009999999999964,7.17940219687065e-15,-0.2499999999999982,-0.2499999999999982,0.0004999999999964103,0.1250002499999982,2.3288543519987304,1.973269804e-07,4473335834806406.5,14.143911716399616
006D_REFERENCE,23.591586299249,ONE_G_ONE_M_ONE_TJ,9.80665,1.0,1000000000000.0,0.4082482904638631,1.0,0.001,10.0,734108974817.8713,4.243781039047158e+17,1.4145936576219659e+17,5.658374696669124e+17,565837.4696669123,False,3.1153977479264294e+17,4.1538638390225555e+17,9.755132846904855e-24,1.0,23.010766811939902,2.2703259650005353e-13,0.001,0.5009999999998864,0.5009999999998864,2.2703259650005353e-13,-0.24999999999994324,-0.24999999999994324,0.0004999999998864837,0.12500024999994314,4.141354065144226,1.973269804e-06,1.4145936576219659e+17,12.643911783935572
006D_REFERENCE,23.591586299249,ONE_G_ONE_M_ONE_TJ,9.80665,1.0,1000000000000.0,0.4082482904638631,1.0,0.001,100.0,23214565495.800323,1.342001317444441e+19,4.473338721072338e+18,1.789335189551675e+19,17893351.89551675,False,3.1153977479264294e+17,4.153863839018614e+17,9.75513284690486e-30,1.0,29.010766811939902,7.179400652749554e-12,0.001,0.5009999999964103,0.5009999999964103,7.179400652749554e-12,-0.24999999999820516,-0.24999999999820516,0.0004999999964102996,0.12500024999820156,7.364484883075555,1.973269804e-05,4.473338721072338e+18,11.143911809806188
006D_REFERENCE,23.591586299249,ONE_G_ONE_M_ONE_TJ,9.80665,1.0,1000000000000.0,0.4082482904638631,1.0,0.01,1.0,23213411520814.63,1.3420680304284292e+16,4473557245265363.0,1.7894237549549656e+16,17894.237549549656,False,3.1153977479264294e+17,4.153863839018614e+17,9.7532017168272e-18,1.0,17.010852793563455,7.179757551673518e-15,0.01,0.5099999999999965,0.5099999999999965,7.179757551673518e-15,-0.2499999999999982,-0.2499999999999982,0.00499999999999641,0.12502499999999817,2.3287967191459917,1.973269804e-07,4473557245265363.0,14.143890220903677
006D_REFERENCE,23.591586299249,ONE_G_ONE_M_ONE_TJ,9.80665,1.0,1000000000000.0,0.4082482904638631,1.0,0.01,10.0,734072640997.4683,4.243991090164024e+17,1.4146636746982299e+17,5.658654764862254e+17,565865.4764862254,False,3.1153977479264294e+17,4.153863839018614e+17,9.753201716827205e-24,1.0,23.010852793563455,2.2704383375523263e-13,0.01,0.5099999999998865,0.5099999999998865,2.2704383375523263e-13,-0.24999999999994324,-0.24999999999994324,0.004999999999886478,0.1250249999999421,4.141251578264291,1.973269804e-06,1.4146636746982299e+17,12.643890288532631
006D_REFERENCE,23.591586299249,ONE_G_ONE_M_ONE_TJ,9.80665,1.0,1000000000000.0,0.4082482904638631,1.0,0.01,100.0,23213416519.43266,1.342067741436697e+19,4.473560134539077e+18,1.7894237548906047e+19,17894237.548906047,False,3.1153977479264294e+17,4.153863839018614e+17,9.75320171682728e-30,1.0,29.01085279356345,7.179756005942715e-12,0.01,0.5099999999964101,0.5099999999964101,7.179756005942715e-12,-0.24999999999820507,-0.24999999999820507,0.004999999996410122,0.12502499999816918,7.364302632759595,1.973269804e-05,4.473560134539077e+18,11.143890314402995
006D_REFERENCE,23.591586299249,ONE_G_ONE_M_ONE_TJ,9.80665,1.0,1000000000000.0,0.4082482904638631,1.0,0.1,1.0,23099928236941.066,1.34866122352031e+16,4495534150965682.5,1.7982146386168782e+16,17982.14638616878,False,3.1153977479264294e+17,4.153863839028094e+17,9.563874859971107e-18,1.0,17.019366115113726,7.215029629405647e-15,0.1,0.5999999999999964,0.5999999999999964,7.215029629405647e-15,-0.2499999999999982,-0.2499999999999982,0.049999999999996395,0.12749999999999784,2.323097356811603,1.973269804e-07,4495534150965682.5,14.141761881083175
006D_REFERENCE,23.591586299249,ONE_G_ONE_M_ONE_TJ,9.80665,1.0,1000000000000.0,0.4082482904638631,1.0,0.1,10.0,730483999511.271,4.264840503023723e+17,1.4216134768555133e+17,5.686453979879236e+17,568645.3979879236,False,3.1153977479264294e+17,4.153863839009711e+17,9.563874859971111e-24,1.0,23.019366115113726,2.281592297413809e-13,0.1,0.599999999999886,0.599999999999886,2.281592297413809e-13,-0.24999999999994296,-0.24999999999994296,0.04999999999988592,0.12749999999993156,4.1311165629156665,1.973269804e-06,1.4216134768555133e+17,12.641761957990713
006D_REFERENCE,23.591586299249,ONE_G_ONE_M_ONE_TJ,9.80665,1.0,1000000000000.0,0.4082482904638631,1.0,0.1,100.0,23099933729.756798,1.3486609028290185e+19,4.495537357218304e+18,1.798214638550849e+19,17982146.38550849,False,3.1153977479264294e+17,4.1538638390189536e+17,9.563874859971116e-30,1.0,29.019366115113726,7.215027914092482e-12,0.1,0.5999999999963925,0.5999999999963925,7.215027914092482e-12,-0.24999999999819625,-0.24999999999819625,0.049999999996392486,0.12749999999783548,7.346279747099989,1.973269804e-05,4.495537357218304e+18,11.141761984333082
006D_REFERENCE,23.591586299249,ONE_G_ONE_M_ONE_TJ,9.80665,1.0,1000000000000.0,0.4082482904638631,1.0,1.0,1.0,17639263194185.91,1.7661722678718792e+16,5887240981956313.0,2.3548963660675104e+16,23548.963660675105,False,3.1153977479264294e+17,4.153863839018614e+17,3.2517174523901837e-18,1.0,17.48788719807147,9.448618393630596e-15,1.0,1.4999999999999953,1.4999999999999953,9.448618393630596e-15,-0.24999999999999764,-0.24999999999999764,0.4999999999999953,0.3749999999999929,2.030029343235849,1.9732698040000002e-07,5887240981956313.0,14.024631690738245
006D_REFERENCE,23.591586299249,ONE_G_ONE_M_ONE_TJ,9.80665,1.0,1000000000000.0,0.4082482904638631,1.0,1.0,10.0,557802541765.726,5.5851264823294406e+17,1.8617096880869222e+17,7.446836170416364e+17,744683.6170416364,False,3.1153977479264294e+17,4.153863839018614e+17,3.2517174523901856e-24,1.0,23.48788719807147,2.987915152544511e-13,1.0,1.4999999999998506,1.4999999999998506,2.987915152544511e-13,-0.2499999999999253,-0.2499999999999253,0.4999999999998506,0.37499999999977596,3.6099595846297374,1.973269804e-06,1.8617096880869222e+17,12.524631739288003
006D_REFERENCE,23.591586299249,ONE_G_ONE_M_ONE_TJ,9.80665,1.0,1000000000000.0,0.4082482904638631,1.0,1.0,100.0,17639265678.791,1.7661720190950488e+19,5.887243468613935e+18,2.3548963659564425e+19,23548963.659564424,False,3.1153977479264294e+17,4.153863839018614e+17,3.25171745239021e-30,1.0,29.487887198071466,9.448617063266475e-12,1.0,1.4999999999952758,1.4999999999952758,9.448617063266475e-12,-0.24999999999763783,-0.24999999999763783,0.49999999999527567,0.3749999999929135,6.419516893534558,1.973269804e-05,5.887243468613935e+18,11.024631751886849
006D_REFERENCE,23.591586299249,ONE_G_ONE_M_ONE_TJ,9.80665,1.0,1000000000000.0,0.4082482904638631,2.0,0.001,1.0,9760521605957.34,3.191835307269793e+16,1.0639449699618198e+16,4.255780277231613e+16,42557.80277231613,False,3.1153977479264294e+17,4.153863839018512e+17,3.048479014657759e-19,1.0,18.51591679025981,1.707559015749309e-14,0.001,0.5009999999999915,0.5009999999999915,1.707559015749309e-14,-0.24999999999999573,-0.24999999999999573,0.0004999999999914622,0.1250002499999957,1.5100753172036419,1.973269804e-07,1.0639449699618198e+16,13.767624277531434
006D_REFERENCE,23.591586299249,ONE_G_ONE_M_ONE_TJ,9.80665,1.0,1000000000000.0,0.4082482904638631,2.0,0.001,10.0,308654806109.1935,1.0093469099665628e+18,3.364489797573879e+17,1.3457958897239506e+18,1345795.8897239505,False,3.1153977479264294e+17,4.153863839036759e+17,3.0484790146577824e-25,1.0,24.515916790259805,5.399775521663015e-13,0.001,0.5009999999997301,0.5009999999997301,5.399775521663015e-13,-0.249999999999865,-0.249999999999865,0.0004999999997300112,0.12500024999986473,2.6853358957269893,1.973269804e-06,3.364489797573879e+17,12.267624294201003
006D_REFERENCE,23.591586299249,ONE_G_ONE_M_ONE_TJ,9.80665,1.0,1000000000000.0,0.4082482904638631,2.0,0.001,100.0,9760522560.418966,3.1918349951467176e+19,1.0639452817218583e+19,4.255780276868576e+19,42557802.76868576,False,3.1153977479264294e+17,4.153863839036759e+17,3.048479014657784e-31,1.0,30.515916790259805,1.7075588489453603e-11,0.001,0.5009999999914623,0.5009999999914623,1.7075588489453603e-11,-0.2499999999957311,-0.2499999999957311,0.0004999999914622057,0.12500024999572257,4.775277674002724,1.973269804e-05,1.0639452817218583e+19,10.767624319955758
006D_REFERENCE,23.591586299249,ONE_G_ONE_M_ONE_TJ,9.80665,1.0,1000000000000.0,0.4082482904638631,2.0,0.01,1.0,9760038521423.229,3.1919932908954708e+16,1.0639976313988232e+16,4.255990922294294e+16,42559.909222942944,False,3.1153977479264294e+17,4.153863839009711e+17,3.0478755365084934e-19,1.0,18.51600277188336,1.7076435333820805e-14,0.01,0.5099999999999915,0.5099999999999915,1.7076435333820805e-14,-0.24999999999999573,-0.24999999999999573,0.004999999999991462,0.12502499999999564,1.5100379471179486,1.973269804e-07,1.0639976313988232e+16,13.767602782149526
006D_REFERENCE,23.591586299249,ONE_G_ONE_M_ONE_TJ,9.80665,1.0,1000000000000.0,0.4082482904638631,2.0,0.01,10.0,308639529607.26447,1.0093968688620963e+18,3.364656326794422e+17,1.3458625015415383e+18,1345862.5015415384,False,3.1153977479264294e+17,4.153863839018852e+17,3.0478755365084947e-25,1.0,24.51600277188336,5.400042790347873e-13,0.01,0.50999999999973,0.50999999999973,5.400042790347873e-13,-0.249999999999865,-0.249999999999865,0.004999999999729998,0.1250249999998623,2.6852694411541425,1.973269804e-06,3.364656326794422e+17,12.267602798781045
006D_REFERENCE,23.591586299249,ONE_G_ONE_M_ONE_TJ,9.80665,1.0,1000000000000.0,0.4082482904638631,2.0,0.01,100.0,9760039475.738651,3.1919929787893125e+19,1.0639979431412638e+19,4.255990921930577e+19,42559909.21930577,False,3.1153977479264294e+17,4.153863839018614e+17,3.0478755365084965e-31,1.0,30.51600277188336,1.7076433665871992e-11,0.01,0.5099999999914617,0.5099999999914617,1.7076433665871992e-11,-0.2499999999957309,-0.2499999999957309,0.004999999991461783,0.1250249999956455,4.775159499385585,1.9732698040000002e-05,1.0639979431412638e+19,10.767602824569444
006D_REFERENCE,23.591586299249,ONE_G_ONE_M_ONE_TJ,9.80665,1.0,1000000000000.0,0.4082482904638631,2.0,0.1,1.0,9712324937034.893,3.2076745456145536e+16,1.0692247394755e+16,4.2768992850900536e+16,42768.99285090053,False,3.1153977479264294e+17,4.153863839018512e+17,2.9887108937410065e-19,1.0,18.524516093433625,1.7160326466338975e-14,0.1,0.5999999999999914,0.5999999999999914,1.7160326466338975e-14,-0.2499999999999957,-0.2499999999999957,0.04999999999999142,0.12749999999999484,1.5063423881783877,1.973269804e-07,1.0692247394755e+16,13.765474454180737
006D_REFERENCE,23.591586299249,ONE_G_ONE_M_ONE_TJ,9.80665,1.0,1000000000000.0,0.4082482904638631,2.0,0.1,10.0,307130691838.83215,1.0143557224040783e+18,3.3811858399534336e+17,1.3524743063994217e+18,1352474.3063994218,False,3.1153977479264294e+17,4.153863839018512e+17,2.9887108937409652e-25,1.0,24.524516093433633,5.426571524628618e-13,0.1,0.5999999999997288,0.5999999999997288,5.426571524628618e-13,-0.24999999999986433,-0.24999999999986433,0.04999999999972867,0.1274999999998372,2.678697697284744,1.973269804e-06,3.3811858399534336e+17,12.26547446842158
006D_REFERENCE,23.591586299249,ONE_G_ONE_M_ONE_TJ,9.80665,1.0,1000000000000.0,0.4082482904638631,2.0,0.1,100.0,9712325877.357761,3.207674235055603e+19,1.0692250496614121e+19,4.276899284717015e+19,42768992.84717015,False,3.1153977479264294e+17,4.153863839018512e+17,2.988710893740988e-31,1.0,30.52451609343363,1.7160324806684588e-11,0.1,0.5999999999914198,0.5999999999914198,1.7160324806684588e-11,-0.24999999999570993,-0.24999999999570993,0.04999999999141984,0.12749999999485193,4.763473113049943,1.973269804e-05,1.0692250496614121e+19,10.765474496183362
006D_REFERENCE,23.591586299249,ONE_G_ONE_M_ONE_TJ,9.80665,1.0,1000000000000.0,0.4082482904638631,2.0,1.0,1.0,7416396636564.091,4.200689230356143e+16,1.4002297968865646e+16,5.600919027242708e+16,56009.19027242708,False,3.1153977479264294e+17,4.153863839028094e+17,1.0161617038719303e-19,1.0,18.993037176391375,2.2472728311885896e-14,1.0,1.499999999999989,1.499999999999989,2.2472728311885896e-14,-0.2499999999999944,-0.2499999999999944,0.4999999999999888,0.3749999999999832,1.3163111784954258,1.973269804e-07,1.4002297968865646e+16,13.64834419865929
006D_REFERENCE,23.591586299249,ONE_G_ONE_M_ONE_TJ,9.80665,1.0,1000000000000.0,0.4082482904638631,2.0,1.0,10.0,234527033603.02136,1.3283746867321887e+18,4.4279142488789536e+17,1.771166111620084e+18,1771166.111620084,False,3.1153977479264294e+17,4.153863839009711e+17,1.0161617038719307e-25,1.0,24.993037176391375,7.106501289292316e-13,1.0,1.4999999999996447,1.4999999999996447,7.106501289292316e-13,-0.24999999999982234,-0.24999999999982234,0.4999999999996447,0.374999999999467,2.340768963991043,1.973269804e-06,4.4279142488789536e+17,12.148344160835597
006D_REFERENCE,23.591586299249,ONE_G_ONE_M_ONE_TJ,9.80665,1.0,1000000000000.0,0.4082482904638631,2.0,1.0,100.0,7416397690.894338,4.20068863317758e+19,1.400230393436609e+19,5.600919026614189e+19,56009190.26614189,False,3.1153977479264294e+17,4.153863839044303e+17,1.0161617038719312e-31,1.0,30.993037176391375,2.247272512014404e-11,1.0,1.4999999999887637,1.4999999999887637,2.247272512014404e-11,-0.24999999999438183,-0.24999999999438183,0.49999999998876365,0.3749999999831455,4.162541729183375,1.973269804e-05,1.400230393436609e+19,10.648344260340984
006D_REFERENCE,23.591586299249,ONE_G_ONE_M_ONE_TJ,9.80665,1.0,1000000000000.0,0.1,0.5,0.001,1.0,2366554267399.474,1.3164277662433805e+17,4.388092295382713e+16,1.755236995781652e+17,175523.6995781652,False,3.1153977479264294e+17,4.153863839028094e+17,1.0535543474657209e-21,1.0,20.977343056452955,4.225552795369822e-15,0.001,0.5009999999999979,0.5009999999999979,4.225552795369822e-15,-0.24999999999999895,-0.24999999999999895,0.0004999999999978872,0.12500024999999895,6.0712022344718015,3.946539608e-07,4.388092295382713e+16,14.374116467714423
006D_REFERENCE,23.591586299249,ONE_G_ONE_M_ONE_TJ,9.80665,1.0,1000000000000.0,0.1,0.5,0.001,10.0,74837016350.7697,4.1629101477325107e+18,1.3876365922746424e+18,5.550546740007154e+18,5550546.740007154,False,3.1153977479264294e+17,4.153863839028094e+17,1.0535543474657215e-27,1.0,26.977343056452952,1.3362371307352067e-13,0.001,0.5009999999999333,0.5009999999999333,1.3362371307352067e-13,-0.24999999999996658,-0.24999999999996658,0.0004999999999331881,0.1250002499999665,10.796293887065815,3.946539608e-06,1.3876365922746424e+18,12.8741164644418
006D_REFERENCE,23.591586299249,ONE_G_ONE_M_ONE_TJ,9.80665,1.0,1000000000000.0,0.1,0.5,0.001,100.0,2366554273.229041,1.3164277630006054e+20,4.3880923222162735e+19,1.7552369952222328e+20,175523699.52222326,False,3.1153977479264294e+17,4.153863839044473e+17,1.0535543474657219e-33,1.0,32.97734305645295,4.225552786744701e-12,0.001,0.5009999999978871,0.5009999999978871,4.225552786744701e-12,-0.24999999999894362,-0.24999999999894362,0.0004999999978872236,0.12500024999894152,19.198827216028672,3.946539608e-05,4.3880923222162735e+19,11.374116468600896
006D_REFERENCE,23.591586299249,ONE_G_ONE_M_ONE_TJ,9.80665,1.0,1000000000000.0,0.1,0.5,0.01,1.0,2366437137905.7993,1.3164929243307221e+17,4.388309490580696e+16,1.7553238733887917e+17,175532.38733887917,False,3.1153977479264294e+17,4.153863839036759e+17,1.0533457854173421e-21,1.0,20.977429038076504,4.2257619439043376e-15,0.01,0.5099999999999979,0.5099999999999979,4.2257619439043376e-15,-0.24999999999999895,-0.24999999999999895,0.004999999999997887,0.12502499999999891,6.071051989524394,3.946539608e-07,4.388309490580696e+16,14.374094972347782
006D_REFERENCE,23.591586299249,ONE_G_ONE_M_ONE_TJ,9.80665,1.0,1000000000000.0,0.1,0.5,0.01,10.0,74833312384.45226,4.163116196061502e+18,1.3877052750618657e+18,5.550821471123368e+18,5550821.471123368,False,3.1153977479264294e+17,4.153863839036759e+17,1.0533457854173426e-27,1.0,26.977429038076504,1.3363032694262084e-13,0.01,0.5099999999999332,0.5099999999999332,1.3363032694262084e-13,-0.24999999999996658,-0.24999999999996658,0.004999999999933185,0.1250249999999659,10.796026709099104,3.946539608e-06,1.3877052750618657e+18,12.874094969037243
006D_REFERENCE,23.591586299249,ONE_G_ONE_M_ONE_TJ,9.80665,1.0,1000000000000.0,0.1,0.5,0.01,100.0,2366437143.497627,1.3164929212198846e+20,4.388309516093663e+19,1.755323872829251e+20,175532387.2829251,False,3.1153977479264294e+17,4.153863839018614e+17,1.0533457854173432e-33,1.0,32.9774290380765,4.225761935702896e-12,0.01,0.509999999997887,0.509999999997887,4.225761935702896e-12,-0.24999999999894357,-0.24999999999894357,0.004999999997887119,0.12502499999892244,19.198352098824053,3.946539608e-05,4.388309516093663e+19,11.374094973190669
006D_REFERENCE,23.591586299249,ONE_G_ONE_M_ONE_TJ,9.80665,1.0,1000000000000.0,0.1,0.5,0.1,1.0,2354868413605.26,1.3229604380131006e+17,4.409867969004116e+16,1.7639472349135123e+17,176394.72349135124,False,3.1153977479264294e+17,4.153863839018614e+17,1.0328984848768838e-21,1.0,20.985942359626772,4.246521776855648e-15,0.1,0.5999999999999979,0.5999999999999979,4.246521776855648e-15,-0.24999999999999895,-0.24999999999999895,0.04999999999999788,0.12749999999999873,6.05619413125252,3.946539608e-07,4.409867969004116e+16,14.371966644440633
006D_REFERENCE,23.591586299249,ONE_G_ONE_M_ONE_TJ,9.80665,1.0,1000000000000.0,0.1,0.5,0.1,10.0,74467476777.77971,4.1835682941469435e+18,1.3945226404810148e+18,5.578090934627959e+18,5578090.934627959,False,3.1153977479264294e+17,4.153863839028094e+17,1.0328984848768769e-27,1.0,26.985942359626776,1.3428681127434386e-13,0.1,0.5999999999999329,0.5999999999999329,1.3428681127434386e-13,-0.24999999999996642,-0.24999999999996642,0.04999999999993286,0.1274999999999597,10.76960525500107,3.946539608e-06,1.3945226404810148e+18,12.871966638649518
006D_REFERENCE,23.591586299249,ONE_G_ONE_M_ONE_TJ,9.80665,1.0,1000000000000.0,0.1,0.5,0.1,100.0,2354868404.221677,1.3229604432847792e+20,4.409867910630954e+19,1.7639472343478744e+20,176394723.43478745,False,3.1153977479264294e+17,4.153863839018614e+17,1.0328984848768922e-33,1.0,32.98594235962677,4.246521795578505e-12,0.1,0.5999999999978767,0.5999999999978767,4.246521795578505e-12,-0.24999999999893838,-0.24999999999893838,0.04999999999787674,0.12749999999872605,19.15136736468363,3.946539608e-05,4.409867910630954e+19,11.371966642525834
006D_REFERENCE,23.591586299249,ONE_G_ONE_M_ONE_TJ,9.80665,1.0,1000000000000.0,0.1,0.5,1.0,1.0,1798193536630.9646,1.7325152629362326e+17,5.775053787751702e+16,2.310020641711403e+17,231002.0641711403,False,3.1153977479264294e+17,4.153863839036759e+17,3.5118548485814133e-22,1.0,21.45446344258452,5.561136660929852e-15,1.0,1.4999999999999973,1.4999999999999973,5.561136660929852e-15,-0.2499999999999986,-0.2499999999999986,0.4999999999999972,0.37499999999999584,5.292180911176875,3.946539608e-07,5.775053787751702e+16,14.25483643231773
006D_REFERENCE,23.591586299249,ONE_G_ONE_M_ONE_TJ,9.80665,1.0,1000000000000.0,0.1,0.5,1.0,10.0,56863865012.17391,5.478695032881529e+18,1.826231636836167e+18,7.304926669717695e+18,7304926.669717696,False,3.1153977479264294e+17,4.153863839036759e+17,3.511854848581415e-28,1.0,27.45446344258452,1.7585860542604647e-13,1.0,1.499999999999912,1.499999999999912,1.7585860542604647e-13,-0.24999999999995604,-0.24999999999995604,0.49999999999991207,0.3749999999998681,9.410975729223376,3.946539608e-06,1.826231636836167e+18,12.754836375157074
006D_REFERENCE,23.591586299249,ONE_G_ONE_M_ONE_TJ,9.80665,1.0,1000000000000.0,0.1,0.5,1.0,100.0,1798193453.4885163,1.7325153430419413e+20,5.775052977004994e+19,2.3100206407424406e+20,231002064.07424405,False,3.1153977479264294e+17,4.153863839036759e+17,3.5118548485814167e-34,1.0,33.45446344258452,5.561136921147734e-12,1.0,1.4999999999972196,1.4999999999972196,5.561136921147734e-12,-0.24999999999860972,-0.24999999999860972,0.49999999999721945,0.37499999999582917,16.735345077442272,3.946539608e-05,5.775052977004994e+19,11.25483641199613
006D_REFERENCE,23.591586299249,ONE_G_ONE_M_ONE_TJ,9.80665,1.0,1000000000000.0,0.1,1.0,0.001,1.0,2814323241789.696,1.1069793624506592e+17,3.689931352229059e+16,1.475972497673565e+17,147597.24976735652,False,3.1153977479264294e+17,4.153863839009711e+17,2.107108694931446e-21,1.0,20.67631306078897,3.553252111027699e-15,0.001,0.5009999999999982,0.5009999999999982,3.553252111027699e-15,-0.2499999999999991,-0.2499999999999991,0.0004999999999982234,0.12500024999999912,3.310346532189177,1.973269804e-07,3.689931352229059e+16,14.449373977271783
006D_REFERENCE,23.591586299249,ONE_G_ONE_M_ONE_TJ,9.80665,1.0,1000000000000.0,0.1,1.0,0.001,10.0,88996713367.21442,3.5005761786638223e+18,1.1668586777138726e+18,4.667434856377695e+18,4667434.856377696,False,3.1153977479264294e+17,4.153863839009711e+17,2.107108694931447e-27,1.0,26.67631306078897,1.1236369998126554e-13,0.001,0.5009999999999438,0.5009999999999438,1.1236369998126554e-13,-0.2499999999999719,-0.2499999999999719,0.0004999999999438182,0.12500024999997186,5.886721018960108,1.973269804e-06,1.1668586777138726e+18,12.94937396851825
006D_REFERENCE,23.591586299249,ONE_G_ONE_M_ONE_TJ,9.80665,1.0,1000000000000.0,0.1,1.0,0.001,100.0,2814323221.801589,1.1069793703127348e+20,3.689931269652612e+19,1.475972497277996e+20,147597249.7277996,False,3.1153977479264294e+17,4.153863839018614e+17,2.1071086949314478e-33,1.0,32.67631306078897,3.5532521375251822e-12,0.001,0.5009999999982233,0.5009999999982233,3.5532521375251822e-12,-0.24999999999911168,-0.24999999999911168,0.000499999998223374,0.1250002499991099,10.468234847125588,1.973269804e-05,3.689931269652612e+19,11.449373974033142
006D_REFERENCE,23.591586299249,ONE_G_ONE_M_ONE_TJ,9.80665,1.0,1000000000000.0,0.1,1.0,0.01,1.0,2814183950228.869,1.1070341537812637e+17,3.690113989607108e+16,1.4760455527419744e+17,147604.55527419745,False,3.1153977479264294e+17,4.153863839018614e+17,2.1066915708346734e-21,1.0,20.676399042412523,3.553427983693207e-15,0.01,0.5099999999999982,0.5099999999999982,3.553427983693207e-15,-0.2499999999999991,-0.2499999999999991,0.004999999999998224,0.12502499999999908,3.3102646103555227,1.973269804e-07,3.690113989607108e+16,14.449352481854191
006D_REFERENCE,23.591586299249,ONE_G_ONE_M_ONE_TJ,9.80665,1.0,1000000000000.0,0.1,1.0,0.01,10.0,88992308584.09785,3.5007494439616374e+18,1.1669164328268442e+18,4.667665876788482e+18,4667665.876788482,False,3.1153977479264294e+17,4.153863839018614e+17,2.106691570834674e-27,1.0,26.676399042412523,1.1236926155997355e-13,0.01,0.5099999999999438,0.5099999999999438,1.1236926155997355e-13,-0.2499999999999719,-0.2499999999999719,0.004999999999943816,0.12502499999997135,5.886575339141026,1.973269804e-06,1.1669164328268442e+18,12.94935247311386
006D_REFERENCE,23.591586299249,ONE_G_ONE_M_ONE_TJ,9.80665,1.0,1000000000000.0,0.1,1.0,0.01,100.0,2814183928.794338,1.1070341622131068e+20,3.6901139013321245e+19,1.4760455523463194e+20,147604555.23463196,False,3.1153977479264294e+17,4.153863839018614e+17,2.10669157083469e-33,1.0,32.67639904241252,3.5534280120196914e-12,0.01,0.5099999999982232,0.5099999999982232,3.5534280120196914e-12,-0.24999999999911166,-0.24999999999911166,0.004999999998223286,0.1250249999990939,10.46797578485003,1.973269804e-05,3.6901139013321245e+19,11.449352478392173
006D_REFERENCE,23.591586299249,ONE_G_ONE_M_ONE_TJ,9.80665,1.0,1000000000000.0,0.1,1.0,0.1,1.0,2800426326283.0186,1.1124726684245502e+17,3.708242381109998e+16,1.48329690653555e+17,148329.690653555,False,3.1153977479264294e+17,4.153863839028094e+17,2.0657969697537567e-21,1.0,20.684912363962795,3.57088487068913e-15,0.1,0.5999999999999982,0.5999999999999982,3.57088487068913e-15,-0.2499999999999991,-0.2499999999999991,0.04999999999999822,0.12749999999999895,3.3021632971217945,1.973269804e-07,3.708242381109998e+16,14.44722415171997
006D_REFERENCE,23.591586299249,ONE_G_ONE_M_ONE_TJ,9.80665,1.0,1000000000000.0,0.1,1.0,0.1,10.0,88557254209.20123,3.517947542238426e+18,1.17264912865704e+18,4.690596670895466e+18,4690596.670895467,False,3.1153977479264294e+17,4.153863839028094e+17,2.0657969697537577e-27,1.0,26.684912363962795,1.1292129695540976e-13,0.1,0.5999999999999435,0.5999999999999435,1.1292129695540976e-13,-0.24999999999997177,-0.24999999999997177,0.04999999999994354,0.12749999999996614,5.872168936953981,1.973269804e-06,1.17264912865704e+18,12.947224142415456
006D_REFERENCE,23.591586299249,ONE_G_ONE_M_ONE_TJ,9.80665,1.0,1000000000000.0,0.1,1.0,0.1,100.0,2800426271.9033933,1.112472690026921e+20,3.708242161086624e+19,1.4832969061355835e+20,148329690.61355835,False,3.1153977479264294e+17,4.1538638390189536e+17,2.0657969697537587e-33,1.0,32.684912363962795,3.5708849413036283e-12,0.1,0.5999999999982146,0.5999999999982146,3.5708849413036283e-12,-0.24999999999910727,-0.24999999999910727,0.04999999999821456,0.12749999999892872,10.442357121467039,1.973269804e-05,3.708242161086624e+19,11.447224143131766
006D_REFERENCE,23.591586299249,ONE_G_ONE_M_ONE_TJ,9.80665,1.0,1000000000000.0,0.1,1.0,1.0,1.0,2138424416229.3176,1.4568659636891955e+17,4.856221130881042e+16,1.9424880767773e+17,194248.80767773,False,3.1153977479264294e+17,4.153863839036759e+17,7.02370969716284e-22,1.0,21.153433446920534,4.676340170880424e-15,1.0,1.4999999999999978,1.4999999999999978,4.676340170880424e-15,-0.24999999999999883,-0.24999999999999883,0.49999999999999767,0.3749999999999965,2.8855820143040143,1.973269804e-07,4.856221130881042e+16,14.33009390448992
006D_REFERENCE,23.591586299249,ONE_G_ONE_M_ONE_TJ,9.80665,1.0,1000000000000.0,0.1,1.0,1.0,10.0,67622912844.11158,4.6070150144348744e+18,1.5356716358349658e+18,6.14268665026984e+18,6142686.650269841,False,3.1153977479264294e+17,4.153863839036759e+17,7.0237096971628435e-28,1.0,27.153433446920534,1.478788709264933e-13,1.0,1.499999999999926,1.499999999999926,1.478788709264933e-13,-0.24999999999996303,-0.24999999999996303,0.49999999999992606,0.3749999999998891,5.1313709017626765,1.973269804e-06,1.5356716358349658e+18,12.830093873978464
006D_REFERENCE,23.591586299249,ONE_G_ONE_M_ONE_TJ,9.80665,1.0,1000000000000.0,0.1,1.0,1.0,100.0,2138424327.737181,1.4568660239771281e+20,4.856220521150248e+19,1.942488076092153e+20,194248807.6092153,False,3.1153977479264294e+17,4.153863839018614e+17,7.023709697162847e-34,1.0,33.15343344692054,4.676340366581058e-12,1.0,1.4999999999976619,1.4999999999976619,4.676340366581058e-12,-0.2499999999988309,-0.2499999999988309,0.4999999999976618,0.3749999999964927,9.125011349480497,1.973269804e-05,4.856220521150248e+19,11.330093886315085
006D_REFERENCE,23.591586299249,ONE_G_ONE_M_ONE_TJ,9.80665,1.0,1000000000000.0,0.1,2.0,0.001,1.0,1183277164668.587,2.6328554635793994e+17,8.776185279827835e+16,3.510473991562183e+17,351047.3991562183,False,3.1153977479264294e+17,4.153863839018512e+17,6.584714671660753e-23,1.0,22.18146303910888,8.451105369560022e-15,0.001,0.5009999999999958,0.5009999999999958,8.451105369560022e-15,-0.2499999999999979,-0.2499999999999979,0.0004999999999957744,0.1250002499999979,2.146494163063643,1.9732698039999996e-07,8.776185279827835e+16,14.073086483416656
006D_REFERENCE,23.591586299249,ONE_G_ONE_M_ONE_TJ,9.80665,1.0,1000000000000.0,0.1,2.0,0.001,10.0,37418504974.210686,8.325821007743634e+18,2.7752724721588613e+18,1.1101093479902495e+19,11101093.479902495,False,3.1153977479264294e+17,4.153863839018512e+17,6.58471467166071e-29,1.0,28.18146303910888,2.6724744901378017e-13,0.001,0.5009999999998664,0.5009999999998664,2.6724744901378017e-13,-0.2499999999999332,-0.2499999999999332,0.0004999999998663763,0.12500024999993306,3.817066146311976,1.973269804e-06,2.7752724721588613e+18,12.57308643161788
006D_REFERENCE,23.591586299249,ONE_G_ONE_M_ONE_TJ,9.80665,1.0,1000000000000.0,0.1,2.0,0.001,100.0,1183277147.3299212,2.6328555021588654e+20,8.776184871656392e+19,3.5104739893245044e+20,351047398.9324504,False,3.1153977479264294e+17,4.153863839036759e+17,6.584714671660806e-35,1.0,34.18146303910888,8.4511055005298e-12,0.001,0.5009999999957744,0.5009999999957744,8.4511055005298e-12,-0.24999999999788722,-0.24999999999788722,0.0004999999957744473,0.12500024999788298,6.787810486941428,1.973269804e-05,8.776184871656392e+19,11.07308647668624
006D_REFERENCE,23.591586299249,ONE_G_ONE_M_ONE_TJ,9.80665,1.0,1000000000000.0,0.1,2.0,0.01,1.0,1183218599753.787,2.632985780121023e+17,8.776619666554395e+16,3.510647746776463e+17,351064.7746776463,False,3.1153977479264294e+17,4.153863839009711e+17,6.583411158858339e-23,1.0,22.181549020732433,8.451523667806884e-15,0.01,0.5099999999999958,0.5099999999999958,8.451523667806884e-15,-0.2499999999999979,-0.2499999999999979,0.004999999999995774,0.12502499999999786,2.146441043301415,1.973269804e-07,8.776619666554395e+16,14.073064987988928
006D_REFERENCE,23.591586299249,ONE_G_ONE_M_ONE_TJ,9.80665,1.0,1000000000000.0,0.1,2.0,0.01,10.0,37416652989.92469,8.326233104722978e+18,2.7754098374119224e+18,1.11016429421349e+19,11101642.9421349,False,3.1153977479264294e+17,4.153863839044303e+17,6.583411158858342e-29,1.0,28.181549020732433,2.672606767622961e-13,0.01,0.5099999999998663,0.5099999999998663,2.672606767622961e-13,-0.2499999999999332,-0.2499999999999332,0.00499999999986637,0.12502499999993186,3.816971684574414,1.973269804e-06,2.7754098374119224e+18,12.5730649361984
006D_REFERENCE,23.591586299249,ONE_G_ONE_M_ONE_TJ,9.80665,1.0,1000000000000.0,0.1,2.0,0.01,100.0,1183218582.4783962,2.6329858185635047e+20,8.77661925974794e+19,3.510647744538299e+20,351064774.4538299,False,3.1153977479264294e+17,4.153863839044303e+17,6.583411158858346e-35,1.0,34.18154902073243,8.451523798337667e-12,0.01,0.5099999999957743,0.5099999999957743,8.451523798337667e-12,-0.2499999999978871,-0.2499999999978871,0.004999999995774238,0.12502499999784486,6.787642507684209,1.973269804e-05,8.77661925974794e+19,11.073064981281405
006D_REFERENCE,23.591586299249,ONE_G_ONE_M_ONE_TJ,9.80665,1.0,1000000000000.0,0.1,2.0,0.1,1.0,1177434231508.342,2.6459208205077206e+17,8.819736493181725e+16,3.527894469825893e+17,352789.4469825893,False,3.1153977479264294e+17,4.153863839018512e+17,6.455615530480567e-23,1.0,22.190062342282697,8.493043375508185e-15,0.1,0.5999999999999958,0.5999999999999958,8.493043375508185e-15,-0.2499999999999979,-0.2499999999999979,0.049999999999995756,0.12749999999999748,2.141187991658879,1.973269804e-07,8.819736493181725e+16,14.070936657889124
006D_REFERENCE,23.591586299249,ONE_G_ONE_M_ONE_TJ,9.80665,1.0,1000000000000.0,0.1,2.0,0.1,10.0,37233735085.69473,8.367137330585378e+18,2.789044538557493e+18,1.1156181869142872e+19,11156181.869142871,False,3.1153977479264294e+17,4.153863839018512e+17,6.455615530480524e-29,1.0,28.190062342282697,2.685736463788344e-13,0.1,0.5999999999998658,0.5999999999998658,2.685736463788344e-13,-0.24999999999993286,-0.24999999999993286,0.049999999999865714,0.12749999999991943,3.8076302843340235,1.973269804e-06,2.789044538557493e+18,12.570936604451221
006D_REFERENCE,23.591586299249,ONE_G_ONE_M_ONE_TJ,9.80665,1.0,1000000000000.0,0.1,2.0,0.1,100.0,1177434214.7175288,2.6459208582399027e+20,8.819736093234363e+19,3.527894467563339e+20,352789446.7563339,False,3.1153977479264294e+17,4.153863839018512e+17,6.455615530480528e-35,1.0,34.1900623422827,8.493043503829286e-12,0.1,0.5999999999957535,0.5999999999957535,8.493043503829286e-12,-0.24999999999787673,-0.24999999999787673,0.04999999999575348,0.12749999999745207,6.7710309010920335,1.973269804e-05,8.819736093234363e+19,11.070936651327385
006D_REFERENCE,23.591586299249,ONE_G_ONE_M_ONE_TJ,9.80665,1.0,1000000000000.0,0.1,2.0,1.0,1.0,899096486854.4398,3.465031610595983e+17,1.155009672825015e+17,4.620041283420998e+17,462004.1283420998,False,3.1153977479264294e+17,4.153863839028094e+17,2.1949092803633672e-23,1.0,22.658583425240447,1.1122276803679786e-14,1.0,1.4999999999999944,1.4999999999999944,1.1122276803679786e-14,-0.24999999999999722,-0.24999999999999722,0.49999999999999445,0.3749999999999917,1.8710682119112938,1.973269804e-07,1.155009672825015e+17,13.953806300698178
006D_REFERENCE,23.591586299249,ONE_G_ONE_M_ONE_TJ,9.80665,1.0,1000000000000.0,0.1,2.0,1.0,10.0,28431932721.468506,1.0957389982757106e+19,3.6524633564843064e+18,1.4609853339241413e+19,14609853.339241413,False,3.1153977479264294e+17,4.153863839044473e+17,2.1949092803633993e-29,1.0,28.65858342524044,3.517172081939008e-13,1.0,1.4999999999998241,1.4999999999998241,3.517172081939008e-13,-0.24999999999991207,-0.24999999999991207,0.49999999999982414,0.3749999999997362,3.3272823904313222,1.973269804e-06,3.6524633564843064e+18,12.453806382775385
006D_REFERENCE,23.591586299249,ONE_G_ONE_M_ONE_TJ,9.80665,1.0,1000000000000.0,0.1,2.0,1.0,100.0,899096627.7850536,3.465031067463002e+20,1.1550102120820444e+20,4.6200412795450465e+20,462004127.95450467,False,3.1153977479264294e+17,4.153863839044473e+17,2.194909280363369e-35,1.0,34.658583425240444,1.112227507265545e-11,1.0,1.499999999994439,1.499999999994439,1.112227507265545e-11,-0.24999999999721942,-0.24999999999721942,0.49999999999443884,0.37499999999165823,5.91683766761415,1.973269804e-05,1.1550102120820444e+20,10.953806368289948
006D_REFERENCE,23.591586299249,POINT_ONE_G_ONE_CM_ONE_PJ,0.980665,0.01,1000000000000000.0,1.0,0.5,0.001,1.0,1330811334291.275,2340976265869.8267,780325543465.3292,3121301809335.156,0.0031213018093351557,True,3115397747.92643,4153863780.8245053,1.0,0.0,0.0,7.514213128740014e-13,0.001,0.5009999999996243,0.5009999999996243,7.514213128740014e-13,-0.24999999999981215,-0.24999999999981215,0.0004999999996242894,0.12500024999981177,45.52759521493219,3.946539608e-05,780325543465.3292,12.124116491023626
006D_REFERENCE,23.591586299249,POINT_ONE_G_ONE_CM_ONE_PJ,0.980665,0.01,1000000000000000.0,1.0,0.5,0.001,10.0,42083945988.22286,74028175703824.69,24676054116371.113,98704229820195.8,0.09870422982019579,True,3115397747.92643,4153863780.8245053,1.0,0.0,0.0,2.376203030731982e-11,0.001,0.500999999988119,0.500999999988119,2.376203030731982e-11,-0.2499999999940595,-0.2499999999940595,0.0004999999881189848,0.12500024999404763,80.96078175800915,0.00039465396079999996,24676054116371.113,10.624116454532823
006D_REFERENCE,23.591586299249,POINT_ONE_G_ONE_CM_ONE_PJ,0.980665,0.01,1000000000000000.0,1.0,0.5,0.001,100.0,1330811160.2806778,2340976571964853.5,780325234439161.1,3121301806404014.5,3.1213018064040146,False,3115397747.92643,4153863780.837078,0.01053554348734908,0.9894644565126509,1.9773430559297716,7.514214116903815e-10,0.001,0.5009999996242893,0.5009999996242893,7.514214116903815e-10,-0.24999999981214466,-0.24999999981214466,0.0004999996242892942,0.12500024981176894,143.9708878028544,0.003946539608,780325234439161.1,9.124116433911318
006D_REFERENCE,23.591586299249,POINT_ONE_G_ONE_CM_ONE_PJ,0.980665,0.01,1000000000000000.0,1.0,0.5,0.01,1.0,1330745467437.4138,2341092135316.9673,780364166678.1377,3121456301995.105,0.003121456301995105,True,3115397747.92643,4153863780.8216,1.0,0.0,0.0,7.514585053792658e-13,0.01,0.5099999999996243,0.5099999999996243,7.514585053792658e-13,-0.24999999999981212,-0.24999999999981212,0.004999999999624271,0.12502499999980837,45.52646853510565,3.946539608e-05,780364166678.1377,12.124094995625775
006D_REFERENCE,23.591586299249,POINT_ONE_G_ONE_CM_ONE_PJ,0.980665,0.01,1000000000000000.0,1.0,0.5,0.01,10.0,42081863127.11064,74031839762326.97,24677275544720.48,98709115307047.45,0.09870911530704746,True,3115397747.92643,4153863780.8100977,1.0,0.0,0.0,2.376320641990605e-11,0.01,0.5099999999881184,0.5099999999881184,2.376320641990605e-11,-0.2499999999940592,-0.2499999999940592,0.004999999988118397,0.12502499999394037,80.95877823687374,0.00039465396079999996,24677275544720.48,10.624094959460242
006D_REFERENCE,23.591586299249,POINT_ONE_G_ONE_CM_ONE_PJ,0.980665,0.01,1000000000000000.0,1.0,0.5,0.01,100.0,1330745293.5406046,2341092441242116.0,780363857800703.8,3121456299042820.0,3.12145629904282,False,3115397747.92643,4153863780.8216,0.010533457866952967,0.9894665421330471,1.9774290375496029,7.514586041411733e-10,0.01,0.5099999996242707,0.5099999996242707,7.514586041411733e-10,-0.24999999981213536,-0.24999999981213536,0.004999999624270698,0.12502499980837806,143.96732493432958,0.003946539608,780363857800703.8,9.124094938547776
006D_REFERENCE,23.591586299249,POINT_ONE_G_ONE_CM_ONE_PJ,0.980665,0.01,1000000000000000.0,1.0,0.5,0.1,1.0,1324239889609.6836,2352593191287.0303,784197856952.6047,3136791048239.635,0.003136791048239635,True,3115397747.92643,4153863780.8007193,1.0,0.0,0.0,7.551501867954624e-13,0.1,0.5999999999996224,0.5999999999996224,7.551501867954624e-13,-0.2499999999998112,-0.2499999999998112,0.04999999999962243,0.12749999999977346,45.41505021513626,3.946539608e-05,784197856952.6047,12.121966665841034
006D_REFERENCE,23.591586299249,POINT_ONE_G_ONE_CM_ONE_PJ,0.980665,0.01,1000000000000000.0,1.0,0.5,0.1,10.0,41876142778.817055,74395527887595.86,24798514673978.137,99194042561574.0,0.099194042561574,True,3115397747.92643,4153863780.7963357,1.0,0.0,0.0,2.387994532604678e-11,0.1,0.5999999999880601,0.5999999999880601,2.387994532604678e-11,-0.24999999999403003,-0.24999999999403003,0.04999999998806003,0.12749999999283604,80.76064926436605,0.00039465396079999996,24798514673978.137,10.621966671873631
006D_REFERENCE,23.591586299249,POINT_ONE_G_ONE_CM_ONE_PJ,0.980665,0.01,1000000000000000.0,1.0,0.5,0.1,100.0,1324239727.9157658,2352593478546204.0,784197566526682.6,3136791045072886.5,3.1367910450728864,False,3115397747.92643,4153863780.780195,0.010328984862079438,0.9896710151379206,1.985942359067114,7.551502795714038e-10,0.1,0.5999999996224249,0.5999999996224249,7.551502795714038e-10,-0.24999999981121243,-0.24999999981121243,0.049999999622424865,0.12749999977345491,143.61498990865417,0.003946539608,784197566526682.6,9.121966612484659
006D_REFERENCE,23.591586299249,POINT_ONE_G_ONE_CM_ONE_PJ,0.980665,0.01,1000000000000000.0,1.0,0.5,1.0,1.0,1011198388452.459,3080896670231.293,1026965473685.5458,4107862143916.839,0.004107862143916839,True,3115397747.92643,4153863780.833782,1.0,0.0,0.0,9.889256266828034e-13,1.0,1.4999999999995055,1.4999999999995055,9.889256266828034e-13,-0.24999999999975278,-0.24999999999975278,0.49999999999950556,0.37499999999925837,39.68575529833164,3.946539608e-05,1026965473685.5458,12.004836368803028
006D_REFERENCE,23.591586299249,POINT_ONE_G_ONE_CM_ONE_PJ,0.980665,0.01,1000000000000000.0,1.0,0.5,1.0,10.0,31976905962.477867,97426491217820.77,32475515664861.812,129902006882682.58,0.12990200688268258,True,3115397747.92643,4153863780.8211923,1.0,0.0,0.0,3.127256905982981e-11,1.0,1.4999999999843636,1.4999999999843636,3.127256905982981e-11,-0.24999999999218186,-0.24999999999218186,0.49999999998436373,0.3749999999765456,70.57236728293866,0.0003946539608,32475515664861.812,10.504836439745949
006D_REFERENCE,23.591586299249,POINT_ONE_G_ONE_CM_ONE_PJ,0.980665,0.01,1000000000000000.0,1.0,0.5,1.0,100.0,1011198350.1987113,3080896786781961.5,1026965352062011.2,4107862138843973.0,4.107862138843973,False,3115397747.92643,4153863780.817726,0.0035118548528086267,0.9964881451471914,2.4544634420617584,9.889256650709676e-10,1.0,1.499999999505537,1.499999999505537,9.889256650709676e-10,-0.24999999975276857,-0.24999999975276857,0.49999999950553714,0.37499999925830574,125.49737497104141,0.003946539608,1026965352062011.2,9.004836351944563
006D_REFERENCE,23.591586299249,POINT_ONE_G_ONE_CM_ONE_PJ,0.980665,0.01,1000000000000000.0,1.0,1.0,0.001,1.0,1582610258980.878,1968518610471.1536,656172891924.0992,2624691502395.253,0.0026246915023952527,True,3115397747.92643,4153863780.8192043,1.0,0.0,0.0,6.318675076986939e-13,0.001,0.500999999999684,0.500999999999684,6.318675076986939e-13,-0.24999999999984204,-0.24999999999984204,0.0004999999996840662,0.12500024999984172,24.824096935516813,1.973269804e-05,656172891924.0992,12.199373976634705
006D_REFERENCE,23.591586299249,POINT_ONE_G_ONE_CM_ONE_PJ,0.980665,0.01,1000000000000000.0,1.0,1.0,0.001,10.0,50046525169.320526,62250031093791.67,20750001932783.37,83000033026575.05,0.08300003302657505,True,3115397747.92643,4153863780.829042,1.0,0.0,0.0,1.998140723330379e-11,0.001,0.5009999999900093,0.5009999999900093,1.998140723330379e-11,-0.24999999999500463,-0.24999999999500463,0.0004999999900092964,0.12500024999499465,44.144178028037786,0.00019732698039999998,20750001932783.37,10.699373928915984
006D_REFERENCE,23.591586299249,POINT_ONE_G_ONE_CM_ONE_PJ,0.980665,0.01,1000000000000000.0,1.0,1.0,0.001,100.0,1582610244.4249337,1968518628576462.5,656172871746137.0,2624691500322599.5,2.6246915003225997,False,3115397747.92643,4153863780.837078,0.021071086974698047,0.9789289130253019,1.6763130602657927,6.318675139091073e-10,0.001,0.5009999996840663,0.5009999996840663,6.318675139091073e-10,-0.2499999998420331,-0.2499999998420331,0.0004999996840662431,0.12500024984171718,78.50068678726072,0.001973269804,656172871746137.0,9.19937397236617
006D_REFERENCE,23.591586299249,POINT_ONE_G_ONE_CM_ONE_PJ,0.980665,0.01,1000000000000000.0,1.0,1.0,0.01,1.0,1582531929653.6023,1968616044674.9119,656205370044.2775,2624821414719.1895,0.0026248214147191894,True,3115397747.92643,4153863780.818236,1.0,0.0,0.0,6.318987827433727e-13,0.01,0.509999999999684,0.509999999999684,6.318987827433727e-13,-0.24999999999984202,-0.24999999999984202,0.004999999999684051,0.12502499999983885,24.823482609007065,1.973269804e-05,656205370044.2775,12.199352481237286
006D_REFERENCE,23.591586299249,POINT_ONE_G_ONE_CM_ONE_PJ,0.980665,0.01,1000000000000000.0,1.0,1.0,0.01,10.0,50044048178.33353,62253112234737.95,20751028980220.254,83004141214958.2,0.08300414121495821,True,3115397747.92643,4153863780.8099957,1.0,0.0,0.0,1.9982396237339778e-11,0.01,0.5099999999900088,0.5099999999900088,1.9982396237339778e-11,-0.2499999999950044,-0.2499999999950044,0.004999999990008802,0.1250249999949045,44.14308558371982,0.00019732698039999998,20751028980220.254,10.699352433514736
006D_REFERENCE,23.591586299249,POINT_ONE_G_ONE_CM_ONE_PJ,0.980665,0.01,1000000000000000.0,1.0,1.0,0.01,100.0,1582531914.9214938,1968616063001155.2,656205349630429.8,2624821412631585.0,2.624821412631585,False,3115397747.92643,4153863780.818236,0.021066915733905824,0.9789330842660942,1.676399041885624,6.318987890247425e-10,0.01,0.5099999996840505,0.5099999996840505,6.318987890247425e-10,-0.2499999998420253,-0.2499999998420253,0.004999999684050606,0.1250249998388658,78.49874411188418,0.001973269804,656205349630429.8,9.199352476920197
006D_REFERENCE,23.591586299249,POINT_ONE_G_ONE_CM_ONE_PJ,0.980665,0.01,1000000000000000.0,1.0,1.0,0.1,1.0,1574795449045.2644,1978287243473.539,659429104391.529,2637716347865.0684,0.0026377163478650684,True,3115397747.92643,4153863780.780195,1.0,0.0,0.0,6.350031050743099e-13,0.1,0.5999999999996826,0.5999999999996826,6.350031050743099e-13,-0.24999999999984124,-0.24999999999984124,0.0499999999996825,0.1274999999998095,24.762731329144458,1.973269804e-05,659429104391.529,12.197224151064967
006D_REFERENCE,23.591586299249,POINT_ONE_G_ONE_CM_ONE_PJ,0.980665,0.01,1000000000000000.0,1.0,1.0,0.1,10.0,49799399273.4857,62558942344212.91,20852972460764.01,83411914804976.92,0.08341191480497692,True,3115397747.92643,4153863780.7944837,1.0,0.0,0.0,2.0080563512992066e-11,0.1,0.5999999999899597,0.5999999999899597,2.0080563512992066e-11,-0.24999999999497985,-0.24999999999497985,0.04999999998995972,0.12749999999397582,44.03505286882394,0.00019732698039999998,20852972460764.01,10.697224103919996
006D_REFERENCE,23.591586299249,POINT_ONE_G_ONE_CM_ONE_PJ,0.980665,0.01,1000000000000000.0,1.0,1.0,0.1,100.0,1574795414.8153045,1978287286473850.2,659429059151971.9,2637716345625822.0,2.637716345625822,False,3115397747.92643,4153863780.7928357,0.020657969724158915,0.9793420302758411,1.6849123634031318,6.350031192796465e-10,0.1,0.5999999996824985,0.5999999996824985,6.350031192796465e-10,-0.2499999998412492,-0.2499999998412492,0.04999999968249844,0.12749999980949905,78.30663121102594,0.001973269804,659429059151971.9,9.197224141349583
006D_REFERENCE,23.591586299249,POINT_ONE_G_ONE_CM_ONE_PJ,0.980665,0.01,1000000000000000.0,1.0,1.0,1.0,1.0,1202524162360.1543,2590715301563.623,863571249613.2792,3454286551176.9023,0.0034542865511769023,True,3115397747.92643,4153863780.8194933,1.0,0.0,0.0,8.315841222168582e-13,1.0,1.4999999999995843,1.4999999999995843,8.315841222168582e-13,-0.2499999999997921,-0.2499999999997921,0.4999999999995842,0.37499999999937633,21.63881011237587,1.973269804e-05,863571249613.2792,12.08009381142743
006D_REFERENCE,23.591586299249,POINT_ONE_G_ONE_CM_ONE_PJ,0.980665,0.01,1000000000000000.0,1.0,1.0,1.0,10.0,38027159504.347084,81925597087268.45,27308534835318.78,109234131922587.23,0.10923413192258724,True,3115397747.92643,4153863780.837435,1.0,0.0,0.0,2.6296994386656248e-11,1.0,1.4999999999868514,1.4999999999868514,2.6296994386656248e-11,-0.24999999999342576,-0.24999999999342576,0.4999999999868515,0.3749999999802773,38.47985379908892,0.00019732698039999998,27308534835318.78,10.580093886334687
006D_REFERENCE,23.591586299249,POINT_ONE_G_ONE_CM_ONE_PJ,0.980665,0.01,1000000000000000.0,1.0,1.0,1.0,100.0,1202524337.2652988,2590714924748435.0,863571622841280.4,3454286547589715.5,3.4542865475897155,False,3115397747.92643,4153863780.8212433,0.007023709705617266,0.9929762902943827,2.1534334463977762,8.315840019551852e-10,1.0,1.499999999584208,1.499999999584208,8.315840019551852e-10,-0.249999999792104,-0.249999999792104,0.499999999584208,0.374999999376312,68.42793075893248,0.001973269804,863571622841280.4,9.080093874234045
006D_REFERENCE,23.591586299249,POINT_ONE_G_ONE_CM_ONE_PJ,0.980665,0.01,1000000000000000.0,1.0,2.0,0.001,1.0,665405768328.627,4681951819792.183,1560651798872.5889,6242603618664.771,0.0062426036186647715,True,3115397747.92643,4153863780.8245053,1.0,0.0,0.0,1.5028423972237469e-12,0.001,0.5009999999992485,0.5009999999992485,1.5028423972237469e-12,-0.2499999999996243,-0.2499999999996243,0.0004999999992485788,0.12500024999962356,16.09643687762027,1.973269804e-05,1560651798872.5889,11.82308656139905
006D_REFERENCE,23.591586299249,POINT_ONE_G_ONE_CM_ONE_PJ,0.980665,0.01,1000000000000000.0,1.0,2.0,0.001,10.0,21041971643.827785,148056360908568.47,49352098725957.836,197408459634526.3,0.1974084596345263,True,3115397747.92643,4153863780.827292,1.0,0.0,0.0,4.752406366543379e-11,0.001,0.500999999976238,0.500999999976238,4.752406366543379e-11,-0.24999999998811898,-0.24999999998811898,0.0004999999762379682,0.12500024998809522,28.623957976872617,0.00019732698039999998,49352098725957.836,10.323086430989425
006D_REFERENCE,23.591586299249,POINT_ONE_G_ONE_CM_ONE_PJ,0.980665,0.01,1000000000000000.0,1.0,2.0,0.001,100.0,665405616.454853,4681952888412095.0,1560650718527648.5,6242603606939744.0,6.242603606939744,False,3115397747.92643,4153863780.837078,0.0006584714679593172,0.9993415285320407,3.181463038585697,1.5028427424923779e-09,0.001,0.5009999992485786,0.5009999992485786,1.5028427424923779e-09,-0.24999999962428932,-0.24999999962428932,0.0004999992485786288,0.1250002496235379,50.901396899270765,0.001973269804,1560650718527648.5,8.823086461622623
006D_REFERENCE,23.591586299249,POINT_ONE_G_ONE_CM_ONE_PJ,0.980665,0.01,1000000000000000.0,1.0,2.0,0.01,1.0,665372834886.4065,4682183558723.578,1560729045261.0496,6242912603984.628,0.006242912603984628,True,3115397747.92643,4153863780.8216,1.0,0.0,0.0,1.5029167822461892e-12,0.01,0.5099999999992486,0.5099999999992486,1.5029167822461892e-12,-0.24999999999962427,-0.24999999999962427,0.004999999999248541,0.12502499999961675,16.096038535992832,1.973269804e-05,1560729045261.0496,11.823065065994488
006D_REFERENCE,23.591586299249,POINT_ONE_G_ONE_CM_ONE_PJ,0.980665,0.01,1000000000000000.0,1.0,2.0,0.01,10.0,21040930197.580402,148063689136932.03,49354541471255.32,197418230608187.34,0.19741823060818733,True,3115397747.92643,4153863780.8117456,1.0,0.0,0.0,4.752641592635107e-11,0.01,0.5099999999762368,0.5099999999762368,4.752641592635107e-11,-0.2499999999881184,-0.2499999999881184,0.0049999999762367926,0.12502499998788077,28.623249614486443,0.00019732698039999998,49354541471255.32,10.32306493559159
006D_REFERENCE,23.591586299249,POINT_ONE_G_ONE_CM_ONE_PJ,0.980665,0.01,1000000000000000.0,1.0,2.0,0.01,100.0,665372683.0264198,4682184627352260.0,1560727964822767.0,6242912592175027.0,6.242912592175027,False,3115397747.92643,4153863780.8216,0.0006583411166845602,0.9993416588833154,3.181549020205528,1.502917127517858e-09,0.01,0.5099999992485414,0.5099999992485414,1.502917127517858e-09,-0.24999999962427072,-0.24999999962427072,0.004999999248541436,0.12502499961675614,50.900137232823845,0.001973269804,1560727964822767.0,8.823064966222121
006D_REFERENCE,23.591586299249,POINT_ONE_G_ONE_CM_ONE_PJ,0.980665,0.01,1000000000000000.0,1.0,2.0,0.1,1.0,662120044666.1656,4705185672935.159,1568396423538.0986,6273582096473.258,0.006273582096473258,True,3115397747.92643,4153863780.7963185,1.0,0.0,0.0,1.5103001458076992e-12,0.1,0.5999999999992449,0.5999999999992449,1.5103001458076992e-12,-0.2499999999996224,-0.2499999999996224,0.04999999999924485,0.1274999999995469,16.056646198355477,1.973269804e-05,1568396423538.0986,11.820936735677273
006D_REFERENCE,23.591586299249,POINT_ONE_G_ONE_CM_ONE_PJ,0.980665,0.01,1000000000000000.0,1.0,2.0,0.1,10.0,20938068008.070625,148791079803809.66,49597005313000.984,198388085116810.62,0.19838808511681064,True,3115397747.92643,4153863780.7945685,1.0,0.0,0.0,4.775989836609126e-11,0.1,0.5999999999761201,0.5999999999761201,4.775989836609126e-11,-0.24999999998806002,-0.24999999998806002,0.049999999976120056,0.12749999998567202,28.55319906802829,0.00019732698039999998,49597005313000.984,10.320936606064045
006D_REFERENCE,23.591586299249,POINT_ONE_G_ONE_CM_ONE_PJ,0.980665,0.01,1000000000000000.0,1.0,2.0,0.1,100.0,662119893.8117324,4705186744943605.0,1568395338862234.0,6273582083805839.0,6.273582083805839,False,3115397747.92643,4153863780.780195,0.0006455615538799647,0.99935443844612,3.190062341723039,1.5103004921864515e-09,0.1,0.5999999992448497,0.5999999992448497,1.5103004921864515e-09,-0.2499999996224249,-0.2499999996224249,0.049999999244849755,0.12749999954690985,50.7755677477435,0.001973269804,1568395338862234.0,8.820936636074315
006D_REFERENCE,23.591586299249,POINT_ONE_G_ONE_CM_ONE_PJ,0.980665,0.01,1000000000000000.0,1.0,2.0,1.0,1.0,505599178827.22577,6161793528131.954,2053930759691.5952,8215724287823.549,0.008215724287823549,True,3115397747.92643,4153863780.833782,1.0,0.0,0.0,1.9778513136068594e-12,1.0,1.499999999999011,1.499999999999011,1.9778513136068594e-12,-0.24999999999950553,-0.24999999999950553,0.49999999999901107,0.37499999999851663,14.031033130302031,1.973269804e-05,2053930759691.5952,11.703806359911336
006D_REFERENCE,23.591586299249,POINT_ONE_G_ONE_CM_ONE_PJ,0.980665,0.01,1000000000000000.0,1.0,2.0,1.0,10.0,15988450729.053755,194853009883266.47,64951003871934.72,259804013755201.2,0.2598040137552012,True,3115397747.92643,4153863780.837435,1.0,0.0,0.0,6.254514693192717e-11,1.0,1.4999999999687275,1.4999999999687275,6.254514693192717e-11,-0.2499999999843637,-0.2499999999843637,0.4999999999687274,0.3749999999530911,24.95109797734029,0.00019732698039999998,64951003871934.72,10.203806382892258
006D_REFERENCE,23.591586299249,POINT_ONE_G_ONE_CM_ONE_PJ,0.980665,0.01,1000000000000000.0,1.0,2.0,1.0,100.0,505599228.9744837,6161792916981794.0,2053931350550213.8,8215724267532008.0,8.215724267532009,False,3115397747.92643,4153863780.817726,0.0002194909283005391,0.9997805090716995,3.6585834247176834,1.977851121344013e-09,1.0,1.4999999990110744,1.4999999990110744,1.977851121344013e-09,-0.24999999950553722,-0.24999999950553722,0.49999999901107445,0.3749999985166117,44.370024773595865,0.001973269804,2053931350550213.8,8.70380640212821
006D_REFERENCE,23.591586299249,POINT_ONE_G_ONE_CM_ONE_PJ,0.980665,0.01,1000000000000000.0,0.4082482904638631,0.5,0.001,1.0,347138695278.81445,8974504399240.795,2991501204818.3716,11966005604059.166,0.011966005604059166,True,3115397747.92643,4153863780.972983,1.0,0.0,0.0,4.801154954312532e-13,0.001,0.5009999999997599,0.5009999999997599,4.801154954312532e-13,-0.24999999999987998,-0.24999999999987998,0.0004999999997599423,0.12500024999987974,56.95654072555803,3.946539608e-05,2991501204818.3716,12.318654277218316
006D_REFERENCE,23.591586299249,POINT_ONE_G_ONE_CM_ONE_PJ,0.980665,0.01,1000000000000000.0,0.4082482904638631,0.5,0.001,10.0,10977490090.175135,283798730159156.75,94599591844680.64,378398322003837.4,0.3783983220038374,True,3115397747.92643,4153863780.9614463,1.0,0.0,0.0,1.5182584116474506e-11,0.001,0.5009999999924087,0.5009999999924087,1.5182584116474506e-11,-0.24999999999620434,-0.24999999999620434,0.0004999999924087079,0.12500024999619674,101.28464676990274,0.00039465396079999996,94599591844680.64,10.818654304065467
006D_REFERENCE,23.591586299249,POINT_ONE_G_ONE_CM_ONE_PJ,0.980665,0.01,1000000000000000.0,0.4082482904638631,0.5,0.001,100.0,347138653.0752633,8974505490320547.0,2991500085036656.0,1.1966005575357204e+16,11.966005575357205,False,3115397747.92643,4153863780.965065,4.877566427367311e-05,0.9999512243357264,4.3117968072553055,4.801155551832115e-10,0.001,0.5009999997599421,0.5009999997599421,4.801155551832115e-10,-0.24999999987997112,-0.24999999987997112,0.0004999997599422224,0.12500024987973107,180.11238512911254,0.003946539608,2991500085036656.0,9.318654223168936
006D_REFERENCE,23.591586299249,POINT_ONE_G_ONE_CM_ONE_PJ,0.980665,0.01,1000000000000000.0,0.4082482904638631,0.5,0.01,1.0,347121514080.66113,8974948603164.08,2991649273013.4976,11966597876177.578,0.011966597876177577,True,3115397747.92643,4153863780.9627204,1.0,0.0,0.0,4.801392593269752e-13,0.01,0.50999999999976,0.50999999999976,4.801392593269752e-13,-0.24999999999987996,-0.24999999999987996,0.004999999999759931,0.12502499999987757,56.95513121153039,3.946539608e-05,2991649273013.4976,12.31863278182091
006D_REFERENCE,23.591586299249,POINT_ONE_G_ONE_CM_ONE_PJ,0.980665,0.01,1000000000000000.0,0.4082482904638631,0.5,0.01,10.0,10976946773.545717,283812777104330.5,94604274188342.56,378417051292673.06,0.37841705129267306,True,3115397747.92643,4153863780.976992,1.0,0.0,0.0,1.5183335595970486e-11,0.01,0.5099999999924083,0.5099999999924083,1.5183335595970486e-11,-0.24999999999620418,-0.24999999999620418,0.004999999992408332,0.12502499999612826,101.28214026279728,0.00039465396079999996,94604274188342.56,10.818632808691605
006D_REFERENCE,23.591586299249,POINT_ONE_G_ONE_CM_ONE_PJ,0.980665,0.01,1000000000000000.0,0.4082482904638631,0.5,0.01,100.0,347121471.9096493,8974949693510528.0,2991648153911167.0,1.1966597847421696e+16,11.966597847421696,False,3115397747.92643,4153863780.9608345,4.8766008623346754e-05,0.9999512339913766,4.311882788878238,4.801393190398402e-10,0.01,0.5099999997599304,0.5099999997599304,4.801393190398402e-10,-0.24999999987996516,-0.24999999987996516,0.004999999759930341,0.12502499987756446,180.1079278625556,0.003946539608,2991648153911167.0,9.318632727809566
006D_REFERENCE,23.591586299249,POINT_ONE_G_ONE_CM_ONE_PJ,0.980665,0.01,1000000000000000.0,0.4082482904638631,0.5,0.1,1.0,345424551047.4469,9019039725113.531,3006346333273.9814,12025386058387.512,0.01202538605838751,True,3115397747.92643,4153863780.958439,1.0,0.0,0.0,4.824980336856722e-13,0.1,0.5999999999997587,0.5999999999997587,4.824980336856722e-13,-0.24999999999987937,-0.24999999999987937,0.04999999999975875,0.12749999999985526,56.815743185501425,3.946539608e-05,3006346333273.9814,12.316504452187965
006D_REFERENCE,23.591586299249,POINT_ONE_G_ONE_CM_ONE_PJ,0.980665,0.01,1000000000000000.0,0.4082482904638631,0.5,0.1,10.0,10923284145.355904,285207059202150.25,95069037642652.47,380276096844802.75,0.38027609684480274,True,3115397747.92643,4153863780.958439,1.0,0.0,0.0,1.525792650489495e-11,0.1,0.5999999999923711,0.5999999999923711,1.525792650489495e-11,-0.24999999999618552,-0.24999999999618552,0.04999999999237104,0.12749999999542264,101.0342696668133,0.00039465396079999996,95069037642652.47,10.816504481365897
006D_REFERENCE,23.591586299249,POINT_ONE_G_ONE_CM_ONE_PJ,0.980665,0.01,1000000000000000.0,0.4082482904638631,0.5,0.1,100.0,345424511.8524998,9019040748494250.0,3006345280400023.5,1.2025386028894274e+16,12.025386028894275,False,3115397747.92643,4153863780.960359,4.7819374338906536e-05,0.999952180625661,4.320396110423046,4.824980898296337e-10,0.1,0.599999999758751,0.599999999758751,4.824980898296337e-10,-0.2499999998793755,-0.2499999998793755,0.04999999975875096,0.1274999998552506,179.66714496824952,0.003946539608,3006345280400023.5,9.31650440165302
006D_REFERENCE,23.591586299249,POINT_ONE_G_ONE_CM_ONE_PJ,0.980665,0.01,1000000000000000.0,0.4082482904638631,0.5,1.0,1.0,263768545378.65903,11811104100582.006,3937037039688.057,15748141140270.062,0.015748141140270063,True,3115397747.92643,4153863780.9505897,1.0,0.0,0.0,6.31867103137853e-13,1.0,1.499999999999684,1.499999999999684,6.31867103137853e-13,-0.24999999999984204,-0.24999999999984204,0.4999999999996841,0.37499999999952616,49.648209764970616,3.946539608e-05,3937037039688.057,12.199374254697107
006D_REFERENCE,23.591586299249,POINT_ONE_G_ONE_CM_ONE_PJ,0.980665,0.01,1000000000000000.0,0.4082482904638631,0.5,1.0,10.0,8341093282.159334,373499928910987.94,124500020211367.05,497999949122355.0,0.497999949122355,True,3115397747.92643,4153863780.9506235,1.0,0.0,0.0,1.9981393451519056e-11,1.0,1.4999999999900093,1.4999999999900093,1.9981393451519056e-11,-0.24999999999500466,-0.24999999999500466,0.4999999999900093,0.374999999985014,88.28838650367449,0.00039465396079999996,124500020211367.05,10.69937422846221
006D_REFERENCE,23.591586299249,POINT_ONE_G_ONE_CM_ONE_PJ,0.980665,0.01,1000000000000000.0,0.4082482904638631,0.5,1.0,100.0,263768508.27326778,1.1811105762098164e+16,3937035328467461.0,1.5748141090565624e+16,15.748141090565625,False,3115397747.92643,4153863780.96148,1.6258587274998023e-05,0.999983741412725,4.78891719338694,6.318671944183153e-10,1.0,1.4999999996840665,1.4999999996840665,6.318671944183153e-10,-0.2499999998420332,-0.2499999998420332,0.4999999996840664,0.3749999995260996,157.00141326679162,0.003946539608,3937035328467461.0,9.199374191958283
006D_REFERENCE,23.591586299249,POINT_ONE_G_ONE_CM_ONE_PJ,0.980665,0.01,1000000000000000.0,0.4082482904638631,1.0,0.001,1.0,412819786467.8356,7546628940880.874,2515542276482.2485,10062171217363.123,0.010062171217363122,True,3115397747.92643,4153863780.965065,1.0,0.0,0.0,4.0372741842900037e-13,0.001,0.500999999999798,0.500999999999798,4.0372741842900037e-13,-0.24999999999989908,-0.24999999999989908,0.0004999999997981363,0.12500024999989887,31.05577329688906,1.973269804e-05,2515542276482.2485,12.393911755251406
006D_REFERENCE,23.591586299249,POINT_ONE_G_ONE_CM_ONE_PJ,0.980665,0.01,1000000000000000.0,0.4082482904638631,1.0,0.001,10.0,13054508847.13157,238645343490725.62,79548449024165.25,318193792514890.9,0.3181937925148909,True,3115397747.92643,4153863780.9666452,1.0,0.0,0.0,1.276698102020551e-11,0.001,0.5009999999936166,0.5009999999936166,1.276698102020551e-11,-0.24999999999680825,-0.24999999999680825,0.0004999999936165095,0.12500024999680187,55.22584425138337,0.00019732698039999998,79548449024165.25,10.893911787252879
006D_REFERENCE,23.591586299249,POINT_ONE_G_ONE_CM_ONE_PJ,0.980665,0.01,1000000000000000.0,0.4082482904638631,1.0,0.001,100.0,412819811.5377077,7546628482586438.0,2515542714480998.0,1.0062171197067436e+16,10.062171197067435,False,3115397747.92643,4153863780.977655,9.755132854734641e-05,0.9999024486714526,4.010766811591323,4.037273948882913e-10,0.001,0.5009999997981363,0.5009999997981363,4.037273948882913e-10,-0.24999999989906815,-0.24999999989906815,0.0004999997981363026,0.1250002498988663,98.2069809791531,0.001973269804,2515542714480998.0,9.393911780574431
006D_REFERENCE,23.591586299249,POINT_ONE_G_ONE_CM_ONE_PJ,0.980665,0.01,1000000000000000.0,0.4082482904638631,1.0,0.01,1.0,412799354459.35767,7547002470502.066,2515666786362.29,10062669256864.355,0.010062669256864356,True,3115397747.92643,4153863780.9644876,1.0,0.0,0.0,4.037474014109189e-13,0.01,0.5099999999997982,0.5099999999997982,4.037474014109189e-13,-0.24999999999989905,-0.24999999999989905,0.004999999999798126,0.12502499999989702,31.055004753694632,1.973269804e-05,2515666786362.29,12.393890259847295
006D_REFERENCE,23.591586299249,POINT_ONE_G_ONE_CM_ONE_PJ,0.980665,0.01,1000000000000000.0,0.4082482904638631,1.0,0.01,10.0,13053862730.316748,238657155532294.78,79552386374445.47,318209541906740.25,0.3182095419067402,True,3115397747.92643,4153863780.9644876,1.0,0.0,0.0,1.2767612937461171e-11,0.01,0.5099999999936162,0.5099999999936162,1.2767612937461171e-11,-0.2499999999968081,-0.2499999999968081,0.004999999993616193,0.12502499999674427,55.2244775669478,0.00019732698039999998,79552386374445.47,10.893890291851177
006D_REFERENCE,23.591586299249,POINT_ONE_G_ONE_CM_ONE_PJ,0.980665,0.01,1000000000000000.0,0.4082482904638631,1.0,0.01,100.0,412799379.5337432,7547002012079745.0,2515667224450799.0,1.0062669236530544e+16,10.062669236530544,False,3115397747.92643,4153863780.9770775,9.75320172466937e-05,0.9999024679827533,4.010852793214256,4.0374737786346495e-10,0.01,0.5099999997981264,0.5099999997981264,4.0374737786346495e-10,-0.24999999989906316,-0.24999999989906316,0.004999999798126311,0.1250249998970444,98.20455063278622,0.001973269804,2515667224450799.0,9.393890285176322
006D_REFERENCE,23.591586299249,POINT_ONE_G_ONE_CM_ONE_PJ,0.980665,0.01,1000000000000000.0,0.4082482904638631,1.0,0.1,1.0,410781313625.1635,7584078546399.557,2528025482144.516,10112104028544.072,0.010112104028544072,True,3115397747.92643,4153863780.9486356,1.0,0.0,0.0,4.0573088682207e-13,0.1,0.5999999999997971,0.5999999999997971,4.0573088682207e-13,-0.24999999999989858,-0.24999999999989858,0.04999999999979714,0.1274999999998783,30.979002879637942,1.973269804e-05,2528025482144.516,12.391761929772143
006D_REFERENCE,23.591586299249,POINT_ONE_G_ONE_CM_ONE_PJ,0.980665,0.01,1000000000000000.0,0.4082482904638631,1.0,0.1,10.0,12990046662.053099,239829604078884.56,79943202568533.28,319772806647417.9,0.31977280664741786,True,3115397747.92643,4153863780.960155,1.0,0.0,0.0,1.283033625786492e-11,0.1,0.5999999999935848,0.5999999999935848,1.283033625786492e-11,-0.24999999999679243,-0.24999999999679243,0.049999999993584836,0.12749999999615091,55.08932497493772,0.00019732698039999998,79943202568533.28,10.891761961472183
006D_REFERENCE,23.591586299249,POINT_ONE_G_ONE_CM_ONE_PJ,0.980665,0.01,1000000000000000.0,0.4082482904638631,1.0,0.1,100.0,410781338.2494958,7584078091771137.0,2528025915917767.0,1.0112104007688904e+16,10.112104007688904,False,3115397747.92643,4153863780.9441504,9.563874867781326e-05,0.9999043612513222,4.019366114759064,4.0573086348720503e-10,0.1,0.5999999997971346,0.5999999997971346,4.0573086348720503e-10,-0.24999999989856728,-0.24999999989856728,0.04999999979713457,0.12749999987828073,97.96421155768664,0.001973269804,2528025915917767.0,9.391761954749791
006D_REFERENCE,23.591586299249,POINT_ONE_G_ONE_CM_ONE_PJ,0.980665,0.01,1000000000000000.0,0.4082482904638631,1.0,1.0,1.0,313675386185.6736,9931916513469.55,3310638918299.306,13242555431768.857,0.013242555431768858,True,3115397747.92643,4153863780.9634004,1.0,0.0,0.0,5.31334857649759e-13,1.0,1.4999999999997344,1.4999999999997344,5.31334857649759e-13,-0.24999999999986716,-0.24999999999986716,0.4999999999997343,0.3749999999996015,27.07087640231929,1.973269804e-05,3310638918299.306,12.274631691734983
006D_REFERENCE,23.591586299249,POINT_ONE_G_ONE_CM_ONE_PJ,0.980665,0.01,1000000000000000.0,0.4082482904638631,1.0,1.0,10.0,9919287122.337206,314074762581564.75,104691609438609.22,418766372020174.0,0.418766372020174,True,3115397747.92643,4153863780.9505897,1.0,0.0,0.0,1.6802282727369887e-11,1.0,1.4999999999915987,1.4999999999915987,1.6802282727369887e-11,-0.24999999999579942,-0.24999999999579942,0.49999999999159883,0.37499999998739825,48.139583230708496,0.00019732698039999998,104691609438609.22,10.774631711812582
006D_REFERENCE,23.591586299249,POINT_ONE_G_ONE_CM_ONE_PJ,0.980665,0.01,1000000000000000.0,0.4082482904638631,1.0,1.0,100.0,313675429.1182473,9931915154093910.0,3310640242529368.0,1.3242555396623278e+16,13.242555396623278,False,3115397747.92643,4153863780.9523735,3.251717454999588e-05,0.99996748282545,4.487887197722961,5.313347866184718e-10,1.0,1.4999999997343325,1.4999999997343325,5.313347866184718e-10,-0.2499999998671663,-0.2499999998671663,0.4999999997343326,0.37499999960149893,85.6056334103112,0.001973269804,3310640242529368.0,9.274631749793471
006D_REFERENCE,23.591586299249,POINT_ONE_G_ONE_CM_ONE_PJ,0.980665,0.01,1000000000000000.0,0.4082482904638631,2.0,0.001,1.0,173569350615.99524,17949008490669.156,5983002717391.695,23932011208060.85,0.023932011208060853,True,3115397747.92643,4153863780.955143,1.0,0.0,0.0,9.6023097439801e-13,0.001,0.5009999999995198,0.5009999999995198,9.6023097439801e-13,-0.24999999999975994,-0.24999999999975994,0.0004999999995198845,0.12500024999975945,20.13717826262489,1.9732698040000002e-05,5983002717391.695,12.017624289000917
006D_REFERENCE,23.591586299249,POINT_ONE_G_ONE_CM_ONE_PJ,0.980665,0.01,1000000000000000.0,0.4082482904638631,2.0,0.001,10.0,5488744321.096732,567597535187051.2,189199108763169.2,756796643950220.5,0.7567966439502205,True,3115397747.92643,4153863780.9648952,1.0,0.0,0.0,3.036517224102168e-11,0.001,0.5009999999848174,0.5009999999848174,3.036517224102168e-11,-0.2499999999924087,-0.2499999999924087,0.0004999999848174139,0.12500024999239354,35.8095279171888,0.00019732698039999998,189199108763169.2,10.517624251076471
006D_REFERENCE,23.591586299249,POINT_ONE_G_ONE_CM_ONE_PJ,0.980665,0.01,1000000000000000.0,0.4082482904638631,2.0,0.001,100.0,173569353.1427568,1.7949008229373808e+16,5983002863877723.0,2.3932011093251532e+16,23.932011093251532,False,3115397747.92643,4153863780.9524584,3.04847901710459e-06,0.9999969515209829,5.515916789911227,9.602309659460342e-10,0.001,0.5009999995198846,0.5009999995198846,9.602309659460342e-10,-0.24999999975994225,-0.24999999975994225,0.000499999519884517,0.12500024975946214,63.67934923898056,0.001973269804,5983002863877723.0,9.017624292823587
006D_REFERENCE,23.591586299249,POINT_ONE_G_ONE_CM_ONE_PJ,0.980665,0.01,1000000000000000.0,0.4082482904638631,2.0,0.01,1.0,173560760009.24844,17949896899278.51,5983298853019.064,23933195752297.58,0.02393319575229758,True,3115397747.92643,4153863780.9627204,1.0,0.0,0.0,9.602785022302617e-13,0.01,0.5099999999995198,0.5099999999995198,9.602785022302617e-13,-0.24999999999975994,-0.24999999999975994,0.004999999999519861,0.12502499999975514,20.13667992372066,1.973269804e-05,5983298853019.064,12.017602793584686
006D_REFERENCE,23.591586299249,POINT_ONE_G_ONE_CM_ONE_PJ,0.980665,0.01,1000000000000000.0,0.4082482904638631,2.0,0.01,10.0,5488472662.169416,567625629148167.0,189208473379616.9,756834102527783.9,0.7568341025277838,True,3115397747.92643,4153863780.9645047,1.0,0.0,0.0,3.0366675203799855e-11,0.01,0.5099999999848166,0.5099999999848166,3.0366675203799855e-11,-0.24999999999240832,-0.24999999999240832,0.004999999984816663,0.1250249999922565,35.808641731046215,0.00019732698039999998,189208473379616.9,10.517602755651296
006D_REFERENCE,23.591586299249,POINT_ONE_G_ONE_CM_ONE_PJ,0.980665,0.01,1000000000000000.0,0.4082482904638631,2.0,0.01,100.0,173560762.53310496,1.7949896638257738e+16,5983298999014829.0,2.393319563727257e+16,23.93319563727257,False,3115397747.92643,4153863780.9645047,3.0478755389591713e-06,0.999996952124461,5.516002771534163,9.602784937935223e-10,0.01,0.5099999995198607,0.5099999995198607,9.602784937935223e-10,-0.24999999975993037,-0.24999999975993037,0.004999999519860753,0.12502499975512898,63.67777335247054,0.001973269804,5983298999014829.0,9.017602797400277
006D_REFERENCE,23.591586299249,POINT_ONE_G_ONE_CM_ONE_PJ,0.980665,0.01,1000000000000000.0,0.4082482904638631,2.0,0.1,1.0,172712278164.71536,18038079174401.727,6012692942314.24,24050772116715.97,0.024050772116715968,True,3115397747.92643,4153863780.9521356,1.0,0.0,0.0,9.649960526181122e-13,0.1,0.5999999999995176,0.5999999999995176,9.649960526181122e-13,-0.24999999999975875,-0.24999999999975875,0.04999999999951751,0.1274999999997105,20.08739879586267,1.9732698039999995e-05,6012692942314.24,12.015474463163645
006D_REFERENCE,23.591586299249,POINT_ONE_G_ONE_CM_ONE_PJ,0.980665,0.01,1000000000000000.0,0.4082482904638631,2.0,0.1,10.0,5461641284.837165,570414200686435.9,190137992944131.3,760552193630567.2,0.7605521936305673,True,3115397747.92643,4153863780.960138,1.0,0.0,0.0,3.0515857414489944e-11,0.1,0.5999999999847421,0.5999999999847421,3.0515857414489944e-11,-0.24999999999237105,-0.24999999999237105,0.049999999984742076,0.12749999999084524,35.7210060288076,0.00019732698039999995,190137992944131.3,10.51547442301526
006D_REFERENCE,23.591586299249,POINT_ONE_G_ONE_CM_ONE_PJ,0.980665,0.01,1000000000000000.0,0.4082482904638631,2.0,0.1,100.0,172712280.74213782,1.80380789052156e+16,6012693093526116.0,2.4050771998741716e+16,24.050771998741716,False,3115397747.92643,4153863780.960359,2.9887108961816577e-06,0.9999970112891038,5.524516093078971,9.649960437989858e-10,0.1,0.599999999517502,0.599999999517502,9.649960437989858e-10,-0.24999999975875098,-0.24999999975875098,0.04999999951750198,0.1274999997105012,63.5219327533141,0.001973269804,6012693093526116.0,9.015474467132675
006D_REFERENCE,23.591586299249,POINT_ONE_G_ONE_CM_ONE_PJ,0.980665,0.01,1000000000000000.0,0.4082482904638631,2.0,1.0,1.0,131884272356.392,23622208260797.5,7874074019643.079,31496282280440.58,0.03149628228044058,True,3115397747.92643,4153863780.9505897,1.0,0.0,0.0,1.2637342094707524e-12,1.0,1.499999999999368,1.499999999999368,1.2637342094707524e-12,-0.24999999999968406,-0.24999999999968406,0.4999999999993681,0.3749999999990522,17.553292877101814,1.973269804e-05,7874074019643.079,11.898344257935117
006D_REFERENCE,23.591586299249,POINT_ONE_G_ONE_CM_ONE_PJ,0.980665,0.01,1000000000000000.0,0.4082482904638631,2.0,1.0,10.0,4170546941.8128376,746999803956706.2,249000094188523.22,995999898145229.5,0.9959998981452295,True,3115397747.92643,4153863780.96148,1.0,0.0,0.0,3.996278402616024e-11,1.0,1.4999999999800187,1.4999999999800187,3.996278402616024e-11,-0.2499999999900093,-0.2499999999900093,0.4999999999800186,0.37499999997002786,31.214659521938383,0.00019732698039999998,249000094188523.22,10.39834426406262
006D_REFERENCE,23.591586299249,POINT_ONE_G_ONE_CM_ONE_PJ,0.980665,0.01,1000000000000000.0,0.4082482904638631,2.0,1.0,100.0,131884250.78679915,2.362221212419598e+16,7874069957427956.0,3.1496282081623936e+16,31.496282081623935,False,3115397747.92643,4153863780.96148,1.016161704687376e-06,0.9999989838382953,5.993037176042865,1.2637344257263166e-09,1.0,1.4999999993681328,1.4999999993681328,1.2637344257263166e-09,-0.2499999996840664,-0.2499999996840664,0.4999999993681328,0.37499999905219916,55.508381178237066,0.001973269804,7874069957427956.0,8.898344183616807
006D_REFERENCE,23.591586299249,POINT_ONE_G_ONE_CM_ONE_PJ,0.980665,0.01,1000000000000000.0,0.1,0.5,0.001,1.0,42083950571.61948,74028167641357.05,24676062180002.348,98704229821359.39,0.09870422982135939,True,3115397747.92643,4153863780.986796,1.0,0.0,0.0,2.3762027719378154e-13,0.001,0.5009999999998811,0.5009999999998811,2.3762027719378154e-13,-0.2499999999999406,-0.2499999999999406,0.0004999999998811899,0.12500024999994047,80.96078616676115,3.946539608e-05,24676062180002.348,12.624116501832184
006D_REFERENCE,23.591586299249,POINT_ONE_G_ONE_CM_ONE_PJ,0.980665,0.01,1000000000000000.0,0.1,0.5,0.001,10.0,1330811297.131783,2340976331235584.0,780325476331688.0,3121301807567272.0,3.121301807567272,False,3115397747.92643,4153863780.97424,0.01053554348231717,0.9894644565176828,1.9773430561371963,7.514213344195838e-12,0.001,0.5009999999962429,0.5009999999962429,7.514213344195838e-12,-0.24999999999812145,-0.24999999999812145,0.0004999999962428933,0.12500024999811768,143.97089520532256,0.0003946539607999999,780325476331688.0,11.124116478571056
006D_REFERENCE,23.591586299249,POINT_ONE_G_ONE_CM_ONE_PJ,0.980665,0.01,1000000000000000.0,0.1,0.5,0.001,100.0,42083946.90619458,7.402817408905762e+16,2.467605396326209e+16,9.870422805231971e+16,98.7042280523197,False,3115397747.92643,4153863780.990381,1.0535543482317101e-08,0.9999999894644566,7.977343056137199,2.3762030353071156e-10,0.001,0.5009999998811898,0.5009999998811898,2.3762030353071156e-10,-0.24999999994059494,-0.24999999994059494,0.0004999998811898483,0.12500024994047612,256.0204712566495,0.003946539608,2.467605396326209e+16,9.624116453696633
006D_REFERENCE,23.591586299249,POINT_ONE_G_ONE_CM_ONE_PJ,0.980665,0.01,1000000000000000.0,0.1,0.5,0.01,1.0,42081867672.78169,74031831765429.25,24677283542802.562,98709115308231.81,0.09870911530823182,True,3115397747.92643,4153863780.996565,1.0,0.0,0.0,2.376320385301144e-13,0.01,0.5099999999998812,0.5099999999998812,2.376320385301144e-13,-0.2499999999999406,-0.2499999999999406,0.004999999999881184,0.1250249999999394,80.95878260944588,3.946539608e-05,24677283542802.562,12.624095006372608
006D_REFERENCE,23.591586299249,POINT_ONE_G_ONE_CM_ONE_PJ,0.980665,0.01,1000000000000000.0,0.1,0.5,0.01,10.0,1330745430.2674923,2341092200707543.5,780364099519314.8,3121456300226858.0,3.121456300226858,False,3115397747.92643,4153863780.990432,0.010533457861832615,0.9894665421381674,1.977429037760715,7.514585269328706e-12,0.01,0.5099999999962427,0.5099999999962427,7.514585269328706e-12,-0.24999999999812136,-0.24999999999812136,0.004999999996242708,0.12502499999808378,143.96733233026168,0.00039465396079999996,780364099519314.8,11.124094983169185
006D_REFERENCE,23.591586299249,POINT_ONE_G_ONE_CM_ONE_PJ,0.980665,0.01,1000000000000000.0,0.1,0.5,0.01,100.0,42081864.01024004,7.403183820869582e+16,2.4677275330112696e+16,9.870911353880851e+16,98.70911353880851,False,3115397747.92643,4153863781.0030384,1.053345786183262e-08,0.9999999894665421,7.977429037760714,2.376320648533702e-10,0.01,0.5099999998811839,0.5099999998811839,2.376320648533702e-10,-0.249999999940592,-0.249999999940592,0.004999999881183968,0.12502499993940383,256.0141354605299,0.003946539608,2.4677275330112696e+16,9.62409495826443
006D_REFERENCE,23.591586299249,POINT_ONE_G_ONE_CM_ONE_PJ,0.980665,0.01,1000000000000000.0,0.1,0.5,0.1,1.0,41876142741.64108,74395527953641.25,24798514609312.15,99194042562953.4,0.0991940425629534,True,3115397747.92643,4153863781.0026817,1.0,0.0,0.0,2.387994534724645e-13,0.1,0.5999999999998806,0.5999999999998806,2.387994534724645e-13,-0.2499999999999403,-0.2499999999999403,0.049999999999880605,0.12749999999992837,80.76064922851799,3.946539608e-05,24798514609312.15,12.621966671488082
006D_REFERENCE,23.591586299249,POINT_ONE_G_ONE_CM_ONE_PJ,0.980665,0.01,1000000000000000.0,0.1,0.5,0.1,10.0,1324239851.604914,2352593258804831.0,784197787647470.8,3136791046452302.0,3.136791046452302,False,3115397747.92643,4153863780.9864388,0.010328984856287207,0.9896710151437128,1.985942359310655,7.551502090374332e-12,0.1,0.5999999999962242,0.5999999999962242,7.551502090374332e-12,-0.24999999999811212,-0.24999999999811212,0.04999999999622425,0.12749999999773454,143.61499661575368,0.00039465396079999996,784197787647470.8,11.121966653049453
006D_REFERENCE,23.591586299249,POINT_ONE_G_ONE_CM_ONE_PJ,0.980665,0.01,1000000000000000.0,0.1,0.5,0.1,100.0,41876139.2800906,7.439553410329784e+16,2.47985066709508e+16,9.919404077424864e+16,99.19404077424863,False,3115397747.92643,4153863781.0026474,1.0328984856287139e-08,0.9999999896710151,7.985942359310658,2.387994789088362e-10,0.1,0.5999999998806003,0.5999999998806003,2.387994789088362e-10,-0.24999999994030014,-0.24999999994030014,0.04999999988060026,0.12749999992836017,255.38758327438686,0.003946539608,2.47985066709508e+16,9.621966625228028
006D_REFERENCE,23.591586299249,POINT_ONE_G_ONE_CM_ONE_PJ,0.980665,0.01,1000000000000000.0,0.1,0.5,1.0,1.0,31976901249.150417,97426505578279.02,32475501306410.402,129902006884689.42,0.12990200688468942,True,3115397747.92643,4153863780.9851136,1.0,0.0,0.0,3.127257366934019e-13,1.0,1.4999999999998437,1.4999999999998437,3.127257366934019e-13,-0.2499999999999218,-0.2499999999999218,0.4999999999998436,0.3749999999997654,70.57236208183056,3.946539608e-05,32475501306410.402,12.504836375731868
006D_REFERENCE,23.591586299249,POINT_ONE_G_ONE_CM_ONE_PJ,0.980665,0.01,1000000000000000.0,0.1,0.5,1.0,10.0,1011198424.0396354,3080896561805082.0,1026965579049743.9,4107862140854826.0,4.107862140854826,False,3115397747.92643,4153863780.986881,0.0035118548511346393,0.9964881451488654,2.4544634422687723,9.889255928564713e-12,1.0,1.4999999999950555,1.4999999999950555,9.889255928564713e-12,-0.2499999999975277,-0.2499999999975277,0.4999999999950554,0.3749999999925831,125.49737955315034,0.00039465396079999996,1026965579049743.9,11.004836383658128
006D_REFERENCE,23.591586299249,POINT_ONE_G_ONE_CM_ONE_PJ,0.980665,0.01,1000000000000000.0,0.1,0.5,1.0,100.0,31976902.03198941,9.742650319314278e+16,3.247550062752441e+16,1.299020038206672e+17,129.9020038206672,False,3115397747.92643,4153863780.986881,3.511854851134641e-09,0.9999999964881452,8.454463442268771,3.1272573880740006e-10,1.0,1.499999999843637,1.499999999843637,3.1272573880740006e-10,-0.24999999992181857,-0.24999999992181857,0.49999999984363713,0.3749999997654557,223.16940328238417,0.003946539608,3.247550062752441e+16,9.504836372796076
006D_REFERENCE,23.591586299249,POINT_ONE_G_ONE_CM_ONE_PJ,0.980665,0.01,1000000000000000.0,0.1,1.0,0.001,1.0,50046532269.20455,62250022262650.31,20750010764746.2,83000033027396.52,0.08300003302739652,True,3115397747.92643,4153863780.9788103,1.0,0.0,0.0,1.9981404398628393e-13,0.001,0.5009999999999001,0.5009999999999001,1.9981404398628393e-13,-0.24999999999995004,-0.24999999999995004,0.000499999999900093,0.12500024999994994,44.14418115930945,1.973269804e-05,20750010764746.2,12.699373990527459
006D_REFERENCE,23.591586299249,POINT_ONE_G_ONE_CM_ONE_PJ,0.980665,0.01,1000000000000000.0,0.1,1.0,0.001,10.0,1582610193.2974424,1968518692171035.0,656172808974143.6,2624691501145178.5,2.6246915011451786,False,3115397747.92643,4153863780.990381,0.02107108696463423,0.9789289130353658,1.6763130604732173,6.3186753432209415e-12,0.001,0.5009999999968406,0.5009999999968406,6.3186753432209415e-12,-0.24999999999842032,-0.24999999999842032,0.0004999999968406623,0.12500024999841716,78.5006855192469,0.00019732698039999995,656172808974143.6,11.199373958335938
006D_REFERENCE,23.591586299249,POINT_ONE_G_ONE_CM_ONE_PJ,0.980665,0.01,1000000000000000.0,0.1,1.0,0.001,100.0,50046529.75779212,6.2250025386452904e+16,2.075000639004381e+16,8.30000317764967e+16,83.0000317764967,False,3115397747.92643,4153863780.986881,2.107108696463409e-08,0.999999978928913,7.676313060473221,1.9981405800183547e-10,0.001,0.5009999999000929,0.5009999999000929,1.9981405800183547e-10,-0.2499999999500465,-0.2499999999500465,0.000499999900092971,0.12500024994994657,139.5961530106655,0.001973269804,2.075000639004381e+16,9.699373960064753
006D_REFERENCE,23.591586299249,POINT_ONE_G_ONE_CM_ONE_PJ,0.980665,0.01,1000000000000000.0,0.1,1.0,0.01,1.0,50044055274.44843,62253103407411.01,20751037808383.383,83004141215794.39,0.08300414121579439,True,3115397747.92643,4153863780.994781,1.0,0.0,0.0,1.9982393403888755e-13,0.01,0.5099999999999001,0.5099999999999001,1.9982393403888755e-13,-0.24999999999995004,-0.24999999999995004,0.004999999999900088,0.12502499999994904,44.14308871340664,1.973269804e-05,20751037808383.383,12.699352495096552
006D_REFERENCE,23.591586299249,POINT_ONE_G_ONE_CM_ONE_PJ,0.980665,0.01,1000000000000000.0,0.1,1.0,0.01,10.0,1582531863.8168902,1968616126573552.0,656205286895307.2,2624821413468859.0,2.624821413468859,False,3115397747.92643,4153863780.9867277,0.02106691572366527,0.9789330842763347,1.676399042096733,6.3189880943061116e-12,0.01,0.5099999999968405,0.5099999999968405,6.3189880943061116e-12,-0.24999999999842026,-0.24999999999842026,0.004999999996840506,0.12502499999838868,78.49874284440665,0.00019732698039999995,656205286895307.2,11.19935246289555
006D_REFERENCE,23.591586299249,POINT_ONE_G_ONE_CM_ONE_PJ,0.980665,0.01,1000000000000000.0,0.1,1.0,0.01,100.0,50044052.767757565,6.2253106525649384e+16,2.0751033438973908e+16,8.30041399646233e+16,83.00413996462329,False,3115397747.92643,4153863780.9867277,2.106691572366528e-08,0.9999999789330842,7.676399042096733,1.9982394803697354e-10,0.01,0.509999999900088,0.509999999900088,1.9982394803697354e-10,-0.24999999995004402,-0.24999999995004402,0.0049999999000880264,0.1250249999490449,139.59269839985606,0.001973269804,2.0751033438973908e+16,9.699352464673312
006D_REFERENCE,23.591586299249,POINT_ONE_G_ONE_CM_ONE_PJ,0.980665,0.01,1000000000000000.0,0.1,1.0,0.1,1.0,49799406136.43148,62558933722852.484,20852981083098.8,83411914805951.28,0.08341191480595128,True,3115397747.92643,4153863780.9964123,1.0,0.0,0.0,2.0080560745653475e-13,0.1,0.5999999999998996,0.5999999999998996,2.0080560745653475e-13,-0.2499999999999498,-0.2499999999999498,0.0499999999998996,0.12749999999993974,44.0350559030992,1.973269804e-05,20852981083098.8,12.697224163770905
006D_REFERENCE,23.591586299249,POINT_ONE_G_ONE_CM_ONE_PJ,0.980665,0.01,1000000000000000.0,0.1,1.0,0.1,10.0,1574795369.9632697,1978287342817812.0,659429003783432.1,2637716346601244.0,2.637716346601244,False,3115397747.92643,4153863781.0026474,0.020657969712574303,0.9793420302874257,1.6849123636466763,6.350031373652865e-12,0.1,0.599999999996825,0.599999999996825,6.350031373652865e-12,-0.2499999999984125,-0.2499999999984125,0.04999999999682499,0.127499999998095,78.30663009589321,0.00019732698039999998,659429003783432.1,11.197224128980363
006D_REFERENCE,23.591586299249,POINT_ONE_G_ONE_CM_ONE_PJ,0.980665,0.01,1000000000000000.0,0.1,1.0,0.1,100.0,49799403.98342585,6.255893642749804e+16,2.0852977113647916e+16,8.341191354114595e+16,83.41191354114595,False,3115397747.92643,4153863781.0026474,2.0657969712574314e-08,0.9999999793420303,7.684912363646676,2.0080562016633383e-10,0.1,0.5999999998995972,0.5999999998995972,2.0080562016633383e-10,-0.2499999999497986,-0.2499999999497986,0.04999999989959719,0.12749999993975833,139.2510691397547,0.001973269804,2.0852977113647916e+16,9.697224136282651
006D_REFERENCE,23.591586299249,POINT_ONE_G_ONE_CM_ONE_PJ,0.980665,0.01,1000000000000000.0,0.1,1.0,1.0,1.0,38027155061.96096,81925606657932.75,27308525266077.73,109234131924010.48,0.10923413192401048,True,3115397747.92643,4153863780.9788103,1.0,0.0,0.0,2.6296997458708387e-13,1.0,1.4999999999998685,1.4999999999998685,2.6296997458708387e-13,-0.24999999999993425,-0.24999999999993425,0.4999999999998685,0.3749999999998027,38.4798515514536,1.973269804e-05,27308525266077.73,12.580093835599794
006D_REFERENCE,23.591586299249,POINT_ONE_G_ONE_CM_ONE_PJ,0.980665,0.01,1000000000000000.0,0.1,1.0,1.0,10.0,1202524333.6177926,2590714932606612.0,863571616405004.0,3454286549011616.0,3.454286549011616,False,3115397747.92643,4153863781.0031233,0.007023709702269292,0.9929762902977307,2.15343344660479,8.315840044775525e-12,1.0,1.499999999995842,1.499999999995842,8.315840044775525e-12,-0.24999999999792105,-0.24999999999792105,0.4999999999958421,0.37499999999376316,68.42793065515438,0.00019732698039999995,863571616405004.0,11.08009387291674
006D_REFERENCE,23.591586299249,POINT_ONE_G_ONE_CM_ONE_PJ,0.980665,0.01,1000000000000000.0,0.1,1.0,1.0,100.0,38027160.9409787,8.192559399219378e+16,2.730853576522472e+16,1.092341297574185e+17,109.2341297574185,False,3115397747.92643,4153863781.0028176,7.023709702269295e-09,0.9999999929762903,8.15343344660479,2.629699408402003e-10,1.0,1.499999999868515,1.499999999868515,2.629699408402003e-10,-0.2499999999342575,-0.2499999999342575,0.499999999868515,0.37499999980277254,121.68398273559797,0.001973269804,2.730853576522472e+16,9.58009389133272
006D_REFERENCE,23.591586299249,POINT_ONE_G_ONE_CM_ONE_PJ,0.980665,0.01,1000000000000000.0,0.1,2.0,0.001,1.0,21041976522.03331,148056326584351.97,49352133054828.445,197408459639180.4,0.1974084596391804,True,3115397747.92643,4153863780.9886136,1.0,0.0,0.0,4.752405264783049e-13,0.001,0.5009999999997624,0.5009999999997624,4.752405264783049e-13,-0.24999999999988118,-0.24999999999988118,0.0004999999997623798,0.12500024999988094,28.623961294849284,1.973269804e-05,49352133054828.445,12.323086531672837
006D_REFERENCE,23.591586299249,POINT_ONE_G_ONE_CM_ONE_PJ,0.980665,0.01,1000000000000000.0,0.1,2.0,0.001,10.0,665405638.567181,4681952732824479.0,1560650878768446.0,6242603611592925.0,6.242603611592925,False,3115397747.92643,4153863780.97424,0.0006584714676448229,0.9993415285323551,3.181463038793121,1.5028426925508843e-11,0.001,0.5009999999924858,0.5009999999924858,1.5028426925508843e-11,-0.2499999999962429,-0.2499999999962429,0.0004999999924857866,0.12500024999623538,50.90139774503186,0.00019732698039999998,1560650878768446.0,10.823086476054815
006D_REFERENCE,23.591586299249,POINT_ONE_G_ONE_CM_ONE_PJ,0.980665,0.01,1000000000000000.0,0.1,2.0,0.001,100.0,21041974.464721277,1.4805634106008774e+17,4.935211150293128e+16,1.97408452563019e+17,197.408452563019,False,3115397747.92643,4153863780.990381,6.584714676448186e-10,0.9999999993415285,9.181463038793124,4.752405955062097e-10,0.001,0.5009999997623797,0.5009999997623797,4.752405955062097e-10,-0.24999999988118984,-0.24999999988118984,0.0004999997623797022,0.12500024988095224,90.51690677451057,0.001973269804,4.935211150293128e+16,9.323086468592283
006D_REFERENCE,23.591586299249,POINT_ONE_G_ONE_CM_ONE_PJ,0.980665,0.01,1000000000000000.0,0.1,2.0,0.01,1.0,21040935075.22873,148063654813238.56,49354575799685.99,197418230612924.56,0.19741823061292457,True,3115397747.92643,4153863780.996565,1.0,0.0,0.0,4.752640490891567e-13,0.01,0.5099999999997624,0.5099999999997624,4.752640490891567e-13,-0.24999999999988118,-0.24999999999988118,0.004999999999762368,0.1250249999998788,28.623252932166228,1.973269804e-05,49354575799685.99,12.323065036268485
006D_REFERENCE,23.591586299249,POINT_ONE_G_ONE_CM_ONE_PJ,0.980665,0.01,1000000000000000.0,0.1,2.0,0.01,10.0,665372705.0706332,4682184472228557.0,1560728124682772.2,6242912596911329.0,6.242912596911329,False,3115397747.92643,4153863780.990432,0.0006583411163645382,0.9993416588836355,3.18154902041664,1.502917077725275e-11,0.01,0.5099999999924854,0.5099999999924854,1.502917077725275e-11,-0.2499999999962427,-0.2499999999962427,0.004999999992485415,0.12502499999616756,50.90013807600054,0.00019732698039999998,1560728124682772.2,10.82306498061057
006D_REFERENCE,23.591586299249,POINT_ONE_G_ONE_CM_ONE_PJ,0.980665,0.01,1000000000000000.0,0.1,2.0,0.01,100.0,21040933.018438112,1.4806366928673818e+17,4.935455424849036e+16,1.9741822353522854e+17,197.41822353522855,False,3115397747.92643,4153863781.0030384,6.583411163645386e-10,0.9999999993416588,9.18154902041664,4.752641181121173e-10,0.01,0.509999999762368,0.509999999762368,4.752641181121173e-10,-0.24999999988118396,-0.24999999988118396,0.004999999762367941,0.12502499987880764,90.51466673598149,0.001973269804,4.935455424849036e+16,9.32306497319557
006D_REFERENCE,23.591586299249,POINT_ONE_G_ONE_CM_ONE_PJ,0.980665,0.01,1000000000000000.0,0.1,2.0,0.1,1.0,20938072839.5726,148791045469971.88,49597039652357.64,198388085122329.5,0.1983880851223295,True,3115397747.92643,4153863781.0026817,1.0,0.0,0.0,4.775988734539968e-13,0.1,0.5999999999997612,0.5999999999997612,4.775988734539968e-13,-0.2499999999998806,-0.2499999999998806,0.0499999999997612,0.12749999999985673,28.553202362382613,1.973269804e-05,49597039652357.64,12.320936706278372
006D_REFERENCE,23.591586299249,POINT_ONE_G_ONE_CM_ONE_PJ,0.980665,0.01,1000000000000000.0,0.1,2.0,0.1,10.0,662119915.4117757,4705186591448391.0,1568395497875220.2,6273582089323611.0,6.273582089323611,False,3115397747.92643,4153863780.9864388,0.0006455615535179502,0.9993544384464821,3.19006234196658,1.510300442916591e-11,0.1,0.5999999999924486,0.5999999999924486,1.510300442916591e-11,-0.24999999999622424,-0.24999999999622424,0.0499999999924485,0.1274999999954691,50.77556857595788,0.00019732698039999998,1568395497875220.2,10.82093665024211
006D_REFERENCE,23.591586299249,POINT_ONE_G_ONE_CM_ONE_PJ,0.980665,0.01,1000000000000000.0,0.1,2.0,0.1,100.0,20938070.78260999,1.4879106008725066e+17,4.959701788025597e+16,1.9838807796750662e+17,198.38807796750663,False,3115397747.92643,4153863781.0026474,6.455615535179505e-10,0.9999999993544384,9.19006234196658,4.77598943160723e-10,0.1,0.5999999997612006,0.5999999997612006,4.77598943160723e-10,-0.24999999988060026,-0.24999999988060026,0.04999999976120053,0.1274999998567203,90.2931473675767,0.001973269804,4.959701788025597e+16,9.320936642892033
006D_REFERENCE,23.591586299249,POINT_ONE_G_ONE_CM_ONE_PJ,0.980665,0.01,1000000000000000.0,0.1,2.0,1.0,1.0,15988452591.660059,194852987183480.97,64951026579769.23,259804013763250.2,0.2598040137632502,True,3115397747.92643,4153863780.9851136,1.0,0.0,0.0,6.254513964560699e-13,1.0,1.4999999999996874,1.4999999999996874,6.254513964560699e-13,-0.24999999999984363,-0.24999999999984363,0.49999999999968725,0.3749999999995309,24.95109943070409,1.973269804e-05,64951026579769.23,12.203806433486253
006D_REFERENCE,23.591586299249,POINT_ONE_G_ONE_CM_ONE_PJ,0.980665,0.01,1000000000000000.0,0.1,2.0,1.0,10.0,505599197.1690177,6161793304598500.0,2053930970976973.5,8215724275575474.0,8.215724275575473,False,3115397747.92643,4153863780.986881,0.00021949092819591488,0.999780509071804,3.6585834249246973,1.9778512457636668e-11,1.0,1.4999999999901108,1.4999999999901108,1.9778512457636668e-11,-0.24999999999505537,-0.24999999999505537,0.49999999999011074,0.3749999999851661,44.37002337801487,0.00019732698039999998,2053930970976973.5,10.703806374808273
006D_REFERENCE,23.591586299249,POINT_ONE_G_ONE_CM_ONE_PJ,0.980665,0.01,1000000000000000.0,0.1,2.0,1.0,100.0,15988449.4923942,1.9485302495457386e+17,6.495097655258646e+16,2.5980400150716032e+17,259.8040015071603,False,3115397747.92643,4153863780.986881,2.19490928195915e-10,0.999999999780509,9.658583424924696,6.254515567759474e-10,1.0,1.4999999996872742,1.4999999996872742,6.254515567759474e-10,-0.2499999998436371,-0.2499999998436371,0.4999999996872742,0.37499999953091134,78.90229421397476,0.001973269804,6.495097655258646e+16,9.203806322165006
