success,message,alpha_m,alpha_x,leakage_fraction,family,E_field_J,E_core_J,E_total_J,a_scalar_mps2,a_gr_mps2,a_total_mps2,Qabs_kg,Qnet_kg,monopole_fraction,dipole_normalized,cancellation,productive_participation,F50_core_fraction,F90_core_fraction,halfspace_floor_J,field_over_halfspace_floor,iterations
False,Positive directional derivative for linesearch,1.0,100000000000000.0,1.0,unrestricted,4554439259637.801,91062944570615.11,95617383830252.9,9.806649900109932,-4.9033249500549665e-14,9.806649900109882,101321190380.90245,-101321190380.90245,1.0,1.05,1.0,1.0,0.7550055916245844,1.0,958922874252.6343,4.749536570589623,13
True,Optimization terminated successfully,1.0,177827941003892.28,1.0,unrestricted,4319115350671.416,51377860136589.75,55696975487261.164,9.806649999858372,-2.757342278299147e-14,9.806649999858344,101656372029.1077,-101656372029.1077,1.0,1.0499999999999998,1.0,1.0,0.828579569210945,1.0,958922893760.0221,4.5041320618968435,7
True,Optimization terminated successfully,1.0,316227766016837.94,1.0,unrestricted,4103811309888.6113,29082504680360.266,33186315990248.875,9.806649999661046,-1.5505675107509187e-14,9.80664999966103,102327037471.6542,-102327037471.6542,1.0,1.05,1.0,1.0,0.8332112137974349,0.9608473205654051,958922893721.4319,4.279605103557755,6
True,Optimization terminated successfully,1.0,562341325190349.06,1.0,unrestricted,3245808245850.766,16971944887133.826,20217753132984.594,9.806649999332507,-8.719481887635607e-15,9.806649999332498,106191610403.87375,-106191610403.87375,1.0,1.0499999999999996,1.0,1.0,0.5823159314124755,0.9141313112011514,958922893657.1808,3.3848480074052305,6
True,Optimization terminated successfully,1.0,1000000000000000.0,1.0,unrestricted,2974483854080.4453,9739344269715.957,12713828123796.402,9.80664999989802,-4.9033249999490105e-15,9.806649999898015,108364819476.24948,-108364819476.24948,1.0,1.0499999999999998,1.0,1.0,0.9363101966202745,0.9363101966202745,958922893767.776,3.101900969736135,10
True,Optimization terminated successfully,1.0,1778279410038922.8,1.0,unrestricted,2728580361821.8926,5675120829685.394,8403701191507.286,9.806649999827487,-2.7573422782996355e-15,9.806649999827483,112288093127.83685,-112288093127.49605,0.9999999999969649,1.0499999999968133,1.0,1.0,0.82713293763737,0.9516229837755039,958922893753.982,2.845463779824958,8
True,Optimization terminated successfully,1.0,3162277660168379.5,1.0,unrestricted,2566352311412.1704,3308137839129.091,5874490150541.262,9.806650000026872,-1.5505675108151691e-15,9.80665000002687,116397108277.4588,-116397108276.73714,0.9999999999938,1.049999999994034,1.0000000000000435,0.9999999999996926,0.6895520171780277,0.9617798727599665,958922893792.975,2.6762864126239423,9
True,Optimization terminated successfully,1.0,5623413251903491.0,1.0,unrestricted,2475281208273.7617,1931322824010.8914,4406604032284.653,9.806650000001532,-8.719481888230672e-16,9.806650000001532,120840765307.30998,-120840765307.3039,0.9999999999999496,1.0499999999999947,1.0000000000000004,0.9999999999999902,0.5928869525345589,0.8988539897328923,958922893788.0195,2.5813141226566128,9
True,Optimization terminated successfully,1.0,1e+16,1.0,unrestricted,2424079110251.9443,1122921357183.6687,3547000467435.6133,9.806650000044424,-4.903325000027597e-16,9.806650000044424,124941851101.42143,-124941851101.13322,0.9999999999976933,1.0499999999982783,1.0000000000004483,0.9999999999985348,0.6104570478798577,0.9723277225818752,958922893796.4076,2.527918694958814,10
True,Optimization terminated successfully,1.0,1.7782794100389228e+16,1.0,unrestricted,2403980625130.53,646675160861.8114,3050655785992.3413,9.806649999978847,-2.757342278337851e-16,9.806649999978847,127951320977.13484,-127951320976.9062,0.9999999999982131,1.0499999999980307,1.0000000000003741,0.9999999999997109,0.5764126607589724,0.9561017587726617,958922893783.5826,2.506959256802434,12
True,Optimization terminated successfully,1.0,3.162277660168379e+16,1.0,unrestricted,2392735977732.6963,371746794445.77466,2764482772178.4707,9.806650000074287,-1.5505675108317245e-16,9.806650000074287,130799422482.02843,-130799422479.82266,0.9999999999831363,1.0499999999814904,1.0000000000022822,0.9999999999905913,0.5484035284814232,0.9179410405647437,958922893802.2476,2.49523292560594,13
True,Optimization terminated successfully,1.0,5.623413251903491e+16,1.0,unrestricted,2389180458784.6016,211608046385.6261,2600788505170.2275,9.806649999926046,-8.71948188820253e-17,9.806649999926046,132400849575.83249,-132400849575.22743,0.9999999999954301,1.0499999999950782,1.0000000000009324,0.999999999999381,0.5331829898450304,0.8972043692204975,958922893773.2567,2.491525099983209,14
True,Optimization terminated successfully,1.0,1e+17,1.0,unrestricted,2383327396145.1553,123699613673.86832,2507027009819.0234,9.806649999962556,-4.97234490355444e-17,9.806649999962556,137634382088.04053,-131496405220.2729,0.9554037532290344,0.9839164706950475,1.0140761429358314,0.977701876615581,0.5102279883747269,0.8622276359833805,958922893780.3967,2.4854213113520283,16
True,Optimization terminated successfully,1.0,1.778279410038923e+17,1.0,unrestricted,2378834124578.287,72878718144.65656,2451712842722.944,9.80664999997669,-2.855534615498763e-17,9.80664999997669,144198027419.2369,-129747424556.79596,0.899786404009344,0.9039138448926347,1.0356112253221381,0.9498932020050644,0.48754621660467684,0.8267574144711075,958922893783.1611,2.480735562786769,19
True,Optimization terminated successfully,1.0,3.1622776601683795e+17,1.0,unrestricted,2377043559306.6924,42271699098.37121,2419315258405.0635,9.806650000040062,-1.6302076822655523e-17,9.806650000040062,148733329029.62122,-128580845443.88159,0.8645059334231259,0.8551435379285501,1.0513619503132587,0.9322529667115732,0.4734194202793994,0.8046617762249093,958922893795.5543,2.478868295549826,20
True,Optimization terminated successfully,1.0,5.6234132519034906e+17,1.0,unrestricted,2376354855501.4688,24284291863.450085,2400639147364.919,9.80665000000502,-9.272712774658645e-18,9.80665000000502,151944168900.31223,-127867681169.66187,0.8415438518970313,0.8250047754039713,1.0634476788313945,0.920771925948338,0.4641138200206216,0.9013245591342236,958922893788.7013,2.4781500899540507,23
True,Optimization terminated successfully,1.0,1e+18,1.0,unrestricted,2376035758174.3164,13887093009.217472,2389922851183.5337,9.806649999965977,-5.270099878791272e-18,9.806649999965977,154514748151.27634,-127419579812.97711,0.8246434812049661,0.8042869272981743,1.0748012580860964,0.9123217406029086,0.45741828109993543,0.8931725185213919,958922893781.066,2.4778173235655325,26
False,Positive directional derivative for linesearch,1.0,100000000000000.0,0.1,unrestricted,8107412028076.022,202218772841030.7,210326184869106.72,9.806649898386997,-7.151125100396614e-14,9.806649898386926,224998728936.66672,-22499872416.12317,0.09999999787757244,0.2836363667814154,1.4584236562932331,0.5499999989387863,0.3363196234546965,0.5499999989387863,958922873915.687,8.454707097527079,7
False,Positive directional derivative for linesearch,1.0,177827941003892.28,0.1,unrestricted,6924436903490.35,114567561815658.75,121491998719149.1,9.806649986965446,-4.0308391841296584e-14,9.806649986965406,226683685452.0163,-22668368480.19209,0.09999999971321473,0.28363636406132714,1.4618566658019174,0.5499999998566074,0.4110106146527327,0.5499999998566074,958922891238.6062,7.221057049275676,11
True,Optimization terminated successfully,1.0,316227766016837.94,0.1,unrestricted,6550347202509.43,64695370597532.68,71245717800042.11,9.806649998050371,-2.269700861026194e-14,9.806649998050348,227631205913.5298,-22763120568.641567,0.09999999990022716,0.2836363633701805,1.4637871902234176,0.5500000002966023,0.45252671800523425,0.5499999994968429,958922893406.439,6.830942558103124,13
True,Optimization terminated successfully,1.0,562341325190349.06,0.1,unrestricted,6432049672607.864,36466039250641.45,42898088923249.32,9.806649999561019,-1.2772931881502336e-14,9.806649999561007,228164035343.53235,-22816403531.737453,0.09999999998853552,0.28363636365335176,1.4648728038895256,0.5499999999942677,0.4757214632701763,0.5499999999942677,958922893701.8699,6.707577548573572,4
True,Optimization terminated successfully,1.0,1000000000000000.0,0.1,unrestricted,5140932539899.565,21457645438162.85,26598577978062.418,9.806650000061406,-7.291077977547472e-15,9.8066500000614,238748503995.50565,-23874850399.950497,0.10000000000167512,0.28363636362808986,1.486966084733046,0.5500000000040061,0.340762956152355,0.4993751705740844,958922893799.7285,5.361153199219844,9
True,Optimization terminated successfully,1.0,1778279410038922.8,0.1,unrestricted,4616851622604.455,12443790901602.8,17060642524207.256,9.806650000121424,-4.1635339629894485e-15,9.80665000012142,246213180927.10364,-24621318092.645977,0.09999999999973849,0.28363636361797656,1.509980822989462,0.5500000000113064,0.2623398709701878,0.5124321647960873,958922893811.4662,4.814622377252549,8
True,Optimization terminated successfully,1.0,3162277660168379.5,0.1,unrestricted,4316945081807.396,7239158360519.235,11556103442326.63,9.806650000059891,-2.3959484216146986e-15,9.80665000005989,254710396151.10425,-25471039615.49348,0.10000000000150389,0.2743718918561705,1.5452074191468028,0.5500000000023822,0.4981288963021938,0.4981288963021938,958922893799.4324,4.5018688256600585,11
True,Optimization terminated successfully,1.0,5623413251903491.0,0.1,unrestricted,3914181065845.3604,4360897132002.5146,8275078197847.875,9.806650000016173,-1.4062440982930243e-15,9.806650000016171,272856583221.66922,-27285658322.31456,0.10000000000054109,0.2529687226495025,1.6127610749304582,0.550000000000421,0.4068876414426399,0.5270053561374733,958922893790.8826,4.081851722583804,15
True,Optimization terminated successfully,1.0,1e+16,0.1,unrestricted,3774635873129.38,2555217862861.9565,6329853735991.336,9.80665000002126,-8.142993542440113e-16,9.80665000002126,284306329834.2563,-28430632983.583015,0.10000000000055358,0.23664355407398083,1.6607085074710524,0.5500000000009122,0.3593831277301158,0.5305052704939327,958922893791.8776,3.9363288722863867,18
True,Optimization terminated successfully,1.0,1.7782794100389228e+16,0.1,unrestricted,3618993091124.6353,1552245840634.5986,5171238931759.234,9.806650000009341,-4.835292760424108e-16,9.806650000009341,307127778846.1425,-30712777884.694508,0.10000000000026131,0.2078004189128394,1.7536062890700557,0.5500000000002299,0.30866376805920126,0.5336301380780517,958922893789.5465,3.774018864877462,19
True,Optimization terminated successfully,1.0,3.162277660168379e+16,0.1,unrestricted,3549221372495.3633,924909984513.401,4474131357008.765,9.806650000011667,-2.8475687104823057e-16,9.806650000011667,325430356440.8039,-32543035644.219227,0.10000000000042662,0.1842372008059828,1.8364687062227616,0.5500000000001746,0.3278952168235395,0.5354779699606999,958922893790.0011,3.7012583550566722,20
True,Optimization terminated successfully,1.0,5.623413251903491e+16,0.1,unrestricted,2860207353347.4116,1058505610702.0194,3918712964049.431,9.806649999992567,-3.7140644114017666e-16,9.806649999992567,662295430308.6112,-66229543030.74692,0.09999999999982756,0.00848682419145519,1.559440243811474,0.582730263692955,0.14394805830054094,0.24168820749088527,958922893786.2661,2.982729239109106,22
True,Optimization terminated successfully,1.0,1e+17,0.1,unrestricted,2529021412168.4507,833652209203.3147,3362673621371.7656,9.806649999990835,-2.8841800002997694e-16,9.806649999990835,927563177299.291,-92756317729.79053,0.0999999999998506,0.06138751035255403,1.355930013917355,0.5366127016883798,0.11033303163694078,0.18924305198637967,958922893785.9274,2.637356380327527,24
True,Optimization terminated successfully,1.0,1.778279410038923e+17,0.1,unrestricted,2424291258903.5366,544189144715.62744,2968480403619.164,9.80665000000351,-1.85612592523721e-16,9.80665000000351,1076734103023.0319,-107673410302.35796,0.10000000000005087,0.07968558561503064,1.2414861119994558,0.5166283984201442,0.10335228559788777,0.17583771128940914,958922893788.4059,2.5281399313827166,24
True,Optimization terminated successfully,1.0,3.1622776601683795e+17,0.1,unrestricted,2391172743642.868,329861014329.3374,2721033757972.2056,9.806649999976873,-1.1200476488644744e-16,9.806649999976873,1160618754976.4316,-116061875497.32854,0.09999999999972892,0.08790909878878111,1.1771306575829914,0.5109633682472393,0.10395064252229536,0.17716535190413257,958922893783.1969,2.4936027277533004,24
True,Optimization terminated successfully,1.0,5.6234132519034906e+17,0.1,unrestricted,2380699619319.19,193033732325.8851,2573733351645.075,9.806649999972922,-6.53028635929412e-17,9.806649999972922,1207791035987.6133,-120779103598.39664,0.09999999999969805,0.09203174947074153,1.1409392344111475,0.5068143551991703,0.10411961503786771,0.1780965377591662,958922893782.4242,2.482680969195174,27
True,Optimization terminated successfully,1.0,1e+18,0.1,unrestricted,2377387817522.3057,110934877517.42664,2488322695039.7324,9.806649999983712,-3.742255180536352e-17,9.806649999983712,1234316976880.6604,-123431697687.89601,0.09999999999986225,0.0942116266840177,1.1205893060378738,0.5042873359677668,0.10382710441917668,0.19216640908369234,958922893784.5344,2.479227300684818,27
True,Optimization terminated successfully,1.0,100000000000000.0,0.1,front_rear,8107414845084.163,202218771647352.03,210326186492436.2,9.806649998135548,-7.151125131800162e-14,9.806649998135477,224998727608.5201,-22499872751.9595,0.0999999999604775,0.2836363636949288,1.4584236478633872,0.5499999999802387,0.3363194912870557,0.5499999999802387,958922893423.0966,8.454709863212123,11
True,Optimization terminated successfully,1.0,177827941003892.28,0.1,front_rear,6924436844524.608,114567561962166.6,121491998806691.2,9.806649996248876,-4.030839188079179e-14,9.806649996248835,226683685741.89713,-22668368555.517216,0.09999999991762752,0.2836363637584246,1.4618566658504206,0.5499999999588138,0.4110106208463934,0.5499999999588138,958922893054.1278,7.221056974112463,7
True,Optimization terminated successfully,1.0,316227766016837.94,0.1,front_rear,6550347204307.111,64695370542557.86,71245717746864.97,9.806649999023575,-2.2697008596730875e-14,9.806649999023552,227631205720.10043,-22763120566.764965,0.099999999976958,0.2836363636705077,1.4637871902278166,0.549999999988479,0.4525267183977481,0.549999999988479,958922893596.7643,6.830942558622019,5
True,Optimization terminated successfully,1.0,562341325190349.06,0.1,front_rear,6432049672778.009,36466039250530.81,42898088923308.82,9.806649999576175,-1.2772931881502227e-14,9.806649999576162,228164035342.84006,-22816403531.73321,0.09999999998882035,0.2836363636529299,1.4648728038872492,0.5499999999944101,0.475721463228812,0.5499999999944101,958922893704.834,6.707577548730272,6
True,Optimization terminated successfully,1.0,1000000000000000.0,0.1,front_rear,5140929012902.605,21457648964540.336,26598577977442.94,9.806649999888961,-7.291078386433648e-15,9.806649999888954,238748543231.74673,-23874854322.574497,0.09999999999748616,0.28363636364008865,1.4869661681647053,0.5499999999987432,0.3407632010465521,0.4993757748771694,958922893766.0043,5.361149521326468,10
True,Optimization terminated successfully,1.0,1778279410038922.8,0.1,front_rear,4616850273025.053,12443792250764.44,17060642523789.492,9.806650000111793,-4.163533962708258e-15,9.806650000111789,246213207621.65204,-24621320763.162674,0.10000000000405125,0.2836363636277594,1.509980822968199,0.5500000000038073,0.262340555639304,0.512433006297396,958922893809.5824,4.814620969871058,7
True,Optimization terminated successfully,1.0,3162277660168379.5,0.1,front_rear,4316947918863.909,7239155523369.262,11556103442233.172,9.806649999999443,-2.3959481518561453e-15,9.806649999999442,254710296325.74362,-25471029632.70935,0.10000000000052997,0.2743716893823743,1.5452072451926027,0.5500000000004182,0.49813002938848516,0.49813002938848516,958922893787.611,4.50187178430225,10
True,Optimization terminated successfully,1.0,5623413251903491.0,0.1,front_rear,3914179986548.579,4360898211241.6797,8275078197790.259,9.806649999965098,-1.4062443463523667e-15,9.806649999965096,272856650748.4882,-27285665074.69237,0.09999999999942663,0.252968635921954,1.612761359428634,0.5499999999997132,0.40688743154917517,0.5270053867631693,958922893780.8939,4.081850597096014,13
True,Optimization terminated successfully,1.0,1e+16,0.1,front_rear,3786612652575.6543,2544145183195.6943,6330757835771.349,9.806649999995905,-8.094742979688224e-16,9.806649999995905,283074328069.1233,-28307432806.888252,0.09999999999991495,0.24216131021085988,1.6508681312561586,0.5499999999999575,0.36071273757426275,0.5304135646251895,958922893786.919,3.9488186976345907,14
True,Optimization terminated successfully,1.0,1.7782794100389228e+16,0.1,front_rear,3686450502888.083,1506544187855.212,5192994690743.295,9.806649999994029,-4.685279001966617e-16,9.806649999994029,298085237555.1365,-29808523755.453854,0.0999999999997994,0.2332889022991683,1.6992010889528435,0.5499999999998763,0.31957145009078336,0.48871214389417067,958922893786.552,3.8443659305402456,16
True,Optimization terminated successfully,1.0,3.162277660168379e+16,0.1,front_rear,3640512020242.0645,880610686430.4247,4521122706672.489,9.806650000001925,-2.703326322854149e-16,9.806650000001925,309843611128.7129,-30984361112.917927,0.10000000000015052,0.2254404205762395,1.7434431613048342,0.5500000000000663,0.3430252781337901,0.5345389454741658,958922893788.0962,3.7964595942231707,21
True,Optimization terminated successfully,1.0,5.623413251903491e+16,0.1,front_rear,2841172427187.7573,1093931223365.9219,3935103650553.679,9.806650000013478,-2.8990663305600936e-16,9.806650000013478,684460850261.0145,-68446085026.29448,0.10000000000028202,0.010781013635934656,1.4673103810603483,0.228037143615804,0.13550844883160448,0.22211077053412667,958922893790.3556,2.962878919239682,19
True,Optimization terminated successfully,1.0,1e+17,0.1,front_rear,2525524712269.9414,843192062755.4755,3368716775025.417,9.806649999993223,-2.1221427279249076e-16,9.806649999993223,938177695888.846,-93817769588.77805,0.09999999999988643,0.06183792566694023,1.2928340962230116,0.15856342494562792,0.08878172649067052,0.14847436577772,958922893786.3943,2.6337098932925436,21
True,Optimization terminated successfully,1.0,1.778279410038923e+17,0.1,front_rear,2423393444201.108,547682953437.1453,2971076397638.2534,9.806649999993548,-1.3511230331722767e-16,9.806649999993548,1083646962341.2078,-108364696234.0161,0.0999999999999034,0.07982329882771923,1.1976638647473938,0.13418419040840576,0.07176801573804187,0.12094855695324429,958922893786.4578,2.5272036572533563,20
True,Optimization terminated successfully,1.0,3.1622776601683795e+17,0.1,front_rear,2391096838654.8066,331234109557.6602,2722330948212.467,9.806649999994706,-8.096662456189216e-17,9.806649999994706,1165450002093.0398,-116545000209.21579,0.09999999999992433,0.08796487265985556,1.1441453631095406,0.1231481899899042,0.06406605593417428,0.10848853952220074,958922893786.6843,2.4935235712358685,20
True,Optimization terminated successfully,1.0,5.6234132519034906e+17,0.1,front_rear,2380883700169.8423,193618754168.09363,2574502454337.936,9.806650000012132,-4.7106413663677245e-17,9.806650000012132,1211451453927.8494,-121145145392.99376,0.10000000000017237,0.09206025192551986,1.1140501035757773,0.1175969332401152,0.0601920515093397,0.10222062978547612,958922893790.0923,2.4828729354448145,20
True,Optimization terminated successfully,1.0,1e+18,0.1,front_rear,2377654071973.758,111204727979.98274,2488858799953.7407,9.806650000004147,-2.698756555030405e-17,9.806650000004147,1237319468203.552,-123731946820.42499,0.1000000000000564,0.09422954632175494,1.0971263550272812,0.11465652431929653,0.058140053711674265,0.09890076384294763,958922893788.5308,2.4795049605918544,22
False,Positive directional derivative for linesearch,1.0,100000000000000.0,0.01,unrestricted,9579374928662.25,230312905902514.44,239892280831176.7,9.806649855520925,-7.719419179652806e-14,9.806649855520849,256257667662.30444,-2562575793.4609985,0.009999996553617092,0.4170000051069129,1.5743234016470864,0.5049999982768086,0.2936232813542941,0.5049999982768086,958922865532.5476,9.989724171758326,12
True,Optimization terminated successfully,1.0,177827941003892.28,0.01,unrestricted,8037150148813.568,130624667405568.44,138661817554382.0,9.806649995481843,-4.354523174751058e-14,9.806649995481798,258454317689.69577,-2584543147.9424067,0.009999999887970333,0.41700000016600763,1.5792465124715924,0.5049999999439853,0.3686092463862277,0.5049999999439853,958922892904.1226,8.381435262717373,12
True,Optimization terminated successfully,1.0,316227766016837.94,0.01,unrestricted,7549455768525.258,73806725118920.17,81356180887445.44,9.806649994106195,-2.453021034361711e-14,9.80664999410617,259689583476.76498,-2596895794.9206514,0.009999999846559119,0.41700000022737144,1.5820149840255773,0.5049999999232795,0.41021968856251956,0.5049999999232795,958922892635.0928,7.872849659245873,9
True,Optimization terminated successfully,1.0,562341325190349.06,0.01,unrestricted,7395233272012.382,41615591778106.63,49010825050119.016,9.806649999384998,-1.3807925712843892e-14,9.806649999384984,260384224566.83203,-2603842241.2326713,0.009999999982964986,0.41700000002524273,1.5835718097367562,0.5049999999914825,0.4334455297530254,0.5049999999914825,958922893667.4464,7.712020769187144,3
True,Optimization terminated successfully,1.0,1000000000000000.0,0.01,unrestricted,6211027561708.669,24342399848588.234,30553427410296.902,9.80664999982013,-7.88907205793452e-15,9.806649999820124,270845725560.1129,-2708457254.4148417,0.009999999995620061,0.41700000000602006,1.6089229365935072,0.5049999999979687,0.3369070015197852,0.5049999999973361,958922893752.5433,6.477087576252473,12
True,Optimization terminated successfully,1.0,1778279410038922.8,0.01,unrestricted,5518318431930.256,14187397937644.408,19705716369574.664,9.806650000038092,-4.522539349071983e-15,9.806650000038086,280712236562.5843,-2807122366.05749,0.010000000001537685,0.41699999999445003,1.6401806132449428,0.5050000000027929,0.2567640718766868,0.46786382078884187,958922893795.1691,5.754705062979753,8
True,Optimization terminated successfully,1.0,3162277660168379.5,0.01,unrestricted,5202720543217.08,8215055415586.389,13417775958803.469,9.80664999993131,-2.608321041940058e-15,9.806649999931308,289047416163.6104,-2890474161.0796676,0.009999999998074929,0.4051155273170888,1.6821718653207196,0.5049999999993414,0.4752599306279094,0.4752599306279094,958922893774.2863,5.425587997737084,16
True,Optimization terminated successfully,1.0,5623413251903491.0,0.01,unrestricted,4776091403520.964,4942078571989.901,9718169975510.865,9.806649999968185,-1.5364611614008824e-15,9.806649999968183,309220472840.4066,-3092204728.1461535,0.009999999999165926,0.38398445325885294,1.76210144260871,0.5049999999997761,0.4043484596374345,0.48162835331173465,958922893781.4978,4.9806834673500395,14
True,Optimization terminated successfully,1.0,1e+16,0.01,unrestricted,4591110233886.753,2914881920835.365,7505992154722.118,9.806649999993528,-8.940572919959245e-16,9.806649999993526,324324353260.71484,-3243243532.557935,0.009999999999848259,0.3686371478676328,1.823369431959669,0.5049999999999479,0.3546424137276349,0.48529260919172923,958922893786.4539,4.787778312141502,15
True,Optimization terminated successfully,1.0,1.7782794100389228e+16,0.01,unrestricted,4501616150980.133,1703832360586.6023,6205448511566.735,9.806649999951937,-5.207933250882322e-16,9.806649999951937,337120728388.74963,-3371207283.415973,0.009999999998601322,0.3474478420749865,1.888751096233357,0.504999999999528,0.3250606456350369,0.4868668861443795,958922893778.3202,4.6944505967972,17
True,Optimization terminated successfully,1.0,3.162277660168379e+16,0.01,unrestricted,4421643119039.083,1015705535708.3878,5437348654747.471,9.806650000011292,-3.055210823429902e-16,9.806650000011292,357376847540.8745,-3573768475.5370398,0.010000000000358989,0.329836974045817,1.9703823291382017,0.5050000000002723,0.2932171483357926,0.4479219205399865,958922893789.9279,4.611051782863927,18
True,Optimization terminated successfully,1.0,5.623413251903491e+16,0.01,unrestricted,4387420324961.136,596721782091.9155,4984142107053.052,9.806650000002982,-1.7822748779401866e-16,9.806650000002982,373362318961.1427,-3733623189.647387,0.010000000000096314,0.31336932849395893,2.0440146568172537,0.505000000000039,0.31575045322086215,0.4905430178362046,958922893788.3029,4.575362996735093,19
True,Optimization terminated successfully,1.0,1e+17,0.01,unrestricted,4373486806864.1704,345591635436.78815,4719078442300.959,9.806650000018866,-1.0288692996299627e-16,9.806650000018866,384522552540.404,-3845225525.618114,0.010000000000556727,0.3012818678521001,2.0983094117298977,0.5050000000002071,0.30598619545610045,0.49123541012258304,958922893791.4092,4.5608326124869,22
True,Optimization terminated successfully,1.0,1.778279410038923e+17,0.01,unrestricted,4368394339084.328,198084338995.7314,4566478678080.06,9.80664999995901,-5.892984543910304e-17,9.80664999995901,391930205044.6692,-3919302050.251643,0.009999999999502338,0.2938676845014724,2.137197325923528,0.5049999999999502,0.3005502179841452,0.4916153534711343,958922893779.7035,4.555522000174389,29
True,Optimization terminated successfully,1.0,3.1622776601683795e+17,0.01,unrestricted,3907507011542.676,541638693806.85834,4449145705349.534,9.80665000000688,-1.7784838548571329e-16,9.80665000000688,1905760302505.8862,-19057603025.148613,0.010000000000047094,0.044937648897904046,2.0138830347306924,0.44142743333128825,0.12070222750696229,0.20786631107311518,958922893789.065,4.0748917737302595,26
True,Optimization terminated successfully,1.0,5.6234132519034906e+17,0.01,unrestricted,2860206796522.546,1058506167521.788,3918712964044.334,9.806649999984511,-3.270640090394594e-16,9.806649999984511,6622957787046.749,-66229577870.235435,0.009999999999964962,0.0008487006387123954,1.559436691599528,0.41983373703362503,0.11545865181336444,0.20815342863744418,958922893784.6907,2.982728658436593,25
True,Optimization terminated successfully,1.0,1e+18,0.01,unrestricted,2529021352558.393,833652268801.357,3362673621359.75,9.806649999978733,-2.557442772534978e-16,9.806649999978733,9275632436110.562,-92756324360.76584,0.009999999999963368,0.006138759057986869,1.3559268895979169,0.4151538281729584,0.11482391861590903,0.2082085019468063,958922893783.5605,2.6373563181704793,26
True,Optimization terminated successfully,1.0,100000000000000.0,0.01,front_rear,9579375188998.994,230312907986907.66,239892283175906.66,9.806649997796121,-7.719419266623648e-14,9.806649997796045,256257669981.50467,-2562576686.282516,0.009999999947191704,0.4170000000782522,1.5743233965438674,0.5049999999735959,0.2936232810299179,0.5049999999735959,958922893356.7162,9.989724153384559,14
True,Optimization terminated successfully,1.0,177827941003892.28,0.01,front_rear,8037150152897.468,130624667430964.34,138661817583861.81,9.806649998571906,-4.354523175806868e-14,9.806649998571862,258454317739.94415,-2584543168.2371273,0.00999999996454958,0.41700000005253096,1.5792465123568822,0.5049999999822747,0.36860924640983345,0.5049999999822747,958922893508.4333,8.381435261694255,8
True,Optimization terminated successfully,1.0,316227766016837.94,0.01,front_rear,7549455774207.036,73806725136186.9,81356180910393.94,9.806649998131372,-2.45302103511373e-14,9.806649998131347,259689583537.51816,-2596895822.746653,0.009999999951370677,0.41700000007205973,1.5820149838612287,0.5049999999756853,0.41021968850299717,0.5049999999756853,958922893422.2798,7.87284965870816,11
True,Optimization terminated successfully,1.0,562341325190349.06,0.01,front_rear,7395233271823.304,41615591777955.55,49010825049778.85,9.80664999929144,-1.3807925712755188e-14,9.806649999291427,260384224565.8867,-2603842240.5668774,0.009999999980444324,0.41700000002897797,1.5835718097416902,0.5049999999902222,0.4334455297688132,0.5049999999902222,958922893649.1497,7.712020769137116,5
True,Optimization terminated successfully,1.0,1000000000000000.0,0.01,front_rear,6211030468017.376,24342396942679.152,30553427410696.527,9.806649999987672,-7.88907167128449e-15,9.806649999987664,270845693227.51392,-2708456932.1921806,0.009999999999693705,0.41700000000045373,1.6089228577127577,0.5049999999998469,0.33690700403367385,0.5049999999998469,958922893785.3086,6.477090606836582,12
True,Optimization terminated successfully,1.0,1778279410038922.8,0.01,front_rear,5518318507801.707,14187397861588.229,19705716369389.938,9.806649999980419,-4.522539329650042e-15,9.806649999980413,280712235057.7347,-2807122350.4314775,0.00999999999948036,0.41700000000077,1.640180606226175,0.5049999999997401,0.25676408988909927,0.46786382586928665,958922893783.8901,5.754705142168976,8
True,Optimization terminated successfully,1.0,3162277660168379.5,0.01,front_rear,5202724917366.949,8215051041657.675,13417775959024.625,9.806650000046517,-2.608318846720313e-15,9.806650000046515,289047262266.56055,-2890472623.3929343,0.010000000002516298,0.40511612859991214,1.6821704495486394,0.5050000000016743,0.4752599289768728,0.4752599289768728,958922893796.8169,5.425592559133683,9
True,Optimization terminated successfully,1.0,5623413251903491.0,0.01,front_rear,4776091599480.207,4942078376103.723,9718169975583.93,9.806650000001365,-1.536460744638472e-15,9.806650000001364,309220460584.0218,-3092204605.854683,0.010000000000046779,0.3839847035762328,1.762100964636896,0.5050000000000213,0.404348443474742,0.4816285879165857,958922893787.9867,4.980683671669829,13
True,Optimization terminated successfully,1.0,1e+16,0.01,front_rear,4602422038015.544,2904154324279.684,7506576362295.229,9.806649999992242,-8.897559439653766e-16,9.80664999999224,323130747169.8149,-3231307471.6518784,0.009999999999856806,0.3726110450061776,1.814597123311387,0.5049999999999284,0.35575498995866145,0.48521487766333404,958922893786.2024,4.799574676795318,13
True,Optimization terminated successfully,1.0,1.7782794100389228e+16,0.01,front_rear,4547502690925.505,1672660753531.6912,6220163444457.196,9.80664999999446,-5.084863381023041e-16,9.80664999999446,330953105846.4817,-3309531058.419698,0.00999999999986367,0.3666353003848885,1.8441175841575146,0.5049999999999403,0.33022346845021927,0.4870995709288256,958922893786.6364,4.742302765312161,15
True,Optimization terminated successfully,1.0,3.162277660168379e+16,0.01,front_rear,4506509912437.022,972083946806.4685,5478593859243.491,9.806649999990238,-2.920899183227817e-16,9.806649999990238,342028554774.48785,-3420285547.651559,0.009999999999727158,0.3608316274646626,1.8837613730955516,0.5049999999998216,0.3078394073622524,0.4666283186523552,958922893785.8107,4.699553990879705,16
True,Optimization terminated successfully,1.0,5.623413251903491e+16,0.01,front_rear,4487699741041.936,560203760426.8756,5047903501468.812,9.806649999988137,-1.6690655145435916e-16,9.806649999988137,350513390596.3451,-3505133905.8477473,0.009999999999669903,0.3568308622256393,1.9141796908811433,0.504999999999889,0.2932569070223874,0.4490485061825476,958922893785.3998,4.679938053545159,18
True,Optimization terminated successfully,1.0,1e+17,0.01,front_rear,4481081715970.494,319797249277.78094,4800878965248.275,9.80665000001261,-9.489331342279582e-17,9.80665000001261,355822427334.71594,-3558224273.5047674,0.01000000000044294,0.35402912648924434,1.9352850040057383,0.5050000000002599,0.3268869380874106,0.4899231192869592,958922893790.1858,4.6730365339999524,20
True,Optimization terminated successfully,1.0,1.778279410038923e+17,0.01,front_rear,4478839856157.989,181451010402.9962,4660290866560.985,9.806650000000541,-5.373736492956179e-17,9.806650000000541,359019456426.29126,-3590194564.280139,0.010000000000047981,0.35225847531874166,1.9488826378831132,0.5050000000000239,0.3234984618771145,0.49019524974996054,958922893787.8256,4.670698640290251,24
True,Optimization terminated successfully,1.0,3.1622776601683795e+17,0.01,front_rear,3807558569465.5703,708215479141.4166,4515774048606.987,9.806649999993034,-1.6455298051660668e-16,9.806649999993034,2491862123589.6777,-24918621235.81759,0.009999999999968222,0.03314976235376722,1.794345595050281,0.06960983243746979,0.04350452356042566,0.06764825225460923,958922893786.3574,3.9706618687882456,24
True,Optimization terminated successfully,1.0,5.6234132519034906e+17,0.01,front_rear,2841175105779.3774,1093928544802.3373,3935103650581.715,9.806649999997742,-2.450309486160851e-16,9.806649999997742,6844591743129.572,-68445917431.26176,0.009999999999995037,0.0010780499003215228,1.46731198474969,0.022803787782690824,0.013550899270037291,0.022211147009001977,958922893787.2781,2.9628817125828757,23
True,Optimization terminated successfully,1.0,1e+18,0.01,front_rear,2525524690145.5415,843192084886.2168,3368716775031.7583,9.806650000014727,-1.8780131958417014e-16,9.806650000014727,9381777205126.166,-93817772051.50772,0.010000000000026227,0.006183789202346089,1.2928342172907652,0.01585634635105944,0.008878182332434518,0.01484742558588571,958922893790.5999,2.633709870208856,22
False,Positive directional derivative for linesearch,1.0,100000000000000.0,0.0,unrestricted,9785777019610.932,233923237579524.2,243709014599135.12,9.806649913006128,-7.792454944321466e-14,9.80664991300605,260274703405.10153,535.6814621871596,2.0581387863629773e-09,0.43181818486796925,1.5892185432227321,0.49999999897093056,0.28885477619313954,0.49999999897093056,958922876774.6896,10.204967736847744,7
False,Positive directional derivative for linesearch,1.0,177827941003892.28,0.0,unrestricted,8193788557975.819,132690728835905.55,140884517393881.38,9.806649984165208,-4.396173743169986e-14,9.806649984165164,262542232383.6704,99.76282360484277,3.7998771740103406e-10,0.43181818238125436,1.5943518455448171,0.4999999998100061,0.36387903548483036,0.4999999998100061,958922890690.9753,8.54478356656142,8
True,Optimization terminated successfully,1.0,316227766016837.94,0.0,unrestricted,7690357588646.113,74979885234617.34,82670242823263.45,9.8066499996469,-2.4766261473854647e-14,9.806649999646876,263817357216.97736,2.3002268007633857,8.719012369120041e-12,0.4318181818311017,1.5972385144260122,0.4999999999956405,0.40550174138390765,0.4999999999956405,958922893718.6656,8.019787241519708,12
True,Optimization terminated successfully,1.0,562341325190349.06,0.0,unrestricted,7531158730503.306,42278890506136.12,49810049236639.42,9.806649999237754,-1.3941246575312883e-14,9.80664999923774,264534412454.94434,5.18099755930851,1.958534434604398e-11,0.4318181818472037,1.598861807972391,0.49999999999020733,0.42873163965102207,0.49999999999020733,958922893638.6504,7.853768827988022,13
True,Optimization terminated successfully,1.0,1000000000000000.0,0.0,unrestricted,6365182384886.589,24709037016482.504,31074219401369.094,9.806650000090794,-7.965160392184724e-15,9.806650000090787,274925114214.2019,-1.9738336657885854e-05,7.179532038861739e-17,0.43181818180316384,1.6244406381155558,0.4999999999937366,0.33670679534788955,0.49999999998921374,958922893805.4761,6.637845885216511,8
True,Optimization terminated successfully,1.0,1778279410038922.8,0.0,unrestricted,5648899359753.938,14410543427333.576,20059442787087.516,9.806649999988814,-4.568524526311938e-15,9.806649999988808,285127399213.6081,0.07338713569401961,2.5738366742874957e-13,0.43181818181851905,1.6568579687061673,0.49999999999992234,0.25632903947249586,0.4628810731831016,958922893785.532,5.890879648783674,12
True,Optimization terminated successfully,1.0,3162277660168379.5,0.0,unrestricted,5320251876383.254,8350340511052.32,13670592387435.574,9.806650000016068,-2.6369007108345302e-15,9.806650000016067,293807433632.96106,0.060142711796578194,2.0470112363362283e-13,0.4196032119376286,1.7006036128307744,0.5000000000012448,0.4703037726177502,0.4703037726177502,958922893790.8622,5.548153986970701,10
True,Optimization terminated successfully,1.0,5623413251903491.0,0.0,unrestricted,4904169994435.894,5013247344079.431,9917417338515.324,9.806650000008016,-1.552462648535338e-15,9.806650000008014,313673425385.86456,0.017349997922281667,5.5312297817191913e-14,0.3987033803963339,1.780452862260171,0.5000000000001869,0.40475688000480275,0.47653549518127225,958922893789.2875,5.114248524254683,13
True,Optimization terminated successfully,1.0,1e+16,0.0,unrestricted,4713934272749.947,2958465819490.6304,7672400092240.578,9.806650000011516,-9.035657927932154e-16,9.806650000011514,329173715988.8964,-0.015001135859993249,4.5572095010463296e-14,0.38381433574303997,1.8427613768017397,0.5000000000004927,0.35482669410211976,0.4802168873432995,958922893789.9718,4.915863729271248,16
True,Optimization terminated successfully,1.0,1.7782794100389228e+16,0.0,unrestricted,4621735817150.893,1730038431798.753,6351774248949.6455,9.80664999996867,-5.266383130449142e-16,9.80664999996867,342305868675.7941,0.10510664270324217,3.0705474933820407e-13,0.3625269936932645,1.9099490011923936,0.49999999999974004,0.32521392355359496,0.4823849263032877,958922893781.5925,4.819715794796275,16
True,Optimization terminated successfully,1.0,3.162277660168379e+16,0.0,unrestricted,4550727060142.913,1025622394508.497,5576349454651.41,9.806649999978879,-3.0799035383957697e-16,9.806649999978879,360866102655.56604,-0.007579521276628168,2.1003694225784773e-14,0.3458908192080997,1.986307282294368,0.5000000000000228,0.296010535831105,0.4504649743173682,958922893783.5891,4.745665255928206,17
True,Optimization terminated successfully,1.0,5.623413251903491e+16,0.0,unrestricted,4518834393960.52,600588150535.6418,5119422544496.161,9.80664999999873,-1.7897070695015813e-16,9.80664999999873,375781463580.00885,0.0023883387356041885,6.355658719434626e-15,0.3318558472900771,2.0525383187248067,0.499999999999994,0.31775502485755136,0.48531251524745944,958922893787.4712,4.712406412691239,18
True,Optimization terminated successfully,1.0,1e+17,0.0,unrestricted,4504268433167.886,348221129643.3401,4852489562811.226,9.80664999999486,-1.0342077299731581e-16,9.80664999999486,387448259416.71674,0.0203008792526356,5.23963619895919e-14,0.3193958492099272,2.1091967796823057,0.4999999999999668,0.3076897036600268,0.48602629031272265,958922893786.7145,4.697216493998665,21
True,Optimization terminated successfully,1.0,1.778279410038923e+17,0.0,unrestricted,4499654718243.819,199142416063.2081,4698797134307.027,9.806649999998587,-5.903938005955194e-17,9.806649999998587,394023719171.58936,-0.0013224685560783522,3.3563171244075384e-15,0.31270115277681276,2.1411697968493852,0.4999999999999946,0.30229203631978574,0.486409365503096,958922893787.4434,4.692405142682119,23
True,Optimization terminated successfully,1.0,3.1622776601683795e+17,0.0,unrestricted,4498030071619.09,113172049372.66934,4611202120991.759,9.80665000000239,-3.3530407247212586e-17,9.80665000000239,398196808155.98785,-0.0020527870124201287,5.1552070995405344e-15,0.3086592456217574,2.1624603258829507,0.499999999999946,0.29924952478273215,0.4866270438010167,958922893788.1873,4.690710901530152,26
True,Optimization terminated successfully,1.0,5.6234132519034906e+17,0.0,unrestricted,4497378422543.744,64113839854.178535,4561492262397.923,9.806650000001806,-1.9001480730978365e-17,9.806650000001806,401153312043.37036,-0.005487257590892267,1.367870444080745e-14,0.30595208111286587,2.179198371478007,0.49999999999994676,0.2974993476458623,0.4867452437204928,958922893788.073,4.690031337949982,29
True,Optimization terminated successfully,1.0,1e+18,0.0,unrestricted,4497140474884.185,36225140848.98345,4533365615733.168,9.806649999998886,-1.0740473990646465e-17,9.806649999998886,403059049961.7167,-0.0005822809314076327,1.444654155421988e-15,0.3042626845122286,2.190447092666186,0.5000000000000018,0.2965832574362598,0.48681847661554334,958922893787.5018,4.6897831973972615,36
False,Positive directional derivative for linesearch,1.0,100000000000000.0,0.0,front_rear,9785777261731.408,233923238631706.06,243709015893437.47,9.806649990391488,-7.792454990749923e-14,9.80664999039141,260274704575.81174,61.868572738933764,2.3770490044265115e-10,0.4318181821704171,1.5892185401508028,0.4999999998811475,0.28885477237513785,0.4999999998811475,958922891908.6228,10.204967828282808,14
True,Optimization terminated successfully,1.0,177827941003892.28,0.0,front_rear,8193788576078.323,132690728967218.0,140884517543296.3,9.806649998652029,-4.3961737483423245e-14,9.806649998651984,262542232643.48557,0.00031581338652617366,1.202905084436555e-15,0.43181818178523346,1.594351845003286,0.49999999997047384,0.36387903558465834,0.499999999920054,958922893524.1025,8.544783560193906,14
True,Optimization terminated successfully,1.0,316227766016837.94,0.0,front_rear,7690357587444.457,74979885230951.1,82670242818395.55,9.806649998823833,-2.4766261472288663e-14,9.806649998823808,263817357204.07764,7.6621064772047625,2.904322353315703e-11,0.4318181818612187,1.5972385144590735,0.4999999999854784,0.4055017413976963,0.4999999999854784,958922893557.7015,8.019787241612772,9
True,Optimization terminated successfully,1.0,562341325190349.06,0.0,front_rear,7531158731025.436,42278890507263.91,49810049238289.34,9.806649999676404,-1.3941246575783455e-14,9.80664999967639,264534412462.0008,2.2051867097556657,8.336105269753631e-12,0.4318181818305344,1.5988618079548422,0.499999999995832,0.42873163965525857,0.499999999995832,958922893724.4353,7.8537688278299225,3
True,Optimization terminated successfully,1.0,1000000000000000.0,0.0,front_rear,6365181840961.75,24709037559041.8,31074219400003.55,9.8066499999566,-7.96515874012772e-15,9.806649999956592,274925120250.9882,0.24846618184946714,9.037594732072288e-13,0.4318181818195208,1.6244403012574062,0.49999999999954814,0.33670545819705605,0.49999999999954814,958922893779.232,6.637845318173385,9
True,Optimization terminated successfully,1.0,1778279410038922.8,0.0,front_rear,5648898988794.934,14410543798227.748,20059442787022.68,9.806649999953962,-4.568524606215229e-15,9.806649999953956,285127406552.1301,0.28375832779376703,9.951983614100148e-13,0.43181818181965653,1.6568579976907216,0.4999999999995024,0.25632914257228523,0.4628811910209885,958922893778.7162,5.890879261975875,8
True,Optimization terminated successfully,1.0,3162277660168379.5,0.0,front_rear,5320252233681.745,8350340153652.323,13670592387334.068,9.806649999991158,-2.6369005235645767e-15,9.806649999991157,293807421057.81213,-0.017922409685360356,6.100053436646784e-14,0.41960332471476947,1.7006034920716215,0.5000000000000305,0.47030378532711303,0.47030378532711303,958922893785.9906,5.548154359602871,9
True,Optimization terminated successfully,1.0,5623413251903491.0,0.0,front_rear,4904170151463.3125,5013247187101.313,9917417338564.625,9.806650000015761,-1.5524622288994797e-15,9.80665000001576,313673415563.9148,-0.036121156083931114,1.1515529940270307e-13,0.39870363232365813,1.7804523809980763,0.4999999999999444,0.4047568251121765,0.4765357224755968,958922893790.8019,5.114248688000564,13
True,Optimization terminated successfully,1.0,1e+16,0.0,front_rear,4723969257393.859,2948877191339.659,7672846448733.519,9.806649999998424,-8.997571816368865e-16,9.806649999998422,328106837223.9309,-0.005546472600865925,1.6904471262451905e-14,0.3872462017070493,1.8349939717172066,0.5000000000000043,0.35580553371912793,0.48014843824531345,958922893787.4114,4.9263285797003205,13
True,Optimization terminated successfully,1.0,1.7782794100389228e+16,0.0,front_rear,4666984293050.7,1699297288731.5747,6366281581782.275,9.80664999999429,-5.144276113548079e-16,9.80664999999429,336223417853.72974,-0.0221858904034637,6.598555967661784e-14,0.3812354938860507,1.865664685143781,0.5000000000000049,0.3301244375284293,0.4820442150379798,958922893786.6029,4.86690256671386,15
True,Optimization terminated successfully,1.0,3.162277660168379e+16,0.0,front_rear,4633695534722.809,981674817591.5352,5615370352314.344,9.806649999997681,-2.945127558460522e-16,9.806649999997681,345403110731.7403,-0.020685776817464373,5.988879710330729e-14,0.37608566438997726,1.89938686186765,0.49999999999996175,0.31053509824599534,0.46899700768054986,958922893787.2662,4.832187827346604,16
True,Optimization terminated successfully,1.0,5.623413251903491e+16,0.0,front_rear,4614282642621.954,566011050616.648,5180293693238.602,9.806649999998275,-1.683417193567014e-16,9.806649999998275,354146948809.24054,-0.018494821448439044,5.2223579817995794e-14,0.3720807473596938,1.93063901633841,0.5000000000000193,0.2957432739014971,0.45116064215400264,958922893787.3822,4.811943350728947,17
True,Optimization terminated successfully,1.0,1e+17,0.0,front_rear,4607766032826.831,323015420495.5438,4930781453322.375,9.80664999999972,-9.564930280888974e-17,9.80664999999972,359403125720.55,-0.0042437423814454586,1.1807750344233607e-14,0.3695219432998891,1.9507028966852253,0.4999999999999979,0.28763477687239897,0.44140922646182185,958922893787.665,4.805147590779215,18
True,Optimization terminated successfully,1.0,1.778279410038923e+17,0.0,front_rear,4605573108703.022,183229346574.54895,4788802455277.571,9.806649999998141,-5.4135959001903406e-17,9.806649999998141,362538077150.6184,-0.02552166929864641,7.039721040955181e-14,0.3679152724676788,1.9633383721413191,0.49999999999994,0.28313962861984837,0.4850286426417961,958922893787.3561,4.802860728992379,20
True,Optimization terminated successfully,1.0,3.1622776601683795e+17,0.0,front_rear,4604838461802.594,103566945691.67491,4708405407494.269,9.806649999999035,-3.05656965101272e-17,9.806649999999035,364401170019.36,-0.019205401568122935,5.270400632111743e-14,0.3669175322382184,1.971258671237752,0.5000000000000034,0.32240390723666157,0.48518211289351487,958922893787.531,4.802094612231555,23
True,Optimization terminated successfully,1.0,5.6234132519034906e+17,0.0,front_rear,4604604351550.269,58408499949.20108,4663012851499.47,9.806650000000044,-1.722768846346843e-17,9.806650000000044,365455621740.92706,-0.018534298121754816,5.0715591768605635e-14,0.3663539374414021,1.9757697400260517,0.5000000000000218,0.3213378425628363,0.48526747509915297,958922893787.7283,4.801850473464205,24
True,Optimization terminated successfully,1.0,1e+18,0.0,front_rear,4604530320188.9795,32898802208.35106,4637429122397.33,9.806649999999854,-9.700279130940373e-18,9.806649999999854,366048541212.18713,-0.00161854360594664,4.421663860718461e-15,0.36603854969838634,1.9783063800462517,0.4999999999999874,0.3207406593768941,0.4853152663884673,958922893787.6912,4.801773270842816,30
True,Optimization terminated successfully,2.0,100000000000000.0,1.0,unrestricted,1396726499440.7935,45187317175683.96,46584043675124.76,9.806649995210991,-2.4516624988027478e-14,9.806649995210966,50277670988.43739,-50277670988.43739,1.0,1.05,1.0,1.0,0.5850567664923375,1.0,239730723212.78824,5.826230700522436,13
True,Optimization terminated successfully,2.0,177827941003892.28,1.0,unrestricted,1161402492228.8303,25580098522461.195,26741501014690.027,9.806649997668488,-1.3786711388417079e-14,9.806649997668474,50612851625.72646,-50612851625.72646,1.0,1.05,1.0,1.0,0.7339562476781276,1.0,239730723332.93893,4.844612639056155,9
True,Optimization terminated successfully,2.0,316227766016837.94,1.0,unrestricted,1086986902627.4878,14438315944245.625,15525302846873.113,9.806649999396816,-7.752837553545701e-15,9.806649999396809,50801336160.434944,-50801336160.434944,1.0,1.05,1.0,1.0,0.8168248466464262,1.0,239730723417.43936,4.534199401445656,5
True,Optimization terminated successfully,2.0,562341325190349.06,1.0,unrestricted,1063454106670.8445,8136202213739.72,9199656320410.564,9.806649999974205,-4.359740944103083e-15,9.806649999974201,50907330974.39917,-50907330974.39917,1.0,1.0500000000000003,1.0,1.0,0.8631566686216153,1.0,239730723445.66876,4.436035946439129,7
True,Optimization terminated successfully,2.0,1000000000000000.0,1.0,unrestricted,837733352044.3804,4744189539317.944,5581922891362.324,9.80665000000439,-2.4516625000058108e-15,9.806650000004389,52786227568.51101,-52786227568.30427,0.9999999999960835,1.0499999999960163,1.0,1.0,0.6212772502810825,0.9076455474305805,239730723447.14456,3.4944763858316326,7
True,Optimization terminated successfully,2.0,1778279410038922.8,1.0,unrestricted,751931651784.4906,2729619519524.7534,3481551171309.244,9.806649999996761,-1.3786711391690289e-15,9.80664999999676,54008325110.66521,-54008325110.66521,1.0,1.0499999999999996,1.0,1.0,0.9328176427894502,0.9328176427894502,239730723446.77158,3.1365677330525603,8
True,Optimization terminated successfully,2.0,3162277660168379.5,1.0,unrestricted,697857760770.8881,1579042741710.5786,2276900502481.467,9.806649999999788,-7.752837554022413e-16,9.806649999999788,55558751756.85191,-55558751756.85149,0.9999999999999923,1.04999999999999,1.0000000000000029,0.9999999999999962,0.8681892137299729,0.9485914576163975,239730723446.91956,2.9110067776748925,11
True,Optimization terminated successfully,2.0,5623413251903491.0,1.0,unrestricted,646556862600.7122,924890959134.9467,1571447821735.6587,9.806649999999886,-4.3597409441145456e-16,9.806649999999886,57869419828.82538,-57869419828.824486,0.9999999999999846,1.0499999999999823,1.0000000000000053,0.9999999999999954,0.7109335396316206,0.9602003415184037,239730723446.92435,2.6970129372836014,9
True,Optimization terminated successfully,2.0,1e+16,1.0,unrestricted,623779112505.1562,537781514012.392,1161560626517.5483,9.806650000000024,-2.4516625000000225e-16,9.806650000000024,59836263171.04878,-59836263171.04813,0.999999999999989,1.049999999999988,1.0000000000000024,0.9999999999999943,0.612934755957285,0.9231593678157715,239730723446.9311,2.6019990409916796,13
True,Optimization terminated successfully,2.0,1.7782794100389228e+16,1.0,unrestricted,607588391720.053,314071900065.8824,921660291785.9353,9.80664999999912,-1.378671139169419e-16,9.80664999999912,62142350483.46893,-62142350483.465576,0.9999999999999459,1.0499999999999394,1.0000000000000162,0.9999999999999867,0.6186141309308685,0.971688178303391,239730723446.8869,2.53446192871756,14
True,Optimization terminated successfully,2.0,3.162277660168379e+16,1.0,unrestricted,602083841308.7557,180673500884.54938,782757342193.3052,9.806649999999934,-7.75283755402265e-17,9.806649999999934,63570123338.218636,-63570123338.21749,0.999999999999982,1.0499999999999814,1.0000000000000016,0.999999999999997,0.584625904155385,0.9672883137056881,239730723446.92667,2.511500539654649,17
True,Optimization terminated successfully,2.0,5.623413251903491e+16,1.0,unrestricted,598528448966.8807,104159627063.50044,702688076030.3812,9.806649999997443,-4.359740944114365e-17,9.806649999997443,65171544042.22175,-65171544042.2072,0.9999999999997767,1.0499999999997605,1.0000000000000437,0.9999999999999613,0.5528069419055914,0.9239400729338004,239730723446.80493,2.4966697649819225,20
True,Optimization terminated successfully,2.0,1e+17,1.0,unrestricted,597404105389.6895,59382598910.932106,656786704300.6216,9.806649999999538,-2.4516624999999722e-17,9.806649999999538,66072052006.858154,-66072052006.855804,0.9999999999999645,1.0499999999999619,1.0000000000000062,0.9999999999999953,0.535598455351074,0.9004928170353882,239730723446.90732,2.4919797379329034,21
True,Optimization terminated successfully,2.0,1.778279410038923e+17,1.0,unrestricted,596189609154.2747,34401820597.885284,630591429752.1599,9.806650000000623,-1.391871766193292e-17,9.806650000000623,68067534612.767426,-65952782636.1777,0.968931562034376,1.0039622237418824,1.0095748918277614,0.9844657810172119,0.5159424808322389,0.8711369311060531,239730723446.9604,2.4869136528767855,24
True,Optimization terminated successfully,2.0,3.1622776601683795e+17,1.0,unrestricted,594881861607.0482,20307849682.53421,615189711289.5824,9.80665000000014,-7.994167403701567e-18,9.80665000000014,71453340015.68042,-65039797101.52297,0.9102415238706827,0.9183697986196536,1.031127938383491,0.9551207619353435,0.49173224392960707,0.8333075746162111,239730723446.9368,2.4814585842549395,26
True,Optimization terminated successfully,2.0,5.6234132519034906e+17,1.0,unrestricted,594315748236.1648,11827484043.788116,606143232279.9529,9.806649999999374,-4.572664576922924e-18,9.806649999999374,74003279293.47214,-64383771962.13719,0.8700124180553241,0.8627537560285441,1.0488385974162044,0.9350062090276686,0.47562886600768656,0.8081097790912549,239730723446.89932,2.4790971290244594,28
True,Optimization terminated successfully,2.0,1e+18,1.0,unrestricted,594117096293.2131,6797977177.124003,600915073470.3372,9.80665000000017,-2.600562371130395e-18,9.80665000000017,75637696871.78241,-63997601572.87839,0.8461072219235366,0.8306837127664038,1.0607342450807689,0.9230536109617704,0.4659859908937004,0.9035208029264978,239730723446.93823,2.478268482866004,33
True,Optimization terminated successfully,2.0,100000000000000.0,0.1,unrestricted,3324407180089.261,99379314950088.8,102703722130178.06,9.806649994871043,-3.556331642590973e-14,9.806649994871007,110574400349.78651,-11057440023.877253,0.09999999989960245,0.2836363637851344,1.4505796146292418,0.5499999999498012,0.38861202490148605,0.5499999999498012,239730723196.1677,13.86725545965568,9
True,Optimization terminated successfully,2.0,177827941003892.28,0.1,unrestricted,2141431858557.7825,56736684127931.73,58878115986489.51,9.806649998540292,-2.0093382381326965e-14,9.806649998540273,112259355568.20622,-11225935553.431828,0.0999999999698128,0.28363636368109546,1.4574456382993666,0.5499999999849065,0.3148360535841613,0.5499999999849065,239730723375.5627,8.932655057328677,8
True,Optimization terminated successfully,2.0,316227766016837.94,0.1,unrestricted,1767342215215.3394,32174678054274.51,33942020269489.85,9.806649999741188,-1.1329273361884853e-14,9.806649999741177,113206875511.01851,-11320687550.474655,0.09999999999445974,0.2836363636445732,1.4613066871632898,0.5499999999972298,0.3991196858085628,0.5499999999972298,239730723434.27625,7.372197396717354,3
True,Optimization terminated successfully,2.0,562341325190349.06,0.1,unrestricted,1649044682936.1953,18178309939546.355,19827354622482.55,9.806649999951098,-6.380384584658218e-15,9.806649999951091,113739705127.40512,-11373970512.61878,0.09999999999892974,0.2836363636379495,1.463477914508489,0.5499999999994648,0.44589898272501666,0.5499999999994648,239730723444.53906,6.878737356823171,3
True,Optimization terminated successfully,2.0,1000000000000000.0,0.1,unrestricted,1611635718562.5786,10249344492337.287,11860980210899.865,9.806649999975223,-3.590947331050892e-15,9.80664999997522,114039337239.1193,-11403933723.918715,0.1000000000000595,0.2836363636362753,1.4646988853726668,0.5500000000000298,0.47201288710938466,0.5500000000000298,239730723445.71854,6.722691590790181,6
True,Optimization terminated successfully,2.0,1778279410038922.8,0.1,unrestricted,1330390010882.6543,5985372122015.88,7315762132898.534,9.806649999987592,-2.0439862402404702e-15,9.80664999998759,118426733528.93799,-11842673352.839521,0.09999999999954168,0.28363636363704237,1.4825770861311829,0.5499999999997714,0.363625049401416,0.5499999999997714,239730723446.32327,5.549518191732877,8
True,Optimization terminated successfully,2.0,3162277660168379.5,0.1,unrestricted,1170264730376.9202,3481835134034.7007,4652099864411.621,9.806650000002497,-1.1678051161729056e-15,9.806650000002495,122508662216.80511,-12250866221.690313,0.10000000000008001,0.2836363636360589,1.506293802797691,0.550000000000158,0.27458175932766143,0.5103937901266036,239730723447.05197,4.8815801060033515,11
True,Optimization terminated successfully,2.0,5623413251903491.0,0.1,unrestricted,1110099016815.8733,2002417961036.3777,3112516977852.251,9.806649999999868,-6.665608719455877e-16,9.806649999999868,125289110587.02142,-12528911058.70224,0.10000000000000078,0.28054524076571996,1.5289001812032494,0.5499999999999998,0.5184272308128591,0.5184272308128591,239730723446.92343,4.630608045787882,17
True,Optimization terminated successfully,2.0,1e+16,0.1,unrestricted,990902243574.4937,1213074322700.5051,2203976566274.999,9.806650000000587,-3.92732698322586e-16,9.806650000000587,134972721314.99222,-13497272131.499556,0.10000000000000248,0.25619838466716727,1.6019035993841346,0.5500000000000269,0.42068260789500006,0.5259865657968517,239730723446.95862,4.1333969602512575,16
True,Optimization terminated successfully,2.0,1.7782794100389228e+16,0.1,unrestricted,949812342952.3478,711937877686.469,1661750220638.817,9.80665000000007,-2.270793375435745e-16,9.80665000000007,140864219652.79007,-14086421965.278843,0.09999999999999884,0.24252231187571888,1.6470884976990254,0.5500000000000054,0.36756041401561185,0.5299065890588904,239730723446.93338,3.961996732398789,20
True,Optimization terminated successfully,2.0,3.162277660168379e+16,0.1,unrestricted,910257051214.4381,430613842687.9688,1340870893902.407,9.806649999999879,-1.346869089941504e-16,9.806649999999879,151511842947.63068,-15151184294.762339,0.09999999999999519,0.2124178681362436,1.737259526665427,0.5499999999999982,0.31701769725903184,0.48489178647224124,239730723446.92395,3.7969978904934467,22
True,Optimization terminated successfully,2.0,5.623413251903491e+16,0.1,unrestricted,890292393499.6968,256891357655.34467,1147183751155.0415,9.806650000000364,-7.919626893978618e-17,9.806650000000364,160734124165.928,-16073412416.594793,0.1000000000000124,0.19009176478253384,1.8165361188878433,0.550000000000004,0.33252384862626644,0.5351479612142356,239730723446.9477,3.7137183782650123,29
True,Optimization terminated successfully,2.0,1e+17,0.1,unrestricted,747129656106.2473,263660511642.90442,1010790167749.1517,9.806650000000225,-9.722482432320326e-17,9.806650000000225,293361883058.60333,-29336188305.861774,0.10000000000000492,0.01533873391963155,1.6174119781443321,0.6196520847129678,0.16585218308483562,0.2766912294688518,239730723446.9409,3.116536943466105,23
True,Optimization terminated successfully,2.0,1.778279410038923e+17,0.1,unrestricted,642399352122.5347,223659280169.68613,866058632292.2208,9.806649999999696,-7.690764971218696e-17,9.806649999999696,442532852326.792,-44253285232.67675,0.09999999999999447,0.05504566153941275,1.3885323319199785,0.5304817729998943,0.12631369222772115,0.21872133346794936,239730723446.91507,2.6796705190137415,19
True,Optimization terminated successfully,2.0,3.1622776601683795e+17,0.1,unrestricted,609280577757.6438,149614021900.306,758894599657.9498,9.806650000001127,-5.01030297234162e-17,9.806650000001127,526418195184.41327,-52641819518.450455,0.10000000000001734,0.07710292804681358,1.2598201129057065,0.5060758686064366,0.11935943176139115,0.2110734731993858,239730723446.98508,2.5415206236274606,20
True,Optimization terminated successfully,2.0,5.6234132519034906e+17,0.1,unrestricted,598807545422.9906,91673358420.2737,690480903843.2643,9.806650000000166,-3.033328083100398e-17,9.806650000000166,573590217651.5017,-57359021765.151146,0.1000000000000017,0.08667253177670725,1.1874404793209792,0.4941079548484855,0.11628148925392122,0.2078162263693277,239730723446.93808,2.4978339731057897,20
True,Optimization terminated successfully,2.0,1e+18,0.1,unrestricted,595495678646.1449,53935825911.56291,649431504557.7078,9.806650000000253,-1.7743802015941158e-17,9.806650000000253,600116997237.9868,-60011699723.800674,0.10000000000000332,0.0913930414692705,1.1467384591481544,0.4883798809742725,0.11515202380195538,0.20651178630538078,239730723446.94226,2.4840190280322636,20
True,Optimization terminated successfully,2.0,100000000000000.0,0.1,front_rear,3324407187195.5796,99379314974347.3,102703722161542.88,9.806649998727808,-3.556331643733673e-14,9.806649998727773,110574400376.77774,-11057440034.787163,0.09999999997385822,0.283636363675101,1.4505796145248484,0.5499999999869292,0.38861202541720663,0.5499999999869292,239730723384.7306,13.867255478391154,9
True,Optimization terminated successfully,2.0,177827941003892.28,0.1,front_rear,2141431859020.7954,56736684133041.66,58878115992062.45,9.806649999787941,-2.0093382383457984e-14,9.806649999787922,112259355578.31674,-11225935557.502644,0.09999999999706902,0.2836363636407069,1.4574456382685137,0.5499999999985346,0.31483605359409716,0.5499999999985346,239730723436.56204,8.932655056987157,9
True,Optimization terminated successfully,2.0,316227766016837.94,0.1,front_rear,1767342215237.1846,32174678054431.15,33942020269668.332,9.806649999808872,-1.1329273361949962e-14,9.806649999808862,113206875511.56964,-11320687550.69534,0.0999999999959223,0.283636363642406,1.4613066871616023,0.5499999999979611,0.3991196858088683,0.5499999999979611,239730723437.5854,7.372197396706715,4
True,Optimization terminated successfully,2.0,562341325190349.06,0.1,front_rear,1649044682936.8442,18178309939549.16,19827354622486.004,9.806649999953246,-6.38038458465938e-15,9.806649999953239,113739705127.42265,-11373970512.625788,0.09999999999897592,0.28363636363788114,1.4634779145084353,0.5499999999994879,0.44589898272502143,0.5499999999994879,239730723444.644,6.8787373568228665,3
True,Optimization terminated successfully,2.0,1000000000000000.0,0.1,front_rear,1611635718568.8796,10249344492357.2,11860980210926.078,9.806649999993702,-3.59094733105779e-15,9.806649999993699,114039337239.34084,-11403933723.93509,0.10000000000000882,0.28363636363635053,1.4646988853727199,0.5500000000000044,0.4720128871092472,0.5500000000000044,239730723446.62204,6.722691590791128,6
True,Optimization terminated successfully,2.0,1778279410038922.8,0.1,front_rear,1330388842847.96,5985373290043.27,7315762132891.2295,9.80664999999933,-2.0439863700760613e-15,9.806649999999328,118426756639.55928,-11842675663.951473,0.09999999999996238,0.28363636363641587,1.4825771803038574,0.5499999999999812,0.3636235190788752,0.5499999999999812,239730723446.8972,5.549513319441739,7
True,Optimization terminated successfully,2.0,3162277660168379.5,0.1,front_rear,1170264230096.1753,3481835634325.3853,4652099864421.561,9.806649999999472,-1.1678054312728272e-15,9.80664999999947,122508679819.57497,-12250867981.956173,0.0999999999999892,0.2836363636363795,1.5062942092304958,0.5499999999999946,0.27458143149223774,0.5103934939614939,239730723446.9041,4.881578019161849,10
True,Optimization terminated successfully,2.0,5623413251903491.0,0.1,front_rear,1110098156674.3787,2002418821210.0967,3112516977884.4756,9.806649999999959,-6.665613882226572e-16,9.806649999999959,125289164407.15404,-12528916440.715137,0.09999999999999787,0.2805441989267277,1.5289013653953156,0.5499999999999987,0.5184263444212523,0.5184263444212523,239730723446.92792,4.630604457839274,17
True,Optimization terminated successfully,2.0,1e+16,0.1,front_rear,990899990176.305,1213076576058.2454,2203976566234.5503,9.806650000001149,-3.927333489904238e-16,9.806650000001149,134972972034.85382,-13497297203.492655,0.10000000000005388,0.2561961153423347,1.6019062533704211,0.5500000000000266,0.4206811061754116,0.5259872570808042,239730723446.98608,4.13338756054533,16
True,Optimization terminated successfully,2.0,1.7782794100389228e+16,0.1,front_rear,950560890655.3193,711201971262.713,1661762861918.0322,9.806650000000321,-2.26758716409308e-16,9.806650000000321,140718613010.1758,-14071861301.019007,0.10000000000001014,0.24383987818676667,1.6447629167453273,0.5500000000000044,0.3678854505869723,0.5298842954504778,239730723446.94562,3.9651191845073885,18
True,Optimization terminated successfully,2.0,3.162277660168379e+16,0.1,front_rear,925830144779.1748,419130974757.76135,1344961119536.936,9.806650000000245,-1.308909096205348e-16,9.806650000000245,147471586202.5853,-14747158620.25946,0.1000000000000063,0.2352913761429589,1.688296816597411,0.550000000000003,0.32696654115050805,0.4976288691847421,239730723446.94186,3.861958665402698,19
True,Optimization terminated successfully,2.0,5.623413251903491e+16,0.1,front_rear,911719098782.622,245916993235.93173,1157636092018.5537,9.806649999999918,-7.561739402703359e-17,9.806649999999918,153867583892.5154,-15386758389.251226,0.09999999999999795,0.2270057091447759,1.734446954448388,0.5499999999999988,0.3460184472862087,0.5342984636316755,239730723446.92587,3.8030965980231066,22
True,Optimization terminated successfully,2.0,1e+17,0.1,front_rear,739892423080.3911,276245086125.4345,1016137509205.8257,9.80664999999954,-7.292148474099193e-17,9.80664999999954,307364110562.0014,-30736411056.19734,0.09999999999999089,0.011446663735673487,1.5197030322019973,0.25843324109721827,0.15495883437141905,0.25161787484529197,239730723446.9074,3.086347934224014,23
True,Optimization terminated successfully,2.0,1.778279410038923e+17,0.1,front_rear,641273021117.3611,226608539533.26077,867881560650.6218,9.806649999999996,-5.638018680850669e-17,9.806649999999996,448368264823.0854,-44836826482.3085,0.09999999999999992,0.0556461591651116,1.3199453568297468,0.16695613115363075,0.09463882801799887,0.15795026216514552,239730723446.92972,2.6749722017141564,26
True,Optimization terminated successfully,2.0,3.1622776601683795e+17,0.1,front_rear,608976362196.1807,150680808370.27737,759657170566.458,9.806649999999228,-3.6675618309826565e-17,9.806649999999228,530171692356.91547,-53017169235.685684,0.09999999999998894,0.07727392445282161,1.2129072875718605,0.13763944998613703,0.07417911120812061,0.12485041874477901,239730723446.89218,2.540251635002002,25
True,Optimization terminated successfully,2.0,5.6234132519034906e+17,0.1,front_rear,598763525165.1714,92085950247.97398,690849475413.1454,9.80664999999988,-2.2195344623492528e-17,9.80664999999988,576171759773.7712,-57617175977.3759,0.09999999999999788,0.08673816301001347,1.1527196749873092,0.12481087689937286,0.06522631217343523,0.11036634887524559,239730723446.92407,2.497650349341796,26
True,Optimization terminated successfully,2.0,1e+18,0.1,front_rear,595533808606.631,54108673023.10433,649642481629.7354,9.806650000000097,-1.2978509526547456e-17,9.806650000000097,602040180721.4395,-60204018072.144745,0.10000000000000132,0.09142496348756625,1.1188729814150895,0.11845798771156052,0.060792900088980646,0.10319293675863474,239730723446.93466,2.484178081323209,26
True,Optimization terminated successfully,2.0,100000000000000.0,0.01,unrestricted,4086443316818.191,112900987970792.56,116987431287610.75,9.80664999797975,-3.832131478950235e-14,9.806649997979711,125619290594.21124,-1256192899.7137876,0.009999999950419041,0.4170000000734699,1.5630746400614624,0.5049999999752095,0.387631906054194,0.5049999999752095,239730723348.157,17.04597249674801,10
True,Optimization terminated successfully,2.0,177827941003892.28,0.01,unrestricted,2544218273676.485,64599092740398.87,67143311014075.35,9.80664999979124,-2.168540609973673e-14,9.806649999791219,127815938361.43565,-1278159382.9572432,0.00999999999485891,0.41700000000761805,1.5729208717070637,0.5049999999974294,0.272024996678596,0.5049999999974294,239730723436.72333,10.612816902244191,3
True,Optimization terminated successfully,2.0,316227766016837.94,0.01,unrestricted,2056523895362.7583,36677815970000.914,38734339865363.67,9.806649999772933,-1.2237527022778899e-14,9.80664999977292,129051204165.2056,-1290512040.9301858,0.009999999994406327,0.4170000000082887,1.5784578146762291,0.5049999999972031,0.35668213468996496,0.5049999999972031,239730723435.82828,8.57847448957978,3
True,Optimization terminated successfully,2.0,562341325190349.06,0.01,unrestricted,1902301391688.7551,20736471791778.832,22638773183467.586,9.806649999993928,-6.895241878601134e-15,9.80664999999392,129745845176.10754,-1297458451.7432907,0.009999999999862926,0.41700000000020293,1.5815714665142349,0.5049999999999314,0.40358022251502734,0.5049999999999314,239730723446.63306,7.935158933069462,4
True,Optimization terminated successfully,2.0,1000000000000000.0,0.01,unrestricted,1853531953857.417,11696082682517.922,13549614636375.34,9.806650000022659,-3.881772157492681e-15,9.806650000022655,130136470523.11322,-1301364705.3608465,0.010000000000996757,0.4169999999945687,1.5833224016183707,0.505000000003699,0.4297330213307302,0.5049999999956002,239730723448.03775,7.731724691763068,5
True,Optimization terminated successfully,2.0,1778279410038922.8,0.01,unrestricted,1617075624049.0833,6776154694059.294,8393230318108.377,9.806650000016191,-2.2072087386050774e-15,9.80665000001619,134073178733.9476,-1340731787.4255195,0.010000000000641765,0.4169999999974952,1.6009682627616049,0.5050000000007354,0.3606461242451363,0.5049999999985051,239730723447.7215,6.745383323392514,9
True,Optimization terminated successfully,2.0,3162277660168379.5,0.01,unrestricted,1400796185083.0718,3966618435654.173,5367414620737.244,9.806650000005606,-1.2677231336000348e-15,9.806650000005604,139565803482.88998,-1395658034.8595674,0.010000000000219736,0.4169999999992821,1.6351730895488612,0.5050000000002495,0.2692217700140348,0.4657895091517985,239730723447.20395,5.843206765242044,12
True,Optimization terminated successfully,2.0,5623413251903491.0,0.01,unrestricted,1314804991444.988,2294878824526.037,3609683815971.0254,9.806649999995653,-7.284042222673392e-16,9.806649999995653,143588068237.78436,-1435880682.362474,0.00999999999989296,0.4100321603760692,1.67075115610006,0.5049999999999664,0.47404524913577334,0.47404524913577334,239730723446.71738,5.4845076698615856,18
True,Optimization terminated successfully,2.0,1e+16,0.01,unrestricted,1210843819443.877,1371759430933.294,2582603250377.171,9.806649999999516,-4.283413422813421e-16,9.806649999999516,152628820772.00095,-1526288207.7180738,0.009999999999987318,0.3874137162776136,1.7471464456521246,0.5049999999999959,0.419002740087129,0.4805468701106118,239730723446.90628,5.050849561683508,18
True,Optimization terminated successfully,2.0,1.7782794100389228e+16,0.01,unrestricted,1155925566449.6587,810930794222.4285,1966856360672.0872,9.806650000000575,-2.490137158987613e-16,9.806650000000575,160450984700.7551,-1604509847.0101807,0.01000000000001639,0.3743665356236096,1.8061864706091966,0.505000000000024,0.363258857652349,0.48466165661844707,239730723446.95804,4.821766479611925,19
True,Optimization terminated successfully,2.0,3.162277660168379e+16,0.01,unrestricted,1128342969096.0876,475942170397.3967,1604285139493.4844,9.806649999999898,-1.4557980416635273e-16,9.806649999999898,167460653199.8039,-1674606531.997614,0.009999999999997462,0.3508191584372129,1.8777615699018455,0.5049999999999994,0.329853608842808,0.48710717943167503,239730723446.92493,4.706709898808179,20
True,Optimization terminated successfully,2.0,5.623413251903491e+16,0.01,unrestricted,1107860430234.0046,282993205021.6291,1390853635255.6338,9.806649999999504,-8.53334216708445e-17,9.806649999999504,177065765735.44025,-1770657657.3518155,0.00999999999998539,0.332522377187279,1.9573048666124142,0.5049999999999941,0.2980741636872766,0.4538624239797135,239730723446.90564,4.621270124683739,22
True,Optimization terminated successfully,2.0,1e+17,0.01,unrestricted,1098204212307.795,166352334245.57568,1264556546553.3706,9.80665000000038,-4.9733198897820343e-17,9.80665000000038,185091934022.99008,-1850919340.231967,0.010000000000011163,0.3169461419361906,2.028549969574366,0.5050000000000108,0.3186369350756885,0.49033814080232285,239730723446.94852,4.580990690376919,28
True,Optimization terminated successfully,2.0,1.778279410038923e+17,0.01,unrestricted,1093798161828.4592,96718724815.6982,1190516886644.1575,9.806649999999866,-2.880895868891242e-17,9.806649999999866,191367928635.1477,-1913679286.3511639,0.009999999999998363,0.30316958711105907,2.0896178842379607,0.504999999999999,0.3075123229408158,0.49112721842619445,239730723446.92337,4.5626115255545345,30
True,Optimization terminated successfully,2.0,3.1622776601683795e+17,0.01,unrestricted,1092288400273.0342,55494352222.32919,1147782752495.3633,9.806650000000426,-1.6507163604302298e-17,9.806650000000426,195257345326.04608,-1952573453.2631364,0.010000000000013703,0.2952225566598985,2.129177025737552,0.505000000000013,0.30143788094292506,0.4915561789564066,239730723446.95074,4.556313786433566,39
True,Optimization terminated successfully,2.0,5.6234132519034906e+17,0.01,unrestricted,1078312901711.8955,44904035437.70996,1123216937149.6055,9.806650000000982,-1.5874798160475782e-17,9.806650000000982,280959658334.61505,-2809596583.352309,0.01000000000002192,0.19867433091069545,2.1486941626242935,0.6025067397236648,0.20978594385548424,0.3459853846059838,239730723446.97794,4.498017134422029,105
True,Optimization terminated successfully,2.0,1e+18,0.01,unrestricted,747129082184.2733,263661085569.9673,1010790167754.2406,9.806650000001074,-7.96344573269286e-17,9.806650000001074,2933625216385.82,-29336252163.86592,0.010000000000002632,0.00153381337991405,1.6174119442270662,0.42076169036477934,0.13007327428546156,0.23393530678749752,239730723446.98242,3.1165345494379424,28
False,Positive directional derivative for linesearch,2.0,100000000000000.0,0.01,front_rear,4086444567499.235,112900987052908.38,116987431620407.61,9.806650014649081,-3.8321314725813474e-14,9.806650014649042,125619289572.92737,-1256192963.3954744,0.01000000053866091,0.4169999986026706,1.5630746337076056,0.5050000000875775,0.38763200438372447,0.5049999988028127,239730724163.14493,17.045977655823,6
True,Optimization terminated successfully,2.0,177827941003892.28,0.01,front_rear,2544218272969.158,64599092732809.84,67143311005779.0,9.806649997977658,-2.16854060966082e-14,9.806649997977637,127815938346.42,-1278159377.2156177,0.009999999951112651,0.4170000000724421,1.5729208717710266,0.5049999999755563,0.2720249966586446,0.5049999999755563,239730723348.0547,10.612816903219024,7
True,Optimization terminated successfully,2.0,316227766016837.94,0.01,front_rear,2056523895415.1501,36677815970359.21,38734339865774.36,9.806649999927881,-1.2237527022927842e-14,9.806649999927869,129051204166.46628,-1290512041.4374807,0.009999999998239598,0.41700000000260845,1.5784578146705004,0.5049999999991198,0.3566821346911566,0.5049999999991198,239730723443.40393,8.578474489527238,3
True,Optimization terminated successfully,2.0,562341325190349.06,0.01,front_rear,1902301391663.4502,20736471791702.26,22638773183365.71,9.80664999992898,-6.895241878567227e-15,9.806649999928974,129745845175.62846,-1297458451.5192902,0.009999999998173395,0.41700000000270665,1.5815714665169314,0.5049999999990867,0.4035802225167463,0.5049999999990867,239730723443.4577,7.935158933069012,3
True,Optimization terminated successfully,2.0,1000000000000000.0,0.01,front_rear,1853531953852.8132,11696082682397.96,13549614636250.773,9.806649999997244,-3.881772157459892e-15,9.80664999999724,130136470521.77849,-1301364705.2092166,0.009999999999934159,0.41700000000009735,1.5833224016197103,0.504999999999967,0.42973302133448515,0.504999999999967,239730723446.7952,7.731724691783938,5
True,Optimization terminated successfully,2.0,1778279410038922.8,0.01,front_rear,1617071431725.4045,6776158886370.083,8393230318095.487,9.806650000002161,-2.207209251205246e-15,9.80665000000216,134073261683.12146,-1340732616.843078,0.010000000000088483,0.41699999999980997,1.6009686345753578,0.5050000000000907,0.3606445571607263,0.504999999999897,239730723447.03558,6.745365835775609,10
True,Optimization terminated successfully,2.0,3162277660168379.5,0.01,front_rear,1400796124229.9275,3966618496501.0483,5367414620730.976,9.806649999999053,-1.2677231571155834e-15,9.80664999999905,139565805623.79242,-1395658056.2341232,0.009999999999972765,0.4170000000000404,1.6351731198829875,0.5049999999999863,0.26922190674839347,0.46578961929323504,239730723446.8836,5.843206511410281,11
True,Optimization terminated successfully,2.0,5623413251903491.0,0.01,front_rear,1314805175385.2595,2294878640568.1997,3609683815953.459,9.806650000002278,-7.284041079369247e-16,9.806650000002278,143588056727.74286,-1435880567.290409,0.0100000000000904,0.4100321670073823,1.6707508938576834,0.5050000000000491,0.47404494830810817,0.47404494830810817,239730723447.0413,5.484508437132848,17
True,Optimization terminated successfully,2.0,1e+16,0.01,front_rear,1210842471586.1357,1371760778857.627,2582603250443.7627,9.806650000000017,-4.2834173659791735e-16,9.806650000000017,152628970748.8094,-1526289707.488272,0.010000000000001166,0.38741257568516857,1.7471480540160655,0.5050000000000007,0.41900184826551035,0.4805467413907188,239730723446.93073,5.050843939300839,18
True,Optimization terminated successfully,2.0,1.7782794100389228e+16,0.01,front_rear,1155923389951.2434,810932970713.0048,1966856360664.248,9.806650000001198,-2.4901403835756935e-16,9.806650000001198,160451415341.76495,-1604514153.424969,0.010000000000045618,0.37436647001046497,1.8061888095194696,0.5050000000000239,0.3632544791503138,0.48466094896830186,239730723446.98853,4.821757400681485,17
True,Optimization terminated successfully,2.0,3.162277660168379e+16,0.01,front_rear,1138557832464.098,468522261587.4784,1607080094051.5762,9.80664999999994,-1.426047992108008e-16,9.80664999999994,164849952040.55502,-1648499520.405114,0.009999999999997353,0.3675732098963458,1.8393884589625014,0.5049999999999987,0.33423237881847717,0.48680371752892737,239730723446.92706,4.749319637022487,18
True,Optimization terminated successfully,2.0,5.623413251903491e+16,0.01,front_rear,1128441274293.0093,271401229087.58838,1399842503380.5977,9.806650000000168,-8.175371035688772e-17,9.806650000000168,169812792664.9708,-1698127926.650492,0.010000000000004616,0.3619906572767293,1.8751965175190066,0.5050000000000021,0.31211999160800696,0.4717893990107254,239730723446.93817,4.707119963882216,20
True,Optimization terminated successfully,2.0,1e+17,0.01,front_rear,1122517418987.6968,156884731351.73508,1279402150339.432,9.806650000000465,-4.6802662769999785e-17,9.806650000000465,174557805132.4649,-1745578051.3274896,0.010000000000016274,0.35750635906633926,1.9090173614841992,0.5050000000000082,0.2955572312981373,0.45181759986659087,239730723446.95267,4.682409508667278,21
True,Optimization terminated successfully,2.0,1.778279410038923e+17,0.01,front_rear,1120479641994.86,89695922002.91891,1210175563997.779,9.806650000000078,-2.66315734963632e-17,9.806650000000078,177472592131.73953,-1774725921.318024,0.010000000000003543,0.35450246796559987,1.9316842675335844,0.5050000000000014,0.28647762776803665,0.48984434132683247,239730723446.93372,4.673909234011414,21
True,Optimization terminated successfully,2.0,3.1622776601683795e+17,0.01,front_rear,1119779213620.2817,50945393507.11442,1170724607127.3962,9.80665000000002,-1.50922518312442e-17,9.80665000000002,179251795803.2385,-1792517958.0325058,0.010000000000000673,0.352543442010437,1.946674585412092,0.5050000000000001,0.3240383073102054,0.49015220109862273,239730723446.93094,4.670987504311965,24
True,Optimization terminated successfully,2.0,5.6234132519034906e+17,0.01,front_rear,1045493082759.059,100033203162.51639,1145526285921.5754,9.80664999999988,-2.3951696150993836e-17,9.80664999999988,625896855565.3507,-6258968555.653393,0.009999999999999818,0.08646838591993035,1.8875171636832846,0.14252237368628273,0.09016474721534243,0.13842830289104155,239730723446.92407,4.36111428575624,33
True,Optimization terminated successfully,2.0,1e+18,0.01,front_rear,739894271697.155,276243237481.3143,1016137509178.4692,9.806649999999868,-6.087220728440664e-17,9.806649999999868,3073620536680.1733,-30736205366.800926,0.009999999999999737,0.0011448581695488247,1.519707082028938,0.025843569544933238,0.015496122505104681,0.025162018051624692,239730723446.92343,3.0863556454455376,32
True,Optimization terminated successfully,2.0,100000000000000.0,0.0,unrestricted,4192627258981.9585,114633375467400.1,118826002726382.05,9.80664999763944,-3.867471913777179e-14,9.8066499976394,127546831639.41821,7.0468625235784605,5.5249216566196815e-11,0.43181818190005095,1.577489525865864,0.4999999999723754,0.3875724771344634,0.4999999999723754,239730723331.51865,17.488902551651925,14
True,Optimization terminated successfully,2.0,177827941003892.28,0.0,unrestricted,2600638685362.0376,65609109092217.75,68209747777579.79,9.806649999247055,-2.1889935598886136e-14,9.806649999247034,129814359427.2998,0.28014621218537394,2.1580525715436342e-12,0.4318181818213796,1.5877561355025815,0.499999999998921,0.26724159837182143,0.499999999998921,239730723410.11734,10.848166010465903,2
True,Optimization terminated successfully,2.0,316227766016837.94,0.0,unrestricted,2097207694377.3782,37257118223851.08,39354325918228.45,9.806650000014068,-1.235437515322847e-14,9.806650000014056,131089484020.6945,0.0,0.0,0.4318181817975825,1.5935294744217663,0.49999999998780215,0.35194722610127355,0.4999999999795854,239730723447.61777,8.748180726345772,3
True,Optimization terminated successfully,2.0,562341325190349.06,0.0,unrestricted,1938008836833.8926,21065819715242.543,23003828552076.438,9.8066499999066,-6.961529973752904e-15,9.806649999906593,131806539257.33194,0.30185838250904834,2.290162416901914e-12,0.43181818182157533,1.5967760614806599,0.4999999999988549,0.3988607485156017,0.4999999999988549,239730723442.3635,8.084107072324555,3
True,Optimization terminated successfully,2.0,1000000000000000.0,0.0,unrestricted,1887665737799.2927,11882421461697.03,13770087199496.322,9.806649999994416,-3.919231966694429e-15,9.806649999994413,132209769054.09918,0.015622893464716653,1.181674665684038e-13,0.43181818181835685,1.5986017515447823,0.49999999999994094,0.4250186168646524,0.49999999999994094,239730723446.65692,7.874108544203021,5
True,Optimization terminated successfully,2.0,1778279410038922.8,0.0,unrestricted,1658246855105.9897,6876464556797.049,8534711411903.039,9.806649999998006,-2.2279668365909253e-15,9.806649999998005,136057912371.65627,0.008319708901298888,6.114829160815537e-14,0.43181818181827236,1.616024861399153,0.4999999999999694,0.36056040147762075,0.4999999999999694,239730723446.83246,6.917122808723998,8
True,Optimization terminated successfully,2.0,3162277660168379.5,0.0,unrestricted,1434163460018.2078,4028595987239.0356,5462759447257.243,9.80664999999661,-1.2805087435385393e-15,9.806649999996608,141746488851.3371,0.01399448069044107,9.87289406873309e-14,0.43181818181832293,1.6516646126224648,0.4999999999999565,0.26881612279870026,0.46080186963314546,239730723446.76416,5.982393242711277,12
True,Optimization terminated successfully,2.0,5623413251903491.0,0.0,unrestricted,1344703436597.387,2332371139456.8325,3677074576054.2197,9.806650000000122,-7.362887925541754e-16,9.806650000000122,145933921542.60422,0.00020725253490780146,1.4201806729855867e-15,0.4245362084770426,1.6888361074483134,0.5000000000000038,0.46908500183505863,0.46908500183505863,239730723446.93588,5.6092244551000805,18
True,Optimization terminated successfully,2.0,1e+16,0.0,unrestricted,1243496063754.6443,1391100282423.155,2634596346177.7993,9.806649999998655,-4.32697661385909e-16,9.806649999998655,154780780721.4328,0.0041154431931692,2.658885149685336e-14,0.4021621914831029,1.7649152825315872,0.4999999999999921,0.419538027884964,0.4754445641089374,239730723446.86414,5.187053398394565,18
True,Optimization terminated successfully,2.0,1.7782794100389228e+16,0.0,unrestricted,1186512181637.2974,823294003732.7545,2009806185370.0518,9.806649999999117,-2.5178061931888325e-16,9.806649999999117,162897172654.3099,0.0033061713901958805,2.0296063684371174e-14,0.38901361272429785,1.8262558210261495,0.4999999999999912,0.3633573048434989,0.4795916397803725,239730723446.88672,4.949353860771099,19
True,Optimization terminated successfully,2.0,3.162277660168379e+16,0.0,unrestricted,1158258219691.7644,483446069798.6426,1641704289490.407,9.806650000000221,-1.472405318860289e-16,9.806650000000221,170100906519.2965,-0.0003355517231840595,1.972662756773692e-15,0.3658277825438827,1.8991824717083903,0.5000000000000036,0.32980414978246925,0.4820486829492925,239730723446.94073,4.831496785384373,20
True,Optimization terminated successfully,2.0,5.623413251903491e+16,0.0,unrestricted,1140229779702.2095,285677401774.3721,1425907181476.5815,9.806650000000154,-8.600405446621207e-17,9.806650000000154,178745238404.661,-0.000266467544881459,1.4907672353106472e-15,0.3486309557259094,1.9726872667127433,0.5000000000000039,0.30096718904877245,0.4565259932588269,239730723446.93744,4.756293908880606,22
True,Optimization terminated successfully,2.0,1e+17,0.0,unrestricted,1131119330841.8335,167374253793.31708,1298493584635.1506,9.806649999999847,-4.9925561772369926e-17,9.806649999999847,186228972865.0668,0.0004934584164471463,2.6497403108413437e-15,0.33554891954045,2.0363961912526896,0.49999999999999906,0.28081874961406217,0.4851010152493785,239730723446.92242,4.718291066652827,26
True,Optimization terminated successfully,2.0,1.778279410038923e+17,0.0,unrestricted,1126513173896.7214,97437317064.3741,1223950490961.0955,9.806649999999937,-2.895375167105278e-17,9.806649999999937,192789737187.984,0.00020725253490780146,1.0750185042563504e-15,0.3213414728043698,2.100120242489067,0.49999999999999917,0.309258392389461,0.4859150472213461,239730723446.92685,4.699077188352607,30
True,Optimization terminated successfully,2.0,3.1622776601683795e+17,0.0,unrestricted,1125056552719.3987,55841661316.96455,1180898214036.3633,9.806650000000015,-1.655973521510041e-17,9.806650000000015,196479355298.41956,0.00018751419824991562,9.54370997223157e-16,0.31376802428917244,2.1359579766389336,0.4999999999999997,0.3031446953552681,0.48634859156942056,239730723446.93066,4.6930011161813106,33
True,Optimization terminated successfully,2.0,5.6234132519034906e+17,0.0,unrestricted,1124564386138.2913,31760416435.002697,1156324802573.294,9.806649999999717,-9.410240009534755e-18,9.806649999999717,198721465969.8418,0.0002516637923880446,1.2664147336062699e-15,0.30936808644711106,2.1584401757261116,0.499999999999999,0.29975215589061593,0.48659255373137267,239730723446.91608,4.6909481186599145,37
True,Optimization terminated successfully,2.0,1e+18,0.0,unrestricted,1124366804698.367,18003402714.82587,1142370207413.1929,9.806649999999962,-5.335126805778317e-18,9.806649999999962,200314870398.0687,1.480375249341439e-05,7.39024140544142e-17,0.30642153948070977,2.1761261208580795,0.500000000000002,0.2977630095608994,0.48672488402761854,239730723446.92807,4.690123937941066,43
True,Optimization terminated successfully,2.0,100000000000000.0,0.0,front_rear,4192627529459.762,114633375280865.17,118826002810324.94,9.806650002939433,-3.8674719128763345e-14,9.806650002939394,127546831431.87013,-13.946654700719012,1.0934536392751314e-10,0.431818181535906,1.5774895244230236,0.4999999999455174,0.38757249768382224,0.49999999976213894,239730723590.6431,17.488903661004944,6
True,Optimization terminated successfully,2.0,177827941003892.28,0.0,front_rear,2600638685125.774,65609109095673.78,68209747780799.555,9.806649999713905,-2.1889935599957996e-14,9.806649999713883,129814359434.13791,0.09901736584428439,7.627612713716886e-13,0.4318181818193122,1.5877561355047418,0.49999999999961864,0.2672415984356416,0.49999999999961864,239730723432.94226,10.848166008447505,3
True,Optimization terminated successfully,2.0,316227766016837.94,0.0,front_rear,2097207694286.1277,37257118221437.766,39354325915723.89,9.806649999751823,-1.2354375152490862e-14,9.80664999975181,131089484012.20323,0.7783813061037287,5.937786024325708e-12,0.4318181818269805,1.5935294744301007,0.4999999999970311,0.3519472261143793,0.4999999999970311,239730723434.7962,8.748180726433015,3
True,Optimization terminated successfully,2.0,562341325190349.06,0.0,front_rear,1938008836844.3618,21065819715286.082,23003828552130.445,9.806649999939673,-6.9615299737708736e-15,9.806649999939665,131806539257.60437,0.19496542033826753,1.4791786616688618e-12,0.4318181818203736,1.5967760614793964,0.49999999999926037,0.3988607485158344,0.49999999999926037,239730723443.9804,8.084107072313701,3
True,Optimization terminated successfully,2.0,1000000000000000.0,0.0,front_rear,1887665737799.4958,11882421461697.426,13770087199496.922,9.80664999999523,-3.919231966694635e-15,9.806649999995226,132209769054.10359,0.011487711934889566,8.689003858851385e-14,0.43181818181831044,1.5986017515447342,0.49999999999995653,0.42501861686466785,0.49999999999995653,239730723446.69672,7.874108544202561,5
True,Optimization terminated successfully,2.0,1778279410038922.8,0.0,front_rear,1658243262282.978,6876468149593.698,8534711411876.676,9.806649999998355,-2.227967280328691e-15,9.806649999998353,136057983458.82724,0.007036717018536307,5.1718516177080494e-14,0.43181818181825843,1.616025183258133,0.4999999999999742,0.36055737957491546,0.4999999999999742,239730723446.8495,6.917107821812525,10
True,Optimization terminated successfully,2.0,3162277660168379.5,0.0,front_rear,1434163430129.9954,4028596017127.621,5462759447257.616,9.80664999999882,-1.2805087596717897e-15,9.806649999998818,141746489902.9695,0.0035923772717352254,2.534367711111813e-14,0.43181818181821924,1.6516646334316032,0.49999999999998734,0.26881626805673076,0.46080197333780204,239730723446.87222,5.982393118034479,11
True,Optimization terminated successfully,2.0,5623413251903491.0,0.0,front_rear,1344703142704.4429,2332371433366.118,3677074576070.561,9.80665000000047,-7.362890276813209e-16,9.80665000000047,145933939932.18808,-0.0011645618628152654,7.980061823564886e-15,0.4245361015366871,1.6888366467627733,0.4999999999999973,0.46908420258838335,0.46908420258838335,239730723446.9529,5.609223229170273,17
True,Optimization terminated successfully,2.0,1e+16,0.0,front_rear,1243494579827.4858,1391101766426.698,2634596346254.1836,9.806650000000369,-4.326980834483009e-16,9.806650000000369,154780945839.09534,-0.0003947667331577171,2.5504866313977838e-15,0.40216101722073055,1.764917004066761,0.4999999999999981,0.41953706504413046,0.4754444663055947,239730723446.94797,5.187047208417861,18
True,Optimization terminated successfully,2.0,1.7782794100389228e+16,0.0,front_rear,1186510115862.5955,823296069543.0045,2009806185405.6,9.806649999999998,-2.517809484040554e-16,9.806649999999998,162897581396.0807,-4.934584164471464e-05,3.029255635461626e-16,0.3890129610183518,1.8262582079996903,0.5000000000000001,0.3633537558587372,0.4795908286794481,239730723446.92978,4.9493452437073975,17
True,Optimization terminated successfully,2.0,3.162277660168379e+16,0.0,front_rear,1168491591479.967,475944597604.8092,1644436189084.7764,9.806649999999987,-1.4426101524421424e-16,9.806649999999987,167461507214.77466,-0.00011843001994731512,7.072074168986482e-16,0.3821784789551182,1.8607511667694443,0.5000000000000002,0.33415522868545366,0.4817466621643791,239730723446.9293,4.874183728639368,18
True,Optimization terminated successfully,2.0,5.623413251903491e+16,0.0,front_rear,1160303587066.3535,274028124967.67657,1434331712034.03,9.806650000000001,-8.242023779510478e-17,9.806650000000001,171456412802.35022,-9.869168328942927e-06,5.756080025026422e-17,0.3772638057382355,1.89048475245687,0.5,0.31488582224626915,0.474242454938827,239730723446.93,4.840028722155898,20
True,Optimization terminated successfully,2.0,1e+17,0.0,front_rear,1154164854614.098,158516615103.0231,1312681469717.121,9.806649999999934,-4.72100639970689e-17,9.806649999999934,176373520679.80853,-0.00031581338652617366,1.7905941056736437e-15,0.3727087691511836,1.9256347069414808,0.5000000000000002,0.298061679008042,0.453955745056113,239730723446.92667,4.814421939829566,20
True,Optimization terminated successfully,2.0,1.778279410038923e+17,0.0,front_rear,1152150725510.87,90600970662.42369,1242751696173.2937,9.806649999999957,-2.6845986116012394e-17,9.806649999999957,179263323839.72556,-0.00012829918827625804,7.157023842253803e-16,0.3699668015950327,1.947236389686419,0.49999999999999967,0.2889280581198618,0.4429639848005903,239730723446.9278,4.806020308723325,20
True,Optimization terminated successfully,2.0,3.1622776601683795e+17,0.0,front_rear,1151463402737.8494,51444468593.41201,1202907871331.2615,9.806650000000099,-1.5204476879995456e-17,9.806650000000099,181007795694.51434,-4.934584164471464e-05,2.7261721770257503e-16,0.3681929489508905,1.9611499369165104,0.4999999999999999,0.28385459350247894,0.48498451814302573,239730723446.93478,4.803153247033561,21
True,Optimization terminated successfully,2.0,5.6234132519034906e+17,0.0,front_rear,1151232256517.6885,29096015183.62541,1180328271701.314,9.80665000000013,-8.588584890101065e-18,9.80665000000013,182050597573.35406,-0.0002960750498682878,1.6263338534167106e-15,0.36707884307249355,1.969975968800426,0.5000000000000007,0.3227081403239197,0.48515767773739227,239730723446.9363,4.802189055974339,22
True,Optimization terminated successfully,2.0,1e+18,0.0,front_rear,1151158291647.3296,16415132392.017202,1167573424039.3467,9.806649999999985,-4.84214096594927e-18,9.806649999999985,182642979761.05508,-0.00030594421819723073,1.6750943211586122e-15,0.3664437626142815,1.9750438594012318,0.5,0.3215096426329975,0.48525377874050424,239730723446.92917,4.801880522844914,25
True,Optimization terminated successfully,3.0,100000000000000.0,1.0,unrestricted,811964860379.9512,29895441098077.414,30707405958457.367,9.806649999467558,-1.6344416665779264e-14,9.806649999467542,33263164213.523487,-33263164213.523487,1.0,1.05,1.0,1.0,0.5875006524105622,1.0,106546988187.06578,7.6207209062951184,3
True,Optimization terminated successfully,3.0,177827941003892.28,1.0,unrestricted,576640852419.9276,16980844658444.652,17557485510864.58,9.806649999737726,-9.19114092755075e-15,9.806649999737717,33598344839.16119,-33598344839.16119,1.0,1.05,1.0,1.0,0.6385243285501286,1.0,106546988192.9364,5.412080268057323,7
True,Optimization terminated successfully,3.0,316227766016837.94,1.0,unrestricted,502224737802.01056,9602600653019.729,10104825390821.738,9.806649999979776,-5.168558369337714e-15,9.80664999997977,33786831211.63375,-33786831211.63375,1.0,1.05,1.0,1.0,0.7636578271763577,1.0,106546988198.19604,4.713645559532707,8
True,Optimization terminated successfully,3.0,562341325190349.06,1.0,unrestricted,478692466308.11395,5416879373155.855,5895571839463.97,9.806649999986245,-2.9064939627389575e-15,9.806649999986242,33892824176.85774,-33892824176.85774,1.0,1.0499999999999998,1.0,1.0,0.8334137035520222,1.0,106546988198.33662,4.49278270932474,6
True,Optimization terminated successfully,3.0,1000000000000000.0,1.0,unrestricted,442036734162.0866,3079140304707.257,3521177038869.3433,9.806649999998896,-1.6344416666664826e-15,9.806649999998895,34260056326.294853,-34260056326.294853,1.0,1.0499999999999998,1.0,1.0,0.8028167340675955,0.9253928774027335,106546988198.61153,4.148749219809923,8
True,Optimization terminated successfully,3.0,1778279410038922.8,1.0,unrestricted,356236556076.2822,1793292771572.2249,2149529327648.507,9.806650000000326,-9.191140927798363e-16,9.806650000000324,35482138932.88005,-35482138932.869896,0.9999999999997138,1.0499999999997207,1.0000000000000104,0.999999999999922,0.5664135481943761,0.916778585848141,106546988198.64261,3.3434690374553506,10
True,Optimization terminated successfully,3.0,3162277660168379.5,1.0,unrestricted,329103951486.9492,1027974565755.2302,1357078517242.1794,9.806650000000099,-5.168558369348444e-16,9.806650000000099,36169371608.827965,-36169371608.82765,0.9999999999999913,1.0499999999999945,1.0000000000000004,0.9999999999999966,0.9377412727401346,0.9377412727401346,106546988198.63766,3.088815151427783,11
True,Optimization terminated successfully,3.0,5623413251903491.0,1.0,unrestricted,300539041338.55963,600777392865.0908,901316434203.6504,9.806650000000031,-2.9064939627430807e-16,9.806650000000031,37589987044.41272,-37589987044.41197,0.9999999999999801,1.0499999999999812,1.0000000000000009,0.9999999999999919,0.8104800428881455,0.9528524480915026,106546988198.6362,2.8207183179900204,14
True,Optimization terminated successfully,3.0,1e+16,1.0,unrestricted,284316244659.5248,349520401376.6621,633836646036.1869,9.806649999999975,-1.6344416666666722e-16,9.806649999999975,38889389418.36263,-38889389418.36237,0.9999999999999933,1.0499999999999925,1.0000000000000018,0.9999999999999984,0.6808147630396226,0.9624257129269974,106546988198.63496,2.668458766093656,14
True,Optimization terminated successfully,3.0,1.7782794100389228e+16,1.0,unrestricted,274198856452.2056,204389774878.0768,478588631330.2824,9.806649999999959,-9.191140927796582e-17,9.806649999999959,40440615741.3205,-40440615741.32018,0.9999999999999921,1.0499999999999905,1.0000000000000018,0.9999999999999976,0.5847393884790312,0.8889793307809578,106546988198.63461,2.5735017111982468,16
True,Optimization terminated successfully,3.0,3.162277660168379e+16,1.0,unrestricted,269078833871.48386,118622664909.84958,387701498781.33344,9.806650000000133,-5.168558369348495e-17,9.806650000000133,41737484479.508354,-41737484479.50798,0.999999999999991,1.0499999999999912,1.0000000000000004,0.9999999999999984,0.6071232596552574,0.9725928715521036,106546988198.6384,2.525447583462735,19
True,Optimization terminated successfully,3.0,5.623413251903491e+16,1.0,unrestricted,266926244764.36148,68343446802.96318,335269691567.32465,9.806649999999955,-2.9064939627430364e-17,9.806649999999955,42761750199.05903,-42761750199.05879,0.9999999999999944,1.0499999999999943,1.0000000000000009,0.9999999999999992,0.5730646181764658,0.951542000396756,106546988198.63454,2.5052443928938977,24
True,Optimization terminated successfully,3.0,1e+17,1.0,unrestricted,265801768122.90283,39241816294.11373,305043584417.01654,9.806649999999886,-1.634441666666656e-17,9.806649999999886,43662409099.29144,-43662409099.29119,0.9999999999999942,1.0499999999999945,1.0000000000000013,0.9999999999999989,0.5466000711548018,0.9154820587482582,106546988198.63303,2.49469058315731,24
True,Optimization terminated successfully,3.0,1.778279410038923e+17,1.0,unrestricted,265446195597.53665,22323264163.087906,287769459760.6246,9.806650000000104,-9.19114092779667e-18,9.806650000000104,44168870416.82734,-44168870416.82722,0.9999999999999972,1.0499999999999967,1.0000000000000009,0.999999999999999,0.5321919173775597,0.895851652663263,106546988198.63779,2.4913533464001794,25
True,Optimization terminated successfully,3.0,3.1622776601683795e+17,1.0,unrestricted,264752470580.22736,13099165422.146612,277851636002.37396,9.806649999999973,-5.251287978386317e-18,9.806649999999973,46089523778.34841,-43774136512.70232,0.9497632634092479,0.9755582903246144,1.0160063219037168,0.9748816317046253,0.5078789044097805,0.8585393657950097,106546988198.63492,2.4848423691399977,32
True,Optimization terminated successfully,3.0,5.6234132519034906e+17,1.0,unrestricted,264285857849.55328,7710370212.985947,271996228062.53925,9.806650000000065,-3.0153599295366386e-18,9.806650000000065,48242946531.58689,-43203716863.606895,0.8955447369973437,0.8980511932015405,1.037456113169023,0.9477723684986717,0.48584733935077395,0.8241077208823601,106546988198.63693,2.4804629611570226,39
True,Optimization terminated successfully,3.0,1e+18,1.0,unrestricted,264106804404.33328,4464732968.626182,268571537372.95947,9.806649999999966,-1.7200747965325796e-18,9.806649999999966,49676853878.0636,-42834559587.19739,0.8622639366884777,0.8520394624121661,1.0523928945353855,0.9311319683442402,0.4725181018082429,0.803269376848799,106546988198.63475,2.4787824495983024,40
True,Optimization terminated successfully,3.0,100000000000000.0,0.1,unrestricted,2317119729005.4067,65223254236471.914,67540373965477.32,9.806650000000023,-2.3594428044404275e-14,9.80665,72570657482.20988,-7257065748.22099,0.10000000000000002,0.2836363636363635,1.4435772487692058,0.55,0.55,0.55,106546988198.63602,21.747397727335006,5
True,Optimization terminated successfully,3.0,177827941003892.28,0.1,unrestricted,1255690194212.7307,37459724847128.27,38715415041341.01,9.806649999769487,-1.3355045880335078e-14,9.806649999769473,74117912171.58391,-7411791216.810439,0.09999999999530543,0.28363636364332007,1.4530346107804348,0.5499999999976528,0.3332113447985497,0.5499999999976528,106546988193.62657,11.785318529424595,8
True,Optimization terminated successfully,3.0,316227766016837.94,0.1,unrestricted,881600550461.0839,21334447225924.625,22216047776385.707,9.80665000002407,-7.54002828379111e-15,9.806650000024064,75065432111.7838,-7506543210.644184,0.0999999999928836,0.28363636361246036,1.4588261841120433,0.5499999999959408,0.34513519570752904,0.5499999999621364,106546988199.15855,8.274288793721588,3
True,Optimization terminated successfully,3.0,562341325190349.06,0.1,unrestricted,763303018109.3882,12082400168907.111,12845703187016.5,9.80664999999202,-4.249535485590456e-15,9.806649999992016,75598261720.31367,-7559826172.019573,0.09999999999984399,0.2836363636365949,1.4620830251384287,0.549999999999922,0.4158964520166027,0.549999999999922,106546988198.4621,7.164003704052197,7
True,Optimization terminated successfully,3.0,1000000000000000.0,0.1,unrestricted,725894053730.7349,6821362513669.795,7547256567400.529,9.806649999999532,-2.392682824896377e-15,9.80664999999953,75897893831.96748,-7589789383.196963,0.10000000000000284,0.28363636363635925,1.4639144814364689,0.5500000000000014,0.4552519850821796,0.5500000000000014,106546988198.62534,6.812900730497611,6
True,Optimization terminated successfully,3.0,1778279410038922.8,0.1,unrestricted,706705748337.7042,3851742741912.663,4558448490250.367,9.806650000001632,-1.3472616764891943e-15,9.80665000000163,76210685320.745,-7621068532.073762,0.09999999999999032,0.2836363636360605,1.465826372451528,0.5500000000000265,0.470726946714592,0.5429873670918277,106546988198.67097,6.632808306321693,9
True,Optimization terminated successfully,3.0,3162277660168379.5,0.1,unrestricted,562698688951.6742,2270126199447.3306,2832824888399.005,9.806649999999802,-7.699417834503613e-16,9.806649999999802,79874581377.82146,-7987458137.781625,0.09999999999999348,0.28363636363637285,1.489664483652617,0.5499999999999972,0.33131486777480357,0.5009483083552948,106546988198.63121,5.281225668271898,15
True,Optimization terminated successfully,3.0,5623413251903491.0,0.1,unrestricted,510291272418.0373,1314312054791.4897,1824603327209.527,9.806649999999697,-4.393158610713571e-16,9.806649999999697,82235073587.43413,-8223507358.742649,0.09999999999999071,0.2836363636363765,1.5114975867927165,0.5499999999999962,0.5132649358425027,0.5132649358425027,106546988198.62894,4.7893542656197186,16
True,Optimization terminated successfully,3.0,1e+16,0.1,unrestricted,473143672775.74133,769419577130.7361,1242563249906.4775,9.806650000000072,-2.5383557402280793e-16,9.806650000000072,85609473562.32649,-8560947356.232847,0.10000000000000231,0.27168632580786256,1.5530415015696684,0.5500000000000042,0.4867724824167092,0.5156628680885298,106546988198.63707,4.440704338762282,26
True,Optimization terminated successfully,3.0,1.7782794100389228e+16,0.1,unrestricted,432835724449.3061,461697607300.99963,894533331750.3057,9.806650000000086,-1.4864188942541833e-16,9.806650000000086,91351612558.33221,-9135161255.8334,0.10000000000000196,0.251658980488759,1.6172300108670785,0.5500000000000071,0.40129324066049565,0.5274171692951293,106546988198.63739,4.062392863159707,26
True,Optimization terminated successfully,3.0,3.162277660168379e+16,0.1,unrestricted,418371775651.7718,270348640177.54382,688720415829.3157,9.806650000000111,-8.61243659476126e-17,9.806650000000111,95122396567.65213,-9512239656.765762,0.10000000000000578,0.23425404156473772,1.6663131146658492,0.5500000000000025,0.35606073744659333,0.5307483162226528,106546988198.63792,3.926641031577467,27
True,Optimization terminated successfully,3.0,5.623413251903491e+16,0.1,unrestricted,401185597018.214,164521478094.77112,565707075112.9851,9.806650000000042,-5.116421261172653e-17,9.806650000000042,102939296710.50095,-10293929671.050323,0.10000000000000223,0.20593304000615584,1.7603412657165625,0.5500000000000014,0.3500210588358659,0.533834084688021,106546988198.63643,3.765339629030906,34
True,Optimization terminated successfully,3.0,1e+17,0.1,unrestricted,393712229540.2901,98123051242.18791,491835280782.478,9.806650000000012,-3.021264404016291e-17,9.806650000000012,109176618464.77246,-10917661846.477272,0.10000000000000024,0.18132902884399932,1.8484993778810872,0.5500000000000007,0.32589997862408104,0.5356101197986118,106546988198.63577,3.695198111149717,46
True,Optimization terminated successfully,3.0,1.778279410038923e+17,0.1,unrestricted,312417445221.6197,116817937465.55217,429235382687.1719,9.806650000000012,-3.977665686349005e-17,9.806650000000012,231136284755.73645,-23113628475.573742,0.10000000000000042,0.016786508353453838,1.5355711014030888,0.5284856944233048,0.1492097588100381,0.2585242266636437,106546988198.63577,2.9322034390984304,29
True,Optimization terminated successfully,3.0,3.1622776601683795e+17,0.1,unrestricted,279301087063.7669,89531134007.81914,368832221071.58606,9.80665000000006,-2.9110891680624876e-17,9.80665000000006,315016048486.5196,-31501604848.652218,0.10000000000000082,0.06383133036375233,1.3425127309482314,0.48140637631077143,0.13237669562378143,0.23306796542611816,106546988198.63681,2.6213888518656443,25
True,Optimization terminated successfully,3.0,5.6234132519034906e+17,0.1,unrestricted,268827620404.03595,57886474963.934265,326714095367.9702,9.806650000000133,-1.847497011010209e-17,9.806650000000133,362189368272.324,-36218936827.23312,0.100000000000002,0.08071545762708333,1.233942616776132,0.4636082894762046,0.12591568510609444,0.22482364479810607,106546988198.6384,2.5230898118194895,25
True,Optimization terminated successfully,3.0,1e+18,0.1,unrestricted,265515718253.47104,34936063608.36095,300451781861.832,9.806650000000067,-1.1051760456463172e-17,9.806650000000067,388716131321.35583,-38871613132.13588,0.10000000000000075,0.08840971715173465,1.1728898498331661,0.4553889732486856,0.12255817193360814,0.2210808189096526,106546988198.63696,2.492005853403069,25
True,Optimization terminated successfully,3.0,100000000000000.0,0.1,front_rear,2317119729005.4067,65223254236471.914,67540373965477.32,9.806650000000023,-2.3594428044404275e-14,9.80665,72570657482.20988,-7257065748.22099,0.10000000000000002,0.2836363636363635,1.4435772487692058,0.55,0.55,0.55,106546988198.63602,21.747397727335006,5
True,Optimization terminated successfully,3.0,177827941003892.28,0.1,front_rear,1255690194186.6953,37459724846732.21,38715415040918.91,9.806649999629201,-1.335504588017274e-14,9.806649999629187,74117912170.80026,-7411791216.521121,0.09999999999245925,0.2836363636475376,1.4530346107835583,0.5499999999962296,0.333211344799288,0.5499999999962296,106546988190.5782,11.785318529517422,4
True,Optimization terminated successfully,3.0,316227766016837.94,0.1,front_rear,881600550474.8569,21334447225045.28,22216047775520.137,9.8066500001959,-7.5400282835461e-15,9.806650000195893,75065432108.68982,-7506543211.224294,0.10000000000473336,0.283636363620749,1.4588261841133014,0.5500000000101176,0.3451351957197561,0.5499999999810714,106546988202.8923,8.274288793560897,3
True,Optimization terminated successfully,3.0,562341325190349.06,0.1,front_rear,763303018108.3799,12082400168900.953,12845703187009.332,9.806649999984435,-4.249535485587809e-15,9.806649999984431,75598261720.27513,-7559826172.001315,0.09999999999965346,0.28363636363687716,1.4620830251386483,0.5499999999998267,0.41589645201654235,0.5499999999998267,106546988198.29729,7.164003704053815,3
True,Optimization terminated successfully,3.0,1000000000000000.0,0.1,front_rear,725894053732.17,6821362513695.941,7547256567428.111,9.806650000020811,-2.3926828249034532e-15,9.80665000002081,75897893832.2584,-7589789383.270114,0.10000000000058333,0.283636363634722,1.463914481436408,0.5500000000007332,0.4552519850805724,0.5499999999980925,106546988199.08772,6.812900730481514,6
True,Optimization terminated successfully,3.0,1778279410038922.8,0.1,front_rear,706705748337.7087,3851742741910.648,4558448490248.356,9.806650000001728,-1.3472616764886515e-15,9.806650000001726,76210685320.70512,-7621068532.073789,0.10000000000004299,0.28363636363623695,1.4658263724515768,0.5500000000000194,0.4707269467148203,0.5429873670920893,106546988198.67307,6.632808306321605,9
True,Optimization terminated successfully,3.0,3162277660168379.5,0.1,front_rear,562698588986.8021,2270126299411.696,2832824888398.498,9.806649999999777,-7.699418351890497e-16,9.806649999999777,79874584895.07607,-7987458489.507211,0.09999999999999505,0.2836363636363709,1.489664583755369,0.5499999999999975,0.3313147287299185,0.5009482203536155,106546988198.63066,5.281224730048577,12
True,Optimization terminated successfully,3.0,5623413251903491.0,0.1,front_rear,510290001719.7256,1314313325485.3984,1824603327205.124,9.806650000000225,-4.393162304058544e-16,9.806650000000225,82235153093.36783,-8223515309.337568,0.10000000000000955,0.2836363636363452,1.511498857514343,0.5500000000000068,0.5132656490384494,0.5132656490384494,106546988198.64038,4.789342339441531,16
True,Optimization terminated successfully,3.0,1e+16,0.1,front_rear,473144898909.23456,769418350965.0369,1242563249874.2715,9.806650000000062,-2.5383538819681636e-16,9.806650000000062,85609337132.99309,-8560933713.299762,0.10000000000000529,0.27168834925104557,1.553040364631029,0.5500000000000025,0.48677266938878055,0.5156644954138885,106546988198.63686,4.440715846675504,25
True,Optimization terminated successfully,3.0,1.7782794100389228e+16,0.1,front_rear,432834837338.0445,461698494506.24786,894533331844.2924,9.806649999999983,-1.4864214324234286e-16,9.806649999999983,91351788101.00087,-9135178810.100006,0.09999999999999912,0.251656885864959,1.6172327724059583,0.5499999999999996,0.4012919258846636,0.5274179713503057,106546988198.63516,4.062384537150051,23
True,Optimization terminated successfully,3.0,3.162277660168379e+16,0.1,front_rear,420078547367.6679,268815378782.02927,688893926149.6971,9.806649999999989,-8.545614093488613e-17,9.806649999999989,94582917255.27155,-9458291725.52714,0.09999999999999984,0.24147538847864933,1.6533844609683708,0.5499999999999999,0.35778308153786914,0.5306304557744632,106546988198.63528,3.9426599894547607,26
True,Optimization terminated successfully,3.0,5.623413251903491e+16,0.1,front_rear,408897470315.15717,159493202529.037,568390672844.1941,9.806649999999992,-4.9517671275908906e-17,9.806649999999992,99793159462.05547,-9979315946.205498,0.0999999999999995,0.23247556373510017,1.7036908354413414,0.5499999999999998,0.31656901118259545,0.4850935541638639,106546988198.63535,3.8377196505343765,29
True,Optimization terminated successfully,3.0,1e+17,0.1,front_rear,404232557458.14655,93086221009.78386,497318778467.9304,9.806650000000007,-2.8556828298776936e-17,9.806650000000007,103572389024.35553,-10357238902.435534,0.09999999999999981,0.2247960849642135,1.7471916484493772,0.5499999999999974,0.3417983470633783,0.5346366839788994,106546988198.63565,3.7939369689599802,43
True,Optimization terminated successfully,3.0,1.778279410038923e+17,0.1,front_rear,310719934975.32733,120145593934.27205,430865528909.59937,9.806649999999964,-3.091672735763893e-17,9.806649999999964,237720394780.36444,-23772039478.03627,0.09999999999999927,0.01866667360922881,1.4457534376415506,0.21725464301592828,0.12860497173177707,0.21164364980673145,106546988198.63474,2.916271405026058,33
True,Optimization terminated successfully,3.0,3.1622776601683795e+17,0.1,front_rear,278954322114.86487,90496077129.67049,369450399244.53534,9.80664999999998,-2.2309155739927192e-17,9.80664999999998,318411208981.56384,-31841120898.15619,0.09999999999999938,0.06422953826878666,1.2816754563290158,0.15532095714682229,0.08651770505500808,0.14481353058881194,106546988198.63509,2.6181342788855893,36
True,Optimization terminated successfully,3.0,5.6234132519034906e+17,0.1,front_rear,268741166645.66766,58241803697.321724,326982970342.9894,9.806649999999943,-1.411337671468402e-17,9.806649999999943,364412621451.15015,-36441262145.11477,0.09999999999999933,0.08084051331327378,1.191386131367496,0.13280464854813567,0.07080499356345046,0.11939223176522525,106546988198.63426,2.5222783974396044,35
True,Optimization terminated successfully,3.0,1e+18,0.1,front_rear,265511491090.03564,35076705769.975494,300588196860.0111,9.806650000000026,-8.432713724351527e-18,9.806650000000026,390280986411.39514,-39028098641.13964,0.10000000000000032,0.0884613052566734,1.140614928090097,0.12247462061695336,0.06359591478991825,0.10772928412718863,106546988198.63608,2.491966179232033,35
True,Optimization terminated successfully,3.0,100000000000000.0,0.01,unrestricted,2566295325039.9014,74298300217826.03,76864595542865.94,9.806650000000026,-2.5429058042733568e-14,9.806650000000001,82668007902.05272,-826680079.0205308,0.010000000000000044,0.4169999999999999,1.5558253660159278,0.505,0.505,0.505,106546988198.63608,24.08604286641631,5
True,Optimization terminated successfully,3.0,177827941003892.28,0.01,unrestricted,1527008666166.3613,42590567851564.875,44117576517731.234,9.806650000074633,-1.4398797548740767e-14,9.806650000074619,84269811917.80351,-842698119.2150792,0.01000000000043959,0.4169999998916327,1.5665952310919218,0.5050000000198331,0.33171584456179143,0.5049999998933669,106546988200.25725,14.331786303488158,8
True,Optimization terminated successfully,3.0,316227766016837.94,0.01,unrestricted,1039314287840.4543,24301512912503.773,25340827200344.227,9.806649999993612,-8.139965912435459e-15,9.806649999993603,85505077700.37286,-855050776.9843055,0.009999999999772842,0.4170000000003134,1.5749006455481485,0.5049999999999132,0.30248205896645425,0.5049999999999132,106546988198.49669,9.754515875232581,3
True,Optimization terminated successfully,3.0,562341325190349.06,0.01,unrestricted,885091784085.9512,13776765129184.418,14661856913270.37,9.806649999993974,-4.59101393364274e-15,9.806649999993969,86199718709.49721,-861997187.0821689,0.009999999999851471,0.4170000000002201,1.579571123317505,0.5049999999999257,0.3735087598542118,0.5049999999999257,106546988198.50456,8.307055873198054,7
True,Optimization terminated successfully,3.0,1000000000000000.0,0.01,unrestricted,836322346254.9402,7782352014815.319,8618674361070.26,9.806649999998996,-2.5860095613509492e-15,9.806649999998994,86590344055.13255,-865903440.5495851,0.0099999999999799,0.4170000000000297,1.582197525975464,0.5049999999999899,0.41294941163939763,0.5049999999999899,106546988198.61371,7.849328830355635,5
True,Optimization terminated successfully,3.0,1778279410038922.8,0.01,unrestricted,820900095879.679,4387440160494.038,5208340256373.717,9.806650000000772,-1.455577515229363e-15,9.80665000000077,86810008829.65817,-868100088.3008449,0.010000000000049108,0.4169999999998524,1.5836744607266582,0.5050000000000642,0.43497259687255024,0.5049999999999083,106546988198.65228,7.704582830151388,7
True,Optimization terminated successfully,3.0,3162277660168379.5,0.01,unrestricted,678856858669.5774,2576875131621.5396,3255731990291.117,9.806649999999463,-8.334761283523431e-16,9.806649999999463,90667568371.88094,-906675683.7174225,0.009999999999984703,0.4170000000000216,1.612589176307331,0.5049999999999936,0.32720890489640575,0.5049999999999936,106546988198.62383,6.371431704893049,12
True,Optimization terminated successfully,3.0,5623413251903491.0,0.01,unrestricted,609219118434.9655,1499310805491.1406,2108529923926.106,9.806650000000179,-4.774903674723969e-16,9.806650000000179,93810243899.46684,-938102438.9948534,0.01000000000000197,0.4169999999999813,1.6428397016924703,0.5050000000000041,0.2516274728382929,0.46871920805253225,106546988198.63942,5.717844574819667,17
True,Optimization terminated successfully,3.0,1e+16,0.01,unrestricted,575710518902.9044,868250010009.183,1443960528912.0874,9.806650000000317,-2.7570943084122485e-16,9.806650000000317,96605842230.52722,-966058422.306746,0.010000000000015255,0.4031107776774675,1.686872260198163,0.5050000000000179,0.47575500491699324,0.47575500491699324,106546988198.64243,5.403348594233092,24
True,Optimization terminated successfully,3.0,1.7782794100389228e+16,0.01,unrestricted,527854080180.3439,523689247768.6953,1051543327949.0392,9.806650000000023,-1.6252313303227567e-16,9.806650000000023,103617295187.63031,-1036172951.87633,0.01000000000000026,0.3825963125193768,1.76825852534542,0.5050000000000007,0.3984248367818414,0.4820661491607766,106546988198.63602,4.954190532314843,26
True,Optimization terminated successfully,3.0,3.162277660168379e+16,0.01,unrestricted,508683993406.02716,308656986630.9305,817340980036.9576,9.806650000000037,-9.463419732409518e-17,9.806650000000037,108601220506.98088,-1086012205.0699036,0.010000000000000873,0.3660813996274365,1.8309592455279806,0.5050000000000018,0.3510800647072577,0.48555235912050276,106546988198.63629,4.774269099542111,28
True,Optimization terminated successfully,3.0,5.623413251903491e+16,0.01,unrestricted,498879545104.20746,180865505356.1211,679745050460.3286,9.80664999999998,-5.5174766728365706e-17,9.80664999999998,113165576532.34566,-1131655765.3234231,0.009999999999999705,0.3452720606207138,1.8983272436008793,0.5049999999999998,0.32112435757758806,0.48206206102883986,106546988198.63509,4.682249151652682,28
True,Optimization terminated successfully,3.0,1e+17,0.01,unrestricted,490882524213.06744,107465098079.00195,598347622292.0693,9.806650000000092,-3.229278695118176e-17,9.806650000000092,119571047401.40912,-1195710474.0145235,0.010000000000003615,0.32874457634113075,1.9757687049817012,0.5050000000000023,0.29124364192848196,0.44550803052830984,106546988198.6375,4.6071928687266706,32
True,Optimization terminated successfully,3.0,1.778279410038923e+17,0.01,unrestricted,487264399195.9032,63120784134.065865,550385183329.9691,9.806649999999964,-1.8845473981975706e-17,9.806649999999964,124890952983.30397,-1248909529.8329794,0.009999999999999518,0.31191145988642766,2.0503954982326316,0.5049999999999998,0.31457698017826285,0.4906263079997653,106546988198.63474,4.5732348462773995,34
True,Optimization terminated successfully,3.0,3.1622776601683795e+17,0.01,unrestricted,485871070817.46014,36498579371.21681,522369650188.67694,9.806650000000097,-1.0863832918010366e-17,9.806650000000097,128420558683.95659,-1284205586.8400004,0.010000000000003383,0.3005060823690088,2.1019077548658562,0.5050000000000012,0.30535885080814323,0.4912798429388356,106546988198.63762,4.560157720381934,43
True,Optimization terminated successfully,3.0,5.6234132519034906e+17,0.01,unrestricted,485341037027.0912,20915100907.596626,506256137934.6878,9.806650000000039,-6.223081007190589e-18,9.806650000000039,130863508095.69974,-1308635080.9573684,0.010000000000002835,0.2932512753579846,2.141095452789952,0.5050000000000009,0.3002023794701664,0.4916420211712607,106546988198.63634,4.555183072113369,60
True,Optimization terminated successfully,3.0,1e+18,0.01,unrestricted,417150012628.12476,73663011343.13367,490813023971.2584,9.806649999999996,-2.1990674939717144e-17,9.806649999999996,819611537000.16,-8196115370.001618,0.010000000000000023,0.030477978618206142,1.9584126431442666,0.3874174906533954,0.14112804130935588,0.25384045190620447,106546988198.63542,3.9151741375404483,39
True,Optimization terminated successfully,3.0,100000000000000.0,0.01,front_rear,2566295325039.9014,74298300217826.03,76864595542865.94,9.806650000000026,-2.5429058042733568e-14,9.806650000000001,82668007902.05272,-826680079.0205308,0.010000000000000044,0.4169999999999999,1.5558253660159278,0.505,0.505,0.505,106546988198.63608,24.08604286641631,5
True,Optimization terminated successfully,3.0,177827941003892.28,0.01,front_rear,1527008666165.576,42590567841315.984,44117576507481.56,9.806650000068956,-1.4398797545950942e-14,9.806650000068942,84269811897.52504,-842698119.204177,0.010000000002716591,0.41699999999327686,1.5665952310946736,0.5050000000029569,0.3317158446332425,0.5049999999946219,106546988200.1339,14.33178630349738,3
True,Optimization terminated successfully,3.0,316227766016837.94,0.01,front_rear,1039314287826.0443,24301512912367.9,25340827200193.94,9.80664999990907,-8.139965912379651e-15,9.80664999990906,85505077699.89479,-855050776.810641,0.009999999997797712,0.41700000000326354,1.5749006455510681,0.5049999999988989,0.30248205896580277,0.5049999999988989,106546988196.65965,9.754515875265518,3
True,Optimization terminated successfully,3.0,562341325190349.06,0.01,front_rear,885091784083.12,13776765129167.799,14661856913250.918,9.806649999974768,-4.591013933635823e-15,9.806649999974763,86199718709.39322,-861997187.0401591,0.00999999999937618,0.41700000000092435,1.579571123318219,0.504999999999688,0.3735087598540878,0.504999999999688,106546988198.08722,8.307055873204021,3
True,Optimization terminated successfully,3.0,1000000000000000.0,0.01,front_rear,836322346255.0127,7782352014815.636,8618674361070.648,9.80664999999947,-2.586009561351063e-15,9.806649999999468,86590344055.13608,-865903440.5500456,0.009999999999984811,0.4170000000000225,1.5821975259754568,0.5049999999999925,0.4129494116394012,0.5049999999999925,106546988198.624,7.8493288303555575,5
True,Optimization terminated successfully,3.0,1778279410038922.8,0.01,front_rear,820900095879.586,4387440160492.9966,5208340256372.583,9.806649999999728,-1.4555775152290812e-15,9.806649999999726,86810008829.63756,-868100088.2972262,0.010000000000009798,0.4169999999999853,1.5836744607266884,0.5050000000000049,0.4349725968726351,0.5050000000000049,106546988198.6296,7.704582830152157,7
True,Optimization terminated successfully,3.0,3162277660168379.5,0.01,front_rear,678857698672.5964,2576874291582.5264,3255731990255.123,9.806649999999683,-8.334756071871127e-16,9.806649999999683,90667538815.03754,-906675388.1498123,0.00999999999999379,0.41700000000000914,1.6125881679695924,0.5049999999999969,0.3272090668026847,0.5049999999999969,106546988198.62863,6.371439588766658,12
True,Optimization terminated successfully,3.0,5623413251903491.0,0.01,front_rear,609217301573.616,1499312622375.0176,2108529923948.6335,9.806650000000328,-4.774908722153604e-16,9.806650000000328,93810357579.9119,-938103575.8004304,0.01000000000001398,0.41699999999997306,1.6428414382966938,0.5050000000000063,0.2516263441632779,0.4687200260722342,106546988198.64264,5.71782752261201,19
True,Optimization terminated successfully,3.0,1e+16,0.01,front_rear,575710340458.7928,868250188479.1548,1443960528937.9478,9.80665,-2.757094377775584e-16,9.80665,96605862087.98964,-966058620.879854,0.009999999999999561,0.4031109125613688,1.686872302636832,0.5049999999999999,0.47575692336164366,0.47575692336164366,106546988198.63548,5.403346919440805,24
True,Optimization terminated successfully,3.0,1.7782794100389228e+16,0.01,front_rear,527853987184.5648,523689340845.1703,1051543328029.7351,9.806649999999966,-1.6252322745377755e-16,9.806649999999966,103617313603.76665,-1036173136.0377086,0.010000000000000406,0.38259492689240915,1.7682595526553482,0.5050000000000002,0.39842403949944283,0.4820652564968563,106546988198.63475,4.954189659500188,25
True,Optimization terminated successfully,3.0,3.162277660168379e+16,0.01,front_rear,510487495095.3743,306993973928.5567,817481469023.931,9.806649999999982,-9.396750389403092e-17,9.806649999999982,108016088088.08522,-1080160880.8808224,0.009999999999999724,0.3718948761392582,1.8180602245163007,0.5049999999999998,0.3526954260656311,0.48543968315078656,106546988198.63512,4.791195919528711,25
True,Optimization terminated successfully,3.0,5.623413251903491e+16,0.01,front_rear,504996072155.3328,176588497509.77225,681584569665.1051,9.806649999999959,-5.365570989636918e-17,9.806649999999959,110489499312.35599,-1104894993.1233892,0.009999999999998456,0.36625089976266234,1.8460630087024605,0.5049999999999993,0.3285823338776542,0.48722090643079585,106546988198.63461,4.739656002419075,26
True,Optimization terminated successfully,3.0,1e+17,0.01,front_rear,500418345145.26337,102763604568.98166,603181949714.245,9.806649999999982,-3.084669468137837e-17,9.806649999999982,114339930383.94933,-1143399303.8394458,0.009999999999999586,0.36035766006910785,1.887292481002896,0.5049999999999998,0.3060899733214567,0.4645208826518122,106546988198.63512,4.6966916062642285,29
True,Optimization terminated successfully,3.0,1.778279410038923e+17,0.01,front_rear,498525949786.9854,59155197305.13887,557681147092.1243,9.806649999999987,-1.7615993049160472e-17,9.806649999999987,117044632234.96208,-1170446322.3496592,0.010000000000000328,0.35650101196872974,1.9166274554538534,0.5050000000000002,0.292296328801145,0.4478952870777639,106546988198.63522,4.678930472042861,29
True,Optimization terminated successfully,3.0,3.1622776601683795e+17,0.01,front_rear,497861830535.96075,33744781327.708427,531606611863.6692,9.806650000000005,-1.0010661385239367e-17,9.806650000000005,118731297092.3391,-1187312970.9233558,0.009999999999999704,0.3538256539171826,1.9368382186813649,0.5049999999999998,0.32648455978589164,0.48995541295313355,106546988198.6356,4.672697360602974,29
True,Optimization terminated successfully,3.0,5.6234132519034906e+17,0.01,front_rear,497637339682.3233,19137843241.044403,516775182923.3677,9.806650000000005,-5.6670461235128824e-18,9.806650000000005,119743400472.86125,-1197434004.7286026,0.009999999999999917,0.35214199777674,1.949787681019142,0.5049999999999997,0.32327920450750847,0.4902135397890931,106546988198.6356,4.670590394864825,34
True,Optimization terminated successfully,3.0,1e+18,0.01,front_rear,407360005889.4805,89940987299.53871,497300993189.0192,9.806650000000017,-2.0226188211021264e-17,9.806650000000017,1000728445603.4954,-10007284456.035044,0.01000000000000009,0.02400078187566741,1.7560071065474712,0.05709889571732983,0.03549798685037961,0.05550324476489043,106546988198.63586,3.8232897313815952,45
True,Optimization terminated successfully,3.0,100000000000000.0,0.0,unrestricted,2599972441863.2026,75464973589362.86,78064946031226.06,9.806649999999753,-2.5664915135917288e-14,9.806649999999728,83966107094.28943,0.0001118505743946865,1.332091938823415e-15,0.43181818181818377,1.570255804127889,0.4999999999999994,0.4999999999999994,0.4999999999999994,106546988198.63014,24.402120471169077,1
True,Optimization terminated successfully,3.0,177827941003892.28,0.0,unrestricted,1564870185947.3745,43248569139818.99,44813439325766.37,9.806649999709405,-1.4532668304995817e-14,9.806649999709391,85571735033.64685,0.5888406386236035,6.881251600099858e-12,0.43181818182837867,1.5811604260658905,0.4999999999965594,0.33158935502274645,0.4999999999965594,106546988192.32101,14.687136750620576,7
True,Optimization terminated successfully,3.0,316227766016837.94,0.0,unrestricted,1061439195386.5327,24682862550551.484,25744301745938.016,9.80664999999934,-8.217079712123352e-15,9.806649999999332,86846859611.2226,0.00021054225768411578,2.4242932746978556e-15,0.4318181818181854,1.5898204344279998,0.4999999999999988,0.29771916400476867,0.4999999999999988,106546988198.62117,9.962169868263521,4
True,Optimization terminated successfully,3.0,562341325190349.06,0.0,unrestricted,902240337872.0059,13994796117780.668,14897036455652.674,9.806649999989938,-4.634957773024534e-15,9.806649999989933,87563914855.01595,0.022218787631226842,2.537436530563489e-13,0.43181818181855774,1.594690315012731,0.4999999999998731,0.36878032611359624,0.4999999999998731,106546988198.41687,8.468004146600663,3
True,Optimization terminated successfully,3.0,1000000000000000.0,0.0,unrestricted,851897238811.2312,7906092681406.405,8757989920217.637,9.806650000001573,-2.6109042721659674e-15,9.806650000001571,87967144651.3194,6.579445552628618e-06,7.479435167195614e-17,0.4318181818172619,1.5974288501136986,0.49999999999952033,0.4082320449295751,0.4999999999990038,106546988198.6697,7.995507458387901,5
True,Optimization terminated successfully,3.0,1778279410038922.8,0.0,unrestricted,835977353060.1117,4457382883691.259,5293360236751.37,9.80664999999979,-1.4696347962039042e-15,9.806649999999788,88193897428.9815,-0.0005921500997365756,6.714184507078927e-15,0.4318181818181717,1.598968841571509,0.5000000000000033,0.43025890353332813,0.5000000000000033,106546988198.63095,7.8460908862260395,7
True,Optimization terminated successfully,3.0,3162277660168379.5,0.0,unrestricted,695602998742.4879,2615894172809.809,3311497171552.297,9.806650000000008,-8.41566100890559e-16,9.806650000000008,92040456619.87161,5.2635564421028944e-05,5.718742209028207e-16,0.43181818181817533,1.6282414568080963,0.49999999999999944,0.32697384740830315,0.49999999999999406,106546988198.63568,6.528603112137477,10
True,Optimization terminated successfully,3.0,5623413251903491.0,0.0,unrestricted,623557731616.1942,1522998199788.2056,2146555931404.4,9.806649999999816,-4.823808349715986e-16,9.806649999999816,95292338357.94211,0.0004934584164471463,5.1783640211828126e-15,0.43181818181818926,1.6596657042987806,0.4999999999999978,0.25117526933658313,0.46373937905531354,106546988198.63152,5.8524200651614775,19
True,Optimization terminated successfully,3.0,1e+16,0.0,unrestricted,588683258943.3728,882594329511.6047,1471277588454.9775,9.806650000000008,-2.787452491844424e-16,9.806650000000008,98201863020.36928,-6.579445552628618e-06,6.699919278785875e-17,0.4175923058306032,1.7054462993036748,0.500000000000002,0.4708007536117237,0.4708007536117237,106546988198.63568,5.525104640648217,24
True,Optimization terminated successfully,3.0,1.7782794100389228e+16,0.0,unrestricted,541978876434.5073,531294458382.1318,1073273334816.6392,9.806649999999983,-1.6423199222893748e-16,9.806649999999983,105122064201.80074,1.3158891105257236e-05,1.2517725184692316e-16,0.39730265606039256,1.7868509853031906,0.5000000000000001,0.3987839271703517,0.4769760964093545,106546988198.63516,5.08675923738077,26
True,Optimization terminated successfully,3.0,3.162277660168379e+16,0.0,unrestricted,522271623189.1329,313309074328.00354,835580697517.1365,9.806650000000019,-9.565168311629937e-17,9.806650000000019,110238061478.32022,1.3158891105257236e-05,1.1936794722977876e-16,0.3812277919066094,1.850645311148115,0.5000000000000001,0.35123322035645077,0.4804796200313081,106546988198.63591,4.90179621234774,28
True,Optimization terminated successfully,3.0,5.623413251903491e+16,0.0,unrestricted,513052729456.18555,182823059423.5415,695875788879.727,9.806650000000017,-5.564121933762476e-17,9.806650000000017,114390396788.68301,-1.3158891105257236e-05,1.150349284089474e-16,0.3611816608524579,1.9143758786655998,0.5000000000000004,0.3233418017515004,0.48252230781616,106546988198.63586,4.81527200468304,26
True,Optimization terminated successfully,3.0,1e+17,0.0,unrestricted,505208285459.28375,108526882834.97377,613735168294.2576,9.806649999999987,-3.255680348888041e-17,9.806649999999987,120752442269.65807,2.6317782210514472e-05,2.1794823952084524e-16,0.34477592138214463,1.991922021620865,0.5,0.29399576354379275,0.4479998153047177,106546988198.63522,4.741647736841003,32
True,Optimization terminated successfully,3.0,1.778279410038923e+17,0.0,unrestricted,501856290292.1898,63537735944.83711,565394026237.027,9.806649999999916,-1.8926198192025574e-17,9.806649999999916,125715934955.7195,0.00016448613881571544,1.3083953030588513e-15,0.3303566856443078,2.0591783262497496,0.49999999999999917,0.31654934539098045,0.48539835688665944,106546988198.6337,4.710187484197938,33
True,Optimization terminated successfully,3.0,3.1622776601683795e+17,0.0,unrestricted,500399310207.79694,36778719711.96327,537178029919.7602,9.806650000000023,-1.0920848174507299e-17,9.806650000000023,129406234830.49026,-3.289722776314309e-06,2.5421671379462743e-17,0.31859888667513375,2.112938926891526,0.5000000000000018,0.30704496779836904,0.486071837205443,106546988198.63602,4.696512953279358,40
True,Optimization terminated successfully,3.0,5.6234132519034906e+17,0.0,unrestricted,499937108003.38226,21015336598.969265,520952444602.3515,9.806649999999893,-6.229756809859659e-18,9.806649999999893,131490671897.93877,0.00018751419824991562,1.4260646443077084e-15,0.3122544351187401,2.143392310362934,0.4999999999999992,0.30194316368793145,0.48643449208346157,106546988198.6332,4.692174940424976,45
True,Optimization terminated successfully,3.0,1e+18,0.0,unrestricted,499770740377.8208,11939488392.213446,511710228770.03424,9.806649999999925,-3.537497088924365e-18,9.806649999999925,132844724288.47816,0.00017106558436834405,1.2877107862926315e-15,0.3083452795745625,2.164345880963053,0.4999999999999994,0.29903366811061616,0.4866410499219148,106546988198.63388,4.690613492012614,52
True,Optimization terminated successfully,3.0,100000000000000.0,0.0,front_rear,2599972441863.3438,75464973589364.83,78064946031228.17,9.806650000000026,-2.5664915135917973e-14,9.806650000000001,83966107094.29161,0.0,0.0,0.43181818181818177,1.570255804127887,0.5,0.5,0.5,106546988198.63608,24.40212047116904,5
True,Optimization terminated successfully,3.0,177827941003892.28,0.0,front_rear,1564870185928.9595,43248569139565.164,44813439325494.125,9.806649999620577,-1.4532668304892384e-14,9.806649999620562,85571735033.14464,0.7678081371006544,8.972683992012761e-12,0.4318181818314777,1.5811604260689591,0.49999999999551364,0.3315893550230912,0.49999999999551364,106546988190.39081,14.687136750713814,5
True,Optimization terminated successfully,3.0,316227766016837.94,0.0,front_rear,1061439195381.5914,24682862550550.52,25744301745932.11,9.806649999995816,-8.217079712121655e-15,9.806649999995807,86846859611.21921,0.008119035811943714,9.34868094055397e-14,0.43181818181832027,1.5898204344282425,0.49999999999995326,0.29771916400626675,0.49999999999995326,106546988198.5446,9.962169868224303,3
True,Optimization terminated successfully,3.0,562341325190349.06,0.0,front_rear,902240337872.0288,13994796117780.848,14897036455652.877,9.806649999990645,-4.6349577730247e-15,9.80664999999064,87563914855.01707,0.01880405538941259,2.1474662731271418e-13,0.4318181818185,1.5946903150126726,0.49999999999989264,0.36878032611363837,0.49999999999989264,106546988198.43222,8.468004146599657,3
True,Optimization terminated successfully,3.0,1000000000000000.0,0.0,front_rear,851897238810.854,7906092681387.614,8757989920198.469,9.806649999998797,-2.6109042721608134e-15,9.806649999998795,87967144651.11032,0.001690917507025555,1.9222148379738414e-14,0.4318181818182103,1.5974288501136271,0.49999999999999034,0.40823204493041,0.49999999999999034,106546988198.60938,7.995507458388887,5
True,Optimization terminated successfully,3.0,1778279410038922.8,0.0,front_rear,835977353060.1814,4457382883691.666,5293360236751.848,9.806650000000364,-1.4696347962040162e-15,9.806650000000362,88193897428.98958,-0.0011974590905784084,1.357757311431392e-14,0.43181818181814896,1.5989688415715186,0.5000000000000127,0.43025890353329876,0.4999999999999712,106546988198.64342,7.846090886225776,7
True,Optimization terminated successfully,3.0,3162277660168379.5,0.0,front_rear,695601801858.311,2615895369722.1206,3311497171580.4316,9.806649999999937,-8.415666489486271e-16,9.806649999999937,92040498733.33203,0.00012500946549994375,1.358200653194333e-15,0.4318181818181838,1.628242517177441,0.49999999999999944,0.3269737874437579,0.49999999999999906,106546988198.63414,6.528591878744708,12
True,Optimization terminated successfully,3.0,5623413251903491.0,0.0,front_rear,623557211687.4473,1522998719739.3923,2146555931426.8396,9.806649999999978,-4.823811714470592e-16,9.806649999999978,95292370890.72148,-0.0002631778221051447,2.7617932017553576e-15,0.43181818181817766,1.659666861966601,0.5000000000000013,0.25117677550940687,0.4637401935313267,106546988198.63504,5.852415185354207,19
True,Optimization terminated successfully,3.0,1e+16,0.0,front_rear,588682889749.5057,882594698704.8195,1471277588454.3252,9.806649999999982,-2.7874533347440897e-16,9.806649999999982,98201904098.65439,-6.579445552628618e-05,6.699916476180397e-16,0.4175922097584257,1.7054468150147675,0.5000000000000003,0.47080126521822074,0.47080126521822074,106546988198.63512,5.525101175567972,24
True,Optimization terminated successfully,3.0,1.7782794100389228e+16,0.0,front_rear,541978621099.07184,531294713741.975,1073273334841.0469,9.80665000000003,-1.6423200678233975e-16,9.80665000000003,105122114727.36787,-2.6317782210514472e-05,2.5035438336423426e-16,0.3973022705171142,1.786851143644812,0.4999999999999999,0.39878368409165005,0.47697620080827424,106546988198.63615,5.086756840922223,25
True,Optimization terminated successfully,3.0,3.162277660168379e+16,0.0,front_rear,523959251562.0377,311740784132.1779,835700035694.2156,9.806650000000005,-9.502868504994074e-17,9.806650000000005,109686257253.07051,-6.579445552628618e-06,5.998422881226021e-17,0.38652537644207696,1.8385916973192942,0.5000000000000001,0.35272709505283184,0.48037490922596476,106546988198.6356,4.917635499796768,25
True,Optimization terminated successfully,3.0,5.623413251903491e+16,0.0,front_rear,518261274684.0933,179406487372.7305,697667762056.8239,9.806650000000001,-5.42841508085586e-17,9.806650000000001,112252684873.22934,3.947667331577171e-05,3.5167687401289347e-16,0.38084895984224904,1.8676849669877644,0.4999999999999999,0.3284764189594488,0.4821662237660245,106546988198.63554,4.8641569644174165,27
True,Optimization terminated successfully,3.0,1e+17,0.0,front_rear,514539080556.893,103785282029.87183,618324362586.7649,9.806649999999989,-3.110434262820834e-17,9.806649999999989,115476699868.07748,6.579445552628618e-06,5.697639056316198e-17,0.3756042954988937,1.903056148320275,0.49999999999999983,0.3087578289047018,0.4668562015007137,106546988198.63528,4.829222198168934,28
True,Optimization terminated successfully,3.0,1.778279410038923e+17,0.0,front_rear,512597868537.0892,59760379643.76666,572358248180.8558,9.806650000000005,-1.7763787026255743e-17,9.806650000000005,118242047635.24225,-1.3158891105257236e-05,1.1128774719675276e-16,0.37182202833917394,1.9327075023442528,0.5000000000000001,0.2947882985680395,0.450008934579687,106546988198.6356,4.8110028936852975,29
True,Optimization terminated successfully,3.0,3.1622776601683795e+17,0.0,front_rear,511938971391.74457,34082923327.41153,546021894719.1561,9.806649999999996,-1.0089661712484659e-17,9.806649999999996,119921052564.0446,-1.9738336657885854e-05,1.6459442471407987e-16,0.36934007608151687,1.9521230082880385,0.5,0.28710257255156485,0.4407748089515784,106546988198.63542,4.804818794477206,29
True,Optimization terminated successfully,3.0,5.6234132519034906e+17,0.0,front_rear,511718458527.95416,19325645984.71699,531044104512.67114,9.806649999999992,-5.709069826749799e-18,9.806649999999992,120918461782.65706,0.0,0.0,0.3678008509122797,1.9642462361634523,0.5,0.32408685242548907,0.4850467168969998,106546988198.63535,4.8027491642838225,29
True,Optimization terminated successfully,3.0,1e+18,0.0,front_rear,511644849319.1668,10920683236.610657,522565532555.77747,9.806650000000001,-3.2227827315546115e-18,9.806650000000001,121508988153.58658,-6.579445552628618e-06,5.414780957859875e-17,0.3668511011688624,1.9717942813629188,0.5,0.3222738093613226,0.48519235791410914,106546988198.63554,4.802058302814785,30
True,Optimization terminated successfully,3.125,100000000000000.0,1.0,unrestricted,775288609790.8907,28672090999340.31,29447379609131.2,9.806649995745401,-1.5690639993192644e-14,9.806649995745385,31902003657.590446,-31902003657.590446,1.0,1.05,1.0,1.0,0.6092567408419567,1.0,98193704238.66013,7.895502219842417,11
True,Optimization terminated successfully,3.125,177827941003892.28,1.0,unrestricted,539964602283.1528,16292904348131.393,16832868950414.545,9.806649999275987,-8.82349529003327e-15,9.806649999275978,32237184293.8776,-32237184293.8776,1.0,1.0499999999999998,1.0,1.0,0.6265379676668555,1.0,98193704309.36345,5.498973748683228,4
True,Optimization terminated successfully,3.125,316227766016837.94,1.0,unrestricted,465548617011.84247,9215743258264.865,9681291875276.707,9.806649999856665,-4.961816034501916e-15,9.80664999985666,32425670212.45749,-32425670212.45749,1.0,1.05,1.0,1.0,0.7569936660133385,1.0,98193704320.99208,4.741124904403025,3
True,Optimization terminated successfully,3.125,562341325190349.06,1.0,unrestricted,442016216225.912,5199333545982.963,5641349762208.875,9.806650000004359,-2.7902342042516996e-15,9.806650000004355,32531663633.51629,-32531663633.115112,0.9999999999876681,1.049999999987159,1.0,1.0,0.8296902297367836,0.9999999999878851,98193704323.94977,4.501472057390371,6
True,Optimization terminated successfully,3.125,1000000000000000.0,1.0,unrestricted,417218760294.9212,2945936217648.052,3363154977942.973,9.806650000001822,-1.569064000002327e-15,9.80665000000182,32777960976.964893,-32777960976.880596,0.9999999999974283,1.0499999999973977,1.0000000000000007,0.9999999999998782,0.8262055121113938,0.9526752258263264,98193704323.89897,4.248935949281384,9
True,Optimization terminated successfully,3.125,1778279410038922.8,1.0,unrestricted,331418714832.1637,1718386472586.1108,2049805187418.2744,9.806650000000968,-8.823495290687678e-16,9.806650000000968,34000040889.712814,-34000040889.695843,0.9999999999995008,1.0499999999995115,1.0,1.0,0.5786570782332924,0.9147403514381228,98193704323.88188,3.3751523798207366,10
True,Optimization terminated successfully,3.125,3162277660168379.5,1.0,unrestricted,304285960617.48663,985851746378.5568,1290137706996.0435,9.806650000000692,-4.961816034575182e-16,9.806650000000692,34687276664.069176,-34687276664.06331,0.9999999999998309,1.0499999999998517,1.0,1.0,0.9366391693812062,0.9366391693812062,98193704323.87636,3.0988337054058746,11
True,Optimization terminated successfully,3.125,5623413251903491.0,1.0,unrestricted,278836452673.11615,574848650258.3175,853685102931.4336,9.806649999999756,-2.790234204233259e-16,9.806649999999756,35967653863.701,-35967653863.700806,0.9999999999999947,1.0499999999999945,1.0,1.0000000000000002,0.8232910097060819,0.9519063311258132,98193704323.85762,2.839657130700269,14
True,Optimization terminated successfully,3.125,1e+16,1.0,unrestricted,262614278033.1899,334939142498.79584,597553420531.9857,9.80664999999998,-1.5690640000000402e-16,9.80664999999998,37267005567.58361,-37267005567.58229,0.9999999999999646,1.0499999999999619,1.000000000000003,0.9999999999999932,0.6875400964520819,0.9619287143625547,98193704323.8621,2.674451278129161,14
True,Optimization terminated successfully,3.125,1.7782794100389228e+16,1.0,unrestricted,253288901862.05423,195614956017.3355,448903857879.3898,9.806650000000023,-8.82349529068477e-17,9.806650000000023,38704427725.26827,-38704427725.26804,0.9999999999999941,1.0499999999999934,1.0000000000000004,0.999999999999999,0.5910100965557256,0.8965780954591133,98193704323.86296,2.579482092117184,17
True,Optimization terminated successfully,3.125,3.162277660168379e+16,1.0,unrestricted,248168886603.77814,113688129217.99634,361857015821.7745,9.8066499999999,-4.9618160345744076e-17,9.8066499999999,40001263943.5018,-40001263943.50158,0.9999999999999944,1.0499999999999936,1.0000000000000018,0.9999999999999981,0.6096946369480226,0.9723884929036162,98193704323.86049,2.5273401010035483,20
True,Optimization terminated successfully,3.125,5.623413251903491e+16,1.0,unrestricted,246128144641.74872,65478162154.461464,311606306796.2102,9.806649999999983,-2.7902342042333174e-17,9.806649999999983,40968972806.05349,-40968972806.05335,0.9999999999999967,1.0499999999999963,1.0000000000000007,0.9999999999999993,0.5756429260809884,0.9550529616986697,98193704323.86217,2.506557282226258,24
True,Optimization terminated successfully,3.125,1e+17,1.0,unrestricted,245003674632.7263,37630546181.68282,282634220814.4091,9.806650000000099,-1.569064000000019e-17,9.806650000000099,41869629318.37768,-41869629318.37757,0.9999999999999974,1.0499999999999974,1.0000000000000004,0.9999999999999989,0.5479892635529332,0.917373840131205,98193704323.86449,2.495105733302923,26
True,Optimization terminated successfully,3.125,1.778279410038923e+17,1.0,unrestricted,244648138312.47946,21417145791.27653,266065284103.75598,9.806650000000083,-8.823495290684784e-18,9.806650000000083,42376022173.19901,-42376022173.19891,0.9999999999999977,1.0499999999999972,1.0000000000000009,0.9999999999999988,0.532963775340332,0.8968904877203474,98193704323.86415,2.491484968380221,24
True,Optimization terminated successfully,3.125,3.1622776601683795e+17,1.0,unrestricted,244039598310.52502,12530570564.266548,256570168874.79156,9.806650000000023,-5.033812623194943e-18,9.806650000000023,44088917985.69209,-42065960253.10245,0.954116412354548,0.9820088655799215,1.0145101285736535,0.977058206177274,0.509684175146823,0.8613883890783819,98193704323.86296,2.4852876260338688,32
True,Optimization terminated successfully,3.125,5.6234132519034906e+17,1.0,unrestricted,243586316320.24158,7381068643.641929,250967384963.8835,9.806650000000039,-2.890791969200627e-18,9.806650000000039,46182542483.04006,-41509051734.81705,0.8988039528153026,0.902557066058117,1.0360391843862884,0.9494019764076526,0.4871543544152249,0.8261531712015849,98193704323.86327,2.4806714238709566,39
True,Optimization terminated successfully,3.125,1e+18,1.0,unrestricted,243407244233.57724,4279599773.9032383,247686844007.48047,9.806649999999975,-1.6500304349014636e-18,9.806649999999975,47616969283.20491,-41140016122.331436,0.8639780469363476,0.8544091068345707,1.0516017414850292,0.9319890234681744,0.4732048475691915,0.8043397801311182,98193704323.862,2.478847762283951,41
True,Optimization terminated successfully,3.125,100000000000000.0,0.1,unrestricted,2135457542251.3818,62614324067013.03,64749781609264.414,9.80665000000002,-2.26506509226281e-14,9.806649999999998,69667831182.92148,-6966783118.29215,0.10000000000000002,0.28363636363636346,1.4435772487692058,0.55,0.55,0.55,98193704323.86292,21.747397727335006,5
True,Optimization terminated successfully,3.125,177827941003892.28,0.1,unrestricted,1200136477032.2136,35917568104800.836,37117704581833.05,9.806649999973096,-1.2815978960311572e-14,9.806649999973084,71066596700.12488,-7106659669.977046,0.0999999999995013,0.2836363636371027,1.4524832323395749,0.5499999999997507,0.34560168092860566,0.5499999999997507,98193704323.32373,12.222132623498021,3
True,Optimization terminated successfully,3.125,316227766016837.94,0.1,unrestricted,826046833226.9069,20467228757605.2,21293275590832.105,9.806649999911812,-7.236888676960446e-15,9.806649999911805,72014116632.62703,-7201411663.131928,0.09999999999818404,0.2836363636390544,1.4585161212342714,0.549999999999092,0.3383460652286088,0.549999999999092,98193704322.09644,8.41242153893386,3
True,Optimization terminated successfully,3.125,562341325190349.06,0.1,unrestricted,707749300889.848,11594727387246.36,12302476688136.207,9.806649999984836,-4.079067557660911e-15,9.806649999984833,72546946247.6862,-7254694624.743181,0.09999999999964934,0.2836363636368833,1.461908663967527,0.5499999999998247,0.41213339466137144,0.5499999999998247,98193704323.55882,7.207685113474668,3
True,Optimization terminated successfully,3.125,1000000000000000.0,0.1,unrestricted,670341114449.2064,6547123177486.429,7217464291935.635,9.806650000007176,-2.2968215779421205e-15,9.806650000007174,72846569704.2022,-7284656970.399878,0.09999999999972076,0.2836363636343481,1.4638163758336546,0.5499999999996957,0.4531517061010282,0.5499999999969689,98193704324.0062,6.8267219274802615,5
True,Optimization terminated successfully,3.125,1778279410038922.8,0.1,unrestricted,658510583277.2875,3690234245718.836,4348744828996.1235,9.806650000001067,-1.292544337364924e-15,9.806650000001065,73015073878.13283,-7301507387.812431,0.09999999999998833,0.28363636363615646,1.4648892471545947,0.5499999999999926,0.47607195030511124,0.5499999999996962,98193704323.88387,6.706240362470128,7
True,Optimization terminated successfully,3.125,3162277660168379.5,0.1,unrestricted,524592730326.47784,2173188905166.7012,2697781635493.179,9.806649999999802,-7.38112273121796e-16,9.806649999999802,76463834520.46658,-7646383452.045382,0.0999999999999833,0.28363636363638234,1.487584924508624,0.5499999999999923,0.33858604897231187,0.49973755471521575,98193704323.85854,5.342427337258681,14
True,Optimization terminated successfully,3.125,5623413251903491.0,0.1,unrestricted,472184101704.5487,1259801158682.1711,1731985260386.7197,9.80664999999983,-4.214171968763142e-16,9.80664999999983,78824386196.62422,-7882438619.66206,0.0999999999999954,0.2836363636363694,1.510329119458684,0.5499999999999987,0.26118856239566984,0.5126237250182142,98193704323.8591,4.808700363795293,16
True,Optimization terminated successfully,3.125,1e+16,0.1,unrestricted,440645579670.50635,733952571914.2816,1174598151584.788,9.806650000000072,-2.4273600383840306e-16,9.806650000000072,81663237028.11229,-8166323702.811314,0.10000000000000103,0.27374592109900125,1.5470114911717954,0.5500000000000034,0.4955021094537029,0.4955021094537029,98193704323.86394,4.487513560107301,26
True,Optimization terminated successfully,3.125,1.7782794100389228e+16,0.1,unrestricted,400363678284.5016,441737569345.94763,842101247630.4492,9.806650000000019,-1.4239262201154354e-16,9.806650000000019,87402314088.75887,-8740231408.875895,0.10000000000000009,0.2526657266736936,1.613789290077252,0.5500000000000052,0.40559575258626884,0.5270995511611422,98193704323.86287,4.077284598246956,26
True,Optimization terminated successfully,3.125,3.162277660168379e+16,0.1,unrestricted,386300156090.0997,258791103165.04596,645091259255.1456,9.806649999999888,-8.246507081455073e-17,9.806649999999888,91055867443.16254,-9105586744.31578,0.0999999999999948,0.23609355661919132,1.6619937184274156,0.549999999999998,0.3586206103368925,0.5305610732648494,98193704323.86023,3.934062359191719,29
True,Optimization terminated successfully,3.125,5.623413251903491e+16,0.1,unrestricted,370384585608.79443,157275357868.48126,527659943477.2757,9.80665000000006,-4.8973020312685816e-17,9.80665000000006,98405478216.94025,-9840547821.694252,0.10000000000000231,0.20736854463829937,1.7551580522661507,0.550000000000002,0.30788314787072996,0.5336771539719074,98193704323.8637,3.7719789487438766,33
True,Optimization terminated successfully,3.125,1e+17,0.1,unrestricted,363308633500.7884,93725165269.57367,457033798770.36206,9.806649999999948,-2.8854397134252203e-17,9.806649999999948,104283310390.8258,-10428331039.082394,0.0999999999999982,0.1835979748969489,1.8389560358438017,0.5500000000000006,0.3274370663700098,0.5355096676392815,98193704323.86145,3.6999177900706104,45
True,Optimization terminated successfully,3.125,1.778279410038923e+17,0.1,unrestricted,291721675609.5726,108269901616.20741,399991577225.77997,9.80665000000005,-3.681585867835621e-17,9.80665000000005,214223118070.53442,-21422311807.053593,0.1000000000000007,0.010462674420076108,1.553954420385239,0.5292247038998671,0.15268651598554953,0.26524916032645873,98193704323.86348,2.9708796263293333,30
True,Optimization terminated successfully,3.125,3.1622776601683795e+17,0.1,unrestricted,258604724316.6772,84724561030.00574,343329285346.6829,9.806650000000054,-2.7434834826837008e-17,9.806650000000054,298104081012.7174,-29810408101.271996,0.10000000000000085,0.06195647676848359,1.3528483954902264,0.4786304140307035,0.13404143732714416,0.2359146929285921,98193704323.86359,2.633618174376477,26
True,Optimization terminated successfully,3.125,5.6234132519034906e+17,0.1,unrestricted,248131264754.15497,55183540492.28465,303314805246.43964,9.80665000000013,-1.7528501837954087e-17,9.80665000000013,345277401714.0182,-34527740171.402504,0.10000000000000199,0.07992381083842218,1.2397550195693623,0.4602200390677099,0.12718545449030286,0.22706984965636584,98193704323.86511,2.5269569618818104,26
True,Optimization terminated successfully,3.125,1e+18,0.1,unrestricted,244819357488.55258,33416101106.936928,278235458595.4895,9.806650000000037,-1.0517851393893318e-17,9.806650000000037,371804267697.2676,-37180426769.72702,0.1000000000000007,0.08802457244573196,1.176157909090795,0.4516957143343004,0.12364526817815306,0.22297919625081294,98193704323.86322,2.4932286563004844,26
True,Optimization terminated successfully,3.125,100000000000000.0,0.1,front_rear,2135457542251.3818,62614324067013.03,64749781609264.414,9.80665000000002,-2.26506509226281e-14,9.806649999999998,69667831182.92148,-6966783118.29215,0.10000000000000002,0.28363636363636346,1.4435772487692058,0.55,0.55,0.55,98193704323.86292,21.747397727335006,5
True,Optimization terminated successfully,3.125,177827941003892.28,0.1,front_rear,1200136477030.5828,35917568104237.51,37117704581268.09,9.806649999776399,-1.2815978960089896e-14,9.806649999776386,71066596699.01027,-7106659669.578484,0.0999999999954614,0.2836363636430889,1.4524832323435848,0.5499999999977307,0.3456016809389961,0.5499999999977307,98193704319.38466,12.222132623971707,4
True,Optimization terminated successfully,3.125,316227766016837.94,0.1,front_rear,826046833238.3289,20467228757723.234,21293275590961.562,9.806649999989155,-7.236888677008789e-15,9.806649999989148,72014116633.04234,-7201411663.284839,0.09999999999973067,0.2836363636367624,1.4585161212325115,0.5499999999998653,0.3383460652291104,0.5499999999998653,98193704323.6453,8.412421538917487,4
True,Optimization terminated successfully,3.125,562341325190349.06,0.1,front_rear,707749300890.1056,11594727387247.918,12302476688138.023,9.806649999987165,-4.079067557661638e-15,9.806649999987162,72546946247.69595,-7254694624.749624,0.09999999999972471,0.2836363636367713,1.4619086639674406,0.5499999999998623,0.41213339466140836,0.5499999999998623,98193704323.60547,7.207685113473866,3
True,Optimization terminated successfully,3.125,1000000000000000.0,0.1,front_rear,670341114448.6239,6547123177445.821,7217464291894.445,9.806649999998914,-2.2968215779311084e-15,9.806649999998912,72846569703.75038,-7284656970.3758,0.10000000000001046,0.2836363636363481,1.4638163758338492,0.5500000000000053,0.4531517061036133,0.5500000000000053,98193704323.84076,6.82672192748583,5
True,Optimization terminated successfully,3.125,1778279410038922.8,0.1,front_rear,658510583277.2023,3690234245716.618,4348744828993.8203,9.806649999999806,-1.2925443373643237e-15,9.806649999999804,73015073878.08894,-7301507387.808472,0.0999999999999942,0.28363636363637224,1.4648892471546255,0.5499999999999972,0.47607195030537386,0.5499999999999972,98193704323.85861,6.706240362470985,7
True,Optimization terminated successfully,3.125,3162277660168379.5,0.1,front_rear,524592635412.2952,2173189000065.7285,2697781635478.024,9.806650000000417,-7.381124439660755e-16,9.806650000000417,76463837859.49684,-7646383785.95101,0.10000000000001734,0.28363636363632616,1.4875852688265634,0.5500000000000164,0.33858576662956524,0.49973704137678,98193704323.87085,5.342426370656504,12
True,Optimization terminated successfully,3.125,5623413251903491.0,0.1,front_rear,472184364973.41656,1259800895421.1467,1731985260394.5632,9.806649999999966,-4.2141730433719477e-16,9.806649999999966,78824369724.66869,-7882436972.466878,0.10000000000000012,0.2836363636363634,1.5103295045907854,0.55,0.2611907022643227,0.5126241131016269,98193704323.8618,4.80870304491275,15
True,Optimization terminated successfully,3.125,1e+16,0.1,front_rear,440648259842.2929,733949891592.5692,1174598151434.862,9.806649999999916,-2.4273520277329135e-16,9.806649999999916,81662938802.10194,-8166293880.209916,0.09999999999999659,0.27375175307426364,1.5470063858025767,0.5499999999999983,0.4955037337538109,0.4955037337538109,98193704323.86082,4.487540854849047,25
True,Optimization terminated successfully,3.125,1.7782794100389228e+16,0.1,front_rear,400363785498.399,441737462169.0645,842101247667.4635,9.806650000000046,-1.4239266172600685e-16,9.806650000000046,87402292882.71199,-8740229288.27131,0.10000000000000128,0.2526651680696873,1.6137897401762713,0.5500000000000007,0.4055957731241307,0.5270994714451894,98193704323.86342,4.077285690108149,26
True,Optimization terminated successfully,3.125,3.162277660168379e+16,0.1,front_rear,387606991066.34485,257590696402.00668,645197687468.3516,9.806649999999987,-8.194182239850753e-17,9.806649999999987,90633503313.34363,-9063350331.334406,0.10000000000000048,0.2420032988089592,1.6514482162887278,0.5500000000000003,0.36003797159800216,0.5304648105210407,98193704323.86224,3.947371104240455,27
True,Optimization terminated successfully,3.125,5.623413251903491e+16,0.1,front_rear,377339186358.91425,152603991260.6396,529943177619.55383,9.806650000000019,-4.74405131835091e-17,9.806650000000019,95482655015.63678,-9548265501.563768,0.10000000000000095,0.2331004813585532,1.7002340918741796,0.5500000000000004,0.3188768762009751,0.4878769573506481,98193704323.86287,3.8428042709782355,30
True,Optimization terminated successfully,3.125,1e+17,0.1,front_rear,372730645507.7328,89168977429.21913,461899622936.9519,9.806649999999951,-2.7369221514427497e-17,9.806649999999951,99213867734.86452,-9921386773.486216,0.09999999999999762,0.22529272678711326,1.7443024321778844,0.549999999999998,0.34274834404322074,0.534561142089196,98193704323.86154,3.7958711108239296,36
True,Optimization terminated successfully,3.125,1.778279410038923e+17,0.1,front_rear,289863416314.99457,111764337241.95616,401627753556.95074,9.806649999999996,-2.8907579535259505e-17,9.806649999999996,221137217783.10492,-22113721778.31051,0.10000000000000007,0.012650466945587064,1.462362177691017,0.22548172779087344,0.13386989249945536,0.21963023788170197,98193704323.86241,2.951955202331172,33
True,Optimization terminated successfully,3.125,3.1622776601683795e+17,0.1,front_rear,258255440370.62604,85681202120.9808,343936642491.6068,9.806649999999998,-2.1168622879067278e-17,9.806649999999998,301470030742.2549,-30147003074.22547,0.09999999999999995,0.06239419159654109,1.2902726118021224,0.15780875739968095,0.08825374669388589,0.1476223704020896,98193704323.86243,2.6300610833343048,38
True,Optimization terminated successfully,3.125,5.6234132519034906e+17,0.1,front_rear,248042164518.39905,55534270431.41971,303576434949.8187,9.80664999999998,-1.3472677445041939e-17,9.80664999999998,347471880738.154,-34747188073.81528,0.09999999999999964,0.08005827685721126,1.196219854381786,0.1338649588562619,0.07154488431538505,0.12059023833232684,98193704323.8621,2.526049569331933,36
True,Optimization terminated successfully,3.125,1e+18,0.1,front_rear,244812487151.42914,33554151838.460423,278366638989.8896,9.806649999999992,-8.072059344019631e-18,9.806649999999992,373340289238.9461,-37334028923.89457,0.0999999999999999,0.08807913095579331,1.1433319724431337,0.12299266863960324,0.06395761602279362,0.10831447616566574,98193704323.86235,2.493158689115026,35
True,Optimization terminated successfully,3.125,100000000000000.0,0.01,unrestricted,2365097771556.7715,71326368209112.98,73691465980669.75,9.806650000000024,-2.441189572102422e-14,9.80665,79361287585.9706,-793612875.8597032,0.009999999999999966,0.41700000000000004,1.555825366015928,0.505,0.505,0.505,98193704323.86298,24.086042866416303,5
True,Optimization terminated successfully,3.125,177827941003892.28,0.01,unrestricted,1463209279521.9238,40829885848053.64,42293095127575.56,9.806649999740713,-1.3815868861181821e-14,9.8066499997407,80786121777.76933,-807861217.2701851,0.00999999999371788,0.417000000009309,1.5658045260287101,0.5049999999968589,0.34421368759437876,0.5049999999968589,98193704318.67004,14.901253493537027,3
True,Optimization terminated successfully,3.125,316227766016837.94,0.01,unrestricted,975514901245.6715,23311408667801.355,24286923569047.027,9.806649999954098,-7.812161023565507e-15,9.806649999954091,82021387582.82509,-820213875.7330879,0.009999999998839779,0.4170000000017191,1.5744559994095186,0.5049999999994199,0.2956598529592683,0.5049999999994199,98193704322.94327,9.93459721243798,3
True,Optimization terminated successfully,3.125,562341325190349.06,0.01,unrestricted,821292397498.4318,13219988596219.154,14041280993717.586,9.806650000002058,-4.406675698058329e-15,9.806650000002055,82716028592.43298,-827160285.9287734,0.010000000000053721,0.4169999999987322,1.5793210804176265,0.5050000000000953,0.36973522535916714,0.5049999999987987,98193704323.9037,8.364002592154996,3
True,Optimization terminated successfully,3.125,1000000000000000.0,0.01,unrestricted,772522959666.5961,7469253561413.73,8241776521080.326,9.806650000002422,-2.482348553663652e-15,9.80665000000242,83106653937.85677,-831066539.3916254,0.010000000000157121,0.4169999999995255,1.5820569165197684,0.5050000000002796,0.4108468991448589,0.5049999999997286,98193704323.91101,7.867336964071332,5
True,Optimization terminated successfully,3.125,1778279410038922.8,0.01,unrestricted,757100709291.1296,4211371961291.116,4968472670582.246,9.806650000001193,-1.3972846467953297e-15,9.806650000001191,83326318712.34235,-833263187.1276542,0.010000000000050774,0.4169999999997732,1.5835953902190907,0.505000000000064,0.4337963679566469,0.5049999999998028,98193704323.8864,7.710277502047133,7
True,Optimization terminated successfully,3.125,3162277660168379.5,0.01,unrestricted,633577545193.6271,2465694933071.8853,3099272478265.512,9.806650000000593,-7.987353835997828e-16,9.806650000000593,86755683729.15988,-867556837.2941517,0.010000000000029426,0.4169999999999086,1.6097642033360555,0.5050000000000473,0.3346725112430259,0.5049999999999466,98193704323.87437,6.452323492185251,10
True,Optimization terminated successfully,3.125,5623413251903491.0,0.01,unrestricted,564306981703.7162,1436427996902.2788,2000734978605.995,9.80665000000003,-4.577810088270533e-16,9.80665000000003,89875735064.34094,-898757350.6435585,0.010000000000001659,0.41699999999999604,1.6406544229603073,0.5050000000000007,0.2555956892654568,0.46805982983788685,98193704323.86308,5.746875378512205,18
True,Optimization terminated successfully,3.125,1e+16,0.01,unrestricted,532246986953.687,831813720753.7462,1364060707707.433,9.806650000000012,-2.6411289523438713e-16,9.806650000000012,92551758302.28247,-925517583.0228662,0.01000000000000045,0.404654429051819,1.6832512582940304,0.5050000000000006,0.4753734144607448,0.4753734144607448,98193704323.86273,5.420377921564387,26
True,Optimization terminated successfully,3.125,1.7782794100389228e+16,0.01,unrestricted,488461224492.2421,500710110388.62604,989171334880.8682,9.806649999999959,-1.5560395988714963e-16,9.806649999999959,99070636895.11671,-990706368.9509239,0.009999999999997546,0.3836617866948006,1.7635183650114978,0.5049999999999999,0.4029803308735268,0.48172910143730685,98193704323.86166,4.974465805681425,27
True,Optimization terminated successfully,3.125,3.162277660168379e+16,0.01,unrestricted,469818493739.88525,295274661722.6598,765093155462.545,9.806649999999886,-9.055899274974425e-17,9.806649999999886,103892638225.65071,-1038926382.2560521,0.00999999999999562,0.36804377614095013,1.8251179027743236,0.5049999999999987,0.3538241187794682,0.4853524172274732,98193704323.86021,4.784609125146565,29
True,Optimization terminated successfully,3.125,5.623413251903491e+16,0.01,unrestricted,460685542630.6959,172693999412.2089,633379542042.9048,9.806649999999946,-5.2761718876738435e-17,9.806649999999946,108052754275.50053,-1080527542.7547429,0.009999999999997572,0.3469470302489732,1.8909423014272118,0.5049999999999992,0.32415187420365904,0.48576224606431495,98193704323.8614,4.691599586784789,28
True,Optimization terminated successfully,3.125,1e+17,0.01,unrestricted,452686896086.7161,102871006688.15762,555557902774.8738,9.806649999999989,-3.093608424157337e-17,9.806649999999989,114459431357.87074,-1144594313.5786343,0.00999999999999936,0.32958366558391117,1.9716266666989573,0.5050000000000002,0.2927591680280024,0.4473623176807073,98193704323.86227,4.6101417519973085,33
True,Optimization terminated successfully,3.125,1.778279410038923e+17,0.01,unrestricted,449222862989.7437,60432687231.29242,509655550221.03613,9.80664999999989,-1.8048328028090013e-17,9.80664999999989,119572277233.24057,-1195722772.3320081,0.009999999999996675,0.31303314848344405,2.0454850865217225,0.5049999999999988,0.31548205119062833,0.49056226486744403,98193704323.86028,4.574864204207298,34
True,Optimization terminated successfully,3.125,3.1622776601683795e+17,0.01,unrestricted,447829357977.84467,34987014126.203255,482816372104.0479,9.806649999999795,-1.0415545697681785e-17,9.806649999999795,123102103648.27992,-1231021036.4821627,0.009999999999994829,0.30110378026095663,2.0991398361215716,0.5049999999999983,0.30583751879442495,0.4912456330651217,98193704323.8584,4.560672815650507,44
True,Optimization terminated successfully,3.125,5.6234132519034906e+17,0.01,unrestricted,447315976593.2975,20052285347.9749,467368261941.2724,9.806649999999996,-5.965692132067917e-18,9.806649999999996,125464965125.69461,-1254649651.2569623,0.010000000000000129,0.2937292619085493,2.138061429759843,0.5050000000000007,0.300467145558415,0.49162129454142367,98193704323.86241,4.555444564123584,59
True,Optimization terminated successfully,3.125,1e+18,0.01,unrestricted,396453429622.57715,58463477388.859215,454916907011.43634,9.80664999999992,-1.7552292435467298e-17,9.80664999999992,650493913938.0366,-6504939139.380014,0.009999999999999459,0.040920423585540155,2.001146469916679,0.3938786924611002,0.14457584331727802,0.2591455191952998,98193704323.86089,4.037462812432464,40
True,Optimization terminated successfully,3.125,100000000000000.0,0.01,front_rear,2365097771556.7715,71326368209112.98,73691465980669.75,9.806650000000024,-2.441189572102422e-14,9.80665,79361287585.9706,-793612875.8597032,0.009999999999999966,0.41700000000000004,1.555825366015928,0.505,0.505,0.505,98193704323.86298,24.086042866416303,5
True,Optimization terminated successfully,3.125,177827941003892.28,0.01,front_rear,1463209279544.9426,40829885848385.28,42293095127930.23,9.806649999863149,-1.3815868861317805e-14,9.806649999863135,80786121778.42552,-807861217.5126982,0.009999999996638568,0.41700000000498105,1.5658045260245725,0.5049999999983192,0.34421368759374193,0.5049999999983192,98193704321.12193,14.901253493399366,3
True,Optimization terminated successfully,3.125,316227766016837.94,0.01,front_rear,975514901238.4169,23311408667757.637,24286923568996.055,9.806649999924707,-7.812161023547164e-15,9.8066499999247,82021387582.67126,-820213875.6781806,0.009999999998189105,0.41700000000268334,1.574455999410541,0.5049999999990946,0.29565985295999414,0.5049999999990946,98193704322.35468,9.93459721242365,4
True,Optimization terminated successfully,3.125,562341325190349.06,0.01,front_rear,821292397495.9818,13219988596167.658,14041280993663.64,9.806649999983012,-4.4066756980422926e-15,9.806649999983009,82716028592.11078,-827160285.8848501,0.009999999999561662,0.4170000000006493,1.579321080418327,0.5049999999997808,0.36973522535996534,0.5049999999997808,98193704323.52231,8.364002592162532,4
True,Optimization terminated successfully,3.125,1000000000000000.0,0.01,front_rear,772522959667.0635,7469253561419.983,8241776521087.047,9.806650000008988,-2.4823485536653078e-15,9.806650000008986,83106653937.92635,-831066539.4080982,0.01000000000034696,0.4169999999991862,1.5820569165197862,0.5050000000004297,0.4108468991445281,0.5049999999993378,98193704324.04248,7.867336964065559,5
True,Optimization terminated successfully,3.125,1778279410038922.8,0.01,front_rear,757100709291.2211,4211371961291.088,4968472670582.309,9.806650000002763,-1.3972846467953329e-15,9.806650000002762,83326318712.34178,-833263187.1325809,0.010000000000109966,0.4169999999997576,1.5835953902190962,0.5050000000000744,0.43379636795665166,0.5049999999998099,98193704323.91783,7.710277502045597,7
True,Optimization terminated successfully,3.125,3162277660168379.5,0.01,front_rear,633577545193.6184,2465694933071.6484,3099272478265.2666,9.806650000000337,-7.987353835997202e-16,9.806650000000337,86755683729.15154,-867556837.2929579,0.010000000000016628,0.4169999999999672,1.6097642033360773,0.5050000000000117,0.3346725112430575,0.5049999999999862,98193704323.86926,6.452323492185498,10
True,Optimization terminated successfully,3.125,5623413251903491.0,0.01,front_rear,564306503569.3646,1436428475024.5454,2000734978593.9102,9.806649999999932,-4.577811017121261e-16,9.806649999999932,89875764979.93034,-898757649.7992227,0.009999999999999102,0.41700000000000115,1.6406547558537876,0.5049999999999996,0.25559343968066556,0.46805881402210003,98193704323.86115,5.746870509214894,18
True,Optimization terminated successfully,3.125,1e+16,0.01,front_rear,532246908990.6104,831813798717.1017,1364060707707.7122,9.8066500000001,-2.6411287572904266e-16,9.8066500000001,92551766976.87566,-925517669.7691607,0.010000000000004367,0.40465457800655935,1.6832511339820408,0.5050000000000018,0.4753744976119609,0.4753744976119609,98193704323.86453,5.420377127592035,25
True,Optimization terminated successfully,3.125,1.7782794100389228e+16,0.01,front_rear,488461345914.3706,500709989013.0854,989171334927.456,9.806649999999983,-1.5560398352593432e-16,9.806649999999983,99070612879.71965,-990706128.7971778,0.009999999999999811,0.383661012769434,1.7635186329187669,0.505,0.40298066378596614,0.4817289897546497,98193704323.86217,4.974467042238563,26
True,Optimization terminated successfully,3.125,3.162277660168379e+16,0.01,front_rear,471094833314.8336,294071795190.66876,765166628505.5024,9.806650000000017,-9.007650931496553e-17,9.806650000000017,103469408624.05602,-1034694086.2406383,0.010000000000000755,0.37244554573436156,1.815393974450143,0.5050000000000002,0.3550484238959151,0.4852660948618195,98193704323.86282,4.797607306483387,26
True,Optimization terminated successfully,3.125,5.623413251903491e+16,0.01,front_rear,465603679576.1355,169321602119.43283,634925281695.5684,9.806649999999978,-5.146763351249456e-17,9.806649999999978,105942682024.95346,-1059426820.2494453,0.009999999999999157,0.366546003565198,1.8445632067160727,0.5049999999999997,0.3298474675243068,0.4871273303180249,98193704323.86206,4.7416856587921705,27
True,Optimization terminated successfully,3.125,1e+17,0.01,front_rear,461400275817.0474,98433928054.08366,559834203871.1311,9.806650000000005,-2.9570220787497725e-17,9.806650000000005,109522515566.95404,-1095225155.669602,0.010000000000000562,0.3607213038785062,1.8845770973967737,0.5050000000000002,0.30743281783511195,0.46614043573248776,98193704323.86258,4.698878395454525,30
True,Optimization terminated successfully,3.125,1.778279410038923e+17,0.01,front_rear,459517263560.17053,56711687675.79573,516228951235.96625,9.806650000000042,-1.6894701125591877e-17,9.806650000000042,112209897520.888,-1122098975.209065,0.010000000000001648,0.35675543099832013,1.9147401986408024,0.5050000000000008,0.29303666246734844,0.4487824161285221,98193704323.86334,4.67970188846921,30
True,Optimization terminated successfully,3.125,3.1622776601683795e+17,0.01,front_rear,458854858142.5867,32369069940.07108,491223928082.6578,9.806649999999989,-9.604303429137745e-18,9.806649999999989,113890844997.16544,-1138908449.9716556,0.01000000000000001,0.3539828189145924,1.935642789296095,0.5049999999999999,0.326791489160128,0.48993140949344527,98193704323.86227,4.672955983300034,30
True,Optimization terminated successfully,3.125,5.6234132519034906e+17,0.01,front_rear,458630757281.8824,18363980460.223404,476994737742.1058,9.806649999999983,-5.438406820679045e-18,9.806649999999983,114901425350.18102,-1149014253.501751,0.009999999999999485,0.35223271418786534,1.9490861420980223,0.5049999999999994,0.3234531641324548,0.49019936469483566,98193704323.86217,4.6706737508265075,33
True,Optimization terminated successfully,3.125,1e+18,0.01,front_rear,386501356976.6874,75038897183.70842,461540254160.3958,9.80664999999998,-1.698478801199885e-17,9.80664999999998,834920331576.5488,-8349203315.765433,0.009999999999999934,0.030731021067096312,1.7855408267922774,0.06630226783768707,0.04138759126343069,0.06443739294918907,98193704323.8621,3.936111379421333,46
True,Optimization terminated successfully,3.125,100000000000000.0,0.0,unrestricted,2396134602421.2554,72446374645790.2,74842509248211.45,9.806650000000023,-2.4638318530481244e-14,9.806649999999998,80607462810.51991,0.0,0.0,0.4318181818181817,1.5702558041278871,0.5,0.5,0.5,98193704323.86296,24.40212047116903,5
True,Optimization terminated successfully,3.125,177827941003892.28,0.0,unrestricted,1499906785715.2021,41459725943580.484,42959632729295.69,9.806649999818045,-1.3944086921508529e-14,9.806649999818031,82032325082.06241,0.3563259277497512,4.34372581044478e-12,0.4318181818246184,1.5803359623808668,0.4999999999978281,0.34410118072769547,0.4999999999978281,98193704320.21869,15.274979145545506,8
True,Optimization terminated successfully,3.125,316227766016837.94,0.0,unrestricted,996475795127.9161,23676922098526.668,24673397893654.586,9.806650000015296,-7.886096077334542e-15,9.806650000015289,83307449664.9359,-1.2632535461046945e-05,1.516375247574525e-16,0.4318181817880084,1.5893568044298412,0.499999999982244,0.29089266411648296,0.49999999997036526,98193704324.16881,10.148061955563168,3
True,Optimization terminated successfully,3.125,562341325190349.06,0.0,unrestricted,837276937616.2792,13429114229979.86,14266391167596.139,9.806649999995958,-4.448831996964706e-15,9.806649999995953,84024504902.80652,0.008413268617057266,1.0012874966403108e-13,0.4318181818183301,1.5944295967043989,0.49999999999994993,0.3650054307962419,0.49999999999994993,98193704323.78154,8.526788386101236,3
True,Optimization terminated successfully,3.125,1000000000000000.0,0.0,unrestricted,786933838554.4321,7587986378969.357,8374920217523.789,9.806650000000438,-2.506238056599929e-15,9.806650000000436,84427734698.94348,0.0,0.0,0.4318181818178521,1.5972822374347686,0.4999999999999357,0.4061290878328482,0.49999999999964956,98193704323.87126,8.014096667123347,5
True,Optimization terminated successfully,3.125,1778279410038922.8,0.0,unrestricted,771013952803.5037,4278498564034.398,5049512516837.901,9.806649999999983,-1.4107766578417231e-15,9.806649999999982,84654487476.74393,0.00010737655141889904,1.2684094443120604e-15,0.43181818181817283,1.598886395203408,0.49999999999999994,0.42908252382440476,0.4999999999999878,98193704323.86217,7.851969310176423,7
True,Optimization terminated successfully,3.125,3162277660168379.5,0.0,unrestricted,649280656909.8586,2502877858327.3184,3152158515237.177,9.806650000000058,-8.064506201282894e-16,9.806650000000058,88063968083.52907,-6.316267730523473e-06,7.172363303607288e-17,0.4318181818181541,1.6253134225630634,0.4999999999999911,0.3344625780093115,0.49999999999997496,98193704323.86365,6.612243232706584,10
True,Optimization terminated successfully,3.125,5623413251903491.0,0.0,unrestricted,577653333623.5642,1459033712668.387,2036687046291.9512,9.806649999999971,-4.624389898864021e-16,9.806649999999971,91290150075.40729,5.053014184418778e-05,5.535114336261796e-16,0.4318181818181816,1.6573482942213085,0.4999999999999999,0.255158281665716,0.4630768071372389,98193704323.86194,5.882793989707845,19
True,Optimization terminated successfully,3.125,1e+16,0.0,unrestricted,544263555424.0677,845522139155.0907,1389785694579.1584,9.806649999999987,-2.6701007599181673e-16,9.806649999999987,94077025552.5487,-3.1581338652617364e-05,3.3569661101771274e-16,0.41914063737394963,1.7017156469832777,0.5000000000000001,0.4704179129431673,0.4704179129431673,98193704323.86224,5.542754081554749,25
True,Optimization terminated successfully,3.125,1.7782794100389228e+16,0.0,unrestricted,501554033388.9657,507934186634.4803,1009488220023.446,9.806650000000033,-1.5722798197512046e-16,9.806650000000033,100499994560.97287,-4.421387411366431e-05,4.399390697164661e-16,0.3983780320290726,1.7819240198508466,0.5000000000000017,0.4033789768747921,0.4766377423710592,98193704323.86316,5.1078023468259905,27
True,Optimization terminated successfully,3.125,3.162277660168379e+16,0.0,unrestricted,482383155097.30835,299697487016.76166,782080642114.0701,9.806650000000035,-9.152434453868368e-17,9.806650000000035,105448813027.56099,-2.526507092209389e-05,2.3959559331872614e-16,0.38321597092044146,1.8445735170536754,0.5000000000000012,0.35400149924333657,0.48027859089625735,98193704323.86319,4.912567036948812,30
True,Optimization terminated successfully,3.125,5.623413251903491e+16,0.0,unrestricted,473164616334.5671,175168105200.18256,648332721534.7496,9.80664999999998,-5.332004542821391e-17,9.80664999999998,109600775316.58723,2.526507092209389e-05,2.3051908938704577e-16,0.36222100793222234,1.9109523260562653,0.49999999999999983,0.3247875742289627,0.48241660421926996,98193704323.8621,4.818685878006774,28
True,Optimization terminated successfully,3.125,1e+17,0.0,unrestricted,465901565353.1463,103878026003.88013,569779591357.0264,9.806650000000044,-3.118677057363844e-17,9.806650000000044,115579891455.95645,-4.421387411366431e-05,3.825395019557767e-16,0.3456327819479273,1.9876034740226156,0.500000000000001,0.2955447792075578,0.4498942082297012,98193704323.86337,4.744719313333016,32
True,Optimization terminated successfully,3.125,1.778279410038923e+17,0.0,unrestricted,462677732408.2813,60825854088.32949,523503586496.6108,9.806649999999962,-1.812399629825335e-17,9.806649999999962,120350198232.32887,6.316267730523473e-05,5.248240404498791e-16,0.3315122142009909,2.0540608569698673,0.49999999999999967,0.3174811009742089,0.4853322132609256,98193704323.86174,4.711887952432074,34
True,Optimization terminated successfully,3.125,3.1622776601683795e+17,0.0,unrestricted,461220677160.94885,35253815550.67306,496474492711.6219,9.806649999999943,-1.0469760330034698e-17,9.806649999999943,124040846705.63594,0.0001231672207452077,9.929569493950534e-16,0.3192115173184965,2.1100662050105026,0.4999999999999996,0.3075407130092742,0.4860367351942935,98193704323.86134,4.697049371309551,38
True,Optimization terminated successfully,3.125,5.6234132519034906e+17,0.0,unrestricted,460759342472.19226,20157065351.349533,480916407823.5418,9.80664999999999,-5.9757953196825796e-18,9.80664999999999,126120562193.11797,1.2632535461046945e-05,1.0016237829406272e-16,0.3125972077095518,2.1416823400043508,0.4999999999999997,0.30221309507872746,0.48641505175780186,98193704323.86232,4.692351160849544,44
True,Optimization terminated successfully,3.125,1e+18,0.0,unrestricted,460595987457.52966,11454484792.478308,472050472250.008,9.806649999999996,-3.393728846527816e-18,9.806649999999996,127448331464.16309,6.94789450357582e-05,5.451538222396801e-16,0.30858578775037804,2.1629002045345613,0.49999999999999933,0.2991976047048755,0.4866304532500468,98193704323.86241,4.690687561173904,51
True,Optimization terminated successfully,3.125,100000000000000.0,0.0,front_rear,2396134602421.2554,72446374645790.2,74842509248211.45,9.806650000000023,-2.4638318530481244e-14,9.806649999999998,80607462810.51991,0.0,0.0,0.4318181818181817,1.5702558041278871,0.5,0.5,0.5,98193704323.86296,24.40212047116903,5
True,Optimization terminated successfully,3.125,177827941003892.28,0.0,front_rear,1499906785791.0183,41459725947476.86,42959632733267.875,9.806650000434688,-1.3944086922604545e-14,9.806650000434674,82032325089.77179,-1.325424569376237,1.6157344899413288e-11,0.43181818177654774,1.5803359623727302,0.4999999999920031,0.34410118070102297,0.4999999999649454,98193704332.56752,15.274979144396635,3
True,Optimization terminated successfully,3.125,316227766016837.94,0.0,front_rear,996475795123.5411,23676922096819.875,24673397891943.418,9.806649999987329,-7.886096076867723e-15,9.806649999987322,83307449658.93054,0.02340808820931999,2.809843333958147e-13,0.4318181818185981,1.5893568044294253,0.4999999999998595,0.2908926641336055,0.4999999999998595,98193704323.60873,10.148061955576496,3
True,Optimization terminated successfully,3.125,562341325190349.06,0.0,front_rear,837276937615.5002,13429114229975.0,14266391167590.5,9.806649999990114,-4.448831996962687e-15,9.806649999990109,84024504902.77612,0.020774204565691703,2.472398330669049e-13,0.4318181818185481,1.5944295967046256,0.49999999999987643,0.36500543079618647,0.49999999999987643,98193704323.6645,8.526788386103467,3
True,Optimization terminated successfully,3.125,1000000000000000.0,0.0,front_rear,786933838554.4038,7587986378963.579,8374920217517.982,9.806650000000271,-2.506238056598352e-15,9.80665000000027,84427734698.8792,-0.0009474401595785209,1.1221906675071532e-14,0.431818181818158,1.5972822374347204,0.5000000000000038,0.40612908783312546,0.4999999999999809,98193704323.86792,8.014096667123331,5
True,Optimization terminated successfully,3.125,1778279410038922.8,0.0,front_rear,771013952803.564,4278498564034.985,5049512516838.549,9.806650000000932,-1.4107766578418768e-15,9.80665000000093,84654487476.75554,-0.0026844137854724758,3.1710236107797155e-14,0.43181818181810266,1.5988863952033887,0.5000000000000165,0.4290825238243469,0.49999999999992223,98193704323.88116,7.851969310175518,7
True,Optimization terminated successfully,3.125,3162277660168379.5,0.0,front_rear,649280656909.8802,2502877858327.3237,3152158515237.204,9.806650000000385,-8.064506201282883e-16,9.806650000000385,88063968083.52925,-0.0008274310726985749,9.395795927725527e-15,0.43181818181815435,1.62531342256306,0.4999999999999981,0.33446257800931084,0.4999999999999742,98193704323.87021,6.612243232706362,10
True,Optimization terminated successfully,3.125,5623413251903491.0,0.0,front_rear,577652626794.6692,1459034419486.5781,2036687046281.2473,9.806650000000046,-4.624391480494903e-16,9.806650000000046,91290194300.25157,-9.474401595785209e-05,1.0378334352782838e-15,0.4318181818181792,1.6573488610665026,0.5000000000000006,0.25515693840830755,0.4630766285162651,98193704323.86342,5.882786791396012,19
True,Optimization terminated successfully,3.125,1e+16,0.0,front_rear,544263399719.7277,845522294872.9434,1389785694592.6711,9.80665000000004,-2.6701006678659484e-16,9.80665000000004,94077042878.49646,-5.053014184418778e-05,5.371144787092117e-16,0.41914096448132127,1.7017155883163058,0.4999999999999999,0.47041916666549366,0.47041916666549366,98193704323.86331,5.542752495869119,25
True,Optimization terminated successfully,3.125,1.7782794100389228e+16,0.0,front_rear,501553462936.38354,507934757155.00244,1009488220091.386,9.806649999999994,-1.5722811758673603e-16,9.806649999999994,100500107444.31659,3.1581338652617364e-05,3.1424183969271296e-16,0.3983770706339307,1.781925556788451,0.4999999999999999,0.4033777384688371,0.47663722188558716,98193704323.8624,5.10779653736415,26
True,Optimization terminated successfully,3.125,3.162277660168379e+16,0.0,front_rear,483534012335.78564,298604644362.97864,782138656698.7643,9.806649999999998,-9.10901075987306e-17,9.806649999999998,105064295420.10815,0.0,0.0,0.3870795244946308,1.8358219443043735,0.49999999999999994,0.3550945753645774,0.48019999473709807,98193704323.86243,4.924287312157957,26
True,Optimization terminated successfully,3.125,5.623413251903491e+16,0.0,front_rear,477836164668.04193,172019447519.91678,649855612187.9587,9.80664999999999,-5.2069322503373305e-17,9.80664999999999,107630694504.39096,-3.1581338652617364e-05,2.9342316146932376e-16,0.3811461778696046,1.866127310186878,0.5,0.32974569840390977,0.4820718226543586,98193704323.86232,4.866260703354702,27
True,Optimization terminated successfully,3.125,1e+17,0.0,front_rear,474421743585.8564,99406782012.27623,573828525598.1326,9.806649999999992,-2.981588729327737e-17,9.806649999999992,110604961578.06898,0.0,0.0,0.3759737540927019,1.9002339798298469,0.4999999999999999,0.31012220665549345,0.46850174162385533,98193704323.86235,4.83148840195619,29
True,Optimization terminated successfully,3.125,1.778279410038923e+17,0.0,front_rear,472480543502.22754,57298162736.51142,529778706238.73895,9.806650000000012,-1.703923254866103e-17,9.806650000000012,113370298650.85739,-1.8948803191570418e-05,1.6714080686976398e-16,0.3720200755715329,1.9311204899321446,0.5000000000000001,0.29551894725469563,0.45089089977420704,98193704323.86273,4.811719312919401,30
True,Optimization terminated successfully,3.125,3.1622776601683795e+17,0.0,front_rear,471827819677.99316,32694239701.20877,504522059379.2019,9.806650000000003,-9.680599405792256e-18,9.806650000000003,115034957538.30618,0.0,0.0,0.36948050209399125,1.951019412718419,0.5,0.28751217320252315,0.44126793990056423,98193704323.86256,4.805072004634943,28
True,Optimization terminated successfully,3.125,5.6234132519034906e+17,0.0,front_rear,471608046033.4096,18544131589.115856,490152177622.52545,9.806650000000012,-5.478761603671772e-18,9.806650000000012,116028611339.78838,-2.526507092209389e-05,2.1774862794923433e-16,0.367889297230306,1.9635490079504612,0.5000000000000001,0.2830682234537024,0.4850337234106516,98193704323.86273,4.802833840323925,30
True,Optimization terminated successfully,3.125,1e+18,0.0,front_rear,471534631827.28845,10481059854.642448,482015691681.9309,9.806650000000008,-3.0932250632404777e-18,9.806650000000008,116617518347.6925,-1.2632535461046945e-05,1.0832450938788909e-16,0.36690165299123506,1.9713823421099932,0.5000000000000001,0.3223746108575203,0.4851838934646926,98193704323.86266,4.802086193551392,31
True,Optimization terminated successfully,5.0,100000000000000.0,1.0,unrestricted,512566900538.3778,17661940219833.277,18174507120371.656,9.806649999205982,-9.80664999920598e-15,9.806649999205971,19651558775.613155,-19651558775.613155,1.0,1.0499999999999998,1.0,1.0,0.940685261803279,0.940685261803279,38356915745.29747,13.363089564916807,3
True,Optimization terminated successfully,5.0,177827941003892.28,1.0,unrestricted,277242892582.1391,10101441563167.861,10378684455750.0,9.806649999957815,-5.514684556654214e-15,9.80664999995781,19986739401.86881,-19986739401.86881,1.0,1.05,1.0,1.0,0.5548071184920441,1.0,38356915751.17879,7.227976680414375,4
True,Optimization terminated successfully,5.0,316227766016837.94,1.0,unrestricted,202826907242.2433,5734027870408.65,5936854777650.894,9.806650000000005,-3.101135021614995e-15,9.806650000000001,20175225318.713745,-20175225318.63582,0.9999999999961375,1.0499999999959044,1.000000000000144,0.9999999999972681,0.6565557971418733,0.9999999999965118,38356915751.50882,5.28788363893061,3
True,Optimization terminated successfully,5.0,562341325190349.06,1.0,unrestricted,179294506441.47217,3241421100684.4146,3420715607125.8867,9.806649999997191,-1.7438963776453209e-15,9.80664999999719,20281218738.797382,-20281218738.797382,1.0,1.0499999999999998,1.0,1.0,0.7736881027798986,1.0,38356915751.48682,4.6743723505590316,5
True,Optimization terminated successfully,5.0,1000000000000000.0,1.0,unrestricted,171852907907.38464,1828142020799.1445,1999994928706.5293,9.806650000000177,-9.806650000000206e-16,9.806650000000175,20340823219.161434,-20340823219.16137,0.9999999999999968,1.049999999999998,1.0000000000000004,0.9999999999999998,0.839020194078021,0.9999999999999938,38356915751.51018,4.4803630464114805,7
True,Optimization terminated successfully,5.0,1778279410038922.8,1.0,unrestricted,153640730516.70578,1044231243231.5105,1197871973748.2163,9.806650000000435,-5.514684556679469e-16,9.806650000000435,20661187418.89005,-20661187418.880096,0.9999999999995183,1.0499999999995078,1.0000000000000018,0.999999999999902,0.7678836925011336,0.999999999999516,38356915751.512184,4.005554865569415,10
True,Optimization terminated successfully,5.0,3162277660168379.5,1.0,unrestricted,126508745867.60425,606745717358.3181,733254463225.9224,9.806649999999928,-3.1011350216090803e-16,9.806649999999928,21348399128.022152,-21348399128.021202,0.9999999999999555,1.0499999999999512,1.000000000000011,0.99999999999998,0.5480517310789228,0.9198264325632468,38356915751.508224,3.298199122348095,9
True,Optimization terminated successfully,5.0,5623413251903491.0,1.0,unrestricted,117928105360.2623,347375070052.46747,465303175412.72974,9.806649999999998,-1.743896377645835e-16,9.806649999999998,21734879737.321358,-21734879737.32106,0.9999999999999863,1.0499999999999847,1.0000000000000036,0.9999999999999929,0.9393960591644139,0.9393960591644139,38356915751.50876,3.0744939484771696,14
True,Optimization terminated successfully,5.0,1e+16,1.0,unrestricted,107155613197.1681,203709976033.3551,310865589230.5232,9.80664999999999,-9.806650000000008e-17,9.80664999999999,22665791625.219383,-22665791625.21931,0.9999999999999968,1.049999999999996,1.0000000000000013,0.9999999999999981,0.7913383779835058,0.9542652293028693,38356915751.50872,2.7936451901233292,18
True,Optimization terminated successfully,5.0,1.7782794100389228e+16,1.0,unrestricted,102025405169.46686,118247669071.75116,220273074241.21802,9.806649999999996,-5.514684556677942e-17,9.806649999999996,23396515555.096115,-23396515555.096058,0.9999999999999976,1.0499999999999974,1.0000000000000007,0.9999999999999988,0.6707281601477434,0.9631713222447603,38356915751.50875,2.6598959580177857,22
True,Optimization terminated successfully,5.0,3.162277660168379e+16,1.0,unrestricted,98383758519.06816,69279307104.06741,167663065623.13556,9.80664999999999,-3.1011350216090247e-17,9.80664999999999,24375982508.946426,-24375982508.946384,0.9999999999999982,1.0499999999999978,1.0000000000000007,0.999999999999999,0.5753758202308138,0.9692848452351032,38356915751.50872,2.5649548873125534,23
True,Optimization terminated successfully,5.0,5.623413251903491e+16,1.0,unrestricted,96764597255.32353,40124285066.506256,136888882321.82979,9.806649999999992,-1.743896377645823e-17,9.806649999999992,25105328092.047348,-25105328092.047287,0.9999999999999976,1.0499999999999976,1.0000000000000002,0.9999999999999993,0.6032365132552107,0.9728895765698246,38356915751.50873,2.5227418670000183,21
True,Optimization terminated successfully,5.0,1e+17,1.0,unrestricted,96021055735.13924,23129466370.168343,119150522105.30759,9.806650000000001,-9.806650000000005e-18,9.806650000000001,25735002053.25809,-25735002053.258076,0.9999999999999994,1.0499999999999994,1.0000000000000002,0.9999999999999997,0.5691503162924267,0.946217292531093,38356915751.5088,2.503357057100249,28
True,Optimization terminated successfully,5.0,1.778279410038923e+17,1.0,unrestricted,95665862092.11378,13262414125.371487,108928276217.48528,9.806649999999983,-5.5146845566779376e-18,9.806649999999983,26241048201.474304,-26241048201.47424,0.9999999999999976,1.0499999999999974,1.0000000000000004,0.9999999999999991,0.5445134334788345,0.9126351620668328,38356915751.50866,2.494096832807811,34
True,Optimization terminated successfully,5.0,3.1622776601683795e+17,1.0,unrestricted,95553422937.58601,7538950829.412132,103092373766.99814,9.80665,-3.101135021609024e-18,9.80665,26525861939.91657,-26525861939.91656,0.9999999999999997,1.0499999999999994,1.0,1.0,0.5310403261952064,0.8942772086446696,38356915751.50878,2.4911654408456285,37
True,Optimization terminated successfully,5.0,5.6234132519034906e+17,1.0,unrestricted,95285571544.41798,4444217977.050039,99729789521.46802,9.80665,-1.775950334476494e-18,9.80665,27806987773.484894,-26222274411.089344,0.9430102470895233,0.9655515479599301,1.0183806545168377,0.9715051235447616,0.5050630116308436,0.8541639187928192,38356915751.50878,2.4841823091751034,43
True,Optimization terminated successfully,5.0,1e+18,1.0,unrestricted,95131491606.36299,2612560663.4639077,97744052269.8269,9.806649999999973,-1.0194914921609518e-18,9.806649999999973,29068657686.465958,-25890435842.207375,0.8906649946296513,0.8913033899832119,1.039592003549583,0.9453324973148253,0.48389865239956653,0.8210613230556575,38356915751.508575,2.480165303765892,54
True,Optimization terminated successfully,5.0,100000000000000.0,0.1,unrestricted,834163102441.9269,39133952541882.664,39968115644324.59,9.80664999999991,-1.4156656826642394e-14,9.806649999999896,43542394489.32539,-4354239448.9325695,0.10000000000000069,0.2836363636363626,1.4435772487692051,0.5500000000000004,0.5500000000000004,0.5500000000000004,38356915751.50809,21.747397727334995,1
True,Optimization terminated successfully,5.0,177827941003892.28,0.1,unrestricted,802190461851.2563,22038157418630.68,22840347880481.938,9.806649999924652,-7.96437667795211e-15,9.806649999924645,43604757446.658875,-4360475744.600292,0.09999999999849568,0.28363636363859274,1.4442125557968573,0.5499999999992479,0.5351478013601216,0.5351478013601216,38356915750.919365,20.91384164098306,7
True,Optimization terminated successfully,5.0,316227766016837.94,0.1,unrestricted,428100818060.3352,12662262559645.59,13090363377705.926,9.80664999999874,-4.508632220268797e-15,9.806649999998735,44552277379.73247,-4455227737.971767,0.0999999999999668,0.28363636363641287,1.453865178024423,0.5499999999999834,0.31460402852099195,0.5499999999999834,38356915751.49893,11.160981264339682,7
True,Optimization terminated successfully,5.0,562341325190349.06,0.1,unrestricted,309803285712.2874,7205672352357.229,7515475638069.516,9.806649999998823,-2.5448562063201465e-15,9.806649999998822,45085106994.39969,-4508510699.438986,0.09999999999997819,0.28363636363639594,1.4592932464002768,0.549999999999989,0.3553446783001071,0.549999999999989,38356915751.49958,8.076856015206998,3
True,Optimization terminated successfully,5.0,1000000000000000.0,0.1,unrestricted,272394325788.1936,4078976926259.5576,4351371252047.751,9.806649999999783,-1.4340712194703117e-15,9.806649999999781,45384739056.44113,-4538473905.643669,0.09999999999999022,0.283636363636378,1.4623456730589381,0.549999999999995,0.4215595534189065,0.549999999999995,38356915751.507095,7.10157009371878,4
True,Optimization terminated successfully,5.0,1778279410038922.8,0.1,unrestricted,260564568097.8173,2302293177105.19,2562857745203.0073,9.806650000000074,-8.073841091306659e-16,9.806650000000074,45553234624.7335,-4555323462.473413,0.1000000000000014,0.2836363636363313,1.4640621795002513,0.5500000000000145,0.45841228194878414,0.5499999999999683,38356915751.50937,6.7931574526443494,7
True,Optimization terminated successfully,5.0,3162277660168379.5,0.1,unrestricted,245319832939.94067,1308396066584.8162,1553715899524.7568,9.80664999999995,-4.555506852694782e-16,9.80664999999995,46036025715.35147,-4603602571.535082,0.09999999999999858,0.2836363636363644,1.4689804929329304,0.5499999999999998,0.4499756231882741,0.5187809808603382,38356915751.50839,6.395713214514476,8
True,Optimization terminated successfully,5.0,5623413251903491.0,0.1,unrestricted,199216519308.10043,769197774060.8834,968414293368.9839,9.806649999999983,-2.603281445236642e-16,9.806649999999983,48127866835.41637,-4812786683.5415745,0.09999999999999871,0.28363636363636435,1.4927959474008154,0.5499999999999996,0.32043815258546404,0.502759101845701,38356915751.50866,5.193757511649378,17
True,Optimization terminated successfully,5.0,1e+16,0.1,unrestricted,182501465303.08002,444620501293.86755,627121966596.9475,9.806649999999944,-1.4847266243511428e-16,9.806649999999944,49470702568.72096,-4947070256.871983,0.0999999999999977,0.28363636363636624,1.5139998106908579,0.549999999999999,0.5142375990086323,0.5142375990086323,38356915751.508354,4.7579807116244295,25
True,Optimization terminated successfully,5.0,1.7782794100389228e+16,0.1,unrestricted,167759263007.86954,262095102962.14777,429854365970.01733,9.806650000000005,-8.6148841786093e-17,9.806650000000005,51858207451.408806,-5185820745.140866,0.09999999999999973,0.2686332177421478,1.5621717053928528,0.5500000000000029,0.4738214261259441,0.5220657540739303,38356915751.50882,4.373637966479891,36
True,Optimization terminated successfully,5.0,3.162277660168379e+16,0.1,unrestricted,155004187296.90628,156569207221.04944,311573394517.9557,9.806649999999998,-5.031326559279182e-17,9.806649999999998,55089007326.91999,-5508900732.691976,0.09999999999999958,0.2501559818785073,1.6224145431335237,0.5500000000000002,0.3948654888863563,0.5278920877647751,38356915751.50876,4.041101435294865,38
True,Optimization terminated successfully,5.0,5.623413251903491e+16,0.1,unrestricted,149752986149.29773,92055371432.9251,241808357582.22284,9.806650000000012,-2.925154959075046e-17,9.806650000000012,57598043145.89623,-5759804314.589652,0.1000000000000005,0.2304644982273155,1.6773674150432418,0.5500000000000002,0.3496414172703127,0.5247934506221361,38356915751.50888,3.9041978014983325,37
True,Optimization terminated successfully,5.0,1e+17,0.1,unrestricted,144049878672.0115,55875176340.60025,199925055012.61176,9.806649999999987,-1.734481229682157e-17,9.806649999999987,62169518087.37469,-6216951808.737454,0.09999999999999977,0.2036939682155946,1.7686786310127875,0.5500000000000003,0.34695064829924177,0.5340707072924924,38356915751.50868,3.755512554899455,46
True,Optimization terminated successfully,5.0,1.778279410038923e+17,0.1,unrestricted,141434773312.82507,33399159660.815723,174833932973.6408,9.806649999999998,-1.0292563437779692e-17,9.806649999999998,66083666990.27749,-6608366699.027741,0.09999999999999988,0.17749153748312052,1.8663920541594765,0.5500000000000003,0.3237806494162128,0.5357764800491439,38356915751.50876,3.6873343578794335,73
True,Optimization terminated successfully,5.0,3.1622776601683795e+17,0.1,unrestricted,110349260810.23557,41467300063.94906,151816560874.18463,9.806650000000005,-1.3715618190228045e-17,9.806650000000005,145903044257.31052,-14590304425.73108,0.10000000000000019,0.025531705108248235,1.5078757564412717,0.5026276734169469,0.15218063563172016,0.26302058696588965,38356915751.50882,2.876906514724006,39
True,Optimization terminated successfully,5.0,5.6234132519034906e+17,0.1,unrestricted,99877967392.38957,30856923885.55114,130734891277.9407,9.806649999999994,-9.796174537739227e-18,9.806649999999994,193068411505.41824,-19306841150.541817,0.09999999999999996,0.06655703763097051,1.3269495651958274,0.4623592232970545,0.13447419158988078,0.23862138375285158,38356915751.50874,2.6039102841176938,39
True,Optimization terminated successfully,5.0,1e+18,0.1,unrestricted,96566027679.62576,19736218718.31547,116302246397.94124,9.806649999999998,-6.1685205508636264e-18,9.806649999999998,219595048632.20184,-21959504863.220184,0.1,0.0818873250576796,1.2251961879767501,0.447696216770243,0.12846109130362388,0.2312204954440253,38356915751.50876,2.517564975902093,39
True,Optimization terminated successfully,5.0,100000000000000.0,0.1,front_rear,834163102441.9447,39133952541883.12,39968115644325.06,9.806650000000014,-1.415665682664255e-14,9.80665,43542394489.32589,-4354239448.93259,0.10000000000000002,0.2836363636363635,1.4435772487692058,0.5499999999999999,0.5499999999999999,0.5499999999999999,38356915751.50889,21.747397727335006,5
True,Optimization terminated successfully,5.0,177827941003892.28,0.1,front_rear,802190461857.306,22038157418765.617,22840347880622.92,9.806649999997179,-7.964376678004812e-15,9.806649999997171,43604757446.92586,-4360475744.687966,0.09999999999989406,0.28363636363638406,1.4442125557955419,0.5499999999999021,0.5351478013583912,0.5351478013583912,38356915751.48672,20.913841640831432,4
True,Optimization terminated successfully,5.0,316227766016837.94,0.1,front_rear,428100818060.7536,12662262559675.695,13090363377736.45,9.80665000001149,-4.508632220276948e-15,9.806650000011485,44552277379.838394,-4455227737.9988165,0.10000000000033617,0.2836363636353622,1.4538651780243785,0.5500000000006048,0.3146040285203196,0.5499999999989074,38356915751.59867,11.160981264321569,7
True,Optimization terminated successfully,5.0,562341325190349.06,0.1,front_rear,309803285712.6165,7205672352370.284,7515475638082.9,9.806650000009597,-2.5448562063237516e-15,9.806650000009595,45085106994.48138,-4508510699.462056,0.10000000000030872,0.2836363636355354,1.4592932464001924,0.5500000000004589,0.35534467829960464,0.549999999999194,38356915751.58386,8.07685601519783,3
True,Optimization terminated successfully,5.0,1000000000000000.0,0.1,front_rear,272394325788.16583,4078976926259.3784,4351371252047.5444,9.806649999999218,-1.4340712194702403e-15,9.806649999999216,45384739056.43914,-4538473905.643013,0.09999999999998015,0.28363636363639294,1.4623456730589495,0.54999999999999,0.4215595534189023,0.54999999999999,38356915751.50266,7.101570093718877,4
True,Optimization terminated successfully,5.0,1778279410038922.8,0.1,front_rear,260564568097.81607,2302293177105.036,2562857745202.852,9.806650000000039,-8.073841091306261e-16,9.806650000000039,45553234624.73045,-4555323462.473205,0.1000000000000035,0.2836363636363585,1.4640621795002429,0.5500000000000017,0.45841228194881334,0.5499999999999994,38356915751.50909,6.793157452644367,7
True,Optimization terminated successfully,5.0,3162277660168379.5,0.1,front_rear,245319832939.94485,1308396066584.8398,1553715899524.7847,9.806650000000115,-4.555506852694853e-16,9.806650000000115,46036025715.3523,-4603602571.535385,0.10000000000000336,0.28363636363635614,1.4689804929329273,0.5500000000000003,0.44997562318826784,0.5187809808603304,38356915751.50968,6.39571321451437,8
True,Optimization terminated successfully,5.0,5623413251903491.0,0.1,front_rear,199216190635.9938,769198102744.0051,968414293379.9989,9.80664999999999,-2.6032815557891516e-16,9.80664999999999,48127887400.76125,-4812788740.076112,0.09999999999999971,0.28363636363636374,1.4927960107947837,0.5499999999999996,0.32043924777143185,0.5027611987406009,38356915751.50872,5.193748942865874,12
True,Optimization terminated successfully,5.0,1e+16,0.1,front_rear,182501335436.6553,444620631145.5617,627121966582.217,9.80665,-1.4847278153221074e-16,9.80665,49470717016.67044,-4947071701.66706,0.10000000000000032,0.28363636363636296,1.5140010251432523,0.5500000000000002,0.5142380357471251,0.5142380357471251,38356915751.50878,4.757977325887485,24
True,Optimization terminated successfully,5.0,1.7782794100389228e+16,0.1,front_rear,167757895482.91504,262096470838.2653,429854366321.1803,9.80665,-8.614957809046083e-17,9.80665,51858478099.74473,-5185847809.974477,0.10000000000000007,0.2686212749235659,1.5621850570970395,0.55,0.47381602718833976,0.5220644901320107,38356915751.50878,4.3736023138491325,33
True,Optimization terminated successfully,5.0,3.162277660168379e+16,0.1,front_rear,155003841294.03186,156569553269.2942,311573394563.32605,9.80665,-5.0313359971343934e-17,9.80665,55089129084.28614,-5508912908.42863,0.10000000000000028,0.25015184055541784,1.6224175864886672,0.5500000000000002,0.3948630848435464,0.5278924581445498,38356915751.50878,4.041092414682344,33
True,Optimization terminated successfully,5.0,5.623413251903491e+16,0.1,front_rear,150967266439.42654,90952256261.78444,241919522701.211,9.806650000000005,-2.8884465646944493e-17,9.806650000000005,56907835999.55337,-5690783599.95535,0.10000000000000023,0.24068740339857012,1.6563177730741763,0.55,0.35437122953526523,0.5308381803897079,38356915751.50882,3.9358552032038197,34
True,Optimization terminated successfully,5.0,1e+17,0.1,front_rear,146924028949.41617,54083807107.1632,201007836056.57938,9.806650000000005,-1.6758614034204656e-17,9.806650000000005,60176351009.37822,-6017635100.937827,0.10000000000000009,0.2315401305316325,1.7089030437717923,0.55,0.31311472662047696,0.5334010796215889,38356915751.50882,3.8304442907049094,40
True,Optimization terminated successfully,5.0,1.778279410038923e+17,0.1,front_rear,140463085370.54694,36332571665.33381,176795657035.88074,9.806649999999998,-1.072023630861345e-17,9.806649999999998,71887723859.38739,-7188772385.938737,0.09999999999999996,0.16640672185431757,1.7115300664160749,0.4703434618487046,0.2905548108338468,0.4573310762256917,38356915751.50876,3.6620015613487342,47
True,Optimization terminated successfully,5.0,3.1622776601683795e+17,0.1,front_rear,109902797519.0087,42430696137.03281,152333493656.0415,9.806649999999992,-1.0805397840017414e-17,9.806649999999992,149292761448.24622,-14929276144.824625,0.10000000000000002,0.02705725492043192,1.4207283366864698,0.2057806393276418,0.12126101393768467,0.20050535976237346,38356915751.50873,2.865266806930007,50
True,Optimization terminated successfully,5.0,5.6234132519034906e+17,0.1,front_rear,99769981027.20488,31166200985.499832,130936182012.70471,9.806649999999987,-7.647652318113625e-18,9.806649999999987,195003524630.2251,-19500352463.022488,0.09999999999999988,0.06689964917077289,1.2687318779800374,0.1517013699527011,0.083989182230036,0.1407297408704148,38356915751.50868,2.601094980460744,54
True,Optimization terminated successfully,5.0,1e+18,0.1,front_rear,96540199421.69142,19850985219.650734,116391184641.34216,9.806650000000001,-4.797414308821279e-18,9.806650000000001,220871998173.63943,-22087199817.363945,0.1,0.08199835572850366,1.1841162024637093,0.13123530870189684,0.06970800117953745,0.11762158415725324,38356915751.5088,2.516891609510964,53
True,Optimization terminated successfully,5.0,100000000000000.0,0.01,unrestricted,923866317014.3616,44578980130695.58,45502846447709.94,9.806650000000012,-1.525743482564012e-14,9.806649999999996,49600804741.231575,-496008047.4123145,0.009999999999999974,0.41699999999999987,1.5558253660159282,0.5049999999999999,0.5049999999999999,0.5049999999999999,38356915751.50888,24.086042866416303,5
True,Optimization terminated successfully,5.0,177827941003892.28,0.01,unrestricted,923866317014.3606,25068602762329.574,25992469079343.934,9.806650000000007,-8.579886118855844e-15,9.806649999999998,49600804741.231544,-496008047.41231054,0.009999999999999901,0.41700000000000004,1.5558253660159282,0.505,0.505,0.505,38356915751.508835,24.086042866416307,5
True,Optimization terminated successfully,5.0,316227766016837.94,0.01,unrestricted,518502968749.5258,14400470466079.857,14918973434829.383,9.806649999982621,-4.861917023984338e-15,9.806649999982616,50668176527.007065,-506681765.2483956,0.009999999999572216,0.41700000000063386,1.5677863073083318,0.5049999999997861,0.3129554664024694,0.5049999999997861,38356915751.37283,13.517848309557268,3
True,Optimization terminated successfully,5.0,562341325190349.06,0.01,unrestricted,364280464996.4196,8208999799125.277,8573280264121.697,9.806650000001834,-2.7476315776816007e-15,9.80665000000183,51362817536.311485,-513628175.3671672,0.010000000000078895,0.4169999999989702,1.5755704369233934,0.5050000000008037,0.31273877057262484,0.5049999999990803,38356915751.52314,9.497126081675484,3
True,Optimization terminated successfully,5.0,1000000000000000.0,0.01,unrestricted,315511027164.58276,4651367480748.327,4966878507912.91,9.806649999999372,-1.5493994844634235e-15,9.80664999999937,51753442881.80604,-517534428.81743866,0.009999999999987987,0.4170000000000178,1.5799477746870976,0.504999999999994,0.3791868697606048,0.504999999999994,38356915751.503876,8.225662073786847,3
True,Optimization terminated successfully,5.0,1778279410038922.8,0.01,unrestricted,300088776789.1838,2626758168455.3843,2926846945244.568,9.806650000000129,-8.726488308864882e-16,9.806650000000129,51973107656.31319,-519731076.5637007,0.010000000000010945,0.4169999999999658,1.5824093326058564,0.5050000000000165,0.41611460859030824,0.5049999999999796,38356915751.5098,7.823589851000251,7
True,Optimization terminated successfully,5.0,3162277660168379.5,0.01,unrestricted,295211980793.8982,1480645287141.364,1775857267935.2622,9.806649999999987,-4.911557521101905e-16,9.806649999999987,52096629036.85835,-520966290.36853737,0.009999999999999114,0.4169999999999994,1.583793510078622,0.5050000000000002,0.43674293796741837,0.5049999999999993,38356915751.50868,7.696447303177307,8
True,Optimization terminated successfully,5.0,5623413251903491.0,0.01,unrestricted,239953840892.09677,873741005215.0883,1113694846107.185,9.806649999999944,-2.8196054451686046e-16,9.806649999999944,54669022929.73376,-546690229.2971605,0.009999999999996761,0.41700000000000376,1.6168423085865662,0.5049999999999986,0.31605866154256834,0.5049999999999986,38356915751.508354,6.255816876586611,15
True,Optimization terminated successfully,5.0,1e+16,0.01,unrestricted,217672496963.7154,507467695883.95795,725140192847.6733,9.806649999999989,-1.614554133704019e-16,9.806649999999989,56463396027.06865,-564633960.2706594,0.009999999999999521,0.4170000000000002,1.646387026868523,0.5049999999999999,0.24566132342686087,0.4697124317094607,38356915751.508705,5.674921789173146,24
True,Optimization terminated successfully,5.0,1.7782794100389228e+16,0.01,unrestricted,206274479895.68494,293902741763.2151,500177221658.9,9.806649999999998,-9.333398601626472e-17,9.806649999999998,58151675405.76219,-581516754.0576147,0.009999999999999875,0.4007794564385224,1.6924628246096676,0.5050000000000004,0.27018820168998214,0.4760495466270614,38356915751.50876,5.377765022402021,37
True,Optimization terminated successfully,5.0,3.162277660168379e+16,0.01,unrestricted,188915214043.67337,177771513541.14615,366686727584.8195,9.806649999999983,-5.5057786730148984e-17,9.806649999999983,62549056649.1751,-625490566.4916986,0.009999999999999162,0.3809998942962528,1.775407595815751,0.5049999999999998,0.39162850979127695,0.48256775095268334,38356915751.50866,4.925193028228369,34
True,Optimization terminated successfully,5.0,5.623413251903491e+16,0.01,unrestricted,182558771172.41776,104691433321.58635,287250204494.0041,9.806650000000001,-3.2084005644355203e-17,9.806650000000001,65504289424.93751,-655042894.2493743,0.009999999999999988,0.3631320230562858,1.839788536499346,0.5050000000000006,0.3470016680095235,0.4858517196403685,38356915751.5088,4.759474728236894,39
True,Optimization terminated successfully,5.0,1e+17,0.01,unrestricted,179084977678.966,61519971466.12481,240604949145.09082,9.80664999999999,-1.8725072344688055e-17,9.80664999999999,68450199700.20078,-684501997.001988,0.00999999999999971,0.34279042432772483,1.9094259859063043,0.5050000000000001,0.31664076263989804,0.47656631529391236,38356915751.50872,4.668909743399323,43
True,Optimization terminated successfully,5.0,1.778279410038923e+17,0.01,unrestricted,176549281071.64453,36422254483.74586,212971535555.39038,9.806649999999998,-1.0932612888165018e-17,9.806649999999998,72065170524.71902,-720651705.2471972,0.010000000000000096,0.3274228052636756,1.982454803317138,0.505,0.28894361173242855,0.489634564018147,38356915751.50876,4.602801805426705,46
True,Optimization terminated successfully,5.0,3.1622776601683795e+17,0.01,unrestricted,175325862363.70273,21383694365.364094,196709556729.06683,9.806650000000001,-6.381500120658287e-18,9.806650000000001,75238708586.35779,-752387085.86357,0.009999999999999894,0.31023411090730624,2.057794993185185,0.5049999999999997,0.31322421330659206,0.49072214808133047,38356915751.5088,4.570906156781027,51
True,Optimization terminated successfully,5.0,5.6234132519034906e+17,0.01,unrestricted,174884231646.8989,12343209422.58446,187227441069.48337,9.80665,-3.6732125925973265e-18,9.80665,77230116810.60599,-772301168.1060305,0.009999999999999619,0.2995783504601966,2.1063250315113256,0.5050000000000002,0.30463660312781304,0.4913314668700852,38356915751.50878,4.559392438637868,60
True,Optimization terminated successfully,5.0,1e+18,0.01,unrestricted,174708081844.97635,7071077559.015469,181779159403.99182,9.80664999999999,-2.1042960292197416e-18,9.80664999999999,78676348423.98045,-786763484.2397969,0.009999999999999903,0.29251592157202044,2.1457847779004484,0.5049999999999999,0.29980169775059307,0.49167386949937497,38356915751.50872,4.554800051620533,91
True,Optimization terminated successfully,5.0,100000000000000.0,0.01,front_rear,923866317014.3616,44578980130695.58,45502846447709.94,9.806650000000012,-1.525743482564012e-14,9.806649999999996,49600804741.231575,-496008047.4123145,0.009999999999999974,0.41699999999999987,1.5558253660159282,0.5049999999999999,0.5049999999999999,0.5049999999999999,38356915751.50888,24.086042866416303,5
True,Optimization terminated successfully,5.0,177827941003892.28,0.01,front_rear,923866317014.3606,25068602762329.574,25992469079343.934,9.806650000000007,-8.579886118855844e-15,9.806649999999998,49600804741.231544,-496008047.41231054,0.009999999999999901,0.41700000000000004,1.5558253660159282,0.505,0.505,0.505,38356915751.508835,24.086042866416307,1
True,Optimization terminated successfully,5.0,316227766016837.94,0.01,front_rear,518502968749.58887,14400470466081.244,14918973434830.832,9.806649999984424,-4.861917023984972e-15,9.806649999984419,50668176527.01195,-506681765.25148267,0.00999999999963218,0.41700000000054493,1.5677863073082476,0.504999999999816,0.31295546640243693,0.504999999999816,38356915751.38695,13.517848309553939,3
True,Optimization terminated successfully,5.0,562341325190349.06,0.01,front_rear,364280464996.9107,8208999799132.143,8573280264129.054,9.806650000017655,-2.747631577683314e-15,9.806650000017651,51362817536.35444,-513628175.3991433,0.010000000000693086,0.4169999999983243,1.5755704369232724,0.5050000000009138,0.31273877057238764,0.5049999999987073,38356915751.6469,9.497126081657646,3
True,Optimization terminated successfully,5.0,1000000000000000.0,0.01,front_rear,315511027164.6073,4651367480748.49,4966878507913.098,9.806649999999777,-1.5493994844634819e-15,9.806649999999776,51753442881.80785,-517534428.8176676,0.00999999999999206,0.41700000000001164,1.5799477746870918,0.504999999999996,0.37918686976060534,0.504999999999996,38356915751.50704,8.225662073786808,3
True,Optimization terminated successfully,5.0,1778279410038922.8,0.01,front_rear,300088776789.18945,2626758168455.2847,2926846945244.474,9.806650000000138,-8.726488308864659e-16,9.806650000000138,51973107656.31121,-519731076.5634085,0.010000000000005702,0.4169999999999916,1.5824093326058526,0.5050000000000029,0.41611460859032967,0.5050000000000029,38356915751.50987,7.823589851000385,7
True,Optimization terminated successfully,5.0,3162277660168379.5,0.01,front_rear,295211980793.90173,1480645287141.3845,1775857267935.2861,9.806650000000168,-4.911557521101963e-16,9.806650000000168,52096629036.85908,-520966290.36903876,0.0100000000000086,0.41699999999998405,1.5837935100786127,0.5050000000000053,0.43674293796741154,0.5049999999999917,38356915751.51011,7.696447303177114,8
True,Optimization terminated successfully,5.0,5623413251903491.0,0.01,front_rear,239954381321.06488,873740464760.728,1113694846081.793,9.806650000000024,-2.819602609676381e-16,9.806650000000024,54668989114.093155,-546689891.1410348,0.01000000000000189,0.4169999999999965,1.616840682634313,0.505000000000001,0.31605927622942814,0.5049999999999992,38356915751.50897,6.255830966065748,14
True,Optimization terminated successfully,5.0,1e+16,0.01,front_rear,217672529869.98788,507467662977.90436,725140192847.8922,9.80665,-1.614554043980227e-16,9.80665,56463392365.77641,-564633923.6577779,0.010000000000000245,0.41699999999999976,1.646386935375717,0.5050000000000001,0.24566139594708472,0.46971239512696517,38356915751.50878,5.674922647069861,23
True,Optimization terminated successfully,5.0,1.7782794100389228e+16,0.01,front_rear,206273908175.07565,293903313520.645,500177221695.7207,9.80665000000002,-9.333408785206737e-17,9.80665000000002,58151788533.84081,-581517885.3384588,0.010000000000000871,0.40078010542857695,1.6924646712393632,0.5050000000000004,0.27018429461072924,0.4760465482691774,38356915751.50895,5.37775011712095,32
True,Optimization terminated successfully,5.0,3.162277660168379e+16,0.01,front_rear,188915452084.3847,177771275462.49985,366686727546.8845,9.806650000000001,-5.505775362844946e-17,9.806650000000001,62548972881.003044,-625489728.8100419,0.010000000000000184,0.38100012913831377,1.7754065284098057,0.5050000000000001,0.3916285996253175,0.4825680973483401,38356915751.5088,4.9251992341681845,33
True,Optimization terminated successfully,5.0,5.623413251903491e+16,0.01,front_rear,183423771822.60483,103921581329.33281,287345353151.9376,9.806649999999998,-3.1775146599290156e-17,9.806649999999998,65022601419.386604,-650226014.1938657,0.009999999999999993,0.3710683508683303,1.822077676552385,0.505,0.3491679072174287,0.4857007200468205,38356915751.50876,4.782026089138564,35
True,Optimization terminated successfully,5.0,1e+17,0.01,front_rear,181687178020.82184,59689607253.34238,241376785274.1642,9.806649999999998,-1.8125917515540473e-17,9.806649999999998,66413644856.24987,-664136448.562486,0.00999999999999981,0.36580389001761643,1.8483291965697235,0.5049999999999998,0.32668336479643867,0.4873609560030203,38356915751.50876,4.736751494772497,41
True,Optimization terminated successfully,5.0,1.778279410038923e+17,0.01,front_rear,180030442090.68814,34789221629.71993,214819663720.40808,9.806650000000005,-1.0430431672658142e-17,9.806650000000005,68834047334.6275,-688340473.3462709,0.00999999999999994,0.3598099875452349,1.8913922574279498,0.505,0.3040712080091233,0.4620876218340137,38356915751.50882,4.6935588684188305,39
True,Optimization terminated successfully,5.0,3.1622776601683795e+17,0.01,front_rear,179427152397.2415,20000077548.396297,199427229945.6378,9.806650000000001,-5.952523336168105e-18,9.806650000000001,70370441171.55408,-703704411.7155515,0.010000000000000153,0.3561205267191204,1.9194660324978816,0.5050000000000001,0.29119206910283646,0.4465635805614275,38356915751.5088,4.67783055237395,43
True,Optimization terminated successfully,5.0,5.6234132519034906e+17,0.01,front_rear,179216191779.61777,11399264004.881716,190615455784.49948,9.806650000000017,-3.3807705403758343e-18,9.806650000000017,71323953156.068,-713239531.5607541,0.01000000000000104,0.35358841601618474,1.9386304047145926,0.5050000000000004,0.3260282096707578,0.4899934409988338,38356915751.50891,4.672330615439737,38
True,Optimization terminated successfully,5.0,1e+18,0.01,front_rear,179144864408.05542,6461628267.716029,185606492675.77145,9.806649999999996,-1.913118752410493e-18,9.806649999999996,71895310542.71886,-718953105.4271815,0.009999999999999901,0.3520079281256834,1.9508382091850875,0.5049999999999999,0.32303560687324295,0.49023236400100095,38356915751.50875,4.670471045394437,53
True,Optimization terminated successfully,5.0,100000000000000.0,0.0,unrestricted,935990079070.801,45278984153618.836,46214974232689.64,9.806650000000012,-1.539894908155076e-14,9.806649999999996,50379664256.5749,0.0,0.0,0.43181818181818166,1.5702558041278873,0.5,0.5,0.5,38356915751.50888,24.402120471169038,5
True,Optimization terminated successfully,5.0,177827941003892.28,0.0,unrestricted,935990079070.7982,25462243952218.793,26398234031289.59,9.806649999999998,-8.659465433057954e-15,9.806649999999989,50379664256.57482,3.9476673315771705e-06,7.8358349342552e-17,0.43181818181818193,1.5702558041278873,0.5,0.5,0.5,38356915751.50876,24.402120471169045,1
True,Optimization terminated successfully,5.0,316227766016837.94,0.0,unrestricted,531125723899.43835,14623458013395.201,15154583737294.639,9.806650000000435,-4.9072433596415375e-15,9.80665000000043,51452760088.864395,0.0005645164284155354,1.0971548026588961e-14,0.43181818181783244,1.582402354442611,0.4999999999997218,0.31280907461528956,0.4999999999996255,38356915751.512184,13.846935122214544,3
True,Optimization terminated successfully,5.0,562341325190349.06,0.0,unrestricted,371926866390.5316,8337977239727.885,8709904106118.416,9.80664999999896,-2.7737000124075223e-15,9.806649999998957,52169815332.64205,0.0013619452293941237,2.6106000581182243e-14,0.43181818181822046,1.5905188220828714,0.499999999999987,0.3079820066099528,0.499999999999987,38356915751.500656,9.69647478436742,3
True,Optimization terminated successfully,5.0,1000000000000000.0,0.0,unrestricted,321583767328.1638,4725029657139.655,5046613424467.819,9.806650000000177,-1.56424211653348e-15,9.806650000000175,52573045128.71448,7.895334663154341e-06,1.5017837836526702e-16,0.43181818181801845,1.595083047251623,0.4999999999999508,0.37446038428997613,0.4999999999998267,38356915751.51018,8.383983983787918,3
True,Optimization terminated successfully,5.0,1778279410038922.8,0.0,unrestricted,305663881577.26886,2668539687120.3535,2974203568697.6226,9.80664999999996,-8.810534125814634e-16,9.80664999999996,52799797906.56018,0.00013816835660520097,2.6168349517117006e-15,0.43181818181817966,1.5976496996814806,0.5000000000000003,0.4113978803317133,0.4999999999999939,38356915751.508484,7.968937950003132,7
True,Optimization terminated successfully,5.0,3162277660168379.5,0.0,unrestricted,300629630799.8425,1504254133524.0625,1804883764323.905,9.806650000000017,-4.959003338792416e-16,9.806650000000017,52927308283.71715,-3.9476673315771705e-06,7.458658789930665e-17,0.43181818181817416,1.5990930108613521,0.5000000000000012,0.4320299925396889,0.4999999999999927,38356915751.50891,7.8376904114876895,8
True,Optimization terminated successfully,5.0,5623413251903491.0,0.0,unrestricted,245831788811.31238,887051971425.2382,1132883760236.5505,9.806650000000019,-2.8471756340049953e-16,9.806650000000019,55501875585.85977,-3.9476673315771705e-06,7.112673742836393e-17,0.43181818181818027,1.6326518424498013,0.5000000000000002,0.31578692926806196,0.49999999999999756,38356915751.508934,6.409060373985922,15
True,Optimization terminated successfully,5.0,1e+16,0.0,unrestricted,222777521768.66675,515514968847.4648,738292490616.1316,9.80664999999997,-1.6311719641072934e-16,9.80664999999997,57358775898.46111,3.5529005984194536e-05,6.194170888006651e-16,0.43181818181818254,1.663332497955263,0.49999999999999967,0.2451938366320372,0.464735080665686,38356915751.508545,5.808014471546897,24
True,Optimization terminated successfully,5.0,1.7782794100389228e+16,0.0,unrestricted,210957689132.25555,298728481453.6582,509686170585.91376,9.806649999999973,-9.436012821425226e-17,9.806649999999973,59106497556.749275,3.5529005984194536e-05,6.011015277987409e-16,0.4152719440553593,1.7110702750892315,0.4999999999999996,0.47137544604240217,0.47137544604240217,38356915751.508575,5.499860585739577,37
True,Optimization terminated successfully,5.0,3.162277660168379e+16,0.0,unrestricted,193958861972.7883,180377472384.18582,374336334356.9741,9.80664999999999,-5.564279628551205e-17,9.80664999999999,63465965461.23277,3.9476673315771705e-06,6.220132795409129e-17,0.39569852085668406,1.7942719648705194,0.49999999999999994,0.39193511400288517,0.4774818709076032,38356915751.50872,5.056685559113526,37
True,Optimization terminated successfully,5.0,5.623413251903491e+16,0.0,unrestricted,187427686352.207,106282973860.15843,293710660212.3654,9.806650000000001,-3.2432753968675966e-17,9.806650000000001,66500099003.261925,-7.895334663154341e-06,1.1872666028312323e-16,0.3782567556342871,1.8597867616686423,0.5000000000000001,0.34711294720010405,0.48078297693822064,38356915751.5088,4.886411815966574,39
True,Optimization terminated successfully,5.0,1e+17,0.0,unrestricted,184337889580.27368,62037472754.28693,246375362334.5606,9.806649999999994,-1.8856323075153358e-17,9.806649999999994,69025997537.48218,3.9476673315771705e-06,5.719102182382118e-17,0.3591256174199251,1.9228098356883705,0.4999999999999999,0.3199415565640896,0.4797304971211078,38356915751.50874,4.805857978115013,43
True,Optimization terminated successfully,5.0,1.778279410038923e+17,0.0,unrestricted,181705752190.44037,36781273818.56689,218487026009.00726,9.806650000000003,-1.1020877171603437e-17,9.806650000000003,72775527144.65575,0.0,0.0,0.3434856148557783,1.9984601219407627,0.5,0.29166435178431066,0.4451506626491689,38356915751.50881,4.737235740422971,44
True,Optimization terminated successfully,5.0,3.1622776601683795e+17,0.0,unrestricted,180575024188.16318,21528149643.519375,202103173831.68256,9.806649999999992,-6.4097112631239724e-18,9.806649999999992,75746975698.26015,7.895334663154341e-06,1.0423300191687641e-16,0.32862505744566856,2.0668920309694534,0.5,0.3151544411645007,0.48549779573380675,38356915751.50873,4.707756623551268,49
True,Optimization terminated successfully,5.0,5.6234132519034906e+17,0.0,unrestricted,180114199065.13837,12437916619.441904,192552115684.58026,9.80664999999999,-3.6923324218765226e-18,9.80664999999999,77822689424.88268,1.9738336657885854e-05,2.5363215797030536e-16,0.31767512653999214,2.1172888878070864,0.4999999999999998,0.30630480345377353,0.4861246582927327,38356915751.50872,4.69574248962011,56
True,Optimization terminated successfully,5.0,1e+18,0.0,unrestricted,179967711001.69354,7100010973.101607,187067721974.79514,9.806649999999994,-2.10446493734963e-18,9.806649999999994,78998276072.02809,7.895334663154341e-06,9.99431260494296e-17,0.311742178106859,2.1459570162589974,0.4999999999999999,0.30153400932509145,0.4864632829477144,38356915751.50874,4.691923411350263,65
True,Optimization terminated successfully,5.0,100000000000000.0,0.0,front_rear,935990079070.801,45278984153618.836,46214974232689.64,9.806650000000012,-1.539894908155076e-14,9.806649999999996,50379664256.5749,0.0,0.0,0.43181818181818166,1.5702558041278873,0.5,0.5,0.5,38356915751.50888,24.402120471169038,5
True,Optimization terminated successfully,5.0,177827941003892.28,0.0,front_rear,935990079070.8,25462243952218.816,26398234031289.617,9.806650000000008,-8.65946543305796e-15,9.80665,50379664256.57487,0.0,0.0,0.4318181818181817,1.5702558041278871,0.5,0.5,0.5,38356915751.50885,24.402120471169034,5
True,Optimization terminated successfully,5.0,316227766016837.94,0.0,front_rear,531125723901.4979,14623458013540.83,15154583737442.328,9.80665000005785,-4.907243359679733e-15,9.806650000057845,51452760089.37679,-0.10987937250711896,2.135538935447804e-12,0.4318181818126806,1.5824023544421795,0.5000000000003834,0.3128090746125038,0.49999999999538136,38356915751.96133,13.846935122106098,3
True,Optimization terminated successfully,5.0,562341325190349.06,0.0,front_rear,371926866390.83295,8337977239739.9,8709904106130.733,9.806650000007451,-2.7737000124107914e-15,9.806650000007448,52169815332.71723,-0.013374696919383453,2.563684926635304e-13,0.43181818181751175,1.590518822082836,0.4999999999998731,0.30798200660961833,0.49999999999942324,38356915751.56708,9.696474784358484,3
True,Optimization terminated successfully,5.0,1000000000000000.0,0.0,front_rear,321583767328.1992,4725029657138.951,5046613424467.15,9.80665000000145,-1.5642421165332998e-15,9.806650000001449,52573045128.70664,-0.0026962567874672075,5.128591621174633e-14,0.43181818181805526,1.595083047251588,0.5000000000000241,0.3744603842900294,0.49999999999989786,38356915751.520134,8.383983983786663,3
True,Optimization terminated successfully,5.0,1778279410038922.8,0.0,front_rear,305663881577.27594,2668539687120.322,2974203568697.5977,9.806650000000186,-8.81053412581459e-16,9.806650000000186,52799797906.55954,-0.0006316267730523473,1.1962674064967921e-14,0.431818181818164,1.5976496996814475,0.500000000000006,0.4113978803317249,0.500000000000006,38356915751.51025,7.9689379500029505,7
True,Optimization terminated successfully,5.0,3162277660168379.5,0.0,front_rear,300629630799.8416,1504254133524.0393,1804883764323.8809,9.806650000000026,-4.959003338792352e-16,9.806650000000026,52927308283.71633,-7.105801196838907e-05,1.3425585821875406e-15,0.4318181818181793,1.5990930108613453,0.5000000000000003,0.43202999253969343,0.4999999999999981,38356915751.508995,7.837690411487649,8
True,Optimization terminated successfully,5.0,5623413251903491.0,0.0,front_rear,245831391804.14667,887052368448.1504,1132883760252.297,9.806649999999994,-2.847177777481229e-16,9.806649999999994,55501900427.15092,-1.9738336657885854e-05,3.5563352796889234e-16,0.4318181818181811,1.6326530715803134,0.5000000000000001,0.3157863679635975,0.5,38356915751.50874,6.409050023644746,15
True,Optimization terminated successfully,5.0,1e+16,0.0,front_rear,222777560908.64493,515514929708.4599,738292490617.1049,9.806650000000012,-1.6311717313928047e-16,9.806650000000012,57358771543.65951,-3.1581338652617364e-05,5.505930096250186e-16,0.43181818181818077,1.6633322606525192,0.5000000000000002,0.24519366161042844,0.46473499257404943,38356915751.50888,5.808015491962002,23
True,Optimization terminated successfully,5.0,1.7782794100389228e+16,0.0,front_rear,210958207942.39276,298727962609.4905,509686170551.88324,9.806650000000001,-9.435993869545555e-17,9.806650000000001,59106394898.10291,0.0,0.0,0.4152723096699319,1.711066838468423,0.5,0.4713746564025767,0.4713746564025767,38356915751.5088,5.499874111596018,31
True,Optimization terminated successfully,5.0,3.162277660168379e+16,0.0,front_rear,193957966042.90106,180378368548.07614,374336334590.9772,9.806650000000005,-5.564300410491443e-17,9.806650000000005,63466280777.251785,-7.895334663154341e-06,1.2440203784533512e-16,0.39569487143756527,1.7942786662685852,0.5,0.39192993751649685,0.4774819126952365,38356915751.50882,5.056662201399013,33
True,Optimization terminated successfully,5.0,5.623413251903491e+16,0.0,front_rear,188260289154.94067,105536062761.63644,293796351916.57715,9.806650000000003,-3.2135936295839334e-17,9.806650000000003,66032764865.02356,0.0,0.0,0.38569379537105297,1.8427663884032697,0.5000000000000001,0.3491768712495961,0.48063749939169376,38356915751.50881,4.908118535248373,33
True,Optimization terminated successfully,5.0,1e+17,0.0,front_rear,186458581934.59598,60644342624.72234,247102924559.31833,9.806650000000005,-1.833876020677886e-17,9.806650000000005,67475931220.73216,-7.895334663154341e-06,1.170096435916764e-16,0.3804038653606575,1.8700331108766857,0.5000000000000001,0.3265661298470131,0.48230760676038964,38356915751.50882,4.861146374295264,40
True,Optimization terminated successfully,5.0,1.778279410038923e+17,0.0,front_rear,185109497146.9331,35138208969.27826,220247706116.21136,9.80665,-1.0518264070324863e-17,9.80665,69524554621.79893,-7.895334663154341e-06,1.1356181576571818e-16,0.3750476166255893,1.9073192604621247,0.5000000000000001,0.3067054893669373,0.4643851179792757,38356915751.50878,4.825974495607139,38
True,Optimization terminated successfully,5.0,3.1622776601683795e+17,0.0,front_rear,184495762068.20874,20201646539.053146,204697408607.2619,9.806650000000005,-6.001036716257389e-18,9.806650000000005,71079663361.55325,-1.1843001994731511e-05,1.6661589876264594e-16,0.3715219436956617,1.9351097822060481,0.5,0.29368446416968363,0.4486739873311835,38356915751.50882,4.809973858780639,40
True,Optimization terminated successfully,5.0,5.6234132519034906e+17,0.0,front_rear,184283999426.69348,11513323374.486982,195797322801.18045,9.806649999999996,-3.407216590423883e-18,9.806649999999996,72037610207.19452,3.9476673315771705e-06,5.4800087346358283e-17,0.3691247396031988,1.9537953252838736,0.5,0.2864739443355971,0.44001871134318116,38356915751.50875,4.804453012347448,39
True,Optimization terminated successfully,5.0,1e+18,0.0,front_rear,184214048085.39798,6525014808.080289,190739062893.47827,9.80665,-1.9272883881419472e-18,9.80665,72600580919.61224,3.9476673315771705e-06,5.437514798880558e-17,0.36766866146408,1.965287216472442,0.5,0.32383201021577807,0.4850678725246639,38356915751.50878,4.802629316674187,40
True,Optimization terminated successfully,10.0,100000000000000.0,1.0,unrestricted,139869212480.0472,8808264158162.73,8948133370642.777,9.806650000000003,-4.903325000000001e-15,9.806649999999998,9800515609.31484,-9800515609.31484,1.0,1.05,1.0,1.0,1.0,1.0,9589228937.877203,14.586075,5
True,Optimization terminated successfully,10.0,177827941003892.28,1.0,unrestricted,139869212480.04715,4953250939327.884,5093120151807.931,9.806650000000001,-2.757342278338969e-15,9.806649999999998,9800515609.314838,-9800515609.314838,1.0,1.05,1.0,1.0,1.0,1.0,9589228937.8772,14.586074999999997,5
True,Optimization terminated successfully,10.0,316227766016837.94,1.0,unrestricted,76518392922.89665,2832598380376.0024,2909116773298.899,9.806649999996983,-1.5505675108040348e-15,9.806649999996981,9966521240.057499,-9966521240.057499,1.0,1.0500000000000003,1.0,1.0,0.6157529598704058,1.0,9589228937.871296,7.9796189473272605,4
True,Optimization terminated successfully,10.0,562341325190349.06,1.0,unrestricted,52985992122.285164,1609827396326.8008,1662813388449.086,9.806649999999921,-8.719481888229032e-16,9.806649999999921,10072514660.22688,-10072514660.22688,1.0,1.0499999999999998,1.0,1.0,0.62296089953643,1.0,9589228937.877043,5.525573793842044,4
True,Optimization terminated successfully,10.0,1000000000000000.0,1.0,unrestricted,45544393588.08264,910629454917.8999,956173848505.9825,9.806649999999953,-4.903324999999996e-16,9.806649999999953,10132119140.584774,-10132119140.58472,0.9999999999999948,1.0499999999999936,1.0000000000000016,0.9999999999999984,0.7550055900592848,0.999999999999998,9589228937.877106,4.749536577251164,4
True,Optimization terminated successfully,10.0,1778279410038922.8,1.0,unrestricted,43191153508.01743,513778601373.27594,556969754881.2933,9.80664999999997,-2.757342278339012e-16,9.80664999999997,10165637203.056759,-10165637203.056448,0.9999999999999695,1.0499999999999685,1.0000000000000067,0.9999999999999827,0.8285795692085005,0.9999999999999759,9589228937.877136,4.504132061902684,9
True,Optimization terminated successfully,10.0,3162277660168379.5,1.0,unrestricted,41038082295.42428,290825077620.10406,331863159915.5283,9.806650000000005,-1.5505675108045187e-16,9.806650000000005,10232704831.446615,-10232704831.446537,0.9999999999999923,1.0499999999999912,1.0000000000000024,0.9999999999999961,0.8332118405826672,0.9608468451756176,9589228937.877205,4.279601890963821,8
True,Optimization terminated successfully,10.0,5623413251903491.0,1.0,unrestricted,32458713955.53571,169718817427.4314,202177531382.9671,9.806650000000001,-8.719481888229122e-17,9.806650000000001,10619121531.629955,-10619121531.629911,0.9999999999999959,1.0499999999999976,1.0000000000000002,0.9999999999999989,0.5823532420367119,0.9141362965730727,9589228937.8772,3.3849138617730414,13
True,Optimization terminated successfully,10.0,1e+16,1.0,unrestricted,29744742838.866676,97393538405.36736,127138281244.23404,9.806650000000001,-4.903325000000005e-17,9.806650000000001,10836492596.599222,-10836492596.599203,0.9999999999999982,1.0499999999999976,1.0000000000000004,0.9999999999999992,0.9363069487196551,0.9363069487196551,9589228937.8772,3.101890989522185,19
True,Optimization terminated successfully,10.0,1.7782794100389228e+16,1.0,unrestricted,27285806886.29941,56751205030.70501,84037011917.00443,9.806649999999996,-2.7573422783389677e-17,9.806649999999996,11228808666.542582,-11228808666.542574,0.9999999999999993,1.0499999999999996,1.0000000000000004,0.9999999999999998,0.8271349304506526,0.9516236095469895,9589228937.877188,2.8454641205322813,25
True,Optimization terminated successfully,10.0,3.162277660168379e+16,1.0,unrestricted,25663524308.92278,33081377196.09736,58744901505.02014,9.806650000000003,-1.5505675108045133e-17,9.806650000000003,11639710407.216024,-11639710407.216017,0.9999999999999993,1.0499999999999992,1.0,0.9999999999999997,0.6895497854641943,0.9617791361121162,9589228937.877203,2.6762865372368503,23
True,Optimization terminated successfully,10.0,5.623413251903491e+16,1.0,unrestricted,24752807379.8527,19313232943.60847,44066040323.46117,9.80665,-8.719481888229103e-18,9.80665,12084079473.659435,-12084079473.659431,0.9999999999999997,1.0499999999999994,1.0000000000000002,0.9999999999999999,0.5928834994213299,0.8988540635429032,9589228937.877195,2.5813136322233143,32
True,Optimization terminated successfully,10.0,1e+17,1.0,unrestricted,24240897122.882023,11229107584.975784,35470004707.8578,9.806649999999998,-4.903325000000018e-18,9.806649999999998,12494067183.85542,-12494067183.855383,0.9999999999999971,1.0499999999999967,1.0,1.0,0.6105053378941797,0.9723230194810174,9589228937.87719,2.5279297511743772,36
True,Optimization terminated successfully,10.0,1.778279410038923e+17,1.0,unrestricted,24039776986.545437,6466780876.223449,30506557862.768887,9.806649999999998,-2.7573422783389715e-18,9.806649999999998,12795190006.675993,-12795190006.675978,0.9999999999999988,1.0499999999999987,1.0,1.0,0.5764028830487056,0.9560904729146771,9589228937.87719,2.506956204955018,42
True,Optimization terminated successfully,10.0,3.1622776601683795e+17,1.0,unrestricted,23927348830.92443,3717478956.709052,27644827787.633484,9.806649999999994,-1.5505675108045122e-18,9.806649999999994,13079980994.90174,-13079980994.901728,0.9999999999999991,1.0499999999999992,1.0,0.9999999999999999,0.5484168608844892,0.9178975921201138,9589228937.877186,2.495231784112701,37
True,Optimization terminated successfully,10.0,5.6234132519034906e+17,1.0,unrestricted,23891802674.876396,2116082377.1164207,26007885051.992817,9.806649999999998,-8.719481888229111e-19,9.806649999999998,13240096928.643658,-13240096928.643642,0.9999999999999989,1.049999999999999,1.0,0.9999999999999999,0.5331821649382255,0.8972031305339881,9589228937.87719,2.491524900454137,41
True,Optimization terminated successfully,10.0,1e+18,1.0,unrestricted,23833279044.05987,1236991985.647081,25070271029.70695,9.806650000000003,-4.972385259732783e-19,9.806650000000003,13763392021.681013,-13148868080.09395,0.9553508364348684,0.9838380576262145,1.014084373304396,0.9776754182174343,0.510214119247935,0.8622964629721116,9589228937.877203,2.4854218413661022,64
True,Optimization terminated successfully,10.0,100000000000000.0,0.1,unrestricted,208540775610.4859,19566976270941.543,19775517046552.027,9.806650000000007,-7.0783284133212696e-15,9.80665,21771197244.66293,-2177119724.466295,0.10000000000000009,0.28363636363636335,1.4435772487692058,0.55,0.55,0.55,9589228937.877209,21.74739772733501,1
True,Optimization terminated successfully,10.0,177827941003892.28,0.1,unrestricted,208540775610.48575,11003319366169.377,11211860141779.863,9.806650000000001,-3.980436580079583e-15,9.806649999999998,21771197244.662918,-2177119724.466293,0.10000000000000005,0.2836363636363634,1.443577248769206,0.55,0.55,0.55,9589228937.8772,21.747397727335013,1
True,Optimization terminated successfully,10.0,316227766016837.94,0.1,unrestricted,208540775610.4856,6187621193864.318,6396161969474.804,9.806650000000001,-2.238363981278093e-15,9.80665,21771197244.662914,-2177119724.466293,0.10000000000000006,0.28363636363636335,1.4435772487692056,0.55,0.55,0.55,9589228937.8772,21.747397727335,1
True,Optimization terminated successfully,10.0,562341325190349.06,0.1,unrestricted,118483086106.86528,3548126489941.5796,3666609576048.445,9.80664999999944,-1.2663467468659504e-15,9.806649999999438,22200240949.943954,-2220024094.992779,0.09999999999992717,0.2836363636363413,1.4523187995553763,0.5499999999998663,0.34930259041777506,0.5499999999998663,9589228937.876102,12.35585122374895,4
True,Optimization terminated successfully,10.0,1000000000000000.0,0.1,unrestricted,81074121727.1369,2022187743499.0056,2103261865226.1426,9.806649999999902,-7.151125162674461e-16,9.806649999999902,22499873061.551086,-2249987306.154862,0.09999999999998903,0.28363636363636624,1.4584236538826991,0.5499999999999917,0.3363196242259665,0.5499999999999848,9589228937.877005,8.454707073151411,4
True,Optimization terminated successfully,10.0,1778279410038922.8,0.1,unrestricted,69244368492.33206,1145675619928.6821,1214919988421.0142,9.806650000000003,-4.0308391893586e-16,9.806650000000003,22668368580.264343,-2266836858.026437,0.1000000000000001,0.2836363636363629,1.4618566657552536,0.5500000000000002,0.4110106208650203,0.5499999999999996,9589228937.877203,7.221056973498528,4
True,Optimization terminated successfully,10.0,3162277660168379.5,0.1,unrestricted,65503472054.35894,646953705469.2493,712457177523.6082,9.806649999999985,-2.2697008598576084e-16,9.806649999999985,22763120573.5466,-2276312057.3546185,0.09999999999999817,0.28363636363636496,1.4637871902010728,0.5499999999999993,0.45252671840398234,0.5499999999999985,9589228937.877167,6.8309425584388945,9
True,Optimization terminated successfully,10.0,5623413251903491.0,0.1,unrestricted,64320217423.77993,364660671859.7203,428980889283.5002,9.806650000000005,-1.2772934987044328e-16,9.806650000000005,22816421013.185276,-2281642101.3185353,0.10000000000000034,0.2836363636363625,1.46487315998525,0.5500000000000003,0.47572905396964066,0.5499999999999996,9589228937.877205,6.707548421303901,9
True,Optimization terminated successfully,10.0,1e+16,0.1,unrestricted,51409459635.705795,214576320142.58688,265985779778.29266,9.806649999999994,-7.291073579015225e-17,9.806649999999994,23874835463.44285,-2387483546.3442726,0.09999999999999949,0.28363636363636413,1.4869651877073669,0.5499999999999998,0.34076447301326945,0.49937540133210806,9589228937.877186,5.361167197983966,22
True,Optimization terminated successfully,10.0,1.7782794100389228e+16,0.1,unrestricted,46168459656.43047,124437965582.34439,170606425238.77487,9.806650000000003,-4.163537453861662e-17,9.806650000000003,24621329284.936913,-2462132928.493687,0.09999999999999984,0.28363636363636363,1.509982089118725,0.55,0.2623400534155525,0.5124321373973724,9589228937.877203,4.814616478084726,26
True,Optimization terminated successfully,10.0,3.162277660168379e+16,0.1,unrestricted,43168089276.09785,72392945480.44188,115561034756.53973,9.806649999999976,-2.396001282947431e-17,9.806649999999976,25471518792.0631,-2547151879.206284,0.09999999999999898,0.2743456283091357,1.5452415107706414,0.5499999999999995,0.49811582662851367,0.49811582662851367,9589228937.87715,4.501726839118969,42
True,Optimization terminated successfully,10.0,5.623413251903491e+16,0.1,unrestricted,39141583662.66551,43609198351.63509,82750782014.3006,9.806649999999996,-1.4062498698639033e-17,9.806649999999996,27285800373.37221,-2728580037.337217,0.09999999999999984,0.25296740818702085,1.6127676941014994,0.5499999999999999,0.40688294778426126,0.5270057125831271,9589228937.877188,4.081828050643086,53
True,Optimization terminated successfully,10.0,1e+17,0.1,unrestricted,37746895467.39886,25551642271.94207,63298537739.34093,9.806650000000005,-8.142809500751293e-18,9.806650000000005,28430036206.13835,-2843003620.61384,0.10000000000000017,0.2366544417286136,1.6606709734213594,0.5500000000000003,0.35940545919976774,0.5305052498429605,9589228937.877205,3.9363848451150854,55
True,Optimization terminated successfully,10.0,1.778279410038923e+17,0.1,unrestricted,36189186014.96837,15523204364.549847,51712390379.51822,9.80665,-4.835456283782217e-18,9.80665,30714253839.5195,-3071425383.951951,0.10000000000000003,0.20777500200434376,1.7536655937742742,0.5499999999999999,0.30860422993149084,0.5336299301267095,9589228937.877195,3.773941184365936,59
True,Optimization terminated successfully,10.0,3.1622776601683795e+17,0.1,unrestricted,35492272584.253586,9249041158.626049,44741313742.87964,9.806649999999996,-2.847562668754788e-18,9.806649999999996,32542829155.10823,-3254282915.510821,0.09999999999999994,0.18423409888742362,1.8364648097633174,0.5499999999999999,0.3278992385096648,0.5354776300716929,9589228937.877188,3.701264493129379,95
True,Optimization terminated successfully,10.0,5.6234132519034906e+17,0.1,unrestricted,28600923202.258324,10586208133.383987,39187131335.64231,9.80665,-3.555633804165181e-18,9.80665,66236751134.32906,-6623675113.432908,0.10000000000000002,0.00851390004583764,1.5592646729299346,0.5199009543564896,0.1595298562281171,0.27558552827919697,9589228937.877195,2.9826092783420206,63
True,Optimization terminated successfully,10.0,1e+18,0.1,unrestricted,25290651375.726513,8336086417.384534,33626737793.111046,9.806650000000001,-2.6652462669477294e-18,9.806650000000001,92751470195.70709,-9275147019.570713,0.10000000000000005,0.06137905230347589,1.3559793534995412,0.4689817509338172,0.13793660137244776,0.24411048209949376,9589228937.8772,2.6374019787794527,56
True,Optimization terminated successfully,10.0,100000000000000.0,0.1,front_rear,208540775610.4859,19566976270941.543,19775517046552.027,9.806650000000007,-7.0783284133212696e-15,9.80665,21771197244.66293,-2177119724.466295,0.10000000000000009,0.28363636363636335,1.4435772487692058,0.55,0.55,0.55,9589228937.877209,21.74739772733501,1
True,Optimization terminated successfully,10.0,177827941003892.28,0.1,front_rear,208540775610.48575,11003319366169.377,11211860141779.863,9.806650000000001,-3.980436580079583e-15,9.806649999999998,21771197244.662918,-2177119724.466293,0.10000000000000005,0.2836363636363634,1.443577248769206,0.55,0.55,0.55,9589228937.8772,21.747397727335013,1
True,Optimization terminated successfully,10.0,316227766016837.94,0.1,front_rear,208540775610.4856,6187621193864.318,6396161969474.804,9.806650000000001,-2.238363981278093e-15,9.80665,21771197244.662914,-2177119724.466293,0.10000000000000006,0.28363636363636335,1.4435772487692056,0.55,0.55,0.55,9589228937.8772,21.747397727335,1
True,Optimization terminated successfully,10.0,562341325190349.06,0.1,front_rear,118483086106.86565,3548126489940.5156,3666609576047.3813,9.806649999999834,-1.2663467468656556e-15,9.806649999999832,22200240949.937298,-2220024094.993677,0.09999999999999763,0.2836363636363671,1.452318799555266,0.5499999999999988,0.3493025904178611,0.5499999999999988,9589228937.876873,12.355851223747996,4
True,Optimization terminated successfully,10.0,1000000000000000.0,0.1,front_rear,81074121727.13722,2022187743498.9448,2103261865226.082,9.806649999999959,-7.151125162674281e-16,9.806649999999959,22499873061.55041,-2249987306.15497,0.09999999999999684,0.2836363636363679,1.458423653882684,0.5499999999999985,0.3363196242259752,0.5499999999999985,9589228937.877115,8.454707073151347,4
True,Optimization terminated successfully,10.0,1778279410038922.8,0.1,front_rear,69244368492.3323,1145675619928.6958,1214919988421.028,9.80665000000005,-4.030839189358633e-16,9.80665000000005,22668368580.264614,-2266836858.0265102,0.10000000000000216,0.2836363636363566,1.461856665755253,0.5500000000000008,0.41101062086501455,0.5499999999999929,9589228937.877293,7.221056973498486,4
True,Optimization terminated successfully,10.0,3162277660168379.5,0.1,front_rear,65503472054.359,646953705469.2484,712457177523.6074,9.806650000000003,-2.269700859857605e-16,9.806650000000003,22763120573.54657,-2276312057.354654,0.09999999999999987,0.2836363636363632,1.4637871902010704,0.55,0.45252671840398273,0.5499999999999988,9589228937.877203,6.830942558438876,9
True,Optimization terminated successfully,10.0,5623413251903491.0,0.1,front_rear,64320217423.77995,364660671859.7203,428980889283.50024,9.806650000000008,-1.277293498704433e-16,9.806650000000008,22816421013.185276,-2281642101.3185334,0.10000000000000026,0.2836363636363625,1.4648731599852496,0.55,0.47572905396964005,0.5499999999999993,9589228937.877213,6.7075484213038985,9
True,Optimization terminated successfully,10.0,1e+16,0.1,front_rear,51409558832.26789,214576220951.15637,265985779783.42426,9.806649999999998,-7.291068785005859e-17,9.806649999999998,23874824426.907776,-2387482442.6907735,0.09999999999999983,0.2836363636363637,1.486964210001552,0.5499999999999997,0.3407648874749135,0.4993754749793963,9589228937.87719,5.361177542565654,22
True,Optimization terminated successfully,10.0,1.7782794100389228e+16,0.1,front_rear,46168453161.02086,124437972080.21323,170606425241.23407,9.80665,-4.163533772796479e-17,9.80665,24621330570.606987,-2462133057.060701,0.10000000000000009,0.2836363636363633,1.5099807541139236,0.55,0.2623344621933088,0.5124299645549826,9589228937.877195,4.814615800719567,27
True,Optimization terminated successfully,10.0,3.162277660168379e+16,0.1,front_rear,43167701026.217804,72393333949.8031,115561034976.0209,9.806650000000001,-2.3960148521968363e-17,9.806650000000001,25471655475.334774,-2547165547.5334806,0.10000000000000013,0.2743367507014023,1.5452502619209811,0.5499999999999999,0.4981134140085792,0.4981134140085792,9589228937.8772,4.501686350996016,37
True,Optimization terminated successfully,10.0,5.623413251903491e+16,0.1,front_rear,39141371572.78978,43609410530.69715,82750782103.48694,9.806649999999998,-1.4062531034531174e-17,9.806649999999998,27285933131.500072,-2728593313.150008,0.10000000000000003,0.25295857955645457,1.6127714025663549,0.55,0.40687462405207236,0.5270052496659262,9589228937.87719,4.081805933132167,49
True,Optimization terminated successfully,10.0,1e+17,0.1,front_rear,37865966214.27925,25441612210.112476,63307578424.39172,9.806649999999998,-8.094739871974913e-18,9.806649999999998,28307611251.676067,-2830761125.1676035,0.09999999999999988,0.2421619014982566,1.6508674974583395,0.5499999999999999,0.36069372180986753,0.5304123083095691,9589228937.87719,3.948801979761869,53
True,Optimization terminated successfully,10.0,1.778279410038923e+17,0.1,front_rear,36866422583.38889,15063527232.490574,51929949815.87947,9.806649999999998,-4.684860353547485e-18,9.806649999999998,29804735431.674957,-2980473543.167495,0.09999999999999996,0.2333214426346668,1.699049258538066,0.55,0.3196210605226449,0.4888667136278361,9589228937.87719,3.84456590015987,50
True,Optimization terminated successfully,10.0,3.1622776601683795e+17,0.1,front_rear,36405017498.32319,8806209679.513906,45211227177.8371,9.806650000000003,-2.7033487838666586e-18,9.806650000000003,30984722869.051758,-3098472286.9051814,0.10000000000000019,0.22543853709128003,1.7434576469772838,0.55,0.3430179218476482,0.5345399549456088,9589228937.877203,3.796448883864304,80
True,Optimization terminated successfully,10.0,5.6234132519034906e+17,0.1,front_rear,28411762618.013775,10939274027.73306,39351036645.74683,9.80665,-2.8233781764647204e-18,9.80665,68445845975.78326,-6844584597.578326,0.1,0.010781497828302206,1.4673065168801198,0.228037932361516,0.13550214666382351,0.22211163419269167,9589228937.877195,2.962882918123696,80
True,Optimization terminated successfully,10.0,1e+18,0.1,front_rear,25255557833.473927,8431611405.299875,33687169238.773804,9.806649999999998,-2.079233691353365e-18,9.806649999999998,93814329027.29234,-9381432902.729233,0.09999999999999998,0.06183676668147707,1.2928001093691768,0.15856124351995696,0.08877771618618446,0.148497457692687,9589228937.87719,2.6337422953492298,78
True,Optimization terminated successfully,10.0,100000000000000.0,0.01,unrestricted,230966579253.5901,22289490065347.766,22520456644601.355,9.806650000000007,-7.628717412820053e-15,9.80665,24800402370.615765,-248004023.70615724,0.009999999999999983,0.417,1.5558253660159278,0.505,0.505,0.505,9589228937.877209,24.0860428664163,5
True,Optimization terminated successfully,10.0,177827941003892.28,0.01,unrestricted,230966579253.58994,12534301381164.777,12765267960418.367,9.806650000000001,-4.2899430594279195e-15,9.806649999999998,24800402370.615753,-248004023.7061592,0.010000000000000068,0.417,1.5558253660159282,0.505,0.505,0.505,9589228937.8772,24.086042866416307,1
True,Optimization terminated successfully,10.0,316227766016837.94,0.01,unrestricted,230966579253.58984,7048555649019.422,7279522228273.012,9.806650000000001,-2.412412265029836e-15,9.80665,24800402370.61575,-248004023.7061592,0.01000000000000007,0.41699999999999987,1.5558253660159278,0.505,0.505,0.505,9589228937.8772,24.086042866416296,1
True,Optimization terminated successfully,10.0,562341325190349.06,0.01,unrestricted,144563189755.0847,4033175801548.43,4177738991303.5146,9.806650000000147,-1.3650948107013165e-15,9.806650000000145,25235141656.2189,-252351416.56202635,0.009999999999993556,0.4169999999997242,1.5655687209390463,0.5049999999999666,0.3479475750802771,0.5049999999997152,9589228937.877483,15.075580183935296,4
True,Optimization terminated successfully,10.0,1000000000000000.0,0.01,unrestricted,95793751923.32732,2303129080198.221,2398922832121.5483,9.806649999999934,-7.719419267978093e-16,9.806649999999934,25625767001.812695,-256257670.01799825,0.009999999999994978,0.4169999999999713,1.5743233964662193,0.5049999999999928,0.29362328105157276,0.5049999999999636,9589228937.877068,9.989724152371194,4
True,Optimization terminated successfully,10.0,1778279410038922.8,0.01,unrestricted,80371501547.89474,1306246674426.851,1386618175974.7458,9.806650000000053,-4.354523176294553e-16,9.806650000000053,25845431776.31349,-258454317.76327136,0.010000000000005279,0.4169999999999872,1.5792465123037527,0.5050000000000052,0.36860924642039833,0.504999999999995,9589228937.877298,8.381435261226127,4
True,Optimization terminated successfully,10.0,3162277660168379.5,0.01,unrestricted,75494557764.71933,738067251445.7925,813561809210.5118,9.806649999999966,-2.4530210354674716e-16,9.806649999999966,25968958356.704666,-259689583.5669796,0.009999999999997417,0.417000000000003,1.582014983787922,0.5049999999999987,0.410219688519366,0.5049999999999985,9589228937.877129,7.872849658069836,9
True,Optimization terminated successfully,10.0,5623413251903491.0,0.01,unrestricted,73952229040.05504,416156021486.8993,490108250526.95435,9.806649999999996,-1.3807926981340654e-16,9.806649999999996,26038428945.444206,-260384289.4544415,0.009999999999999978,0.4169999999999993,1.5835719551159013,0.5050000000000001,0.4334476932258967,0.5049999999999996,9589228937.877188,7.71200995608164,9
True,Optimization terminated successfully,10.0,1e+16,0.01,unrestricted,62110508978.356,243423765180.4949,305534274158.8509,9.806650000000001,-7.889052054044649e-17,9.806650000000001,27084546597.286053,-270845465.97286135,0.01000000000000003,0.41699999999999976,1.6089188569072308,0.5049999999999999,0.33690891711536447,0.5049999999999998,9589228937.8772,6.477111911784809,18
True,Optimization terminated successfully,10.0,1.7782794100389228e+16,0.01,unrestricted,55183306791.668304,141873856904.16888,197057163695.8372,9.80665,-4.5225372535473785e-17,9.80665,28071199423.86117,-280711994.23861444,0.010000000000000097,0.41699999999999887,1.6401798532867526,0.5050000000000002,0.25676691931497286,0.4678641812018053,9589228937.877195,5.754717834892411,29
True,Optimization terminated successfully,10.0,3.162277660168379e+16,0.01,unrestricted,52027265575.661316,82150494033.97539,134177759609.6367,9.806650000000005,-2.608319673955531e-17,9.806650000000005,28904720462.423973,-289047204.624243,0.010000000000000113,0.4051193198214991,1.6821709830629579,0.5050000000000023,0.4752603455802726,0.4752603455802726,9589228937.877205,5.425594269645077,48
True,Optimization terminated successfully,10.0,5.623413251903491e+16,0.01,unrestricted,47760502527.732925,49421197419.94035,97181699947.67328,9.80665,-1.536474597373995e-17,9.80665,30922304880.271877,-309223048.80271924,0.010000000000000016,0.38397201437673095,1.7621168517457018,0.5050000000000002,0.40434151856771944,0.4816288209570364,9589228937.877195,4.980640553807223,52
True,Optimization terminated successfully,10.0,1e+17,0.01,unrestricted,45911670350.89885,29148251958.29859,75059922309.19745,9.806650000000001,-8.940468422416264e-18,9.806650000000001,32431804175.265926,-324318041.7526665,0.010000000000000222,0.3686314678389398,1.8233481203910127,0.5050000000000001,0.35467333300019854,0.48529261976999793,9589228937.8772,4.787837546515234,55
True,Optimization terminated successfully,10.0,1.778279410038923e+17,0.01,unrestricted,45016224938.84086,17038261124.668352,62054486063.50921,9.806650000000001,-5.207951478644486e-18,9.806650000000001,33711949213.409477,-337119492.1340925,0.009999999999999933,0.34745297894261135,1.8887577068530539,0.5049999999999999,0.32505034015553685,0.4868887601296163,9589228937.8772,4.694457211364301,56
True,Optimization terminated successfully,10.0,3.1622776601683795e+17,0.01,unrestricted,44215880240.63173,10157606669.067125,54373486909.69885,9.806649999999998,-3.055333333506086e-18,9.806649999999998,35739624549.94026,-357396245.4993985,0.009999999999999886,0.32981622542231853,1.970461338971836,0.5050000000000001,0.29318223962407985,0.44788365405823477,9589228937.87719,4.610994327810886,64
True,Optimization terminated successfully,10.0,5.6234132519034906e+17,0.01,unrestricted,43874188380.8074,5967232957.849028,49841421338.65643,9.806649999999998,-1.7822918507161805e-18,9.806649999999998,37336326606.23561,-373363266.06235224,0.009999999999999896,0.31336163867270567,2.0440341221675,0.5049999999999998,0.3157655813557649,0.490543260078739,9589228937.87719,4.575361446164412,72
True,Optimization terminated successfully,10.0,1e+18,0.01,unrestricted,43734790676.75904,3455994439.4024653,47190785116.16151,9.806649999999996,-1.0288868236059886e-18,9.806649999999996,38453124067.221466,-384531240.6722153,0.010000000000000016,0.3012745425052142,2.0983451507007773,0.505,0.3059525251348373,0.49123628557342724,9589228937.877188,4.560824541794787,90
True,Optimization terminated successfully,10.0,100000000000000.0,0.01,front_rear,230966579253.5901,22289490065347.766,22520456644601.355,9.806650000000007,-7.628717412820053e-15,9.80665,24800402370.615765,-248004023.70615724,0.009999999999999983,0.417,1.5558253660159278,0.505,0.505,0.505,9589228937.877209,24.0860428664163,5
True,Optimization terminated successfully,10.0,177827941003892.28,0.01,front_rear,230966579253.58994,12534301381164.777,12765267960418.367,9.806650000000001,-4.2899430594279195e-15,9.806649999999998,24800402370.615753,-248004023.7061592,0.010000000000000068,0.417,1.5558253660159282,0.505,0.505,0.505,9589228937.8772,24.086042866416307,1
True,Optimization terminated successfully,10.0,316227766016837.94,0.01,front_rear,230966579253.58984,7048555649019.422,7279522228273.012,9.806650000000001,-2.412412265029836e-15,9.80665,24800402370.61575,-248004023.7061592,0.01000000000000007,0.41699999999999987,1.5558253660159278,0.505,0.505,0.505,9589228937.8772,24.086042866416296,1
True,Optimization terminated successfully,10.0,562341325190349.06,0.01,front_rear,144563189755.07068,4033175801545.5537,4177738991300.6245,9.806649999999381,-1.3650948107005122e-15,9.80664999999938,25235141656.200897,-252351416.5616237,0.009999999999984733,0.4170000000000227,1.565568720939043,0.5049999999999925,0.3479475750804885,0.5049999999999925,9589228937.875988,15.075580183936186,4
True,Optimization terminated successfully,10.0,1000000000000000.0,0.01,front_rear,95793751923.32617,2303129080198.0234,2398922832121.3496,9.806649999999854,-7.719419267977528e-16,9.806649999999854,25625767001.810493,-256257670.01796272,0.00999999999999445,0.4170000000000082,1.5743233964662025,0.5049999999999972,0.29362328105159213,0.5049999999999972,9589228937.876911,9.989724152371238,4
True,Optimization terminated successfully,10.0,1778279410038922.8,0.01,front_rear,80371501547.89532,1306246674426.8494,1386618175974.7446,9.806650000000108,-4.3545231762945457e-16,9.806650000000108,25845431776.313457,-258454317.76331085,0.010000000000006821,0.41699999999998794,1.5792465123037516,0.5050000000000036,0.36860924642039855,0.5049999999999958,9589228937.877407,8.381435261226091,4
True,Optimization terminated successfully,10.0,3162277660168379.5,0.01,front_rear,75494557764.7194,738067251445.7919,813561809210.5112,9.806650000000014,-2.4530210354674725e-16,9.806650000000014,25968958356.704643,-259689583.56707826,0.010000000000001225,0.4169999999999977,1.582014983787916,0.5050000000000007,0.41021968851936763,0.5049999999999994,9589228937.877222,7.872849658069767,9
True,Optimization terminated successfully,10.0,5623413251903491.0,0.01,front_rear,73952229040.05505,416156021486.8991,490108250526.95416,9.806650000000008,-1.3807926981340652e-16,9.806650000000008,26038428945.444195,-260384289.45445925,0.010000000000000665,0.41699999999999876,1.5835719551159002,0.5050000000000004,0.4334476932258962,0.5049999999999993,9589228937.877213,7.712009956081621,9
True,Optimization terminated successfully,10.0,1e+16,0.01,front_rear,62110508978.35606,243423765180.4948,305534274158.8509,9.806650000000008,-7.889052054044648e-17,9.806650000000008,27084546597.28604,-270845465.97287714,0.010000000000000618,0.416999999999999,1.6089188569072295,0.5050000000000002,0.33690891711536486,0.5050000000000001,9589228937.877213,6.477111911784806,18
True,Optimization terminated successfully,10.0,1.7782794100389228e+16,0.01,front_rear,55183388434.304306,141873775264.24716,197057163698.55145,9.806649999999998,-4.5225356759502204e-17,9.806649999999998,28071183270.56434,-280711832.7056354,0.009999999999999716,0.4170000000000004,1.6401792811426414,0.5049999999999999,0.256768615141268,0.46786434850631264,9589228937.87719,5.754726348886243,27
True,Optimization terminated successfully,10.0,3.162277660168379e+16,0.01,front_rear,52027287040.88724,82150472551.90855,134177759592.79579,9.806649999999998,-2.608318159994512e-17,9.806649999999998,28904712903.940678,-289047129.03940344,0.009999999999999884,0.4051177713084776,1.6821700066714196,0.5049999999999999,0.47525970946351714,0.47525970946351714,9589228937.87719,5.425596508117653,46
True,Optimization terminated successfully,10.0,5.623413251903491e+16,0.01,front_rear,47759676677.06833,49422023974.16569,97181700651.23401,9.806650000000005,-1.5364970406637672e-17,9.806650000000005,30922822046.247013,-309228220.46248204,0.010000000000000385,0.38395625459751137,1.7621425909926673,0.5050000000000001,0.4043233273740444,0.48162917079170836,9589228937.877205,4.980554431067846,47
True,Optimization terminated successfully,10.0,1e+17,0.01,front_rear,46023953805.31202,29041809906.493046,75065763711.80507,9.806650000000001,-8.89762867262271e-18,9.806650000000001,32313371420.358017,-323133714.2035863,0.01000000000000019,0.37260250189466776,1.8146112429061318,0.5050000000000001,0.3557443240370134,0.4852148389726832,9589228937.8772,4.799546877384335,53
True,Optimization terminated successfully,10.0,1.778279410038923e+17,0.01,front_rear,45474629145.469444,16727006049.622393,62201635195.091835,9.806650000000005,-5.0849150211782816e-18,9.806650000000005,33096099086.12311,-330960990.86123806,0.01000000000000021,0.36662761779113634,1.8441363123918906,0.5050000000000002,0.33019227736693446,0.4870978591594872,9589228937.877205,4.742261285038867,53
True,Optimization terminated successfully,10.0,3.1622776601683795e+17,0.01,front_rear,45064887233.29426,9721051523.287548,54785938756.5818,9.806650000000001,-2.9209365776698533e-18,9.806650000000001,34203601595.535057,-342036015.95535296,0.01000000000000007,0.360823840175542,1.8837854897103607,0.505,0.30781670810911527,0.4666147614198914,9589228937.8772,4.699531894091,58
True,Optimization terminated successfully,10.0,5.6234132519034906e+17,0.01,front_rear,44876918595.22189,5602116735.422152,50479035330.64404,9.806649999999998,-1.6690618304962583e-18,9.806649999999998,35051834174.64154,-350518341.74641216,0.009999999999999907,0.3568313613366596,1.9141754658030945,0.5049999999999999,0.2932397289051937,0.44902615136964585,9589228937.87719,4.679929834395684,57
True,Optimization terminated successfully,10.0,1e+18,0.01,front_rear,44810816698.196236,3197973493.060661,48008790191.2569,9.80665,-9.489305368129152e-19,9.80665,35582253863.11931,-355822538.63119614,0.010000000000000085,0.35403082558525156,1.9352797067559568,0.505,0.3269058233816224,0.48992242437213956,9589228937.877195,4.673036485884149,65
True,Optimization terminated successfully,10.0,100000000000000.0,0.0,unrestricted,233997519767.69904,22639492076809.355,22873489596577.055,9.806649999999987,-7.69947454077536e-15,9.80664999999998,25189832128.28738,0.0,0.0,0.4318181818181819,1.570255804127887,0.5,0.5,0.5,9589228937.87717,24.402120471169038,1
True,Optimization terminated successfully,10.0,177827941003892.28,0.0,unrestricted,233997519767.69968,12731121976109.4,12965119495877.1,9.806650000000001,-4.329732716528978e-15,9.806649999999998,25189832128.28742,1.9738336657885852e-06,7.835834934255199e-17,0.43181818181818193,1.5702558041278871,0.5,0.5,0.5,9589228937.8772,24.40212047116903,1
True,Optimization terminated successfully,10.0,316227766016837.94,0.0,unrestricted,233997519767.69965,7159236003205.335,7393233522973.034,9.806650000000001,-2.434787633532915e-15,9.80665,25189832128.287415,0.0,0.0,0.43181818181818177,1.570255804127887,0.5,0.5,0.5,9589228937.8772,24.402120471169027,1
True,Optimization terminated successfully,10.0,562341325190349.06,0.0,unrestricted,148200870608.75623,4095363081182.826,4243563951791.5825,9.806649999999971,-1.3777566919424717e-15,9.80664999999997,25624240690.827404,2.3686003989463023e-05,9.243592532262546e-16,0.43181818181817255,1.5800900897590764,0.5000000000000021,0.34783935810643085,0.49999999999999106,9589228937.877142,15.454930898913844,4
True,Optimization terminated successfully,10.0,1000000000000000.0,0.0,unrestricted,97857771546.30907,2339232388949.854,2437090160496.163,9.806649999999955,-7.792454998119101e-16,9.806649999999955,26027470486.874947,2.9607504986828778e-05,1.1375483069612609e-15,0.43181818181818327,1.5892185400965944,0.49999999999999956,0.2888547769909286,0.49999999999999956,9589228937.87711,10.204967696597,4
True,Optimization terminated successfully,10.0,1778279410038922.8,0.0,unrestricted,81937885795.42834,1326907289692.0217,1408845175487.4502,9.806649999999992,-4.39617374864586e-16,9.806649999999992,26254223264.741146,-1.9738336657885852e-06,7.518156777616047e-17,0.43181818181817866,1.5943518449563392,0.5000000000000003,0.36387903558602186,0.4999999999999969,9589228937.877182,8.544783561457796,4
True,Optimization terminated successfully,10.0,3162277660168379.5,0.0,unrestricted,76903575889.18405,749798852364.3357,826702428253.5198,9.806650000000005,-2.4766261474556533e-16,9.806650000000005,26381735722.336777,5.921500997365756e-06,2.244545643125431e-16,0.43181818181818155,1.5972385144137675,0.4999999999999997,0.405501741405792,0.49999999999999933,9589228937.877205,8.019787241226135,8
True,Optimization terminated successfully,10.0,5623413251903491.0,0.0,unrestricted,75311458719.55098,422789033681.09937,498100492400.6503,9.806649999999996,-1.3941248164439996e-16,9.806649999999996,26453449293.091347,3.9476673315771705e-06,1.4923072177994397e-16,0.4318181818181817,1.5988619900982923,0.5,0.42873423931432164,0.49999999999999983,9589228937.877188,7.853755417400956,9
True,Optimization terminated successfully,10.0,1e+16,0.0,unrestricted,63651952697.87373,247090241307.19766,310742194005.0714,9.806649999999998,-7.965151894106036e-17,9.806649999999998,27492497084.07556,-1.9738336657885852e-06,7.179535782989628e-17,0.4318181818181815,1.6244389050503558,0.5000000000000001,0.3367057663567258,0.4999999999999997,9589228937.87719,6.63785932218703,19
True,Optimization terminated successfully,10.0,1.7782794100389228e+16,0.0,unrestricted,56489227452.06787,144105200431.52866,200594427883.59653,9.806649999999998,-4.568516498648574e-17,9.806649999999998,28512693653.358067,0.0,0.0,0.4318181818181815,1.6568550573274001,0.5,0.25633113045120304,0.46288104436731864,9589228937.87719,5.890904035979053,32
True,Optimization terminated successfully,10.0,3.162277660168379e+16,0.0,unrestricted,53202598165.860466,83503325710.65291,136705923876.51337,9.806649999999989,-2.6368981990670862e-17,9.806649999999989,29380715426.384922,5.921500997365756e-06,2.0154379876155223e-16,0.4196050252281527,1.7006019929431726,0.4999999999999999,0.4703035660824029,0.4703035660824029,9589228937.877176,5.548162267323887,43
True,Optimization terminated successfully,10.0,5.623413251903491e+16,0.0,unrestricted,49041333904.52778,50132839778.62072,99174173683.1485,9.806649999999987,-1.5524767068509286e-17,9.806649999999987,31367571752.173923,1.1843001994731511e-05,3.7755558792690847e-16,0.39868810637210583,1.7804689851431452,0.4999999999999999,0.4047524882264236,0.4765366588473648,9589228937.87717,5.1142103522855695,52
True,Optimization terminated successfully,10.0,1e+17,0.0,unrestricted,47140114855.524704,29583887080.273445,76724001935.79816,9.806650000000003,-9.035463871771859e-18,9.806650000000003,32916513618.150166,-1.9738336657885852e-06,5.996484587299104e-17,0.383814547753894,1.842721800364417,0.5000000000000002,0.3548568109131011,0.48021709767659343,9589228937.877203,4.915944249628089,54
True,Optimization terminated successfully,10.0,1.778279410038923e+17,0.0,unrestricted,46217396614.15428,17300345895.143387,63517742509.29767,9.80665,-5.266366404904276e-18,9.80665,34230510844.03682,3.9476673315771705e-06,1.1532598358124942e-16,0.36252861387996727,1.9099429353677309,0.49999999999999983,0.32521477843076746,0.4823846524676575,9589228937.877195,4.819719803705678,63
True,Optimization terminated successfully,10.0,3.1622776601683795e+17,0.0,unrestricted,45506780610.43146,10256714172.12294,55763494782.5544,9.806649999999998,-3.0800135669619843e-18,9.806649999999998,36088335133.51538,0.0,0.0,0.3458736417551046,1.9863782424822767,0.5,0.2959824436623187,0.45042997342028607,9589228937.87719,4.745614157847554,61
True,Optimization terminated successfully,10.0,5.6234132519034906e+17,0.0,unrestricted,45188337609.8267,6005888199.422221,51194225809.24892,9.806649999999998,-1.7897054375350513e-18,9.806649999999998,37578188242.04142,0.0,0.0,0.33185304824498757,2.0525364470921956,0.4999999999999999,0.3177703580240019,0.48531263604008246,9589228937.87719,4.712405752597481,71
True,Optimization terminated successfully,10.0,1e+18,0.0,unrestricted,45042560071.54835,3482335887.7060056,48524895959.25436,9.806650000000001,-1.0342483023821387e-18,9.806650000000001,38746212206.53615,-9.869168328942926e-07,2.5471311302213134e-17,0.31937697149356364,2.1092795243679303,0.5,0.30768379595722956,0.4860258766344706,9589228937.8772,4.697203535691116,82
True,Optimization terminated successfully,10.0,100000000000000.0,0.0,front_rear,233997519767.69995,22639492076809.395,22873489596577.094,9.806650000000008,-7.699474540775376e-15,9.806650000000001,25189832128.287426,-1.9738336657885852e-06,7.835834934255196e-17,0.4318181818181817,1.5702558041278867,0.5000000000000001,0.5000000000000001,0.5000000000000001,9589228937.877213,24.402120471169027,5
True,Optimization terminated successfully,10.0,177827941003892.28,0.0,front_rear,233997519767.69968,12731121976109.4,12965119495877.1,9.806650000000001,-4.329732716528978e-15,9.806649999999998,25189832128.28742,1.9738336657885852e-06,7.835834934255199e-17,0.43181818181818193,1.5702558041278871,0.5,0.5,0.5,9589228937.8772,24.40212047116903,1
True,Optimization terminated successfully,10.0,316227766016837.94,0.0,front_rear,233997519767.69965,7159236003205.335,7393233522973.034,9.806650000000001,-2.434787633532915e-15,9.80665,25189832128.287415,0.0,0.0,0.43181818181818177,1.570255804127887,0.5,0.5,0.5,9589228937.8772,24.402120471169027,1
True,Optimization terminated successfully,10.0,562341325190349.06,0.0,front_rear,148200870608.75223,4095363081182.655,4243563951791.407,9.80664999999977,-1.3777566919424159e-15,9.806649999999768,25624240690.82633,8.092718029733199e-05,3.1582274485231685e-15,0.4318181818181865,1.5800900897590673,0.49999999999999845,0.34783935810644073,0.49999999999999845,9589228937.876747,15.454930898914064,4
True,Optimization terminated successfully,10.0,1000000000000000.0,0.0,front_rear,97857771546.30894,2339232388949.854,2437090160496.163,9.806649999999895,-7.792454998119082e-16,9.806649999999895,26027470486.874947,0.00013619452293941239,5.2327222120218e-15,0.4318181818181896,1.5892185400966008,0.49999999999999745,0.2888547769909257,0.49999999999999745,9589228937.87699,10.204967696597116,4
True,Optimization terminated successfully,10.0,1778279410038922.8,0.0,front_rear,81937885795.4289,1326907289692.0212,1408845175487.4502,9.806650000000039,-4.3961737486458553e-16,9.806650000000039,26254223264.741135,-4.7372007978926046e-05,1.804357626627852e-15,0.43181818181817805,1.5943518449563334,0.5000000000000007,0.36387903558602225,0.4999999999999979,9589228937.877272,8.544783561457773,4
True,Optimization terminated successfully,10.0,3162277660168379.5,0.0,front_rear,76903575889.1838,749798852364.3342,826702428253.5181,9.806649999999998,-2.47662614745565e-16,9.806649999999998,26381735722.336727,-5.921500997365756e-06,2.244545643125435e-16,0.4318181818181815,1.5972385144137669,0.5000000000000001,0.40550174140579104,0.4999999999999988,9589228937.87719,8.019787241226123,8
True,Optimization terminated successfully,10.0,5623413251903491.0,0.0,front_rear,75311458719.55104,422789033681.0995,498100492400.6505,9.806650000000005,-1.3941248164439999e-16,9.806650000000005,26453449293.091354,-5.921500997365756e-06,2.238460826699159e-16,0.4318181818181812,1.5988619900982917,0.5000000000000001,0.4287342393143214,0.4999999999999997,9589228937.877205,7.853755417400948,9
True,Optimization terminated successfully,10.0,1e+16,0.0,front_rear,63651952697.87372,247090241307.19763,310742194005.07135,9.806649999999998,-7.965151894106033e-17,9.806649999999998,27492497084.075554,3.9476673315771705e-06,1.4359071565979261e-16,0.43181818181818193,1.6244389050503556,0.49999999999999994,0.3367057663567255,0.4999999999999998,9589228937.87719,6.637859322187028,19
True,Optimization terminated successfully,10.0,1.7782794100389228e+16,0.0,front_rear,56489412488.32068,144105015408.82465,200594427897.14532,9.80665,-4.568512381542528e-17,9.80665,28512657044.716164,0.0,0.0,0.4318181818181818,1.6568535641845,0.5,0.2563338212166034,0.46288087904409886,9589228937.877195,5.890923332238844,28
True,Optimization terminated successfully,10.0,3.162277660168379e+16,0.0,front_rear,53202671190.36201,83503252703.51543,136705923893.87744,9.806650000000001,-2.6368971185460517e-17,9.806650000000001,29380689738.762154,-1.9738336657885852e-06,6.718132499062785e-17,0.4196067701206045,1.7006012960879706,0.5000000000000001,0.470303395287747,0.470303395287747,9589228937.8772,5.5481698825870005,42
True,Optimization terminated successfully,10.0,5.623413251903491e+16,0.0,front_rear,49040877366.76384,50133296558.80226,99174173925.5661,9.806649999999998,-1.5524866864009306e-17,9.806649999999998,31367857554.557804,-1.9738336657885852e-06,6.292535798326411e-17,0.3986818594491961,1.780480430261248,0.5000000000000001,0.40474144036919624,0.47653618635406164,9589228937.87719,5.114162742851381,49
True,Optimization terminated successfully,10.0,1e+17,0.0,front_rear,47239512981.63054,29488951552.059856,76728464533.6904,9.80665,-8.997603476818339e-18,9.80665,32810883597.361843,0.0,0.0,0.38724202361869703,1.835000428651648,0.5000000000000001,0.35579695889510937,0.48014863477325537,9589228937.877195,4.92630985115349,51
True,Optimization terminated successfully,10.0,1.778279410038923e+17,0.0,front_rear,46669311216.37623,16993506139.187216,63662817355.563446,9.806649999999998,-5.144395921257142e-18,9.806649999999998,33623396878.957783,-1.9738336657885852e-06,5.870417176748288e-17,0.3812266612689151,1.865708135573268,0.5,0.33006576833264023,0.482046599990833,9589228937.87719,4.866847117606478,52
True,Optimization terminated successfully,10.0,3.1622776601683795e+17,0.0,front_rear,46336777455.82487,9816926249.619555,56153703705.44442,9.806650000000001,-2.9451604114185647e-18,9.806650000000001,34540937627.00091,-3.9476673315771705e-06,1.1428952433796265e-16,0.3760783158367191,1.8994080495666181,0.49999999999999994,0.31051438714904744,0.46898623626442687,9589228937.8772,4.832169276175671,56
True,Optimization terminated successfully,10.0,5.6234132519034906e+17,0.0,front_rear,46142699679.60897,5660237473.900356,51802937153.50932,9.806649999999998,-1.6834405046270693e-18,9.806649999999998,35415489304.204315,0.0,0.0,0.3720727292442384,1.9306657507937903,0.5,0.2957259613674254,0.4511395520443322,9589228937.87719,4.811930133125363,61
True,Optimization terminated successfully,10.0,1e+18,0.0,front_rear,46077602103.40257,3230212571.475926,49307814674.8785,9.806649999999998,-9.565043380848418e-19,9.806649999999998,35940961987.177925,-3.9476673315771705e-06,1.0983755340175691e-16,0.36951485549519275,1.9507259626576703,0.5,0.28762279986817435,0.44139131127243914,9589228937.87719,4.805141518876176,65
