E_over_Qm,V_classical_eV,V_cutoff_eV,V_payload_reaction_eV,V_required_eV,V_self_eV,V_source_reaction_eV,activation_charge,activation_energy_GJ,activation_energy_J,activation_energy_fraction,candidate_pass,cutoff_GeV,cutoff_eV,f_leak_10m,m_A_eV,metric_gradient_relerr_max,metric_operator_scale_eV,mu_mA_over_mX,omega_activation,payload_f_min,payload_f_volume_mean,payload_reaction_ratio,self_coupling_est,source_f_min,source_reaction_ratio
0.2540468430432572,7.090031211028554e-07,14.58108242865562,8.526902998341486e-67,14.58108242865562,1.591628347919973e-06,1.5308505976565545e-89,4.2294435825542745e+20,8.66461156365181e-15,8.66461156365181e-06,7.128223671756449e-17,True,0.001,1000000.0,7.478578201158825e-09,5.033170767918036e-07,0.0,1000000.0,0.08417228855608394,0.2,1.0,1.0,3.4198189524326548e-136,1.1915267616572027e-15,1.0,1.1022651736713686e-181
0.2540468430432572,7.30785403214806e-07,14.58108242865562,1.136238153849327e-65,14.58108242865562,1.6405270010568486e-06,1.6252400832730423e-89,3.981069889896058e+20,8.406348313401235e-15,8.406348313401236e-06,6.915755034188926e-17,True,0.001,1000000.0,1.5157802790710662e-09,5.1878018863451e-07,0.0,1000000.0,0.08675826382299838,0.2,1.0,1.0,6.072383711167825e-134,1.2658645426755643e-15,1.0,1.2423830550613873e-181
0.2540468430432572,7.532368894527787e-07,14.58108242865562,1.7258829814634122e-64,14.58108242865562,1.690927938493778e-06,1.7408032713443993e-89,3.747281919922294e+20,8.155783031598524e-15,8.155783031598524e-06,6.709619379988445e-17,True,0.001,1000000.0,2.930654607880001e-10,5.347183644853445e-07,0.0,1000000.0,0.08942368647331904,0.2,1.0,1.0,1.4010162171627312e-131,1.3448401596742513e-15,1.0,1.425344545534206e-181
0.2540468430432572,7.763781393779791e-07,14.58108242865562,3.0012497064253956e-63,14.58108242865562,1.7428773140197377e-06,1.8831193879825754e-89,3.5272231273847744e+20,7.912686267409438e-15,7.912686267409438e-06,6.509627943985778e-17,True,0.001,1000000.0,5.397282620833721e-11,5.511461994538886e-07,0.0,1000000.0,0.09217099732185598,0.2,1.0,1.0,4.236670911723645e-129,1.4287429611149147e-15,1.0,1.6679236983796285e-181
0.2540468430432572,8.002303441908107e-07,14.58108242865562,6.000113476322372e-62,14.58108242865562,1.7964226993791749e-06,2.059866720881576e-89,3.320087267577674e+20,7.676835409165894e-15,7.676835409165894e-06,6.315597587473507e-17,True,0.001,1000000.0,9.45410416619552e-12,5.680787370466141e-07,0.0,1000000.0,0.0950027121711242,0.2,1.0,1.0,1.693321403273555e-126,1.517880347527592e-15,1.0,1.995715876383785e-181
0.2540468430432572,8.248153461363507e-07,14.58108242865562,1.3845588382829955e-60,14.58108242865562,1.8516131278350073e-06,2.2819345013323704e-89,3.12511544244275e+20,7.448014480513176e-15,7.4480144805131754e-06,6.127350630499921e-17,True,0.001,1000000.0,1.5726309143815342e-12,5.855314829427141e-07,0.0,1000000.0,0.09792142411514633,0.2,1.0,1.0,9.016610353943131e-124,1.6125788977554078e-15,1.0,2.449214484266268e-181
0.2540468430432572,8.501556585060075e-07,14.58108242865562,3.7014428475440905e-59,14.58108242865562,1.9084991390699873e-06,2.565325775742667e-89,2.941593320141747e+20,7.226013942633324e-15,7.226013942633325e-06,5.944714689161673e-17,True,0.001,1000000.0,2.4802382370125997e-13,6.035204191931607e-07,0.0,1000000.0,0.10092980591403355,0.2,1.0,1.0,6.444104371671776e-121,1.7131855654641933e-15,1.0,3.095319755377559e-181
0.2540468430432572,8.762744862536817e-07,14.58108242865562,1.1502919825193331e-57,14.58108242865562,1.9671328254675488e-06,2.9350400214736993e-89,2.7688485179091314e+20,7.010630502363568e-15,7.010630502363568e-06,5.767522517746183e-17,True,0.001,1000000.0,3.708144902248023e-14,6.220620188559933e-07,0.0,1000000.0,0.10403061244151983,0.2,1.0,1.0,6.223528108871281e-118,1.8200689503007763e-15,1.0,4.0518048964489607e-181
0.2540468430432572,9.031957472453002e-07,14.58108242865562,4.1679018551423025e-56,14.58108242865562,2.0275678798145043e-06,3.4345169451274846e-89,2.6062481385965912e+20,6.801666926034114e-15,6.801666926034114e-06,5.595611855579269e-17,True,0.001,1000000.0,5.218048215738236e-15,6.411732610812372e-07,0.0,1000000.0,0.10722668320768988,0.2,1.0,1.0,8.170627987128735e-115,1.933620648357141e-15,1.0,5.548196022641818e-181
0.2540468430432572,9.309440941611905e-07,14.58108242865562,1.7651620109524988e-54,14.58108242865562,2.0898596444692916e-06,4.6795154666511225e-89,2.4531964518837256e+20,6.598931858854825e-15,6.598931858854825e-06,5.4288252784377217e-17,True,0.001,1000000.0,6.661338147750939e-16,6.608716466592673e-07,0.0,1000000.0,0.11052094495921158,0.2,1.0,1.0,1.4655127939205538e-111,2.0542566868882744e-15,1.0,1.0299644711865625e-180
0.2540468430432572,9.595449370713468e-07,14.58108242865562,8.754813809063772e-53,14.58108242865562,2.1540651620407816e-06,6.917640999082582e-89,2.3091327116594348e+20,6.4022396496853665e-15,6.402239649685366e-06,5.267010054390808e-17,True,0.001,1000000.0,1.1102230246251565e-16,6.811752140468544e-07,0.0,1000000.0,0.11391641435945368,0.2,1.0,1.0,3.6050749512902674e-108,2.1824190485401555e-15,1.0,2.2507979434906757e-180
0.2540468430432572,9.89024466704263e-07,14.58108242865562,5.0915796612194684e-51,14.58108242865562,2.2202432276240635e-06,1.0491152739223703e-88,2.1735291015773828e+20,6.211410181028383e-15,6.211410181028383e-06,5.110018003938622e-17,True,0.001,1000000.0,0.0,7.021025558855714e-07,0.0,1000000.0,0.11741620075094333,0.2,1.0,1.0,1.2193420633134589e-104,2.3185772906723213e-15,1.0,5.17686559418356e-180
0.2540468430432572,1.0194096784306418e-06,14.58108242865562,3.473879075243628e-49,14.58108242865562,2.2884544426410408e-06,1.6347485563456674e-88,2.045888801258531e+20,6.0262687040899995e-15,6.026268704089999e-06,4.9577053643192736e-17,True,0.001,1000000.0,0.0,7.236728360276843e-07,0.0,1000000.0,0.12102350900269279,0.2,1.0,1.0,5.676097714055255e-101,2.4632302657078338e-15,1.0,1.2569627130846947e-179
0.2540468430432572,1.0507283969839379e-06,14.58108242865562,2.7794767355611445e-47,14.58108242865562,2.358761270335135e-06,2.621390670981898e-88,1.9257441660557633e+20,5.846645678756635e-15,5.846645678756635e-06,4.809932657860618e-17,True,0.001,1000000.0,0.0,7.459058070851185e-07,0.0,1000000.0,0.12474164244500298,0.2,1.0,1.0,3.6336789786360797e-97,2.616907948813594e-15,1.0,3.232093894816185e-179
0.2540468430432572,1.0830093019403792e-06,14.58108242865562,2.6043031015772723e-45,14.58108242865562,2.431228092970925e-06,4.3330494376165034e-88,1.812655013711657e+20,5.672376618341564e-15,5.672376618341564e-06,4.6665645642559794e-17,True,0.001,1000000.0,0.0,7.688218285175729e-07,0.0,1000000.0,0.1285740058944312,0.2,1.0,1.0,3.1900943370321676e-93,2.780173379607233e-15,1.0,8.830956755201222e-179
0.2540468430432572,1.1162819539817932e-06,14.58108242865562,2.8503820759126584e-43,14.58108242865562,2.5059212707910965e-06,7.396120578008565e-88,1.706207011632127e+20,5.503301938959074e-15,5.503301938959074e-06,4.5274697966469223e-17,True,0.001,1000000.0,0.0,7.92441885276344e-07,0.0,1000000.0,0.1325241087716931,0.2,1.0,1.0,3.821436316678642e-89,2.9536247250045245e-15,1.0,2.572932752455996e-178
0.2540468430432572,1.1505768219652916e-06,14.58108242865562,3.630375344707258e-41,14.58108242865562,2.5829092027846854e-06,1.3060838135260827e-87,1.606010158867282e+20,5.3392668133882714e-15,5.339266813388271e-06,4.392520981399568e-17,True,0.001,1000000.0,0.0,8.167876070209329e-07,0.0,1000000.0,0.13659556831535435,0.2,1.0,1.0,6.199027000892855e-85,3.1378974707651198e-15,1.0,8.023476117791441e-178
0.2540468430432572,1.1859253108246002e-06,14.58108242865562,5.3528034038289763e-39,14.58108242865562,2.6622623893222763e-06,2.3908138166708585e-87,1.511697357237813e+20,5.180121029292729e-15,5.180121029292728e-06,4.261594541464392e-17,True,0.001,1000000.0,0.0,8.418812879260327e-07,0.0,1000000.0,0.14079211289425417,0.2,1.0,1.0,1.3476684332205382e-80,3.3336667497659345e-15,1.0,2.6885120280402275e-177
0.2540468430432572,1.2223597903285859e-06,14.58108242865562,9.07539381182317e-37,14.58108242865562,2.7440534967154976e-06,4.545936479236514e-87,1.4229230663718581e+20,5.025718851666125e-15,5.025718851666125e-06,4.13457058321267e-17,True,0.001,1000000.0,0.0,8.677459070970343e-07,0.0,1000000.0,0.145117585421695,0.2,1.0,1.0,3.8739269679076536e-76,3.5416498155324313e-15,1.0,9.720020834376482e-177
0.2540468430432572,1.259913624723314e-06,14.58108242865562,1.7544596631681461e-34,14.58108242865562,2.828357423759946e-06,8.997982182768144e-87,1.3393620377247064e+20,4.875918889377933e-15,4.875918889377933e-06,4.0113327866459564e-17,True,0.001,1000000.0,0.0,8.944051496127467e-07,0.0,1000000.0,0.14957594687452402,0.2,1.0,1.0,1.4477955765704089e-71,3.762608670090256e-15,1.0,3.8081208971125624e-176
0.2540468430432572,1.2986212032847793e-06,14.58108242865562,3.8278820331317485e-32,14.58108242865562,2.9152513703224606e-06,1.858232220724701e-86,1.2607081229430817e+20,4.730583965696926e-15,4.730583965696926e-06,3.8917682988780544e-17,True,0.001,1000000.0,0.0,9.218834282145973e-07,0.0,1000000.0,0.1541712799203292,0.2,1.0,1.0,6.89187767446044e-67,3.9973528557650575e-15,1.0,1.6241287053990802e-175
0.2540468430432572,1.3385179718102963e-06,14.58108242865562,9.311052004452877e-30,14.58108242865562,3.004814908035579e-06,4.013526614069704e-86,1.186673152208119e+20,4.5895809926739534e-15,4.589580992673953e-06,3.775767630791927e-17,True,0.001,1000000.0,0.0,9.502059056621815e-07,0.0,1000000.0,0.15890779265607205,0.2,1.0,1.0,4.077725381302088e-62,4.246742421159036e-15,1.0,7.576572165422845e-175
0.2540468430432572,1.3796404650773716e-06,14.58108242865562,2.4890860149428268e-27,14.58108242865562,3.0971300531638755e-06,9.088927786626636e-86,1.1169858784475614e+20,4.452780849268949e-15,4.4527808492689485e-06,3.663224556776934e-17,True,0.001,1000000.0,0.0,9.79398517775623e-07,0.0,1000000.0,0.1637898224615794,0.2,1.0,1.0,2.914072008481479e-57,4.511691072170811e-15,1.0,3.885489821212649e-174
0.2540468430432572,1.4220263402997998e-06,14.58108242865562,7.192762581526858e-25,14.58108242865562,3.1922813417089495e-06,2.1637188966322685e-85,1.0513909835489862e+20,4.320058263110564e-15,4.320058263110564e-06,3.554036017454556e-17,True,0.001,1000000.0,0.0,1.0094879971858551e-06,0.0,1000000.0,0.16882183997142453,0.2,1.0,1.0,2.4333911293027067e-52,4.7931695196032975e-15,1.0,2.202024495291273e-173
0.2540468430432572,1.4657144116116057e-06,14.58108242865562,2.204834060219078e-22,14.58108242865562,3.2903559068218043e-06,5.429823120421371e-85,9.896481429330806e+19,4.19129169578016e-15,4.19129169578016e-06,3.4481020253035495e-17,True,0.001,1000000.0,0.0,1.0405018978145662e-06,0.0,1000000.0,0.17400845316883332,0.2,1.0,1.0,2.2865056997630514e-47,5.092209035624392e-15,1.0,1.3867297562445748e-172
0.2540468430432572,1.5107446856104194e-06,14.58108242865562,7.018682439494266e-20,14.58108242865562,3.3914435585935347e-06,1.4405124734711276e-84,9.315311450597604e+19,4.066363231515085e-15,4.066363231515085e-06,3.3453255730980954e-17,True,0.001,1000000.0,0.0,1.0724686201062285e-06,0.0,1000000.0,0.17935441160536578,0.2,1.0,1.0,2.317029996257819e-42,5.409905232110554e-15,1.0,9.760105592767099e-172
0.2540468430432572,1.5571583979928252e-06,14.58108242865562,2.2659977383056103e-17,14.58108242865562,3.4956368662973587e-06,4.052290667298703e-84,8.768270626412172e+19,3.945158469229366e-15,3.945158469229366e-06,3.2456125450751124e-17,True,0.001,1000000.0,0.0,1.1054174370353137e-06,0.0,1000000.0,0.18486461075023553,0.2,1.0,1.0,2.4151238901363456e-37,5.747422074716242e-15,1.0,7.72363334007702e-171
0.2540468430432572,1.604998051315243e-06,14.58108242865562,7.22876811630185e-15,14.58108242865562,3.6030312431573415e-06,1.2125476787598258e-83,8.253354725254003e+19,3.827566417752873e-15,3.8275664177528726e-06,3.148871630749362e-17,True,0.001,1000000.0,0.0,1.1393785209125165e-06,0.0,1000000.0,0.19054409647325168,0.2,1.0,1.0,2.4578142465438285e-32,6.105996147375864e-15,1.0,6.915412951294823e-170
0.2540468430432572,1.6543074539149066e-06,14.58108242865562,2.2147455972176967e-12,14.58108242865562,3.7137250337214004e-06,3.871965254103111e-83,7.768677213917764e+19,3.713479394193081e-15,3.713479394193081e-06,3.0550142412974576e-17,True,0.001,1000000.0,0.0,1.1743829710145246e-06,0.0,1000000.0,0.19639806966548662,0.2,1.0,1.0,2.3071092680894016e-27,6.48694118286233e-15,1.0,7.051530239566454e-169
0.2540468430432572,1.7051317600265996e-06,14.58108242865562,6.32005538212357e-10,14.58108242865562,3.827819603918642e-06,1.323962636957137e-82,7.312462345690296e+19,3.6027929253263066e-15,3.6027929253263064e-06,2.963954428434163e-17,True,0.001,1000000.0,0.0,1.2104628420626495e-06,0.0,1000000.0,0.20243189100190292,0.2,1.0,1.0,1.8787207747521345e-22,6.891652876001243e-15,1.0,8.244644389402664e-168
0.2540468430432572,1.7575175111318583e-06,14.58108242865562,1.6257383430599398e-07,14.58108242865562,3.9454194338834435e-06,4.8648152234618375e-82,6.883038654423945e+19,3.49540565192817e-15,3.4954056519281697e-06,2.8756088057067483e-17,True,0.001,1000000.0,0.0,1.2476511735763788e-06,0.0,1000000.0,0.20865108585029815,0.2,1.0,1.0,1.243144941766574e-17,7.321613997175056e-15,1.0,1.1131486622179497e-166
0.2540468430432572,1.8115126785785379e-06,14.58108242865562,3.642006941413562e-05,14.58108242865562,4.066632213631354e-06,1.9279461848596712e-81,6.478832830669686e+19,3.391219235955619e-15,3.391219235955619e-06,2.789896472135271e-17,True,0.001,1000000.0,0.0,1.2859820201287514e-06,0.0,1000000.0,0.21506134933106594,0.2,1.0,1.0,6.238813571414465e-13,7.77839982485213e-15,1.0,1.748277161377513e-165
0.2540468430432572,1.8671667075097422e-06,14.58108242865562,0.0068550739211948085,14.58108242865562,4.19156894167435e-06,8.27196863670181e-81,6.098363957433914e+19,3.2901382704955784e-15,3.2901382704955784e-06,2.7067389381289132e-17,True,0.001,1000000.0,0.0,1.3254904825312413e-06,0.0,1000000.0,0.22166855153240345,0.2,1.0,1.0,2.210267075891751e-08,8.263683917043982e-15,1.0,3.218386723835221e-164
0.2540468430432572,1.924530562142364e-06,14.58108242865562,1.0449247605913907,14.58108242865562,4.320344026665824e-06,3.857536377420822e-80,5.740238084439792e+19,3.1920701923976987e-15,3.1920701923976987e-06,2.6260600536104775e-17,True,0.001,1000000.0,0.0,1.3662127399767237e-06,0.0,1000000.0,0.2284787428857442,0.2,1.0,1.0,0.0005135591963212816,8.779244242836233e-15,1.0,6.999073114563487e-163
0.2540468430432572,1.9836567724366815e-06,14.58108242865562,124.28928838481936,124.28928838481936,4.453075392168321e-06,1.9631440402108788e-79,3.9258558065397355e+21,2.2501868813694403e-13,0.00022501868813694403,1.8511892051734715e-15,True,0.001,1000000.0,0.0,1.4081860831699427e-06,0.0,2919590.677199329,0.2354981597063354,0.2,1.0,1.0,0.09999999999999999,1.2836679348074586e-16,1.0,2.494806855955792e-163
0.2540468430432572,2.044599482199773e-06,14.58108242865562,11119.670906882413,11119.670906882413,4.58988458464002e-06,1.0948084275170318e-78,2.957790267193109e+25,1.7474040453509325e-09,1.7474040453509325,1.4375586012933516e-11,True,0.001,1000000.0,0.0,1.4514489484758355e-06,0.0,27615383.871633183,0.24273322990403684,0.2,1.0,1.0,0.1,1.7038041105987966e-20,1.0,9.693762946270742e-166
0.2540468430432572,2.107414498666762e-06,14.58108242865562,722119.8922755504,722119.8922755504,4.730896884738789e-06,6.719175138715903e-78,1.174136773470102e+29,7.149676117527496e-06,7149.676117527496,5.881912901917972e-08,True,0.001,1000000.0,0.0,1.4960409531169653e-06,0.0,222540865.00799435,0.2501905788695678,0.2,1.0,1.0,0.1,4.2920853254930085e-24,1.0,8.657914751516627e-168
0.2540468430432572,2.2388933059903357e-06,14.58108242865562,1022058960.7229432,1022058960.7229432,5.02605129331374e-06,3.4326953418145344e-76,2.0839394907930036e+35,13.481437954259135,13481437954.259136,0.11090942098085674,True,0.001,1000000.0,0.0,1.589376972370643e-06,7.133123877832633e-11,8372267435.121255,0.2657996386602145,0.2,0.999999999999016,0.9999999999999926,0.1,2.418254098930218e-30,1.0,1.128024730240146e-170
0.2540468430432572,2.3076774962965497e-06,14.58108242865562,21055759303.55511,21055759303.55511,5.180463684347785e-06,2.8830338888881574e-75,8.325140751742306e+37,5551.16855706945,5551168557069.45,45.66848822214862,True,0.001,1000000.0,0.0,1.6382064578326576e-06,3.055510117141251e-08,38000610263.647934,0.2739656432125574,0.2,0.9999999995178098,0.9999999999954603,0.09999999999999999,6.053345361732238e-33,1.0,1.8748118073518131e-171
0.2540468430432572,2.3785749024596447e-06,14.58108242865562,281992821012.02954,281992821012.02954,5.339619995631228e-06,2.712604516147201e-74,1.4055375095737054e+40,965999.6899336649,965999689933664.9,7947.109695696971,True,0.001,1000000.0,0.0,1.688536102597301e-06,5.539057136765309e-06,139067018422.45602,0.2823825270764187,0.2,0.9999998973458363,0.9999999987272703,0.09999999999999998,3.585457649622737e-35,1.0,9.253304559448203e-172
0.2540468430432572,2.4516504475562432e-06,14.58108242865562,2421937865098.385,2421937865098.385,5.503665971810474e-06,2.8722562937261145e-73,9.759080395427116e+41,69132961.22844943,6.913296122844944e+16,568744.7234155749,True,0.001,1000000.0,0.0,1.7404119951685156e-06,0.00041508871740329533,407555366416.2519,0.29105799786799463,0.2,0.999990664938348,0.9999998405423101,0.09999999999999999,5.1639037812355e-37,1.0,1.406437330761954e-171
0.2540468430432572,2.5269710492561233e-06,14.58108242865562,13272817375353.404,13272817375353.404,5.672751835158214e-06,3.438227716859254e-72,2.7588348597694156e+43,2014390599.7775085,2.0143905997775086e+18,16572037.479134165,False,0.001,1000000.0,0.0,1.7938816399999998e-06,0.012779587594150911,954084140803.143,0.3,0.2,0.9996362557083119,0.9999909923377344,0.1,1.8266751986575723e-38,1.0,6.710316989213033e-171
0.3154833644589709,1.0514279023563288e-06,14.58108242865562,7.438003922660618e-28,14.58108242865562,1.4101807991949436e-06,6.656429797370557e-44,1.9231826584319977e+20,4.334930996672808e-15,4.334930996672808e-06,3.5662715540003437e-17,True,0.001,1000000.0,2.8515099170789426e-09,4.4593832380925616e-07,0.0,1000000.0,0.07457654627803474,0.25,1.0,1.0,2.602155681600867e-58,9.353411987037352e-16,1.0,2.0840262353683113e-90
0.3154833644589709,1.0837302978011854e-06,14.58108242865562,3.88605930172551e-27,14.58108242865562,1.4535049469774526e-06,6.783107515003185e-44,1.810243930391908e+20,4.2057211226249944e-15,4.205721122624995e-06,3.459972861203074e-17,True,0.001,1000000.0,6.996563328698358e-10,4.596386222771023e-07,0.0,1000000.0,0.07686771724980178,0.25,1.0,1.0,7.10295915364921e-57,9.93695900791991e-16,1.0,2.164102723304295e-90
0.3154833644589709,1.117025100570536e-06,14.58108242865562,2.1977588900837412e-26,14.58108242865562,1.4981601168403588e-06,6.94431079790635e-44,1.7039375189627175e+20,4.080362565141219e-15,4.080362565141219e-06,3.356842578864545e-17,True,0.001,1000000.0,1.647234570967271e-10,4.737598268839516e-07,0.0,1000000.0,0.07922927850757505,0.25,1.0,1.0,2.2718547462154688e-55,1.0556912756748681e-15,1.0,2.268186542553436e-90
0.3154833644589709,1.151342799805639e-06,14.58108242865562,1.348110168348935e-25,14.58108242865562,1.5441872009851054e-06,7.145529036652423e-44,1.603873941950052e+20,3.958740529285062e-15,3.958740529285062e-06,3.256786267207836e-17,True,0.001,1000000.0,3.7165159838536965e-11,4.883148688793138e-07,0.0,1000000.0,0.08166339261033641,0.25,1.0,1.0,8.548132370253481e-54,1.1215544601198093e-15,1.0,2.401536803373057e-90
0.3154833644589709,1.1867148213475453e-06,14.58108242865562,8.985003781910905e-25,14.58108242865562,1.591628347919973e-06,7.393641889740111e-44,1.5096865894662442e+20,3.8407436417753215e-15,3.840743641775321e-06,3.159712301391644e-17,True,0.001,1000000.0,8.025247133502944e-12,5.033170767918036e-07,0.0,1000000.0,0.08417228855608394,0.25,1.0,1.0,3.797143396778139e-52,1.1915267616572027e-15,1.0,2.5712084891736665e-90
0.3154833644589709,1.2231735565147707e-06,14.58108242865562,6.5167246477262985e-24,14.58108242865562,1.6405270010568486e-06,7.697288894400098e-44,1.4210303807561926e+20,3.726263848997852e-15,3.7262638489978513e-06,3.065531787606419e-17,True,0.001,1000000.0,1.656341730438271e-12,5.1878018863451e-07,0.0,1000000.0,0.08675826382299838,0.25,1.0,1.0,1.9974651549851675e-50,1.2658645426755643e-15,1.0,2.7867373822061805e-90
0.3154833644589709,1.2607523917650849e-06,14.58108242865562,5.1500040996077797e-23,14.58108242865562,1.690927938493778e-06,8.067488170580178e-44,1.3375804999009966e+20,3.61519631805734e-15,3.61519631805734e-06,2.974158481671396e-17,True,0.001,1000000.0,3.262945469373335e-13,5.347183644853445e-07,0.0,1000000.0,0.08942368647331904,0.25,1.0,1.0,1.2474858245324086e-48,1.3448401596742513e-15,1.0,3.0612383428981395e-90
0.3154833644589709,1.2994857392685849e-06,14.58108242865562,4.43872618936607e-22,14.58108242865562,1.7428773140197377e-06,8.51837723351371e-44,1.2590312057672771e+20,3.5074393407783866e-15,3.5074393407783865e-06,2.8855087100579724e-17,True,0.001,1000000.0,6.128431095930864e-14,5.511461994538886e-07,0.0,1000000.0,0.09217099732185598,0.25,1.0,1.0,9.266957709467303e-47,1.4287429611149147e-15,1.0,3.4129836463883577e-90
0.3154833644589709,1.3394090684200488e-06,14.58108242865562,4.1746522217878034e-21,14.58108242865562,1.7964226993791749e-06,9.068553371766798e-44,1.185094711842115e+20,3.4028942405679897e-15,3.4028942405679897e-06,2.7995012932671135e-17,True,0.001,1000000.0,1.099120794378905e-14,5.680787370466141e-07,0.0,1000000.0,0.0950027121711242,0.25,1.0,1.0,8.197115846525013e-45,1.517880347527592e-15,1.0,3.8680893416824466e-90
0.3154833644589709,1.3805589383194198e-06,14.58108242865562,4.284889948557548e-20,14.58108242865562,1.8516131278350073e-06,9.742506336325109e-44,1.1155001318495882e+20,3.3014652820541643e-15,3.301465282054164e-06,2.7160574714906256e-17,True,0.001,1000000.0,1.887379141862766e-15,5.855314829427141e-07,0.0,1000000.0,0.09792142411514633,0.25,1.0,1.0,8.635745085691711e-43,1.6125788977554078e-15,1.0,4.464387296427448e-90
0.3154833644589709,1.42297303125017e-06,14.58108242865562,4.797810260315222e-19,14.58108242865562,1.9084991390699873e-06,1.0573487237009782e-43,1.0499924872858834e+20,3.2030595834179313e-15,3.2030595834179315e-06,2.635100832488232e-17,True,0.001,1000000.0,3.3306690738754696e-16,6.035204191931607e-07,0.0,1000000.0,0.10092980591403355,0.25,1.0,1.0,1.0826961876328263e-40,1.7131855654641933e-15,1.0,5.258440456874646e-90
0.3154833644589709,1.466690187186204e-06,14.58108242865562,5.8547492313652646e-18,14.58108242865562,1.9671328254675488e-06,1.1607426873688802e-43,9.883317732368074e+19,3.1075870313383883e-15,3.107587031338388e-06,2.55655724161437e-17,True,0.001,1000000.0,0.0,6.220620188559933e-07,0.0,1000000.0,0.10403061244151983,0.25,1.0,1.0,1.6122673765222432e-38,1.8200689503007763e-15,1.0,6.337126586970565e-90
0.3154833644589709,1.5117504393588944e-06,14.58108242865562,7.773803914632128e-17,14.58108242865562,2.0275678798145043e-06,1.2909924558816109e-43,9.302920790550926e+19,3.014960198472989e-15,3.014960198472989e-06,2.480354773930673e-17,True,0.001,1000000.0,0.0,6.411732610812372e-07,0.0,1000000.0,0.10722668320768988,0.25,1.0,1.0,2.842415963225335e-36,1.933620648357141e-15,1.0,7.839130216874303e-90
0.3154833644589709,1.5581950509168221e-06,14.58108242865562,1.1204831776863576e-15,14.58108242865562,2.0898596444692916e-06,1.457822144342136e-43,8.756607606758418e+19,2.9250942633974665e-15,2.9250942633974666e-06,2.4064236483419472e-17,True,0.001,1000000.0,0.0,6.608716466592673e-07,0.0,1000000.0,0.11052094495921158,0.25,1.0,1.0,5.905152954692081e-34,2.0542566868882744e-15,1.0,9.996076142401288e-90
0.3154833644589709,1.6060665527117929e-06,14.58108242865562,1.747691897543946e-14,14.58108242865562,2.1540651620407816e-06,1.6766213742046058e-43,8.242376615376776e+19,2.8379069329320786e-15,2.8379069329320786e-06,2.3346961636953424e-17,True,0.001,1000000.0,0.0,6.811752140468544e-07,0.0,1000000.0,0.11391641435945368,0.25,1.0,1.0,1.4366474801354527e-31,2.1824190485401555e-15,1.0,1.3221796442103172e-89
0.3154833644589709,1.6554087822457314e-06,14.58108242865562,2.9381526146741025e-13,14.58108242865562,2.2202432276240635e-06,1.9750210665640498e-43,7.758343792552247e+19,2.7533183667830412e-15,2.753318366783041e-06,2.2651066367841812e-17,True,0.001,1000000.0,0.0,7.021025558855714e-07,0.0,1000000.0,0.11741620075094333,0.25,1.0,1.0,4.060403285263734e-29,2.3185772906723213e-15,1.0,1.834695241639574e-89
0.3154833644589709,1.706266923814118e-06,14.58108242865562,5.297642960166539e-12,14.58108242865562,2.2884544426410408e-06,2.7688018426994668e-43,7.302735753561833e+19,2.6712511044301635e-15,2.6712511044301634e-06,2.197591342199703e-17,True,0.001,1000000.0,0.0,7.236728360276843e-07,0.0,1000000.0,0.12102350900269279,0.25,1.0,1.0,1.320036197183765e-26,2.4632302657078338e-15,1.0,3.6058214712995955e-89
0.3154833644589709,1.758687549882726e-06,14.58108242865562,1.0183380145799264e-10,14.58108242865562,2.358761270335135e-06,4.09682624259734e-43,6.873883255540351e+19,2.5916299941937107e-15,2.5916299941937106e-06,2.1320884539756162e-17,True,0.001,1000000.0,0.0,7.459058070851185e-07,0.0,1000000.0,0.12474164244500298,0.25,1.0,1.0,4.8775797884937326e-24,2.616907948813594e-15,1.0,7.894335133922991e-89
0.3154833644589709,1.8127186637355563e-06,14.58108242865562,2.0721693706659186e-09,14.58108242865562,2.431228092970925e-06,6.2153979553596394e-43,6.4702150817592164e+19,2.5143821244155476e-15,2.5143821244155476e-06,2.0685379889720373e-17,True,0.001,1000000.0,0.0,7.688218285175729e-07,0.0,1000000.0,0.1285740058944312,0.25,1.0,1.0,2.0196260779514845e-21,2.780173379607233e-15,1.0,1.8170143240597324e-88
0.3154833644589709,1.8684097434330145e-06,14.58108242865562,4.426871803802782e-08,14.58108242865562,2.5059212707910965e-06,9.681935775786486e-43,6.0902522850504155e+19,2.439436756691548e-15,2.439436756691548e-06,2.006881751946964e-17,True,0.001,1000000.0,0.0,7.92441885276344e-07,0.0,1000000.0,0.1325241087716931,0.25,1.0,1.0,9.217525781099364e-19,2.9536247250045245e-15,1.0,4.409048384358191e-88
0.3154833644589709,1.925811787120592e-06,14.58108242865562,9.83527868572043e-07,14.58108242865562,2.5829092027846854e-06,1.5508233853193358e-42,5.7326027692849005e+19,2.3667252610941222e-15,2.366725261094122e-06,1.9470632822649902e-17,True,0.001,1000000.0,0.0,8.167876070209329e-07,0.0,1000000.0,0.13659556831535435,0.25,1.0,1.0,4.549815756938559e-16,3.1378974707651198e-15,1.0,1.1312149922580464e-87
0.3154833644589709,1.984977359729538e-06,14.58108242865562,2.2481141432697792e-05,14.58108242865562,2.6622623893222763e-06,2.5581971079498112e-42,5.395956189053155e+19,2.2961810533255405e-15,2.2961810533255405e-06,1.8890278021944474e-17,True,0.001,1000000.0,0.0,8.418812879260327e-07,0.0,1000000.0,0.14079211289425417,0.25,1.0,1.0,2.3771532765162065e-13,3.3336667497659345e-15,1.0,3.0781407693490733e-87
0.3154833644589709,2.045960641112287e-06,14.58108242865562,0.0005223313096272238,14.58108242865562,2.7440534967154976e-06,4.352833479097659e-42,5.0790791488615735e+19,2.227739533744517e-15,2.227739533744517e-06,1.8327221667456475e-17,True,0.001,1000000.0,0.0,8.677459070970343e-07,0.0,1000000.0,0.145117585421695,0.25,1.0,1.0,1.283253886018666e-10,3.5416498155324313e-15,1.0,8.911782451497905e-87
0.3154833644589709,2.1088174756567292e-06,14.58108242865562,0.012171619615217115,14.58108242865562,2.828357423759946e-06,7.652478588654095e-42,4.780810684255589e+19,2.161338028210197e-15,2.161338028210197e-06,1.778094815004271e-17,True,0.001,1000000.0,0.0,8.944051496127467e-07,0.0,1000000.0,0.14957594687452402,0.25,1.0,1.0,6.968145535046079e-08,3.762608670090256e-15,1.0,2.7543854534004534e-86
0.3154833644589709,2.173605423424736e-06,14.58108242865562,0.2803067506855459,14.58108242865562,2.9152513703224606e-06,1.3924545025773432e-41,4.500058008313456e+19,2.096915730689399e-15,2.096915730689399e-06,1.725095722915353e-17,True,0.001,1000000.0,0.0,9.218834282145973e-07,0.0,1000000.0,0.1541712799203292,0.25,1.0,1.0,3.6956223421373236e-05,3.9973528557650575e-15,1.0,9.119740850967954e-86
0.3154833644589709,2.240383812861804e-06,14.58108242865562,6.278524670956936,14.58108242865562,3.004814908035579e-06,2.627223052046229e-41,4.235792507926764e+19,2.0344136475745324e-15,2.0344136475745323e-06,1.6736763574746118e-17,True,0.001,1000000.0,0.0,9.502059056621815e-07,0.0,1000000.0,0.15890779265607205,0.25,1.0,1.0,0.01854110784726223,4.246742421159036e-15,1.0,3.246492186678033e-85
0.3154833644589709,2.3092137951260474e-06,14.58108242865562,134.4490144469274,134.4490144469274,3.0971300531638755e-06,5.14955421312155e-41,3.389900566465576e+21,1.6781595911490456e-13,0.00016781595911490455,1.380592405641793e-15,True,0.001,1000000.0,0.0,9.79398517775623e-07,0.0,3036574.4183099563,0.1637898224615794,0.25,1.0,1.0,0.09999999999999999,5.306444651677626e-17,1.0,1.4669794264959331e-86
0.3154833644589709,2.3801584000863215e-06,14.58108242865562,2702.732173711392,2702.732173711392,3.1922813417089495e-06,1.0506308604288264e-40,1.289419703429654e+24,6.579339838131207e-11,0.06579339838131207,5.412707267275456e-13,True,0.001,1000000.0,0.0,1.0094879971858551e-06,0.0,13614654.454425463,0.16882183997142453,0.25,1.0,1.0,0.1,1.3950709519013948e-19,1.0,1.5111037503321595e-88
0.3154833644589709,2.453282594040733e-06,14.58108242865562,50034.18530344174,50034.18530344174,3.2903559068218043e-06,2.235736175000275e-40,4.159474921864344e+26,2.1876016603068925e-08,21.876016603068926,1.7997014436041415e-10,False,0.001,1000000.0,0.0,1.0405018978145662e-06,0.0,58578538.72800231,0.17400845316883332,0.25,1.0,1.0,0.10000000000000002,4.324661181651639e-22,1.0,1.9966752863066362e-90
0.3154833644589709,2.528653339208413e-06,14.58108242865562,836218.16651653,836218.16651653,3.3914435585935347e-06,4.972710793593523e-40,1.093605301864576e+29,5.92832573658543e-06,5928.32573658543,4.877129406087408e-08,True,0.001,1000000.0,0.0,1.0724686201062285e-06,0.0,239477610.7398966,0.17935441160536578,0.25,1.0,1.0,0.1,1.644863983374118e-24,1.0,3.536284581990744e-92
0.3154833644589709,2.6063396550490067e-06,14.58108242865562,12363667.984287556,12363667.984287556,3.4956368662973587e-06,1.1585366639753877e-39,2.2502597094915403e+31,0.0012573199675171697,1257319.9675171697,1.0343750426188287e-05,False,0.001,1000000.0,0.0,1.1054174370353137e-06,5.1694667039669115e-15,920828567.8776416,0.18486461075023553,0.25,0.9999999999999999,1.0,0.10000000000000002,7.993886063357895e-27,1.0,8.780614224086848e-94
0.3154833644589709,2.686412681466059e-06,14.58108242865562,158451071.53118336,158451071.53118336,3.6030312431573415e-06,2.8336090445055993e-39,3.4789236936566894e+33,0.2003548171009228,200354817.1009228,0.0016482838722978017,True,0.001,1000000.0,0.0,1.1393785209125165e-06,9.037167701571246e-13,3296497173.385471,0.19054409647325168,0.25,0.9999999999999836,0.9999999999999996,0.1,5.17065659227861e-29,1.0,3.198081294225905e-95
0.3154833644589709,2.7689457439521484e-06,14.58108242865562,1725190192.7642505,1725190192.7642505,3.7137250337214004e-06,7.292550238030274e-39,3.881906486089152e+35,23.043140708638532,23043140708.63853,0.18957186928031636,False,0.001,1000000.0,0.0,1.1743829710145246e-06,1.0981192650749858e-10,10877362641.77603,0.19639806966548662,0.25,0.9999999999978597,0.999999999999969,0.10000000000000003,4.633887960748546e-31,1.0,1.7868368403017686e-96
0.3154833644589709,2.8540144207354494e-06,14.58108242865562,15652019696.28592,15652019696.28592,3.827819603918642e-06,1.9794654522461303e-38,3.007657957731682e+37,1840.2073663773513,1840207366377.3513,15.13906262685725,True,0.001,1000000.0,0.0,1.2104628420626495e-06,9.21967537109116e-09,32763501564.03156,0.20243189100190292,0.25,0.9999999998044714,0.9999999999967942,0.09999999999999999,5.980839571334321e-33,1.0,1.5993925962185468e-97
0.3154833644589709,2.9416966119891823e-06,14.58108242865562,116208096238.0618,116208096238.0618,3.9454194338834435e-06,5.680493722842903e-38,1.5605475720965765e+39,98414.03745999697,98414037459996.97,809.6349920616786,True,0.001,1000000.0,0.0,1.2476511735763788e-06,5.162688177307879e-07,89273653946.90613,0.20865108585029815,0.25,0.9999999878955157,0.9999999997654593,0.1,1.1526928145146592e-34,1.0,2.3894579688126057e-98
0.3154833644589709,3.03207261116736e-06,14.58108242865562,694644947383.5145,694644947383.5145,4.066632213631354e-06,1.7276355071400482e-37,5.248637359778176e+40,3411680.250205202,3411680250205202.0,28067.293890006815,True,0.001,1000000.0,0.0,1.2859820201287514e-06,1.868259425712722e-05,218266235459.98108,0.21506134933106594,0.25,0.9999995065580431,0.9999999883904578,0.09999999999999999,3.4272361562812284e-36,1.0,6.185552256962146e-99
0.3154833644589709,3.125225178532129e-06,14.58108242865562,3297131880382.5,3297131880382.5,4.19156894167435e-06,5.582357508941475e-37,1.1130380419578432e+42,74571603.07022105,7.457160307022106e+16,613487.4741250854,True,0.001,1000000.0,0.0,1.3254904825312413e-06,0.00042561654020172864,475524915170.8044,0.22166855153240345,0.25,0.9999870486695289,0.9999996188214675,0.1,1.6161459943452255e-37,1.0,2.866570687164335e-99
0.3154833644589709,3.221239616940056e-06,14.58108242865562,12294714401092.89,12294714401092.89,4.320344026665824e-06,1.92115637385912e-36,1.45676945309477e+43,1005995445.3306884,1.0059954453306884e+18,8276147.746966156,False,0.001,1000000.0,0.0,1.3662127399767237e-06,0.005985810559750488,918257194803.3236,0.2284787428857442,0.25,0.9997843073861917,0.999991795109294,0.1,1.234808959813491e-38,1.0,2.441678856175017e-99
0.3760877180284293,1.429952791042766e-06,14.58108242865562,5.570419037815976e-10,14.58108242865562,1.249418489571962e-06,1.012233225560412e-21,1.0397672416700588e+20,2.4753898383645156e-15,2.475389838364516e-06,2.03645972044228e-17,True,0.001,1000000.0,5.650962253689329e-09,3.9510081777747347e-07,0.0,1000000.0,0.06607473017742801,0.3,1.0,1.0,1.4594734626865566e-22,7.342371033074915e-16,1.0,4.8192743105107144e-46
0.3760877180284293,1.4738843819965753e-06,14.58108242865562,1.6298620539328344e-09,14.58108242865562,1.2878036323248041e-06,1.0092253131075467e-21,9.78707004246895e+19,2.401606700990517e-15,2.4016067009905167e-06,1.975759629902487e-17,True,0.001,1000000.0,1.6449109851990329e-09,4.0723926571844214e-07,0.0,1000000.0,0.06810470489877618,0.3,1.0,1.0,1.2494594534397658e-21,7.800451864808104e-16,1.0,4.790675333433913e-46
0.3760877180284293,1.5191656571468294e-06,14.58108242865562,5.011742000162923e-09,14.58108242865562,1.3273680590377072e-06,1.0088252629751086e-21,9.212325237554312e+19,2.330022793522198e-15,2.330022793522198e-06,1.9168688071594266e-17,True,0.001,1000000.0,4.618525561994602e-10,4.197506359916004e-07,0.0,1000000.0,0.07019704532874317,0.3,1.0,1.0,1.1814024888888279e-20,8.287111754648833e-16,1.0,4.786878103160713e-46
0.3760877180284293,1.5658380820400875e-06,14.58108242865562,1.6210729292426497e-08,14.58108242865562,1.368148000151897e-06,1.0112657817176144e-21,8.671332269434857e+19,2.2605725642312108e-15,2.2605725642312108e-06,1.859733323958114e-17,True,0.001,1000000.0,1.2494649759275944e-10,4.3264638566843887e-07,0.0,1000000.0,0.07235366749198217,0.3,1.0,1.0,1.2360202236560332e-19,8.804133712288255e-16,1.0,4.810066651440086e-46
0.3760877180284293,1.6139443961442876e-06,14.58108242865562,5.5197648550038866e-08,14.58108242865562,1.4101807991949436e-06,1.0168381338812164e-21,8.162109064541045e+19,2.1931924152681843e-15,2.1931924152681843e-06,1.8043008594654654e-17,True,0.001,1000000.0,3.25318660898688e-11,4.4593832380925616e-07,0.0,1000000.0,0.07457654627803474,0.3,1.0,1.0,1.4330509247125839e-18,9.353411987037352e-16,1.0,4.863222276410171e-46
0.3760877180284293,1.6635286519866772e-06,14.58108242865562,1.9796349947585842e-07,14.58108242865562,1.4535049469774526e-06,1.0258810691161582e-21,7.682789946394812e+19,2.127820644424098e-15,2.1278206444240977e-06,1.7505206523584013e-17,True,0.001,1000000.0,8.142264640298436e-12,4.596386222771023e-07,0.0,1000000.0,0.07686771724980178,0.3,1.0,1.0,1.8432774690829046e-17,9.93695900791991e-16,1.0,4.950106027327096e-46
0.3760877180284293,1.7146362554941518e-06,14.58108242865562,7.480637909909864e-07,14.58108242865562,1.4981601168403588e-06,1.0388181892618944e-21,7.231618800200897e+19,2.0643973886275464e-15,2.0643973886275463e-06,1.69834345434004e-17,True,0.001,1000000.0,1.956657058599376e-12,4.737598268839516e-07,0.0,1000000.0,0.07922927850757505,0.3,1.0,1.0,2.632071832027799e-16,1.0556912756748681e-15,1.0,5.075742253593011e-46
0.3760877180284293,1.7673140075729516e-06,14.58108242865562,2.978574278958729e-06,14.58108242865562,1.5441872009851054e-06,1.0561522838413346e-21,6.806942638846901e+19,2.002864569126168e-15,2.002864569126168e-06,1.647721485041421e-17,True,0.001,1000000.0,4.5086157030027607e-13,4.883148688793138e-07,0.0,1000000.0,0.08166339261033641,0.3,1.0,1.0,4.172893872525163e-15,1.1215544601198093e-15,1.0,5.2465468438987475e-46
0.3760877180284293,1.8216101469657861e-06,14.58108242865562,1.2493679976729085e-05,14.58108242865562,1.591628347919973e-06,1.0785011560859441e-21,6.4072055467393835e+19,1.9431658383020222e-15,1.943165838302022e-06,1.5986083882674508e-17,True,0.001,1000000.0,9.947598300641403e-14,5.033170767918036e-07,0.0,1000000.0,0.08417228855608394,0.3,1.0,1.0,7.341777600579598e-14,1.1915267616572027e-15,1.0,5.470936824124995e-46
0.3760877180284293,1.8775743944256282e-06,14.58108242865562,5.5173611131233e-05,14.58108242865562,1.6405270010568486e-06,1.1066262293241994e-21,6.030942979287712e+19,1.8852465280722336e-15,1.8852465280722335e-06,1.5509591895470205e-17,True,0.001,1000000.0,2.098321516541546e-14,5.1878018863451e-07,0.0,1000000.0,0.08675826382299838,0.3,1.0,1.0,1.4318030692074084e-12,1.2658645426755643e-15,1.0,5.759998749956039e-46
0.3760877180284293,1.935257998246634e-06,14.58108242865562,0.0002562778997626082,14.58108242865562,1.690927938493778e-06,1.1414720001426905e-21,5.676776397150162e+19,1.829053599827641e-15,1.829053599827641e-06,1.504730254948411e-17,True,0.001,1000000.0,4.218847493575595e-15,5.347183644853445e-07,0.0,1000000.0,0.08942368647331904,0.3,1.0,1.0,3.08917692576664e-11,1.3448401596742513e-15,1.0,6.128454916489472e-46
0.3760877180284293,1.994713781193887e-06,14.58108242865562,0.0012503242218435166,14.58108242865562,1.7428773140197377e-06,1.1842272828717296e-21,5.3434082155834384e+19,1.7745355958636063e-15,1.7745355958636064e-06,1.4598792511222734e-17,True,0.001,1000000.0,7.771561172376096e-16,5.511461994538886e-07,0.0,1000000.0,0.09217099732185598,0.3,1.0,1.0,7.353020199706728e-10,1.4287429611149147e-15,1.0,6.596151084343e-46
0.3760877180284293,2.0559961888749347e-06,14.58108242865562,0.006395174039948527,14.58108242865562,1.7964226993791749e-06,1.2363717041476868e-21,5.029617050391165e+19,1.7216425922585015e-15,1.7216425922585014e-06,1.416365106535588e-17,True,0.001,1000000.0,1.1102230246251565e-16,5.680787370466141e-07,0.0,1000000.0,0.0950027121711242,0.3,1.0,1.0,1.9236462303464386e-08,1.517880347527592e-15,1.0,7.18982937594993e-46
0.3760877180284293,2.1191613395974128e-06,14.58108242865562,0.034210540747369136,14.58108242865562,1.8516131278350073e-06,1.299817017988354e-21,4.7342532430536655e+19,1.6703261531567454e-15,1.6703261531567454e-06,1.3741479738611239e-17,True,0.001,1000000.0,0.0,5.855314829427141e-07,0.0,1000000.0,0.09792142411514633,0.3,1.0,1.0,5.50478482486077e-07,1.6125788977554078e-15,1.0,7.9466650363311e-46
0.3760877180284293,2.1842670757584148e-06,14.58108242865562,0.19083483769361667,14.58108242865562,1.9084991390699873e-06,1.3770279035552986e-21,4.456234648644084e+19,1.6205392864145063e-15,1.6205392864145064e-06,1.3331891934879344e-17,True,0.001,1000000.0,0.0,6.035204191931607e-07,0.0,1000000.0,0.10092980591403355,0.3,1.0,1.0,1.712914909528727e-05,1.7131855654641933e-15,1.0,8.918790267484577e-46
0.3760877180284293,2.2513730168126753e-06,14.58108242865562,1.1060898878510748,14.58108242865562,1.9671328254675488e-06,1.4712154350808647e-21,4.194542671098711e+19,1.57223640056745e-15,1.57223640056745e-06,1.2934512581194827e-17,True,0.001,1000000.0,0.0,6.220620188559933e-07,0.0,1000000.0,0.10403061244151983,0.3,1.0,1.0,0.0005754416779294415,1.8200689503007763e-15,1.0,1.0180591581060381e-45
0.3760877180284293,2.3205406138680515e-06,14.58108242865562,6.633098340072032,14.58108242865562,2.0275678798145043e-06,1.5866927668636671e-21,3.948218531315752e+19,1.5253732630811487e-15,1.5253732630811487e-06,1.2548977784269849e-17,True,0.001,1000000.0,0.0,6.411732610812372e-07,0.0,1000000.0,0.10722668320768988,0.3,1.0,1.0,0.02069442395173955,1.933620648357141e-15,1.0,1.1841484578855705e-45
0.3760877180284293,2.3918332059583193e-06,14.58108242865562,40.95334768614352,40.95334768614352,2.0898596444692916e-06,1.72927750952236e-21,2.9316831782919714e+20,1.1674376611331725e-14,1.1674376611331726e-05,9.60430448642311e-17,True,0.001,1000000.0,0.0,6.608716466592673e-07,0.0,1675906.6401336917,0.11052094495921158,0.3,1.0,1.0,0.1,2.6040865987525636e-16,1.0,1.7829968235606105e-46
0.3760877180284293,2.4653160780447975e-06,14.58108242865562,258.8468487750649,258.8468487750649,2.1540651620407816e-06,1.9070879554981754e-21,1.1024034109261368e+22,4.524795227805713e-13,0.0004524795227805713,3.722469520503415e-15,True,0.001,1000000.0,0.0,6.811752140468544e-07,0.0,4213340.506027671,0.11391641435945368,0.3,1.0,1.0,0.1,6.925193446167559e-18,1.0,5.428198018838005e-48
0.3760877180284293,2.541056520799927e-06,14.58108242865562,1664.0929828901728,1664.0929828901728,2.2202432276240635e-06,2.1317683032794846e-21,4.2887084959388507e+23,1.8143732185069614e-11,0.018143732185069615,1.4926529632115872e-13,True,0.001,1000000.0,0.0,7.021025558855714e-07,0.0,10683016.81804571,0.11741620075094333,0.3,1.0,1.0,0.1,1.7801062682641462e-19,1.0,1.6410613699702078e-49
0.3760877180284293,2.619123892227542e-06,14.58108242865562,10803.209069418048,10803.209069418048,2.2884544426410408e-06,2.420771988152688e-21,1.701349262294819e+25,7.418827836001788e-10,0.7418827836001788,6.103339290952054e-12,False,0.001,1000000.0,0.0,7.236728360276843e-07,0.0,27219585.525758658,0.12102350900269279,0.3,1.0,1.0,0.10000000000000002,4.487236715923366e-21,1.0,5.0211385923907557e-51
0.3760877180284293,2.6995896811762677e-06,14.58108242865562,70255.87138196384,70255.87138196384,2.358761270335135e-06,2.8021668640715728e-21,6.772823070892297e+26,3.0440603853250775e-08,30.440603853250774,2.5042949862815386e-10,False,0.001,1000000.0,0.0,7.459058070851185e-07,0.0,69413897.44337226,0.12474164244500298,0.3,1.0,1.0,0.10000000000000002,1.127204534426535e-22,1.0,1.5908262074337537e-52
0.3760877180284293,2.782527572804196e-06,14.58108242865562,453668.75851615024,453668.75851615024,2.431228092970925e-06,3.3285037087127138e-21,2.658268180958252e+28,1.2314705853094352e-06,1231.4705853094351,1.0131092101230677e-08,False,0.001,1000000.0,0.0,7.688218285175729e-07,0.0,176390241.14453703,0.1285740058944312,0.3,1.0,1.0,0.10000000000000002,2.87192877342662e-24,1.0,5.382949981686999e-54
0.3760877180284293,2.868013516054803e-06,14.58108242865562,2881118.347937734,2881118.347937734,2.5059212707910965e-06,4.7740269521714576e-21,1.0091594909187553e+30,4.8186654599681164e-05,48186.65459968116,3.964231396374713e-07,True,0.001,1000000.0,0.0,7.92441885276344e-07,1.1748787963561161e-16,444514228.1420155,0.1325241087716931,0.3,1.0,1.0,0.1,7.5650647346417e-26,1.0,2.7456649305392778e-55
0.3760877180284293,2.956125793205879e-06,14.58108242865562,17810489.616507627,17810489.616507627,2.5829092027846854e-06,7.056270081961706e-21,3.629993901583258e+31,0.0017865475496997383,1786547.5496997384,1.4697612744593558e-05,True,0.001,1000000.0,0.0,8.167876070209329e-07,5.521930342873746e-15,1105205523.4812567,0.13659556831535435,0.3,0.9999999999999999,1.0,0.09999999999999999,2.1031321493539273e-27,1.0,1.5696349976102762e-56
0.3760877180284293,3.0469450915551765e-06,14.58108242865562,106004956.86514659,106004956.86514659,2.6622623893222763e-06,1.0682822525238028e-20,1.2103837694026668e+33,0.06140072408743034,61400724.087430336,0.0005051329672285301,True,0.001,1000000.0,0.0,8.418812879260327e-07,2.1065576818665165e-13,2696299953.861766,0.14079211289425417,0.3,0.9999999999999946,0.9999999999999998,0.1,6.307385367655795e-29,1.0,1.0155929551679667e-57
0.3760877180284293,3.1405545773084122e-06,14.58108242865562,600499490.0863736,600499490.0863736,2.7440534967154976e-06,1.658613781007268e-20,3.6560539504164672e+34,1.9116338591840671,1911633859.1840672,0.015726675831529046,True,0.001,1000000.0,0.0,8.677459070970343e-07,7.084871605666287e-12,6417434414.677492,0.145117585421695,0.3,0.9999999999998128,0.9999999999999949,0.09999999999999999,2.088141198110275e-30,1.0,7.62895851172381e-59
0.3760877180284293,3.237039971737283e-06,14.58108242865562,3199244350.7192645,3199244350.7192645,2.828357423759946e-06,2.644228904293836e-20,9.767843642047125e+35,52.64201864259057,52642018642.59057,0.4330766366853807,True,0.001,1000000.0,0.0,8.944051496127467e-07,2.0959414770626425e-10,14812515688.208559,0.14957594687452402,0.3,0.9999999999942409,0.9999999999998466,0.09999999999999999,7.815805776737896e-32,1.0,6.831298662520672e-60
0.3760877180284293,3.33648962967724e-06,14.58108242865562,15835142144.791567,15835142144.791567,2.9152513703224606e-06,4.334220236889535e-20,2.2524977908003763e+37,1251.2380029140395,1251238002914.0396,10.293715172171032,True,0.001,1000000.0,0.0,9.218834282145973e-07,5.325513635747412e-09,32954604246.94485,0.1541712799203292,0.3,0.9999999998464,0.9999999999955922,0.1,3.389284956264371e-33,1.0,7.491659302075322e-61
0.3760877180284293,3.438994620436912e-06,14.58108242865562,71926583711.08513,71926583711.08513,3.004814908035579e-06,7.314108488565409e-20,4.37437361530317e+38,25045.698210518865,25045698210518.867,206.0465579424595,False,0.001,1000000.0,0.0,9.502059056621815e-07,1.1338667958389521e-07,70234393104.16144,0.15890779265607205,0.3,0.9999999965314118,0.9999999998907754,0.10000000000000003,1.7452457306505905e-34,1.0,1.034055691601718e-61
0.3760877180284293,3.5446488111932447e-06,14.58108242865562,296184097938.14044,296184097938.14044,3.0971300531638755e-06,1.2724663379744487e-19,6.981955043468574e+39,412036.82789077197,412036827890771.94,3389.7545765670357,False,0.001,1000000.0,0.0,9.79398517775623e-07,1.974367045529172e-06,142523338322.04135,0.1637898224615794,0.3,0.9999999351799825,0.999999997720845,0.10000000000000003,1.0934411391720683e-35,1.0,1.845734071820291e-62
0.3760877180284293,3.6535489529487565e-06,14.58108242865562,1092752556661.6111,1092752556661.6111,3.1922813417089495e-06,2.2854722172960746e-19,8.945689110927223e+40,5441448.27429831,5441448274298310.0,44765.83873673831,True,0.001,1000000.0,0.0,1.0094879971858551e-06,2.74671631493033e-05,273757504363.2031,0.16882183997142453,0.3,0.9999990189652048,0.9999999607509135,0.09999999999999999,8.534118257086561e-37,1.0,4.3742966293600944e-63
0.3760877180284293,3.7657947691295926e-06,14.58108242865562,3572331204887.1807,3572331204887.1807,3.2903559068218043e-06,4.243978301005471e-19,8.998914774235531e+41,56419932.20934371,5.641993220934371e+16,464156.86771310575,True,0.001,1000000.0,0.0,1.0405018978145662e-06,0.00029871204221128164,494972392046.4559,0.17400845316883332,0.3,0.9999882085600088,0.9999994521179634,0.1,8.483641714483282e-38,1.0,1.411376477334604e-63
0.3760877180284293,3.881489046905541e-06,14.58108242865562,10244226188329.684,10244226188329.684,3.3914435585935347e-06,8.15964464267327e-19,6.965649022928048e+42,450138051.09590423,4.5013805109590426e+17,3703206.6444162647,True,0.001,1000000.0,0.0,1.0724686201062285e-06,0.002490280338242193,838194287972.0978,0.17935441160536578,0.3,0.9998893204339201,0.9999938938718907,0.09999999999999999,1.0960007963722098e-38,1.0,6.344306746082723e-64
0.3760877180284293,4.000737731315601e-06,14.58108242865562,25547690686378.453,25547690686378.453,3.4956368662973587e-06,1.6267152374219573e-18,4.07777383185869e+43,2716120228.8219404,2.71612022882194e+18,22345043.823597685,False,0.001,1000000.0,0.0,1.1054174370353137e-06,0.015652218040167303,1323673706629.5159,0.18486461075023553,0.3,0.9991992107653715,0.9999462926945805,0.09999999999999998,1.872187421659585e-39,1.0,4.0543363080715577e-64
0.43581007030370333,1.8887304723779186e-06,14.58108242865562,1.9924197874248761,14.58108242865562,1.1409924671241497e-06,1.1873404670670295e-09,5.959907999759028e+19,1.5015160818786536e-15,1.5015160818786537e-06,1.2352708946896447e-17,True,0.001,1000000.0,7.91352650075794e-09,3.6081349892071025e-07,0.0,1000000.0,0.06034068651051754,0.35,1.0,1.0,0.0018671626969478296,6.123306863467209e-16,1.0,6.630877569046626e-22
0.43581007030370333,1.946756817760966e-06,14.58108242865562,4.164142964433713,14.58108242865562,1.1760465015377764e-06,1.171301399963435e-09,5.609912940383065e+19,1.4567608818606569e-15,1.4567608818606569e-06,1.1984515781099153e-17,True,0.001,1000000.0,2.6002171527039764e-09,3.718985579132088e-07,0.0,1000000.0,0.06219449761131546,0.35,1.0,1.0,0.008155897002856058,6.505331891668469e-16,1.0,6.452942489258845e-22
0.43581007030370333,2.0065658721158625e-06,14.58108242865562,8.991943187992131,14.58108242865562,1.212177480246898e-06,1.1573035740061382e-09,5.280471309280243e+19,1.4133396854892575e-15,1.4133396854892576e-06,1.1627297228880358e-17,True,0.001,1000000.0,8.271926477121383e-10,3.833241765943963e-07,0.0,1000000.0,0.06410526225036725,0.35,1.0,1.0,0.038030109725882597,6.911190956841305e-16,1.0,6.299630231268294e-22
0.43581007030370333,2.0682124045523515e-06,14.58108242865562,20.06846538673616,20.06846538673616,1.249418489571962e-06,1.1454480004707212e-09,9.415384286473839e+19,2.5974885029893586e-15,2.5974885029893587e-06,2.1369081462112752e-17,True,0.001,1000000.0,2.545246235996501e-10,3.9510081777747347e-07,0.0,1173173.3781219118,0.06607473017742801,0.35,1.0,1.0,0.1,3.8760335691221265e-16,1.0,3.2577850757011857e-22
0.43581007030370333,2.1317528668190326e-06,14.58108242865562,46.301264750932106,46.301264750932106,1.2878036323248041e-06,1.1358545593172362e-09,4.7175009583219435e+20,1.3414339630535491e-14,1.3414339630535491e-05,1.1035741486265e-16,True,0.001,1000000.0,7.567180215772851e-11,4.0723926571844214e-07,0.0,1781974.7444127263,0.06810470489877618,0.35,1.0,1.0,0.1,7.73594873280936e-17,1.0,6.01810475097531e-23
0.43581007030370333,2.1972454449980716e-06,14.58108242865562,110.43357397706006,110.43357397706006,1.3273680590377072e-06,1.1286654888291312e-09,2.526068419416786e+21,7.403620124876619e-14,7.40362012487662e-05,6.09082817425175e-16,True,0.001,1000000.0,2.1715074183248362e-11,4.197506359916004e-07,0.0,2752045.9520492116,0.07019704532874317,0.35,1.0,1.0,0.1,1.4447093071605446e-17,1.0,1.044547602576955e-23
0.43581007030370333,2.264750112788106e-06,14.58108242865562,272.2489142147614,272.2489142147614,1.368148000151897e-06,1.1240495743043623e-09,1.44507947566573e+22,4.3654846737090086e-13,0.00043654846737090086,3.5914075271837565e-15,False,0.001,1000000.0,6.00819394236396e-12,4.3264638566843887e-07,0.0,4321039.094943531,0.07235366749198217,0.35,1.0,1.0,0.10000000000000002,2.5254213470677864e-18,1.0,1.7046633273074253e-24
0.43581007030370333,2.3343286864241237e-06,14.58108242865562,693.4572252171242,693.4572252171242,1.4101807991949436e-06,1.122214707906117e-09,8.825012735532135e+22,2.7478801884746222e-12,0.002747880188474622,2.2606327430539737e-14,True,0.001,1000000.0,1.6009416015094757e-12,4.4593832380925616e-07,0.0,6896281.111118362,0.07457654627803474,0.35,1.0,1.0,0.1,4.135330639651142e-19,1.0,2.6188616602252742e-25
0.43581007030370333,2.4060448812846158e-06,14.58108242865562,1823.8378480462227,1823.8378480462227,1.4535049469774526e-06,1.1233955275085316e-09,5.745991766474911e+23,1.844119960523522e-11,0.01844119960523522,1.5171250851344669e-13,True,0.001,1000000.0,4.1033842990145786e-13,4.596386222771023e-07,0.0,11184027.580498246,0.07686771724980178,0.35,1.0,1.0,0.1,6.351270075513243e-20,1.0,3.793961620361997e-26
0.43581007030370333,2.479964370237829e-06,14.58108242865562,4948.468505447266,4948.468505447266,1.4981601168403588e-06,1.1278822023054983e-09,3.981536839222468e+24,1.3170935555694138e-10,0.13170935555694138,1.0835497231189028e-12,True,0.001,1000000.0,1.0103029524088925e-13,4.737598268839516e-07,0.0,18422158.846650608,0.07922927850757505,0.35,1.0,1.0,0.1,9.165894234871466e-21,1.0,5.1950037600489416e-27
0.43581007030370333,2.5561548437805662e-06,14.58108242865562,13833.952743858763,13833.952743858763,1.5441872009851054e-06,1.136020448509951e-09,2.928992493694796e+25,9.986788723478815e-10,0.9986788723478816,8.21595558676481e-12,False,0.001,1000000.0,2.3869795029440866e-14,4.883148688793138e-07,0.0,30801953.533167116,0.08166339261033641,0.35,1.0,1.0,0.10000000000000002,1.2459692416118677e-21,1.0,6.743412427575253e-28
0.43581007030370333,2.6346860720245943e-06,14.58108242865562,39786.919223517616,39786.919223517616,1.591628347919973e-06,1.1482280732332008e-09,2.280462175120329e+26,8.014421766646491e-09,8.01442176664649,6.59332395142848e-11,True,0.001,1000000.0,5.440092820663267e-15,5.033170767918036e-07,0.0,52236644.73557783,0.08417228855608394,0.35,1.0,1.0,0.1,1.6003047960500352e-22,1.0,8.328670814392152e-29
0.43581007030370333,2.715629968587415e-06,14.58108242865562,117495.81722336265,117495.81722336265,1.6405270010568486e-06,1.1650040784815119e-09,1.8719904424662566e+27,6.781014372516588e-08,67.81014372516589,5.578621362724006e-10,True,0.001,1000000.0,1.2212453270876722e-15,5.1878018863451e-07,0.0,89766919.22829671,0.08675826382299838,0.35,1.0,1.0,0.1,1.949494224579376e-23,1.0,9.83128031127262e-30
0.43581007030370333,2.799060656445921e-06,14.58108242865562,355460.3059683967,355460.3059683967,1.690927938493778e-06,1.1869629435395078e-09,1.6127149096552352e+28,6.021301251956332e-07,602.1301251956332,4.953618728741048e-09,True,0.001,1000000.0,2.220446049250313e-16,5.347183644853445e-07,0.0,156135145.6222354,0.08942368647331904,0.35,1.0,1.0,0.09999999999999999,2.262913633529891e-24,1.0,1.1150442451600363e-30
0.43581007030370333,2.8850545358132313e-06,14.58108242865562,1098656.1389790871,1098656.1389790871,1.7428773140197377e-06,1.2148558769791318e-09,1.4501586571365129e+29,5.580716894046773e-06,5580.716894046773,4.591157719798497e-08,True,0.001,1000000.0,0.0,5.511461994538886e-07,0.0,274495994.0702545,0.09217099732185598,0.35,1.0,1.0,0.1,2.5165760574514935e-25,1.0,1.2227169829540373e-31
0.43581007030370333,2.9736903541008757e-06,14.58108242865562,3458240.9089113004,3458240.9089113004,1.7964226993791749e-06,1.2496074791980787e-09,1.3524430910365167e+30,5.364573362512464e-05,53645.73362512464,4.4133402346566073e-07,False,0.001,1000000.0,0.0,5.680787370466141e-07,1.1748787963561161e-16,487004236.74388754,0.0950027121711242,0.35,1.0,1.0,0.10000000000000002,2.698401566944174e-26,1.0,1.3056799764156248e-32
0.43581007030370333,3.0650492780303726e-06,14.58108242865562,11045561.773088826,11045561.773088826,1.8516131278350073e-06,1.2923635176912178e-09,1.298675642598388e+31,0.0005309560838741801,530956.0838741801,4.368082398075664e-06,True,0.001,1000000.0,0.0,5.855314829427141e-07,9.39903037084893e-16,870360197.1152651,0.09792142411514633,0.35,1.0,1.0,0.1,2.8101201226458487e-27,1.0,1.3689694669372095e-33
0.43581007030370333,3.159214967960251e-06,14.58108242865562,35650307.845507674,35650307.845507674,1.9084991390699873e-06,1.3445541293596006e-09,1.2734098711074398e+32,0.005366212115842445,5366212.115842446,4.414688408223666e-05,True,0.001,1000000.0,0.0,6.035204191931607e-07,1.0456421287569434e-14,1563639956.5056553,0.10092980591403355,0.35,0.9999999999999996,1.0,0.09999999999999998,2.8658758180364763e-28,1.0,1.422427083668665e-34
0.43581007030370333,3.256273654496588e-06,14.58108242865562,115735718.04875791,115735718.04875791,1.9671328254675488e-06,1.4080152591692582e-09,1.2632608292567312e+33,0.05486992548923453,54869925.48923453,0.00045140523480665935,True,0.001,1000000.0,0.0,6.220620188559933e-07,1.1972014934868824e-13,2817337154.3739223,0.10403061244151983,0.35,0.9999999999999954,0.9999999999999998,0.09999999999999999,2.888900274223644e-29,1.0,1.4800619780428097e-35
0.43581007030370333,3.356314217457194e-06,14.58108242865562,375980672.80301785,375980672.80301785,2.0275678798145043e-06,1.485057336684685e-09,1.2548904555403723e+34,0.5618092349782797,561809234.9782797,0.004621905850440366,True,0.001,1000000.0,0.0,6.411732610812372e-07,1.35040568853172e-12,5077943657.13712,0.10722668320768988,0.35,0.999999999999948,0.9999999999999971,0.09999999999999999,2.9081698246595268e-30,1.0,1.560110651531202e-36
0.43581007030370333,3.4594282672617743e-06,14.58108242865562,1215357744.9554296,1215357744.9554296,2.0898596444692916e-06,1.5786899457236678e-09,1.2342399691046767e+35,5.695401969861234,5695401969.861235,0.04685507116330853,False,0.001,1000000.0,0.0,6.608716466592673e-07,1.5043970523701163e-11,9129714231.09476,0.11052094495921158,0.35,0.9999999999994172,0.9999999999999709,0.10000000000000002,2.9568273977572403e-31,1.0,1.6872732462890463e-37
0.43581007030370333,3.56571022882259e-06,14.58108242865562,3885234708.5870624,3885234708.5870624,2.1540651620407816e-06,1.69288044534614e-09,1.187250677033639e+36,56.46884668603357,56468846686.03357,0.4645592785171802,False,0.001,1000000.0,0.0,6.811752140468544e-07,1.6326750188714624e-10,16323517432.695827,0.11391641435945368,0.35,0.9999999999936006,0.9999999999996827,0.10000000000000002,3.0738534217339144e-32,1.0,1.8985325926689537e-38
0.43581007030370333,3.675257428012441e-06,14.58108242865562,12202203700.898968,12202203700.898968,2.2202432276240635e-06,1.832881849321019e-09,1.1023030611083511e+37,540.3923875254741,540392387525.4741,4.445713209990199,False,0.001,1000000.0,0.0,7.021025558855714e-07,1.7032041678955163e-09,28928389268.459225,0.11741620075094333,0.35,0.9999999999320484,0.9999999999965556,0.10000000000000002,3.310736116786521e-33,1.0,2.2562769128529897e-39
0.43581007030370333,3.7881701807891597e-06,14.58108242865562,37386786152.29454,37386786152.29454,2.2884544426410408e-06,2.005889847180209e-09,9.740411516401764e+37,4921.837055722141,4921837055722.141,40.49108855185661,True,0.001,1000000.0,0.0,7.236728360276843e-07,1.6837106846454673e-08,50636558860.33548,0.12102350900269279,0.35,0.9999999993116967,0.9999999999639211,0.09999999999999999,3.7466944285778046e-34,1.0,2.8785772756711486e-40
0.43581007030370333,3.904551885058212e-06,14.58108242865562,110930465872.99629,110930465872.99629,2.358761270335135e-06,2.221916316955776e-09,8.071593413333738e+38,42038.859047218626,42038859047218.625,345.8463059684121,True,0.001,1000000.0,0.0,7.459058070851185e-07,1.5538151320936313e-07,87222902778.91093,0.12474164244500298,0.35,0.9999999934430858,0.9999999996405886,0.1,4.5213310051360286e-35,1.0,4.0119334724943085e-41
0.43581007030370333,4.0245091153575516e-06,14.58108242865562,316305482139.5303,316305482139.5303,2.431228092970925e-06,2.4953557926107115e-09,6.177142318313637e+39,331604.9217565019,331604921756501.9,2728.0554189545314,True,0.001,1000000.0,0.0,7.688218285175729e-07,1.3180171013526355e-06,147284985726.5946,0.1285740058944312,0.35,0.9999999421115026,0.9999999966422589,0.1,5.9079658003606674e-36,1.0,6.223741063122256e-42
0.43581007030370333,4.148151720451411e-06,14.58108242865562,859952285586.2317,859952285586.2317,2.5059212707910965e-06,2.847893608769521e-09,4.297733139129778e+40,2378014.6332102534,2378014633210253.5,19563.508503188266,True,0.001,1000000.0,0.0,7.92441885276344e-07,1.011445155927517e-05,242852341420.07864,0.1325241087716931,0.35,0.9999995333308753,0.9999999709876396,0.1,8.491533647886545e-37,1.0,1.096727697819241e-42
0.43581007030370333,4.275592923922414e-06,14.58108242865562,2211625256413.982,2211625256413.982,2.5829092027846854e-06,3.3146216463372173e-09,2.6756566501711036e+41,15259741.514542704,1.5259741514542704e+16,125539.2118732249,False,0.001,1000000.0,0.0,8.167876070209329e-07,6.910864703123232e-05,389458231920.7047,0.13659556831535435,0.35,0.9999966151111648,0.9999997713188589,0.10000000000000002,1.3639397849579778e-37,1.0,2.2461814829674913e-43
0.43581007030370333,4.4069494278541175e-06,14.58108242865562,5338337138980.343,5338337138980.343,2.6622623893222763e-06,3.962274778694337e-09,1.4673572501351935e+42,86257004.89479603,8.625700489479603e+16,709621.2214812279,False,0.001,1000000.0,0.0,8.418812879260327e-07,0.0004138537533991702,605073477087.0511,0.14079211289425417,0.35,0.9999782235486616,0.999998377363204,0.10000000000000003,2.487079786275306e-38,1.0,5.509055964806612e-44
0.43581007030370333,4.542341519698929e-06,14.58108242865562,12001812156377.836,12001812156377.836,2.7440534967154976e-06,5.630578712862221e-09,6.981264341799924e+42,422994101.7518177,4.229941017518177e+17,3479898.1431198404,False,0.001,1000000.0,0.0,8.677459070970343e-07,0.002139303781403161,907253244659.6532,0.145117585421695,0.35,0.9998773981911603,0.9999897636007188,0.10000000000000002,5.227469377151321e-39,1.0,2.2009613577897628e-44
0.43581007030370333,4.6818931824292755e-06,14.58108242865562,24952202590498.277,24952202590498.277,2.828357423759946e-06,8.264799220213052e-09,2.8403690627044993e+43,1773849295.1702967,1.7738492951702966e+18,14593146.436021259,False,0.001,1000000.0,0.0,8.944051496127467e-07,0.009409884074590825,1308156071982.047,0.14957594687452402,0.35,0.9994032296379421,0.9999432285070958,0.10000000000000002,1.2848451998631807e-39,1.0,1.0971015771871304e-44
0.49458176463637277,2.4625281422284337e-06,14.58108242865562,725986.7237350241,725986.7237350241,1.0739877874722495e-06,0.014955866340241484,8.691504366584477e+28,2.339067685417233e-06,2339.067685417233,1.924309880777214e-08,True,0.001,1000000.0,7.019056447177263e-09,3.39624758761716e-07,0.0,223135904.07640052,0.05679718514121969,0.4,1.0,1.0,0.1,2.188473682657231e-25,1.0,4.243906361676345e-17
0.49458176463637277,2.5381829328860558e-06,14.58108242865562,1233542.5436744941,1233542.5436744941,1.106983276878729e-06,0.01467262307872861,2.3619050019978532e+29,6.551669473195865e-06,6551.669473195865,5.389943344289495e-08,False,0.001,1000000.0,2.5064177400224708e-09,3.5005884866535926e-07,0.0,290858783.7125065,0.05854213135243849,0.4,1.0,1.0,0.10000000000000002,8.053299583548543e-26,1.0,1.414839765037575e-17
0.49458176463637277,2.616162020777605e-06,14.58108242865562,2142577.656563832,2142577.656563832,1.1409924671241497e-06,0.014409961879244,6.707240360608481e+29,1.9176755923016447e-05,19176.755923016448,1.5776380108184467e-07,True,0.001,1000000.0,8.687521813044441e-10,3.6081349892071025e-07,0.0,383330524.41423786,0.06034068651051754,0.4,1.0,1.0,0.1,2.8359097849961254e-26,1.0,4.5232700874457256e-18
0.49458176463637277,2.6965368139075784e-06,14.58108242865562,3804190.705961504,3804190.705961504,1.1760465015377764e-06,0.014168308813437629,1.990269340391396e+30,5.865227209970323e-05,58652.27209970323,4.825219357060214e-07,True,0.001,1000000.0,2.9201741025275396e-10,3.718985579132088e-07,0.0,510782791.8486624,0.06219449761131546,0.4,1.0,1.0,0.1,9.557062545730588e-27,1.0,1.3871118055537225e-18
0.49458176463637277,2.77938091410622e-06,14.58108242865562,6903332.666293656,6903332.666293656,1.212177480246898e-06,0.013948303690480592,6.16909506335197e+30,0.00018738558011100224,187385.58011100223,1.5415882386424045e-06,True,0.001,1000000.0,9.510037202176136e-11,3.833241765943963e-07,1.1748787963561161e-16,688073003.3347311,0.06410526225036725,0.4,1.0,1.0,0.1,3.0832931529888642e-27,1.0,4.082490517016725e-19
0.49458176463637277,2.8647701844291204e-06,14.58108242865562,12799334.622155223,12799334.622155223,1.249418489571962e-06,0.013750702678928532,1.9961593645995545e+31,0.0006249591523801682,624959.1523801682,5.141429123684349e-06,True,0.001,1000000.0,2.997746495481124e-11,3.9510081777747347e-07,4.699515185424465e-16,936912027.2999783,0.06607473017742801,0.4,1.0,1.0,0.1,9.528862728245308e-28,1.0,1.1541838601291382e-19
0.49458176463637277,2.9527828186275066e-06,14.58108242865562,24234556.36258759,24234556.36258759,1.2878036323248041e-06,0.013576370830247755,6.736078467688875e+31,0.00217372838626234,2173728.38626234,1.7882881448402365e-05,True,0.001,1000000.0,9.137135492665038e-12,4.0723926571844214e-07,1.4098545556273395e-15,1289206998.4984267,0.06810470489877618,0.4,0.9999999999999999,1.0,0.09999999999999999,2.823768853081163e-28,1.0,3.138320083243465e-20
0.49458176463637277,3.0434994127528155e-06,14.58108242865562,46828078.14618982,46828078.14618982,1.3273680590377072e-06,0.013426377803653224,2.3673704604515686e+32,0.007874193458291759,7874193.458291759,6.477960586351872e-05,True,0.001,1000000.0,2.690181410969217e-12,4.197506359916004e-07,6.344345500323027e-15,1792083679.240618,0.07019704532874317,0.4,0.9999999999999996,0.9999999999999998,0.1,8.03470723603703e-29,1.0,8.220629180835054e-21
0.49458176463637277,3.13700303896114e-06,14.58108242865562,92260247.67039281,92260247.67039281,1.368148000151897e-06,0.01330199453944807,8.649666309978383e+32,0.0296538391074096,29653839.1074096,0.00024395692332087162,True,0.001,1000000.0,7.642775301519578e-13,4.3264638566843887e-07,2.7022212316190673e-14,2515431096.6659865,0.07235366749198217,0.4,0.9999999999999982,0.9999999999999996,0.1,2.1990592338836794e-29,1.0,2.0787597451139987e-21
0.49458176463637277,3.2333793215851254e-06,14.58108242865562,185128668.2245078,185128668.2245078,1.4101807991949436e-06,0.01320472854961884,3.278189393108999e+33,0.11583967525413448,115839675.25413448,0.0009529926520180741,False,0.001,1000000.0,2.09277040141842e-13,4.4593832380925616e-07,1.1878024631160336e-13,3563214409.1263065,0.07457654627803474,0.4,0.9999999999999923,0.9999999999999987,0.10000000000000002,5.8023275314581826e-30,1.0,5.087584104848834e-22
0.49458176463637277,3.3327165155429745e-06,14.58108242865562,377823482.5119275,377823482.5119275,1.4535049469774526e-06,0.013136365381185157,1.285230863385131e+34,0.46810809755620664,468108097.55620664,0.0038510430588012436,True,0.001,1000000.0,5.517808432387028e-14,4.596386222771023e-07,5.403267584441779e-13,5090372814.088254,0.07686771724980178,0.4,0.9999999999999658,0.9999999999999956,0.1,1.4799775753028022e-30,1.0,1.208850364518471e-22
0.49458176463637277,3.43510558715636e-06,14.58108242865562,782977140.596379,782977140.596379,1.4981601168403588e-06,0.013099085519772515,5.195387965027204e+34,1.9504045833606356,1950404583.3606355,0.016045635766220076,True,0.001,1000000.0,1.3988810110276972e-14,4.737598268839516e-07,2.5279867061194552e-12,7327902104.828304,0.07922927850757505,0.4,0.999999999999843,0.9999999999999831,0.1,3.6611565290237055e-31,1.0,2.7988768462443695e-23
0.49458176463637277,3.540640297451269e-06,14.58108242865562,1644439971.5661795,1644439971.5661795,1.5441872009851054e-06,0.013095374990863929,2.1571107020396934e+35,8.346816684090873,8346816684.090873,0.068667794088939,True,0.001,1000000.0,3.4416913763379853e-15,4.883148688793138e-07,1.2115467635903905e-11,10619746006.184988,0.08166339261033641,0.4,0.9999999999992608,0.9999999999999242,0.1,8.817873162923337e-32,1.0,6.3416143641494206e-24
0.49458176463637277,3.649417288018049e-06,14.58108242865562,3492429421.2402425,3492429421.2402425,1.591628347919973e-06,0.013128217701801913,9.158159990357833e+35,36.52568634158381,36525686341.58381,0.3004904029390736,False,0.001,1000000.0,7.771561172376096e-16,5.033170767918036e-07,5.920719452720902e-11,15476364031.626446,0.08417228855608394,0.4,0.9999999999964372,0.9999999999996464,0.10000000000000002,2.0769596282437656e-32,1.0,1.4130458809539443e-24
0.49458176463637277,3.761536169509273e-06,14.58108242865562,7481203690.627044,7481203690.627044,1.6405270010568486e-06,0.013201341030804434,3.955600967965035e+36,162.60891451818972,162608914518.18973,1.3377549647691975,False,0.001,1000000.0,2.220446049250313e-16,5.1878018863451e-07,2.9349365240861016e-10,22651181351.72074,0.08675826382299838,0.4,0.9999999999825172,0.9999999999983007,0.10000000000000002,4.808657072089853e-33,1.0,3.1138174048912004e-25
0.49458176463637277,3.877099612856472e-06,14.58108242865562,16117579775.936625,16117579775.936625,1.690927938493778e-06,0.013318922034660082,1.7281671212613451e+37,732.2499179619487,732249917961.9486,6.02409139811248,False,0.001,1000000.0,0.0,5.347183644853445e-07,1.4670164036579722e-09,33247196613.556168,0.08942368647331904,0.4,0.9999999999131488,0.9999999999916696,0.10000000000000002,1.1006533069028356e-33,1.0,6.828707276799741e-26
0.49458176463637277,3.996213443289274e-06,14.58108242865562,34811007275.20393,34811007275.20393,1.7428773140197377e-06,0.013486313284064966,7.588148599529927e+37,3313.9895728951215,3313989572895.1216,27.26360985478372,False,0.001,1000000.0,0.0,5.511461994538886e-07,7.345235555823729e-09,48861119410.78993,0.09217099732185598,0.4,0.9999999995659173,0.9999999999586634,0.10000000000000003,2.5066889926416124e-34,1.0,1.5009053581860774e-26
0.49458176463637277,4.1189867372430344e-06,14.58108242865562,75106641622.10014,75106641622.10014,1.7964226993791749e-06,0.013709727791742505,3.3248794131190817e+38,14966.936859869464,14966936859869.463,123.13035943326322,True,0.001,1000000.0,0.0,5.680787370466141e-07,3.657089393111638e-08,71770221896.31241,0.0950027121711242,0.4,0.9999999978323106,0.9999999997936787,0.1,5.720847647562274e-35,1.0,3.331969196405127e-27
0.49458176463637277,4.245531922243701e-06,14.58108242865562,161248677223.89975,161248677223.89975,1.8516131278350073e-06,0.01399684194383438,1.4425407820188072e+39,66930.92770954453,66930927709544.52,550.6289806149321,False,0.001,1000000.0,0.0,5.855314829427141e-07,1.796197670361692e-07,105160634493.45134,0.09792142411514633,0.4,0.9999999892656751,0.9999999989714377,0.10000000000000003,1.3185851523969286e-35,1.0,7.534731755777892e-28
0.49458176463637277,4.37596487986137e-06,14.58108242865562,343036749601.0712,343036749601.0712,1.9084991390699873e-06,0.014357065402272601,6.145166318630461e+39,293882.7556329003,293882755632900.3,2417.721787104037,True,0.001,1000000.0,0.0,6.035204191931607e-07,8.627936750682383e-07,153382369199.1034,0.10092980591403355,0.4,0.9999999477154182,0.9999999949169639,0.09999999999999999,3.095299229136188e-36,1.0,1.7516609986418835e-28
0.49458176463637277,4.510405051826846e-06,14.58108242865562,719864490524.3896,719864490524.3896,1.9671328254675488e-06,0.014801980168098361,2.5472432057335005e+40,1255603.7136378398,1255603713637839.8,10329.631107117246,True,0.001,1000000.0,0.0,6.220620188559933e-07,4.0158206064737025e-06,222193061556.65106,0.10403061244151983,0.4,0.9999997516701369,0.9999999752981418,0.09999999999999999,7.46733901425531e-37,1.0,4.2280307144544455e-29
0.49458176463637277,4.648975549408345e-06,14.58108242865562,1483019558297.8943,1483019558297.8943,2.0275678798145043e-06,0.015345944757879853,1.0176050019746265e+41,5170149.831615608,5170149831615608.0,42533.914123574876,True,0.001,1000000.0,0.0,6.411732610812372e-07,1.7934894527719233e-05,318917651102.926,0.10722668320768988,0.4,0.9999988603347126,0.9999998829497395,0.09999999999999999,1.8692054905450257e-37,1.0,1.070763364806225e-29
0.49458176463637277,4.791803266148512e-06,14.58108242865562,2984344036319.036,2984344036319.036,2.0898596444692916e-06,0.016006883272193875,3.878821696627196e+41,20312595.935318466,2.0312595935318468e+16,167108.15726393185,False,0.001,1000000.0,0.0,6.608716466592673e-07,7.607172029296954e-05,452407255281.8715,0.11052094495921158,0.4,0.9999949938587831,0.999999463918981,0.10000000000000002,4.903841954248691e-38,1.0,2.8768404810468736e-30
0.49458176463637277,4.939018994064992e-06,14.58108242865562,5835787193290.34,5835787193290.34,2.1540651620407816e-06,0.016807787405908256,1.396103129296605e+42,75357213.4737213,7.53572134737213e+16,619950.5528607793,True,0.001,1000000.0,0.0,6.811752140468544e-07,0.00030320667062341946,632637367919.841,0.11391641435945368,0.4,0.9999791551948961,0.9999976482351386,0.09999999999999999,1.362444376050779e-38,1.0,8.295110950338306e-31
0.49458176463637277,5.090757543420965e-06,14.58108242865562,11030453443211.076,11030453443211.076,2.2202432276240635e-06,0.017777544031015304,4.69485198630908e+42,261198664.70303285,2.6119866470303286e+17,2148835.5145405047,True,0.001,1000000.0,0.0,7.021025558855714e-07,0.001123426485348627,869764745796.5637,0.11741620075094333,0.4,0.9999185230994799,0.9999902066664472,0.1,4.0514863140391026e-39,1.0,2.597507403653372e-31
0.49458176463637277,5.2471578661753246e-06,14.58108242865562,20045348225671.15,20045348225671.15,2.2884544426410408e-06,0.018953808481299232,1.4594154822022898e+43,836892573.1203978,8.368925731203978e+17,6884968.133435545,True,0.001,1000000.0,0.0,7.236728360276843e-07,0.0038275316218659584,1172497485570.438,0.12102350900269279,0.4,0.9997038870556062,0.9999616324653902,0.09999999999999998,1.3033388230380587e-39,1.0,8.940581483066115e-32
0.49458176463637277,5.40836318322553e-06,14.58108242865562,34839754448524.78,34839754448524.78,2.358761270335135e-06,0.020386018912169884,4.1497169565629515e+43,2452736856.766521,2.452736856766521e+18,20178235.105583787,False,0.001,1000000.0,0.0,7.459058070851185e-07,0.011863084173457054,1545762119189.1357,0.12474164244500298,0.4,0.999008508917051,0.9998597954409562,0.1,4.583717098798225e-40,1.0,3.423849565229829e-32
0.5523131790623719,3.1074237186754287e-06,14.58108242865562,1368799211.8326185,1368799211.8326185,1.010917951585419e-06,402.551472027012,1.9403431431452712e+35,5.488962313184648,5488962313.184648,0.045156728385099654,False,0.001,1000000.0,9.94533355669347e-09,3.1968032545617497e-07,2.1678863550363056e-12,9688911537.361803,0.05346177557001615,0.45,0.9999999999997287,0.9999999999999303,0.10000000000000002,5.454467073744963e-32,1.0,8.648949179629852e-15
0.5523131790623719,3.20289125339695e-06,14.58108242865562,2001489864.299966,2001489864.299966,1.0419757838545015e-06,393.4690703698019,3.905012274763317e+35,11.386121903475301,11386121903.475302,0.09367162403717742,True,0.001,1000000.0,3.848287022378827e-09,3.295016743719526e-07,5.142327003771085e-12,11716066148.50897,0.05510424997247076,0.45,0.9999999999993824,0.9999999999998491,0.1,2.7102444349407733e-32,1.0,3.864687728556991e-15
0.5523131790623719,3.301291780529847e-06,14.58108242865562,2970513375.0534964,2970513375.0534964,1.0739877874722495e-06,384.8607475805218,8.096460531926341e+35,24.332702489172135,24332702489.172134,0.20018086743639504,True,0.001,1000000.0,1.4489544009066435e-09,3.39624758761716e-07,1.2544063420814618e-11,14273184298.762115,0.05679718514121969,0.45,0.9999999999985512,0.9999999999996628,0.1,1.3071808037992888e-32,1.0,1.6785883858489564e-15
0.5523131790623719,3.4027154086593106e-06,14.58108242865562,4473886456.049094,4473886456.049094,1.106983276878729e-06,376.72923119637306,1.728696131777282e+36,53.54951235350222,53549512353.50222,0.440542427972814,True,0.001,1000000.0,5.304158223751188e-10,3.5005884866535926e-07,3.1453737648166305e-11,17516510605.456703,0.05854213135243849,0.45,0.999999999996499,0.9999999999992178,0.09999999999999998,6.122266135443769e-33,1.0,7.090693661089013e-16
0.5523131790623719,3.507255014723112e-06,14.58108242865562,6835567111.581256,6835567111.581256,1.1409924671241497e-06,369.0787406363236,3.798519965144034e+36,121.28106184109727,121281061841.09727,0.9977579832639434,False,0.001,1000000.0,1.8861545658666046e-10,3.6081349892071025e-07,8.101059522998583e-11,21651719555.098186,0.06034068651051754,0.45,0.9999999999912917,0.9999999999981325,0.10000000000000002,2.7862267101843123e-33,1.0,2.915338292007946e-16
0.5523131790623719,3.6150063290620626e-06,14.58108242865562,10590230761.200975,10590230761.200975,1.1760465015377764e-06,361.9163989540028,8.582083248993451e+36,282.43142507734024,282431425077.3402,2.323513702945157,True,0.001,1000000.0,6.509537353593942e-11,3.718985579132088e-07,2.140992204508918e-10,26949941648.682674,0.06219449761131546,0.45,0.9999999999777213,0.9999999999954052,0.09999999999999999,1.2332131347355528e-33,1.0,1.1679000503100395e-16
0.5523131790623719,3.7260680230834246e-06,14.58108242865562,16627279014.222105,16627279014.222105,1.212177480246898e-06,355.2495742099418,1.9913188775283082e+37,675.4649562244854,675464956224.4854,5.556931496617517,True,0.001,1000000.0,2.178390801077512e-11,3.833241765943963e-07,5.798770558295527e-10,33768806360.046394,0.06410526225036725,0.45,0.9999999999414443,0.9999999999883578,0.1,5.3148382740133185e-34,1.0,4.564831624772661e-17
0.5523131790623719,3.840541799617542e-06,14.58108242865562,26436136829.936775,26436136829.936775,1.249418489571962e-06,349.0894505964632,4.738173829287082e+37,1656.5887901883523,1656588790188.3523,13.628464867512344,False,0.001,1000000.0,7.061906615035696e-12,3.9510081777747347e-07,1.6069712555405425e-09,42579848608.50662,0.06607473017742801,0.45,0.9999999998421151,0.9999999999696733,0.10000000000000003,2.2336744423842967e-34,1.0,1.7437228849647673e-17
0.5523131790623719,3.95853248605046e-06,14.58108242865562,42524439545.05908,42524439545.05908,1.2878036323248041e-06,343.4482768532512,1.1540078691141533e+38,4158.66766863818,4158667668638.1797,34.21262811470001,True,0.001,1000000.0,2.2155610679419624e-12,4.0723926571844214e-07,4.547616398210259e-09,54003811998.66975,0.06810470489877618,0.45,0.9999999995640517,0.9999999999188875,0.09999999999999999,9.171114053300946e-35,1.0,6.522971583284822e-18
0.5523131790623719,4.080148130317791e-06,14.58108242865562,69129992625.79141,69129992625.79141,1.3273680590377072e-06,338.3434072175451,2.8706560490494498e+38,10662.727809584514,10662727809584.514,87.72038794748036,False,0.001,1000000.0,6.720179968056073e-13,4.197506359916004e-07,1.3111508026709009e-08,68855458212.13834,0.07019704532874317,0.45,0.9999999987699375,0.9999999997776434,0.10000000000000002,3.68680106749716e-35,1.0,2.3954241066772606e-18
0.5523131790623719,4.205500099847746e-06,14.58108242865562,113428032898.1493,113428032898.1493,1.368148000151897e-06,333.7933466869169,7.274539488828435e+38,27850.589090738766,27850589090738.766,229.12190231560132,True,0.001,1000000.0,1.9684254226604025e-13,4.3264638566843887e-07,3.8408699028219475e-08,88199336426.02739,0.07235366749198217,0.45,0.9999999964622401,0.9999999993765813,0.09999999999999999,1.4548739205149564e-35,1.0,8.659933375001418e-19
0.5523131790623719,4.3347031835439455e-06,14.58108242865562,187563776567.41373,187563776567.41373,1.4101807991949436e-06,329.8212786814782,1.8723162548046886e+39,73883.89881018111,73883898810181.11,607.8298520267689,True,0.001,1000000.0,5.562217353372034e-14,4.4593832380925616e-07,1.1395802396497834e-07,113417377680.82135,0.07457654627803474,0.45,0.9999999896586855,0.9999999982168599,0.09999999999999999,5.65264428960305e-36,1.0,3.0921418232081377e-19
0.5523131790623719,4.467875696901368e-06,14.58108242865562,312037224396.1976,312037224396.1976,1.4535049469774526e-06,326.45500247005634,4.877650164280341e+39,198391.4551171762,198391455117176.2,1632.1316382755867,True,0.001,1000000.0,1.5210055437364645e-14,4.596386222771023e-07,3.412202088441989e-07,146287871363.1342,0.07686771724980178,0.45,0.9999999693785852,0.999999994811954,0.1,2.1698025544261657e-36,1.0,1.0945455599869593e-19
0.5523131790623719,4.605139590351726e-06,14.58108242865562,521253187836.27246,521253187836.27246,1.4981601168403588e-06,323.7274313113877,1.2811850137759835e+40,537113.2689378618,537113268937861.75,4418.736477603521,True,0.001,1000000.0,3.9968028886505635e-15,4.737598268839516e-07,1.0269132387694054e-06,189072984459.13797,0.07922927850757505,0.45,0.9999999084947933,0.9999999846964392,0.1,8.260741167163883e-37,1.0,3.857105825076772e-20
0.5523131790623719,4.746620560937468e-06,14.58108242865562,872431363128.1017,872431363128.1017,1.5441872009851054e-06,321.67749866809265,3.378263392364033e+40,1459786.206240504,1459786206240504.0,12009.404593137348,True,0.001,1000000.0,9.992007221626409e-16,4.883148688793138e-07,3.092217369737742e-06,244608053842.33316,0.08166339261033641,0.45,0.9999997252000863,0.9999999544039467,0.1,3.1328338133654427e-37,1.0,1.3594987943721975e-20
0.5523131790623719,4.892448167416684e-06,14.58108242865562,1459511746699.026,1459511746699.026,1.591628347919973e-06,320.35130128322027,8.899440891211402e+40,3963694.63208888,3963694632088880.0,32608.619205269802,True,0.001,1000000.0,2.220446049250313e-16,5.033170767918036e-07,9.269637726810705e-06,316379922118.3721,0.08417228855608394,0.45,0.9999991744802135,0.9999998633523678,0.1,1.1892362582580227e-37,1.0,4.817678287242882e-21
0.5523131790623719,5.042755948904301e-06,14.58108242865562,2434053745322.6543,2434053745322.6543,1.6405270010568486e-06,319.80394705951875,2.329831035486559e+41,10695561.984146144,1.0695561984146144e+16,87990.50893170848,False,0.001,1000000.0,1.1102230246251565e-16,5.1878018863451e-07,2.7512103925717418e-05,408573503989.7543,0.08675826382299838,0.45,0.999997531779944,0.9999995899531949,0.10000000000000002,4.5426203123105194e-38,1.0,1.7262643912848745e-21
0.5523131790623719,5.1976815471582125e-06,14.58108242865562,4035088827846.191,4035088827846.191,1.690927938493778e-06,320.1013802333699,6.026801175130396e+41,28517257.960622378,2.8517257960622376e+16,234606.4699556129,False,0.001,1000000.0,0.0,5.347183644853445e-07,8.036428672545499e-05,526055623188.4093,0.08942368647331904,0.45,0.999992695064568,0.9999987740622177,0.10000000000000002,1.756078801757336e-38,1.0,6.293161748152375e-22
0.5523131790623719,5.357366832622356e-06,14.58108242865562,6628839150986.998,6628839150986.998,1.7428773140197377e-06,321.31944777091735,1.5309894311691835e+42,74668050.01013854,7.466805001013854e+16,614280.9261513394,True,0.001,1000000.0,0.0,5.511461994538886e-07,0.00022956164840868808,674254506691.9636,0.09217099732185598,0.45,0.9999787236705964,0.9999963675545975,0.09999999999999999,6.912874491870445e-39,1.0,2.3496277452583834e-22
0.5523131790623719,5.521958034342124e-06,14.58108242865562,10756214661956.453,10756214661956.453,1.7964226993791749e-06,323.5516837543647,3.794309194064065e+42,190737924.3859438,1.907379243859438e+17,1569167.3858909216,True,0.001,1000000.0,0.0,5.680787370466141e-07,0.00063690703965558,858884663433.4807,0.0950027121711242,0.45,0.9999393877589237,0.9999893932566291,0.1,2.7893187520431668e-39,1.0,9.048329488317422e-23
0.5523131790623719,5.691605873871089e-06,14.58108242865562,17179943583853.293,17179943583853.293,1.8516131278350073e-06,326.9088222813976,9.111163264104481e+42,472084650.8076323,4.720846508076323e+17,3883757.463608175,True,0.001,1000000.0,0.0,5.855314829427141e-07,0.0017040558343764506,1085465398924.4492,0.09792142411514633,0.45,0.9998321824765852,0.9999696565423634,0.1,1.1616011566546027e-39,1.0,3.620844010414681e-23
0.5523131790623719,5.866465703291656e-06,14.58108242865562,26913412790131.797,26913412790131.797,1.9084991390699873e-06,331.5239642963383,2.1046722405633696e+43,1124015348.0178263,1.1240153480178264e+18,9247076.746948106,True,0.001,1000000.0,0.0,6.035204191931607e-07,0.004364041670549207,1358593410160.529,0.10092980591403355,0.45,0.9995513664139877,0.9999154681246288,0.1,5.028591902376084e-40,1.0,1.517372849318253e-23
0.6088893457668589,3.94034757841439e-06,14.58108242865562,187289588655.37518,187289588655.37518,9.80785849990888e-07,305517.59257561236,2.259218347044426e+39,68356.71227868753,68356712278687.52,562.3586597147148,True,0.001,1000000.0,7.987429606615137e-09,3.1015171828354406e-07,3.5054076295086944e-08,113334448429.23111,0.05186825786625657,0.5,0.9999999939936879,0.999999997983881,0.09999999999999999,2.7423388200477325e-36,0.9999999999999389,2.6610018397445783e-13
0.6088893457668589,4.061404538556759e-06,14.58108242865562,247888081403.87567,247888081403.87567,1.010917951585419e-06,298019.75111488346,3.7252789011246194e+39,116177.88609500021,116177886095000.22,955.7750531726941,True,0.001,1000000.0,3.2575302455484234e-09,3.1968032545617497e-07,6.79719649350148e-08,130386593950.0745,0.05346177557001615,0.5,0.999999988787082,0.9999999963575626,0.1,1.66310827739465e-36,0.9999999999999342,1.4453692238332505e-13
0.6088893457668589,4.186180659840949e-06,14.58108242865562,331339292680.4443,331339292680.4443,1.0419757838545015e-06,290852.87806590315,6.264839479198753e+39,201380.0026484349,201380002648434.9,1656.7178936431721,True,0.001,1000000.0,1.2948229155540503e-09,3.295016743719526e-07,1.341388181251927e-07,150744538959.92166,0.05510424997247076,0.5,0.9999999786442405,0.9999999932797308,0.09999999999999999,9.889386945404041e-37,0.9999999999999287,7.705500440537782e-14
0.6088893457668589,4.314790203847479e-06,14.58108242865562,447104985220.8471,447104985220.8471,1.0739877874722495e-06,284014.9948528279,1.0737412962190807e+40,355752.3421773499,355752342177349.9,2926.7120033741085,True,0.001,1000000.0,5.012219528310879e-10,3.39624758761716e-07,2.6919257287807194e-07,175109566782.23566,0.05679718514121969,0.5,0.9999999585330357,0.9999999873435091,0.09999999999999999,5.770051126728661e-37,0.9999999999999225,4.0351855971465696e-14
0.6088893457668589,4.447350942547602e-06,14.58108242865562,608785670936.2928,608785670936.2928,1.106983276878729e-06,277505.63798919454,1.8738121097871332e+40,639905.5399051476,639905539905147.6,5264.39042735057,True,0.001,1000000.0,1.8879653396197682e-10,3.5005884866535926e-07,5.487970810805045e-07,204332443430.22195,0.05854213135243849,0.5,0.9999999179840308,0.9999999756832182,0.1,3.3063838918021615e-37,0.9999999999999153,2.0778528018387323e-14
0.6088893457668589,4.583984266150937e-06,14.58108242865562,835964064797.3121,835964064797.3121,1.1409924671241497e-06,271325.1583595642,3.325745264957434e+40,1170632.3655312054,1170632365531205.5,9630.586758106072,True,0.001,1000000.0,6.914135930458087e-11,3.6081349892071025e-07,1.135151535906725e-06,239441222929.57758,0.06034068651051754,0.5,0.9999998349457568,0.9999999523775589,0.1,1.8629034043421531e-37,0.999999999999907,1.0534281324326823e-14
0.6088893457668589,4.7248152942664756e-06,14.58108242865562,1156846453811.4065,1156846453811.4065,1.1760465015377764e-06,265474.7864026238,5.994897588491625e+40,2174978.8161679697,2174978816167969.5,17893.168515500183,True,0.001,1000000.0,2.4597213155175268e-11,3.718985579132088e-07,2.3786521314717117e-06,281671545865.1726,0.06219449761131546,0.5,0.9999996624737814,0.9999999050310922,0.09999999999999998,1.0334692268901395e-37,0.9999999999998971,5.266172984570978e-15
0.6088893457668589,4.869972990478704e-06,14.58108242865562,1612011146522.2485,1612011146522.2485,1.212177480246898e-06,259956.7194044665,1.0956780864005818e+41,4097301.813615699,4097301813615699.0,33707.782009141345,True,0.001,1000000.0,8.49287307147506e-12,3.833241765943963e-07,5.040399376113197e-06,332498076838.14294,0.06410526225036725,0.5,0.9999992997529314,0.99999980739646,0.09999999999999999,5.654527778699134e-38,0.9999999999998856,2.6005548266581544e-15
0.6088893457668589,5.019590280443772e-06,14.58108242865562,2259657675040.9424,2259657675040.9424,1.249418489571962e-06,254774.72202220967,2.0265100539497724e+41,7810978.815625348,7810978815625348.0,64259.550106897565,False,0.001,1000000.0,2.8433921883674884e-12,3.9510081777747347e-07,1.0778293504161843e-05,393664672557.7193,0.06607473017742801,0.5,0.9999985288678772,0.9999996033574886,0.10000000000000003,3.057247194006548e-38,0.9999999999998721,1.2712394763147221e-15
0.6088893457668589,5.173804173613884e-06,14.58108242865562,3182826166105.859,3182826166105.859,1.2878036323248041e-06,249933.4552332517,3.78447696238838e+41,15035029.34977949,1.503502934977949e+16,123690.5443819823,True,0.001,1000000.0,9.222622665561175e-13,4.0723926571844214e-07,2.3203055683714592e-05,467209405776.01514,0.06810470489877618,0.5,0.9999968769449114,0.9999991720393129,0.09999999999999998,1.6370933784609432e-38,0.9999999999998559,6.166275818209637e-16
0.6088893457668589,5.332755888701321e-06,14.58108242865562,4499088013599.045,4499088013599.045,1.3273680590377072e-06,245438.61478124256,7.11779655201958e+41,29146452.42189843,2.9146452421898428e+16,239782.74222132046,False,0.001,1000000.0,2.894351425197783e-13,4.197506359916004e-07,5.014968371597997e-05,555478638081.6759,0.07019704532874317,0.5,0.9999933168847737,0.9999982517722606,0.10000000000000003,8.70429792532648e-39,0.9999999999998366,2.976026568511162e-16
0.6088893457668589,5.496590982997056e-06,14.58108242865562,6373132285564.911,6373132285564.911,1.368148000151897e-06,241298.75446367334,1.3443706549578827e+42,56741507.86784394,5.6741507867843944e+16,466802.4141456753,True,0.001,1000000.0,8.781864124784988e-14,4.3264638566843887e-07,0.00010849016905026107,661121961484.5082,0.07235366749198217,0.5,0.9999856231693696,0.9999962748653247,0.1,4.608507447864591e-39,0.9999999999998134,1.4335217746726738e-16
0.6088893457668589,5.665459485662328e-06,14.58108242865562,9032381426109.307,9032381426109.307,1.4101807991949436e-06,237522.8327501016,2.541758365641507e+42,110575223.88266379,1.1057522388266379e+17,909682.9356975515,True,0.001,1000000.0,2.5757174171303632e-14,4.4593832380925616e-07,0.0002341171910293005,787057119832.4135,0.07457654627803474,0.5,0.9999690033465508,0.9999920109852787,0.09999999999999998,2.4375024234454815e-39,0.9999999999997852,6.915223008404301e-17
0.6088893457668589,5.839516035115261e-06,14.58108242865562,12785112553386.941,12785112553386.941,1.4535049469774526e-06,234122.39880819534,4.793529458834574e+42,214941702.0399231,2.149417020399231e+17,1768287.6113639146,True,0.001,1000000.0,7.327471962526033e-15,4.596386222771023e-07,0.0005020736317162081,936391354498.3505,0.07686771724980178,0.5,0.999933244474173,0.9999828059716852,0.09999999999999998,1.2924802547412089e-39,0.9999999999997506,3.353334052174139e-17
0.6088893457668589,6.01892002063832e-06,14.58108242865562,18039346973975.05,18039346973975.05,1.4981601168403588e-06,231111.98731750678,8.982650018574979e+42,415156153.0996365,4.151561530996365e+17,3415416.7169069583,False,0.001,1000000.0,1.9984014443252818e-15,4.737598268839516e-07,0.00106564655589136,1112283573392.5818,0.07922927850757505,0.5,0.9998569099313606,0.9999629832083841,0.10000000000000003,6.89723206765532e-40,0.999999999999708,1.6413580146130102e-17
0.6088893457668589,6.2038357283362964e-06,14.58108242865562,25318824084053.492,25318824084053.492,1.5441872009851054e-06,228508.15112580205,1.665583782019516e+43,793442027.1906024,7.934420271906024e+17,6527508.127557369,True,0.001,1000000.0,5.551115123125783e-16,4.883148688793138e-07,0.002228666448382544,1317731364537.5068,0.08166339261033641,0.5,0.9996959147735316,0.9999205590559164,0.1,3.719742136629069e-40,0.999999999999655,8.14547340893507e-18
0.6088893457668589,6.394432491578491e-06,14.58108242865562,35269645297147.22,35269645297147.22,1.591628347919973e-06,226330.53875858107,3.0422729126381106e+43,1493786756.8963869,1.4937867568963868e+18,12289121.148527708,True,0.001,1000000.0,1.1102230246251565e-16,5.033170767918036e-07,0.004570867874385051,1555269529483.7751,0.08417228855608394,0.5,0.9993619476317867,0.9998306844773805,0.1,2.0364846790459464e-40,0.9999999999995887,4.1179790265818956e-18
0.6641628517547797,4.897026035841621e-06,14.58108242865562,4119815404583.572,4119815404583.572,9.515518861186907e-07,26779123.14129953,7.077676171667515e+41,22662516.70502872,2.266251670502872e+16,186440.54248898968,True,0.001,1000000.0,8.905733039910047e-09,3.0090712719642214e-07,1.4070431106722822e-05,531549845230.3762,0.050322237624845,0.55,0.9999966200971685,0.9999985628127874,0.1,5.334693034054248e-39,0.9999999995631889,4.225101926287837e-12
0.6641628517547797,5.0474744604639924e-06,14.58108242865562,5046594002973.387,5046594002973.387,9.80785849990888e-07,26082727.16596631,9.996511599192474e+41,32991923.78494737,3.299192378494737e+16,271418.759367361,False,0.001,1000000.0,3.832974937445499e-09,3.1015171828354406e-07,2.3327323835879125e-05,588307386339.2498,0.05186825786625657,0.55,0.9999945894875408,0.9999977533308662,0.10000000000000002,3.777040560162656e-39,0.9999999995363065,2.6712175692584653e-12
0.6641628517547797,5.20254502274822e-06,14.58108242865562,6220830194759.741,6220830194759.741,1.010917951585419e-06,25413550.008189186,1.4297661118170986e+42,48636899.57540725,4.863689957540725e+16,400127.2259320304,True,0.001,1000000.0,1.6105019540191279e-09,3.1968032545617497e-07,3.9064953103931055e-05,653174604394.2122,0.05346177557001615,0.55,0.9999912255755347,0.9999964380386849,0.09999999999999999,2.640797642231185e-39,0.9999999995060079,1.6689140759643174e-12
0.6641628517547797,5.362379725886551e-06,14.58108242865562,7713384067747.073,7713384067747.073,1.0419757838545015e-06,24771295.65793143,2.0690680957418746e+42,72546653.62569,7.254665362569e+16,596828.5708856506,True,0.001,1000000.0,6.601227342528659e-10,3.295016743719526e-07,6.601883838695901e-05,727323459345.6616,0.05510424997247076,0.55,0.9999855953079756,0.9999942756979708,0.1,1.8248422972637052e-39,0.9999999994717386,1.0313534669520093e-12
0.6641628517547797,5.527124935751033e-06,14.58108242865562,9615396574385.658,9615396574385.658,1.0739877874722495e-06,24155669.079366975,3.026466273977822e+42,109375526.37577339,1.0937552637577339e+17,899813.2351290482,True,0.001,1000000.0,2.637520202242172e-10,3.39624758761716e-07,0.00011246501494534326,812061120218.1118,0.05679718514121969,0.55,0.9999760844210259,0.9999906817958613,0.09999999999999998,1.2475681653858442e-39,0.9999999994328334,6.311080808587183e-13
0.6641628517547797,5.696931514925542e-06,14.58108242865562,12043505691350.746,12043505691350.746,1.106983276878729e-06,23566469.842331167,4.4691388426125426e+42,166475328.93732423,1.6647532893732422e+17,1369563.2767573684,True,0.001,1000000.0,1.0264400440718191e-10,3.5005884866535926e-07,0.00019286715067942062,908827748556.7957,0.05854213135243849,0.55,0.9999598894838756,0.9999846488775804,0.1,8.448435168376764e-40,0.999999999388491,3.8289810714973025e-13
0.6641628517547797,5.871954960855575e-06,14.58108242865562,15145933519918.504,15145933519918.504,1.1409924671241497e-06,23003511.36992594,6.653139979132489e+42,255443239.14626524,2.5544323914626525e+17,2101486.639875554,True,0.001,1000000.0,3.887645760869418e-11,3.6081349892071025e-07,0.0003324437737906642,1019185275343.8312,0.06034068651051754,0.55,0.9999321323803141,0.9999744322783921,0.09999999999999999,5.675099259704684e-40,0.9999999993377415,2.30672687447199e-13
0.6641628517547797,6.052355548242364e-06,14.58108242865562,19109269021769.926,19109269021769.926,1.1760465015377764e-06,22466707.880070638,9.968717369531225e+42,394501584.6358816,3.945015846358816e+17,3245495.211745797,False,0.001,1000000.0,1.4318435326288181e-11,3.718985579132088e-07,0.0005749436775107031,1144793499524.806,0.06219449761131546,0.55,0.9998843263654281,0.9999570015252248,0.10000000000000002,3.787571496980052e-40,0.9999999992794041,1.3822631428250427e-13
0.6641628517547797,6.238298475811674e-06,14.58108242865562,24165508100792.45,24165508100792.45,1.212177480246898e-06,21956042.135688327,1.5005814100393135e+43,612083606.4603338,6.120836064603338e+17,5035504.269998387,True,0.001,1000000.0,5.1236792586450974e-12,3.833241765943963e-07,0.0009956413376609845,1287369106401.383,0.06410526225036725,0.55,0.9998017447509945,0.9999270871545867,0.09999999999999999,2.5161733657154414e-40,0.9999999992120333,8.2549842528937e-14
0.6641628517547797,6.429954017591674e-06,14.58108242865562,30598510743021.996,30598510743021.996,1.249418489571962e-06,21471523.297294956,2.2645652808018026e+43,952089438.9045401,9.5208943890454e+17,7832672.504903744,False,0.001,1000000.0,1.7797985307765884e-12,3.9510081777747347e-07,0.0017225255435497934,1448622619496.1294,0.06607473017742801,0.55,0.9996589691498705,0.9998755374072763,0.10000000000000002,1.6673058661801052e-40,0.9999999991338502,4.9240803849710083e-14
0.6641628517547797,6.627497678838454e-06,14.58108242865562,38748467038278.79,38748467038278.79,1.2878036323248041e-06,21013284.01671999,3.4182976997189773e+43,1481305048.5791664,1.4813050485791665e+18,12186436.32759008,False,0.001,1000000.0,5.99631455600047e-13,4.0723926571844214e-07,0.002969725982159663,1630168062155.461,0.06810470489877618,0.55,0.999412496979129,0.9997865172467088,0.10000000000000003,1.1045623607736243e-40,0.9999999990426525,2.940890196611837e-14
0.7179427725842294,6.172506377116976e-06,14.58108242865562,34551525072231.53,34551525072231.53,9.515518861186907e-07,579614216.3540827,3.133367600104202e+43,1084536179.5947108,1.0845361795947109e+18,8922288.565934364,True,0.001,1000000.0,5.856799822900882e-09,3.0090712719642214e-07,0.0008631385541308028,1539354792757.4233,0.050322237624845,0.6,0.9997084024760214,0.999851658725318,0.1,7.584562001069391e-41,0.9999997852491991,2.8141264944924e-11
0.7179427725842294,6.36214062729494e-06,14.58108242865562,40006534893156.086,40006534893156.086,9.80785849990888e-07,564054623.1346662,3.9541700801144836e+43,1410684059.1471918,1.4106840591471918e+18,11605449.857632622,False,0.001,1000000.0,2.6051701906837366e-09,3.1015171828354406e-07,0.0012732351500503807,1656420459355.632,0.05186825786625657,0.6,0.999582170100628,0.9997907003199573,0.10000000000000002,6.010166571905338e-41,0.9999997742303502,1.9878355440464684e-11
0.7179427725842294,6.557600897997382e-06,14.58108242865562,46480166778908.53,46480166778908.53,1.010917951585419e-06,549063958.8875408,5.02395096948719e+43,1847402481.4162738,1.847402481416274e+18,15198255.573897846,True,0.001,1000000.0,1.1324274851176597e-09,3.1968032545617497e-07,0.0018850097130405556,1785414083937.175,0.05346177557001615,0.6,0.9993968283305847,0.9997020998073766,0.1,4.730384707070123e-41,0.9999997619403019,1.3954379147903143e-11
0.7179427725842294,6.75906617859526e-06,14.58108242865562,54157967610378.625,54157967610378.625,1.0419757838545015e-06,534632959.63209593,6.420240826967056e+43,2433375697.950159,2.433375697950159e+18,20018954.25430318,True,0.001,1000000.0,4.80702144756151e-10,3.295016743719526e-07,0.0027977654445914095,1927242199523.8264,0.05510424997247076,0.6,0.9991235736711795,0.99957256699803,0.1,3.701608938921859e-41,0.9999997481929602,9.745109913889055e-12
0.2540468430432572,7.090031211028554e-07,14581082.428655619,8.526902998341486e-67,14581082.428655619,1.591628347919973e-06,1.5308505976565545e-89,4.229443582554274e+32,0.008664611563651812,8664611.563651811,7.12822367175645e-05,True,1.0,1000000000.0,7.478578201158825e-09,5.033170767918036e-07,0.0,1000000000.0,0.08417228855608394,0.2,1.0,1.0,3.4198189524326556e-148,1.191526761657203e-27,1.0,1.1022651736713686e-193
0.2540468430432572,7.30785403214806e-07,14581082.428655619,1.136238153849327e-65,14581082.428655619,1.6405270010568486e-06,1.6252400832730423e-89,3.981069889896057e+32,0.008406348313401233,8406348.313401233,6.915755034188924e-05,True,1.0,1000000000.0,1.5157802790710662e-09,5.1878018863451e-07,0.0,1000000000.0,0.08675826382299838,0.2,1.0,1.0,6.072383711167826e-146,1.2658645426755646e-27,1.0,1.2423830550613873e-193
0.2540468430432572,7.532368894527787e-07,14581082.428655619,1.7258829814634122e-64,14581082.428655619,1.690927938493778e-06,1.7408032713443993e-89,3.747281919922294e+32,0.008155783031598524,8155783.031598523,6.709619379988445e-05,True,1.0,1000000000.0,2.930654607880001e-10,5.347183644853445e-07,0.0,1000000000.0,0.08942368647331904,0.2,1.0,1.0,1.4010162171627313e-143,1.3448401596742515e-27,1.0,1.425344545534206e-193
0.2540468430432572,7.763781393779791e-07,14581082.428655619,3.0012497064253956e-63,14581082.428655619,1.7428773140197377e-06,1.8831193879825754e-89,3.527223127384774e+32,0.007912686267409437,7912686.267409437,6.509627943985777e-05,True,1.0,1000000000.0,5.397282620833721e-11,5.511461994538886e-07,0.0,1000000000.0,0.09217099732185598,0.2,1.0,1.0,4.2366709117236457e-141,1.428742961114915e-27,1.0,1.6679236983796283e-193
0.2540468430432572,8.002303441908107e-07,14581082.428655619,6.000113476322372e-62,14581082.428655619,1.7964226993791749e-06,2.059866720881576e-89,3.3200872675776734e+32,0.007676835409165894,7676835.409165894,6.315597587473507e-05,True,1.0,1000000000.0,9.45410416619552e-12,5.680787370466141e-07,0.0,1000000000.0,0.0950027121711242,0.2,1.0,1.0,1.6933214032735552e-138,1.5178803475275923e-27,1.0,1.995715876383785e-193
0.2540468430432572,8.248153461363507e-07,14581082.428655619,1.3845588382829955e-60,14581082.428655619,1.8516131278350073e-06,2.2819345013323704e-89,3.1251154424427495e+32,0.007448014480513174,7448014.480513174,6.12735063049992e-05,True,1.0,1000000000.0,1.5726309143815342e-12,5.855314829427141e-07,0.0,1000000000.0,0.09792142411514633,0.2,1.0,1.0,9.016610353943133e-136,1.612578897755408e-27,1.0,2.449214484266268e-193
0.2540468430432572,8.501556585060075e-07,14581082.428655619,3.7014428475440905e-59,14581082.428655619,1.9084991390699873e-06,2.565325775742667e-89,2.9415933201417467e+32,0.007226013942633325,7226013.942633324,5.9447146891616724e-05,True,1.0,1000000000.0,2.4802382370125997e-13,6.035204191931607e-07,0.0,1000000000.0,0.10092980591403355,0.2,1.0,1.0,6.444104371671776e-133,1.7131855654641935e-27,1.0,3.0953197553775587e-193
0.2540468430432572,8.762744862536817e-07,14581082.428655619,1.1502919825193331e-57,14581082.428655619,1.9671328254675488e-06,2.9350400214736993e-89,2.768848517909131e+32,0.007010630502363568,7010630.502363568,5.767522517746184e-05,True,1.0,1000000000.0,3.708144902248023e-14,6.220620188559933e-07,0.0,1000000000.0,0.10403061244151983,0.2,1.0,1.0,6.2235281088712826e-130,1.8200689503007765e-27,1.0,4.05180489644896e-193
0.2540468430432572,9.031957472453002e-07,14581082.428655619,4.1679018551423025e-56,14581082.428655619,2.0275678798145043e-06,3.4345169451274846e-89,2.6062481385965908e+32,0.0068016669260341145,6801666.926034114,5.595611855579268e-05,True,1.0,1000000000.0,5.218048215738236e-15,6.411732610812372e-07,0.0,1000000000.0,0.10722668320768988,0.2,1.0,1.0,8.170627987128738e-127,1.9336206483571414e-27,1.0,5.548196022641818e-193
0.2540468430432572,9.309440941611905e-07,14581082.428655619,1.7651620109524988e-54,14581082.428655619,2.0898596444692916e-06,4.6795154666511225e-89,2.4531964518837255e+32,0.006598931858854825,6598931.858854825,5.428825278437722e-05,True,1.0,1000000000.0,6.661338147750939e-16,6.608716466592673e-07,0.0,1000000000.0,0.11052094495921158,0.2,1.0,1.0,1.465512793920554e-123,2.0542566868882748e-27,1.0,1.0299644711865625e-192
0.2540468430432572,9.595449370713468e-07,14581082.428655619,8.754813809063772e-53,14581082.428655619,2.1540651620407816e-06,6.917640999082582e-89,2.3091327116594345e+32,0.006402239649685366,6402239.649685366,5.2670100543908074e-05,True,1.0,1000000000.0,1.1102230246251565e-16,6.811752140468544e-07,0.0,1000000000.0,0.11391641435945368,0.2,1.0,1.0,3.605074951290268e-120,2.1824190485401557e-27,1.0,2.2507979434906753e-192
0.2540468430432572,9.89024466704263e-07,14581082.428655619,5.0915796612194684e-51,14581082.428655619,2.2202432276240635e-06,1.0491152739223703e-88,2.1735291015773826e+32,0.006211410181028383,6211410.181028383,5.110018003938622e-05,True,1.0,1000000000.0,0.0,7.021025558855714e-07,0.0,1000000000.0,0.11741620075094333,0.2,1.0,1.0,1.2193420633134591e-116,2.3185772906723217e-27,1.0,5.176865594183559e-192
0.2540468430432572,1.0194096784306418e-06,14581082.428655619,3.473879075243628e-49,14581082.428655619,2.2884544426410408e-06,1.6347485563456674e-88,2.0458888012585306e+32,0.006026268704089999,6026268.704089999,4.9577053643192735e-05,True,1.0,1000000000.0,0.0,7.236728360276843e-07,0.0,1000000000.0,0.12102350900269279,0.2,1.0,1.0,5.676097714055256e-113,2.4632302657078343e-27,1.0,1.2569627130846947e-191
0.2540468430432572,1.0507283969839379e-06,14581082.428655619,2.7794767355611445e-47,14581082.428655619,2.358761270335135e-06,2.621390670981898e-88,1.925744166055763e+32,0.0058466456787566335,5846645.678756634,4.8099326578606166e-05,True,1.0,1000000000.0,0.0,7.459058070851185e-07,0.0,1000000000.0,0.12474164244500298,0.2,1.0,1.0,3.63367897863608e-109,2.6169079488135943e-27,1.0,3.232093894816185e-191
0.2540468430432572,1.0830093019403792e-06,14581082.428655619,2.6043031015772723e-45,14581082.428655619,2.431228092970925e-06,4.3330494376165034e-88,1.8126550137116566e+32,0.0056723766183415635,5672376.618341563,4.666564564255979e-05,True,1.0,1000000000.0,0.0,7.688218285175729e-07,0.0,1000000000.0,0.1285740058944312,0.2,1.0,1.0,3.190094337032168e-105,2.7801733796072333e-27,1.0,8.830956755201222e-191
0.2540468430432572,1.1162819539817932e-06,14581082.428655619,2.8503820759126584e-43,14581082.428655619,2.5059212707910965e-06,7.396120578008565e-88,1.706207011632127e+32,0.005503301938959073,5503301.938959073,4.5274697966469215e-05,True,1.0,1000000000.0,0.0,7.92441885276344e-07,0.0,1000000000.0,0.1325241087716931,0.2,1.0,1.0,3.821436316678643e-101,2.953624725004525e-27,1.0,2.572932752455996e-190
0.2540468430432572,1.1505768219652916e-06,14581082.428655619,3.630375344707258e-41,14581082.428655619,2.5829092027846854e-06,1.3060838135260827e-87,1.6060101588672818e+32,0.00533926681338827,5339266.81338827,4.3925209813995676e-05,True,1.0,1000000000.0,0.0,8.167876070209329e-07,0.0,1000000000.0,0.13659556831535435,0.2,1.0,1.0,6.199027000892856e-97,3.13789747076512e-27,1.0,8.023476117791441e-190
0.2540468430432572,1.1859253108246002e-06,14581082.428655619,5.3528034038289763e-39,14581082.428655619,2.6622623893222763e-06,2.3908138166708585e-87,1.5116973572378127e+32,0.005180121029292728,5180121.029292728,4.2615945414643915e-05,True,1.0,1000000000.0,0.0,8.418812879260327e-07,0.0,1000000000.0,0.14079211289425417,0.2,1.0,1.0,1.3476684332205386e-92,3.333666749765935e-27,1.0,2.6885120280402274e-189
0.2540468430432572,1.2223597903285859e-06,14581082.428655619,9.07539381182317e-37,14581082.428655619,2.7440534967154976e-06,4.545936479236514e-87,1.4229230663718579e+32,0.005025718851666126,5025718.8516661255,4.13457058321267e-05,True,1.0,1000000000.0,0.0,8.677459070970343e-07,0.0,1000000000.0,0.145117585421695,0.2,1.0,1.0,3.873926967907654e-88,3.541649815532432e-27,1.0,9.72002083437648e-189
0.2540468430432572,1.259913624723314e-06,14581082.428655619,1.7544596631681461e-34,14581082.428655619,2.828357423759946e-06,8.997982182768144e-87,1.3393620377247063e+32,0.004875918889377933,4875918.889377933,4.011332786645957e-05,True,1.0,1000000000.0,0.0,8.944051496127467e-07,0.0,1000000000.0,0.14957594687452402,0.2,1.0,1.0,1.4477955765704091e-83,3.762608670090256e-27,1.0,3.808120897112562e-188
0.2540468430432572,1.2986212032847793e-06,14581082.428655619,3.8278820331317485e-32,14581082.428655619,2.9152513703224606e-06,1.858232220724701e-86,1.2607081229430815e+32,0.004730583965696926,4730583.965696926,3.891768298878054e-05,True,1.0,1000000000.0,0.0,9.218834282145973e-07,0.0,1000000000.0,0.1541712799203292,0.2,1.0,1.0,6.89187767446044e-79,3.997352855765058e-27,1.0,1.6241287053990803e-187
0.2540468430432572,1.3385179718102963e-06,14581082.428655619,9.311052004452877e-30,14581082.428655619,3.004814908035579e-06,4.013526614069704e-86,1.186673152208119e+32,0.004589580992673953,4589580.992673953,3.775767630791927e-05,True,1.0,1000000000.0,0.0,9.502059056621815e-07,0.0,1000000000.0,0.15890779265607205,0.2,1.0,1.0,4.077725381302089e-74,4.246742421159036e-27,1.0,7.576572165422846e-187
0.2540468430432572,1.3796404650773716e-06,14581082.428655619,2.4890860149428268e-27,14581082.428655619,3.0971300531638755e-06,9.088927786626636e-86,1.1169858784475612e+32,0.0044527808492689485,4452780.849268949,3.6632245567769343e-05,True,1.0,1000000000.0,0.0,9.79398517775623e-07,0.0,1000000000.0,0.1637898224615794,0.2,1.0,1.0,2.914072008481479e-69,4.5116910721708115e-27,1.0,3.885489821212648e-186
0.2540468430432572,1.4220263402997998e-06,14581082.428655619,7.192762581526858e-25,14581082.428655619,3.1922813417089495e-06,2.1637188966322685e-85,1.051390983548986e+32,0.0043200582631105645,4320058.263110564,3.554036017454556e-05,True,1.0,1000000000.0,0.0,1.0094879971858551e-06,0.0,1000000000.0,0.16882183997142453,0.2,1.0,1.0,2.433391129302707e-64,4.7931695196032985e-27,1.0,2.2020244952912727e-185
0.2540468430432572,1.4657144116116057e-06,14581082.428655619,2.204834060219078e-22,14581082.428655619,3.2903559068218043e-06,5.429823120421371e-85,9.896481429330804e+31,0.00419129169578016,4191291.6957801594,3.448102025303549e-05,True,1.0,1000000000.0,0.0,1.0405018978145662e-06,0.0,1000000000.0,0.17400845316883332,0.2,1.0,1.0,2.286505699763052e-59,5.0922090356243926e-27,1.0,1.3867297562445747e-184
0.2540468430432572,1.5107446856104194e-06,14581082.428655619,7.018682439494266e-20,14581082.428655619,3.3914435585935347e-06,1.4405124734711276e-84,9.315311450597604e+31,0.004066363231515086,4066363.2315150853,3.3453255730980954e-05,True,1.0,1000000000.0,0.0,1.0724686201062285e-06,0.0,1000000000.0,0.17935441160536578,0.2,1.0,1.0,2.3170299962578196e-54,5.409905232110554e-27,1.0,9.760105592767098e-184
0.2540468430432572,1.5571583979928252e-06,14581082.428655619,2.2659977383056103e-17,14581082.428655619,3.4956368662973587e-06,4.052290667298703e-84,8.76827062641217e+31,0.003945158469229366,3945158.469229366,3.245612545075113e-05,True,1.0,1000000000.0,0.0,1.1054174370353137e-06,0.0,1000000000.0,0.18486461075023553,0.2,1.0,1.0,2.4151238901363463e-49,5.747422074716243e-27,1.0,7.72363334007702e-183
0.2540468430432572,1.604998051315243e-06,14581082.428655619,7.22876811630185e-15,14581082.428655619,3.6030312431573415e-06,1.2125476787598258e-83,8.253354725254002e+31,0.0038275664177528732,3827566.417752873,3.148871630749363e-05,True,1.0,1000000000.0,0.0,1.1393785209125165e-06,0.0,1000000000.0,0.19054409647325168,0.2,1.0,1.0,2.457814246543829e-44,6.105996147375865e-27,1.0,6.915412951294823e-182
0.2540468430432572,1.6543074539149066e-06,14581082.428655619,2.2147455972176967e-12,14581082.428655619,3.7137250337214004e-06,3.871965254103111e-83,7.768677213917763e+31,0.0037134793941930805,3713479.3941930807,3.055014241297458e-05,True,1.0,1000000000.0,0.0,1.1743829710145246e-06,0.0,1000000000.0,0.19639806966548662,0.2,1.0,1.0,2.307109268089402e-39,6.48694118286233e-27,1.0,7.051530239566453e-181
0.2540468430432572,1.7051317600265996e-06,14581082.428655619,6.32005538212357e-10,14581082.428655619,3.827819603918642e-06,1.323962636957137e-82,7.312462345690296e+31,0.003602792925326306,3602792.925326306,2.9639544284341625e-05,True,1.0,1000000000.0,0.0,1.2104628420626495e-06,0.0,1000000000.0,0.20243189100190292,0.2,1.0,1.0,1.8787207747521346e-34,6.891652876001244e-27,1.0,8.244644389402664e-180
0.2540468430432572,1.7575175111318583e-06,14581082.428655619,1.6257383430599398e-07,14581082.428655619,3.9454194338834435e-06,4.8648152234618375e-82,6.883038654423944e+31,0.003495405651928169,3495405.651928169,2.8756088057067477e-05,True,1.0,1000000000.0,0.0,1.2476511735763788e-06,0.0,1000000000.0,0.20865108585029815,0.2,1.0,1.0,1.2431449417665741e-29,7.321613997175058e-27,1.0,1.1131486622179496e-178
0.2540468430432572,1.8115126785785379e-06,14581082.428655619,3.642006941413562e-05,14581082.428655619,4.066632213631354e-06,1.9279461848596712e-81,6.478832830669686e+31,0.0033912192359556183,3391219.2359556183,2.7898964721352706e-05,True,1.0,1000000000.0,0.0,1.2859820201287514e-06,0.0,1000000000.0,0.21506134933106594,0.2,1.0,1.0,6.238813571414466e-25,7.778399824852132e-27,1.0,1.7482771613775129e-177
0.2540468430432572,1.8671667075097422e-06,14581082.428655619,0.0068550739211948085,14581082.428655619,4.19156894167435e-06,8.27196863670181e-81,6.098363957433914e+31,0.0032901382704955775,3290138.2704955777,2.7067389381289128e-05,True,1.0,1000000000.0,0.0,1.3254904825312413e-06,0.0,1000000000.0,0.22166855153240345,0.2,1.0,1.0,2.210267075891751e-20,8.263683917043983e-27,1.0,3.2183867238352205e-176
0.2540468430432572,1.924530562142364e-06,14581082.428655619,1.0449247605913907,14581082.428655619,4.320344026665824e-06,3.857536377420822e-80,5.7402380844397915e+31,0.0031920701923976984,3192070.1923976983,2.626060053610477e-05,True,1.0,1000000000.0,0.0,1.3662127399767237e-06,0.0,1000000000.0,0.2284787428857442,0.2,1.0,1.0,5.135591963212817e-16,8.779244242836234e-27,1.0,6.999073114563487e-175
0.2540468430432572,1.9836567724366815e-06,14581082.428655619,124.28928838481936,14581082.428655619,4.453075392168321e-06,1.9631440402108788e-79,5.4031431210147005e+31,0.003096925197511264,3096925.1975112637,2.5477859382832824e-05,True,1.0,1000000000.0,0.0,1.4081860831699427e-06,0.0,1000000000.0,0.2354981597063354,0.2,1.0,1.0,7.265874174738623e-12,9.326969696457578e-27,1.0,1.812695270565005e-173
0.2540468430432572,2.044599482199773e-06,14581082.428655619,11119.670906882413,14581082.428655619,4.58988458464002e-06,1.0948084275170318e-78,5.085844028892329e+31,0.003004616158448574,3004616.158448574,2.4718449139765408e-05,True,1.0,1000000000.0,0.0,1.4514489484758355e-06,0.0,1000000000.0,0.24273322990403684,0.2,1.0,1.0,5.8157313720006096e-08,9.908867017753018e-27,1.0,5.637632127936381e-172
0.2540468430432572,2.107414498666762e-06,14581082.428655619,722119.8922755504,14581082.428655619,4.730896884738789e-06,6.719175138715903e-78,4.787178297317106e+31,0.0029150585447995604,2915058.54479956,2.3981674390073268e-05,True,1.0,1000000000.0,0.0,1.4960409531169653e-06,0.0,1000000000.0,0.2501905788695678,0.2,1.0,1.0,0.0002452669820399477,1.0527068144416167e-26,1.0,2.123500621863627e-170
0.2540468430432572,2.2388933059903357e-06,14581082.428655619,1022058960.7229432,1022058960.7229432,5.02605129331374e-06,3.4326953418145344e-76,2.0839394907930036e+35,13.481437954259135,13481437954.259136,0.11090942098085674,True,1.0,1000000000.0,0.0,1.589376972370643e-06,7.133123877832633e-11,8372267435.121255,0.2657996386602145,0.2,0.999999999999016,0.9999999999999926,0.1,2.418254098930218e-30,1.0,1.128024730240146e-170
0.2540468430432572,2.3076774962965497e-06,14581082.428655619,21055759303.55511,21055759303.55511,5.180463684347785e-06,2.8830338888881574e-75,8.325140751742306e+37,5551.16855706945,5551168557069.45,45.66848822214862,True,1.0,1000000000.0,0.0,1.6382064578326576e-06,3.055510117141251e-08,38000610263.647934,0.2739656432125574,0.2,0.9999999995178098,0.9999999999954603,0.09999999999999999,6.053345361732238e-33,1.0,1.8748118073518131e-171
0.2540468430432572,2.3785749024596447e-06,14581082.428655619,281992821012.02954,281992821012.02954,5.339619995631228e-06,2.712604516147201e-74,1.4055375095737054e+40,965999.6899336649,965999689933664.9,7947.109695696971,True,1.0,1000000000.0,0.0,1.688536102597301e-06,5.539057136765309e-06,139067018422.45602,0.2823825270764187,0.2,0.9999998973458363,0.9999999987272703,0.09999999999999998,3.585457649622737e-35,1.0,9.253304559448203e-172
0.2540468430432572,2.4516504475562432e-06,14581082.428655619,2421937865098.385,2421937865098.385,5.503665971810474e-06,2.8722562937261145e-73,9.759080395427116e+41,69132961.22844943,6.913296122844944e+16,568744.7234155749,True,1.0,1000000000.0,0.0,1.7404119951685156e-06,0.00041508871740329533,407555366416.2519,0.29105799786799463,0.2,0.999990664938348,0.9999998405423101,0.09999999999999999,5.1639037812355e-37,1.0,1.406437330761954e-171
0.2540468430432572,2.5269710492561233e-06,14581082.428655619,13272817375353.404,13272817375353.404,5.672751835158214e-06,3.438227716859254e-72,2.7588348597694156e+43,2014390599.7775085,2.0143905997775086e+18,16572037.479134165,False,1.0,1000000000.0,0.0,1.7938816399999998e-06,0.012779587594150911,954084140803.143,0.3,0.2,0.9996362557083119,0.9999909923377344,0.1,1.8266751986575723e-38,1.0,6.710316989213033e-171
0.3154833644589709,1.0514279023563288e-06,14581082.428655619,7.438003922660618e-28,14581082.428655619,1.4101807991949436e-06,6.656429797370557e-44,1.9231826584319975e+32,0.004334930996672808,4334930.996672808,3.5662715540003434e-05,True,1.0,1000000000.0,2.8515099170789426e-09,4.4593832380925616e-07,0.0,1000000000.0,0.07457654627803474,0.25,1.0,1.0,2.6021556816008676e-70,9.353411987037354e-28,1.0,2.0840262353683113e-102
0.3154833644589709,1.0837302978011854e-06,14581082.428655619,3.88605930172551e-27,14581082.428655619,1.4535049469774526e-06,6.783107515003185e-44,1.8102439303919078e+32,0.004205721122624993,4205721.122624993,3.459972861203073e-05,True,1.0,1000000000.0,6.996563328698358e-10,4.596386222771023e-07,0.0,1000000000.0,0.07686771724980178,0.25,1.0,1.0,7.102959153649212e-69,9.936959007919912e-28,1.0,2.1641027233042946e-102
0.3154833644589709,1.117025100570536e-06,14581082.428655619,2.1977588900837412e-26,14581082.428655619,1.4981601168403588e-06,6.94431079790635e-44,1.7039375189627175e+32,0.004080362565141217,4080362.565141218,3.356842578864544e-05,True,1.0,1000000000.0,1.647234570967271e-10,4.737598268839516e-07,0.0,1000000000.0,0.07922927850757505,0.25,1.0,1.0,2.271854746215469e-67,1.0556912756748683e-27,1.0,2.268186542553436e-102
0.3154833644589709,1.151342799805639e-06,14581082.428655619,1.348110168348935e-25,14581082.428655619,1.5441872009851054e-06,7.145529036652423e-44,1.6038739419500521e+32,0.003958740529285062,3958740.5292850616,3.256786267207836e-05,True,1.0,1000000000.0,3.7165159838536965e-11,4.883148688793138e-07,0.0,1000000000.0,0.08166339261033641,0.25,1.0,1.0,8.548132370253483e-66,1.1215544601198094e-27,1.0,2.401536803373057e-102
0.3154833644589709,1.1867148213475453e-06,14581082.428655619,8.985003781910905e-25,14581082.428655619,1.591628347919973e-06,7.393641889740111e-44,1.5096865894662444e+32,0.00384074364177532,3840743.6417753203,3.159712301391643e-05,True,1.0,1000000000.0,8.025247133502944e-12,5.033170767918036e-07,0.0,1000000000.0,0.08417228855608394,0.25,1.0,1.0,3.797143396778139e-64,1.191526761657203e-27,1.0,2.5712084891736664e-102
0.3154833644589709,1.2231735565147707e-06,14581082.428655619,6.5167246477262985e-24,14581082.428655619,1.6405270010568486e-06,7.697288894400098e-44,1.4210303807561926e+32,0.0037262638489978504,3726263.8489978504,3.065531787606418e-05,True,1.0,1000000000.0,1.656341730438271e-12,5.1878018863451e-07,0.0,1000000000.0,0.08675826382299838,0.25,1.0,1.0,1.997465154985168e-62,1.2658645426755646e-27,1.0,2.7867373822061803e-102
0.3154833644589709,1.2607523917650849e-06,14581082.428655619,5.1500040996077797e-23,14581082.428655619,1.690927938493778e-06,8.067488170580178e-44,1.3375804999009965e+32,0.0036151963180573402,3615196.31805734,2.9741584816713958e-05,True,1.0,1000000000.0,3.262945469373335e-13,5.347183644853445e-07,0.0,1000000000.0,0.08942368647331904,0.25,1.0,1.0,1.2474858245324088e-60,1.3448401596742515e-27,1.0,3.0612383428981395e-102
0.3154833644589709,1.2994857392685849e-06,14581082.428655619,4.43872618936607e-22,14581082.428655619,1.7428773140197377e-06,8.51837723351371e-44,1.259031205767277e+32,0.0035074393407783866,3507439.3407783867,2.8855087100579727e-05,True,1.0,1000000000.0,6.128431095930864e-14,5.511461994538886e-07,0.0,1000000000.0,0.09217099732185598,0.25,1.0,1.0,9.266957709467304e-59,1.428742961114915e-27,1.0,3.4129836463883573e-102
0.3154833644589709,1.3394090684200488e-06,14581082.428655619,4.1746522217878034e-21,14581082.428655619,1.7964226993791749e-06,9.068553371766798e-44,1.185094711842115e+32,0.0034028942405679888,3402894.2405679887,2.7995012932671124e-05,True,1.0,1000000000.0,1.099120794378905e-14,5.680787370466141e-07,0.0,1000000000.0,0.0950027121711242,0.25,1.0,1.0,8.197115846525014e-57,1.5178803475275923e-27,1.0,3.868089341682446e-102
0.3154833644589709,1.3805589383194198e-06,14581082.428655619,4.284889948557548e-20,14581082.428655619,1.8516131278350073e-06,9.742506336325109e-44,1.1155001318495883e+32,0.003301465282054163,3301465.282054163,2.7160574714906247e-05,True,1.0,1000000000.0,1.887379141862766e-15,5.855314829427141e-07,0.0,1000000000.0,0.09792142411514633,0.25,1.0,1.0,8.635745085691712e-55,1.612578897755408e-27,1.0,4.4643872964274486e-102
0.3154833644589709,1.42297303125017e-06,14581082.428655619,4.797810260315222e-19,14581082.428655619,1.9084991390699873e-06,1.0573487237009782e-43,1.0499924872858833e+32,0.003203059583417931,3203059.583417931,2.6351008324882317e-05,True,1.0,1000000000.0,3.3306690738754696e-16,6.035204191931607e-07,0.0,1000000000.0,0.10092980591403355,0.25,1.0,1.0,1.0826961876328265e-52,1.7131855654641935e-27,1.0,5.258440456874646e-102
0.3154833644589709,1.466690187186204e-06,14581082.428655619,5.8547492313652646e-18,14581082.428655619,1.9671328254675488e-06,1.1607426873688802e-43,9.883317732368075e+31,0.003107587031338388,3107587.0313383876,2.5565572416143697e-05,True,1.0,1000000000.0,0.0,6.220620188559933e-07,0.0,1000000000.0,0.10403061244151983,0.25,1.0,1.0,1.6122673765222436e-50,1.8200689503007765e-27,1.0,6.337126586970564e-102
0.3154833644589709,1.5117504393588944e-06,14581082.428655619,7.773803914632128e-17,14581082.428655619,2.0275678798145043e-06,1.2909924558816109e-43,9.302920790550926e+31,0.003014960198472988,3014960.1984729883,2.4803547739306724e-05,True,1.0,1000000000.0,0.0,6.411732610812372e-07,0.0,1000000000.0,0.10722668320768988,0.25,1.0,1.0,2.8424159632253354e-48,1.9336206483571414e-27,1.0,7.839130216874303e-102
0.3154833644589709,1.5581950509168221e-06,14581082.428655619,1.1204831776863576e-15,14581082.428655619,2.0898596444692916e-06,1.457822144342136e-43,8.756607606758418e+31,0.002925094263397466,2925094.2633974664,2.406423648341947e-05,True,1.0,1000000000.0,0.0,6.608716466592673e-07,0.0,1000000000.0,0.11052094495921158,0.25,1.0,1.0,5.9051529546920815e-46,2.0542566868882748e-27,1.0,9.996076142401288e-102
0.3154833644589709,1.6060665527117929e-06,14581082.428655619,1.747691897543946e-14,14581082.428655619,2.1540651620407816e-06,1.6766213742046058e-43,8.242376615376775e+31,0.002837906932932078,2837906.932932078,2.3346961636953416e-05,True,1.0,1000000000.0,0.0,6.811752140468544e-07,0.0,1000000000.0,0.11391641435945368,0.25,1.0,1.0,1.436647480135453e-43,2.1824190485401557e-27,1.0,1.3221796442103171e-101
0.3154833644589709,1.6554087822457314e-06,14581082.428655619,2.9381526146741025e-13,14581082.428655619,2.2202432276240635e-06,1.9750210665640498e-43,7.758343792552246e+31,0.002753318366783041,2753318.366783041,2.2651066367841812e-05,True,1.0,1000000000.0,0.0,7.021025558855714e-07,0.0,1000000000.0,0.11741620075094333,0.25,1.0,1.0,4.0604032852637346e-41,2.3185772906723217e-27,1.0,1.834695241639574e-101
0.3154833644589709,1.706266923814118e-06,14581082.428655619,5.297642960166539e-12,14581082.428655619,2.2884544426410408e-06,2.7688018426994668e-43,7.302735753561832e+31,0.0026712511044301632,2671251.1044301633,2.197591342199703e-05,True,1.0,1000000000.0,0.0,7.236728360276843e-07,0.0,1000000000.0,0.12102350900269279,0.25,1.0,1.0,1.320036197183765e-38,2.4632302657078343e-27,1.0,3.605821471299595e-101
0.3154833644589709,1.758687549882726e-06,14581082.428655619,1.0183380145799264e-10,14581082.428655619,2.358761270335135e-06,4.09682624259734e-43,6.873883255540351e+31,0.00259162999419371,2591629.99419371,2.1320884539756158e-05,True,1.0,1000000000.0,0.0,7.459058070851185e-07,0.0,1000000000.0,0.12474164244500298,0.25,1.0,1.0,4.877579788493733e-36,2.6169079488135943e-27,1.0,7.89433513392299e-101
0.3154833644589709,1.8127186637355563e-06,14581082.428655619,2.0721693706659186e-09,14581082.428655619,2.431228092970925e-06,6.2153979553596394e-43,6.470215081759217e+31,0.002514382124415547,2514382.124415547,2.0685379889720368e-05,True,1.0,1000000000.0,0.0,7.688218285175729e-07,0.0,1000000000.0,0.1285740058944312,0.25,1.0,1.0,2.019626077951485e-33,2.7801733796072333e-27,1.0,1.8170143240597323e-100
0.3154833644589709,1.8684097434330145e-06,14581082.428655619,4.426871803802782e-08,14581082.428655619,2.5059212707910965e-06,9.681935775786486e-43,6.090252285050415e+31,0.0024394367566915477,2439436.7566915476,2.0068817519469636e-05,True,1.0,1000000000.0,0.0,7.92441885276344e-07,0.0,1000000000.0,0.1325241087716931,0.25,1.0,1.0,9.217525781099365e-31,2.953624725004525e-27,1.0,4.4090483843581913e-100
0.3154833644589709,1.925811787120592e-06,14581082.428655619,9.83527868572043e-07,14581082.428655619,2.5829092027846854e-06,1.5508233853193358e-42,5.7326027692849e+31,0.0023667252610941217,2366725.2610941217,1.9470632822649898e-05,True,1.0,1000000000.0,0.0,8.167876070209329e-07,0.0,1000000000.0,0.13659556831535435,0.25,1.0,1.0,4.54981575693856e-28,3.13789747076512e-27,1.0,1.1312149922580465e-99
0.3154833644589709,1.984977359729538e-06,14581082.428655619,2.2481141432697792e-05,14581082.428655619,2.6622623893222763e-06,2.5581971079498112e-42,5.395956189053155e+31,0.0022961810533255406,2296181.0533255404,1.8890278021944473e-05,True,1.0,1000000000.0,0.0,8.418812879260327e-07,0.0,1000000000.0,0.14079211289425417,0.25,1.0,1.0,2.3771532765162066e-25,3.333666749765935e-27,1.0,3.078140769349073e-99
0.3154833644589709,2.045960641112287e-06,14581082.428655619,0.0005223313096272238,14581082.428655619,2.7440534967154976e-06,4.352833479097659e-42,5.079079148861574e+31,0.0022277395337445167,2227739.533744517,1.8327221667456474e-05,True,1.0,1000000000.0,0.0,8.677459070970343e-07,0.0,1000000000.0,0.145117585421695,0.25,1.0,1.0,1.2832538860186662e-22,3.541649815532432e-27,1.0,8.911782451497906e-99
0.3154833644589709,2.1088174756567292e-06,14581082.428655619,0.012171619615217115,14581082.428655619,2.828357423759946e-06,7.652478588654095e-42,4.78081068425559e+31,0.002161338028210197,2161338.0282101966,1.7780948150042707e-05,True,1.0,1000000000.0,0.0,8.944051496127467e-07,0.0,1000000000.0,0.14957594687452402,0.25,1.0,1.0,6.968145535046081e-20,3.762608670090256e-27,1.0,2.7543854534004536e-98
0.3154833644589709,2.173605423424736e-06,14581082.428655619,0.2803067506855459,14581082.428655619,2.9152513703224606e-06,1.3924545025773432e-41,4.500058008313456e+31,0.0020969157306893987,2096915.7306893987,1.7250957229153526e-05,True,1.0,1000000000.0,0.0,9.218834282145973e-07,0.0,1000000000.0,0.1541712799203292,0.25,1.0,1.0,3.695622342137324e-17,3.997352855765058e-27,1.0,9.119740850967954e-98
0.3154833644589709,2.240383812861804e-06,14581082.428655619,6.278524670956936,14581082.428655619,3.004814908035579e-06,2.627223052046229e-41,4.235792507926764e+31,0.002034413647574532,2034413.6475745318,1.6736763574746113e-05,True,1.0,1000000000.0,0.0,9.502059056621815e-07,0.0,1000000000.0,0.15890779265607205,0.25,1.0,1.0,1.8541107847262233e-14,4.246742421159036e-27,1.0,3.2464921866780325e-97
0.3154833644589709,2.3092137951260474e-06,14581082.428655619,134.4490144469274,14581082.428655619,3.0971300531638755e-06,5.14955421312155e-41,3.9870459751990706e+31,0.0019737745436612247,1973774.543661225,1.6237896322851956e-05,True,1.0,1000000000.0,0.0,9.79398517775623e-07,0.0,1000000000.0,0.1637898224615794,0.25,1.0,1.0,8.502286122487767e-12,4.5116910721708115e-27,1.0,1.2472678819871433e-96
0.3154833644589709,2.3801584000863215e-06,14581082.428655619,2702.732173711392,14581082.428655619,3.1922813417089495e-06,1.0506308604288264e-40,3.7529070601552595e+31,0.0019149428897361701,1914942.8897361702,1.575389864439121e-05,True,1.0,1000000000.0,0.0,1.0094879971858551e-06,0.0,1000000000.0,0.16882183997142453,0.25,1.0,1.0,3.4357890636820354e-09,4.7931695196032985e-27,1.0,5.191833739480142e-96
0.3154833644589709,2.453282594040733e-06,14581082.428655619,50034.18530344174,14581082.428655619,3.2903559068218043e-06,2.235736175000275e-40,3.532517931765253e+31,0.0018578648117272066,1857864.8117272067,1.5284327326839412e-05,True,1.0,1000000000.0,0.0,1.0405018978145662e-06,0.0,1000000000.0,0.17400845316883332,0.25,1.0,1.0,1.1774816157226958e-06,5.0922090356243926e-27,1.0,2.3510484421939138e-95
0.3154833644589709,2.528653339208413e-06,14581082.428655619,836218.16651653,14581082.428655619,3.3914435585935347e-06,4.972710793593523e-40,3.3250711350487873e+31,0.0018024880413690656,1802488.0413690656,1.4828752368363195e-05,True,1.0,1000000000.0,0.0,1.0724686201062285e-06,0.0,1000000000.0,0.17935441160536578,0.25,1.0,1.0,0.00032889681376652114,5.409905232110554e-27,1.0,1.1630727315884294e-94
0.3154833644589709,2.6063396550490067e-06,14581082.428655619,12363667.984287556,14581082.428655619,3.4956368662973587e-06,1.1585366639753877e-39,3.1298066327464417e+31,0.0017487618683396115,1748761.8683396115,1.4386756584053587e-05,True,1.0,1000000000.0,0.0,1.1054174370353137e-06,5.1694667039669115e-15,1000000000.0,0.18486461075023553,0.25,0.9999999999999999,1.0,0.07189772319949721,5.747422074716243e-27,1.0,6.313061710049639e-94
0.3154833644589709,2.686412681466059e-06,14581082.428655619,158451071.53118336,158451071.53118336,3.6030312431573415e-06,2.8336090445055993e-39,3.4789236936566894e+33,0.2003548171009228,200354817.1009228,0.0016482838722978017,True,1.0,1000000000.0,0.0,1.1393785209125165e-06,9.037167701571246e-13,3296497173.385471,0.19054409647325168,0.25,0.9999999999999836,0.9999999999999996,0.1,5.17065659227861e-29,1.0,3.198081294225905e-95
0.3154833644589709,2.7689457439521484e-06,14581082.428655619,1725190192.7642505,1725190192.7642505,3.7137250337214004e-06,7.292550238030274e-39,3.881906486089152e+35,23.043140708638532,23043140708.63853,0.18957186928031636,False,1.0,1000000000.0,0.0,1.1743829710145246e-06,1.0981192650749858e-10,10877362641.77603,0.19639806966548662,0.25,0.9999999999978597,0.999999999999969,0.10000000000000003,4.633887960748546e-31,1.0,1.7868368403017686e-96
0.3154833644589709,2.8540144207354494e-06,14581082.428655619,15652019696.28592,15652019696.28592,3.827819603918642e-06,1.9794654522461303e-38,3.007657957731682e+37,1840.2073663773513,1840207366377.3513,15.13906262685725,True,1.0,1000000000.0,0.0,1.2104628420626495e-06,9.21967537109116e-09,32763501564.03156,0.20243189100190292,0.25,0.9999999998044714,0.9999999999967942,0.09999999999999999,5.980839571334321e-33,1.0,1.5993925962185468e-97
0.3154833644589709,2.9416966119891823e-06,14581082.428655619,116208096238.0618,116208096238.0618,3.9454194338834435e-06,5.680493722842903e-38,1.5605475720965765e+39,98414.03745999697,98414037459996.97,809.6349920616786,True,1.0,1000000000.0,0.0,1.2476511735763788e-06,5.162688177307879e-07,89273653946.90613,0.20865108585029815,0.25,0.9999999878955157,0.9999999997654593,0.1,1.1526928145146592e-34,1.0,2.3894579688126057e-98
0.3154833644589709,3.03207261116736e-06,14581082.428655619,694644947383.5145,694644947383.5145,4.066632213631354e-06,1.7276355071400482e-37,5.248637359778176e+40,3411680.250205202,3411680250205202.0,28067.293890006815,True,1.0,1000000000.0,0.0,1.2859820201287514e-06,1.868259425712722e-05,218266235459.98108,0.21506134933106594,0.25,0.9999995065580431,0.9999999883904578,0.09999999999999999,3.4272361562812284e-36,1.0,6.185552256962146e-99
0.3154833644589709,3.125225178532129e-06,14581082.428655619,3297131880382.5,3297131880382.5,4.19156894167435e-06,5.582357508941475e-37,1.1130380419578432e+42,74571603.07022105,7.457160307022106e+16,613487.4741250854,True,1.0,1000000000.0,0.0,1.3254904825312413e-06,0.00042561654020172864,475524915170.8044,0.22166855153240345,0.25,0.9999870486695289,0.9999996188214675,0.1,1.6161459943452255e-37,1.0,2.866570687164335e-99
0.3154833644589709,3.221239616940056e-06,14581082.428655619,12294714401092.89,12294714401092.89,4.320344026665824e-06,1.92115637385912e-36,1.45676945309477e+43,1005995445.3306884,1.0059954453306884e+18,8276147.746966156,False,1.0,1000000000.0,0.0,1.3662127399767237e-06,0.005985810559750488,918257194803.3236,0.2284787428857442,0.25,0.9997843073861917,0.999991795109294,0.1,1.234808959813491e-38,1.0,2.441678856175017e-99
0.3760877180284293,1.429952791042766e-06,14581082.428655619,5.570419037815976e-10,14581082.428655619,1.249418489571962e-06,1.012233225560412e-21,1.0397672416700588e+32,0.0024753898383645155,2475389.8383645155,2.0364597204422796e-05,True,1.0,1000000000.0,5.650962253689329e-09,3.9510081777747347e-07,0.0,1000000000.0,0.06607473017742801,0.3,1.0,1.0,1.4594734626865569e-34,7.342371033074916e-28,1.0,4.819274310510714e-58
0.3760877180284293,1.4738843819965753e-06,14581082.428655619,1.6298620539328344e-09,14581082.428655619,1.2878036323248041e-06,1.0092253131075467e-21,9.78707004246895e+31,0.0024016067009905158,2401606.7009905158,1.9757596299024864e-05,True,1.0,1000000000.0,1.6449109851990329e-09,4.0723926571844214e-07,0.0,1000000000.0,0.06810470489877618,0.3,1.0,1.0,1.249459453439766e-33,7.800451864808105e-28,1.0,4.7906753334339134e-58
0.3760877180284293,1.5191656571468294e-06,14581082.428655619,5.011742000162923e-09,14581082.428655619,1.3273680590377072e-06,1.0088252629751086e-21,9.212325237554312e+31,0.0023300227935221978,2330022.7935221978,1.9168688071594263e-05,True,1.0,1000000000.0,4.618525561994602e-10,4.197506359916004e-07,0.0,1000000000.0,0.07019704532874317,0.3,1.0,1.0,1.181402488888828e-32,8.287111754648834e-28,1.0,4.7868781031607126e-58
0.3760877180284293,1.5658380820400875e-06,14581082.428655619,1.6210729292426497e-08,14581082.428655619,1.368148000151897e-06,1.0112657817176144e-21,8.671332269434857e+31,0.0022605725642312106,2260572.5642312104,1.8597333239581134e-05,True,1.0,1000000000.0,1.2494649759275944e-10,4.3264638566843887e-07,0.0,1000000000.0,0.07235366749198217,0.3,1.0,1.0,1.2360202236560334e-31,8.804133712288256e-28,1.0,4.810066651440086e-58
0.3760877180284293,1.6139443961442876e-06,14581082.428655619,5.5197648550038866e-08,14581082.428655619,1.4101807991949436e-06,1.0168381338812164e-21,8.162109064541045e+31,0.0021931924152681836,2193192.4152681837,1.8043008594654648e-05,True,1.0,1000000000.0,3.25318660898688e-11,4.4593832380925616e-07,0.0,1000000000.0,0.07457654627803474,0.3,1.0,1.0,1.4330509247125842e-30,9.353411987037354e-28,1.0,4.863222276410171e-58
0.3760877180284293,1.6635286519866772e-06,14581082.428655619,1.9796349947585842e-07,14581082.428655619,1.4535049469774526e-06,1.0258810691161582e-21,7.682789946394812e+31,0.0021278206444240973,2127820.644424097,1.7505206523584007e-05,True,1.0,1000000000.0,8.142264640298436e-12,4.596386222771023e-07,0.0,1000000000.0,0.07686771724980178,0.3,1.0,1.0,1.8432774690829048e-29,9.936959007919912e-28,1.0,4.9501060273270955e-58
0.3760877180284293,1.7146362554941518e-06,14581082.428655619,7.480637909909864e-07,14581082.428655619,1.4981601168403588e-06,1.0388181892618944e-21,7.2316188002008975e+31,0.002064397388627546,2064397.388627546,1.6983434543400398e-05,True,1.0,1000000000.0,1.956657058599376e-12,4.737598268839516e-07,0.0,1000000000.0,0.07922927850757505,0.3,1.0,1.0,2.6320718320277995e-28,1.0556912756748683e-27,1.0,5.0757422535930106e-58
0.3760877180284293,1.7673140075729516e-06,14581082.428655619,2.978574278958729e-06,14581082.428655619,1.5441872009851054e-06,1.0561522838413346e-21,6.8069426388469e+31,0.0020028645691261677,2002864.5691261678,1.6477214850414208e-05,True,1.0,1000000000.0,4.5086157030027607e-13,4.883148688793138e-07,0.0,1000000000.0,0.08166339261033641,0.3,1.0,1.0,4.172893872525163e-27,1.1215544601198094e-27,1.0,5.246546843898747e-58
0.3760877180284293,1.8216101469657861e-06,14581082.428655619,1.2493679976729085e-05,14581082.428655619,1.591628347919973e-06,1.0785011560859441e-21,6.407205546739383e+31,0.0019431658383020217,1943165.8383020216,1.5986083882674504e-05,True,1.0,1000000000.0,9.947598300641403e-14,5.033170767918036e-07,0.0,1000000000.0,0.08417228855608394,0.3,1.0,1.0,7.3417776005796e-26,1.191526761657203e-27,1.0,5.470936824124995e-58
0.3760877180284293,1.8775743944256282e-06,14581082.428655619,5.5173611131233e-05,14581082.428655619,1.6405270010568486e-06,1.1066262293241994e-21,6.030942979287712e+31,0.0018852465280722326,1885246.5280722326,1.5509591895470198e-05,True,1.0,1000000000.0,2.098321516541546e-14,5.1878018863451e-07,0.0,1000000000.0,0.08675826382299838,0.3,1.0,1.0,1.4318030692074086e-24,1.2658645426755646e-27,1.0,5.7599987499560395e-58
0.3760877180284293,1.935257998246634e-06,14581082.428655619,0.0002562778997626082,14581082.428655619,1.690927938493778e-06,1.1414720001426905e-21,5.676776397150162e+31,0.0018290535998276407,1829053.5998276407,1.5047302549484106e-05,True,1.0,1000000000.0,4.218847493575595e-15,5.347183644853445e-07,0.0,1000000000.0,0.08942368647331904,0.3,1.0,1.0,3.0891769257666404e-23,1.3448401596742515e-27,1.0,6.1284549164894715e-58
0.3760877180284293,1.994713781193887e-06,14581082.428655619,0.0012503242218435166,14581082.428655619,1.7428773140197377e-06,1.1842272828717296e-21,5.343408215583439e+31,0.0017745355958636057,1774535.5958636056,1.4598792511222727e-05,True,1.0,1000000000.0,7.771561172376096e-16,5.511461994538886e-07,0.0,1000000000.0,0.09217099732185598,0.3,1.0,1.0,7.353020199706729e-22,1.428742961114915e-27,1.0,6.596151084342999e-58
0.3760877180284293,2.0559961888749347e-06,14581082.428655619,0.006395174039948527,14581082.428655619,1.7964226993791749e-06,1.2363717041476868e-21,5.029617050391165e+31,0.001721642592258501,1721642.5922585009,1.4163651065355877e-05,True,1.0,1000000000.0,1.1102230246251565e-16,5.680787370466141e-07,0.0,1000000000.0,0.0950027121711242,0.3,1.0,1.0,1.9236462303464386e-20,1.5178803475275923e-27,1.0,7.18982937594993e-58
0.3760877180284293,2.1191613395974128e-06,14581082.428655619,0.034210540747369136,14581082.428655619,1.8516131278350073e-06,1.299817017988354e-21,4.734253243053666e+31,0.001670326153156745,1670326.153156745,1.3741479738611236e-05,True,1.0,1000000000.0,0.0,5.855314829427141e-07,0.0,1000000000.0,0.09792142411514633,0.3,1.0,1.0,5.5047848248607705e-19,1.612578897755408e-27,1.0,7.946665036331099e-58
0.3760877180284293,2.1842670757584148e-06,14581082.428655619,0.19083483769361667,14581082.428655619,1.9084991390699873e-06,1.3770279035552986e-21,4.456234648644083e+31,0.0016205392864145054,1620539.2864145054,1.3331891934879338e-05,True,1.0,1000000000.0,0.0,6.035204191931607e-07,0.0,1000000000.0,0.10092980591403355,0.3,1.0,1.0,1.712914909528727e-17,1.7131855654641935e-27,1.0,8.918790267484576e-58
0.3760877180284293,2.2513730168126753e-06,14581082.428655619,1.1060898878510748,14581082.428655619,1.9671328254675488e-06,1.4712154350808647e-21,4.194542671098711e+31,0.0015722364005674497,1572236.4005674496,1.2934512581194822e-05,True,1.0,1000000000.0,0.0,6.220620188559933e-07,0.0,1000000000.0,0.10403061244151983,0.3,1.0,1.0,5.754416779294416e-16,1.8200689503007765e-27,1.0,1.0180591581060381e-57
0.3760877180284293,2.3205406138680515e-06,14581082.428655619,6.633098340072032,14581082.428655619,2.0275678798145043e-06,1.5866927668636671e-21,3.9482185313157524e+31,0.0015253732630811482,1525373.2630811483,1.2548977784269846e-05,True,1.0,1000000000.0,0.0,6.411732610812372e-07,0.0,1000000000.0,0.10722668320768988,0.3,1.0,1.0,2.0694423951739553e-14,1.9336206483571414e-27,1.0,1.1841484578855705e-57
0.3760877180284293,2.3918332059583193e-06,14581082.428655619,40.95334768614352,14581082.428655619,2.0898596444692916e-06,1.72927750952236e-21,3.7163597544096283e+31,0.0014799069598458968,1479906.9598458968,1.2174934497265087e-05,True,1.0,1000000000.0,0.0,6.608716466592673e-07,0.0,1000000000.0,0.11052094495921158,0.3,1.0,1.0,7.888588220807734e-13,2.0542566868882748e-27,1.0,1.4065327740077836e-57
0.3760877180284293,2.4653160780447975e-06,14581082.428655619,258.8468487750649,14581082.428655619,2.1540651620407816e-06,1.9070879554981754e-21,3.4981168632509655e+31,0.0014357958558788584,1435795.8558788584,1.181204019649319e-05,True,1.0,1000000000.0,0.0,6.811752140468544e-07,0.0,1000000000.0,0.11391641435945368,0.3,1.0,1.0,3.1514196181016704e-11,2.1824190485401557e-27,1.0,1.7106529727506707e-57
0.3760877180284293,2.541056520799927e-06,14581082.428655619,1664.0929828901728,14581082.428655619,2.2202432276240635e-06,2.1317683032794846e-21,3.2926902661781437e+31,0.0013929995571975485,1392999.5571975484,1.1459962567758612e-05,True,1.0,1000000000.0,0.0,7.021025558855714e-07,0.0,1000000000.0,0.11741620075094333,0.3,1.0,1.0,1.3024937510799625e-09,2.3185772906723217e-27,1.0,2.1374721795249174e-57
0.3760877180284293,2.619123892227542e-06,14581082.428655619,10803.209069418048,14581082.428655619,2.2884544426410408e-06,2.420771988152688e-21,3.0993273274777e+31,0.0013514788738297387,1351478.8738297387,1.1118379202046617e-05,True,1.0,1000000000.0,0.0,7.236728360276843e-07,0.0,1000000000.0,0.12102350900269279,0.3,1.0,1.0,5.489414581064643e-08,2.4632302657078343e-27,1.0,2.75631114026162e-57
0.3760877180284293,2.6995896811762677e-06,14581082.428655619,70255.87138196384,14581082.428655619,2.358761270335135e-06,2.8021668640715728e-21,2.9173196099005204e+31,0.0013111957839259199,1311195.7839259198,1.0786977300282801e-05,True,1.0,1000000000.0,0.0,7.459058070851185e-07,0.0,1000000000.0,0.12474164244500298,0.3,1.0,1.0,2.3215910412788982e-06,2.6169079488135943e-27,1.0,3.6932478714098883e-57
0.3760877180284293,2.782527572804196e-06,14581082.428655619,453668.75851615024,14581082.428655619,2.431228092970925e-06,3.3285037087127138e-21,2.7460002791110036e+31,0.001272113398941447,1272113.398941447,1.0465453386892732e-05,True,1.0,1000000000.0,0.0,7.688218285175729e-07,0.0,1000000000.0,0.1285740058944312,0.3,1.0,1.0,9.680509507518501e-05,2.7801733796072333e-27,1.0,5.210969847621752e-57
0.3760877180284293,2.868013516054803e-06,14581082.428655619,2881118.347937734,14581082.428655619,2.5059212707910965e-06,4.7740269521714576e-21,2.5847416605597213e+31,0.0012341959298564908,1234195.9298564908,1.015351303189941e-05,True,1.0,1000000000.0,0.0,7.92441885276344e-07,1.1748787963561161e-16,1000000000.0,0.1325241087716931,0.3,1.0,1.0,0.0039042953743401326,2.953624725004525e-27,1.0,1.0719886887792423e-56
0.3760877180284293,2.956125793205879e-06,14581082.428655619,17810489.616507627,17810489.616507627,2.5829092027846854e-06,7.056270081961706e-21,3.629993901583258e+31,0.0017865475496997383,1786547.5496997384,1.4697612744593558e-05,True,1.0,1000000000.0,0.0,8.167876070209329e-07,5.521930342873746e-15,1105205523.4812567,0.13659556831535435,0.3,0.9999999999999999,1.0,0.09999999999999999,2.1031321493539273e-27,1.0,1.5696349976102762e-56
0.3760877180284293,3.0469450915551765e-06,14581082.428655619,106004956.86514659,106004956.86514659,2.6622623893222763e-06,1.0682822525238028e-20,1.2103837694026668e+33,0.06140072408743034,61400724.087430336,0.0005051329672285301,True,1.0,1000000000.0,0.0,8.418812879260327e-07,2.1065576818665165e-13,2696299953.861766,0.14079211289425417,0.3,0.9999999999999946,0.9999999999999998,0.1,6.307385367655795e-29,1.0,1.0155929551679667e-57
0.3760877180284293,3.1405545773084122e-06,14581082.428655619,600499490.0863736,600499490.0863736,2.7440534967154976e-06,1.658613781007268e-20,3.6560539504164672e+34,1.9116338591840671,1911633859.1840672,0.015726675831529046,True,1.0,1000000000.0,0.0,8.677459070970343e-07,7.084871605666287e-12,6417434414.677492,0.145117585421695,0.3,0.9999999999998128,0.9999999999999949,0.09999999999999999,2.088141198110275e-30,1.0,7.62895851172381e-59
0.3760877180284293,3.237039971737283e-06,14581082.428655619,3199244350.7192645,3199244350.7192645,2.828357423759946e-06,2.644228904293836e-20,9.767843642047125e+35,52.64201864259057,52642018642.59057,0.4330766366853807,True,1.0,1000000000.0,0.0,8.944051496127467e-07,2.0959414770626425e-10,14812515688.208559,0.14957594687452402,0.3,0.9999999999942409,0.9999999999998466,0.09999999999999999,7.815805776737896e-32,1.0,6.831298662520672e-60
0.3760877180284293,3.33648962967724e-06,14581082.428655619,15835142144.791567,15835142144.791567,2.9152513703224606e-06,4.334220236889535e-20,2.2524977908003763e+37,1251.2380029140395,1251238002914.0396,10.293715172171032,True,1.0,1000000000.0,0.0,9.218834282145973e-07,5.325513635747412e-09,32954604246.94485,0.1541712799203292,0.3,0.9999999998464,0.9999999999955922,0.1,3.389284956264371e-33,1.0,7.491659302075322e-61
0.3760877180284293,3.438994620436912e-06,14581082.428655619,71926583711.08513,71926583711.08513,3.004814908035579e-06,7.314108488565409e-20,4.37437361530317e+38,25045.698210518865,25045698210518.867,206.0465579424595,False,1.0,1000000000.0,0.0,9.502059056621815e-07,1.1338667958389521e-07,70234393104.16144,0.15890779265607205,0.3,0.9999999965314118,0.9999999998907754,0.10000000000000003,1.7452457306505905e-34,1.0,1.034055691601718e-61
0.3760877180284293,3.5446488111932447e-06,14581082.428655619,296184097938.14044,296184097938.14044,3.0971300531638755e-06,1.2724663379744487e-19,6.981955043468574e+39,412036.82789077197,412036827890771.94,3389.7545765670357,False,1.0,1000000000.0,0.0,9.79398517775623e-07,1.974367045529172e-06,142523338322.04135,0.1637898224615794,0.3,0.9999999351799825,0.999999997720845,0.10000000000000003,1.0934411391720683e-35,1.0,1.845734071820291e-62
0.3760877180284293,3.6535489529487565e-06,14581082.428655619,1092752556661.6111,1092752556661.6111,3.1922813417089495e-06,2.2854722172960746e-19,8.945689110927223e+40,5441448.27429831,5441448274298310.0,44765.83873673831,True,1.0,1000000000.0,0.0,1.0094879971858551e-06,2.74671631493033e-05,273757504363.2031,0.16882183997142453,0.3,0.9999990189652048,0.9999999607509135,0.09999999999999999,8.534118257086561e-37,1.0,4.3742966293600944e-63
0.3760877180284293,3.7657947691295926e-06,14581082.428655619,3572331204887.1807,3572331204887.1807,3.2903559068218043e-06,4.243978301005471e-19,8.998914774235531e+41,56419932.20934371,5.641993220934371e+16,464156.86771310575,True,1.0,1000000000.0,0.0,1.0405018978145662e-06,0.00029871204221128164,494972392046.4559,0.17400845316883332,0.3,0.9999882085600088,0.9999994521179634,0.1,8.483641714483282e-38,1.0,1.411376477334604e-63
0.3760877180284293,3.881489046905541e-06,14581082.428655619,10244226188329.684,10244226188329.684,3.3914435585935347e-06,8.15964464267327e-19,6.965649022928048e+42,450138051.09590423,4.5013805109590426e+17,3703206.6444162647,True,1.0,1000000000.0,0.0,1.0724686201062285e-06,0.002490280338242193,838194287972.0978,0.17935441160536578,0.3,0.9998893204339201,0.9999938938718907,0.09999999999999999,1.0960007963722098e-38,1.0,6.344306746082723e-64
0.3760877180284293,4.000737731315601e-06,14581082.428655619,25547690686378.453,25547690686378.453,3.4956368662973587e-06,1.6267152374219573e-18,4.07777383185869e+43,2716120228.8219404,2.71612022882194e+18,22345043.823597685,False,1.0,1000000000.0,0.0,1.1054174370353137e-06,0.015652218040167303,1323673706629.5159,0.18486461075023553,0.3,0.9991992107653715,0.9999462926945805,0.09999999999999998,1.872187421659585e-39,1.0,4.0543363080715577e-64
0.43581007030370333,1.8887304723779186e-06,14581082.428655619,1.9924197874248761,14581082.428655619,1.1409924671241497e-06,1.1873404670670295e-09,5.959907999759027e+31,0.0015015160818786534,1501516.0818786535,1.2352708946896446e-05,True,1.0,1000000000.0,7.91352650075794e-09,3.6081349892071025e-07,0.0,1000000000.0,0.06034068651051754,0.35,1.0,1.0,1.8671626969478298e-15,6.123306863467209e-28,1.0,6.630877569046625e-34
0.43581007030370333,1.946756817760966e-06,14581082.428655619,4.164142964433713,14581082.428655619,1.1760465015377764e-06,1.171301399963435e-09,5.609912940383063e+31,0.0014567608818606566,1456760.8818606567,1.1984515781099152e-05,True,1.0,1000000000.0,2.6002171527039764e-09,3.718985579132088e-07,0.0,1000000000.0,0.06219449761131546,0.35,1.0,1.0,8.155897002856059e-15,6.50533189166847e-28,1.0,6.452942489258844e-34
0.43581007030370333,2.0065658721158625e-06,14581082.428655619,8.991943187992131,14581082.428655619,1.212177480246898e-06,1.1573035740061382e-09,5.280471309280241e+31,0.0014133396854892574,1413339.6854892573,1.1627297228880355e-05,True,1.0,1000000000.0,8.271926477121383e-10,3.833241765943963e-07,0.0,1000000000.0,0.06410526225036725,0.35,1.0,1.0,3.80301097258826e-14,6.911190956841306e-28,1.0,6.299630231268293e-34
0.43581007030370333,2.0682124045523515e-06,14581082.428655619,20.06846538673616,14581082.428655619,1.249418489571962e-06,1.1454480004707212e-09,4.970376108230271e+31,0.001371212730552949,1371212.730552949,1.1280726173513335e-05,True,1.0,1000000000.0,2.545246235996501e-10,3.9510081777747347e-07,0.0,1000000000.0,0.06607473017742801,0.35,1.0,1.0,1.894300165913649e-13,7.342371033074916e-28,1.0,6.171222809411765e-34
0.43581007030370333,2.1317528668190326e-06,14581082.428655619,46.301264750932106,14581082.428655619,1.2878036323248041e-06,1.1358545593172362e-09,4.678491219874396e+31,0.0013303414400194914,1330341.4400194914,1.094448524853292e-05,True,1.0,1000000000.0,7.567180215772851e-11,4.0723926571844214e-07,0.0,1000000000.0,0.06810470489877618,0.35,1.0,1.0,1.008338102309957e-12,7.800451864808105e-28,1.0,6.06828432410098e-34
0.43581007030370333,2.1972454449980716e-06,14581082.428655619,110.43357397706006,14581082.428655619,1.3273680590377072e-06,1.1286654888291312e-09,4.403747245243228e+31,0.00129068838670966,1290688.38670966,1.0618266547112645e-05,True,1.0,1000000000.0,2.1715074183248362e-11,4.197506359916004e-07,0.0,1000000000.0,0.07019704532874317,0.35,1.0,1.0,5.73617939164278e-12,8.287111754648834e-28,1.0,5.991712431491801e-34
0.43581007030370333,2.264750112788106e-06,14581082.428655619,272.2489142147614,14581082.428655619,1.368148000151897e-06,1.1240495743043623e-09,4.145137585725335e+31,0.001252217259023953,1252217.259023953,1.0301771340104376e-05,True,1.0,1000000000.0,6.00819394236396e-12,4.3264638566843887e-07,0.0,1000000000.0,0.07235366749198217,0.35,1.0,1.0,3.486203885347905e-11,8.804133712288256e-28,1.0,5.942803914869234e-34
0.43581007030370333,2.3343286864241237e-06,14581082.428655619,693.4572252171242,14581082.428655619,1.4101807991949436e-06,1.122214707906117e-09,3.9017147551218876e+31,0.0012148928276908668,1214892.8276908668,9.994709802482232e-06,True,1.0,1000000000.0,1.6009416015094757e-12,4.4593832380925616e-07,0.0,1000000000.0,0.07457654627803474,0.35,1.0,1.0,2.2618292954264017e-10,9.353411987037354e-28,1.0,5.923418023766547e-34
0.43581007030370333,2.4060448812846158e-06,14581082.428655619,1823.8378480462227,14581082.428655619,1.4535049469774526e-06,1.1233955275085316e-09,3.6725869082755617e+31,0.001178680913506301,1178680.9135063011,9.69680074794033e-06,True,1.0,1000000000.0,4.1033842990145786e-13,4.596386222771023e-07,0.0,1000000000.0,0.07686771724980178,0.35,1.0,1.0,1.5645625032119125e-09,9.936959007919912e-28,1.0,5.935890089843488e-34
0.43581007030370333,2.479964370237829e-06,14581082.428655619,4948.468505447266,14581082.428655619,1.4981601168403588e-06,1.1278822023054983e-09,3.4569145735554136e+31,0.001143548356034543,1143548.3560345431,9.407771371401285e-06,True,1.0,1000000000.0,1.0103029524088925e-13,4.737598268839516e-07,0.0,1000000000.0,0.07922927850757505,0.35,1.0,1.0,1.1517602632359769e-08,1.0556912756748683e-27,1.0,5.983398898185858e-34
0.43581007030370333,2.5561548437805662e-06,14581082.428655619,13833.952743858763,14581082.428655619,1.5441872009851054e-06,1.136020448509951e-09,3.2539075772262627e+31,0.0011094629832421703,1109462.9832421702,9.12735699919966e-06,True,1.0,1000000000.0,2.3869795029440866e-14,4.883148688793138e-07,0.0,1000000000.0,0.08166339261033641,0.35,1.0,1.0,9.001461855261316e-08,1.1215544601198094e-27,1.0,6.070056974111374e-34
0.43581007030370333,2.6346860720245943e-06,14581082.428655619,39786.919223517616,14581082.428655619,1.591628347919973e-06,1.1482280732332008e-09,3.062822148434199e+31,0.0010763935820370624,1076393.5820370624,8.855300846711606e-06,True,1.0,1000000000.0,5.440092820663267e-15,5.033170767918036e-07,0.0,1000000000.0,0.08417228855608394,0.35,1.0,1.0,7.445623887388192e-07,1.191526761657203e-27,1.0,6.2012150365831055e-34
0.43581007030370333,2.715629968587415e-06,14581082.428655619,117495.81722336265,14581082.428655619,1.6405270010568486e-06,1.1650040784815119e-09,2.8829581942015826e+31,0.0010443098696855547,1044309.8696855546,8.591353783208791e-06,True,1.0,1000000000.0,1.2212453270876722e-15,5.1878018863451e-07,0.0,1000000000.0,0.08675826382299838,0.35,1.0,1.0,6.4932972189168115e-06,1.2658645426755646e-27,1.0,6.383742510357808e-34
0.43581007030370333,2.799060656445921e-06,14581082.428655619,355460.3059683967,14581082.428655619,1.690927938493778e-06,1.1869629435395078e-09,2.713656734447704e+31,0.0010131824660815465,1013182.4660815465,8.335274103721241e-06,True,1.0,1000000000.0,2.220446049250313e-16,5.347183644853445e-07,0.0,1000000000.0,0.08942368647331904,0.35,1.0,1.0,5.942958404366726e-05,1.3448401596742515e-27,1.0,6.626661568014589e-34
0.43581007030370333,2.8850545358132313e-06,14581082.428655619,1098656.1389790871,14581082.428655619,1.7428773140197377e-06,1.2148558769791318e-09,2.554297487637618e+31,0.000982982866842175,982982.8668421749,8.086827307700165e-06,True,1.0,1000000000.0,0.0,5.511461994538886e-07,0.0,1000000000.0,0.09217099732185598,0.35,1.0,1.0,0.0005677328753424548,1.428742961114915e-27,1.0,6.941766284625468e-34
0.43581007030370333,2.9736903541008757e-06,14581082.428655619,3458240.9089113004,14581082.428655619,1.7964226993791749e-06,1.2496074791980787e-09,2.404296598213528e+31,0.0009536834172054172,953683.4172054172,7.845785884278122e-06,True,1.0,1000000000.0,0.0,5.680787370466141e-07,1.1748787963561161e-16,1000000000.0,0.0950027121711242,0.35,1.0,1.0,0.005625109198430123,1.5178803475275923e-27,1.0,7.344592445541553e-34
0.43581007030370333,3.0650492780303726e-06,14581082.428655619,11045561.773088826,14581082.428655619,1.8516131278350073e-06,1.2923635176912178e-09,2.2631044974825756e+31,0.0009252572867057205,925257.2867057206,7.6119291039298805e-06,True,1.0,1000000000.0,0.0,5.855314829427141e-07,9.39903037084893e-16,1000000000.0,0.09792142411514633,0.35,1.0,1.0,0.05738469628967661,1.612578897755408e-27,1.0,7.855789709003223e-34
0.43581007030370333,3.159214967960251e-06,14581082.428655619,35650307.845507674,35650307.845507674,1.9084991390699873e-06,1.3445541293596006e-09,1.2734098711074398e+32,0.005366212115842445,5366212.115842446,4.414688408223666e-05,True,1.0,1000000000.0,0.0,6.035204191931607e-07,1.0456421287569434e-14,1563639956.5056553,0.10092980591403355,0.35,0.9999999999999996,1.0,0.09999999999999998,2.8658758180364763e-28,1.0,1.422427083668665e-34
0.43581007030370333,3.256273654496588e-06,14581082.428655619,115735718.04875791,115735718.04875791,1.9671328254675488e-06,1.4080152591692582e-09,1.2632608292567312e+33,0.05486992548923453,54869925.48923453,0.00045140523480665935,True,1.0,1000000000.0,0.0,6.220620188559933e-07,1.1972014934868824e-13,2817337154.3739223,0.10403061244151983,0.35,0.9999999999999954,0.9999999999999998,0.09999999999999999,2.888900274223644e-29,1.0,1.4800619780428097e-35
0.43581007030370333,3.356314217457194e-06,14581082.428655619,375980672.80301785,375980672.80301785,2.0275678798145043e-06,1.485057336684685e-09,1.2548904555403723e+34,0.5618092349782797,561809234.9782797,0.004621905850440366,True,1.0,1000000000.0,0.0,6.411732610812372e-07,1.35040568853172e-12,5077943657.13712,0.10722668320768988,0.35,0.999999999999948,0.9999999999999971,0.09999999999999999,2.9081698246595268e-30,1.0,1.560110651531202e-36
0.43581007030370333,3.4594282672617743e-06,14581082.428655619,1215357744.9554296,1215357744.9554296,2.0898596444692916e-06,1.5786899457236678e-09,1.2342399691046767e+35,5.695401969861234,5695401969.861235,0.04685507116330853,False,1.0,1000000000.0,0.0,6.608716466592673e-07,1.5043970523701163e-11,9129714231.09476,0.11052094495921158,0.35,0.9999999999994172,0.9999999999999709,0.10000000000000002,2.9568273977572403e-31,1.0,1.6872732462890463e-37
0.43581007030370333,3.56571022882259e-06,14581082.428655619,3885234708.5870624,3885234708.5870624,2.1540651620407816e-06,1.69288044534614e-09,1.187250677033639e+36,56.46884668603357,56468846686.03357,0.4645592785171802,False,1.0,1000000000.0,0.0,6.811752140468544e-07,1.6326750188714624e-10,16323517432.695827,0.11391641435945368,0.35,0.9999999999936006,0.9999999999996827,0.10000000000000002,3.0738534217339144e-32,1.0,1.8985325926689537e-38
0.43581007030370333,3.675257428012441e-06,14581082.428655619,12202203700.898968,12202203700.898968,2.2202432276240635e-06,1.832881849321019e-09,1.1023030611083511e+37,540.3923875254741,540392387525.4741,4.445713209990199,False,1.0,1000000000.0,0.0,7.021025558855714e-07,1.7032041678955163e-09,28928389268.459225,0.11741620075094333,0.35,0.9999999999320484,0.9999999999965556,0.10000000000000002,3.310736116786521e-33,1.0,2.2562769128529897e-39
0.43581007030370333,3.7881701807891597e-06,14581082.428655619,37386786152.29454,37386786152.29454,2.2884544426410408e-06,2.005889847180209e-09,9.740411516401764e+37,4921.837055722141,4921837055722.141,40.49108855185661,True,1.0,1000000000.0,0.0,7.236728360276843e-07,1.6837106846454673e-08,50636558860.33548,0.12102350900269279,0.35,0.9999999993116967,0.9999999999639211,0.09999999999999999,3.7466944285778046e-34,1.0,2.8785772756711486e-40
0.43581007030370333,3.904551885058212e-06,14581082.428655619,110930465872.99629,110930465872.99629,2.358761270335135e-06,2.221916316955776e-09,8.071593413333738e+38,42038.859047218626,42038859047218.625,345.8463059684121,True,1.0,1000000000.0,0.0,7.459058070851185e-07,1.5538151320936313e-07,87222902778.91093,0.12474164244500298,0.35,0.9999999934430858,0.9999999996405886,0.1,4.5213310051360286e-35,1.0,4.0119334724943085e-41
0.43581007030370333,4.0245091153575516e-06,14581082.428655619,316305482139.5303,316305482139.5303,2.431228092970925e-06,2.4953557926107115e-09,6.177142318313637e+39,331604.9217565019,331604921756501.9,2728.0554189545314,True,1.0,1000000000.0,0.0,7.688218285175729e-07,1.3180171013526355e-06,147284985726.5946,0.1285740058944312,0.35,0.9999999421115026,0.9999999966422589,0.1,5.9079658003606674e-36,1.0,6.223741063122256e-42
0.43581007030370333,4.148151720451411e-06,14581082.428655619,859952285586.2317,859952285586.2317,2.5059212707910965e-06,2.847893608769521e-09,4.297733139129778e+40,2378014.6332102534,2378014633210253.5,19563.508503188266,True,1.0,1000000000.0,0.0,7.92441885276344e-07,1.011445155927517e-05,242852341420.07864,0.1325241087716931,0.35,0.9999995333308753,0.9999999709876396,0.1,8.491533647886545e-37,1.0,1.096727697819241e-42
0.43581007030370333,4.275592923922414e-06,14581082.428655619,2211625256413.982,2211625256413.982,2.5829092027846854e-06,3.3146216463372173e-09,2.6756566501711036e+41,15259741.514542704,1.5259741514542704e+16,125539.2118732249,False,1.0,1000000000.0,0.0,8.167876070209329e-07,6.910864703123232e-05,389458231920.7047,0.13659556831535435,0.35,0.9999966151111648,0.9999997713188589,0.10000000000000002,1.3639397849579778e-37,1.0,2.2461814829674913e-43
0.43581007030370333,4.4069494278541175e-06,14581082.428655619,5338337138980.343,5338337138980.343,2.6622623893222763e-06,3.962274778694337e-09,1.4673572501351935e+42,86257004.89479603,8.625700489479603e+16,709621.2214812279,False,1.0,1000000000.0,0.0,8.418812879260327e-07,0.0004138537533991702,605073477087.0511,0.14079211289425417,0.35,0.9999782235486616,0.999998377363204,0.10000000000000003,2.487079786275306e-38,1.0,5.509055964806612e-44
0.43581007030370333,4.542341519698929e-06,14581082.428655619,12001812156377.836,12001812156377.836,2.7440534967154976e-06,5.630578712862221e-09,6.981264341799924e+42,422994101.7518177,4.229941017518177e+17,3479898.1431198404,False,1.0,1000000000.0,0.0,8.677459070970343e-07,0.002139303781403161,907253244659.6532,0.145117585421695,0.35,0.9998773981911603,0.9999897636007188,0.10000000000000002,5.227469377151321e-39,1.0,2.2009613577897628e-44
0.43581007030370333,4.6818931824292755e-06,14581082.428655619,24952202590498.277,24952202590498.277,2.828357423759946e-06,8.264799220213052e-09,2.8403690627044993e+43,1773849295.1702967,1.7738492951702966e+18,14593146.436021259,False,1.0,1000000000.0,0.0,8.944051496127467e-07,0.009409884074590825,1308156071982.047,0.14957594687452402,0.35,0.9994032296379421,0.9999432285070958,0.10000000000000002,1.2848451998631807e-39,1.0,1.0971015771871304e-44
0.49458176463637277,2.4625281422284337e-06,14581082.428655619,725986.7237350241,14581082.428655619,1.0739877874722495e-06,0.014955866340241484,3.506042089164749e+31,0.0009435500931239487,943550.0931239487,7.762420807770687e-06,True,1.0,1000000000.0,7.019056447177263e-09,3.39624758761716e-07,0.0,1000000000.0,0.05679718514121969,0.4,1.0,1.0,0.00024790074236259583,5.425242505717315e-28,1.0,1.0520675375769089e-19
0.49458176463637277,2.5381829328860558e-06,14581082.428655619,1233542.5436744941,14581082.428655619,1.106983276878729e-06,0.01467262307872861,3.3001500839154265e+31,0.0009154260033093879,915426.003309388,7.531048863061993e-06,True,1.0,1000000000.0,2.5064177400224708e-09,3.5005884866535926e-07,0.0,1000000000.0,0.05854213135243849,0.4,1.0,1.0,0.000715696238637607,5.763716220567498e-28,1.0,1.0125954981123077e-19
0.49458176463637277,2.616162020777605e-06,14581082.428655619,2142577.656563832,14581082.428655619,1.1409924671241497e-06,0.014409961879244,3.106349068091644e+31,0.0008881401990651023,888140.1990651024,7.306573346429537e-06,True,1.0,1000000000.0,8.687521813044441e-10,3.6081349892071025e-07,0.0,1000000000.0,0.06034068651051754,0.4,1.0,1.0,0.0021592036868956946,6.123306863467209e-28,1.0,9.76666144963782e-20
0.49458176463637277,2.6965368139075784e-06,14581082.428655619,3804190.705961504,14581082.428655619,1.1760465015377764e-06,0.014168308813437629,2.9239289994306573e+31,0.0008616676938865703,861667.6938865703,7.088788698291454e-06,True,1.0,1000000000.0,2.9201741025275396e-10,3.718985579132088e-07,0.0,1000000000.0,0.06219449761131546,0.4,1.0,1.0,0.006806831974302174,6.50533189166847e-28,1.0,9.441836989975096e-20
0.49458176463637277,2.77938091410622e-06,14581082.428655619,6903332.666293656,14581082.428655619,1.212177480246898e-06,0.013948303690480592,2.7522215328375123e+31,0.0008359842460338577,835984.2460338577,6.877495486113264e-06,True,1.0,1000000000.0,9.510037202176136e-11,3.833241765943963e-07,1.1748787963561161e-16,1000000000.0,0.06410526225036725,0.4,1.0,1.0,0.02241496547333418,6.911190956841306e-28,1.0,9.150888398414406e-20
0.49458176463637277,2.8647701844291204e-06,14581082.428655619,12799334.622155223,14581082.428655619,1.249418489571962e-06,0.013750702678928532,2.5905975717226406e+31,0.000811066336332666,811066.336332666,6.672500221780994e-06,True,1.0,1000000000.0,2.997746495481124e-11,3.9510081777747347e-07,4.699515185424465e-16,1000000000.0,0.06607473017742801,0.4,1.0,1.0,0.07705401203137047,7.342371033074916e-28,1.0,8.89344970448042e-20
0.49458176463637277,2.9527828186275066e-06,14581082.428655619,24234556.36258759,24234556.36258759,1.2878036323248041e-06,0.013576370830247755,6.736078467688875e+31,0.00217372838626234,2173728.38626234,1.7882881448402365e-05,True,1.0,1000000000.0,9.137135492665038e-12,4.0723926571844214e-07,1.4098545556273395e-15,1289206998.4984267,0.06810470489877618,0.4,0.9999999999999999,1.0,0.09999999999999999,2.823768853081163e-28,1.0,3.138320083243465e-20
0.49458176463637277,3.0434994127528155e-06,14581082.428655619,46828078.14618982,46828078.14618982,1.3273680590377072e-06,0.013426377803653224,2.3673704604515686e+32,0.007874193458291759,7874193.458291759,6.477960586351872e-05,True,1.0,1000000000.0,2.690181410969217e-12,4.197506359916004e-07,6.344345500323027e-15,1792083679.240618,0.07019704532874317,0.4,0.9999999999999996,0.9999999999999998,0.1,8.03470723603703e-29,1.0,8.220629180835054e-21
0.49458176463637277,3.13700303896114e-06,14581082.428655619,92260247.67039281,92260247.67039281,1.368148000151897e-06,0.01330199453944807,8.649666309978383e+32,0.0296538391074096,29653839.1074096,0.00024395692332087162,True,1.0,1000000000.0,7.642775301519578e-13,4.3264638566843887e-07,2.7022212316190673e-14,2515431096.6659865,0.07235366749198217,0.4,0.9999999999999982,0.9999999999999996,0.1,2.1990592338836794e-29,1.0,2.0787597451139987e-21
0.49458176463637277,3.2333793215851254e-06,14581082.428655619,185128668.2245078,185128668.2245078,1.4101807991949436e-06,0.01320472854961884,3.278189393108999e+33,0.11583967525413448,115839675.25413448,0.0009529926520180741,False,1.0,1000000000.0,2.09277040141842e-13,4.4593832380925616e-07,1.1878024631160336e-13,3563214409.1263065,0.07457654627803474,0.4,0.9999999999999923,0.9999999999999987,0.10000000000000002,5.8023275314581826e-30,1.0,5.087584104848834e-22
0.49458176463637277,3.3327165155429745e-06,14581082.428655619,377823482.5119275,377823482.5119275,1.4535049469774526e-06,0.013136365381185157,1.285230863385131e+34,0.46810809755620664,468108097.55620664,0.0038510430588012436,True,1.0,1000000000.0,5.517808432387028e-14,4.596386222771023e-07,5.403267584441779e-13,5090372814.088254,0.07686771724980178,0.4,0.9999999999999658,0.9999999999999956,0.1,1.4799775753028022e-30,1.0,1.208850364518471e-22
0.49458176463637277,3.43510558715636e-06,14581082.428655619,782977140.596379,782977140.596379,1.4981601168403588e-06,0.013099085519772515,5.195387965027204e+34,1.9504045833606356,1950404583.3606355,0.016045635766220076,True,1.0,1000000000.0,1.3988810110276972e-14,4.737598268839516e-07,2.5279867061194552e-12,7327902104.828304,0.07922927850757505,0.4,0.999999999999843,0.9999999999999831,0.1,3.6611565290237055e-31,1.0,2.7988768462443695e-23
0.49458176463637277,3.540640297451269e-06,14581082.428655619,1644439971.5661795,1644439971.5661795,1.5441872009851054e-06,0.013095374990863929,2.1571107020396934e+35,8.346816684090873,8346816684.090873,0.068667794088939,True,1.0,1000000000.0,3.4416913763379853e-15,4.883148688793138e-07,1.2115467635903905e-11,10619746006.184988,0.08166339261033641,0.4,0.9999999999992608,0.9999999999999242,0.1,8.817873162923337e-32,1.0,6.3416143641494206e-24
0.49458176463637277,3.649417288018049e-06,14581082.428655619,3492429421.2402425,3492429421.2402425,1.591628347919973e-06,0.013128217701801913,9.158159990357833e+35,36.52568634158381,36525686341.58381,0.3004904029390736,False,1.0,1000000000.0,7.771561172376096e-16,5.033170767918036e-07,5.920719452720902e-11,15476364031.626446,0.08417228855608394,0.4,0.9999999999964372,0.9999999999996464,0.10000000000000002,2.0769596282437656e-32,1.0,1.4130458809539443e-24
0.49458176463637277,3.761536169509273e-06,14581082.428655619,7481203690.627044,7481203690.627044,1.6405270010568486e-06,0.013201341030804434,3.955600967965035e+36,162.60891451818972,162608914518.18973,1.3377549647691975,False,1.0,1000000000.0,2.220446049250313e-16,5.1878018863451e-07,2.9349365240861016e-10,22651181351.72074,0.08675826382299838,0.4,0.9999999999825172,0.9999999999983007,0.10000000000000002,4.808657072089853e-33,1.0,3.1138174048912004e-25
0.49458176463637277,3.877099612856472e-06,14581082.428655619,16117579775.936625,16117579775.936625,1.690927938493778e-06,0.013318922034660082,1.7281671212613451e+37,732.2499179619487,732249917961.9486,6.02409139811248,False,1.0,1000000000.0,0.0,5.347183644853445e-07,1.4670164036579722e-09,33247196613.556168,0.08942368647331904,0.4,0.9999999999131488,0.9999999999916696,0.10000000000000002,1.1006533069028356e-33,1.0,6.828707276799741e-26
0.49458176463637277,3.996213443289274e-06,14581082.428655619,34811007275.20393,34811007275.20393,1.7428773140197377e-06,0.013486313284064966,7.588148599529927e+37,3313.9895728951215,3313989572895.1216,27.26360985478372,False,1.0,1000000000.0,0.0,5.511461994538886e-07,7.345235555823729e-09,48861119410.78993,0.09217099732185598,0.4,0.9999999995659173,0.9999999999586634,0.10000000000000003,2.5066889926416124e-34,1.0,1.5009053581860774e-26
0.49458176463637277,4.1189867372430344e-06,14581082.428655619,75106641622.10014,75106641622.10014,1.7964226993791749e-06,0.013709727791742505,3.3248794131190817e+38,14966.936859869464,14966936859869.463,123.13035943326322,True,1.0,1000000000.0,0.0,5.680787370466141e-07,3.657089393111638e-08,71770221896.31241,0.0950027121711242,0.4,0.9999999978323106,0.9999999997936787,0.1,5.720847647562274e-35,1.0,3.331969196405127e-27
0.49458176463637277,4.245531922243701e-06,14581082.428655619,161248677223.89975,161248677223.89975,1.8516131278350073e-06,0.01399684194383438,1.4425407820188072e+39,66930.92770954453,66930927709544.52,550.6289806149321,False,1.0,1000000000.0,0.0,5.855314829427141e-07,1.796197670361692e-07,105160634493.45134,0.09792142411514633,0.4,0.9999999892656751,0.9999999989714377,0.10000000000000003,1.3185851523969286e-35,1.0,7.534731755777892e-28
0.49458176463637277,4.37596487986137e-06,14581082.428655619,343036749601.0712,343036749601.0712,1.9084991390699873e-06,0.014357065402272601,6.145166318630461e+39,293882.7556329003,293882755632900.3,2417.721787104037,True,1.0,1000000000.0,0.0,6.035204191931607e-07,8.627936750682383e-07,153382369199.1034,0.10092980591403355,0.4,0.9999999477154182,0.9999999949169639,0.09999999999999999,3.095299229136188e-36,1.0,1.7516609986418835e-28
0.49458176463637277,4.510405051826846e-06,14581082.428655619,719864490524.3896,719864490524.3896,1.9671328254675488e-06,0.014801980168098361,2.5472432057335005e+40,1255603.7136378398,1255603713637839.8,10329.631107117246,True,1.0,1000000000.0,0.0,6.220620188559933e-07,4.0158206064737025e-06,222193061556.65106,0.10403061244151983,0.4,0.9999997516701369,0.9999999752981418,0.09999999999999999,7.46733901425531e-37,1.0,4.2280307144544455e-29
0.49458176463637277,4.648975549408345e-06,14581082.428655619,1483019558297.8943,1483019558297.8943,2.0275678798145043e-06,0.015345944757879853,1.0176050019746265e+41,5170149.831615608,5170149831615608.0,42533.914123574876,True,1.0,1000000000.0,0.0,6.411732610812372e-07,1.7934894527719233e-05,318917651102.926,0.10722668320768988,0.4,0.9999988603347126,0.9999998829497395,0.09999999999999999,1.8692054905450257e-37,1.0,1.070763364806225e-29
0.49458176463637277,4.791803266148512e-06,14581082.428655619,2984344036319.036,2984344036319.036,2.0898596444692916e-06,0.016006883272193875,3.878821696627196e+41,20312595.935318466,2.0312595935318468e+16,167108.15726393185,False,1.0,1000000000.0,0.0,6.608716466592673e-07,7.607172029296954e-05,452407255281.8715,0.11052094495921158,0.4,0.9999949938587831,0.999999463918981,0.10000000000000002,4.903841954248691e-38,1.0,2.8768404810468736e-30
0.49458176463637277,4.939018994064992e-06,14581082.428655619,5835787193290.34,5835787193290.34,2.1540651620407816e-06,0.016807787405908256,1.396103129296605e+42,75357213.4737213,7.53572134737213e+16,619950.5528607793,True,1.0,1000000000.0,0.0,6.811752140468544e-07,0.00030320667062341946,632637367919.841,0.11391641435945368,0.4,0.9999791551948961,0.9999976482351386,0.09999999999999999,1.362444376050779e-38,1.0,8.295110950338306e-31
0.49458176463637277,5.090757543420965e-06,14581082.428655619,11030453443211.076,11030453443211.076,2.2202432276240635e-06,0.017777544031015304,4.69485198630908e+42,261198664.70303285,2.6119866470303286e+17,2148835.5145405047,True,1.0,1000000000.0,0.0,7.021025558855714e-07,0.001123426485348627,869764745796.5637,0.11741620075094333,0.4,0.9999185230994799,0.9999902066664472,0.1,4.0514863140391026e-39,1.0,2.597507403653372e-31
0.49458176463637277,5.2471578661753246e-06,14581082.428655619,20045348225671.15,20045348225671.15,2.2884544426410408e-06,0.018953808481299232,1.4594154822022898e+43,836892573.1203978,8.368925731203978e+17,6884968.133435545,True,1.0,1000000000.0,0.0,7.236728360276843e-07,0.0038275316218659584,1172497485570.438,0.12102350900269279,0.4,0.9997038870556062,0.9999616324653902,0.09999999999999998,1.3033388230380587e-39,1.0,8.940581483066115e-32
0.49458176463637277,5.40836318322553e-06,14581082.428655619,34839754448524.78,34839754448524.78,2.358761270335135e-06,0.020386018912169884,4.1497169565629515e+43,2452736856.766521,2.452736856766521e+18,20178235.105583787,False,1.0,1000000000.0,0.0,7.459058070851185e-07,0.011863084173457054,1545762119189.1357,0.12474164244500298,0.4,0.999008508917051,0.9998597954409562,0.1,4.583717098798225e-40,1.0,3.423849565229829e-32
0.5523131790623719,3.1074237186754287e-06,14581082.428655619,1368799211.8326185,1368799211.8326185,1.010917951585419e-06,402.551472027012,1.9403431431452712e+35,5.488962313184648,5488962313.184648,0.045156728385099654,False,1.0,1000000000.0,9.94533355669347e-09,3.1968032545617497e-07,2.1678863550363056e-12,9688911537.361803,0.05346177557001615,0.45,0.9999999999997287,0.9999999999999303,0.10000000000000002,5.454467073744963e-32,1.0,8.648949179629852e-15
0.5523131790623719,3.20289125339695e-06,14581082.428655619,2001489864.299966,2001489864.299966,1.0419757838545015e-06,393.4690703698019,3.905012274763317e+35,11.386121903475301,11386121903.475302,0.09367162403717742,True,1.0,1000000000.0,3.848287022378827e-09,3.295016743719526e-07,5.142327003771085e-12,11716066148.50897,0.05510424997247076,0.45,0.9999999999993824,0.9999999999998491,0.1,2.7102444349407733e-32,1.0,3.864687728556991e-15
0.5523131790623719,3.301291780529847e-06,14581082.428655619,2970513375.0534964,2970513375.0534964,1.0739877874722495e-06,384.8607475805218,8.096460531926341e+35,24.332702489172135,24332702489.172134,0.20018086743639504,True,1.0,1000000000.0,1.4489544009066435e-09,3.39624758761716e-07,1.2544063420814618e-11,14273184298.762115,0.05679718514121969,0.45,0.9999999999985512,0.9999999999996628,0.1,1.3071808037992888e-32,1.0,1.6785883858489564e-15
0.5523131790623719,3.4027154086593106e-06,14581082.428655619,4473886456.049094,4473886456.049094,1.106983276878729e-06,376.72923119637306,1.728696131777282e+36,53.54951235350222,53549512353.50222,0.440542427972814,True,1.0,1000000000.0,5.304158223751188e-10,3.5005884866535926e-07,3.1453737648166305e-11,17516510605.456703,0.05854213135243849,0.45,0.999999999996499,0.9999999999992178,0.09999999999999998,6.122266135443769e-33,1.0,7.090693661089013e-16
0.5523131790623719,3.507255014723112e-06,14581082.428655619,6835567111.581256,6835567111.581256,1.1409924671241497e-06,369.0787406363236,3.798519965144034e+36,121.28106184109727,121281061841.09727,0.9977579832639434,False,1.0,1000000000.0,1.8861545658666046e-10,3.6081349892071025e-07,8.101059522998583e-11,21651719555.098186,0.06034068651051754,0.45,0.9999999999912917,0.9999999999981325,0.10000000000000002,2.7862267101843123e-33,1.0,2.915338292007946e-16
0.5523131790623719,3.6150063290620626e-06,14581082.428655619,10590230761.200975,10590230761.200975,1.1760465015377764e-06,361.9163989540028,8.582083248993451e+36,282.43142507734024,282431425077.3402,2.323513702945157,True,1.0,1000000000.0,6.509537353593942e-11,3.718985579132088e-07,2.140992204508918e-10,26949941648.682674,0.06219449761131546,0.45,0.9999999999777213,0.9999999999954052,0.09999999999999999,1.2332131347355528e-33,1.0,1.1679000503100395e-16
0.5523131790623719,3.7260680230834246e-06,14581082.428655619,16627279014.222105,16627279014.222105,1.212177480246898e-06,355.2495742099418,1.9913188775283082e+37,675.4649562244854,675464956224.4854,5.556931496617517,True,1.0,1000000000.0,2.178390801077512e-11,3.833241765943963e-07,5.798770558295527e-10,33768806360.046394,0.06410526225036725,0.45,0.9999999999414443,0.9999999999883578,0.1,5.3148382740133185e-34,1.0,4.564831624772661e-17
0.5523131790623719,3.840541799617542e-06,14581082.428655619,26436136829.936775,26436136829.936775,1.249418489571962e-06,349.0894505964632,4.738173829287082e+37,1656.5887901883523,1656588790188.3523,13.628464867512344,False,1.0,1000000000.0,7.061906615035696e-12,3.9510081777747347e-07,1.6069712555405425e-09,42579848608.50662,0.06607473017742801,0.45,0.9999999998421151,0.9999999999696733,0.10000000000000003,2.2336744423842967e-34,1.0,1.7437228849647673e-17
0.5523131790623719,3.95853248605046e-06,14581082.428655619,42524439545.05908,42524439545.05908,1.2878036323248041e-06,343.4482768532512,1.1540078691141533e+38,4158.66766863818,4158667668638.1797,34.21262811470001,True,1.0,1000000000.0,2.2155610679419624e-12,4.0723926571844214e-07,4.547616398210259e-09,54003811998.66975,0.06810470489877618,0.45,0.9999999995640517,0.9999999999188875,0.09999999999999999,9.171114053300946e-35,1.0,6.522971583284822e-18
0.5523131790623719,4.080148130317791e-06,14581082.428655619,69129992625.79141,69129992625.79141,1.3273680590377072e-06,338.3434072175451,2.8706560490494498e+38,10662.727809584514,10662727809584.514,87.72038794748036,False,1.0,1000000000.0,6.720179968056073e-13,4.197506359916004e-07,1.3111508026709009e-08,68855458212.13834,0.07019704532874317,0.45,0.9999999987699375,0.9999999997776434,0.10000000000000002,3.68680106749716e-35,1.0,2.3954241066772606e-18
0.5523131790623719,4.205500099847746e-06,14581082.428655619,113428032898.1493,113428032898.1493,1.368148000151897e-06,333.7933466869169,7.274539488828435e+38,27850.589090738766,27850589090738.766,229.12190231560132,True,1.0,1000000000.0,1.9684254226604025e-13,4.3264638566843887e-07,3.8408699028219475e-08,88199336426.02739,0.07235366749198217,0.45,0.9999999964622401,0.9999999993765813,0.09999999999999999,1.4548739205149564e-35,1.0,8.659933375001418e-19
0.5523131790623719,4.3347031835439455e-06,14581082.428655619,187563776567.41373,187563776567.41373,1.4101807991949436e-06,329.8212786814782,1.8723162548046886e+39,73883.89881018111,73883898810181.11,607.8298520267689,True,1.0,1000000000.0,5.562217353372034e-14,4.4593832380925616e-07,1.1395802396497834e-07,113417377680.82135,0.07457654627803474,0.45,0.9999999896586855,0.9999999982168599,0.09999999999999999,5.65264428960305e-36,1.0,3.0921418232081377e-19
0.5523131790623719,4.467875696901368e-06,14581082.428655619,312037224396.1976,312037224396.1976,1.4535049469774526e-06,326.45500247005634,4.877650164280341e+39,198391.4551171762,198391455117176.2,1632.1316382755867,True,1.0,1000000000.0,1.5210055437364645e-14,4.596386222771023e-07,3.412202088441989e-07,146287871363.1342,0.07686771724980178,0.45,0.9999999693785852,0.999999994811954,0.1,2.1698025544261657e-36,1.0,1.0945455599869593e-19
0.5523131790623719,4.605139590351726e-06,14581082.428655619,521253187836.27246,521253187836.27246,1.4981601168403588e-06,323.7274313113877,1.2811850137759835e+40,537113.2689378618,537113268937861.75,4418.736477603521,True,1.0,1000000000.0,3.9968028886505635e-15,4.737598268839516e-07,1.0269132387694054e-06,189072984459.13797,0.07922927850757505,0.45,0.9999999084947933,0.9999999846964392,0.1,8.260741167163883e-37,1.0,3.857105825076772e-20
0.5523131790623719,4.746620560937468e-06,14581082.428655619,872431363128.1017,872431363128.1017,1.5441872009851054e-06,321.67749866809265,3.378263392364033e+40,1459786.206240504,1459786206240504.0,12009.404593137348,True,1.0,1000000000.0,9.992007221626409e-16,4.883148688793138e-07,3.092217369737742e-06,244608053842.33316,0.08166339261033641,0.45,0.9999997252000863,0.9999999544039467,0.1,3.1328338133654427e-37,1.0,1.3594987943721975e-20
0.5523131790623719,4.892448167416684e-06,14581082.428655619,1459511746699.026,1459511746699.026,1.591628347919973e-06,320.35130128322027,8.899440891211402e+40,3963694.63208888,3963694632088880.0,32608.619205269802,True,1.0,1000000000.0,2.220446049250313e-16,5.033170767918036e-07,9.269637726810705e-06,316379922118.3721,0.08417228855608394,0.45,0.9999991744802135,0.9999998633523678,0.1,1.1892362582580227e-37,1.0,4.817678287242882e-21
0.5523131790623719,5.042755948904301e-06,14581082.428655619,2434053745322.6543,2434053745322.6543,1.6405270010568486e-06,319.80394705951875,2.329831035486559e+41,10695561.984146144,1.0695561984146144e+16,87990.50893170848,False,1.0,1000000000.0,1.1102230246251565e-16,5.1878018863451e-07,2.7512103925717418e-05,408573503989.7543,0.08675826382299838,0.45,0.999997531779944,0.9999995899531949,0.10000000000000002,4.5426203123105194e-38,1.0,1.7262643912848745e-21
0.5523131790623719,5.1976815471582125e-06,14581082.428655619,4035088827846.191,4035088827846.191,1.690927938493778e-06,320.1013802333699,6.026801175130396e+41,28517257.960622378,2.8517257960622376e+16,234606.4699556129,False,1.0,1000000000.0,0.0,5.347183644853445e-07,8.036428672545499e-05,526055623188.4093,0.08942368647331904,0.45,0.999992695064568,0.9999987740622177,0.10000000000000002,1.756078801757336e-38,1.0,6.293161748152375e-22
0.5523131790623719,5.357366832622356e-06,14581082.428655619,6628839150986.998,6628839150986.998,1.7428773140197377e-06,321.31944777091735,1.5309894311691835e+42,74668050.01013854,7.466805001013854e+16,614280.9261513394,True,1.0,1000000000.0,0.0,5.511461994538886e-07,0.00022956164840868808,674254506691.9636,0.09217099732185598,0.45,0.9999787236705964,0.9999963675545975,0.09999999999999999,6.912874491870445e-39,1.0,2.3496277452583834e-22
0.5523131790623719,5.521958034342124e-06,14581082.428655619,10756214661956.453,10756214661956.453,1.7964226993791749e-06,323.5516837543647,3.794309194064065e+42,190737924.3859438,1.907379243859438e+17,1569167.3858909216,True,1.0,1000000000.0,0.0,5.680787370466141e-07,0.00063690703965558,858884663433.4807,0.0950027121711242,0.45,0.9999393877589237,0.9999893932566291,0.1,2.7893187520431668e-39,1.0,9.048329488317422e-23
0.5523131790623719,5.691605873871089e-06,14581082.428655619,17179943583853.293,17179943583853.293,1.8516131278350073e-06,326.9088222813976,9.111163264104481e+42,472084650.8076323,4.720846508076323e+17,3883757.463608175,True,1.0,1000000000.0,0.0,5.855314829427141e-07,0.0017040558343764506,1085465398924.4492,0.09792142411514633,0.45,0.9998321824765852,0.9999696565423634,0.1,1.1616011566546027e-39,1.0,3.620844010414681e-23
0.5523131790623719,5.866465703291656e-06,14581082.428655619,26913412790131.797,26913412790131.797,1.9084991390699873e-06,331.5239642963383,2.1046722405633696e+43,1124015348.0178263,1.1240153480178264e+18,9247076.746948106,True,1.0,1000000000.0,0.0,6.035204191931607e-07,0.004364041670549207,1358593410160.529,0.10092980591403355,0.45,0.9995513664139877,0.9999154681246288,0.1,5.028591902376084e-40,1.0,1.517372849318253e-23
0.6088893457668589,3.94034757841439e-06,14581082.428655619,187289588655.37518,187289588655.37518,9.80785849990888e-07,305517.59257561236,2.259218347044426e+39,68356.71227868753,68356712278687.52,562.3586597147148,True,1.0,1000000000.0,7.987429606615137e-09,3.1015171828354406e-07,3.5054076295086944e-08,113334448429.23111,0.05186825786625657,0.5,0.9999999939936879,0.999999997983881,0.09999999999999999,2.7423388200477325e-36,0.9999999999999389,2.6610018397445783e-13
0.6088893457668589,4.061404538556759e-06,14581082.428655619,247888081403.87567,247888081403.87567,1.010917951585419e-06,298019.75111488346,3.7252789011246194e+39,116177.88609500021,116177886095000.22,955.7750531726941,True,1.0,1000000000.0,3.2575302455484234e-09,3.1968032545617497e-07,6.79719649350148e-08,130386593950.0745,0.05346177557001615,0.5,0.999999988787082,0.9999999963575626,0.1,1.66310827739465e-36,0.9999999999999342,1.4453692238332505e-13
0.6088893457668589,4.186180659840949e-06,14581082.428655619,331339292680.4443,331339292680.4443,1.0419757838545015e-06,290852.87806590315,6.264839479198753e+39,201380.0026484349,201380002648434.9,1656.7178936431721,True,1.0,1000000000.0,1.2948229155540503e-09,3.295016743719526e-07,1.341388181251927e-07,150744538959.92166,0.05510424997247076,0.5,0.9999999786442405,0.9999999932797308,0.09999999999999999,9.889386945404041e-37,0.9999999999999287,7.705500440537782e-14
0.6088893457668589,4.314790203847479e-06,14581082.428655619,447104985220.8471,447104985220.8471,1.0739877874722495e-06,284014.9948528279,1.0737412962190807e+40,355752.3421773499,355752342177349.9,2926.7120033741085,True,1.0,1000000000.0,5.012219528310879e-10,3.39624758761716e-07,2.6919257287807194e-07,175109566782.23566,0.05679718514121969,0.5,0.9999999585330357,0.9999999873435091,0.09999999999999999,5.770051126728661e-37,0.9999999999999225,4.0351855971465696e-14
0.6088893457668589,4.447350942547602e-06,14581082.428655619,608785670936.2928,608785670936.2928,1.106983276878729e-06,277505.63798919454,1.8738121097871332e+40,639905.5399051476,639905539905147.6,5264.39042735057,True,1.0,1000000000.0,1.8879653396197682e-10,3.5005884866535926e-07,5.487970810805045e-07,204332443430.22195,0.05854213135243849,0.5,0.9999999179840308,0.9999999756832182,0.1,3.3063838918021615e-37,0.9999999999999153,2.0778528018387323e-14
0.6088893457668589,4.583984266150937e-06,14581082.428655619,835964064797.3121,835964064797.3121,1.1409924671241497e-06,271325.1583595642,3.325745264957434e+40,1170632.3655312054,1170632365531205.5,9630.586758106072,True,1.0,1000000000.0,6.914135930458087e-11,3.6081349892071025e-07,1.135151535906725e-06,239441222929.57758,0.06034068651051754,0.5,0.9999998349457568,0.9999999523775589,0.1,1.8629034043421531e-37,0.999999999999907,1.0534281324326823e-14
0.6088893457668589,4.7248152942664756e-06,14581082.428655619,1156846453811.4065,1156846453811.4065,1.1760465015377764e-06,265474.7864026238,5.994897588491625e+40,2174978.8161679697,2174978816167969.5,17893.168515500183,True,1.0,1000000000.0,2.4597213155175268e-11,3.718985579132088e-07,2.3786521314717117e-06,281671545865.1726,0.06219449761131546,0.5,0.9999996624737814,0.9999999050310922,0.09999999999999998,1.0334692268901395e-37,0.9999999999998971,5.266172984570978e-15
0.6088893457668589,4.869972990478704e-06,14581082.428655619,1612011146522.2485,1612011146522.2485,1.212177480246898e-06,259956.7194044665,1.0956780864005818e+41,4097301.813615699,4097301813615699.0,33707.782009141345,True,1.0,1000000000.0,8.49287307147506e-12,3.833241765943963e-07,5.040399376113197e-06,332498076838.14294,0.06410526225036725,0.5,0.9999992997529314,0.99999980739646,0.09999999999999999,5.654527778699134e-38,0.9999999999998856,2.6005548266581544e-15
0.6088893457668589,5.019590280443772e-06,14581082.428655619,2259657675040.9424,2259657675040.9424,1.249418489571962e-06,254774.72202220967,2.0265100539497724e+41,7810978.815625348,7810978815625348.0,64259.550106897565,False,1.0,1000000000.0,2.8433921883674884e-12,3.9510081777747347e-07,1.0778293504161843e-05,393664672557.7193,0.06607473017742801,0.5,0.9999985288678772,0.9999996033574886,0.10000000000000003,3.057247194006548e-38,0.9999999999998721,1.2712394763147221e-15
0.6088893457668589,5.173804173613884e-06,14581082.428655619,3182826166105.859,3182826166105.859,1.2878036323248041e-06,249933.4552332517,3.78447696238838e+41,15035029.34977949,1.503502934977949e+16,123690.5443819823,True,1.0,1000000000.0,9.222622665561175e-13,4.0723926571844214e-07,2.3203055683714592e-05,467209405776.01514,0.06810470489877618,0.5,0.9999968769449114,0.9999991720393129,0.09999999999999998,1.6370933784609432e-38,0.9999999999998559,6.166275818209637e-16
0.6088893457668589,5.332755888701321e-06,14581082.428655619,4499088013599.045,4499088013599.045,1.3273680590377072e-06,245438.61478124256,7.11779655201958e+41,29146452.42189843,2.9146452421898428e+16,239782.74222132046,False,1.0,1000000000.0,2.894351425197783e-13,4.197506359916004e-07,5.014968371597997e-05,555478638081.6759,0.07019704532874317,0.5,0.9999933168847737,0.9999982517722606,0.10000000000000003,8.70429792532648e-39,0.9999999999998366,2.976026568511162e-16
0.6088893457668589,5.496590982997056e-06,14581082.428655619,6373132285564.911,6373132285564.911,1.368148000151897e-06,241298.75446367334,1.3443706549578827e+42,56741507.86784394,5.6741507867843944e+16,466802.4141456753,True,1.0,1000000000.0,8.781864124784988e-14,4.3264638566843887e-07,0.00010849016905026107,661121961484.5082,0.07235366749198217,0.5,0.9999856231693696,0.9999962748653247,0.1,4.608507447864591e-39,0.9999999999998134,1.4335217746726738e-16
0.6088893457668589,5.665459485662328e-06,14581082.428655619,9032381426109.307,9032381426109.307,1.4101807991949436e-06,237522.8327501016,2.541758365641507e+42,110575223.88266379,1.1057522388266379e+17,909682.9356975515,True,1.0,1000000000.0,2.5757174171303632e-14,4.4593832380925616e-07,0.0002341171910293005,787057119832.4135,0.07457654627803474,0.5,0.9999690033465508,0.9999920109852787,0.09999999999999998,2.4375024234454815e-39,0.9999999999997852,6.915223008404301e-17
0.6088893457668589,5.839516035115261e-06,14581082.428655619,12785112553386.941,12785112553386.941,1.4535049469774526e-06,234122.39880819534,4.793529458834574e+42,214941702.0399231,2.149417020399231e+17,1768287.6113639146,True,1.0,1000000000.0,7.327471962526033e-15,4.596386222771023e-07,0.0005020736317162081,936391354498.3505,0.07686771724980178,0.5,0.999933244474173,0.9999828059716852,0.09999999999999998,1.2924802547412089e-39,0.9999999999997506,3.353334052174139e-17
0.6088893457668589,6.01892002063832e-06,14581082.428655619,18039346973975.05,18039346973975.05,1.4981601168403588e-06,231111.98731750678,8.982650018574979e+42,415156153.0996365,4.151561530996365e+17,3415416.7169069583,False,1.0,1000000000.0,1.9984014443252818e-15,4.737598268839516e-07,0.00106564655589136,1112283573392.5818,0.07922927850757505,0.5,0.9998569099313606,0.9999629832083841,0.10000000000000003,6.89723206765532e-40,0.999999999999708,1.6413580146130102e-17
0.6088893457668589,6.2038357283362964e-06,14581082.428655619,25318824084053.492,25318824084053.492,1.5441872009851054e-06,228508.15112580205,1.665583782019516e+43,793442027.1906024,7.934420271906024e+17,6527508.127557369,True,1.0,1000000000.0,5.551115123125783e-16,4.883148688793138e-07,0.002228666448382544,1317731364537.5068,0.08166339261033641,0.5,0.9996959147735316,0.9999205590559164,0.1,3.719742136629069e-40,0.999999999999655,8.14547340893507e-18
0.6088893457668589,6.394432491578491e-06,14581082.428655619,35269645297147.22,35269645297147.22,1.591628347919973e-06,226330.53875858107,3.0422729126381106e+43,1493786756.8963869,1.4937867568963868e+18,12289121.148527708,True,1.0,1000000000.0,1.1102230246251565e-16,5.033170767918036e-07,0.004570867874385051,1555269529483.7751,0.08417228855608394,0.5,0.9993619476317867,0.9998306844773805,0.1,2.0364846790459464e-40,0.9999999999995887,4.1179790265818956e-18
0.6641628517547797,4.897026035841621e-06,14581082.428655619,4119815404583.572,4119815404583.572,9.515518861186907e-07,26779123.14129953,7.077676171667515e+41,22662516.70502872,2.266251670502872e+16,186440.54248898968,True,1.0,1000000000.0,8.905733039910047e-09,3.0090712719642214e-07,1.4070431106722822e-05,531549845230.3762,0.050322237624845,0.55,0.9999966200971685,0.9999985628127874,0.1,5.334693034054248e-39,0.9999999995631889,4.225101926287837e-12
0.6641628517547797,5.0474744604639924e-06,14581082.428655619,5046594002973.387,5046594002973.387,9.80785849990888e-07,26082727.16596631,9.996511599192474e+41,32991923.78494737,3.299192378494737e+16,271418.759367361,False,1.0,1000000000.0,3.832974937445499e-09,3.1015171828354406e-07,2.3327323835879125e-05,588307386339.2498,0.05186825786625657,0.55,0.9999945894875408,0.9999977533308662,0.10000000000000002,3.777040560162656e-39,0.9999999995363065,2.6712175692584653e-12
0.6641628517547797,5.20254502274822e-06,14581082.428655619,6220830194759.741,6220830194759.741,1.010917951585419e-06,25413550.008189186,1.4297661118170986e+42,48636899.57540725,4.863689957540725e+16,400127.2259320304,True,1.0,1000000000.0,1.6105019540191279e-09,3.1968032545617497e-07,3.9064953103931055e-05,653174604394.2122,0.05346177557001615,0.55,0.9999912255755347,0.9999964380386849,0.09999999999999999,2.640797642231185e-39,0.9999999995060079,1.6689140759643174e-12
0.6641628517547797,5.362379725886551e-06,14581082.428655619,7713384067747.073,7713384067747.073,1.0419757838545015e-06,24771295.65793143,2.0690680957418746e+42,72546653.62569,7.254665362569e+16,596828.5708856506,True,1.0,1000000000.0,6.601227342528659e-10,3.295016743719526e-07,6.601883838695901e-05,727323459345.6616,0.05510424997247076,0.55,0.9999855953079756,0.9999942756979708,0.1,1.8248422972637052e-39,0.9999999994717386,1.0313534669520093e-12
0.6641628517547797,5.527124935751033e-06,14581082.428655619,9615396574385.658,9615396574385.658,1.0739877874722495e-06,24155669.079366975,3.026466273977822e+42,109375526.37577339,1.0937552637577339e+17,899813.2351290482,True,1.0,1000000000.0,2.637520202242172e-10,3.39624758761716e-07,0.00011246501494534326,812061120218.1118,0.05679718514121969,0.55,0.9999760844210259,0.9999906817958613,0.09999999999999998,1.2475681653858442e-39,0.9999999994328334,6.311080808587183e-13
0.6641628517547797,5.696931514925542e-06,14581082.428655619,12043505691350.746,12043505691350.746,1.106983276878729e-06,23566469.842331167,4.4691388426125426e+42,166475328.93732423,1.6647532893732422e+17,1369563.2767573684,True,1.0,1000000000.0,1.0264400440718191e-10,3.5005884866535926e-07,0.00019286715067942062,908827748556.7957,0.05854213135243849,0.55,0.9999598894838756,0.9999846488775804,0.1,8.448435168376764e-40,0.999999999388491,3.8289810714973025e-13
0.6641628517547797,5.871954960855575e-06,14581082.428655619,15145933519918.504,15145933519918.504,1.1409924671241497e-06,23003511.36992594,6.653139979132489e+42,255443239.14626524,2.5544323914626525e+17,2101486.639875554,True,1.0,1000000000.0,3.887645760869418e-11,3.6081349892071025e-07,0.0003324437737906642,1019185275343.8312,0.06034068651051754,0.55,0.9999321323803141,0.9999744322783921,0.09999999999999999,5.675099259704684e-40,0.9999999993377415,2.30672687447199e-13
0.6641628517547797,6.052355548242364e-06,14581082.428655619,19109269021769.926,19109269021769.926,1.1760465015377764e-06,22466707.880070638,9.968717369531225e+42,394501584.6358816,3.945015846358816e+17,3245495.211745797,False,1.0,1000000000.0,1.4318435326288181e-11,3.718985579132088e-07,0.0005749436775107031,1144793499524.806,0.06219449761131546,0.55,0.9998843263654281,0.9999570015252248,0.10000000000000002,3.787571496980052e-40,0.9999999992794041,1.3822631428250427e-13
0.6641628517547797,6.238298475811674e-06,14581082.428655619,24165508100792.45,24165508100792.45,1.212177480246898e-06,21956042.135688327,1.5005814100393135e+43,612083606.4603338,6.120836064603338e+17,5035504.269998387,True,1.0,1000000000.0,5.1236792586450974e-12,3.833241765943963e-07,0.0009956413376609845,1287369106401.383,0.06410526225036725,0.55,0.9998017447509945,0.9999270871545867,0.09999999999999999,2.5161733657154414e-40,0.9999999992120333,8.2549842528937e-14
0.6641628517547797,6.429954017591674e-06,14581082.428655619,30598510743021.996,30598510743021.996,1.249418489571962e-06,21471523.297294956,2.2645652808018026e+43,952089438.9045401,9.5208943890454e+17,7832672.504903744,False,1.0,1000000000.0,1.7797985307765884e-12,3.9510081777747347e-07,0.0017225255435497934,1448622619496.1294,0.06607473017742801,0.55,0.9996589691498705,0.9998755374072763,0.10000000000000002,1.6673058661801052e-40,0.9999999991338502,4.9240803849710083e-14
0.6641628517547797,6.627497678838454e-06,14581082.428655619,38748467038278.79,38748467038278.79,1.2878036323248041e-06,21013284.01671999,3.4182976997189773e+43,1481305048.5791664,1.4813050485791665e+18,12186436.32759008,False,1.0,1000000000.0,5.99631455600047e-13,4.0723926571844214e-07,0.002969725982159663,1630168062155.461,0.06810470489877618,0.55,0.999412496979129,0.9997865172467088,0.10000000000000003,1.1045623607736243e-40,0.9999999990426525,2.940890196611837e-14
0.7179427725842294,6.172506377116976e-06,14581082.428655619,34551525072231.53,34551525072231.53,9.515518861186907e-07,579614216.3540827,3.133367600104202e+43,1084536179.5947108,1.0845361795947109e+18,8922288.565934364,True,1.0,1000000000.0,5.856799822900882e-09,3.0090712719642214e-07,0.0008631385541308028,1539354792757.4233,0.050322237624845,0.6,0.9997084024760214,0.999851658725318,0.1,7.584562001069391e-41,0.9999997852491991,2.8141264944924e-11
0.7179427725842294,6.36214062729494e-06,14581082.428655619,40006534893156.086,40006534893156.086,9.80785849990888e-07,564054623.1346662,3.9541700801144836e+43,1410684059.1471918,1.4106840591471918e+18,11605449.857632622,False,1.0,1000000000.0,2.6051701906837366e-09,3.1015171828354406e-07,0.0012732351500503807,1656420459355.632,0.05186825786625657,0.6,0.999582170100628,0.9997907003199573,0.10000000000000002,6.010166571905338e-41,0.9999997742303502,1.9878355440464684e-11
0.7179427725842294,6.557600897997382e-06,14581082.428655619,46480166778908.53,46480166778908.53,1.010917951585419e-06,549063958.8875408,5.02395096948719e+43,1847402481.4162738,1.847402481416274e+18,15198255.573897846,True,1.0,1000000000.0,1.1324274851176597e-09,3.1968032545617497e-07,0.0018850097130405556,1785414083937.175,0.05346177557001615,0.6,0.9993968283305847,0.9997020998073766,0.1,4.730384707070123e-41,0.9999997619403019,1.3954379147903143e-11
0.7179427725842294,6.75906617859526e-06,14581082.428655619,54157967610378.625,54157967610378.625,1.0419757838545015e-06,534632959.63209593,6.420240826967056e+43,2433375697.950159,2.433375697950159e+18,20018954.25430318,True,1.0,1000000000.0,4.80702144756151e-10,3.295016743719526e-07,0.0027977654445914095,1927242199523.8264,0.05510424997247076,0.6,0.9991235736711795,0.99957256699803,0.1,3.701608938921859e-41,0.9999997481929602,9.745109913889055e-12
0.2540468430432572,7.090031211028554e-07,1458108242.865562,8.526902998341486e-67,1458108242.865562,1.591628347919973e-06,1.5308505976565545e-89,4.2294435825542747e+36,86.64611563651812,86646115636.51811,0.712822367175645,True,10.0,10000000000.0,7.478578201158825e-09,5.033170767918036e-07,0.0,10000000000.0,0.08417228855608394,0.2,1.0,1.0,3.419818952432655e-152,1.1915267616572028e-31,1.0,1.1022651736713686e-197
0.2540468430432572,7.30785403214806e-07,1458108242.865562,1.136238153849327e-65,1458108242.865562,1.6405270010568486e-06,1.6252400832730423e-89,3.981069889896058e+36,84.06348313401236,84063483134.01236,0.6915755034188926,True,10.0,10000000000.0,1.5157802790710662e-09,5.1878018863451e-07,0.0,10000000000.0,0.08675826382299838,0.2,1.0,1.0,6.072383711167824e-150,1.2658645426755644e-31,1.0,1.2423830550613875e-197
0.2540468430432572,7.532368894527787e-07,1458108242.865562,1.7258829814634122e-64,1458108242.865562,1.690927938493778e-06,1.7408032713443993e-89,3.747281919922294e+36,81.55783031598524,81557830315.98524,0.6709619379988445,True,10.0,10000000000.0,2.930654607880001e-10,5.347183644853445e-07,0.0,10000000000.0,0.08942368647331904,0.2,1.0,1.0,1.401016217162731e-147,1.3448401596742512e-31,1.0,1.425344545534206e-197
0.2540468430432572,7.763781393779791e-07,1458108242.865562,3.0012497064253956e-63,1458108242.865562,1.7428773140197377e-06,1.8831193879825754e-89,3.5272231273847745e+36,79.1268626740944,79126862674.09439,0.650962794398578,True,10.0,10000000000.0,5.397282620833721e-11,5.511461994538886e-07,0.0,10000000000.0,0.09217099732185598,0.2,1.0,1.0,4.236670911723645e-145,1.4287429611149146e-31,1.0,1.6679236983796283e-197
0.2540468430432572,8.002303441908107e-07,1458108242.865562,6.000113476322372e-62,1458108242.865562,1.7964226993791749e-06,2.059866720881576e-89,3.320087267577674e+36,76.76835409165894,76768354091.65894,0.6315597587473507,True,10.0,10000000000.0,9.45410416619552e-12,5.680787370466141e-07,0.0,10000000000.0,0.0950027121711242,0.2,1.0,1.0,1.693321403273555e-142,1.517880347527592e-31,1.0,1.995715876383785e-197
0.2540468430432572,8.248153461363507e-07,1458108242.865562,1.3845588382829955e-60,1458108242.865562,1.8516131278350073e-06,2.2819345013323704e-89,3.1251154424427496e+36,74.48014480513174,74480144805.13174,0.612735063049992,True,10.0,10000000000.0,1.5726309143815342e-12,5.855314829427141e-07,0.0,10000000000.0,0.09792142411514633,0.2,1.0,1.0,9.016610353943132e-140,1.6125788977554077e-31,1.0,2.449214484266268e-197
0.2540468430432572,8.501556585060075e-07,1458108242.865562,3.7014428475440905e-59,1458108242.865562,1.9084991390699873e-06,2.565325775742667e-89,2.941593320141747e+36,72.26013942633325,72260139426.33325,0.5944714689161673,True,10.0,10000000000.0,2.4802382370125997e-13,6.035204191931607e-07,0.0,10000000000.0,0.10092980591403355,0.2,1.0,1.0,6.444104371671775e-137,1.7131855654641932e-31,1.0,3.095319755377559e-197
0.2540468430432572,8.762744862536817e-07,1458108242.865562,1.1502919825193331e-57,1458108242.865562,1.9671328254675488e-06,2.9350400214736993e-89,2.7688485179091314e+36,70.10630502363568,70106305023.63568,0.5767522517746184,True,10.0,10000000000.0,3.708144902248023e-14,6.220620188559933e-07,0.0,10000000000.0,0.10403061244151983,0.2,1.0,1.0,6.223528108871281e-134,1.8200689503007762e-31,1.0,4.05180489644896e-197
0.2540468430432572,9.031957472453002e-07,1458108242.865562,4.1679018551423025e-56,1458108242.865562,2.0275678798145043e-06,3.4345169451274846e-89,2.606248138596591e+36,68.01666926034115,68016669260.34115,0.5595611855579269,True,10.0,10000000000.0,5.218048215738236e-15,6.411732610812372e-07,0.0,10000000000.0,0.10722668320768988,0.2,1.0,1.0,8.170627987128735e-131,1.9336206483571411e-31,1.0,5.548196022641818e-197
0.2540468430432572,9.309440941611905e-07,1458108242.865562,1.7651620109524988e-54,1458108242.865562,2.0898596444692916e-06,4.6795154666511225e-89,2.453196451883726e+36,65.98931858854826,65989318588.548256,0.5428825278437723,True,10.0,10000000000.0,6.661338147750939e-16,6.608716466592673e-07,0.0,10000000000.0,0.11052094495921158,0.2,1.0,1.0,1.4655127939205537e-127,2.0542566868882746e-31,1.0,1.0299644711865625e-196
0.2540468430432572,9.595449370713468e-07,1458108242.865562,8.754813809063772e-53,1458108242.865562,2.1540651620407816e-06,6.917640999082582e-89,2.309132711659435e+36,64.02239649685367,64022396496.853676,0.5267010054390808,True,10.0,10000000000.0,1.1102230246251565e-16,6.811752140468544e-07,0.0,10000000000.0,0.11391641435945368,0.2,1.0,1.0,3.605074951290267e-124,2.1824190485401554e-31,1.0,2.2507979434906756e-196
0.2540468430432572,9.89024466704263e-07,1458108242.865562,5.0915796612194684e-51,1458108242.865562,2.2202432276240635e-06,1.0491152739223703e-88,2.1735291015773827e+36,62.114101810283834,62114101810.28384,0.5110018003938622,True,10.0,10000000000.0,0.0,7.021025558855714e-07,0.0,10000000000.0,0.11741620075094333,0.2,1.0,1.0,1.219342063313459e-120,2.3185772906723213e-31,1.0,5.17686559418356e-196
0.2540468430432572,1.0194096784306418e-06,1458108242.865562,3.473879075243628e-49,1458108242.865562,2.2884544426410408e-06,1.6347485563456674e-88,2.045888801258531e+36,60.262687040900005,60262687040.9,0.4957705364319274,True,10.0,10000000000.0,0.0,7.236728360276843e-07,0.0,10000000000.0,0.12102350900269279,0.2,1.0,1.0,5.676097714055255e-117,2.463230265707834e-31,1.0,1.2569627130846949e-195
0.2540468430432572,1.0507283969839379e-06,1458108242.865562,2.7794767355611445e-47,1458108242.865562,2.358761270335135e-06,2.621390670981898e-88,1.9257441660557634e+36,58.466456787566344,58466456787.566345,0.4809932657860617,True,10.0,10000000000.0,0.0,7.459058070851185e-07,0.0,10000000000.0,0.12474164244500298,0.2,1.0,1.0,3.633678978636079e-113,2.616907948813594e-31,1.0,3.232093894816185e-195
0.2540468430432572,1.0830093019403792e-06,1458108242.865562,2.6043031015772723e-45,1458108242.865562,2.431228092970925e-06,4.3330494376165034e-88,1.812655013711657e+36,56.72376618341564,56723766183.41564,0.46665645642559794,True,10.0,10000000000.0,0.0,7.688218285175729e-07,0.0,10000000000.0,0.1285740058944312,0.2,1.0,1.0,3.1900943370321675e-109,2.780173379607233e-31,1.0,8.830956755201222e-195
0.2540468430432572,1.1162819539817932e-06,1458108242.865562,2.8503820759126584e-43,1458108242.865562,2.5059212707910965e-06,7.396120578008565e-88,1.7062070116321272e+36,55.033019389590734,55033019389.59074,0.4527469796646922,True,10.0,10000000000.0,0.0,7.92441885276344e-07,0.0,10000000000.0,0.1325241087716931,0.2,1.0,1.0,3.821436316678643e-105,2.9536247250045243e-31,1.0,2.5729327524559964e-194
0.2540468430432572,1.1505768219652916e-06,1458108242.865562,3.630375344707258e-41,1458108242.865562,2.5829092027846854e-06,1.3060838135260827e-87,1.6060101588672823e+36,53.39266813388271,53392668133.882706,0.43925209813995675,True,10.0,10000000000.0,0.0,8.167876070209329e-07,0.0,10000000000.0,0.13659556831535435,0.2,1.0,1.0,6.199027000892855e-101,3.1378974707651198e-31,1.0,8.023476117791441e-194
0.2540468430432572,1.1859253108246002e-06,1458108242.865562,5.3528034038289763e-39,1458108242.865562,2.6622623893222763e-06,2.3908138166708585e-87,1.511697357237813e+36,51.80121029292729,51801210292.927284,0.42615945414643924,True,10.0,10000000000.0,0.0,8.418812879260327e-07,0.0,10000000000.0,0.14079211289425417,0.2,1.0,1.0,1.3476684332205383e-96,3.3336667497659343e-31,1.0,2.6885120280402273e-193
0.2540468430432572,1.2223597903285859e-06,1458108242.865562,9.07539381182317e-37,1458108242.865562,2.7440534967154976e-06,4.545936479236514e-87,1.4229230663718582e+36,50.25718851666125,50257188516.661255,0.413457058321267,True,10.0,10000000000.0,0.0,8.677459070970343e-07,0.0,10000000000.0,0.145117585421695,0.2,1.0,1.0,3.8739269679076534e-92,3.541649815532431e-31,1.0,9.720020834376481e-193
0.2540468430432572,1.259913624723314e-06,1458108242.865562,1.7544596631681461e-34,1458108242.865562,2.828357423759946e-06,8.997982182768144e-87,1.3393620377247065e+36,48.759188893779324,48759188893.77933,0.40113327866459564,True,10.0,10000000000.0,0.0,8.944051496127467e-07,0.0,10000000000.0,0.14957594687452402,0.2,1.0,1.0,1.4477955765704087e-87,3.762608670090256e-31,1.0,3.808120897112562e-192
0.2540468430432572,1.2986212032847793e-06,1458108242.865562,3.8278820331317485e-32,1458108242.865562,2.9152513703224606e-06,1.858232220724701e-86,1.2607081229430818e+36,47.30583965696927,47305839656.96927,0.3891768298878055,True,10.0,10000000000.0,0.0,9.218834282145973e-07,0.0,10000000000.0,0.1541712799203292,0.2,1.0,1.0,6.891877674460438e-83,3.997352855765057e-31,1.0,1.6241287053990803e-191
0.2540468430432572,1.3385179718102963e-06,1458108242.865562,9.311052004452877e-30,1458108242.865562,3.004814908035579e-06,4.013526614069704e-86,1.1866731522081192e+36,45.89580992673953,45895809926.73953,0.37757676307919275,True,10.0,10000000000.0,0.0,9.502059056621815e-07,0.0,10000000000.0,0.15890779265607205,0.2,1.0,1.0,4.0777253813020884e-78,4.246742421159035e-31,1.0,7.576572165422845e-191
0.2540468430432572,1.3796404650773716e-06,1458108242.865562,2.4890860149428268e-27,1458108242.865562,3.0971300531638755e-06,9.088927786626636e-86,1.1169858784475614e+36,44.527808492689495,44527808492.68949,0.36632245567769345,True,10.0,10000000000.0,0.0,9.79398517775623e-07,0.0,10000000000.0,0.1637898224615794,0.2,1.0,1.0,2.914072008481479e-73,4.51169107217081e-31,1.0,3.885489821212649e-190
0.2540468430432572,1.4220263402997998e-06,1458108242.865562,7.192762581526858e-25,1458108242.865562,3.1922813417089495e-06,2.1637188966322685e-85,1.0513909835489862e+36,43.200582631105654,43200582631.10565,0.35540360174545566,True,10.0,10000000000.0,0.0,1.0094879971858551e-06,0.0,10000000000.0,0.16882183997142453,0.2,1.0,1.0,2.433391129302707e-68,4.793169519603298e-31,1.0,2.202024495291273e-189
0.2540468430432572,1.4657144116116057e-06,1458108242.865562,2.204834060219078e-22,1458108242.865562,3.2903559068218043e-06,5.429823120421371e-85,9.896481429330806e+35,41.912916957801606,41912916957.801605,0.344810202530355,True,10.0,10000000000.0,0.0,1.0405018978145662e-06,0.0,10000000000.0,0.17400845316883332,0.2,1.0,1.0,2.2865056997630513e-63,5.0922090356243914e-31,1.0,1.3867297562445748e-188
0.2540468430432572,1.5107446856104194e-06,1458108242.865562,7.018682439494266e-20,1458108242.865562,3.3914435585935347e-06,1.4405124734711276e-84,9.315311450597605e+35,40.663632315150856,40663632315.150856,0.3345325573098096,True,10.0,10000000000.0,0.0,1.0724686201062285e-06,0.0,10000000000.0,0.17935441160536578,0.2,1.0,1.0,2.317029996257819e-58,5.409905232110553e-31,1.0,9.760105592767098e-188
0.2540468430432572,1.5571583979928252e-06,1458108242.865562,2.2659977383056103e-17,1458108242.865562,3.4956368662973587e-06,4.052290667298703e-84,8.768270626412172e+35,39.451584692293665,39451584692.29366,0.3245612545075113,True,10.0,10000000000.0,0.0,1.1054174370353137e-06,0.0,10000000000.0,0.18486461075023553,0.2,1.0,1.0,2.4151238901363457e-53,5.747422074716242e-31,1.0,7.72363334007702e-187
0.2540468430432572,1.604998051315243e-06,1458108242.865562,7.22876811630185e-15,1458108242.865562,3.6030312431573415e-06,1.2125476787598258e-83,8.253354725254004e+35,38.27566417752873,38275664177.52873,0.3148871630749363,True,10.0,10000000000.0,0.0,1.1393785209125165e-06,0.0,10000000000.0,0.19054409647325168,0.2,1.0,1.0,2.457814246543828e-48,6.105996147375864e-31,1.0,6.9154129512948235e-186
0.2540468430432572,1.6543074539149066e-06,1458108242.865562,2.2147455972176967e-12,1458108242.865562,3.7137250337214004e-06,3.871965254103111e-83,7.768677213917764e+35,37.134793941930816,37134793941.93082,0.30550142412974585,True,10.0,10000000000.0,0.0,1.1743829710145246e-06,0.0,10000000000.0,0.19639806966548662,0.2,1.0,1.0,2.3071092680894016e-43,6.4869411828623295e-31,1.0,7.051530239566454e-185
0.2540468430432572,1.7051317600265996e-06,1458108242.865562,6.32005538212357e-10,1458108242.865562,3.827819603918642e-06,1.323962636957137e-82,7.312462345690297e+35,36.02792925326306,36027929253.26306,0.2963954428434163,True,10.0,10000000000.0,0.0,1.2104628420626495e-06,0.0,10000000000.0,0.20243189100190292,0.2,1.0,1.0,1.8787207747521344e-38,6.891652876001243e-31,1.0,8.244644389402665e-184
0.2540468430432572,1.7575175111318583e-06,1458108242.865562,1.6257383430599398e-07,1458108242.865562,3.9454194338834435e-06,4.8648152234618375e-82,6.883038654423946e+35,34.95405651928169,34954056519.28169,0.28756088057067475,True,10.0,10000000000.0,0.0,1.2476511735763788e-06,0.0,10000000000.0,0.20865108585029815,0.2,1.0,1.0,1.243144941766574e-33,7.321613997175057e-31,1.0,1.1131486622179497e-182
0.2540468430432572,1.8115126785785379e-06,1458108242.865562,3.642006941413562e-05,1458108242.865562,4.066632213631354e-06,1.9279461848596712e-81,6.478832830669687e+35,33.912192359556194,33912192359.55619,0.2789896472135271,True,10.0,10000000000.0,0.0,1.2859820201287514e-06,0.0,10000000000.0,0.21506134933106594,0.2,1.0,1.0,6.238813571414465e-29,7.778399824852131e-31,1.0,1.748277161377513e-181
0.2540468430432572,1.8671667075097422e-06,1458108242.865562,0.0068550739211948085,1458108242.865562,4.19156894167435e-06,8.27196863670181e-81,6.098363957433915e+35,32.901382704955786,32901382704.955784,0.2706738938128913,True,10.0,10000000000.0,0.0,1.3254904825312413e-06,0.0,10000000000.0,0.22166855153240345,0.2,1.0,1.0,2.210267075891751e-24,8.263683917043982e-31,1.0,3.218386723835221e-180
0.2540468430432572,1.924530562142364e-06,1458108242.865562,1.0449247605913907,1458108242.865562,4.320344026665824e-06,3.857536377420822e-80,5.740238084439792e+35,31.920701923976985,31920701923.976986,0.2626060053610478,True,10.0,10000000000.0,0.0,1.3662127399767237e-06,0.0,10000000000.0,0.2284787428857442,0.2,1.0,1.0,5.135591963212816e-20,8.779244242836233e-31,1.0,6.999073114563487e-179
0.2540468430432572,1.9836567724366815e-06,1458108242.865562,124.28928838481936,1458108242.865562,4.453075392168321e-06,1.9631440402108788e-79,5.403143121014701e+35,30.96925197511264,30969251975.11264,0.25477859382832824,True,10.0,10000000000.0,0.0,1.4081860831699427e-06,0.0,10000000000.0,0.2354981597063354,0.2,1.0,1.0,7.265874174738622e-16,9.326969696457576e-31,1.0,1.8126952705650049e-177
0.2540468430432572,2.044599482199773e-06,1458108242.865562,11119.670906882413,1458108242.865562,4.58988458464002e-06,1.0948084275170318e-78,5.08584402889233e+35,30.046161584485745,30046161584.485744,0.2471844913976541,True,10.0,10000000000.0,0.0,1.4514489484758355e-06,0.0,10000000000.0,0.24273322990403684,0.2,1.0,1.0,5.815731372000608e-12,9.908867017753016e-31,1.0,5.637632127936381e-176
0.2540468430432572,2.107414498666762e-06,1458108242.865562,722119.8922755504,1458108242.865562,4.730896884738789e-06,6.719175138715903e-78,4.787178297317107e+35,29.150585447995603,29150585447.9956,0.23981674390073268,True,10.0,10000000000.0,0.0,1.4960409531169653e-06,0.0,10000000000.0,0.2501905788695678,0.2,1.0,1.0,2.452669820399476e-08,1.0527068144416164e-30,1.0,2.123500621863627e-174
0.2540468430432572,2.2388933059903357e-06,1458108242.865562,1022058960.7229432,1458108242.865562,5.02605129331374e-06,3.4326953418145344e-76,4.2414342054296944e+35,27.43871994854026,27438719948.54026,0.22573352725975745,True,10.0,10000000000.0,0.0,1.589376972370643e-06,7.133123877832633e-11,10000000000.0,0.2657996386602145,0.2,0.999999999999016,0.9999999999999926,0.04913289679526887,1.188158290674743e-30,1.0,5.542312265340011e-171
0.2540468430432572,2.3076774962965497e-06,1458108242.865562,21055759303.55511,21055759303.55511,5.180463684347785e-06,2.8830338888881574e-75,8.325140751742306e+37,5551.16855706945,5551168557069.45,45.66848822214862,True,10.0,10000000000.0,0.0,1.6382064578326576e-06,3.055510117141251e-08,38000610263.647934,0.2739656432125574,0.2,0.9999999995178098,0.9999999999954603,0.09999999999999999,6.053345361732238e-33,1.0,1.8748118073518131e-171
0.2540468430432572,2.3785749024596447e-06,1458108242.865562,281992821012.02954,281992821012.02954,5.339619995631228e-06,2.712604516147201e-74,1.4055375095737054e+40,965999.6899336649,965999689933664.9,7947.109695696971,True,10.0,10000000000.0,0.0,1.688536102597301e-06,5.539057136765309e-06,139067018422.45602,0.2823825270764187,0.2,0.9999998973458363,0.9999999987272703,0.09999999999999998,3.585457649622737e-35,1.0,9.253304559448203e-172
0.2540468430432572,2.4516504475562432e-06,1458108242.865562,2421937865098.385,2421937865098.385,5.503665971810474e-06,2.8722562937261145e-73,9.759080395427116e+41,69132961.22844943,6.913296122844944e+16,568744.7234155749,True,10.0,10000000000.0,0.0,1.7404119951685156e-06,0.00041508871740329533,407555366416.2519,0.29105799786799463,0.2,0.999990664938348,0.9999998405423101,0.09999999999999999,5.1639037812355e-37,1.0,1.406437330761954e-171
0.2540468430432572,2.5269710492561233e-06,1458108242.865562,13272817375353.404,13272817375353.404,5.672751835158214e-06,3.438227716859254e-72,2.7588348597694156e+43,2014390599.7775085,2.0143905997775086e+18,16572037.479134165,False,10.0,10000000000.0,0.0,1.7938816399999998e-06,0.012779587594150911,954084140803.143,0.3,0.2,0.9996362557083119,0.9999909923377344,0.1,1.8266751986575723e-38,1.0,6.710316989213033e-171
0.3154833644589709,1.0514279023563288e-06,1458108242.865562,7.438003922660618e-28,1458108242.865562,1.4101807991949436e-06,6.656429797370557e-44,1.923182658431998e+36,43.349309966728086,43349309966.72809,0.35662715540003437,True,10.0,10000000000.0,2.8515099170789426e-09,4.4593832380925616e-07,0.0,10000000000.0,0.07457654627803474,0.25,1.0,1.0,2.6021556816008673e-74,9.353411987037352e-32,1.0,2.0840262353683112e-106
0.3154833644589709,1.0837302978011854e-06,1458108242.865562,3.88605930172551e-27,1458108242.865562,1.4535049469774526e-06,6.783107515003185e-44,1.810243930391908e+36,42.05721122624995,42057211226.24995,0.3459972861203074,True,10.0,10000000000.0,6.996563328698358e-10,4.596386222771023e-07,0.0,10000000000.0,0.07686771724980178,0.25,1.0,1.0,7.10295915364921e-73,9.936959007919909e-32,1.0,2.1641027233042947e-106
0.3154833644589709,1.117025100570536e-06,1458108242.865562,2.1977588900837412e-26,1458108242.865562,1.4981601168403588e-06,6.94431079790635e-44,1.7039375189627176e+36,40.80362565141218,40803625651.412186,0.33568425788645445,True,10.0,10000000000.0,1.647234570967271e-10,4.737598268839516e-07,0.0,10000000000.0,0.07922927850757505,0.25,1.0,1.0,2.2718547462154688e-71,1.055691275674868e-31,1.0,2.2681865425534363e-106
0.3154833644589709,1.151342799805639e-06,1458108242.865562,1.348110168348935e-25,1458108242.865562,1.5441872009851054e-06,7.145529036652423e-44,1.6038739419500524e+36,39.587405292850626,39587405292.850624,0.3256786267207836,True,10.0,10000000000.0,3.7165159838536965e-11,4.883148688793138e-07,0.0,10000000000.0,0.08166339261033641,0.25,1.0,1.0,8.548132370253481e-70,1.1215544601198093e-31,1.0,2.4015368033730573e-106
0.3154833644589709,1.1867148213475453e-06,1458108242.865562,8.985003781910905e-25,1458108242.865562,1.591628347919973e-06,7.393641889740111e-44,1.5096865894662444e+36,38.40743641775321,38407436417.75321,0.3159712301391644,True,10.0,10000000000.0,8.025247133502944e-12,5.033170767918036e-07,0.0,10000000000.0,0.08417228855608394,0.25,1.0,1.0,3.797143396778139e-68,1.1915267616572028e-31,1.0,2.5712084891736666e-106
0.3154833644589709,1.2231735565147707e-06,1458108242.865562,6.5167246477262985e-24,1458108242.865562,1.6405270010568486e-06,7.697288894400098e-44,1.421030380756193e+36,37.262638489978514,37262638489.978516,0.30655317876064186,True,10.0,10000000000.0,1.656341730438271e-12,5.1878018863451e-07,0.0,10000000000.0,0.08675826382299838,0.25,1.0,1.0,1.9974651549851675e-66,1.2658645426755644e-31,1.0,2.786737382206181e-106
0.3154833644589709,1.2607523917650849e-06,1458108242.865562,5.1500040996077797e-23,1458108242.865562,1.690927938493778e-06,8.067488170580178e-44,1.337580499900997e+36,36.151963180573404,36151963180.5734,0.2974158481671396,True,10.0,10000000000.0,3.262945469373335e-13,5.347183644853445e-07,0.0,10000000000.0,0.08942368647331904,0.25,1.0,1.0,1.2474858245324086e-64,1.3448401596742512e-31,1.0,3.0612383428981397e-106
0.3154833644589709,1.2994857392685849e-06,1458108242.865562,4.43872618936607e-22,1458108242.865562,1.7428773140197377e-06,8.51837723351371e-44,1.2590312057672773e+36,35.07439340778387,35074393407.783875,0.28855087100579735,True,10.0,10000000000.0,6.128431095930864e-14,5.511461994538886e-07,0.0,10000000000.0,0.09217099732185598,0.25,1.0,1.0,9.266957709467302e-63,1.4287429611149146e-31,1.0,3.4129836463883574e-106
0.3154833644589709,1.3394090684200488e-06,1458108242.865562,4.1746522217878034e-21,1458108242.865562,1.7964226993791749e-06,9.068553371766798e-44,1.185094711842115e+36,34.02894240567989,34028942405.679893,0.2799501293267113,True,10.0,10000000000.0,1.099120794378905e-14,5.680787370466141e-07,0.0,10000000000.0,0.0950027121711242,0.25,1.0,1.0,8.197115846525012e-61,1.517880347527592e-31,1.0,3.8680893416824463e-106
0.3154833644589709,1.3805589383194198e-06,1458108242.865562,4.284889948557548e-20,1458108242.865562,1.8516131278350073e-06,9.742506336325109e-44,1.1155001318495884e+36,33.01465282054164,33014652820.54164,0.2716057471490626,True,10.0,10000000000.0,1.887379141862766e-15,5.855314829427141e-07,0.0,10000000000.0,0.09792142411514633,0.25,1.0,1.0,8.63574508569171e-59,1.6125788977554077e-31,1.0,4.464387296427449e-106
0.3154833644589709,1.42297303125017e-06,1458108242.865562,4.797810260315222e-19,1458108242.865562,1.9084991390699873e-06,1.0573487237009782e-43,1.0499924872858836e+36,32.030595834179316,32030595834.179314,0.2635100832488232,True,10.0,10000000000.0,3.3306690738754696e-16,6.035204191931607e-07,0.0,10000000000.0,0.10092980591403355,0.25,1.0,1.0,1.0826961876328263e-56,1.7131855654641932e-31,1.0,5.258440456874646e-106
0.3154833644589709,1.466690187186204e-06,1458108242.865562,5.8547492313652646e-18,1458108242.865562,1.9671328254675488e-06,1.1607426873688802e-43,9.883317732368076e+35,31.07587031338388,31075870313.38388,0.255655724161437,True,10.0,10000000000.0,0.0,6.220620188559933e-07,0.0,10000000000.0,0.10403061244151983,0.25,1.0,1.0,1.612267376522243e-54,1.8200689503007762e-31,1.0,6.337126586970565e-106
0.3154833644589709,1.5117504393588944e-06,1458108242.865562,7.773803914632128e-17,1458108242.865562,2.0275678798145043e-06,1.2909924558816109e-43,9.302920790550927e+35,30.149601984729888,30149601984.72989,0.24803547739306728,True,10.0,10000000000.0,0.0,6.411732610812372e-07,0.0,10000000000.0,0.10722668320768988,0.25,1.0,1.0,2.8424159632253348e-52,1.9336206483571411e-31,1.0,7.839130216874304e-106
0.3154833644589709,1.5581950509168221e-06,1458108242.865562,1.1204831776863576e-15,1458108242.865562,2.0898596444692916e-06,1.457822144342136e-43,8.756607606758419e+35,29.250942633974674,29250942633.974674,0.2406423648341948,True,10.0,10000000000.0,0.0,6.608716466592673e-07,0.0,10000000000.0,0.11052094495921158,0.25,1.0,1.0,5.90515295469208e-50,2.0542566868882746e-31,1.0,9.996076142401287e-106
0.3154833644589709,1.6060665527117929e-06,1458108242.865562,1.747691897543946e-14,1458108242.865562,2.1540651620407816e-06,1.6766213742046058e-43,8.242376615376777e+35,28.37906932932078,28379069329.32078,0.2334696163695342,True,10.0,10000000000.0,0.0,6.811752140468544e-07,0.0,10000000000.0,0.11391641435945368,0.25,1.0,1.0,1.4366474801354528e-47,2.1824190485401554e-31,1.0,1.3221796442103171e-105
0.3154833644589709,1.6554087822457314e-06,1458108242.865562,2.9381526146741025e-13,1458108242.865562,2.2202432276240635e-06,1.9750210665640498e-43,7.758343792552247e+35,27.533183667830414,27533183667.830414,0.22651066367841816,True,10.0,10000000000.0,0.0,7.021025558855714e-07,0.0,10000000000.0,0.11741620075094333,0.25,1.0,1.0,4.0604032852637336e-45,2.3185772906723213e-31,1.0,1.834695241639574e-105
0.3154833644589709,1.706266923814118e-06,1458108242.865562,5.297642960166539e-12,1458108242.865562,2.2884544426410408e-06,2.7688018426994668e-43,7.302735753561833e+35,26.712511044301635,26712511044.301636,0.2197591342199703,True,10.0,10000000000.0,0.0,7.236728360276843e-07,0.0,10000000000.0,0.12102350900269279,0.25,1.0,1.0,1.3200361971837648e-42,2.463230265707834e-31,1.0,3.6058214712995956e-105
0.3154833644589709,1.758687549882726e-06,1458108242.865562,1.0183380145799264e-10,1458108242.865562,2.358761270335135e-06,4.09682624259734e-43,6.873883255540353e+35,25.916299941937105,25916299941.937103,0.2132088453975616,True,10.0,10000000000.0,0.0,7.459058070851185e-07,0.0,10000000000.0,0.12474164244500298,0.25,1.0,1.0,4.877579788493732e-40,2.616907948813594e-31,1.0,7.894335133922992e-105
0.3154833644589709,1.8127186637355563e-06,1458108242.865562,2.0721693706659186e-09,1458108242.865562,2.431228092970925e-06,6.2153979553596394e-43,6.4702150817592174e+35,25.143821244155475,25143821244.155476,0.2068537988972037,True,10.0,10000000000.0,0.0,7.688218285175729e-07,0.0,10000000000.0,0.1285740058944312,0.25,1.0,1.0,2.0196260779514846e-37,2.780173379607233e-31,1.0,1.8170143240597323e-104
0.3154833644589709,1.8684097434330145e-06,1458108242.865562,4.426871803802782e-08,1458108242.865562,2.5059212707910965e-06,9.681935775786486e-43,6.090252285050416e+35,24.39436756691548,24394367566.91548,0.20068817519469642,True,10.0,10000000000.0,0.0,7.92441885276344e-07,0.0,10000000000.0,0.1325241087716931,0.25,1.0,1.0,9.217525781099365e-35,2.9536247250045243e-31,1.0,4.4090483843581913e-104
0.3154833644589709,1.925811787120592e-06,1458108242.865562,9.83527868572043e-07,1458108242.865562,2.5829092027846854e-06,1.5508233853193358e-42,5.732602769284901e+35,23.66725261094122,23667252610.94122,0.194706328226499,True,10.0,10000000000.0,0.0,8.167876070209329e-07,0.0,10000000000.0,0.13659556831535435,0.25,1.0,1.0,4.5498157569385586e-32,3.1378974707651198e-31,1.0,1.1312149922580464e-103
0.3154833644589709,1.984977359729538e-06,1458108242.865562,2.2481141432697792e-05,1458108242.865562,2.6622623893222763e-06,2.5581971079498112e-42,5.395956189053156e+35,22.96181053325541,22961810533.25541,0.1889027802194448,True,10.0,10000000000.0,0.0,8.418812879260327e-07,0.0,10000000000.0,0.14079211289425417,0.25,1.0,1.0,2.3771532765162062e-29,3.3336667497659343e-31,1.0,3.078140769349073e-103
0.3154833644589709,2.045960641112287e-06,1458108242.865562,0.0005223313096272238,1458108242.865562,2.7440534967154976e-06,4.352833479097659e-42,5.079079148861574e+35,22.277395337445174,22277395337.445175,0.1832722166745648,True,10.0,10000000000.0,0.0,8.677459070970343e-07,0.0,10000000000.0,0.145117585421695,0.25,1.0,1.0,1.283253886018666e-26,3.541649815532431e-31,1.0,8.911782451497906e-103
0.3154833644589709,2.1088174756567292e-06,1458108242.865562,0.012171619615217115,1458108242.865562,2.828357423759946e-06,7.652478588654095e-42,4.78081068425559e+35,21.613380282101975,21613380282.101974,0.17780948150042714,True,10.0,10000000000.0,0.0,8.944051496127467e-07,0.0,10000000000.0,0.14957594687452402,0.25,1.0,1.0,6.968145535046079e-24,3.762608670090256e-31,1.0,2.7543854534004535e-102
0.3154833644589709,2.173605423424736e-06,1458108242.865562,0.2803067506855459,1458108242.865562,2.9152513703224606e-06,1.3924545025773432e-41,4.5000580083134564e+35,20.969157306893994,20969157306.893993,0.1725095722915353,True,10.0,10000000000.0,0.0,9.218834282145973e-07,0.0,10000000000.0,0.1541712799203292,0.25,1.0,1.0,3.695622342137323e-21,3.997352855765057e-31,1.0,9.119740850967954e-102
0.3154833644589709,2.240383812861804e-06,1458108242.865562,6.278524670956936,1458108242.865562,3.004814908035579e-06,2.627223052046229e-41,4.235792507926765e+35,20.344136475745323,20344136475.745323,0.1673676357474612,True,10.0,10000000000.0,0.0,9.502059056621815e-07,0.0,10000000000.0,0.15890779265607205,0.25,1.0,1.0,1.854110784726223e-18,4.246742421159035e-31,1.0,3.2464921866780325e-101
0.3154833644589709,2.3092137951260474e-06,1458108242.865562,134.4490144469274,1458108242.865562,3.0971300531638755e-06,5.14955421312155e-41,3.9870459751990715e+35,19.73774543661225,19737745436.61225,0.16237896322851955,True,10.0,10000000000.0,0.0,9.79398517775623e-07,0.0,10000000000.0,0.1637898224615794,0.25,1.0,1.0,8.502286122487765e-16,4.51169107217081e-31,1.0,1.2472678819871433e-100
0.3154833644589709,2.3801584000863215e-06,1458108242.865562,2702.732173711392,1458108242.865562,3.1922813417089495e-06,1.0506308604288264e-40,3.75290706015526e+35,19.149428897361705,19149428897.361706,0.15753898644391215,True,10.0,10000000000.0,0.0,1.0094879971858551e-06,0.0,10000000000.0,0.16882183997142453,0.25,1.0,1.0,3.435789063682035e-13,4.793169519603298e-31,1.0,5.191833739480142e-100
0.3154833644589709,2.453282594040733e-06,1458108242.865562,50034.18530344174,1458108242.865562,3.2903559068218043e-06,2.235736175000275e-40,3.5325179317652535e+35,18.578648117272067,18578648117.272068,0.15284327326839411,True,10.0,10000000000.0,0.0,1.0405018978145662e-06,0.0,10000000000.0,0.17400845316883332,0.25,1.0,1.0,1.1774816157226955e-10,5.0922090356243914e-31,1.0,2.351048442193914e-99
0.3154833644589709,2.528653339208413e-06,1458108242.865562,836218.16651653,1458108242.865562,3.3914435585935347e-06,4.972710793593523e-40,3.3250711350487876e+35,18.02488041369066,18024880413.69066,0.14828752368363196,True,10.0,10000000000.0,0.0,1.0724686201062285e-06,0.0,10000000000.0,0.17935441160536578,0.25,1.0,1.0,3.288968137665211e-08,5.409905232110553e-31,1.0,1.1630727315884294e-98
0.3154833644589709,2.6063396550490067e-06,1458108242.865562,12363667.984287556,1458108242.865562,3.4956368662973587e-06,1.1585366639753877e-39,3.1298066327464422e+35,17.487618683396118,17487618683.39612,0.1438675658405359,True,10.0,10000000000.0,0.0,1.1054174370353137e-06,5.1694667039669115e-15,10000000000.0,0.18486461075023553,0.25,0.9999999999999999,1.0,7.18977231994972e-06,5.747422074716242e-31,1.0,6.31306171004964e-98
0.3154833644589709,2.686412681466059e-06,1458108242.865562,158451071.53118336,1458108242.865562,3.6030312431573415e-06,2.8336090445055993e-39,2.946009020718256e+35,16.96637093822737,16966370938.22737,0.13957935223896092,True,10.0,10000000000.0,0.0,1.1393785209125165e-06,9.037167701571246e-13,10000000000.0,0.19054409647325168,0.25,0.9999999999999836,0.9999999999999996,0.0011808937682100192,6.105996147375864e-31,1.0,3.7765942705804044e-97
0.3154833644589709,2.7689457439521484e-06,1458108242.865562,1725190192.7642505,1725190192.7642505,3.7137250337214004e-06,7.292550238030274e-39,3.881906486089152e+35,23.043140708638532,23043140708.63853,0.18957186928031636,False,10.0,10000000000.0,0.0,1.1743829710145246e-06,1.0981192650749858e-10,10877362641.77603,0.19639806966548662,0.25,0.9999999999978597,0.999999999999969,0.10000000000000003,4.633887960748546e-31,1.0,1.7868368403017686e-96
0.3154833644589709,2.8540144207354494e-06,1458108242.865562,15652019696.28592,15652019696.28592,3.827819603918642e-06,1.9794654522461303e-38,3.007657957731682e+37,1840.2073663773513,1840207366377.3513,15.13906262685725,True,10.0,10000000000.0,0.0,1.2104628420626495e-06,9.21967537109116e-09,32763501564.03156,0.20243189100190292,0.25,0.9999999998044714,0.9999999999967942,0.09999999999999999,5.980839571334321e-33,1.0,1.5993925962185468e-97
0.3154833644589709,2.9416966119891823e-06,1458108242.865562,116208096238.0618,116208096238.0618,3.9454194338834435e-06,5.680493722842903e-38,1.5605475720965765e+39,98414.03745999697,98414037459996.97,809.6349920616786,True,10.0,10000000000.0,0.0,1.2476511735763788e-06,5.162688177307879e-07,89273653946.90613,0.20865108585029815,0.25,0.9999999878955157,0.9999999997654593,0.1,1.1526928145146592e-34,1.0,2.3894579688126057e-98
0.3154833644589709,3.03207261116736e-06,1458108242.865562,694644947383.5145,694644947383.5145,4.066632213631354e-06,1.7276355071400482e-37,5.248637359778176e+40,3411680.250205202,3411680250205202.0,28067.293890006815,True,10.0,10000000000.0,0.0,1.2859820201287514e-06,1.868259425712722e-05,218266235459.98108,0.21506134933106594,0.25,0.9999995065580431,0.9999999883904578,0.09999999999999999,3.4272361562812284e-36,1.0,6.185552256962146e-99
0.3154833644589709,3.125225178532129e-06,1458108242.865562,3297131880382.5,3297131880382.5,4.19156894167435e-06,5.582357508941475e-37,1.1130380419578432e+42,74571603.07022105,7.457160307022106e+16,613487.4741250854,True,10.0,10000000000.0,0.0,1.3254904825312413e-06,0.00042561654020172864,475524915170.8044,0.22166855153240345,0.25,0.9999870486695289,0.9999996188214675,0.1,1.6161459943452255e-37,1.0,2.866570687164335e-99
0.3154833644589709,3.221239616940056e-06,1458108242.865562,12294714401092.89,12294714401092.89,4.320344026665824e-06,1.92115637385912e-36,1.45676945309477e+43,1005995445.3306884,1.0059954453306884e+18,8276147.746966156,False,10.0,10000000000.0,0.0,1.3662127399767237e-06,0.005985810559750488,918257194803.3236,0.2284787428857442,0.25,0.9997843073861917,0.999991795109294,0.1,1.234808959813491e-38,1.0,2.441678856175017e-99
0.3760877180284293,1.429952791042766e-06,1458108242.865562,5.570419037815976e-10,1458108242.865562,1.249418489571962e-06,1.012233225560412e-21,1.0397672416700589e+36,24.75389838364516,24753898383.64516,0.20364597204422802,True,10.0,10000000000.0,5.650962253689329e-09,3.9510081777747347e-07,0.0,10000000000.0,0.06607473017742801,0.3,1.0,1.0,1.4594734626865567e-38,7.342371033074915e-32,1.0,4.819274310510714e-62
0.3760877180284293,1.4738843819965753e-06,1458108242.865562,1.6298620539328344e-09,1458108242.865562,1.2878036323248041e-06,1.0092253131075467e-21,9.78707004246895e+35,24.016067009905168,24016067009.905167,0.19757596299024874,True,10.0,10000000000.0,1.6449109851990329e-09,4.0723926571844214e-07,0.0,10000000000.0,0.06810470489877618,0.3,1.0,1.0,1.2494594534397658e-37,7.800451864808104e-32,1.0,4.790675333433913e-62
0.3760877180284293,1.5191656571468294e-06,1458108242.865562,5.011742000162923e-09,1458108242.865562,1.3273680590377072e-06,1.0088252629751086e-21,9.212325237554312e+35,23.300227935221987,23300227935.221985,0.1916868807159427,True,10.0,10000000000.0,4.618525561994602e-10,4.197506359916004e-07,0.0,10000000000.0,0.07019704532874317,0.3,1.0,1.0,1.1814024888888278e-36,8.287111754648833e-32,1.0,4.786878103160713e-62
0.3760877180284293,1.5658380820400875e-06,1458108242.865562,1.6210729292426497e-08,1458108242.865562,1.368148000151897e-06,1.0112657817176144e-21,8.671332269434858e+35,22.605725642312105,22605725642.312107,0.18597333239581137,True,10.0,10000000000.0,1.2494649759275944e-10,4.3264638566843887e-07,0.0,10000000000.0,0.07235366749198217,0.3,1.0,1.0,1.236020223656033e-35,8.804133712288255e-32,1.0,4.810066651440086e-62
0.3760877180284293,1.6139443961442876e-06,1458108242.865562,5.5197648550038866e-08,1458108242.865562,1.4101807991949436e-06,1.0168381338812164e-21,8.162109064541046e+35,21.931924152681844,21931924152.681843,0.18043008594654653,True,10.0,10000000000.0,3.25318660898688e-11,4.4593832380925616e-07,0.0,10000000000.0,0.07457654627803474,0.3,1.0,1.0,1.433050924712584e-34,9.353411987037352e-32,1.0,4.863222276410172e-62
0.3760877180284293,1.6635286519866772e-06,1458108242.865562,1.9796349947585842e-07,1458108242.865562,1.4535049469774526e-06,1.0258810691161582e-21,7.682789946394813e+35,21.278206444240976,21278206444.240974,0.1750520652358401,True,10.0,10000000000.0,8.142264640298436e-12,4.596386222771023e-07,0.0,10000000000.0,0.07686771724980178,0.3,1.0,1.0,1.8432774690829047e-33,9.936959007919909e-32,1.0,4.9501060273270955e-62
0.3760877180284293,1.7146362554941518e-06,1458108242.865562,7.480637909909864e-07,1458108242.865562,1.4981601168403588e-06,1.0388181892618944e-21,7.231618800200898e+35,20.643973886275464,20643973886.275463,0.16983434543400402,True,10.0,10000000000.0,1.956657058599376e-12,4.737598268839516e-07,0.0,10000000000.0,0.07922927850757505,0.3,1.0,1.0,2.632071832027799e-32,1.055691275674868e-31,1.0,5.075742253593011e-62
0.3760877180284293,1.7673140075729516e-06,1458108242.865562,2.978574278958729e-06,1458108242.865562,1.5441872009851054e-06,1.0561522838413346e-21,6.806942638846901e+35,20.028645691261683,20028645691.261684,0.16477214850414215,True,10.0,10000000000.0,4.5086157030027607e-13,4.883148688793138e-07,0.0,10000000000.0,0.08166339261033641,0.3,1.0,1.0,4.172893872525162e-31,1.1215544601198093e-31,1.0,5.246546843898747e-62
0.3760877180284293,1.8216101469657861e-06,1458108242.865562,1.2493679976729085e-05,1458108242.865562,1.591628347919973e-06,1.0785011560859441e-21,6.407205546739383e+35,19.43165838302022,19431658383.02022,0.1598608388267451,True,10.0,10000000000.0,9.947598300641403e-14,5.033170767918036e-07,0.0,10000000000.0,0.08417228855608394,0.3,1.0,1.0,7.341777600579598e-30,1.1915267616572028e-31,1.0,5.470936824124995e-62
0.3760877180284293,1.8775743944256282e-06,1458108242.865562,5.5173611131233e-05,1458108242.865562,1.6405270010568486e-06,1.1066262293241994e-21,6.030942979287712e+35,18.85246528072233,18852465280.722332,0.155095918954702,True,10.0,10000000000.0,2.098321516541546e-14,5.1878018863451e-07,0.0,10000000000.0,0.08675826382299838,0.3,1.0,1.0,1.4318030692074083e-28,1.2658645426755644e-31,1.0,5.75999874995604e-62
0.3760877180284293,1.935257998246634e-06,1458108242.865562,0.0002562778997626082,1458108242.865562,1.690927938493778e-06,1.1414720001426905e-21,5.6767763971501624e+35,18.290535998276415,18290535998.276413,0.1504730254948411,True,10.0,10000000000.0,4.218847493575595e-15,5.347183644853445e-07,0.0,10000000000.0,0.08942368647331904,0.3,1.0,1.0,3.0891769257666398e-27,1.3448401596742512e-31,1.0,6.128454916489472e-62
0.3760877180284293,1.994713781193887e-06,1458108242.865562,0.0012503242218435166,1458108242.865562,1.7428773140197377e-06,1.1842272828717296e-21,5.343408215583439e+35,17.74535595863606,17745355958.636063,0.1459879251122273,True,10.0,10000000000.0,7.771561172376096e-16,5.511461994538886e-07,0.0,10000000000.0,0.09217099732185598,0.3,1.0,1.0,7.353020199706728e-26,1.4287429611149146e-31,1.0,6.596151084343e-62
0.3760877180284293,2.0559961888749347e-06,1458108242.865562,0.006395174039948527,1458108242.865562,1.7964226993791749e-06,1.2363717041476868e-21,5.029617050391165e+35,17.216425922585014,17216425922.585014,0.1416365106535588,True,10.0,10000000000.0,1.1102230246251565e-16,5.680787370466141e-07,0.0,10000000000.0,0.0950027121711242,0.3,1.0,1.0,1.9236462303464384e-24,1.517880347527592e-31,1.0,7.189829375949931e-62
0.3760877180284293,2.1191613395974128e-06,1458108242.865562,0.034210540747369136,1458108242.865562,1.8516131278350073e-06,1.299817017988354e-21,4.734253243053666e+35,16.703261531567453,16703261531.567453,0.1374147973861124,True,10.0,10000000000.0,0.0,5.855314829427141e-07,0.0,10000000000.0,0.09792142411514633,0.3,1.0,1.0,5.50478482486077e-23,1.6125788977554077e-31,1.0,7.9466650363311e-62
0.3760877180284293,2.1842670757584148e-06,1458108242.865562,0.19083483769361667,1458108242.865562,1.9084991390699873e-06,1.3770279035552986e-21,4.456234648644083e+35,16.20539286414506,16205392864.145061,0.13331891934879342,True,10.0,10000000000.0,0.0,6.035204191931607e-07,0.0,10000000000.0,0.10092980591403355,0.3,1.0,1.0,1.7129149095287268e-21,1.7131855654641932e-31,1.0,8.918790267484578e-62
0.3760877180284293,2.2513730168126753e-06,1458108242.865562,1.1060898878510748,1458108242.865562,1.9671328254675488e-06,1.4712154350808647e-21,4.194542671098711e+35,15.722364005674502,15722364005.674501,0.12934512581194826,True,10.0,10000000000.0,0.0,6.220620188559933e-07,0.0,10000000000.0,0.10403061244151983,0.3,1.0,1.0,5.754416779294414e-20,1.8200689503007762e-31,1.0,1.0180591581060381e-61
0.3760877180284293,2.3205406138680515e-06,1458108242.865562,6.633098340072032,1458108242.865562,2.0275678798145043e-06,1.5866927668636671e-21,3.9482185313157524e+35,15.25373263081149,15253732630.81149,0.12548977784269852,True,10.0,10000000000.0,0.0,6.411732610812372e-07,0.0,10000000000.0,0.10722668320768988,0.3,1.0,1.0,2.069442395173955e-18,1.9336206483571411e-31,1.0,1.1841484578855707e-61
0.3760877180284293,2.3918332059583193e-06,1458108242.865562,40.95334768614352,1458108242.865562,2.0898596444692916e-06,1.72927750952236e-21,3.716359754409629e+35,14.799069598458972,14799069598.458973,0.12174934497265091,True,10.0,10000000000.0,0.0,6.608716466592673e-07,0.0,10000000000.0,0.11052094495921158,0.3,1.0,1.0,7.888588220807733e-17,2.0542566868882746e-31,1.0,1.4065327740077837e-61
0.3760877180284293,2.4653160780447975e-06,1458108242.865562,258.8468487750649,1458108242.865562,2.1540651620407816e-06,1.9070879554981754e-21,3.498116863250966e+35,14.357958558788589,14357958558.78859,0.11812040196493194,True,10.0,10000000000.0,0.0,6.811752140468544e-07,0.0,10000000000.0,0.11391641435945368,0.3,1.0,1.0,3.1514196181016696e-15,2.1824190485401554e-31,1.0,1.7106529727506706e-61
0.3760877180284293,2.541056520799927e-06,1458108242.865562,1664.0929828901728,1458108242.865562,2.2202432276240635e-06,2.1317683032794846e-21,3.2926902661781436e+35,13.929995571975486,13929995571.975485,0.11459962567758612,True,10.0,10000000000.0,0.0,7.021025558855714e-07,0.0,10000000000.0,0.11741620075094333,0.3,1.0,1.0,1.3024937510799624e-13,2.3185772906723213e-31,1.0,2.1374721795249176e-61
0.3760877180284293,2.619123892227542e-06,1458108242.865562,10803.209069418048,1458108242.865562,2.2884544426410408e-06,2.420771988152688e-21,3.0993273274776996e+35,13.51478873829739,13514788738.29739,0.11118379202046619,True,10.0,10000000000.0,0.0,7.236728360276843e-07,0.0,10000000000.0,0.12102350900269279,0.3,1.0,1.0,5.489414581064642e-12,2.463230265707834e-31,1.0,2.7563111402616205e-61
0.3760877180284293,2.6995896811762677e-06,1458108242.865562,70255.87138196384,1458108242.865562,2.358761270335135e-06,2.8021668640715728e-21,2.9173196099005203e+35,13.111957839259203,13111957839.259203,0.10786977300282806,True,10.0,10000000000.0,0.0,7.459058070851185e-07,0.0,10000000000.0,0.12474164244500298,0.3,1.0,1.0,2.321591041278898e-10,2.616907948813594e-31,1.0,3.693247871409889e-61
0.3760877180284293,2.782527572804196e-06,1458108242.865562,453668.75851615024,1458108242.865562,2.431228092970925e-06,3.3285037087127138e-21,2.746000279111004e+35,12.721133989414474,12721133989.414474,0.10465453386892737,True,10.0,10000000000.0,0.0,7.688218285175729e-07,0.0,10000000000.0,0.1285740058944312,0.3,1.0,1.0,9.680509507518498e-09,2.780173379607233e-31,1.0,5.210969847621752e-61
0.3760877180284293,2.868013516054803e-06,1458108242.865562,2881118.347937734,1458108242.865562,2.5059212707910965e-06,4.7740269521714576e-21,2.5847416605597212e+35,12.34195929856491,12341959298.56491,0.10153513031899414,True,10.0,10000000000.0,0.0,7.92441885276344e-07,1.1748787963561161e-16,10000000000.0,0.1325241087716931,0.3,1.0,1.0,3.904295374340132e-07,2.9536247250045243e-31,1.0,1.0719886887792423e-60
0.3760877180284293,2.956125793205879e-06,1458108242.865562,17810489.616507627,1458108242.865562,2.5829092027846854e-06,7.056270081961706e-21,2.4329529398285103e+35,11.97408654402861,11974086544.02861,0.09850870581304119,True,10.0,10000000000.0,0.0,8.167876070209329e-07,5.521930342873746e-15,10000000000.0,0.13659556831535435,0.3,0.9999999999999999,1.0,1.492011556063687e-05,3.1378974707651198e-31,1.0,2.3419135552365302e-60
0.3760877180284293,3.0469450915551765e-06,1458108242.865562,106004956.86514659,1458108242.865562,2.6622623893222763e-06,1.0682822525238028e-20,2.2900779980225896e+35,11.617178852676878,11617178852.676878,0.09557248895503688,True,10.0,10000000000.0,0.0,8.418812879260327e-07,2.1065576818665165e-13,10000000000.0,0.14079211289425417,0.3,0.9999999999999946,0.9999999999999998,0.0005285338623609305,3.3336667497659343e-31,1.0,5.367752671814767e-60
0.3760877180284293,3.1405545773084122e-06,1458108242.865562,600499490.0863736,1458108242.865562,2.7440534967154976e-06,1.658613781007268e-20,2.155593374279083e+35,11.27090939244847,11270909392.44847,0.09272379095504692,True,10.0,10000000000.0,0.0,8.677459070970343e-07,7.084871605666287e-12,10000000000.0,0.145117585421695,0.3,0.9999999999998128,0.9999999999999949,0.016960777454788745,3.541649815532431e-31,1.0,1.2939306752916387e-59
0.3760877180284293,3.237039971737283e-06,1458108242.865562,3199244350.7192645,3199244350.7192645,2.828357423759946e-06,2.644228904293836e-20,9.767843642047125e+35,52.64201864259057,52642018642.59057,0.4330766366853807,True,10.0,10000000000.0,0.0,8.944051496127467e-07,2.0959414770626425e-10,14812515688.208559,0.14957594687452402,0.3,0.9999999999942409,0.9999999999998466,0.09999999999999999,7.815805776737896e-32,1.0,6.831298662520672e-60
0.3760877180284293,3.33648962967724e-06,1458108242.865562,15835142144.791567,15835142144.791567,2.9152513703224606e-06,4.334220236889535e-20,2.2524977908003763e+37,1251.2380029140395,1251238002914.0396,10.293715172171032,True,10.0,10000000000.0,0.0,9.218834282145973e-07,5.325513635747412e-09,32954604246.94485,0.1541712799203292,0.3,0.9999999998464,0.9999999999955922,0.1,3.389284956264371e-33,1.0,7.491659302075322e-61
0.3760877180284293,3.438994620436912e-06,1458108242.865562,71926583711.08513,71926583711.08513,3.004814908035579e-06,7.314108488565409e-20,4.37437361530317e+38,25045.698210518865,25045698210518.867,206.0465579424595,False,10.0,10000000000.0,0.0,9.502059056621815e-07,1.1338667958389521e-07,70234393104.16144,0.15890779265607205,0.3,0.9999999965314118,0.9999999998907754,0.10000000000000003,1.7452457306505905e-34,1.0,1.034055691601718e-61
0.3760877180284293,3.5446488111932447e-06,1458108242.865562,296184097938.14044,296184097938.14044,3.0971300531638755e-06,1.2724663379744487e-19,6.981955043468574e+39,412036.82789077197,412036827890771.94,3389.7545765670357,False,10.0,10000000000.0,0.0,9.79398517775623e-07,1.974367045529172e-06,142523338322.04135,0.1637898224615794,0.3,0.9999999351799825,0.999999997720845,0.10000000000000003,1.0934411391720683e-35,1.0,1.845734071820291e-62
0.3760877180284293,3.6535489529487565e-06,1458108242.865562,1092752556661.6111,1092752556661.6111,3.1922813417089495e-06,2.2854722172960746e-19,8.945689110927223e+40,5441448.27429831,5441448274298310.0,44765.83873673831,True,10.0,10000000000.0,0.0,1.0094879971858551e-06,2.74671631493033e-05,273757504363.2031,0.16882183997142453,0.3,0.9999990189652048,0.9999999607509135,0.09999999999999999,8.534118257086561e-37,1.0,4.3742966293600944e-63
0.3760877180284293,3.7657947691295926e-06,1458108242.865562,3572331204887.1807,3572331204887.1807,3.2903559068218043e-06,4.243978301005471e-19,8.998914774235531e+41,56419932.20934371,5.641993220934371e+16,464156.86771310575,True,10.0,10000000000.0,0.0,1.0405018978145662e-06,0.00029871204221128164,494972392046.4559,0.17400845316883332,0.3,0.9999882085600088,0.9999994521179634,0.1,8.483641714483282e-38,1.0,1.411376477334604e-63
0.3760877180284293,3.881489046905541e-06,1458108242.865562,10244226188329.684,10244226188329.684,3.3914435585935347e-06,8.15964464267327e-19,6.965649022928048e+42,450138051.09590423,4.5013805109590426e+17,3703206.6444162647,True,10.0,10000000000.0,0.0,1.0724686201062285e-06,0.002490280338242193,838194287972.0978,0.17935441160536578,0.3,0.9998893204339201,0.9999938938718907,0.09999999999999999,1.0960007963722098e-38,1.0,6.344306746082723e-64
0.3760877180284293,4.000737731315601e-06,1458108242.865562,25547690686378.453,25547690686378.453,3.4956368662973587e-06,1.6267152374219573e-18,4.07777383185869e+43,2716120228.8219404,2.71612022882194e+18,22345043.823597685,False,10.0,10000000000.0,0.0,1.1054174370353137e-06,0.015652218040167303,1323673706629.5159,0.18486461075023553,0.3,0.9991992107653715,0.9999462926945805,0.09999999999999998,1.872187421659585e-39,1.0,4.0543363080715577e-64
0.43581007030370333,1.8887304723779186e-06,1458108242.865562,1.9924197874248761,1458108242.865562,1.1409924671241497e-06,1.1873404670670295e-09,5.959907999759028e+35,15.015160818786537,15015160818.786537,0.12352708946896447,True,10.0,10000000000.0,7.91352650075794e-09,3.6081349892071025e-07,0.0,10000000000.0,0.06034068651051754,0.35,1.0,1.0,1.8671626969478297e-19,6.123306863467209e-32,1.0,6.630877569046625e-38
0.43581007030370333,1.946756817760966e-06,1458108242.865562,4.164142964433713,1458108242.865562,1.1760465015377764e-06,1.171301399963435e-09,5.609912940383064e+35,14.567608818606569,14567608818.60657,0.11984515781099155,True,10.0,10000000000.0,2.6002171527039764e-09,3.718985579132088e-07,0.0,10000000000.0,0.06219449761131546,0.35,1.0,1.0,8.155897002856057e-19,6.505331891668468e-32,1.0,6.452942489258844e-38
0.43581007030370333,2.0065658721158625e-06,1458108242.865562,8.991943187992131,1458108242.865562,1.212177480246898e-06,1.1573035740061382e-09,5.280471309280243e+35,14.133396854892577,14133396854.892578,0.1162729722888036,True,10.0,10000000000.0,8.271926477121383e-10,3.833241765943963e-07,0.0,10000000000.0,0.06410526225036725,0.35,1.0,1.0,3.80301097258826e-18,6.911190956841306e-32,1.0,6.299630231268294e-38
0.43581007030370333,2.0682124045523515e-06,1458108242.865562,20.06846538673616,1458108242.865562,1.249418489571962e-06,1.1454480004707212e-09,4.970376108230272e+35,13.712127305529496,13712127305.529495,0.11280726173513339,True,10.0,10000000000.0,2.545246235996501e-10,3.9510081777747347e-07,0.0,10000000000.0,0.06607473017742801,0.35,1.0,1.0,1.8943001659136485e-17,7.342371033074915e-32,1.0,6.171222809411765e-38
0.43581007030370333,2.1317528668190326e-06,1458108242.865562,46.301264750932106,1458108242.865562,1.2878036323248041e-06,1.1358545593172362e-09,4.6784912198743964e+35,13.303414400194917,13303414400.194918,0.10944485248532924,True,10.0,10000000000.0,7.567180215772851e-11,4.0723926571844214e-07,0.0,10000000000.0,0.06810470489877618,0.35,1.0,1.0,1.0083381023099568e-16,7.800451864808104e-32,1.0,6.06828432410098e-38
0.43581007030370333,2.1972454449980716e-06,1458108242.865562,110.43357397706006,1458108242.865562,1.3273680590377072e-06,1.1286654888291312e-09,4.403747245243229e+35,12.906883867096605,12906883867.096605,0.10618266547112648,True,10.0,10000000000.0,2.1715074183248362e-11,4.197506359916004e-07,0.0,10000000000.0,0.07019704532874317,0.35,1.0,1.0,5.736179391642779e-16,8.287111754648833e-32,1.0,5.991712431491801e-38
0.43581007030370333,2.264750112788106e-06,1458108242.865562,272.2489142147614,1458108242.865562,1.368148000151897e-06,1.1240495743043623e-09,4.1451375857253366e+35,12.522172590239533,12522172590.239532,0.10301771340104378,True,10.0,10000000000.0,6.00819394236396e-12,4.3264638566843887e-07,0.0,10000000000.0,0.07235366749198217,0.35,1.0,1.0,3.486203885347905e-15,8.804133712288255e-32,1.0,5.942803914869234e-38
0.43581007030370333,2.3343286864241237e-06,1458108242.865562,693.4572252171242,1458108242.865562,1.4101807991949436e-06,1.122214707906117e-09,3.901714755121888e+35,12.14892827690867,12148928276.90867,0.09994709802482234,True,10.0,10000000000.0,1.6009416015094757e-12,4.4593832380925616e-07,0.0,10000000000.0,0.07457654627803474,0.35,1.0,1.0,2.2618292954264013e-14,9.353411987037352e-32,1.0,5.923418023766548e-38
0.43581007030370333,2.4060448812846158e-06,1458108242.865562,1823.8378480462227,1458108242.865562,1.4535049469774526e-06,1.1233955275085316e-09,3.672586908275562e+35,11.786809135063013,11786809135.063013,0.09696800747940332,True,10.0,10000000000.0,4.1033842990145786e-13,4.596386222771023e-07,0.0,10000000000.0,0.07686771724980178,0.35,1.0,1.0,1.5645625032119122e-13,9.936959007919909e-32,1.0,5.935890089843488e-38
0.43581007030370333,2.479964370237829e-06,1458108242.865562,4948.468505447266,1458108242.865562,1.4981601168403588e-06,1.1278822023054983e-09,3.456914573555414e+35,11.435483560345434,11435483560.345434,0.09407771371401287,True,10.0,10000000000.0,1.0103029524088925e-13,4.737598268839516e-07,0.0,10000000000.0,0.07922927850757505,0.35,1.0,1.0,1.1517602632359768e-12,1.055691275674868e-31,1.0,5.983398898185859e-38
0.43581007030370333,2.5561548437805662e-06,1458108242.865562,13833.952743858763,1458108242.865562,1.5441872009851054e-06,1.136020448509951e-09,3.253907577226263e+35,11.094629832421703,11094629832.421703,0.09127356999199661,True,10.0,10000000000.0,2.3869795029440866e-14,4.883148688793138e-07,0.0,10000000000.0,0.08166339261033641,0.35,1.0,1.0,9.001461855261315e-12,1.1215544601198093e-31,1.0,6.070056974111373e-38
0.43581007030370333,2.6346860720245943e-06,1458108242.865562,39786.919223517616,1458108242.865562,1.591628347919973e-06,1.1482280732332008e-09,3.0628221484341995e+35,10.763935820370625,10763935820.370625,0.08855300846711607,True,10.0,10000000000.0,5.440092820663267e-15,5.033170767918036e-07,0.0,10000000000.0,0.08417228855608394,0.35,1.0,1.0,7.44562388738819e-11,1.1915267616572028e-31,1.0,6.201215036583105e-38
0.43581007030370333,2.715629968587415e-06,1458108242.865562,117495.81722336265,1458108242.865562,1.6405270010568486e-06,1.1650040784815119e-09,2.882958194201583e+35,10.443098696855548,10443098696.855549,0.08591353783208794,True,10.0,10000000000.0,1.2212453270876722e-15,5.1878018863451e-07,0.0,10000000000.0,0.08675826382299838,0.35,1.0,1.0,6.49329721891681e-10,1.2658645426755644e-31,1.0,6.383742510357808e-38
0.43581007030370333,2.799060656445921e-06,1458108242.865562,355460.3059683967,1458108242.865562,1.690927938493778e-06,1.1869629435395078e-09,2.7136567344477045e+35,10.131824660815468,10131824660.815468,0.08335274103721244,True,10.0,10000000000.0,2.220446049250313e-16,5.347183644853445e-07,0.0,10000000000.0,0.08942368647331904,0.35,1.0,1.0,5.942958404366725e-09,1.3448401596742512e-31,1.0,6.626661568014589e-38
0.43581007030370333,2.8850545358132313e-06,1458108242.865562,1098656.1389790871,1458108242.865562,1.7428773140197377e-06,1.2148558769791318e-09,2.5542974876376182e+35,9.829828668421753,9829828668.421753,0.08086827307700167,True,10.0,10000000000.0,0.0,5.511461994538886e-07,0.0,10000000000.0,0.09217099732185598,0.35,1.0,1.0,5.677328753424547e-08,1.4287429611149146e-31,1.0,6.941766284625468e-38
0.43581007030370333,2.9736903541008757e-06,1458108242.865562,3458240.9089113004,1458108242.865562,1.7964226993791749e-06,1.2496074791980787e-09,2.4042965982135285e+35,9.536834172054174,9536834172.054174,0.07845785884278124,True,10.0,10000000000.0,0.0,5.680787370466141e-07,1.1748787963561161e-16,10000000000.0,0.0950027121711242,0.35,1.0,1.0,5.625109198430121e-07,1.517880347527592e-31,1.0,7.344592445541554e-38
0.43581007030370333,3.0650492780303726e-06,1458108242.865562,11045561.773088826,1458108242.865562,1.8516131278350073e-06,1.2923635176912178e-09,2.2631044974825757e+35,9.252572867057207,9252572867.057207,0.07611929103929882,True,10.0,10000000000.0,0.0,5.855314829427141e-07,9.39903037084893e-16,10000000000.0,0.09792142411514633,0.35,1.0,1.0,5.7384696289676595e-06,1.6125788977554077e-31,1.0,7.855789709003223e-38
0.43581007030370333,3.159214967960251e-06,1458108242.865562,35650307.845507674,1458108242.865562,1.9084991390699873e-06,1.3445541293596006e-09,2.130203890123795e+35,8.976784446044675,8976784446.044676,0.0738504281634317,True,10.0,10000000000.0,0.0,6.035204191931607e-07,1.0456421287569434e-14,10000000000.0,0.10092980591403355,0.35,0.9999999999999996,1.0,5.977877878316317e-05,1.7131855654641932e-31,1.0,8.503095396980906e-38
0.43581007030370333,3.256273654496588e-06,1458108242.865562,115735718.04875791,1458108242.865562,1.9671328254675488e-06,1.4080152591692582e-09,2.0051078589372504e+35,8.709216360527732,8709216360.52773,0.07164919254314199,True,10.0,10000000000.0,0.0,6.220620188559933e-07,1.1972014934868824e-13,10000000000.0,0.10403061244151983,0.35,0.9999999999999954,0.9999999999999998,0.0006300213844487578,1.8200689503007762e-31,1.0,9.324706964764981e-38
0.43581007030370333,3.356314217457194e-06,1458108242.865562,375980672.80301785,1458108242.865562,2.0275678798145043e-06,1.485057336684685e-09,1.8873580808916274e+35,8.449623589647953,8449623589.647952,0.06951356843488457,True,10.0,10000000000.0,0.0,6.411732610812372e-07,1.35040568853172e-12,10000000000.0,0.10722668320768988,0.35,0.999999999999948,0.9999999999999971,0.006648926180174224,1.9336206483571411e-31,1.0,1.0373060554934477e-37
0.43581007030370333,3.4594282672617743e-06,1458108242.865562,1215357744.9554296,1458108242.865562,2.0898596444692916e-06,1.5786899457236678e-09,1.7765231479342586e+35,8.197768415803704,8197768415.803704,0.06744160017772445,True,10.0,10000000000.0,0.0,6.608716466592673e-07,1.5043970523701163e-11,10000000000.0,0.11052094495921158,0.35,0.9999999999994172,0.9999999999999709,0.0694750288246934,2.0542566868882746e-31,1.0,1.1722335742106551e-37
0.43581007030370333,3.56571022882259e-06,1458108242.865562,3885234708.5870624,3885234708.5870624,2.1540651620407816e-06,1.69288044534614e-09,1.187250677033639e+36,56.46884668603357,56468846686.03357,0.4645592785171802,False,10.0,10000000000.0,0.0,6.811752140468544e-07,1.6326750188714624e-10,16323517432.695827,0.11391641435945368,0.35,0.9999999999936006,0.9999999999996827,0.10000000000000002,3.0738534217339144e-32,1.0,1.8985325926689537e-38
0.43581007030370333,3.675257428012441e-06,1458108242.865562,12202203700.898968,12202203700.898968,2.2202432276240635e-06,1.832881849321019e-09,1.1023030611083511e+37,540.3923875254741,540392387525.4741,4.445713209990199,False,10.0,10000000000.0,0.0,7.021025558855714e-07,1.7032041678955163e-09,28928389268.459225,0.11741620075094333,0.35,0.9999999999320484,0.9999999999965556,0.10000000000000002,3.310736116786521e-33,1.0,2.2562769128529897e-39
0.43581007030370333,3.7881701807891597e-06,1458108242.865562,37386786152.29454,37386786152.29454,2.2884544426410408e-06,2.005889847180209e-09,9.740411516401764e+37,4921.837055722141,4921837055722.141,40.49108855185661,True,10.0,10000000000.0,0.0,7.236728360276843e-07,1.6837106846454673e-08,50636558860.33548,0.12102350900269279,0.35,0.9999999993116967,0.9999999999639211,0.09999999999999999,3.7466944285778046e-34,1.0,2.8785772756711486e-40
0.43581007030370333,3.904551885058212e-06,1458108242.865562,110930465872.99629,110930465872.99629,2.358761270335135e-06,2.221916316955776e-09,8.071593413333738e+38,42038.859047218626,42038859047218.625,345.8463059684121,True,10.0,10000000000.0,0.0,7.459058070851185e-07,1.5538151320936313e-07,87222902778.91093,0.12474164244500298,0.35,0.9999999934430858,0.9999999996405886,0.1,4.5213310051360286e-35,1.0,4.0119334724943085e-41
0.43581007030370333,4.0245091153575516e-06,1458108242.865562,316305482139.5303,316305482139.5303,2.431228092970925e-06,2.4953557926107115e-09,6.177142318313637e+39,331604.9217565019,331604921756501.9,2728.0554189545314,True,10.0,10000000000.0,0.0,7.688218285175729e-07,1.3180171013526355e-06,147284985726.5946,0.1285740058944312,0.35,0.9999999421115026,0.9999999966422589,0.1,5.9079658003606674e-36,1.0,6.223741063122256e-42
0.43581007030370333,4.148151720451411e-06,1458108242.865562,859952285586.2317,859952285586.2317,2.5059212707910965e-06,2.847893608769521e-09,4.297733139129778e+40,2378014.6332102534,2378014633210253.5,19563.508503188266,True,10.0,10000000000.0,0.0,7.92441885276344e-07,1.011445155927517e-05,242852341420.07864,0.1325241087716931,0.35,0.9999995333308753,0.9999999709876396,0.1,8.491533647886545e-37,1.0,1.096727697819241e-42
0.43581007030370333,4.275592923922414e-06,1458108242.865562,2211625256413.982,2211625256413.982,2.5829092027846854e-06,3.3146216463372173e-09,2.6756566501711036e+41,15259741.514542704,1.5259741514542704e+16,125539.2118732249,False,10.0,10000000000.0,0.0,8.167876070209329e-07,6.910864703123232e-05,389458231920.7047,0.13659556831535435,0.35,0.9999966151111648,0.9999997713188589,0.10000000000000002,1.3639397849579778e-37,1.0,2.2461814829674913e-43
0.43581007030370333,4.4069494278541175e-06,1458108242.865562,5338337138980.343,5338337138980.343,2.6622623893222763e-06,3.962274778694337e-09,1.4673572501351935e+42,86257004.89479603,8.625700489479603e+16,709621.2214812279,False,10.0,10000000000.0,0.0,8.418812879260327e-07,0.0004138537533991702,605073477087.0511,0.14079211289425417,0.35,0.9999782235486616,0.999998377363204,0.10000000000000003,2.487079786275306e-38,1.0,5.509055964806612e-44
0.43581007030370333,4.542341519698929e-06,1458108242.865562,12001812156377.836,12001812156377.836,2.7440534967154976e-06,5.630578712862221e-09,6.981264341799924e+42,422994101.7518177,4.229941017518177e+17,3479898.1431198404,False,10.0,10000000000.0,0.0,8.677459070970343e-07,0.002139303781403161,907253244659.6532,0.145117585421695,0.35,0.9998773981911603,0.9999897636007188,0.10000000000000002,5.227469377151321e-39,1.0,2.2009613577897628e-44
0.43581007030370333,4.6818931824292755e-06,1458108242.865562,24952202590498.277,24952202590498.277,2.828357423759946e-06,8.264799220213052e-09,2.8403690627044993e+43,1773849295.1702967,1.7738492951702966e+18,14593146.436021259,False,10.0,10000000000.0,0.0,8.944051496127467e-07,0.009409884074590825,1308156071982.047,0.14957594687452402,0.35,0.9994032296379421,0.9999432285070958,0.10000000000000002,1.2848451998631807e-39,1.0,1.0971015771871304e-44
0.49458176463637277,2.4625281422284337e-06,1458108242.865562,725986.7237350241,1458108242.865562,1.0739877874722495e-06,0.014955866340241484,3.50604208916475e+35,9.435500931239488,9435500931.239489,0.0776242080777069,True,10.0,10000000000.0,7.019056447177263e-09,3.39624758761716e-07,0.0,10000000000.0,0.05679718514121969,0.4,1.0,1.0,2.479007423625958e-08,5.425242505717315e-32,1.0,1.052067537576909e-23
0.49458176463637277,2.5381829328860558e-06,1458108242.865562,1233542.5436744941,1458108242.865562,1.106983276878729e-06,0.01467262307872861,3.300150083915427e+35,9.154260033093882,9154260033.093882,0.07531048863061994,True,10.0,10000000000.0,2.5064177400224708e-09,3.5005884866535926e-07,0.0,10000000000.0,0.05854213135243849,0.4,1.0,1.0,7.156962386376069e-08,5.763716220567498e-32,1.0,1.0125954981123077e-23
0.49458176463637277,2.616162020777605e-06,1458108242.865562,2142577.656563832,1458108242.865562,1.1409924671241497e-06,0.014409961879244,3.1063490680916442e+35,8.881401990651026,8881401990.651026,0.07306573346429539,True,10.0,10000000000.0,8.687521813044441e-10,3.6081349892071025e-07,0.0,10000000000.0,0.06034068651051754,0.4,1.0,1.0,2.1592036868956942e-07,6.123306863467209e-32,1.0,9.76666144963782e-24
0.49458176463637277,2.6965368139075784e-06,1458108242.865562,3804190.705961504,1458108242.865562,1.1760465015377764e-06,0.014168308813437629,2.9239289994306578e+35,8.616676938865703,8616676938.865704,0.07088788698291455,True,10.0,10000000000.0,2.9201741025275396e-10,3.718985579132088e-07,0.0,10000000000.0,0.06219449761131546,0.4,1.0,1.0,6.806831974302172e-07,6.505331891668468e-32,1.0,9.441836989975097e-24
0.49458176463637277,2.77938091410622e-06,1458108242.865562,6903332.666293656,1458108242.865562,1.212177480246898e-06,0.013948303690480592,2.7522215328375127e+35,8.359842460338578,8359842460.338579,0.06877495486113265,True,10.0,10000000000.0,9.510037202176136e-11,3.833241765943963e-07,1.1748787963561161e-16,10000000000.0,0.06410526225036725,0.4,1.0,1.0,2.2414965473334175e-06,6.911190956841306e-32,1.0,9.150888398414407e-24
0.49458176463637277,2.8647701844291204e-06,1458108242.865562,12799334.622155223,1458108242.865562,1.249418489571962e-06,0.013750702678928532,2.590597571722641e+35,8.110663363326664,8110663363.326663,0.06672500221780997,True,10.0,10000000000.0,2.997746495481124e-11,3.9510081777747347e-07,4.699515185424465e-16,10000000000.0,0.06607473017742801,0.4,1.0,1.0,7.705401203137046e-06,7.342371033074915e-32,1.0,8.893449704480421e-24
0.49458176463637277,2.9527828186275066e-06,1458108242.865562,24234556.36258759,1458108242.865562,1.2878036323248041e-06,0.013576370830247755,2.43846496313691e+35,7.8689114663705135,7868911466.370514,0.06473615184417757,True,10.0,10000000000.0,9.137135492665038e-12,4.0723926571844214e-07,1.4098545556273395e-15,10000000000.0,0.06810470489877618,0.4,0.9999999999999999,1.0,2.762425775855067e-05,7.800451864808104e-32,1.0,8.66937629083537e-24
0.49458176463637277,3.0434994127528155e-06,1458108242.865562,46828078.14618982,1458108242.865562,1.3273680590377072e-06,0.013426377803653224,2.2952663282596885e+35,7.634365389341025,7634365389.341025,0.06280658248481605,True,10.0,10000000000.0,2.690181410969217e-12,4.197506359916004e-07,6.344345500323027e-15,10000000000.0,0.07019704532874317,0.4,0.9999999999999996,0.9999999999999998,0.0001031414276985691,8.287111754648833e-32,1.0,8.478874302918461e-24
0.49458176463637277,3.13700303896114e-06,1458108242.865562,92260247.67039281,1458108242.865562,1.368148000151897e-06,0.01330199453944807,2.1604770202912798e+35,7.406810350714378,7406810350.714377,0.060934527169872084,True,10.0,10000000000.0,7.642775301519578e-13,4.3264638566843887e-07,2.7022212316190673e-14,10000000000.0,0.07235366749198217,0.4,0.9999999999999982,0.9999999999999996,0.0004003590979557013,8.804133712288255e-32,1.0,8.32250376420464e-24
0.49458176463637277,3.2333793215851254e-06,1458108242.865562,185128668.2245078,1458108242.865562,1.4101807991949436e-06,0.01320472854961884,2.033603202267944e+35,7.186037970889559,7186037970.889559,0.05911827159698635,True,10.0,10000000000.0,2.09277040141842e-13,4.4593832380925616e-07,1.1878024631160336e-13,10000000000.0,0.07457654627803474,0.4,0.9999999999999923,0.9999999999999987,0.0016120103417682713,9.353411987037352e-32,1.0,8.201238191632192e-24
0.49458176463637277,3.3327165155429745e-06,1458108242.865562,377823482.5119275,1458108242.865562,1.4535049469774526e-06,0.013136365381185157,1.9141800377570643e+35,6.971846081368339,6971846081.368339,0.0573561525614506,True,10.0,10000000000.0,5.517808432387028e-14,4.596386222771023e-07,5.403267584441779e-13,10000000000.0,0.07686771724980178,0.4,0.9999999999999658,0.9999999999999956,0.006714263225161919,9.936959007919909e-32,1.0,8.116539547209952e-24
0.49458176463637277,3.43510558715636e-06,1458108242.865562,782977140.596379,1458108242.865562,1.4981601168403588e-06,0.013099085519772515,1.8017699878035805e+35,6.764038539622977,6764038539.622976,0.055646556433156885,True,10.0,10000000000.0,1.3988810110276972e-14,4.737598268839516e-07,2.5279867061194552e-12,10000000000.0,0.07922927850757505,0.4,0.999999999999843,0.9999999999999831,0.028834912337287633,1.055691275674868e-31,1.0,8.070536850432047e-24
0.49458176463637277,3.540640297451269e-06,1458108242.865562,1644439971.5661795,1644439971.5661795,1.5441872009851054e-06,0.013095374990863929,2.1571107020396934e+35,8.346816684090873,8346816684.090873,0.068667794088939,True,10.0,10000000000.0,3.4416913763379853e-15,4.883148688793138e-07,1.2115467635903905e-11,10619746006.184988,0.08166339261033641,0.4,0.9999999999992608,0.9999999999999242,0.1,8.817873162923337e-32,1.0,6.3416143641494206e-24
0.49458176463637277,3.649417288018049e-06,1458108242.865562,3492429421.2402425,3492429421.2402425,1.591628347919973e-06,0.013128217701801913,9.158159990357833e+35,36.52568634158381,36525686341.58381,0.3004904029390736,False,10.0,10000000000.0,7.771561172376096e-16,5.033170767918036e-07,5.920719452720902e-11,15476364031.626446,0.08417228855608394,0.4,0.9999999999964372,0.9999999999996464,0.10000000000000002,2.0769596282437656e-32,1.0,1.4130458809539443e-24
0.49458176463637277,3.761536169509273e-06,1458108242.865562,7481203690.627044,7481203690.627044,1.6405270010568486e-06,0.013201341030804434,3.955600967965035e+36,162.60891451818972,162608914518.18973,1.3377549647691975,False,10.0,10000000000.0,2.220446049250313e-16,5.1878018863451e-07,2.9349365240861016e-10,22651181351.72074,0.08675826382299838,0.4,0.9999999999825172,0.9999999999983007,0.10000000000000002,4.808657072089853e-33,1.0,3.1138174048912004e-25
0.49458176463637277,3.877099612856472e-06,1458108242.865562,16117579775.936625,16117579775.936625,1.690927938493778e-06,0.013318922034660082,1.7281671212613451e+37,732.2499179619487,732249917961.9486,6.02409139811248,False,10.0,10000000000.0,0.0,5.347183644853445e-07,1.4670164036579722e-09,33247196613.556168,0.08942368647331904,0.4,0.9999999999131488,0.9999999999916696,0.10000000000000002,1.1006533069028356e-33,1.0,6.828707276799741e-26
0.49458176463637277,3.996213443289274e-06,1458108242.865562,34811007275.20393,34811007275.20393,1.7428773140197377e-06,0.013486313284064966,7.588148599529927e+37,3313.9895728951215,3313989572895.1216,27.26360985478372,False,10.0,10000000000.0,0.0,5.511461994538886e-07,7.345235555823729e-09,48861119410.78993,0.09217099732185598,0.4,0.9999999995659173,0.9999999999586634,0.10000000000000003,2.5066889926416124e-34,1.0,1.5009053581860774e-26
0.49458176463637277,4.1189867372430344e-06,1458108242.865562,75106641622.10014,75106641622.10014,1.7964226993791749e-06,0.013709727791742505,3.3248794131190817e+38,14966.936859869464,14966936859869.463,123.13035943326322,True,10.0,10000000000.0,0.0,5.680787370466141e-07,3.657089393111638e-08,71770221896.31241,0.0950027121711242,0.4,0.9999999978323106,0.9999999997936787,0.1,5.720847647562274e-35,1.0,3.331969196405127e-27
0.49458176463637277,4.245531922243701e-06,1458108242.865562,161248677223.89975,161248677223.89975,1.8516131278350073e-06,0.01399684194383438,1.4425407820188072e+39,66930.92770954453,66930927709544.52,550.6289806149321,False,10.0,10000000000.0,0.0,5.855314829427141e-07,1.796197670361692e-07,105160634493.45134,0.09792142411514633,0.4,0.9999999892656751,0.9999999989714377,0.10000000000000003,1.3185851523969286e-35,1.0,7.534731755777892e-28
0.49458176463637277,4.37596487986137e-06,1458108242.865562,343036749601.0712,343036749601.0712,1.9084991390699873e-06,0.014357065402272601,6.145166318630461e+39,293882.7556329003,293882755632900.3,2417.721787104037,True,10.0,10000000000.0,0.0,6.035204191931607e-07,8.627936750682383e-07,153382369199.1034,0.10092980591403355,0.4,0.9999999477154182,0.9999999949169639,0.09999999999999999,3.095299229136188e-36,1.0,1.7516609986418835e-28
0.49458176463637277,4.510405051826846e-06,1458108242.865562,719864490524.3896,719864490524.3896,1.9671328254675488e-06,0.014801980168098361,2.5472432057335005e+40,1255603.7136378398,1255603713637839.8,10329.631107117246,True,10.0,10000000000.0,0.0,6.220620188559933e-07,4.0158206064737025e-06,222193061556.65106,0.10403061244151983,0.4,0.9999997516701369,0.9999999752981418,0.09999999999999999,7.46733901425531e-37,1.0,4.2280307144544455e-29
0.49458176463637277,4.648975549408345e-06,1458108242.865562,1483019558297.8943,1483019558297.8943,2.0275678798145043e-06,0.015345944757879853,1.0176050019746265e+41,5170149.831615608,5170149831615608.0,42533.914123574876,True,10.0,10000000000.0,0.0,6.411732610812372e-07,1.7934894527719233e-05,318917651102.926,0.10722668320768988,0.4,0.9999988603347126,0.9999998829497395,0.09999999999999999,1.8692054905450257e-37,1.0,1.070763364806225e-29
0.49458176463637277,4.791803266148512e-06,1458108242.865562,2984344036319.036,2984344036319.036,2.0898596444692916e-06,0.016006883272193875,3.878821696627196e+41,20312595.935318466,2.0312595935318468e+16,167108.15726393185,False,10.0,10000000000.0,0.0,6.608716466592673e-07,7.607172029296954e-05,452407255281.8715,0.11052094495921158,0.4,0.9999949938587831,0.999999463918981,0.10000000000000002,4.903841954248691e-38,1.0,2.8768404810468736e-30
0.49458176463637277,4.939018994064992e-06,1458108242.865562,5835787193290.34,5835787193290.34,2.1540651620407816e-06,0.016807787405908256,1.396103129296605e+42,75357213.4737213,7.53572134737213e+16,619950.5528607793,True,10.0,10000000000.0,0.0,6.811752140468544e-07,0.00030320667062341946,632637367919.841,0.11391641435945368,0.4,0.9999791551948961,0.9999976482351386,0.09999999999999999,1.362444376050779e-38,1.0,8.295110950338306e-31
0.49458176463637277,5.090757543420965e-06,1458108242.865562,11030453443211.076,11030453443211.076,2.2202432276240635e-06,0.017777544031015304,4.69485198630908e+42,261198664.70303285,2.6119866470303286e+17,2148835.5145405047,True,10.0,10000000000.0,0.0,7.021025558855714e-07,0.001123426485348627,869764745796.5637,0.11741620075094333,0.4,0.9999185230994799,0.9999902066664472,0.1,4.0514863140391026e-39,1.0,2.597507403653372e-31
0.49458176463637277,5.2471578661753246e-06,1458108242.865562,20045348225671.15,20045348225671.15,2.2884544426410408e-06,0.018953808481299232,1.4594154822022898e+43,836892573.1203978,8.368925731203978e+17,6884968.133435545,True,10.0,10000000000.0,0.0,7.236728360276843e-07,0.0038275316218659584,1172497485570.438,0.12102350900269279,0.4,0.9997038870556062,0.9999616324653902,0.09999999999999998,1.3033388230380587e-39,1.0,8.940581483066115e-32
0.49458176463637277,5.40836318322553e-06,1458108242.865562,34839754448524.78,34839754448524.78,2.358761270335135e-06,0.020386018912169884,4.1497169565629515e+43,2452736856.766521,2.452736856766521e+18,20178235.105583787,False,10.0,10000000000.0,0.0,7.459058070851185e-07,0.011863084173457054,1545762119189.1357,0.12474164244500298,0.4,0.999008508917051,0.9998597954409562,0.1,4.583717098798225e-40,1.0,3.423849565229829e-32
0.5523131790623719,3.1074237186754287e-06,1458108242.865562,1368799211.8326185,1458108242.865562,1.010917951585419e-06,402.551472027012,2.2018036001115653e+35,6.228597773925715,6228597773.925715,0.0512415793458078,True,10.0,10000000000.0,9.94533355669347e-09,3.1968032545617497e-07,2.1678863550363056e-12,10000000000.0,0.05346177557001615,0.45,0.9999999999997287,0.9999999999999303,0.08812516897724004,4.806758325545668e-32,1.0,7.621901079304424e-15
0.5523131790623719,3.20289125339695e-06,1458108242.865562,2001489864.299966,2001489864.299966,1.0419757838545015e-06,393.4690703698019,3.905012274763317e+35,11.386121903475301,11386121903.475302,0.09367162403717742,True,10.0,10000000000.0,3.848287022378827e-09,3.295016743719526e-07,5.142327003771085e-12,11716066148.50897,0.05510424997247076,0.45,0.9999999999993824,0.9999999999998491,0.1,2.7102444349407733e-32,1.0,3.864687728556991e-15
0.5523131790623719,3.301291780529847e-06,1458108242.865562,2970513375.0534964,2970513375.0534964,1.0739877874722495e-06,384.8607475805218,8.096460531926341e+35,24.332702489172135,24332702489.172134,0.20018086743639504,True,10.0,10000000000.0,1.4489544009066435e-09,3.39624758761716e-07,1.2544063420814618e-11,14273184298.762115,0.05679718514121969,0.45,0.9999999999985512,0.9999999999996628,0.1,1.3071808037992888e-32,1.0,1.6785883858489564e-15
0.5523131790623719,3.4027154086593106e-06,1458108242.865562,4473886456.049094,4473886456.049094,1.106983276878729e-06,376.72923119637306,1.728696131777282e+36,53.54951235350222,53549512353.50222,0.440542427972814,True,10.0,10000000000.0,5.304158223751188e-10,3.5005884866535926e-07,3.1453737648166305e-11,17516510605.456703,0.05854213135243849,0.45,0.999999999996499,0.9999999999992178,0.09999999999999998,6.122266135443769e-33,1.0,7.090693661089013e-16
0.5523131790623719,3.507255014723112e-06,1458108242.865562,6835567111.581256,6835567111.581256,1.1409924671241497e-06,369.0787406363236,3.798519965144034e+36,121.28106184109727,121281061841.09727,0.9977579832639434,False,10.0,10000000000.0,1.8861545658666046e-10,3.6081349892071025e-07,8.101059522998583e-11,21651719555.098186,0.06034068651051754,0.45,0.9999999999912917,0.9999999999981325,0.10000000000000002,2.7862267101843123e-33,1.0,2.915338292007946e-16
0.5523131790623719,3.6150063290620626e-06,1458108242.865562,10590230761.200975,10590230761.200975,1.1760465015377764e-06,361.9163989540028,8.582083248993451e+36,282.43142507734024,282431425077.3402,2.323513702945157,True,10.0,10000000000.0,6.509537353593942e-11,3.718985579132088e-07,2.140992204508918e-10,26949941648.682674,0.06219449761131546,0.45,0.9999999999777213,0.9999999999954052,0.09999999999999999,1.2332131347355528e-33,1.0,1.1679000503100395e-16
0.5523131790623719,3.7260680230834246e-06,1458108242.865562,16627279014.222105,16627279014.222105,1.212177480246898e-06,355.2495742099418,1.9913188775283082e+37,675.4649562244854,675464956224.4854,5.556931496617517,True,10.0,10000000000.0,2.178390801077512e-11,3.833241765943963e-07,5.798770558295527e-10,33768806360.046394,0.06410526225036725,0.45,0.9999999999414443,0.9999999999883578,0.1,5.3148382740133185e-34,1.0,4.564831624772661e-17
0.5523131790623719,3.840541799617542e-06,1458108242.865562,26436136829.936775,26436136829.936775,1.249418489571962e-06,349.0894505964632,4.738173829287082e+37,1656.5887901883523,1656588790188.3523,13.628464867512344,False,10.0,10000000000.0,7.061906615035696e-12,3.9510081777747347e-07,1.6069712555405425e-09,42579848608.50662,0.06607473017742801,0.45,0.9999999998421151,0.9999999999696733,0.10000000000000003,2.2336744423842967e-34,1.0,1.7437228849647673e-17
0.5523131790623719,3.95853248605046e-06,1458108242.865562,42524439545.05908,42524439545.05908,1.2878036323248041e-06,343.4482768532512,1.1540078691141533e+38,4158.66766863818,4158667668638.1797,34.21262811470001,True,10.0,10000000000.0,2.2155610679419624e-12,4.0723926571844214e-07,4.547616398210259e-09,54003811998.66975,0.06810470489877618,0.45,0.9999999995640517,0.9999999999188875,0.09999999999999999,9.171114053300946e-35,1.0,6.522971583284822e-18
0.5523131790623719,4.080148130317791e-06,1458108242.865562,69129992625.79141,69129992625.79141,1.3273680590377072e-06,338.3434072175451,2.8706560490494498e+38,10662.727809584514,10662727809584.514,87.72038794748036,False,10.0,10000000000.0,6.720179968056073e-13,4.197506359916004e-07,1.3111508026709009e-08,68855458212.13834,0.07019704532874317,0.45,0.9999999987699375,0.9999999997776434,0.10000000000000002,3.68680106749716e-35,1.0,2.3954241066772606e-18
0.5523131790623719,4.205500099847746e-06,1458108242.865562,113428032898.1493,113428032898.1493,1.368148000151897e-06,333.7933466869169,7.274539488828435e+38,27850.589090738766,27850589090738.766,229.12190231560132,True,10.0,10000000000.0,1.9684254226604025e-13,4.3264638566843887e-07,3.8408699028219475e-08,88199336426.02739,0.07235366749198217,0.45,0.9999999964622401,0.9999999993765813,0.09999999999999999,1.4548739205149564e-35,1.0,8.659933375001418e-19
0.5523131790623719,4.3347031835439455e-06,1458108242.865562,187563776567.41373,187563776567.41373,1.4101807991949436e-06,329.8212786814782,1.8723162548046886e+39,73883.89881018111,73883898810181.11,607.8298520267689,True,10.0,10000000000.0,5.562217353372034e-14,4.4593832380925616e-07,1.1395802396497834e-07,113417377680.82135,0.07457654627803474,0.45,0.9999999896586855,0.9999999982168599,0.09999999999999999,5.65264428960305e-36,1.0,3.0921418232081377e-19
0.5523131790623719,4.467875696901368e-06,1458108242.865562,312037224396.1976,312037224396.1976,1.4535049469774526e-06,326.45500247005634,4.877650164280341e+39,198391.4551171762,198391455117176.2,1632.1316382755867,True,10.0,10000000000.0,1.5210055437364645e-14,4.596386222771023e-07,3.412202088441989e-07,146287871363.1342,0.07686771724980178,0.45,0.9999999693785852,0.999999994811954,0.1,2.1698025544261657e-36,1.0,1.0945455599869593e-19
0.5523131790623719,4.605139590351726e-06,1458108242.865562,521253187836.27246,521253187836.27246,1.4981601168403588e-06,323.7274313113877,1.2811850137759835e+40,537113.2689378618,537113268937861.75,4418.736477603521,True,10.0,10000000000.0,3.9968028886505635e-15,4.737598268839516e-07,1.0269132387694054e-06,189072984459.13797,0.07922927850757505,0.45,0.9999999084947933,0.9999999846964392,0.1,8.260741167163883e-37,1.0,3.857105825076772e-20
0.5523131790623719,4.746620560937468e-06,1458108242.865562,872431363128.1017,872431363128.1017,1.5441872009851054e-06,321.67749866809265,3.378263392364033e+40,1459786.206240504,1459786206240504.0,12009.404593137348,True,10.0,10000000000.0,9.992007221626409e-16,4.883148688793138e-07,3.092217369737742e-06,244608053842.33316,0.08166339261033641,0.45,0.9999997252000863,0.9999999544039467,0.1,3.1328338133654427e-37,1.0,1.3594987943721975e-20
0.5523131790623719,4.892448167416684e-06,1458108242.865562,1459511746699.026,1459511746699.026,1.591628347919973e-06,320.35130128322027,8.899440891211402e+40,3963694.63208888,3963694632088880.0,32608.619205269802,True,10.0,10000000000.0,2.220446049250313e-16,5.033170767918036e-07,9.269637726810705e-06,316379922118.3721,0.08417228855608394,0.45,0.9999991744802135,0.9999998633523678,0.1,1.1892362582580227e-37,1.0,4.817678287242882e-21
0.5523131790623719,5.042755948904301e-06,1458108242.865562,2434053745322.6543,2434053745322.6543,1.6405270010568486e-06,319.80394705951875,2.329831035486559e+41,10695561.984146144,1.0695561984146144e+16,87990.50893170848,False,10.0,10000000000.0,1.1102230246251565e-16,5.1878018863451e-07,2.7512103925717418e-05,408573503989.7543,0.08675826382299838,0.45,0.999997531779944,0.9999995899531949,0.10000000000000002,4.5426203123105194e-38,1.0,1.7262643912848745e-21
0.5523131790623719,5.1976815471582125e-06,1458108242.865562,4035088827846.191,4035088827846.191,1.690927938493778e-06,320.1013802333699,6.026801175130396e+41,28517257.960622378,2.8517257960622376e+16,234606.4699556129,False,10.0,10000000000.0,0.0,5.347183644853445e-07,8.036428672545499e-05,526055623188.4093,0.08942368647331904,0.45,0.999992695064568,0.9999987740622177,0.10000000000000002,1.756078801757336e-38,1.0,6.293161748152375e-22
0.5523131790623719,5.357366832622356e-06,1458108242.865562,6628839150986.998,6628839150986.998,1.7428773140197377e-06,321.31944777091735,1.5309894311691835e+42,74668050.01013854,7.466805001013854e+16,614280.9261513394,True,10.0,10000000000.0,0.0,5.511461994538886e-07,0.00022956164840868808,674254506691.9636,0.09217099732185598,0.45,0.9999787236705964,0.9999963675545975,0.09999999999999999,6.912874491870445e-39,1.0,2.3496277452583834e-22
0.5523131790623719,5.521958034342124e-06,1458108242.865562,10756214661956.453,10756214661956.453,1.7964226993791749e-06,323.5516837543647,3.794309194064065e+42,190737924.3859438,1.907379243859438e+17,1569167.3858909216,True,10.0,10000000000.0,0.0,5.680787370466141e-07,0.00063690703965558,858884663433.4807,0.0950027121711242,0.45,0.9999393877589237,0.9999893932566291,0.1,2.7893187520431668e-39,1.0,9.048329488317422e-23
0.5523131790623719,5.691605873871089e-06,1458108242.865562,17179943583853.293,17179943583853.293,1.8516131278350073e-06,326.9088222813976,9.111163264104481e+42,472084650.8076323,4.720846508076323e+17,3883757.463608175,True,10.0,10000000000.0,0.0,5.855314829427141e-07,0.0017040558343764506,1085465398924.4492,0.09792142411514633,0.45,0.9998321824765852,0.9999696565423634,0.1,1.1616011566546027e-39,1.0,3.620844010414681e-23
0.5523131790623719,5.866465703291656e-06,1458108242.865562,26913412790131.797,26913412790131.797,1.9084991390699873e-06,331.5239642963383,2.1046722405633696e+43,1124015348.0178263,1.1240153480178264e+18,9247076.746948106,True,10.0,10000000000.0,0.0,6.035204191931607e-07,0.004364041670549207,1358593410160.529,0.10092980591403355,0.45,0.9995513664139877,0.9999154681246288,0.1,5.028591902376084e-40,1.0,1.517372849318253e-23
0.6088893457668589,3.94034757841439e-06,1458108242.865562,187289588655.37518,187289588655.37518,9.80785849990888e-07,305517.59257561236,2.259218347044426e+39,68356.71227868753,68356712278687.52,562.3586597147148,True,10.0,10000000000.0,7.987429606615137e-09,3.1015171828354406e-07,3.5054076295086944e-08,113334448429.23111,0.05186825786625657,0.5,0.9999999939936879,0.999999997983881,0.09999999999999999,2.7423388200477325e-36,0.9999999999999389,2.6610018397445783e-13
0.6088893457668589,4.061404538556759e-06,1458108242.865562,247888081403.87567,247888081403.87567,1.010917951585419e-06,298019.75111488346,3.7252789011246194e+39,116177.88609500021,116177886095000.22,955.7750531726941,True,10.0,10000000000.0,3.2575302455484234e-09,3.1968032545617497e-07,6.79719649350148e-08,130386593950.0745,0.05346177557001615,0.5,0.999999988787082,0.9999999963575626,0.1,1.66310827739465e-36,0.9999999999999342,1.4453692238332505e-13
0.6088893457668589,4.186180659840949e-06,1458108242.865562,331339292680.4443,331339292680.4443,1.0419757838545015e-06,290852.87806590315,6.264839479198753e+39,201380.0026484349,201380002648434.9,1656.7178936431721,True,10.0,10000000000.0,1.2948229155540503e-09,3.295016743719526e-07,1.341388181251927e-07,150744538959.92166,0.05510424997247076,0.5,0.9999999786442405,0.9999999932797308,0.09999999999999999,9.889386945404041e-37,0.9999999999999287,7.705500440537782e-14
0.6088893457668589,4.314790203847479e-06,1458108242.865562,447104985220.8471,447104985220.8471,1.0739877874722495e-06,284014.9948528279,1.0737412962190807e+40,355752.3421773499,355752342177349.9,2926.7120033741085,True,10.0,10000000000.0,5.012219528310879e-10,3.39624758761716e-07,2.6919257287807194e-07,175109566782.23566,0.05679718514121969,0.5,0.9999999585330357,0.9999999873435091,0.09999999999999999,5.770051126728661e-37,0.9999999999999225,4.0351855971465696e-14
0.6088893457668589,4.447350942547602e-06,1458108242.865562,608785670936.2928,608785670936.2928,1.106983276878729e-06,277505.63798919454,1.8738121097871332e+40,639905.5399051476,639905539905147.6,5264.39042735057,True,10.0,10000000000.0,1.8879653396197682e-10,3.5005884866535926e-07,5.487970810805045e-07,204332443430.22195,0.05854213135243849,0.5,0.9999999179840308,0.9999999756832182,0.1,3.3063838918021615e-37,0.9999999999999153,2.0778528018387323e-14
0.6088893457668589,4.583984266150937e-06,1458108242.865562,835964064797.3121,835964064797.3121,1.1409924671241497e-06,271325.1583595642,3.325745264957434e+40,1170632.3655312054,1170632365531205.5,9630.586758106072,True,10.0,10000000000.0,6.914135930458087e-11,3.6081349892071025e-07,1.135151535906725e-06,239441222929.57758,0.06034068651051754,0.5,0.9999998349457568,0.9999999523775589,0.1,1.8629034043421531e-37,0.999999999999907,1.0534281324326823e-14
0.6088893457668589,4.7248152942664756e-06,1458108242.865562,1156846453811.4065,1156846453811.4065,1.1760465015377764e-06,265474.7864026238,5.994897588491625e+40,2174978.8161679697,2174978816167969.5,17893.168515500183,True,10.0,10000000000.0,2.4597213155175268e-11,3.718985579132088e-07,2.3786521314717117e-06,281671545865.1726,0.06219449761131546,0.5,0.9999996624737814,0.9999999050310922,0.09999999999999998,1.0334692268901395e-37,0.9999999999998971,5.266172984570978e-15
0.6088893457668589,4.869972990478704e-06,1458108242.865562,1612011146522.2485,1612011146522.2485,1.212177480246898e-06,259956.7194044665,1.0956780864005818e+41,4097301.813615699,4097301813615699.0,33707.782009141345,True,10.0,10000000000.0,8.49287307147506e-12,3.833241765943963e-07,5.040399376113197e-06,332498076838.14294,0.06410526225036725,0.5,0.9999992997529314,0.99999980739646,0.09999999999999999,5.654527778699134e-38,0.9999999999998856,2.6005548266581544e-15
0.6088893457668589,5.019590280443772e-06,1458108242.865562,2259657675040.9424,2259657675040.9424,1.249418489571962e-06,254774.72202220967,2.0265100539497724e+41,7810978.815625348,7810978815625348.0,64259.550106897565,False,10.0,10000000000.0,2.8433921883674884e-12,3.9510081777747347e-07,1.0778293504161843e-05,393664672557.7193,0.06607473017742801,0.5,0.9999985288678772,0.9999996033574886,0.10000000000000003,3.057247194006548e-38,0.9999999999998721,1.2712394763147221e-15
0.6088893457668589,5.173804173613884e-06,1458108242.865562,3182826166105.859,3182826166105.859,1.2878036323248041e-06,249933.4552332517,3.78447696238838e+41,15035029.34977949,1.503502934977949e+16,123690.5443819823,True,10.0,10000000000.0,9.222622665561175e-13,4.0723926571844214e-07,2.3203055683714592e-05,467209405776.01514,0.06810470489877618,0.5,0.9999968769449114,0.9999991720393129,0.09999999999999998,1.6370933784609432e-38,0.9999999999998559,6.166275818209637e-16
0.6088893457668589,5.332755888701321e-06,1458108242.865562,4499088013599.045,4499088013599.045,1.3273680590377072e-06,245438.61478124256,7.11779655201958e+41,29146452.42189843,2.9146452421898428e+16,239782.74222132046,False,10.0,10000000000.0,2.894351425197783e-13,4.197506359916004e-07,5.014968371597997e-05,555478638081.6759,0.07019704532874317,0.5,0.9999933168847737,0.9999982517722606,0.10000000000000003,8.70429792532648e-39,0.9999999999998366,2.976026568511162e-16
0.6088893457668589,5.496590982997056e-06,1458108242.865562,6373132285564.911,6373132285564.911,1.368148000151897e-06,241298.75446367334,1.3443706549578827e+42,56741507.86784394,5.6741507867843944e+16,466802.4141456753,True,10.0,10000000000.0,8.781864124784988e-14,4.3264638566843887e-07,0.00010849016905026107,661121961484.5082,0.07235366749198217,0.5,0.9999856231693696,0.9999962748653247,0.1,4.608507447864591e-39,0.9999999999998134,1.4335217746726738e-16
0.6088893457668589,5.665459485662328e-06,1458108242.865562,9032381426109.307,9032381426109.307,1.4101807991949436e-06,237522.8327501016,2.541758365641507e+42,110575223.88266379,1.1057522388266379e+17,909682.9356975515,True,10.0,10000000000.0,2.5757174171303632e-14,4.4593832380925616e-07,0.0002341171910293005,787057119832.4135,0.07457654627803474,0.5,0.9999690033465508,0.9999920109852787,0.09999999999999998,2.4375024234454815e-39,0.9999999999997852,6.915223008404301e-17
0.6088893457668589,5.839516035115261e-06,1458108242.865562,12785112553386.941,12785112553386.941,1.4535049469774526e-06,234122.39880819534,4.793529458834574e+42,214941702.0399231,2.149417020399231e+17,1768287.6113639146,True,10.0,10000000000.0,7.327471962526033e-15,4.596386222771023e-07,0.0005020736317162081,936391354498.3505,0.07686771724980178,0.5,0.999933244474173,0.9999828059716852,0.09999999999999998,1.2924802547412089e-39,0.9999999999997506,3.353334052174139e-17
0.6088893457668589,6.01892002063832e-06,1458108242.865562,18039346973975.05,18039346973975.05,1.4981601168403588e-06,231111.98731750678,8.982650018574979e+42,415156153.0996365,4.151561530996365e+17,3415416.7169069583,False,10.0,10000000000.0,1.9984014443252818e-15,4.737598268839516e-07,0.00106564655589136,1112283573392.5818,0.07922927850757505,0.5,0.9998569099313606,0.9999629832083841,0.10000000000000003,6.89723206765532e-40,0.999999999999708,1.6413580146130102e-17
0.6088893457668589,6.2038357283362964e-06,1458108242.865562,25318824084053.492,25318824084053.492,1.5441872009851054e-06,228508.15112580205,1.665583782019516e+43,793442027.1906024,7.934420271906024e+17,6527508.127557369,True,10.0,10000000000.0,5.551115123125783e-16,4.883148688793138e-07,0.002228666448382544,1317731364537.5068,0.08166339261033641,0.5,0.9996959147735316,0.9999205590559164,0.1,3.719742136629069e-40,0.999999999999655,8.14547340893507e-18
0.6088893457668589,6.394432491578491e-06,1458108242.865562,35269645297147.22,35269645297147.22,1.591628347919973e-06,226330.53875858107,3.0422729126381106e+43,1493786756.8963869,1.4937867568963868e+18,12289121.148527708,True,10.0,10000000000.0,1.1102230246251565e-16,5.033170767918036e-07,0.004570867874385051,1555269529483.7751,0.08417228855608394,0.5,0.9993619476317867,0.9998306844773805,0.1,2.0364846790459464e-40,0.9999999999995887,4.1179790265818956e-18
0.6641628517547797,4.897026035841621e-06,1458108242.865562,4119815404583.572,4119815404583.572,9.515518861186907e-07,26779123.14129953,7.077676171667515e+41,22662516.70502872,2.266251670502872e+16,186440.54248898968,True,10.0,10000000000.0,8.905733039910047e-09,3.0090712719642214e-07,1.4070431106722822e-05,531549845230.3762,0.050322237624845,0.55,0.9999966200971685,0.9999985628127874,0.1,5.334693034054248e-39,0.9999999995631889,4.225101926287837e-12
0.6641628517547797,5.0474744604639924e-06,1458108242.865562,5046594002973.387,5046594002973.387,9.80785849990888e-07,26082727.16596631,9.996511599192474e+41,32991923.78494737,3.299192378494737e+16,271418.759367361,False,10.0,10000000000.0,3.832974937445499e-09,3.1015171828354406e-07,2.3327323835879125e-05,588307386339.2498,0.05186825786625657,0.55,0.9999945894875408,0.9999977533308662,0.10000000000000002,3.777040560162656e-39,0.9999999995363065,2.6712175692584653e-12
0.6641628517547797,5.20254502274822e-06,1458108242.865562,6220830194759.741,6220830194759.741,1.010917951585419e-06,25413550.008189186,1.4297661118170986e+42,48636899.57540725,4.863689957540725e+16,400127.2259320304,True,10.0,10000000000.0,1.6105019540191279e-09,3.1968032545617497e-07,3.9064953103931055e-05,653174604394.2122,0.05346177557001615,0.55,0.9999912255755347,0.9999964380386849,0.09999999999999999,2.640797642231185e-39,0.9999999995060079,1.6689140759643174e-12
0.6641628517547797,5.362379725886551e-06,1458108242.865562,7713384067747.073,7713384067747.073,1.0419757838545015e-06,24771295.65793143,2.0690680957418746e+42,72546653.62569,7.254665362569e+16,596828.5708856506,True,10.0,10000000000.0,6.601227342528659e-10,3.295016743719526e-07,6.601883838695901e-05,727323459345.6616,0.05510424997247076,0.55,0.9999855953079756,0.9999942756979708,0.1,1.8248422972637052e-39,0.9999999994717386,1.0313534669520093e-12
0.6641628517547797,5.527124935751033e-06,1458108242.865562,9615396574385.658,9615396574385.658,1.0739877874722495e-06,24155669.079366975,3.026466273977822e+42,109375526.37577339,1.0937552637577339e+17,899813.2351290482,True,10.0,10000000000.0,2.637520202242172e-10,3.39624758761716e-07,0.00011246501494534326,812061120218.1118,0.05679718514121969,0.55,0.9999760844210259,0.9999906817958613,0.09999999999999998,1.2475681653858442e-39,0.9999999994328334,6.311080808587183e-13
0.6641628517547797,5.696931514925542e-06,1458108242.865562,12043505691350.746,12043505691350.746,1.106983276878729e-06,23566469.842331167,4.4691388426125426e+42,166475328.93732423,1.6647532893732422e+17,1369563.2767573684,True,10.0,10000000000.0,1.0264400440718191e-10,3.5005884866535926e-07,0.00019286715067942062,908827748556.7957,0.05854213135243849,0.55,0.9999598894838756,0.9999846488775804,0.1,8.448435168376764e-40,0.999999999388491,3.8289810714973025e-13
0.6641628517547797,5.871954960855575e-06,1458108242.865562,15145933519918.504,15145933519918.504,1.1409924671241497e-06,23003511.36992594,6.653139979132489e+42,255443239.14626524,2.5544323914626525e+17,2101486.639875554,True,10.0,10000000000.0,3.887645760869418e-11,3.6081349892071025e-07,0.0003324437737906642,1019185275343.8312,0.06034068651051754,0.55,0.9999321323803141,0.9999744322783921,0.09999999999999999,5.675099259704684e-40,0.9999999993377415,2.30672687447199e-13
0.6641628517547797,6.052355548242364e-06,1458108242.865562,19109269021769.926,19109269021769.926,1.1760465015377764e-06,22466707.880070638,9.968717369531225e+42,394501584.6358816,3.945015846358816e+17,3245495.211745797,False,10.0,10000000000.0,1.4318435326288181e-11,3.718985579132088e-07,0.0005749436775107031,1144793499524.806,0.06219449761131546,0.55,0.9998843263654281,0.9999570015252248,0.10000000000000002,3.787571496980052e-40,0.9999999992794041,1.3822631428250427e-13
0.6641628517547797,6.238298475811674e-06,1458108242.865562,24165508100792.45,24165508100792.45,1.212177480246898e-06,21956042.135688327,1.5005814100393135e+43,612083606.4603338,6.120836064603338e+17,5035504.269998387,True,10.0,10000000000.0,5.1236792586450974e-12,3.833241765943963e-07,0.0009956413376609845,1287369106401.383,0.06410526225036725,0.55,0.9998017447509945,0.9999270871545867,0.09999999999999999,2.5161733657154414e-40,0.9999999992120333,8.2549842528937e-14
0.6641628517547797,6.429954017591674e-06,1458108242.865562,30598510743021.996,30598510743021.996,1.249418489571962e-06,21471523.297294956,2.2645652808018026e+43,952089438.9045401,9.5208943890454e+17,7832672.504903744,False,10.0,10000000000.0,1.7797985307765884e-12,3.9510081777747347e-07,0.0017225255435497934,1448622619496.1294,0.06607473017742801,0.55,0.9996589691498705,0.9998755374072763,0.10000000000000002,1.6673058661801052e-40,0.9999999991338502,4.9240803849710083e-14
0.6641628517547797,6.627497678838454e-06,1458108242.865562,38748467038278.79,38748467038278.79,1.2878036323248041e-06,21013284.01671999,3.4182976997189773e+43,1481305048.5791664,1.4813050485791665e+18,12186436.32759008,False,10.0,10000000000.0,5.99631455600047e-13,4.0723926571844214e-07,0.002969725982159663,1630168062155.461,0.06810470489877618,0.55,0.999412496979129,0.9997865172467088,0.10000000000000003,1.1045623607736243e-40,0.9999999990426525,2.940890196611837e-14
0.7179427725842294,6.172506377116976e-06,1458108242.865562,34551525072231.53,34551525072231.53,9.515518861186907e-07,579614216.3540827,3.133367600104202e+43,1084536179.5947108,1.0845361795947109e+18,8922288.565934364,True,10.0,10000000000.0,5.856799822900882e-09,3.0090712719642214e-07,0.0008631385541308028,1539354792757.4233,0.050322237624845,0.6,0.9997084024760214,0.999851658725318,0.1,7.584562001069391e-41,0.9999997852491991,2.8141264944924e-11
0.7179427725842294,6.36214062729494e-06,1458108242.865562,40006534893156.086,40006534893156.086,9.80785849990888e-07,564054623.1346662,3.9541700801144836e+43,1410684059.1471918,1.4106840591471918e+18,11605449.857632622,False,10.0,10000000000.0,2.6051701906837366e-09,3.1015171828354406e-07,0.0012732351500503807,1656420459355.632,0.05186825786625657,0.6,0.999582170100628,0.9997907003199573,0.10000000000000002,6.010166571905338e-41,0.9999997742303502,1.9878355440464684e-11
0.7179427725842294,6.557600897997382e-06,1458108242.865562,46480166778908.53,46480166778908.53,1.010917951585419e-06,549063958.8875408,5.02395096948719e+43,1847402481.4162738,1.847402481416274e+18,15198255.573897846,True,10.0,10000000000.0,1.1324274851176597e-09,3.1968032545617497e-07,0.0018850097130405556,1785414083937.175,0.05346177557001615,0.6,0.9993968283305847,0.9997020998073766,0.1,4.730384707070123e-41,0.9999997619403019,1.3954379147903143e-11
0.7179427725842294,6.75906617859526e-06,1458108242.865562,54157967610378.625,54157967610378.625,1.0419757838545015e-06,534632959.63209593,6.420240826967056e+43,2433375697.950159,2.433375697950159e+18,20018954.25430318,True,10.0,10000000000.0,4.80702144756151e-10,3.295016743719526e-07,0.0027977654445914095,1927242199523.8264,0.05510424997247076,0.6,0.9991235736711795,0.99957256699803,0.1,3.701608938921859e-41,0.9999997481929602,9.745109913889055e-12
0.2540468430432572,7.090031211028554e-07,145810824286.55618,8.526902998341486e-67,145810824286.55618,1.591628347919973e-06,1.5308505976565545e-89,4.229443582554273e+40,866461.1563651809,866461156365180.9,7128.223671756447,True,100.0,100000000000.0,7.478578201158825e-09,5.033170767918036e-07,0.0,100000000000.0,0.08417228855608394,0.2,1.0,1.0,3.4198189524326556e-156,1.1915267616572031e-35,1.0,1.102265173671369e-201
0.2540468430432572,7.30785403214806e-07,145810824286.55618,1.136238153849327e-65,145810824286.55618,1.6405270010568486e-06,1.6252400832730423e-89,3.9810698898960564e+40,840634.8313401232,840634831340123.2,6915.755034188923,True,100.0,100000000000.0,1.5157802790710662e-09,5.1878018863451e-07,0.0,100000000000.0,0.08675826382299838,0.2,1.0,1.0,6.072383711167826e-154,1.2658645426755646e-35,1.0,1.2423830550613877e-201
0.2540468430432572,7.532368894527787e-07,145810824286.55618,1.7258829814634122e-64,145810824286.55618,1.690927938493778e-06,1.7408032713443993e-89,3.747281919922293e+40,815578.3031598522,815578303159852.1,6709.619379988443,True,100.0,100000000000.0,2.930654607880001e-10,5.347183644853445e-07,0.0,100000000000.0,0.08942368647331904,0.2,1.0,1.0,1.4010162171627314e-151,1.3448401596742515e-35,1.0,1.4253445455342064e-201
0.2540468430432572,7.763781393779791e-07,145810824286.55618,3.0012497064253956e-63,145810824286.55618,1.7428773140197377e-06,1.8831193879825754e-89,3.5272231273847734e+40,791268.6267409435,791268626740943.5,6509.627943985775,True,100.0,100000000000.0,5.397282620833721e-11,5.511461994538886e-07,0.0,100000000000.0,0.09217099732185598,0.2,1.0,1.0,4.236670911723646e-149,1.428742961114915e-35,1.0,1.6679236983796288e-201
0.2540468430432572,8.002303441908107e-07,145810824286.55618,6.000113476322372e-62,145810824286.55618,1.7964226993791749e-06,2.059866720881576e-89,3.3200872675776727e+40,767683.5409165891,767683540916589.1,6315.597587473505,True,100.0,100000000000.0,9.45410416619552e-12,5.680787370466141e-07,0.0,100000000000.0,0.0950027121711242,0.2,1.0,1.0,1.6933214032735554e-146,1.5178803475275924e-35,1.0,1.9957158763837854e-201
0.2540468430432572,8.248153461363507e-07,145810824286.55618,1.3845588382829955e-60,145810824286.55618,1.8516131278350073e-06,2.2819345013323704e-89,3.125115442442749e+40,744801.4480513172,744801448051317.2,6127.350630499918,True,100.0,100000000000.0,1.5726309143815342e-12,5.855314829427141e-07,0.0,100000000000.0,0.09792142411514633,0.2,1.0,1.0,9.016610353943133e-144,1.6125788977554082e-35,1.0,2.4492144842662684e-201
0.2540468430432572,8.501556585060075e-07,145810824286.55618,3.7014428475440905e-59,145810824286.55618,1.9084991390699873e-06,2.565325775742667e-89,2.941593320141746e+40,722601.3942633322,722601394263332.2,5944.714689161671,True,100.0,100000000000.0,2.4802382370125997e-13,6.035204191931607e-07,0.0,100000000000.0,0.10092980591403355,0.2,1.0,1.0,6.444104371671777e-141,1.7131855654641937e-35,1.0,3.09531975537756e-201
0.2540468430432572,8.762744862536817e-07,145810824286.55618,1.1502919825193331e-57,145810824286.55618,1.9671328254675488e-06,2.9350400214736993e-89,2.768848517909131e+40,701063.0502363567,701063050236356.6,5767.5225177461825,True,100.0,100000000000.0,3.708144902248023e-14,6.220620188559933e-07,0.0,100000000000.0,0.10403061244151983,0.2,1.0,1.0,6.223528108871283e-138,1.8200689503007765e-35,1.0,4.0518048964489615e-201
0.2540468430432572,9.031957472453002e-07,145810824286.55618,4.1679018551423025e-56,145810824286.55618,2.0275678798145043e-06,3.4345169451274846e-89,2.60624813859659e+40,680166.6926034113,680166692603411.2,5595.611855579266,True,100.0,100000000000.0,5.218048215738236e-15,6.411732610812372e-07,0.0,100000000000.0,0.10722668320768988,0.2,1.0,1.0,8.170627987128737e-135,1.9336206483571417e-35,1.0,5.5481960226418194e-201
0.2540468430432572,9.309440941611905e-07,145810824286.55618,1.7651620109524988e-54,145810824286.55618,2.0898596444692916e-06,4.6795154666511225e-89,2.4531964518837253e+40,659893.1858854822,659893185885482.2,5428.82527843772,True,100.0,100000000000.0,6.661338147750939e-16,6.608716466592673e-07,0.0,100000000000.0,0.11052094495921158,0.2,1.0,1.0,1.465512793920554e-131,2.054256686888275e-35,1.0,1.0299644711865627e-200
0.2540468430432572,9.595449370713468e-07,145810824286.55618,8.754813809063772e-53,145810824286.55618,2.1540651620407816e-06,6.917640999082582e-89,2.309132711659434e+40,640223.9649685365,640223964968536.5,5267.0100543908065,True,100.0,100000000000.0,1.1102230246251565e-16,6.811752140468544e-07,0.0,100000000000.0,0.11391641435945368,0.2,1.0,1.0,3.605074951290268e-128,2.1824190485401558e-35,1.0,2.250797943490676e-200
0.2540468430432572,9.89024466704263e-07,145810824286.55618,5.0915796612194684e-51,145810824286.55618,2.2202432276240635e-06,1.0491152739223703e-88,2.173529101577382e+40,621141.0181028381,621141018102838.1,5110.0180039386205,True,100.0,100000000000.0,0.0,7.021025558855714e-07,0.0,100000000000.0,0.11741620075094333,0.2,1.0,1.0,1.2193420633134593e-124,2.318577290672322e-35,1.0,5.176865594183561e-200
0.2540468430432572,1.0194096784306418e-06,145810824286.55618,3.473879075243628e-49,145810824286.55618,2.2884544426410408e-06,1.6347485563456674e-88,2.0458888012585303e+40,602626.8704089997,602626870408999.8,4957.705364319272,True,100.0,100000000000.0,0.0,7.236728360276843e-07,0.0,100000000000.0,0.12102350900269279,0.2,1.0,1.0,5.6760977140552565e-121,2.4632302657078345e-35,1.0,1.256962713084695e-199
0.2540468430432572,1.0507283969839379e-06,145810824286.55618,2.7794767355611445e-47,145810824286.55618,2.358761270335135e-06,2.621390670981898e-88,1.925744166055763e+40,584664.5678756634,584664567875663.4,4809.932657860617,True,100.0,100000000000.0,0.0,7.459058070851185e-07,0.0,100000000000.0,0.12474164244500298,0.2,1.0,1.0,3.63367897863608e-117,2.616907948813595e-35,1.0,3.232093894816186e-199
0.2540468430432572,1.0830093019403792e-06,145810824286.55618,2.6043031015772723e-45,145810824286.55618,2.431228092970925e-06,4.3330494376165034e-88,1.8126550137116565e+40,567237.6618341563,567237661834156.2,4666.564564255978,True,100.0,100000000000.0,0.0,7.688218285175729e-07,0.0,100000000000.0,0.1285740058944312,0.2,1.0,1.0,3.1900943370321685e-113,2.7801733796072335e-35,1.0,8.830956755201224e-199
0.2540468430432572,1.1162819539817932e-06,145810824286.55618,2.8503820759126584e-43,145810824286.55618,2.5059212707910965e-06,7.396120578008565e-88,1.7062070116321265e+40,550330.1938959071,550330193895907.2,4527.46979664692,True,100.0,100000000000.0,0.0,7.92441885276344e-07,0.0,100000000000.0,0.1325241087716931,0.2,1.0,1.0,3.821436316678643e-109,2.9536247250045253e-35,1.0,2.5729327524559968e-198
0.2540468430432572,1.1505768219652916e-06,145810824286.55618,3.630375344707258e-41,145810824286.55618,2.5829092027846854e-06,1.3060838135260827e-87,1.6060101588672817e+40,533926.6813388269,533926681338826.9,4392.520981399566,True,100.0,100000000000.0,0.0,8.167876070209329e-07,0.0,100000000000.0,0.13659556831535435,0.2,1.0,1.0,6.199027000892857e-105,3.1378974707651205e-35,1.0,8.023476117791444e-198
0.2540468430432572,1.1859253108246002e-06,145810824286.55618,5.3528034038289763e-39,145810824286.55618,2.6622623893222763e-06,2.3908138166708585e-87,1.5116973572378124e+40,518012.1029292727,518012102929272.7,4261.594541464391,True,100.0,100000000000.0,0.0,8.418812879260327e-07,0.0,100000000000.0,0.14079211289425417,0.2,1.0,1.0,1.3476684332205386e-100,3.3336667497659353e-35,1.0,2.688512028040228e-197
0.2540468430432572,1.2223597903285859e-06,145810824286.55618,9.07539381182317e-37,145810824286.55618,2.7440534967154976e-06,4.545936479236514e-87,1.4229230663718578e+40,502571.88516661245,502571885166612.44,4134.57058321267,True,100.0,100000000000.0,0.0,8.677459070970343e-07,0.0,100000000000.0,0.145117585421695,0.2,1.0,1.0,3.873926967907654e-96,3.541649815532432e-35,1.0,9.720020834376484e-197
0.2540468430432572,1.259913624723314e-06,145810824286.55618,1.7544596631681461e-34,145810824286.55618,2.828357423759946e-06,8.997982182768144e-87,1.339362037724706e+40,487591.88893779315,487591888937793.1,4011.332786645955,True,100.0,100000000000.0,0.0,8.944051496127467e-07,0.0,100000000000.0,0.14957594687452402,0.2,1.0,1.0,1.4477955765704093e-91,3.762608670090257e-35,1.0,3.808120897112563e-196
0.2540468430432572,1.2986212032847793e-06,145810824286.55618,3.8278820331317485e-32,145810824286.55618,2.9152513703224606e-06,1.858232220724701e-86,1.2607081229430814e+40,473058.3965696925,473058396569692.5,3891.7682988780534,True,100.0,100000000000.0,0.0,9.218834282145973e-07,0.0,100000000000.0,0.1541712799203292,0.2,1.0,1.0,6.891877674460441e-87,3.997352855765058e-35,1.0,1.6241287053990807e-195
0.2540468430432572,1.3385179718102963e-06,145810824286.55618,9.311052004452877e-30,145810824286.55618,3.004814908035579e-06,4.013526614069704e-86,1.1866731522081189e+40,458958.0992673951,458958099267395.1,3775.767630791926,True,100.0,100000000000.0,0.0,9.502059056621815e-07,0.0,100000000000.0,0.15890779265607205,0.2,1.0,1.0,4.077725381302089e-82,4.246742421159037e-35,1.0,7.576572165422848e-195
0.2540468430432572,1.3796404650773716e-06,145810824286.55618,2.4890860149428268e-27,145810824286.55618,3.0971300531638755e-06,9.088927786626636e-86,1.116985878447561e+40,445278.08492689475,445278084926894.75,3663.2245567769332,True,100.0,100000000000.0,0.0,9.79398517775623e-07,0.0,100000000000.0,0.1637898224615794,0.2,1.0,1.0,2.9140720084814794e-77,4.5116910721708114e-35,1.0,3.88548982121265e-194
0.2540468430432572,1.4220263402997998e-06,145810824286.55618,7.192762581526858e-25,145810824286.55618,3.1922813417089495e-06,2.1637188966322685e-85,1.0513909835489859e+40,432005.8263110564,432005826311056.4,3554.0360174545553,True,100.0,100000000000.0,0.0,1.0094879971858551e-06,0.0,100000000000.0,0.16882183997142453,0.2,1.0,1.0,2.4333911293027073e-72,4.7931695196032987e-35,1.0,2.2020244952912735e-193
0.2540468430432572,1.4657144116116057e-06,145810824286.55618,2.204834060219078e-22,145810824286.55618,3.2903559068218043e-06,5.429823120421371e-85,9.896481429330804e+39,419129.1695780158,419129169578015.8,3448.102025303548,True,100.0,100000000000.0,0.0,1.0405018978145662e-06,0.0,100000000000.0,0.17400845316883332,0.2,1.0,1.0,2.2865056997630517e-67,5.092209035624393e-35,1.0,1.386729756244575e-192
0.2540468430432572,1.5107446856104194e-06,145810824286.55618,7.018682439494266e-20,145810824286.55618,3.3914435585935347e-06,1.4405124734711276e-84,9.315311450597602e+39,406636.32315150835,406636323151508.4,3345.3255730980945,True,100.0,100000000000.0,0.0,1.0724686201062285e-06,0.0,100000000000.0,0.17935441160536578,0.2,1.0,1.0,2.3170299962578195e-62,5.409905232110554e-35,1.0,9.760105592767101e-192
0.2540468430432572,1.5571583979928252e-06,145810824286.55618,2.2659977383056103e-17,145810824286.55618,3.4956368662973587e-06,4.052290667298703e-84,8.76827062641217e+39,394515.8469229365,394515846922936.5,3245.6125450751115,True,100.0,100000000000.0,0.0,1.1054174370353137e-06,0.0,100000000000.0,0.18486461075023553,0.2,1.0,1.0,2.4151238901363462e-57,5.747422074716243e-35,1.0,7.723633340077022e-191
0.2540468430432572,1.604998051315243e-06,145810824286.55618,7.22876811630185e-15,145810824286.55618,3.6030312431573415e-06,1.2125476787598258e-83,8.253354725254001e+39,382756.64177528716,382756641775287.2,3148.871630749362,True,100.0,100000000000.0,0.0,1.1393785209125165e-06,0.0,100000000000.0,0.19054409647325168,0.2,1.0,1.0,2.457814246543829e-52,6.105996147375865e-35,1.0,6.915412951294825e-190
0.2540468430432572,1.6543074539149066e-06,145810824286.55618,2.2147455972176967e-12,145810824286.55618,3.7137250337214004e-06,3.871965254103111e-83,7.768677213917762e+39,371347.939419308,371347939419308.0,3055.0142412974574,True,100.0,100000000000.0,0.0,1.1743829710145246e-06,0.0,100000000000.0,0.19639806966548662,0.2,1.0,1.0,2.307109268089402e-47,6.486941182862331e-35,1.0,7.051530239566456e-189
0.2540468430432572,1.7051317600265996e-06,145810824286.55618,6.32005538212357e-10,145810824286.55618,3.827819603918642e-06,1.323962636957137e-82,7.312462345690294e+39,360279.29253263056,360279292532630.56,2963.9544284341623,True,100.0,100000000000.0,0.0,1.2104628420626495e-06,0.0,100000000000.0,0.20243189100190292,0.2,1.0,1.0,1.8787207747521347e-42,6.891652876001245e-35,1.0,8.244644389402667e-188
0.2540468430432572,1.7575175111318583e-06,145810824286.55618,1.6257383430599398e-07,145810824286.55618,3.9454194338834435e-06,4.8648152234618375e-82,6.883038654423944e+39,349540.5651928169,349540565192816.9,2875.6088057067473,True,100.0,100000000000.0,0.0,1.2476511735763788e-06,0.0,100000000000.0,0.20865108585029815,0.2,1.0,1.0,1.2431449417665743e-37,7.321613997175058e-35,1.0,1.11314866221795e-186
0.2540468430432572,1.8115126785785379e-06,145810824286.55618,3.642006941413562e-05,145810824286.55618,4.066632213631354e-06,1.9279461848596712e-81,6.478832830669685e+39,339121.9235955618,339121923595561.8,2789.8964721352704,True,100.0,100000000000.0,0.0,1.2859820201287514e-06,0.0,100000000000.0,0.21506134933106594,0.2,1.0,1.0,6.238813571414467e-33,7.778399824852132e-35,1.0,1.7482771613775135e-185
0.2540468430432572,1.8671667075097422e-06,145810824286.55618,0.0068550739211948085,145810824286.55618,4.19156894167435e-06,8.27196863670181e-81,6.098363957433913e+39,329013.8270495577,329013827049557.7,2706.7389381289117,True,100.0,100000000000.0,0.0,1.3254904825312413e-06,0.0,100000000000.0,0.22166855153240345,0.2,1.0,1.0,2.210267075891751e-28,8.263683917043984e-35,1.0,3.218386723835222e-184
0.2540468430432572,1.924530562142364e-06,145810824286.55618,1.0449247605913907,145810824286.55618,4.320344026665824e-06,3.857536377420822e-80,5.74023808443979e+39,319207.01923976984,319207019239769.8,2626.060053610477,True,100.0,100000000000.0,0.0,1.3662127399767237e-06,0.0,100000000000.0,0.2284787428857442,0.2,1.0,1.0,5.135591963212817e-24,8.779244242836234e-35,1.0,6.999073114563489e-183
0.2540468430432572,1.9836567724366815e-06,145810824286.55618,124.28928838481936,145810824286.55618,4.453075392168321e-06,1.9631440402108788e-79,5.4031431210146997e+39,309692.5197511263,309692519751126.3,2547.7859382832817,True,100.0,100000000000.0,0.0,1.4081860831699427e-06,0.0,100000000000.0,0.2354981597063354,0.2,1.0,1.0,7.265874174738623e-20,9.326969696457579e-35,1.0,1.812695270565005e-181
0.2540468430432572,2.044599482199773e-06,145810824286.55618,11119.670906882413,145810824286.55618,4.58988458464002e-06,1.0948084275170318e-78,5.0858440288923285e+39,300461.61584485736,300461615844857.4,2471.8449139765407,True,100.0,100000000000.0,0.0,1.4514489484758355e-06,0.0,100000000000.0,0.24273322990403684,0.2,1.0,1.0,5.81573137200061e-16,9.90886701775302e-35,1.0,5.637632127936382e-180
0.2540468430432572,2.107414498666762e-06,145810824286.55618,722119.8922755504,145810824286.55618,4.730896884738789e-06,6.719175138715903e-78,4.787178297317105e+39,291505.8544799559,291505854479955.94,2398.1674390073263,True,100.0,100000000000.0,0.0,1.4960409531169653e-06,0.0,100000000000.0,0.2501905788695678,0.2,1.0,1.0,2.452669820399477e-12,1.0527068144416167e-34,1.0,2.1235006218636277e-178
0.2540468430432572,2.2388933059903357e-06,145810824286.55618,1022058960.7229432,145810824286.55618,5.02605129331374e-06,3.4326953418145344e-76,4.241434205429693e+39,274387.1994854025,274387199485402.5,2257.3352725975737,True,100.0,100000000000.0,0.0,1.589376972370643e-06,7.133123877832633e-11,100000000000.0,0.2657996386602145,0.2,0.999999999999016,0.9999999999999926,4.913289679526888e-06,1.1881582906747434e-34,1.0,5.542312265340013e-175
0.2540468430432572,2.3076774962965497e-06,145810824286.55618,21055759303.55511,145810824286.55618,5.180463684347785e-06,2.8830338888881574e-75,3.9923563645253305e+39,266208.62974275777,266208629742757.75,2190.0516165301797,True,100.0,100000000000.0,0.0,1.6382064578326576e-06,3.055510117141251e-08,100000000000.0,0.2739656432125574,0.2,0.9999999995178098,0.9999999999954603,0.0020852699487742547,1.2622859172372257e-34,1.0,3.9094887214778836e-173
0.2540468430432572,2.3785749024596447e-06,145810824286.55618,281992821012.02954,281992821012.02954,5.339619995631228e-06,2.712604516147201e-74,1.4055375095737054e+40,965999.6899336649,965999689933664.9,7947.109695696971,True,100.0,100000000000.0,0.0,1.688536102597301e-06,5.539057136765309e-06,139067018422.45602,0.2823825270764187,0.2,0.9999998973458363,0.9999999987272703,0.09999999999999998,3.585457649622737e-35,1.0,9.253304559448203e-172
0.2540468430432572,2.4516504475562432e-06,145810824286.55618,2421937865098.385,2421937865098.385,5.503665971810474e-06,2.8722562937261145e-73,9.759080395427116e+41,69132961.22844943,6.913296122844944e+16,568744.7234155749,True,100.0,100000000000.0,0.0,1.7404119951685156e-06,0.00041508871740329533,407555366416.2519,0.29105799786799463,0.2,0.999990664938348,0.9999998405423101,0.09999999999999999,5.1639037812355e-37,1.0,1.406437330761954e-171
0.2540468430432572,2.5269710492561233e-06,145810824286.55618,13272817375353.404,13272817375353.404,5.672751835158214e-06,3.438227716859254e-72,2.7588348597694156e+43,2014390599.7775085,2.0143905997775086e+18,16572037.479134165,False,100.0,100000000000.0,0.0,1.7938816399999998e-06,0.012779587594150911,954084140803.143,0.3,0.2,0.9996362557083119,0.9999909923377344,0.1,1.8266751986575723e-38,1.0,6.710316989213033e-171
0.3154833644589709,1.0514279023563288e-06,145810824286.55618,7.438003922660618e-28,145810824286.55618,1.4101807991949436e-06,6.656429797370557e-44,1.9231826584319974e+40,433493.09966728074,433493099667280.75,3566.271554000343,True,100.0,100000000000.0,2.8515099170789426e-09,4.4593832380925616e-07,0.0,100000000000.0,0.07457654627803474,0.25,1.0,1.0,2.602155681600868e-78,9.353411987037355e-36,1.0,2.0840262353683117e-110
0.3154833644589709,1.0837302978011854e-06,145810824286.55618,3.88605930172551e-27,145810824286.55618,1.4535049469774526e-06,6.783107515003185e-44,1.8102439303919075e+40,420572.1122624993,420572112262499.3,3459.9728612030726,True,100.0,100000000000.0,6.996563328698358e-10,4.596386222771023e-07,0.0,100000000000.0,0.07686771724980178,0.25,1.0,1.0,7.102959153649212e-77,9.936959007919912e-36,1.0,2.1641027233042951e-110
0.3154833644589709,1.117025100570536e-06,145810824286.55618,2.1977588900837412e-26,145810824286.55618,1.4981601168403588e-06,6.94431079790635e-44,1.7039375189627172e+40,408036.2565141218,408036256514121.75,3356.842578864544,True,100.0,100000000000.0,1.647234570967271e-10,4.737598268839516e-07,0.0,100000000000.0,0.07922927850757505,0.25,1.0,1.0,2.271854746215469e-75,1.0556912756748684e-35,1.0,2.2681865425534368e-110
0.3154833644589709,1.151342799805639e-06,145810824286.55618,1.348110168348935e-25,145810824286.55618,1.5441872009851054e-06,7.145529036652423e-44,1.603873941950052e+40,395874.0529285061,395874052928506.1,3256.7862672078354,True,100.0,100000000000.0,3.7165159838536965e-11,4.883148688793138e-07,0.0,100000000000.0,0.08166339261033641,0.25,1.0,1.0,8.548132370253483e-74,1.1215544601198094e-35,1.0,2.4015368033730578e-110
0.3154833644589709,1.1867148213475453e-06,145810824286.55618,8.985003781910905e-25,145810824286.55618,1.591628347919973e-06,7.393641889740111e-44,1.509686589466244e+40,384074.364177532,384074364177532.0,3159.712301391643,True,100.0,100000000000.0,8.025247133502944e-12,5.033170767918036e-07,0.0,100000000000.0,0.08417228855608394,0.25,1.0,1.0,3.7971433967781396e-72,1.1915267616572031e-35,1.0,2.571208489173667e-110
0.3154833644589709,1.2231735565147707e-06,145810824286.55618,6.5167246477262985e-24,145810824286.55618,1.6405270010568486e-06,7.697288894400098e-44,1.4210303807561924e+40,372626.384899785,372626384899785.0,3065.5317876064178,True,100.0,100000000000.0,1.656341730438271e-12,5.1878018863451e-07,0.0,100000000000.0,0.08675826382299838,0.25,1.0,1.0,1.997465154985168e-70,1.2658645426755646e-35,1.0,2.7867373822061815e-110
0.3154833644589709,1.2607523917650849e-06,145810824286.55618,5.1500040996077797e-23,145810824286.55618,1.690927938493778e-06,8.067488170580178e-44,1.3375804999009964e+40,361519.63180573395,361519631805733.94,2974.1584816713953,True,100.0,100000000000.0,3.262945469373335e-13,5.347183644853445e-07,0.0,100000000000.0,0.08942368647331904,0.25,1.0,1.0,1.247485824532409e-68,1.3448401596742515e-35,1.0,3.06123834289814e-110
0.3154833644589709,1.2994857392685849e-06,145810824286.55618,4.43872618936607e-22,145810824286.55618,1.7428773140197377e-06,8.51837723351371e-44,1.259031205767277e+40,350743.9340778386,350743934077838.6,2885.508710057972,True,100.0,100000000000.0,6.128431095930864e-14,5.511461994538886e-07,0.0,100000000000.0,0.09217099732185598,0.25,1.0,1.0,9.266957709467303e-67,1.428742961114915e-35,1.0,3.4129836463883586e-110
0.3154833644589709,1.3394090684200488e-06,145810824286.55618,4.1746522217878034e-21,145810824286.55618,1.7964226993791749e-06,9.068553371766798e-44,1.1850947118421146e+40,340289.42405679886,340289424056798.9,2799.5012932671125,True,100.0,100000000000.0,1.099120794378905e-14,5.680787370466141e-07,0.0,100000000000.0,0.0950027121711242,0.25,1.0,1.0,8.197115846525014e-65,1.5178803475275924e-35,1.0,3.868089341682447e-110
0.3154833644589709,1.3805589383194198e-06,145810824286.55618,4.284889948557548e-20,145810824286.55618,1.8516131278350073e-06,9.742506336325109e-44,1.115500131849588e+40,330146.52820541634,330146528205416.3,2716.0574714906247,True,100.0,100000000000.0,1.887379141862766e-15,5.855314829427141e-07,0.0,100000000000.0,0.09792142411514633,0.25,1.0,1.0,8.635745085691713e-63,1.6125788977554082e-35,1.0,4.46438729642745e-110
0.3154833644589709,1.42297303125017e-06,145810824286.55618,4.797810260315222e-19,145810824286.55618,1.9084991390699873e-06,1.0573487237009782e-43,1.0499924872858833e+40,320305.95834179304,320305958341793.06,2635.1008324882314,True,100.0,100000000000.0,3.3306690738754696e-16,6.035204191931607e-07,0.0,100000000000.0,0.10092980591403355,0.25,1.0,1.0,1.0826961876328265e-60,1.7131855654641937e-35,1.0,5.258440456874647e-110
0.3154833644589709,1.466690187186204e-06,145810824286.55618,5.8547492313652646e-18,145810824286.55618,1.9671328254675488e-06,1.1607426873688802e-43,9.883317732368073e+39,310758.7031338388,310758703133838.75,2556.5572416143696,True,100.0,100000000000.0,0.0,6.220620188559933e-07,0.0,100000000000.0,0.10403061244151983,0.25,1.0,1.0,1.6122673765222437e-58,1.8200689503007765e-35,1.0,6.337126586970567e-110
0.3154833644589709,1.5117504393588944e-06,145810824286.55618,7.773803914632128e-17,145810824286.55618,2.0275678798145043e-06,1.2909924558816109e-43,9.302920790550924e+39,301496.0198472988,301496019847298.8,2480.3547739306723,True,100.0,100000000000.0,0.0,6.411732610812372e-07,0.0,100000000000.0,0.10722668320768988,0.25,1.0,1.0,2.8424159632253355e-56,1.9336206483571417e-35,1.0,7.839130216874305e-110
0.3154833644589709,1.5581950509168221e-06,145810824286.55618,1.1204831776863576e-15,145810824286.55618,2.0898596444692916e-06,1.457822144342136e-43,8.756607606758417e+39,292509.4263397466,292509426339746.6,2406.423648341947,True,100.0,100000000000.0,0.0,6.608716466592673e-07,0.0,100000000000.0,0.11052094495921158,0.25,1.0,1.0,5.905152954692081e-54,2.054256686888275e-35,1.0,9.99607614240129e-110
0.3154833644589709,1.6060665527117929e-06,145810824286.55618,1.747691897543946e-14,145810824286.55618,2.1540651620407816e-06,1.6766213742046058e-43,8.242376615376775e+39,283790.69329320773,283790693293207.75,2334.6961636953415,True,100.0,100000000000.0,0.0,6.811752140468544e-07,0.0,100000000000.0,0.11391641435945368,0.25,1.0,1.0,1.4366474801354532e-51,2.1824190485401558e-35,1.0,1.3221796442103175e-109
0.3154833644589709,1.6554087822457314e-06,145810824286.55618,2.9381526146741025e-13,145810824286.55618,2.2202432276240635e-06,1.9750210665640498e-43,7.758343792552245e+39,275331.83667830407,275331836678304.06,2265.106636784181,True,100.0,100000000000.0,0.0,7.021025558855714e-07,0.0,100000000000.0,0.11741620075094333,0.25,1.0,1.0,4.060403285263735e-49,2.318577290672322e-35,1.0,1.8346952416395744e-109
0.3154833644589709,1.706266923814118e-06,145810824286.55618,5.297642960166539e-12,145810824286.55618,2.2884544426410408e-06,2.7688018426994668e-43,7.302735753561832e+39,267125.11044301634,267125110443016.3,2197.5913421997025,True,100.0,100000000000.0,0.0,7.236728360276843e-07,0.0,100000000000.0,0.12102350900269279,0.25,1.0,1.0,1.3200361971837651e-46,2.4632302657078345e-35,1.0,3.605821471299596e-109
0.3154833644589709,1.758687549882726e-06,145810824286.55618,1.0183380145799264e-10,145810824286.55618,2.358761270335135e-06,4.09682624259734e-43,6.87388325554035e+39,259162.99941937096,259162999419370.97,2132.0884539756157,True,100.0,100000000000.0,0.0,7.459058070851185e-07,0.0,100000000000.0,0.12474164244500298,0.25,1.0,1.0,4.877579788493733e-44,2.616907948813595e-35,1.0,7.894335133922993e-109
0.3154833644589709,1.8127186637355563e-06,145810824286.55618,2.0721693706659186e-09,145810824286.55618,2.431228092970925e-06,6.2153979553596394e-43,6.470215081759216e+39,251438.21244155464,251438212441554.66,2068.537988972036,True,100.0,100000000000.0,0.0,7.688218285175729e-07,0.0,100000000000.0,0.1285740058944312,0.25,1.0,1.0,2.019626077951485e-41,2.7801733796072335e-35,1.0,1.8170143240597326e-108
0.3154833644589709,1.8684097434330145e-06,145810824286.55618,4.426871803802782e-08,145810824286.55618,2.5059212707910965e-06,9.681935775786486e-43,6.090252285050414e+39,243943.6756691548,243943675669154.78,2006.881751946964,True,100.0,100000000000.0,0.0,7.92441885276344e-07,0.0,100000000000.0,0.1325241087716931,0.25,1.0,1.0,9.217525781099366e-39,2.9536247250045253e-35,1.0,4.409048384358193e-108
0.3154833644589709,1.925811787120592e-06,145810824286.55618,9.83527868572043e-07,145810824286.55618,2.5829092027846854e-06,1.5508233853193358e-42,5.7326027692849e+39,236672.52610941214,236672526109412.12,1947.0632822649895,True,100.0,100000000000.0,0.0,8.167876070209329e-07,0.0,100000000000.0,0.13659556831535435,0.25,1.0,1.0,4.54981575693856e-36,3.1378974707651205e-35,1.0,1.1312149922580468e-107
0.3154833644589709,1.984977359729538e-06,145810824286.55618,2.2481141432697792e-05,145810824286.55618,2.6622623893222763e-06,2.5581971079498112e-42,5.3959561890531543e+39,229618.10533255403,229618105332554.03,1889.0278021944473,True,100.0,100000000000.0,0.0,8.418812879260327e-07,0.0,100000000000.0,0.14079211289425417,0.25,1.0,1.0,2.377153276516207e-33,3.3336667497659353e-35,1.0,3.078140769349074e-107
0.3154833644589709,2.045960641112287e-06,145810824286.55618,0.0005223313096272238,145810824286.55618,2.7440534967154976e-06,4.352833479097659e-42,5.079079148861573e+39,222773.95337445167,222773953374451.66,1832.7221667456472,True,100.0,100000000000.0,0.0,8.677459070970343e-07,0.0,100000000000.0,0.145117585421695,0.25,1.0,1.0,1.2832538860186663e-30,3.541649815532432e-35,1.0,8.911782451497908e-107
0.3154833644589709,2.1088174756567292e-06,145810824286.55618,0.012171619615217115,145810824286.55618,2.828357423759946e-06,7.652478588654095e-42,4.780810684255589e+39,216133.8028210197,216133802821019.7,1778.094815004271,True,100.0,100000000000.0,0.0,8.944051496127467e-07,0.0,100000000000.0,0.14957594687452402,0.25,1.0,1.0,6.9681455350460805e-28,3.762608670090257e-35,1.0,2.7543854534004543e-106
0.3154833644589709,2.173605423424736e-06,145810824286.55618,0.2803067506855459,145810824286.55618,2.9152513703224606e-06,1.3924545025773432e-41,4.500058008313456e+39,209691.57306893985,209691573068939.84,1725.0957229153523,True,100.0,100000000000.0,0.0,9.218834282145973e-07,0.0,100000000000.0,0.1541712799203292,0.25,1.0,1.0,3.695622342137324e-25,3.997352855765058e-35,1.0,9.119740850967956e-106
0.3154833644589709,2.240383812861804e-06,145810824286.55618,6.278524670956936,145810824286.55618,3.004814908035579e-06,2.627223052046229e-41,4.2357925079267634e+39,203441.36475745318,203441364757453.2,1673.6763574746115,True,100.0,100000000000.0,0.0,9.502059056621815e-07,0.0,100000000000.0,0.15890779265607205,0.25,1.0,1.0,1.8541107847262235e-22,4.246742421159037e-35,1.0,3.2464921866780338e-105
0.3154833644589709,2.3092137951260474e-06,145810824286.55618,134.4490144469274,145810824286.55618,3.0971300531638755e-06,5.14955421312155e-41,3.98704597519907e+39,197377.45436612246,197377454366122.47,1623.7896322851952,True,100.0,100000000000.0,0.0,9.79398517775623e-07,0.0,100000000000.0,0.1637898224615794,0.25,1.0,1.0,8.502286122487767e-20,4.5116910721708114e-35,1.0,1.2472678819871437e-104
0.3154833644589709,2.3801584000863215e-06,145810824286.55618,2702.732173711392,145810824286.55618,3.1922813417089495e-06,1.0506308604288264e-40,3.752907060155259e+39,191494.28897361696,191494288973616.97,1575.3898644391209,True,100.0,100000000000.0,0.0,1.0094879971858551e-06,0.0,100000000000.0,0.16882183997142453,0.25,1.0,1.0,3.4357890636820356e-17,4.7931695196032987e-35,1.0,5.1918337394801435e-104
0.3154833644589709,2.453282594040733e-06,145810824286.55618,50034.18530344174,145810824286.55618,3.2903559068218043e-06,2.235736175000275e-40,3.5325179317652525e+39,185786.4811727206,185786481172720.62,1528.4327326839407,True,100.0,100000000000.0,0.0,1.0405018978145662e-06,0.0,100000000000.0,0.17400845316883332,0.25,1.0,1.0,1.1774816157226959e-14,5.092209035624393e-35,1.0,2.3510484421939144e-103
0.3154833644589709,2.528653339208413e-06,145810824286.55618,836218.16651653,145810824286.55618,3.3914435585935347e-06,4.972710793593523e-40,3.325071135048787e+39,180248.80413690652,180248804136906.53,1482.8752368363191,True,100.0,100000000000.0,0.0,1.0724686201062285e-06,0.0,100000000000.0,0.17935441160536578,0.25,1.0,1.0,3.288968137665212e-12,5.409905232110554e-35,1.0,1.1630727315884296e-102
0.3154833644589709,2.6063396550490067e-06,145810824286.55618,12363667.984287556,145810824286.55618,3.4956368662973587e-06,1.1585366639753877e-39,3.1298066327464416e+39,174876.18683396117,174876186833961.16,1438.6756584053587,True,100.0,100000000000.0,0.0,1.1054174370353137e-06,5.1694667039669115e-15,100000000000.0,0.18486461075023553,0.25,0.9999999999999999,1.0,7.189772319949722e-10,5.747422074716243e-35,1.0,6.313061710049641e-102
0.3154833644589709,2.686412681466059e-06,145810824286.55618,158451071.53118336,145810824286.55618,3.6030312431573415e-06,2.8336090445055993e-39,2.946009020718255e+39,169663.70938227366,169663709382273.66,1395.7935223896088,True,100.0,100000000000.0,0.0,1.1393785209125165e-06,9.037167701571246e-13,100000000000.0,0.19054409647325168,0.25,0.9999999999999836,0.9999999999999996,1.1808937682100195e-07,6.105996147375865e-35,1.0,3.7765942705804055e-101
0.3154833644589709,2.7689457439521484e-06,145810824286.55618,1725190192.7642505,145810824286.55618,3.7137250337214004e-06,7.292550238030274e-39,2.773004906867824e+39,164606.5985455397,164606598545539.7,1354.189560212786,True,100.0,100000000000.0,0.0,1.1743829710145246e-06,1.0981192650749858e-10,100000000000.0,0.19639806966548662,0.25,0.9999999999978597,0.999999999999969,1.399891675804447e-05,6.486941182862331e-35,1.0,2.501378018759165e-100
0.3154833644589709,2.8540144207354494e-06,145810824286.55618,15652019696.28592,145810824286.55618,3.827819603918642e-06,1.9794654522461303e-38,2.6101604439888163e+39,159700.2233617518,159700223361751.78,1313.8256737642455,True,100.0,100000000000.0,0.0,1.2104628420626495e-06,9.21967537109116e-09,100000000000.0,0.20243189100190292,0.25,0.9999999998044714,0.9999999999967942,0.0011522885363841522,6.891652876001245e-35,1.0,1.8429617538003182e-99
0.3154833644589709,2.9416966119891823e-06,145810824286.55618,116208096238.0618,145810824286.55618,3.9454194338834435e-06,5.680493722842903e-38,2.456879007494898e+39,154940.0909024768,154940090902476.8,1274.664900511302,True,100.0,100000000000.0,0.0,1.2476511735763788e-06,5.162688177307879e-07,100000000000.0,0.20865108585029815,0.25,0.9999999878955157,0.9999999997654593,0.06351747755327009,7.321613997175058e-35,1.0,1.51772342898537e-98
0.3154833644589709,3.03207261116736e-06,145810824286.55618,694644947383.5145,694644947383.5145,4.066632213631354e-06,1.7276355071400482e-37,5.248637359778176e+40,3411680.250205202,3411680250205202.0,28067.293890006815,True,100.0,100000000000.0,0.0,1.2859820201287514e-06,1.868259425712722e-05,218266235459.98108,0.21506134933106594,0.25,0.9999995065580431,0.9999999883904578,0.09999999999999999,3.4272361562812284e-36,1.0,6.185552256962146e-99
0.3154833644589709,3.125225178532129e-06,145810824286.55618,3297131880382.5,3297131880382.5,4.19156894167435e-06,5.582357508941475e-37,1.1130380419578432e+42,74571603.07022105,7.457160307022106e+16,613487.4741250854,True,100.0,100000000000.0,0.0,1.3254904825312413e-06,0.00042561654020172864,475524915170.8044,0.22166855153240345,0.25,0.9999870486695289,0.9999996188214675,0.1,1.6161459943452255e-37,1.0,2.866570687164335e-99
0.3154833644589709,3.221239616940056e-06,145810824286.55618,12294714401092.89,12294714401092.89,4.320344026665824e-06,1.92115637385912e-36,1.45676945309477e+43,1005995445.3306884,1.0059954453306884e+18,8276147.746966156,False,100.0,100000000000.0,0.0,1.3662127399767237e-06,0.005985810559750488,918257194803.3236,0.2284787428857442,0.25,0.9997843073861917,0.999991795109294,0.1,1.234808959813491e-38,1.0,2.441678856175017e-99
0.3760877180284293,1.429952791042766e-06,145810824286.55618,5.570419037815976e-10,145810824286.55618,1.249418489571962e-06,1.012233225560412e-21,1.0397672416700588e+40,247538.98383645157,247538983836451.56,2036.4597204422796,True,100.0,100000000000.0,5.650962253689329e-09,3.9510081777747347e-07,0.0,100000000000.0,0.06607473017742801,0.3,1.0,1.0,1.459473462686557e-42,7.342371033074917e-36,1.0,4.819274310510715e-66
0.3760877180284293,1.4738843819965753e-06,145810824286.55618,1.6298620539328344e-09,145810824286.55618,1.2878036323248041e-06,1.0092253131075467e-21,9.787070042468948e+39,240160.67009905155,240160670099051.56,1975.7596299024865,True,100.0,100000000000.0,1.6449109851990329e-09,4.0723926571844214e-07,0.0,100000000000.0,0.06810470489877618,0.3,1.0,1.0,1.249459453439766e-41,7.800451864808106e-36,1.0,4.790675333433915e-66
0.3760877180284293,1.5191656571468294e-06,145810824286.55618,5.011742000162923e-09,145810824286.55618,1.3273680590377072e-06,1.0088252629751086e-21,9.212325237554311e+39,233002.27935221978,233002279352219.78,1916.8688071594265,True,100.0,100000000000.0,4.618525561994602e-10,4.197506359916004e-07,0.0,100000000000.0,0.07019704532874317,0.3,1.0,1.0,1.1814024888888281e-40,8.287111754648836e-36,1.0,4.786878103160714e-66
0.3760877180284293,1.5658380820400875e-06,145810824286.55618,1.6210729292426497e-08,145810824286.55618,1.368148000151897e-06,1.0112657817176144e-21,8.671332269434856e+39,226057.256423121,226057256423121.0,1859.7333239581133,True,100.0,100000000000.0,1.2494649759275944e-10,4.3264638566843887e-07,0.0,100000000000.0,0.07235366749198217,0.3,1.0,1.0,1.2360202236560335e-39,8.804133712288257e-36,1.0,4.810066651440087e-66
0.3760877180284293,1.6139443961442876e-06,145810824286.55618,5.5197648550038866e-08,145810824286.55618,1.4101807991949436e-06,1.0168381338812164e-21,8.162109064541045e+39,219319.24152681837,219319241526818.38,1804.3008594654648,True,100.0,100000000000.0,3.25318660898688e-11,4.4593832380925616e-07,0.0,100000000000.0,0.07457654627803474,0.3,1.0,1.0,1.4330509247125843e-38,9.353411987037355e-36,1.0,4.863222276410173e-66
0.3760877180284293,1.6635286519866772e-06,145810824286.55618,1.9796349947585842e-07,145810824286.55618,1.4535049469774526e-06,1.0258810691161582e-21,7.682789946394812e+39,212782.0644424097,212782064442409.7,1750.5206523584006,True,100.0,100000000000.0,8.142264640298436e-12,4.596386222771023e-07,0.0,100000000000.0,0.07686771724980178,0.3,1.0,1.0,1.843277469082905e-37,9.936959007919912e-36,1.0,4.950106027327097e-66
0.3760877180284293,1.7146362554941518e-06,145810824286.55618,7.480637909909864e-07,145810824286.55618,1.4981601168403588e-06,1.0388181892618944e-21,7.231618800200897e+39,206439.7388627546,206439738862754.6,1698.34345434004,True,100.0,100000000000.0,1.956657058599376e-12,4.737598268839516e-07,0.0,100000000000.0,0.07922927850757505,0.3,1.0,1.0,2.6320718320277998e-36,1.0556912756748684e-35,1.0,5.075742253593012e-66
0.3760877180284293,1.7673140075729516e-06,145810824286.55618,2.978574278958729e-06,145810824286.55618,1.5441872009851054e-06,1.0561522838413346e-21,6.8069426388469e+39,200286.45691261676,200286456912616.75,1647.7214850414207,True,100.0,100000000000.0,4.5086157030027607e-13,4.883148688793138e-07,0.0,100000000000.0,0.08166339261033641,0.3,1.0,1.0,4.172893872525163e-35,1.1215544601198094e-35,1.0,5.246546843898748e-66
0.3760877180284293,1.8216101469657861e-06,145810824286.55618,1.2493679976729085e-05,145810824286.55618,1.591628347919973e-06,1.0785011560859441e-21,6.407205546739382e+39,194316.58383020214,194316583830202.16,1598.6083882674504,True,100.0,100000000000.0,9.947598300641403e-14,5.033170767918036e-07,0.0,100000000000.0,0.08417228855608394,0.3,1.0,1.0,7.3417776005796e-34,1.1915267616572031e-35,1.0,5.470936824124997e-66
0.3760877180284293,1.8775743944256282e-06,145810824286.55618,5.5173611131233e-05,145810824286.55618,1.6405270010568486e-06,1.1066262293241994e-21,6.03094297928771e+39,188524.65280722326,188524652807223.25,1550.9591895470196,True,100.0,100000000000.0,2.098321516541546e-14,5.1878018863451e-07,0.0,100000000000.0,0.08675826382299838,0.3,1.0,1.0,1.4318030692074088e-32,1.2658645426755646e-35,1.0,5.759998749956041e-66
0.3760877180284293,1.935257998246634e-06,145810824286.55618,0.0002562778997626082,145810824286.55618,1.690927938493778e-06,1.1414720001426905e-21,5.676776397150161e+39,182905.35998276406,182905359982764.06,1504.7302549484104,True,100.0,100000000000.0,4.218847493575595e-15,5.347183644853445e-07,0.0,100000000000.0,0.08942368647331904,0.3,1.0,1.0,3.0891769257666406e-31,1.3448401596742515e-35,1.0,6.128454916489474e-66
0.3760877180284293,1.994713781193887e-06,145810824286.55618,0.0012503242218435166,145810824286.55618,1.7428773140197377e-06,1.1842272828717296e-21,5.343408215583438e+39,177453.55958636056,177453559586360.56,1459.8792511222725,True,100.0,100000000000.0,7.771561172376096e-16,5.511461994538886e-07,0.0,100000000000.0,0.09217099732185598,0.3,1.0,1.0,7.35302019970673e-30,1.428742961114915e-35,1.0,6.596151084343002e-66
0.3760877180284293,2.0559961888749347e-06,145810824286.55618,0.006395174039948527,145810824286.55618,1.7964226993791749e-06,1.2363717041476868e-21,5.029617050391165e+39,172164.25922585005,172164259225850.06,1416.3651065355875,True,100.0,100000000000.0,1.1102230246251565e-16,5.680787370466141e-07,0.0,100000000000.0,0.0950027121711242,0.3,1.0,1.0,1.9236462303464389e-28,1.5178803475275924e-35,1.0,7.189829375949933e-66
0.3760877180284293,2.1191613395974128e-06,145810824286.55618,0.034210540747369136,145810824286.55618,1.8516131278350073e-06,1.299817017988354e-21,4.734253243053665e+39,167032.6153156745,167032615315674.5,1374.1479738611235,True,100.0,100000000000.0,0.0,5.855314829427141e-07,0.0,100000000000.0,0.09792142411514633,0.3,1.0,1.0,5.504784824860771e-27,1.6125788977554082e-35,1.0,7.946665036331101e-66
0.3760877180284293,2.1842670757584148e-06,145810824286.55618,0.19083483769361667,145810824286.55618,1.9084991390699873e-06,1.3770279035552986e-21,4.456234648644083e+39,162053.92864145056,162053928641450.56,1333.1891934879338,True,100.0,100000000000.0,0.0,6.035204191931607e-07,0.0,100000000000.0,0.10092980591403355,0.3,1.0,1.0,1.7129149095287275e-25,1.7131855654641937e-35,1.0,8.918790267484579e-66
0.3760877180284293,2.2513730168126753e-06,145810824286.55618,1.1060898878510748,145810824286.55618,1.9671328254675488e-06,1.4712154350808647e-21,4.19454267109871e+39,157223.64005674497,157223640056744.97,1293.4512581194822,True,100.0,100000000000.0,0.0,6.220620188559933e-07,0.0,100000000000.0,0.10403061244151983,0.3,1.0,1.0,5.754416779294416e-24,1.8200689503007765e-35,1.0,1.0180591581060384e-65
0.3760877180284293,2.3205406138680515e-06,145810824286.55618,6.633098340072032,145810824286.55618,2.0275678798145043e-06,1.5866927668636671e-21,3.948218531315752e+39,152537.32630811483,152537326308114.84,1254.8977784269848,True,100.0,100000000000.0,0.0,6.411732610812372e-07,0.0,100000000000.0,0.10722668320768988,0.3,1.0,1.0,2.0694423951739553e-22,1.9336206483571417e-35,1.0,1.1841484578855709e-65
0.3760877180284293,2.3918332059583193e-06,145810824286.55618,40.95334768614352,145810824286.55618,2.0898596444692916e-06,1.72927750952236e-21,3.716359754409628e+39,147990.6959845897,147990695984589.7,1217.4934497265087,True,100.0,100000000000.0,0.0,6.608716466592673e-07,0.0,100000000000.0,0.11052094495921158,0.3,1.0,1.0,7.888588220807734e-21,2.054256686888275e-35,1.0,1.406532774007784e-65
0.3760877180284293,2.4653160780447975e-06,145810824286.55618,258.8468487750649,145810824286.55618,2.1540651620407816e-06,1.9070879554981754e-21,3.498116863250965e+39,143579.58558788584,143579585587885.84,1181.204019649319,True,100.0,100000000000.0,0.0,6.811752140468544e-07,0.0,100000000000.0,0.11391641435945368,0.3,1.0,1.0,3.1514196181016705e-19,2.1824190485401558e-35,1.0,1.7106529727506712e-65
0.3760877180284293,2.541056520799927e-06,145810824286.55618,1664.0929828901728,145810824286.55618,2.2202432276240635e-06,2.1317683032794846e-21,3.2926902661781435e+39,139299.9557197548,139299955719754.81,1145.996256775861,True,100.0,100000000000.0,0.0,7.021025558855714e-07,0.0,100000000000.0,0.11741620075094333,0.3,1.0,1.0,1.3024937510799626e-17,2.318577290672322e-35,1.0,2.137472179524918e-65
0.3760877180284293,2.619123892227542e-06,145810824286.55618,10803.209069418048,145810824286.55618,2.2884544426410408e-06,2.420771988152688e-21,3.099327327477699e+39,135147.88738297386,135147887382973.86,1111.8379202046615,True,100.0,100000000000.0,0.0,7.236728360276843e-07,0.0,100000000000.0,0.12102350900269279,0.3,1.0,1.0,5.489414581064643e-16,2.4632302657078345e-35,1.0,2.756311140261621e-65
0.3760877180284293,2.6995896811762677e-06,145810824286.55618,70255.87138196384,145810824286.55618,2.358761270335135e-06,2.8021668640715728e-21,2.91731960990052e+39,131119.578392592,131119578392592.0,1078.6977300282804,True,100.0,100000000000.0,0.0,7.459058070851185e-07,0.0,100000000000.0,0.12474164244500298,0.3,1.0,1.0,2.3215910412788987e-14,2.616907948813595e-35,1.0,3.693247871409889e-65
0.3760877180284293,2.782527572804196e-06,145810824286.55618,453668.75851615024,145810824286.55618,2.431228092970925e-06,3.3285037087127138e-21,2.7460002791110037e+39,127211.3398941447,127211339894144.69,1046.5453386892732,True,100.0,100000000000.0,0.0,7.688218285175729e-07,0.0,100000000000.0,0.1285740058944312,0.3,1.0,1.0,9.6805095075185e-13,2.7801733796072335e-35,1.0,5.210969847621753e-65
0.3760877180284293,2.868013516054803e-06,145810824286.55618,2881118.347937734,145810824286.55618,2.5059212707910965e-06,4.7740269521714576e-21,2.584741660559721e+39,123419.59298564908,123419592985649.08,1015.3513031899411,True,100.0,100000000000.0,0.0,7.92441885276344e-07,1.1748787963561161e-16,100000000000.0,0.1325241087716931,0.3,1.0,1.0,3.904295374340133e-11,2.9536247250045253e-35,1.0,1.0719886887792425e-64
0.3760877180284293,2.956125793205879e-06,145810824286.55618,17810489.616507627,145810824286.55618,2.5829092027846854e-06,7.056270081961706e-21,2.43295293982851e+39,119740.86544028606,119740865440286.06,985.0870581304116,True,100.0,100000000000.0,0.0,8.167876070209329e-07,5.521930342873746e-15,100000000000.0,0.13659556831535435,0.3,0.9999999999999999,1.0,1.4920115560636874e-09,3.1378974707651205e-35,1.0,2.3419135552365307e-64
0.3760877180284293,3.0469450915551765e-06,145810824286.55618,106004956.86514659,145810824286.55618,2.6622623893222763e-06,1.0682822525238028e-20,2.2900779980225893e+39,116171.78852676877,116171788526768.77,955.7248895503686,True,100.0,100000000000.0,0.0,8.418812879260327e-07,2.1065576818665165e-13,100000000000.0,0.14079211289425417,0.3,0.9999999999999946,0.9999999999999998,5.285338623609306e-08,3.3336667497659353e-35,1.0,5.3677526718147686e-64
0.3760877180284293,3.1405545773084122e-06,145810824286.55618,600499490.0863736,145810824286.55618,2.7440534967154976e-06,1.658613781007268e-20,2.1555933742790827e+39,112709.09392448465,112709093924484.66,927.2379095504689,True,100.0,100000000000.0,0.0,8.677459070970343e-07,7.084871605666287e-12,100000000000.0,0.145117585421695,0.3,0.9999999999998128,0.9999999999999949,1.696077745478875e-06,3.541649815532432e-35,1.0,1.293930675291639e-63
0.3760877180284293,3.237039971737283e-06,145810824286.55618,3199244350.7192645,145810824286.55618,2.828357423759946e-06,2.644228904293836e-20,2.029006347927039e+39,109349.61073058758,109349610730587.58,899.6000316702143,True,100.0,100000000000.0,0.0,8.944051496127467e-07,2.0959414770626425e-10,100000000000.0,0.14957594687452402,0.3,0.9999999999942409,0.9999999999998466,4.81410206134967e-05,3.762608670090257e-35,1.0,3.288656897293601e-63
0.3760877180284293,3.33648962967724e-06,145810824286.55618,15835142144.791567,145810824286.55618,2.9152513703224606e-06,4.334220236889535e-20,1.9098531332724435e+39,106090.26255629808,106090262556298.08,872.7859469997244,True,100.0,100000000000.0,0.0,9.218834282145973e-07,5.325513635747412e-09,100000000000.0,0.1541712799203292,0.3,0.9999999998464,0.9999999999955922,0.001179408904045322,3.997352855765058e-35,1.0,8.835729686941599e-63
0.3760877180284293,3.438994620436912e-06,145810824286.55618,71926583711.08513,145810824286.55618,3.004814908035579e-06,7.314108488565409e-20,1.7976971803942957e+39,102928.06470975334,102928064709753.34,846.7711010035383,True,100.0,100000000000.0,0.0,9.502059056621815e-07,1.1338667958389521e-07,100000000000.0,0.15890779265607205,0.3,0.9999999965314118,0.9999999998907754,0.02433320618739427,4.246742421159037e-35,1.0,2.516189035299318e-62
0.3760877180284293,3.5446488111932447e-06,145810824286.55618,296184097938.14044,296184097938.14044,3.0971300531638755e-06,1.2724663379744487e-19,6.981955043468574e+39,412036.82789077197,412036827890771.94,3389.7545765670357,False,100.0,100000000000.0,0.0,9.79398517775623e-07,1.974367045529172e-06,142523338322.04135,0.1637898224615794,0.3,0.9999999351799825,0.999999997720845,0.10000000000000003,1.0934411391720683e-35,1.0,1.845734071820291e-62
0.3760877180284293,3.6535489529487565e-06,145810824286.55618,1092752556661.6111,1092752556661.6111,3.1922813417089495e-06,2.2854722172960746e-19,8.945689110927223e+40,5441448.27429831,5441448274298310.0,44765.83873673831,True,100.0,100000000000.0,0.0,1.0094879971858551e-06,2.74671631493033e-05,273757504363.2031,0.16882183997142453,0.3,0.9999990189652048,0.9999999607509135,0.09999999999999999,8.534118257086561e-37,1.0,4.3742966293600944e-63
0.3760877180284293,3.7657947691295926e-06,145810824286.55618,3572331204887.1807,3572331204887.1807,3.2903559068218043e-06,4.243978301005471e-19,8.998914774235531e+41,56419932.20934371,5.641993220934371e+16,464156.86771310575,True,100.0,100000000000.0,0.0,1.0405018978145662e-06,0.00029871204221128164,494972392046.4559,0.17400845316883332,0.3,0.9999882085600088,0.9999994521179634,0.1,8.483641714483282e-38,1.0,1.411376477334604e-63
0.3760877180284293,3.881489046905541e-06,145810824286.55618,10244226188329.684,10244226188329.684,3.3914435585935347e-06,8.15964464267327e-19,6.965649022928048e+42,450138051.09590423,4.5013805109590426e+17,3703206.6444162647,True,100.0,100000000000.0,0.0,1.0724686201062285e-06,0.002490280338242193,838194287972.0978,0.17935441160536578,0.3,0.9998893204339201,0.9999938938718907,0.09999999999999999,1.0960007963722098e-38,1.0,6.344306746082723e-64
0.3760877180284293,4.000737731315601e-06,145810824286.55618,25547690686378.453,25547690686378.453,3.4956368662973587e-06,1.6267152374219573e-18,4.07777383185869e+43,2716120228.8219404,2.71612022882194e+18,22345043.823597685,False,100.0,100000000000.0,0.0,1.1054174370353137e-06,0.015652218040167303,1323673706629.5159,0.18486461075023553,0.3,0.9991992107653715,0.9999462926945805,0.09999999999999998,1.872187421659585e-39,1.0,4.0543363080715577e-64
0.43581007030370333,1.8887304723779186e-06,145810824286.55618,1.9924197874248761,145810824286.55618,1.1409924671241497e-06,1.1873404670670295e-09,5.959907999759027e+39,150151.60818786532,150151608187865.3,1235.2708946896441,True,100.0,100000000000.0,7.91352650075794e-09,3.6081349892071025e-07,0.0,100000000000.0,0.06034068651051754,0.35,1.0,1.0,1.86716269694783e-23,6.12330686346721e-36,1.0,6.630877569046627e-42
0.43581007030370333,1.946756817760966e-06,145810824286.55618,4.164142964433713,145810824286.55618,1.1760465015377764e-06,1.171301399963435e-09,5.609912940383063e+39,145676.08818606567,145676088186065.66,1198.451578109915,True,100.0,100000000000.0,2.6002171527039764e-09,3.718985579132088e-07,0.0,100000000000.0,0.06219449761131546,0.35,1.0,1.0,8.15589700285606e-23,6.50533189166847e-36,1.0,6.452942489258846e-42
0.43581007030370333,2.0065658721158625e-06,145810824286.55618,8.991943187992131,145810824286.55618,1.212177480246898e-06,1.1573035740061382e-09,5.280471309280242e+39,141333.9685489257,141333968548925.72,1162.7297228880354,True,100.0,100000000000.0,8.271926477121383e-10,3.833241765943963e-07,0.0,100000000000.0,0.06410526225036725,0.35,1.0,1.0,3.803010972588261e-22,6.911190956841307e-36,1.0,6.299630231268296e-42
0.43581007030370333,2.0682124045523515e-06,145810824286.55618,20.06846538673616,145810824286.55618,1.249418489571962e-06,1.1454480004707212e-09,4.970376108230271e+39,137121.2730552949,137121273055294.9,1128.0726173513335,True,100.0,100000000000.0,2.545246235996501e-10,3.9510081777747347e-07,0.0,100000000000.0,0.06607473017742801,0.35,1.0,1.0,1.894300165913649e-21,7.342371033074917e-36,1.0,6.171222809411767e-42
0.43581007030370333,2.1317528668190326e-06,145810824286.55618,46.301264750932106,145810824286.55618,1.2878036323248041e-06,1.1358545593172362e-09,4.678491219874396e+39,133034.1440019491,133034144001949.12,1094.448524853292,True,100.0,100000000000.0,7.567180215772851e-11,4.0723926571844214e-07,0.0,100000000000.0,0.06810470489877618,0.35,1.0,1.0,1.008338102309957e-20,7.800451864808106e-36,1.0,6.068284324100982e-42
0.43581007030370333,2.1972454449980716e-06,145810824286.55618,110.43357397706006,145810824286.55618,1.3273680590377072e-06,1.1286654888291312e-09,4.403747245243228e+39,129068.838670966,129068838670966.0,1061.8266547112644,True,100.0,100000000000.0,2.1715074183248362e-11,4.197506359916004e-07,0.0,100000000000.0,0.07019704532874317,0.35,1.0,1.0,5.73617939164278e-20,8.287111754648836e-36,1.0,5.991712431491803e-42
0.43581007030370333,2.264750112788106e-06,145810824286.55618,272.2489142147614,145810824286.55618,1.368148000151897e-06,1.1240495743043623e-09,4.145137585725336e+39,125221.72590239528,125221725902395.28,1030.1771340104374,True,100.0,100000000000.0,6.00819394236396e-12,4.3264638566843887e-07,0.0,100000000000.0,0.07235366749198217,0.35,1.0,1.0,3.486203885347906e-19,8.804133712288257e-36,1.0,5.942803914869234e-42
0.43581007030370333,2.3343286864241237e-06,145810824286.55618,693.4572252171242,145810824286.55618,1.4101807991949436e-06,1.122214707906117e-09,3.901714755121888e+39,121489.28276908667,121489282769086.67,999.4709802482231,True,100.0,100000000000.0,1.6009416015094757e-12,4.4593832380925616e-07,0.0,100000000000.0,0.07457654627803474,0.35,1.0,1.0,2.2618292954264017e-18,9.353411987037355e-36,1.0,5.92341802376655e-42
0.43581007030370333,2.4060448812846158e-06,145810824286.55618,1823.8378480462227,145810824286.55618,1.4535049469774526e-06,1.1233955275085316e-09,3.6725869082755615e+39,117868.09135063007,117868091350630.08,969.6800747940327,True,100.0,100000000000.0,4.1033842990145786e-13,4.596386222771023e-07,0.0,100000000000.0,0.07686771724980178,0.35,1.0,1.0,1.5645625032119126e-17,9.936959007919912e-36,1.0,5.935890089843491e-42
0.43581007030370333,2.479964370237829e-06,145810824286.55618,4948.468505447266,145810824286.55618,1.4981601168403588e-06,1.1278822023054983e-09,3.4569145735554136e+39,114354.83560345431,114354835603454.31,940.7771371401284,True,100.0,100000000000.0,1.0103029524088925e-13,4.737598268839516e-07,0.0,100000000000.0,0.07922927850757505,0.35,1.0,1.0,1.151760263235977e-16,1.0556912756748684e-35,1.0,5.98339889818586e-42
0.43581007030370333,2.5561548437805662e-06,145810824286.55618,13833.952743858763,145810824286.55618,1.5441872009851054e-06,1.136020448509951e-09,3.2539075772262625e+39,110946.29832421699,110946298324216.98,912.7356999199657,True,100.0,100000000000.0,2.3869795029440866e-14,4.883148688793138e-07,0.0,100000000000.0,0.08166339261033641,0.35,1.0,1.0,9.001461855261317e-16,1.1215544601198094e-35,1.0,6.070056974111375e-42
0.43581007030370333,2.6346860720245943e-06,145810824286.55618,39786.919223517616,145810824286.55618,1.591628347919973e-06,1.1482280732332008e-09,3.062822148434199e+39,107639.3582037062,107639358203706.2,885.5300846711604,True,100.0,100000000000.0,5.440092820663267e-15,5.033170767918036e-07,0.0,100000000000.0,0.08417228855608394,0.35,1.0,1.0,7.445623887388192e-15,1.1915267616572031e-35,1.0,6.201215036583107e-42
0.43581007030370333,2.715629968587415e-06,145810824286.55618,117495.81722336265,145810824286.55618,1.6405270010568486e-06,1.1650040784815119e-09,2.8829581942015825e+39,104430.98696855546,104430986968555.45,859.1353783208791,True,100.0,100000000000.0,1.2212453270876722e-15,5.1878018863451e-07,0.0,100000000000.0,0.08675826382299838,0.35,1.0,1.0,6.493297218916812e-14,1.2658645426755646e-35,1.0,6.38374251035781e-42
0.43581007030370333,2.799060656445921e-06,145810824286.55618,355460.3059683967,145810824286.55618,1.690927938493778e-06,1.1869629435395078e-09,2.713656734447704e+39,101318.24660815464,101318246608154.64,833.5274103721241,True,100.0,100000000000.0,2.220446049250313e-16,5.347183644853445e-07,0.0,100000000000.0,0.08942368647331904,0.35,1.0,1.0,5.942958404366726e-13,1.3448401596742515e-35,1.0,6.62666156801459e-42
0.43581007030370333,2.8850545358132313e-06,145810824286.55618,1098656.1389790871,145810824286.55618,1.7428773140197377e-06,1.2148558769791318e-09,2.554297487637618e+39,98298.28668421748,98298286684217.48,808.6827307700164,True,100.0,100000000000.0,0.0,5.511461994538886e-07,0.0,100000000000.0,0.09217099732185598,0.35,1.0,1.0,5.677328753424548e-12,1.428742961114915e-35,1.0,6.94176628462547e-42
0.43581007030370333,2.9736903541008757e-06,145810824286.55618,3458240.9089113004,145810824286.55618,1.7964226993791749e-06,1.2496074791980787e-09,2.404296598213528e+39,95368.3417205417,95368341720541.7,784.5785884278121,True,100.0,100000000000.0,0.0,5.680787370466141e-07,1.1748787963561161e-16,100000000000.0,0.0950027121711242,0.35,1.0,1.0,5.6251091984301227e-11,1.5178803475275924e-35,1.0,7.344592445541555e-42
0.43581007030370333,3.0650492780303726e-06,145810824286.55618,11045561.773088826,145810824286.55618,1.8516131278350073e-06,1.2923635176912178e-09,2.2631044974825753e+39,92525.72867057205,92525728670572.05,761.192910392988,True,100.0,100000000000.0,0.0,5.855314829427141e-07,9.39903037084893e-16,100000000000.0,0.09792142411514633,0.35,1.0,1.0,5.738469628967661e-10,1.6125788977554082e-35,1.0,7.855789709003224e-42
0.43581007030370333,3.159214967960251e-06,145810824286.55618,35650307.845507674,145810824286.55618,1.9084991390699873e-06,1.3445541293596006e-09,2.1302038901237947e+39,89767.84446044672,89767844460446.72,738.5042816343166,True,100.0,100000000000.0,0.0,6.035204191931607e-07,1.0456421287569434e-14,100000000000.0,0.10092980591403355,0.35,0.9999999999999996,1.0,5.977877878316319e-09,1.7131855654641937e-35,1.0,8.503095396980909e-42
0.43581007030370333,3.256273654496588e-06,145810824286.55618,115735718.04875791,145810824286.55618,1.9671328254675488e-06,1.4080152591692582e-09,2.00510785893725e+39,87092.16360527728,87092163605277.28,716.4919254314196,True,100.0,100000000000.0,0.0,6.220620188559933e-07,1.1972014934868824e-13,100000000000.0,0.10403061244151983,0.35,0.9999999999999954,0.9999999999999998,6.30021384448758e-08,1.8200689503007765e-35,1.0,9.324706964764983e-42
0.43581007030370333,3.356314217457194e-06,145810824286.55618,375980672.80301785,145810824286.55618,2.0275678798145043e-06,1.485057336684685e-09,1.887358080891627e+39,84496.23589647948,84496235896479.48,695.1356843488454,True,100.0,100000000000.0,0.0,6.411732610812372e-07,1.35040568853172e-12,100000000000.0,0.10722668320768988,0.35,0.999999999999948,0.9999999999999971,6.648926180174226e-07,1.9336206483571417e-35,1.0,1.0373060554934479e-41
0.43581007030370333,3.4594282672617743e-06,145810824286.55618,1215357744.9554296,145810824286.55618,2.0898596444692916e-06,1.5786899457236678e-09,1.7765231479342583e+39,81977.68415803701,81977684158037.02,674.4160017772443,True,100.0,100000000000.0,0.0,6.608716466592673e-07,1.5043970523701163e-11,100000000000.0,0.11052094495921158,0.35,0.9999999999994172,0.9999999999999709,6.947502882469343e-06,2.054256686888275e-35,1.0,1.1722335742106555e-41
0.43581007030370333,3.56571022882259e-06,145810824286.55618,3885234708.5870624,145810824286.55618,2.1540651620407816e-06,1.69288044534614e-09,1.6721969864114342e+39,79534.20206964361,79534202069643.61,654.3139040247423,True,100.0,100000000000.0,0.0,6.811752140468544e-07,1.6326750188714624e-10,100000000000.0,0.11391641435945368,0.35,0.9999999999936006,0.9999999999996827,7.099945082316535e-05,2.1824190485401558e-35,1.0,1.3479477144937598e-41
0.43581007030370333,3.675257428012441e-06,145810824286.55618,12202203700.898968,145810824286.55618,2.2202432276240635e-06,1.832881849321019e-09,1.5739973693081093e+39,77163.55205472997,77163552054729.97,634.8109829421091,True,100.0,100000000000.0,0.0,7.021025558855714e-07,1.7032041678955163e-09,100000000000.0,0.11741620075094333,0.35,0.9999999999320484,0.9999999999965556,0.0007003207772786156,2.318577290672322e-35,1.0,1.5801176013650009e-41
0.43581007030370333,3.7881701807891597e-06,145810824286.55618,37386786152.29454,145810824286.55618,2.2884544426410408e-06,2.005889847180209e-09,1.4815645158561968e+39,74863.56323144166,74863563231441.66,615.8893790658135,True,100.0,100000000000.0,0.0,7.236728360276843e-07,1.6837106846454673e-08,100000000000.0,0.12102350900269279,0.35,0.9999999993116967,0.9999999999639211,0.006574409289745157,2.4632302657078345e-35,1.0,1.8924945182421705e-41
0.43581007030370333,3.904551885058212e-06,145810824286.55618,110930465872.99629,145810824286.55618,2.358761270335135e-06,2.221916316955776e-09,1.3945597733807455e+39,72632.12942469143,72632129424691.44,597.5317652635271,True,100.0,100000000000.0,0.0,7.459058070851185e-07,1.5538151320936313e-07,100000000000.0,0.12474164244500298,0.35,0.9999999934430858,0.9999999996405886,0.05787914987513423,2.616907948813595e-35,1.0,2.3220729874356574e-41
0.43581007030370333,4.0245091153575516e-06,145810824286.55618,316305482139.5303,316305482139.5303,2.431228092970925e-06,2.4953557926107115e-09,6.177142318313637e+39,331604.9217565019,331604921756501.9,2728.0554189545314,True,100.0,100000000000.0,0.0,7.688218285175729e-07,1.3180171013526355e-06,147284985726.5946,0.1285740058944312,0.35,0.9999999421115026,0.9999999966422589,0.1,5.9079658003606674e-36,1.0,6.223741063122256e-42
0.43581007030370333,4.148151720451411e-06,145810824286.55618,859952285586.2317,859952285586.2317,2.5059212707910965e-06,2.847893608769521e-09,4.297733139129778e+40,2378014.6332102534,2378014633210253.5,19563.508503188266,True,100.0,100000000000.0,0.0,7.92441885276344e-07,1.011445155927517e-05,242852341420.07864,0.1325241087716931,0.35,0.9999995333308753,0.9999999709876396,0.1,8.491533647886545e-37,1.0,1.096727697819241e-42
0.43581007030370333,4.275592923922414e-06,145810824286.55618,2211625256413.982,2211625256413.982,2.5829092027846854e-06,3.3146216463372173e-09,2.6756566501711036e+41,15259741.514542704,1.5259741514542704e+16,125539.2118732249,False,100.0,100000000000.0,0.0,8.167876070209329e-07,6.910864703123232e-05,389458231920.7047,0.13659556831535435,0.35,0.9999966151111648,0.9999997713188589,0.10000000000000002,1.3639397849579778e-37,1.0,2.2461814829674913e-43
0.43581007030370333,4.4069494278541175e-06,145810824286.55618,5338337138980.343,5338337138980.343,2.6622623893222763e-06,3.962274778694337e-09,1.4673572501351935e+42,86257004.89479603,8.625700489479603e+16,709621.2214812279,False,100.0,100000000000.0,0.0,8.418812879260327e-07,0.0004138537533991702,605073477087.0511,0.14079211289425417,0.35,0.9999782235486616,0.999998377363204,0.10000000000000003,2.487079786275306e-38,1.0,5.509055964806612e-44
0.43581007030370333,4.542341519698929e-06,145810824286.55618,12001812156377.836,12001812156377.836,2.7440534967154976e-06,5.630578712862221e-09,6.981264341799924e+42,422994101.7518177,4.229941017518177e+17,3479898.1431198404,False,100.0,100000000000.0,0.0,8.677459070970343e-07,0.002139303781403161,907253244659.6532,0.145117585421695,0.35,0.9998773981911603,0.9999897636007188,0.10000000000000002,5.227469377151321e-39,1.0,2.2009613577897628e-44
0.43581007030370333,4.6818931824292755e-06,145810824286.55618,24952202590498.277,24952202590498.277,2.828357423759946e-06,8.264799220213052e-09,2.8403690627044993e+43,1773849295.1702967,1.7738492951702966e+18,14593146.436021259,False,100.0,100000000000.0,0.0,8.944051496127467e-07,0.009409884074590825,1308156071982.047,0.14957594687452402,0.35,0.9994032296379421,0.9999432285070958,0.10000000000000002,1.2848451998631807e-39,1.0,1.0971015771871304e-44
0.49458176463637277,2.4625281422284337e-06,145810824286.55618,725986.7237350241,145810824286.55618,1.0739877874722495e-06,0.014955866340241484,3.5060420891647485e+39,94355.00931239486,94355009312394.86,776.2420807770686,True,100.0,100000000000.0,7.019056447177263e-09,3.39624758761716e-07,0.0,100000000000.0,0.05679718514121969,0.4,1.0,1.0,2.4790074236259586e-12,5.425242505717316e-36,1.0,1.0520675375769091e-27
0.49458176463637277,2.5381829328860558e-06,145810824286.55618,1233542.5436744941,145810824286.55618,1.106983276878729e-06,0.01467262307872861,3.3001500839154257e+39,91542.6003309388,91542600330938.8,753.1048863061993,True,100.0,100000000000.0,2.5064177400224708e-09,3.5005884866535926e-07,0.0,100000000000.0,0.05854213135243849,0.4,1.0,1.0,7.156962386376071e-12,5.763716220567499e-36,1.0,1.012595498112308e-27
0.49458176463637277,2.616162020777605e-06,145810824286.55618,2142577.656563832,145810824286.55618,1.1409924671241497e-06,0.014409961879244,3.1063490680916437e+39,88814.01990651024,88814019906510.23,730.6573346429537,True,100.0,100000000000.0,8.687521813044441e-10,3.6081349892071025e-07,0.0,100000000000.0,0.06034068651051754,0.4,1.0,1.0,2.1592036868956945e-11,6.12330686346721e-36,1.0,9.766661449637822e-28
0.49458176463637277,2.6965368139075784e-06,145810824286.55618,3804190.705961504,145810824286.55618,1.1760465015377764e-06,0.014168308813437629,2.923928999430657e+39,86166.769388657,86166769388657.0,708.8788698291452,True,100.0,100000000000.0,2.9201741025275396e-10,3.718985579132088e-07,0.0,100000000000.0,0.06219449761131546,0.4,1.0,1.0,6.806831974302174e-11,6.50533189166847e-36,1.0,9.4418369899751e-28
0.49458176463637277,2.77938091410622e-06,145810824286.55618,6903332.666293656,145810824286.55618,1.212177480246898e-06,0.013948303690480592,2.752221532837512e+39,83598.42460338576,83598424603385.77,687.7495486113263,True,100.0,100000000000.0,9.510037202176136e-11,3.833241765943963e-07,1.1748787963561161e-16,100000000000.0,0.06410526225036725,0.4,1.0,1.0,2.241496547333418e-10,6.911190956841307e-36,1.0,9.15088839841441e-28
0.49458176463637277,2.8647701844291204e-06,145810824286.55618,12799334.622155223,145810824286.55618,1.249418489571962e-06,0.013750702678928532,2.59059757172264e+39,81106.63363326661,81106633633266.61,667.2500221780995,True,100.0,100000000000.0,2.997746495481124e-11,3.9510081777747347e-07,4.699515185424465e-16,100000000000.0,0.06607473017742801,0.4,1.0,1.0,7.705401203137048e-10,7.342371033074917e-36,1.0,8.893449704480422e-28
0.49458176463637277,2.9527828186275066e-06,145810824286.55618,24234556.36258759,145810824286.55618,1.2878036323248041e-06,0.013576370830247755,2.438464963136909e+39,78689.11466370511,78689114663705.11,647.3615184417755,True,100.0,100000000000.0,9.137135492665038e-12,4.0723926571844214e-07,1.4098545556273395e-15,100000000000.0,0.06810470489877618,0.4,0.9999999999999999,1.0,2.7624257758550676e-09,7.800451864808106e-36,1.0,8.669376290835373e-28
0.49458176463637277,3.0434994127528155e-06,145810824286.55618,46828078.14618982,145810824286.55618,1.3273680590377072e-06,0.013426377803653224,2.2952663282596878e+39,76343.65389341023,76343653893410.23,628.0658248481602,True,100.0,100000000000.0,2.690181410969217e-12,4.197506359916004e-07,6.344345500323027e-15,100000000000.0,0.07019704532874317,0.4,0.9999999999999996,0.9999999999999998,1.0314142769856913e-08,8.287111754648836e-36,1.0,8.478874302918463e-28
0.49458176463637277,3.13700303896114e-06,145810824286.55618,92260247.67039281,145810824286.55618,1.368148000151897e-06,0.01330199453944807,2.1604770202912794e+39,74068.10350714377,74068103507143.77,609.3452716987208,True,100.0,100000000000.0,7.642775301519578e-13,4.3264638566843887e-07,2.7022212316190673e-14,100000000000.0,0.07235366749198217,0.4,0.9999999999999982,0.9999999999999996,4.0035909795570146e-08,8.804133712288257e-36,1.0,8.322503764204643e-28
0.49458176463637277,3.2333793215851254e-06,145810824286.55618,185128668.2245078,145810824286.55618,1.4101807991949436e-06,0.01320472854961884,2.0336032022679433e+39,71860.37970889556,71860379708895.56,591.1827159698632,True,100.0,100000000000.0,2.09277040141842e-13,4.4593832380925616e-07,1.1878024631160336e-13,100000000000.0,0.07457654627803474,0.4,0.9999999999999923,0.9999999999999987,1.6120103417682716e-07,9.353411987037355e-36,1.0,8.201238191632195e-28
0.49458176463637277,3.3327165155429745e-06,145810824286.55618,377823482.5119275,145810824286.55618,1.4535049469774526e-06,0.013136365381185157,1.914180037757064e+39,69718.46081368337,69718460813683.37,573.5615256145059,True,100.0,100000000000.0,5.517808432387028e-14,4.596386222771023e-07,5.403267584441779e-13,100000000000.0,0.07686771724980178,0.4,0.9999999999999658,0.9999999999999956,6.714263225161922e-07,9.936959007919912e-36,1.0,8.116539547209953e-28
0.49458176463637277,3.43510558715636e-06,145810824286.55618,782977140.596379,145810824286.55618,1.4981601168403588e-06,0.013099085519772515,1.80176998780358e+39,67640.38539622974,67640385396229.74,556.4655643315687,True,100.0,100000000000.0,1.3988810110276972e-14,4.737598268839516e-07,2.5279867061194552e-12,100000000000.0,0.07922927850757505,0.4,0.999999999999843,0.9999999999999831,2.8834912337287637e-06,1.0556912756748684e-35,1.0,8.07053685043205e-28
0.49458176463637277,3.540640297451269e-06,145810824286.55618,1644439971.5661795,145810824286.55618,1.5441872009851054e-06,0.013095374990863929,1.695961207888078e+39,65624.2504948206,65624250494820.6,539.879176789434,True,100.0,100000000000.0,3.4416913763379853e-15,4.883148688793138e-07,1.2115467635903905e-11,100000000000.0,0.08166339261033641,0.4,0.9999999999992608,0.9999999999999242,1.2719104021995109e-05,1.1215544601198094e-35,1.0,8.065965276499486e-28
0.49458176463637277,3.649417288018049e-06,145810824286.55618,3492429421.2402425,145810824286.55618,1.591628347919973e-06,0.013128217701801913,1.5963660390233707e+39,63668.20986870084,63668209868700.84,523.7871742898463,True,100.0,100000000000.0,7.771561172376096e-16,5.033170767918036e-07,5.920719452720902e-11,100000000000.0,0.08417228855608394,0.4,0.9999999999964372,0.9999999999996464,5.7368797421678037e-05,1.1915267616572031e-35,1.0,8.10647428919834e-28
0.49458176463637277,3.761536169509273e-06,145810824286.55618,7481203690.627044,145810824286.55618,1.6405270010568486e-06,0.013201341030804434,1.502619587461307e+39,61770.472307411226,61770472307411.23,508.17482085912354,True,100.0,100000000000.0,2.220446049250313e-16,5.1878018863451e-07,2.9349365240861016e-10,100000000000.0,0.08675826382299838,0.4,0.9999999999825172,0.9999999999983007,0.0002632469988394114,1.2658645426755646e-35,1.0,8.197030867715329e-28
0.49458176463637277,3.877099612856472e-06,145810824286.55618,16117579775.936625,145810824286.55618,1.690927938493778e-06,0.013318922034660082,1.414378387806165e+39,59929.29999051839,59929299990518.39,493.0278197539444,True,100.0,100000000000.0,0.0,5.347183644853445e-07,1.4670164036579722e-09,100000000000.0,0.08942368647331904,0.4,0.9999999999131488,0.9999999999916696,0.001221856284117786,1.3448401596742515e-35,1.0,8.343698898558617e-28
0.49458176463637277,3.996213443289274e-06,145810824286.55618,34811007275.20393,145810824286.55618,1.7428773140197377e-06,0.013486313284064966,1.331319144636587e+39,58143.00689623575,58143006896235.75,478.3323003693523,True,100.0,100000000000.0,0.0,5.511461994538886e-07,7.345235555823729e-09,100000000000.0,0.09217099732185598,0.4,0.9999999995659173,0.9999999999586634,0.005699721685893192,1.428742961114915e-35,1.0,8.554742818526472e-28
0.49458176463637277,4.1189867372430344e-06,145810824286.55618,75106641622.10014,145810824286.55618,1.7964226993791749e-06,0.013709727791742505,1.253137548025653e+39,56409.95725747797,56409957257477.97,464.0748055369866,True,100.0,100000000000.0,0.0,5.680787370466141e-07,3.657089393111638e-08,100000000000.0,0.0950027121711242,0.4,0.9999999978323106,0.9999999997936787,0.026532437866517575,1.5178803475275924e-35,1.0,8.84052656767695e-28
0.49458176463637277,4.245531922243701e-06,145810824286.55618,161248677223.89975,161248677223.89975,1.8516131278350073e-06,0.01399684194383438,1.4425407820188072e+39,66930.92770954453,66930927709544.52,550.6289806149321,False,100.0,100000000000.0,0.0,5.855314829427141e-07,1.796197670361692e-07,105160634493.45134,0.09792142411514633,0.4,0.9999999892656751,0.9999999989714377,0.10000000000000003,1.3185851523969286e-35,1.0,7.534731755777892e-28
0.49458176463637277,4.37596487986137e-06,145810824286.55618,343036749601.0712,343036749601.0712,1.9084991390699873e-06,0.014357065402272601,6.145166318630461e+39,293882.7556329003,293882755632900.3,2417.721787104037,True,100.0,100000000000.0,0.0,6.035204191931607e-07,8.627936750682383e-07,153382369199.1034,0.10092980591403355,0.4,0.9999999477154182,0.9999999949169639,0.09999999999999999,3.095299229136188e-36,1.0,1.7516609986418835e-28
0.49458176463637277,4.510405051826846e-06,145810824286.55618,719864490524.3896,719864490524.3896,1.9671328254675488e-06,0.014801980168098361,2.5472432057335005e+40,1255603.7136378398,1255603713637839.8,10329.631107117246,True,100.0,100000000000.0,0.0,6.220620188559933e-07,4.0158206064737025e-06,222193061556.65106,0.10403061244151983,0.4,0.9999997516701369,0.9999999752981418,0.09999999999999999,7.46733901425531e-37,1.0,4.2280307144544455e-29
0.49458176463637277,4.648975549408345e-06,145810824286.55618,1483019558297.8943,1483019558297.8943,2.0275678798145043e-06,0.015345944757879853,1.0176050019746265e+41,5170149.831615608,5170149831615608.0,42533.914123574876,True,100.0,100000000000.0,0.0,6.411732610812372e-07,1.7934894527719233e-05,318917651102.926,0.10722668320768988,0.4,0.9999988603347126,0.9999998829497395,0.09999999999999999,1.8692054905450257e-37,1.0,1.070763364806225e-29
0.49458176463637277,4.791803266148512e-06,145810824286.55618,2984344036319.036,2984344036319.036,2.0898596444692916e-06,0.016006883272193875,3.878821696627196e+41,20312595.935318466,2.0312595935318468e+16,167108.15726393185,False,100.0,100000000000.0,0.0,6.608716466592673e-07,7.607172029296954e-05,452407255281.8715,0.11052094495921158,0.4,0.9999949938587831,0.999999463918981,0.10000000000000002,4.903841954248691e-38,1.0,2.8768404810468736e-30
0.49458176463637277,4.939018994064992e-06,145810824286.55618,5835787193290.34,5835787193290.34,2.1540651620407816e-06,0.016807787405908256,1.396103129296605e+42,75357213.4737213,7.53572134737213e+16,619950.5528607793,True,100.0,100000000000.0,0.0,6.811752140468544e-07,0.00030320667062341946,632637367919.841,0.11391641435945368,0.4,0.9999791551948961,0.9999976482351386,0.09999999999999999,1.362444376050779e-38,1.0,8.295110950338306e-31
0.49458176463637277,5.090757543420965e-06,145810824286.55618,11030453443211.076,11030453443211.076,2.2202432276240635e-06,0.017777544031015304,4.69485198630908e+42,261198664.70303285,2.6119866470303286e+17,2148835.5145405047,True,100.0,100000000000.0,0.0,7.021025558855714e-07,0.001123426485348627,869764745796.5637,0.11741620075094333,0.4,0.9999185230994799,0.9999902066664472,0.1,4.0514863140391026e-39,1.0,2.597507403653372e-31
0.49458176463637277,5.2471578661753246e-06,145810824286.55618,20045348225671.15,20045348225671.15,2.2884544426410408e-06,0.018953808481299232,1.4594154822022898e+43,836892573.1203978,8.368925731203978e+17,6884968.133435545,True,100.0,100000000000.0,0.0,7.236728360276843e-07,0.0038275316218659584,1172497485570.438,0.12102350900269279,0.4,0.9997038870556062,0.9999616324653902,0.09999999999999998,1.3033388230380587e-39,1.0,8.940581483066115e-32
0.49458176463637277,5.40836318322553e-06,145810824286.55618,34839754448524.78,34839754448524.78,2.358761270335135e-06,0.020386018912169884,4.1497169565629515e+43,2452736856.766521,2.452736856766521e+18,20178235.105583787,False,100.0,100000000000.0,0.0,7.459058070851185e-07,0.011863084173457054,1545762119189.1357,0.12474164244500298,0.4,0.999008508917051,0.9998597954409562,0.1,4.583717098798225e-40,1.0,3.423849565229829e-32
0.5523131790623719,3.1074237186754287e-06,145810824286.55618,1368799211.8326185,145810824286.55618,1.010917951585419e-06,402.551472027012,2.201803600111565e+39,62285.97773925715,62285977739257.15,512.4157934580779,True,100.0,100000000000.0,9.94533355669347e-09,3.1968032545617497e-07,2.1678863550363056e-12,100000000000.0,0.05346177557001615,0.45,0.9999999999997287,0.9999999999999303,8.812516897724006e-06,4.806758325545669e-36,1.0,7.621901079304425e-19
0.5523131790623719,3.20289125339695e-06,145810824286.55618,2001489864.299966,145810824286.55618,1.0419757838545015e-06,393.4690703698019,2.0725028824182016e+39,60429.43992012891,60429439920128.914,497.1423830661603,True,100.0,100000000000.0,3.848287022378827e-09,3.295016743719526e-07,5.142327003771085e-12,100000000000.0,0.05510424997247076,0.45,0.9999999999993824,0.9999999999998491,1.8842011308601604e-05,5.1066456292228615e-36,1.0,7.281848988568467e-19
0.5523131790623719,3.301291780529847e-06,145810824286.55618,2970513375.0534964,145810824286.55618,1.0739877874722495e-06,384.8607475805218,1.95079533770138e+39,58628.239318123335,58628239318123.336,482.3242222352011,True,100.0,100000000000.0,1.4489544009066435e-09,3.39624758761716e-07,1.2544063420814618e-11,100000000000.0,0.05679718514121969,0.45,0.9999999999985512,0.9999999999996628,4.15033826227327e-05,5.425242505717316e-36,1.0,6.96670960439645e-19
0.5523131790623719,3.4027154086593106e-06,145810824286.55618,4473886456.049094,145810824286.55618,1.106983276878729e-06,376.72923119637306,1.8362350575633704e+39,56880.72651486208,56880726514862.08,467.94774149005116,True,100.0,100000000000.0,5.304158223751188e-10,3.5005884866535926e-07,3.1453737648166305e-11,100000000000.0,0.05854213135243849,0.45,0.999999999996499,0.9999999999992178,9.41435098222779e-05,5.763716220567499e-36,1.0,6.675427883294973e-19
0.5523131790623719,3.507255014723112e-06,145810824286.55618,6835567111.581256,145810824286.55618,1.1409924671241497e-06,369.0787406363236,1.7284023195368585e+39,55185.301255642386,55185301255642.38,453.9997758164808,True,100.0,100000000000.0,1.8861545658666046e-10,3.6081349892071025e-07,8.101059522998583e-11,100000000000.0,0.06034068651051754,0.45,0.9999999999912917,0.9999999999981325,0.0002197705894170452,6.12330686346721e-36,1.0,6.407056147846681e-19
0.5523131790623719,3.6150063290620626e-06,145810824286.55618,10590230761.200975,145810824286.55618,1.1760465015377764e-06,361.9163989540028,1.6269020493185407e+39,53540.41098403137,53540410984031.37,440.4675526055446,True,100.0,100000000000.0,6.509537353593942e-11,3.718985579132088e-07,2.140992204508918e-10,100000000000.0,0.06219449761131546,0.45,0.9999999999777213,0.9999999999954052,0.0005275107528808032,6.50533189166847e-36,1.0,6.160798348285769e-19
0.5523131790623719,3.7260680230834246e-06,145810824286.55618,16627279014.222105,145810824286.55618,1.212177480246898e-06,355.2495742099418,1.5313623733079133e+39,51944.54942013922,51944549420139.22,427.3386799572849,True,100.0,100000000000.0,2.178390801077512e-11,3.833241765943963e-07,5.798770558295527e-10,100000000000.0,0.06410526225036725,0.45,0.9999999999414443,0.9999999999883578,0.001300357715611647,6.911190956841307e-36,1.0,5.93591402374118e-19
0.5523131790623719,3.840541799617542e-06,145810824286.55618,26436136829.936775,145810824286.55618,1.249418489571962e-06,349.0894505964632,1.4414332561481035e+39,50396.255181269444,50396255181269.445,414.6011353330639,True,100.0,100000000000.0,7.061906615035696e-12,3.9510081777747347e-07,1.6069712555405425e-09,100000000000.0,0.06607473017742801,0.45,0.9999999998421151,0.9999999999696733,0.0032871267601725495,7.342371033074917e-36,1.0,5.731838157492967e-19
0.5523131790623719,3.95853248605046e-06,145810824286.55618,42524439545.05908,145810824286.55618,1.2878036323248041e-06,343.4482768532512,1.3567852182769736e+39,48894.11044368279,48894110443682.79,402.24325454613023,True,100.0,100000000000.0,2.2155610679419624e-12,4.0723926571844214e-07,4.547616398210259e-09,100000000000.0,0.06810470489877618,0.45,0.9999999995640517,0.9999999999188875,0.008505457264486314,7.800451864808106e-36,1.0,5.54808560390877e-19
0.5523131790623719,4.080148130317791e-06,145810824286.55618,69129992625.79141,145810824286.55618,1.3273680590377072e-06,338.3434072175451,1.2771081287899403e+39,47436.739644249734,47436739644249.734,390.25372108034264,True,100.0,100000000000.0,6.720179968056073e-13,4.197506359916004e-07,1.3111508026709009e-08,100000000000.0,0.07019704532874317,0.45,0.9999999987699375,0.9999999997776434,0.02247778386446727,8.287111754648836e-36,1.0,5.384382533362604e-19
0.5523131790623719,4.205500099847746e-06,145810824286.55618,113428032898.1493,145810824286.55618,1.368148000151897e-06,333.7933466869169,1.2021100691917997e+39,46022.80822080221,46022808220802.21,378.6215557272647,True,100.0,100000000000.0,1.9684254226604025e-13,4.3264638566843887e-07,3.8408699028219475e-08,100000000000.0,0.07235366749198217,0.45,0.9999999964622401,0.9999999993765813,0.06051475380885246,8.804133712288257e-36,1.0,5.240537361892757e-19
0.5523131790623719,4.3347031835439455e-06,145810824286.55618,187563776567.41373,187563776567.41373,1.4101807991949436e-06,329.8212786814782,1.8723162548046886e+39,73883.89881018111,73883898810181.11,607.8298520267689,True,100.0,100000000000.0,5.562217353372034e-14,4.4593832380925616e-07,1.1395802396497834e-07,113417377680.82135,0.07457654627803474,0.45,0.9999999896586855,0.9999999982168599,0.09999999999999999,5.65264428960305e-36,1.0,3.0921418232081377e-19
0.5523131790623719,4.467875696901368e-06,145810824286.55618,312037224396.1976,312037224396.1976,1.4535049469774526e-06,326.45500247005634,4.877650164280341e+39,198391.4551171762,198391455117176.2,1632.1316382755867,True,100.0,100000000000.0,1.5210055437364645e-14,4.596386222771023e-07,3.412202088441989e-07,146287871363.1342,0.07686771724980178,0.45,0.9999999693785852,0.999999994811954,0.1,2.1698025544261657e-36,1.0,1.0945455599869593e-19
0.5523131790623719,4.605139590351726e-06,145810824286.55618,521253187836.27246,521253187836.27246,1.4981601168403588e-06,323.7274313113877,1.2811850137759835e+40,537113.2689378618,537113268937861.75,4418.736477603521,True,100.0,100000000000.0,3.9968028886505635e-15,4.737598268839516e-07,1.0269132387694054e-06,189072984459.13797,0.07922927850757505,0.45,0.9999999084947933,0.9999999846964392,0.1,8.260741167163883e-37,1.0,3.857105825076772e-20
0.5523131790623719,4.746620560937468e-06,145810824286.55618,872431363128.1017,872431363128.1017,1.5441872009851054e-06,321.67749866809265,3.378263392364033e+40,1459786.206240504,1459786206240504.0,12009.404593137348,True,100.0,100000000000.0,9.992007221626409e-16,4.883148688793138e-07,3.092217369737742e-06,244608053842.33316,0.08166339261033641,0.45,0.9999997252000863,0.9999999544039467,0.1,3.1328338133654427e-37,1.0,1.3594987943721975e-20
0.5523131790623719,4.892448167416684e-06,145810824286.55618,1459511746699.026,1459511746699.026,1.591628347919973e-06,320.35130128322027,8.899440891211402e+40,3963694.63208888,3963694632088880.0,32608.619205269802,True,100.0,100000000000.0,2.220446049250313e-16,5.033170767918036e-07,9.269637726810705e-06,316379922118.3721,0.08417228855608394,0.45,0.9999991744802135,0.9999998633523678,0.1,1.1892362582580227e-37,1.0,4.817678287242882e-21
0.5523131790623719,5.042755948904301e-06,145810824286.55618,2434053745322.6543,2434053745322.6543,1.6405270010568486e-06,319.80394705951875,2.329831035486559e+41,10695561.984146144,1.0695561984146144e+16,87990.50893170848,False,100.0,100000000000.0,1.1102230246251565e-16,5.1878018863451e-07,2.7512103925717418e-05,408573503989.7543,0.08675826382299838,0.45,0.999997531779944,0.9999995899531949,0.10000000000000002,4.5426203123105194e-38,1.0,1.7262643912848745e-21
0.5523131790623719,5.1976815471582125e-06,145810824286.55618,4035088827846.191,4035088827846.191,1.690927938493778e-06,320.1013802333699,6.026801175130396e+41,28517257.960622378,2.8517257960622376e+16,234606.4699556129,False,100.0,100000000000.0,0.0,5.347183644853445e-07,8.036428672545499e-05,526055623188.4093,0.08942368647331904,0.45,0.999992695064568,0.9999987740622177,0.10000000000000002,1.756078801757336e-38,1.0,6.293161748152375e-22
0.5523131790623719,5.357366832622356e-06,145810824286.55618,6628839150986.998,6628839150986.998,1.7428773140197377e-06,321.31944777091735,1.5309894311691835e+42,74668050.01013854,7.466805001013854e+16,614280.9261513394,True,100.0,100000000000.0,0.0,5.511461994538886e-07,0.00022956164840868808,674254506691.9636,0.09217099732185598,0.45,0.9999787236705964,0.9999963675545975,0.09999999999999999,6.912874491870445e-39,1.0,2.3496277452583834e-22
0.5523131790623719,5.521958034342124e-06,145810824286.55618,10756214661956.453,10756214661956.453,1.7964226993791749e-06,323.5516837543647,3.794309194064065e+42,190737924.3859438,1.907379243859438e+17,1569167.3858909216,True,100.0,100000000000.0,0.0,5.680787370466141e-07,0.00063690703965558,858884663433.4807,0.0950027121711242,0.45,0.9999393877589237,0.9999893932566291,0.1,2.7893187520431668e-39,1.0,9.048329488317422e-23
0.5523131790623719,5.691605873871089e-06,145810824286.55618,17179943583853.293,17179943583853.293,1.8516131278350073e-06,326.9088222813976,9.111163264104481e+42,472084650.8076323,4.720846508076323e+17,3883757.463608175,True,100.0,100000000000.0,0.0,5.855314829427141e-07,0.0017040558343764506,1085465398924.4492,0.09792142411514633,0.45,0.9998321824765852,0.9999696565423634,0.1,1.1616011566546027e-39,1.0,3.620844010414681e-23
0.5523131790623719,5.866465703291656e-06,145810824286.55618,26913412790131.797,26913412790131.797,1.9084991390699873e-06,331.5239642963383,2.1046722405633696e+43,1124015348.0178263,1.1240153480178264e+18,9247076.746948106,True,100.0,100000000000.0,0.0,6.035204191931607e-07,0.004364041670549207,1358593410160.529,0.10092980591403355,0.45,0.9995513664139877,0.9999154681246288,0.1,5.028591902376084e-40,1.0,1.517372849318253e-23
0.6088893457668589,3.94034757841439e-06,145810824286.55618,187289588655.37518,187289588655.37518,9.80785849990888e-07,305517.59257561236,2.259218347044426e+39,68356.71227868753,68356712278687.52,562.3586597147148,True,100.0,100000000000.0,7.987429606615137e-09,3.1015171828354406e-07,3.5054076295086944e-08,113334448429.23111,0.05186825786625657,0.5,0.9999999939936879,0.999999997983881,0.09999999999999999,2.7423388200477325e-36,0.9999999999999389,2.6610018397445783e-13
0.6088893457668589,4.061404538556759e-06,145810824286.55618,247888081403.87567,247888081403.87567,1.010917951585419e-06,298019.75111488346,3.7252789011246194e+39,116177.88609500021,116177886095000.22,955.7750531726941,True,100.0,100000000000.0,3.2575302455484234e-09,3.1968032545617497e-07,6.79719649350148e-08,130386593950.0745,0.05346177557001615,0.5,0.999999988787082,0.9999999963575626,0.1,1.66310827739465e-36,0.9999999999999342,1.4453692238332505e-13
0.6088893457668589,4.186180659840949e-06,145810824286.55618,331339292680.4443,331339292680.4443,1.0419757838545015e-06,290852.87806590315,6.264839479198753e+39,201380.0026484349,201380002648434.9,1656.7178936431721,True,100.0,100000000000.0,1.2948229155540503e-09,3.295016743719526e-07,1.341388181251927e-07,150744538959.92166,0.05510424997247076,0.5,0.9999999786442405,0.9999999932797308,0.09999999999999999,9.889386945404041e-37,0.9999999999999287,7.705500440537782e-14
0.6088893457668589,4.314790203847479e-06,145810824286.55618,447104985220.8471,447104985220.8471,1.0739877874722495e-06,284014.9948528279,1.0737412962190807e+40,355752.3421773499,355752342177349.9,2926.7120033741085,True,100.0,100000000000.0,5.012219528310879e-10,3.39624758761716e-07,2.6919257287807194e-07,175109566782.23566,0.05679718514121969,0.5,0.9999999585330357,0.9999999873435091,0.09999999999999999,5.770051126728661e-37,0.9999999999999225,4.0351855971465696e-14
0.6088893457668589,4.447350942547602e-06,145810824286.55618,608785670936.2928,608785670936.2928,1.106983276878729e-06,277505.63798919454,1.8738121097871332e+40,639905.5399051476,639905539905147.6,5264.39042735057,True,100.0,100000000000.0,1.8879653396197682e-10,3.5005884866535926e-07,5.487970810805045e-07,204332443430.22195,0.05854213135243849,0.5,0.9999999179840308,0.9999999756832182,0.1,3.3063838918021615e-37,0.9999999999999153,2.0778528018387323e-14
0.6088893457668589,4.583984266150937e-06,145810824286.55618,835964064797.3121,835964064797.3121,1.1409924671241497e-06,271325.1583595642,3.325745264957434e+40,1170632.3655312054,1170632365531205.5,9630.586758106072,True,100.0,100000000000.0,6.914135930458087e-11,3.6081349892071025e-07,1.135151535906725e-06,239441222929.57758,0.06034068651051754,0.5,0.9999998349457568,0.9999999523775589,0.1,1.8629034043421531e-37,0.999999999999907,1.0534281324326823e-14
0.6088893457668589,4.7248152942664756e-06,145810824286.55618,1156846453811.4065,1156846453811.4065,1.1760465015377764e-06,265474.7864026238,5.994897588491625e+40,2174978.8161679697,2174978816167969.5,17893.168515500183,True,100.0,100000000000.0,2.4597213155175268e-11,3.718985579132088e-07,2.3786521314717117e-06,281671545865.1726,0.06219449761131546,0.5,0.9999996624737814,0.9999999050310922,0.09999999999999998,1.0334692268901395e-37,0.9999999999998971,5.266172984570978e-15
0.6088893457668589,4.869972990478704e-06,145810824286.55618,1612011146522.2485,1612011146522.2485,1.212177480246898e-06,259956.7194044665,1.0956780864005818e+41,4097301.813615699,4097301813615699.0,33707.782009141345,True,100.0,100000000000.0,8.49287307147506e-12,3.833241765943963e-07,5.040399376113197e-06,332498076838.14294,0.06410526225036725,0.5,0.9999992997529314,0.99999980739646,0.09999999999999999,5.654527778699134e-38,0.9999999999998856,2.6005548266581544e-15
0.6088893457668589,5.019590280443772e-06,145810824286.55618,2259657675040.9424,2259657675040.9424,1.249418489571962e-06,254774.72202220967,2.0265100539497724e+41,7810978.815625348,7810978815625348.0,64259.550106897565,False,100.0,100000000000.0,2.8433921883674884e-12,3.9510081777747347e-07,1.0778293504161843e-05,393664672557.7193,0.06607473017742801,0.5,0.9999985288678772,0.9999996033574886,0.10000000000000003,3.057247194006548e-38,0.9999999999998721,1.2712394763147221e-15
0.6088893457668589,5.173804173613884e-06,145810824286.55618,3182826166105.859,3182826166105.859,1.2878036323248041e-06,249933.4552332517,3.78447696238838e+41,15035029.34977949,1.503502934977949e+16,123690.5443819823,True,100.0,100000000000.0,9.222622665561175e-13,4.0723926571844214e-07,2.3203055683714592e-05,467209405776.01514,0.06810470489877618,0.5,0.9999968769449114,0.9999991720393129,0.09999999999999998,1.6370933784609432e-38,0.9999999999998559,6.166275818209637e-16
0.6088893457668589,5.332755888701321e-06,145810824286.55618,4499088013599.045,4499088013599.045,1.3273680590377072e-06,245438.61478124256,7.11779655201958e+41,29146452.42189843,2.9146452421898428e+16,239782.74222132046,False,100.0,100000000000.0,2.894351425197783e-13,4.197506359916004e-07,5.014968371597997e-05,555478638081.6759,0.07019704532874317,0.5,0.9999933168847737,0.9999982517722606,0.10000000000000003,8.70429792532648e-39,0.9999999999998366,2.976026568511162e-16
0.6088893457668589,5.496590982997056e-06,145810824286.55618,6373132285564.911,6373132285564.911,1.368148000151897e-06,241298.75446367334,1.3443706549578827e+42,56741507.86784394,5.6741507867843944e+16,466802.4141456753,True,100.0,100000000000.0,8.781864124784988e-14,4.3264638566843887e-07,0.00010849016905026107,661121961484.5082,0.07235366749198217,0.5,0.9999856231693696,0.9999962748653247,0.1,4.608507447864591e-39,0.9999999999998134,1.4335217746726738e-16
0.6088893457668589,5.665459485662328e-06,145810824286.55618,9032381426109.307,9032381426109.307,1.4101807991949436e-06,237522.8327501016,2.541758365641507e+42,110575223.88266379,1.1057522388266379e+17,909682.9356975515,True,100.0,100000000000.0,2.5757174171303632e-14,4.4593832380925616e-07,0.0002341171910293005,787057119832.4135,0.07457654627803474,0.5,0.9999690033465508,0.9999920109852787,0.09999999999999998,2.4375024234454815e-39,0.9999999999997852,6.915223008404301e-17
0.6088893457668589,5.839516035115261e-06,145810824286.55618,12785112553386.941,12785112553386.941,1.4535049469774526e-06,234122.39880819534,4.793529458834574e+42,214941702.0399231,2.149417020399231e+17,1768287.6113639146,True,100.0,100000000000.0,7.327471962526033e-15,4.596386222771023e-07,0.0005020736317162081,936391354498.3505,0.07686771724980178,0.5,0.999933244474173,0.9999828059716852,0.09999999999999998,1.2924802547412089e-39,0.9999999999997506,3.353334052174139e-17
0.6088893457668589,6.01892002063832e-06,145810824286.55618,18039346973975.05,18039346973975.05,1.4981601168403588e-06,231111.98731750678,8.982650018574979e+42,415156153.0996365,4.151561530996365e+17,3415416.7169069583,False,100.0,100000000000.0,1.9984014443252818e-15,4.737598268839516e-07,0.00106564655589136,1112283573392.5818,0.07922927850757505,0.5,0.9998569099313606,0.9999629832083841,0.10000000000000003,6.89723206765532e-40,0.999999999999708,1.6413580146130102e-17
0.6088893457668589,6.2038357283362964e-06,145810824286.55618,25318824084053.492,25318824084053.492,1.5441872009851054e-06,228508.15112580205,1.665583782019516e+43,793442027.1906024,7.934420271906024e+17,6527508.127557369,True,100.0,100000000000.0,5.551115123125783e-16,4.883148688793138e-07,0.002228666448382544,1317731364537.5068,0.08166339261033641,0.5,0.9996959147735316,0.9999205590559164,0.1,3.719742136629069e-40,0.999999999999655,8.14547340893507e-18
0.6088893457668589,6.394432491578491e-06,145810824286.55618,35269645297147.22,35269645297147.22,1.591628347919973e-06,226330.53875858107,3.0422729126381106e+43,1493786756.8963869,1.4937867568963868e+18,12289121.148527708,True,100.0,100000000000.0,1.1102230246251565e-16,5.033170767918036e-07,0.004570867874385051,1555269529483.7751,0.08417228855608394,0.5,0.9993619476317867,0.9998306844773805,0.1,2.0364846790459464e-40,0.9999999999995887,4.1179790265818956e-18
0.6641628517547797,4.897026035841621e-06,145810824286.55618,4119815404583.572,4119815404583.572,9.515518861186907e-07,26779123.14129953,7.077676171667515e+41,22662516.70502872,2.266251670502872e+16,186440.54248898968,True,100.0,100000000000.0,8.905733039910047e-09,3.0090712719642214e-07,1.4070431106722822e-05,531549845230.3762,0.050322237624845,0.55,0.9999966200971685,0.9999985628127874,0.1,5.334693034054248e-39,0.9999999995631889,4.225101926287837e-12
0.6641628517547797,5.0474744604639924e-06,145810824286.55618,5046594002973.387,5046594002973.387,9.80785849990888e-07,26082727.16596631,9.996511599192474e+41,32991923.78494737,3.299192378494737e+16,271418.759367361,False,100.0,100000000000.0,3.832974937445499e-09,3.1015171828354406e-07,2.3327323835879125e-05,588307386339.2498,0.05186825786625657,0.55,0.9999945894875408,0.9999977533308662,0.10000000000000002,3.777040560162656e-39,0.9999999995363065,2.6712175692584653e-12
0.6641628517547797,5.20254502274822e-06,145810824286.55618,6220830194759.741,6220830194759.741,1.010917951585419e-06,25413550.008189186,1.4297661118170986e+42,48636899.57540725,4.863689957540725e+16,400127.2259320304,True,100.0,100000000000.0,1.6105019540191279e-09,3.1968032545617497e-07,3.9064953103931055e-05,653174604394.2122,0.05346177557001615,0.55,0.9999912255755347,0.9999964380386849,0.09999999999999999,2.640797642231185e-39,0.9999999995060079,1.6689140759643174e-12
0.6641628517547797,5.362379725886551e-06,145810824286.55618,7713384067747.073,7713384067747.073,1.0419757838545015e-06,24771295.65793143,2.0690680957418746e+42,72546653.62569,7.254665362569e+16,596828.5708856506,True,100.0,100000000000.0,6.601227342528659e-10,3.295016743719526e-07,6.601883838695901e-05,727323459345.6616,0.05510424997247076,0.55,0.9999855953079756,0.9999942756979708,0.1,1.8248422972637052e-39,0.9999999994717386,1.0313534669520093e-12
0.6641628517547797,5.527124935751033e-06,145810824286.55618,9615396574385.658,9615396574385.658,1.0739877874722495e-06,24155669.079366975,3.026466273977822e+42,109375526.37577339,1.0937552637577339e+17,899813.2351290482,True,100.0,100000000000.0,2.637520202242172e-10,3.39624758761716e-07,0.00011246501494534326,812061120218.1118,0.05679718514121969,0.55,0.9999760844210259,0.9999906817958613,0.09999999999999998,1.2475681653858442e-39,0.9999999994328334,6.311080808587183e-13
0.6641628517547797,5.696931514925542e-06,145810824286.55618,12043505691350.746,12043505691350.746,1.106983276878729e-06,23566469.842331167,4.4691388426125426e+42,166475328.93732423,1.6647532893732422e+17,1369563.2767573684,True,100.0,100000000000.0,1.0264400440718191e-10,3.5005884866535926e-07,0.00019286715067942062,908827748556.7957,0.05854213135243849,0.55,0.9999598894838756,0.9999846488775804,0.1,8.448435168376764e-40,0.999999999388491,3.8289810714973025e-13
0.6641628517547797,5.871954960855575e-06,145810824286.55618,15145933519918.504,15145933519918.504,1.1409924671241497e-06,23003511.36992594,6.653139979132489e+42,255443239.14626524,2.5544323914626525e+17,2101486.639875554,True,100.0,100000000000.0,3.887645760869418e-11,3.6081349892071025e-07,0.0003324437737906642,1019185275343.8312,0.06034068651051754,0.55,0.9999321323803141,0.9999744322783921,0.09999999999999999,5.675099259704684e-40,0.9999999993377415,2.30672687447199e-13
0.6641628517547797,6.052355548242364e-06,145810824286.55618,19109269021769.926,19109269021769.926,1.1760465015377764e-06,22466707.880070638,9.968717369531225e+42,394501584.6358816,3.945015846358816e+17,3245495.211745797,False,100.0,100000000000.0,1.4318435326288181e-11,3.718985579132088e-07,0.0005749436775107031,1144793499524.806,0.06219449761131546,0.55,0.9998843263654281,0.9999570015252248,0.10000000000000002,3.787571496980052e-40,0.9999999992794041,1.3822631428250427e-13
0.6641628517547797,6.238298475811674e-06,145810824286.55618,24165508100792.45,24165508100792.45,1.212177480246898e-06,21956042.135688327,1.5005814100393135e+43,612083606.4603338,6.120836064603338e+17,5035504.269998387,True,100.0,100000000000.0,5.1236792586450974e-12,3.833241765943963e-07,0.0009956413376609845,1287369106401.383,0.06410526225036725,0.55,0.9998017447509945,0.9999270871545867,0.09999999999999999,2.5161733657154414e-40,0.9999999992120333,8.2549842528937e-14
0.6641628517547797,6.429954017591674e-06,145810824286.55618,30598510743021.996,30598510743021.996,1.249418489571962e-06,21471523.297294956,2.2645652808018026e+43,952089438.9045401,9.5208943890454e+17,7832672.504903744,False,100.0,100000000000.0,1.7797985307765884e-12,3.9510081777747347e-07,0.0017225255435497934,1448622619496.1294,0.06607473017742801,0.55,0.9996589691498705,0.9998755374072763,0.10000000000000002,1.6673058661801052e-40,0.9999999991338502,4.9240803849710083e-14
0.6641628517547797,6.627497678838454e-06,145810824286.55618,38748467038278.79,38748467038278.79,1.2878036323248041e-06,21013284.01671999,3.4182976997189773e+43,1481305048.5791664,1.4813050485791665e+18,12186436.32759008,False,100.0,100000000000.0,5.99631455600047e-13,4.0723926571844214e-07,0.002969725982159663,1630168062155.461,0.06810470489877618,0.55,0.999412496979129,0.9997865172467088,0.10000000000000003,1.1045623607736243e-40,0.9999999990426525,2.940890196611837e-14
0.7179427725842294,6.172506377116976e-06,145810824286.55618,34551525072231.53,34551525072231.53,9.515518861186907e-07,579614216.3540827,3.133367600104202e+43,1084536179.5947108,1.0845361795947109e+18,8922288.565934364,True,100.0,100000000000.0,5.856799822900882e-09,3.0090712719642214e-07,0.0008631385541308028,1539354792757.4233,0.050322237624845,0.6,0.9997084024760214,0.999851658725318,0.1,7.584562001069391e-41,0.9999997852491991,2.8141264944924e-11
0.7179427725842294,6.36214062729494e-06,145810824286.55618,40006534893156.086,40006534893156.086,9.80785849990888e-07,564054623.1346662,3.9541700801144836e+43,1410684059.1471918,1.4106840591471918e+18,11605449.857632622,False,100.0,100000000000.0,2.6051701906837366e-09,3.1015171828354406e-07,0.0012732351500503807,1656420459355.632,0.05186825786625657,0.6,0.999582170100628,0.9997907003199573,0.10000000000000002,6.010166571905338e-41,0.9999997742303502,1.9878355440464684e-11
0.7179427725842294,6.557600897997382e-06,145810824286.55618,46480166778908.53,46480166778908.53,1.010917951585419e-06,549063958.8875408,5.02395096948719e+43,1847402481.4162738,1.847402481416274e+18,15198255.573897846,True,100.0,100000000000.0,1.1324274851176597e-09,3.1968032545617497e-07,0.0018850097130405556,1785414083937.175,0.05346177557001615,0.6,0.9993968283305847,0.9997020998073766,0.1,4.730384707070123e-41,0.9999997619403019,1.3954379147903143e-11
0.7179427725842294,6.75906617859526e-06,145810824286.55618,54157967610378.625,54157967610378.625,1.0419757838545015e-06,534632959.63209593,6.420240826967056e+43,2433375697.950159,2.433375697950159e+18,20018954.25430318,True,100.0,100000000000.0,4.80702144756151e-10,3.295016743719526e-07,0.0027977654445914095,1927242199523.8264,0.05510424997247076,0.6,0.9991235736711795,0.99957256699803,0.1,3.701608938921859e-41,0.9999997481929602,9.745109913889055e-12
