barrier_max_J,chirp_margin,compliance,compliance_identity_relerr,compliance_pass,coupling_pass,gate_energy_J,ghat,lambda,lambda_pass,radiation_threshold_pass,sigma,sigma_energy,threshold_Hz,total_control_inventory_J
8.535191448910792e-13,1.3856226489127275,87.77927622237702,1.5216991488996325e-10,True,True,1.137819047229958e+16,1e-10,3.75e-24,True,False,80.0,98.65809608852153,6183868704.255293,1.137819047229958e+16
9.576642316678238e-13,1.3856226489127275,87.77927622237702,1.5216991488996325e-10,True,True,1.014082293270143e+16,1.0592537251772898e-10,4.20756920363237e-24,True,False,80.0,98.65809608852153,6183868704.255293,1.014082293270143e+16
1.0745169409562106e-12,1.3856226489127275,87.77927622237702,1.5216991488996325e-10,True,True,9038017952218336.0,1.1220184543019652e-10,4.7209702942281415e-24,True,False,80.0,98.65809608852153,6183868704.255293,9038017952218336.0
1.205627837212954e-12,1.3856226489127275,87.77927622237702,1.5216991488996325e-10,True,True,8055141978784278.0,1.1885022274370164e-10,5.297015792335311e-24,True,False,80.0,98.65809608852153,6183868704.255293,8055141978784278.0
1.3527366823730999e-12,1.3856226489127275,87.77927622237702,1.5216991488996325e-10,True,True,7179152845391995.0,1.2589254117941662e-10,5.943349471729166e-24,True,False,80.0,98.65809608852153,6183868704.255293,7179152845391995.0
1.517795521433834e-12,1.3856226489127275,87.77927622237702,1.5216991488996325e-10,True,True,6398426708461151.0,1.333521432163324e-10,6.66854778764596e-24,True,False,80.0,98.65809608852153,6183868704.255293,6398426708461151.0
1.702994584905636e-12,1.3856226489127275,87.77927622237702,1.5216991488996325e-10,True,True,5702603806496004.0,1.4125375446227556e-10,7.482233681133311e-24,True,False,80.0,98.65809608852153,6183868704.255293,5702603806496004.0
1.910791351840439e-12,1.3856226489127275,87.77927622237702,1.5216991488996325e-10,True,True,5082450992344624.0,1.496235656094436e-10,8.395204269631302e-24,True,False,80.0,98.65809608852153,6183868704.255293,5082450992344624.0
2.143943159085554e-12,1.3856226489127275,87.77927622237702,1.5216991488996325e-10,True,True,4529739214945963.0,1.584893192461111e-10,9.419574118160893e-24,True,False,80.0,98.65809608852153,6183868704.255293,4529739214945963.0
2.405543789468446e-12,1.3856226489127275,87.77927622237702,1.5216991488996325e-10,True,True,4037134324821799.0,1.6788040181225588e-10,1.0568935992241682e-23,True,False,80.0,98.65809608852153,6183868704.255293,4037134324821799.0
2.699064524415078e-12,1.3856226489127275,87.77927622237702,1.5216991488996325e-10,True,True,3598099754369366.5,1.778279410038923e-10,1.1858541225631422e-23,True,False,80.0,98.65809608852153,6183868704.255293,3598099754369366.5
3.028400205745475e-12,1.3856226489127275,87.77927622237702,1.5216991488996325e-10,True,True,3206809781580492.5,1.8836490894898022e-10,1.3305502096259103e-23,True,False,80.0,98.65809608852153,6183868704.255293,3206809781580492.5
3.3979209178582913e-12,1.3856226489127275,87.77927622237702,1.5216991488996325e-10,True,True,2858072226250081.0,1.9952623149688828e-10,1.4929018895756195e-23,True,False,80.0,98.65809608852153,6183868704.255293,2858072226250081.0
3.812529976095644e-12,1.3856226489127275,87.77927622237702,1.5216991488996325e-10,True,True,2547259552899404.0,2.1134890398366433e-10,1.675063470566106e-23,True,False,80.0,98.65809608852153,6183868704.255293,2547259552899404.0
4.277728990758743e-12,1.3856226489127275,87.77927622237702,1.5216991488996325e-10,True,True,2270247466191735.5,2.2387211385683377e-10,1.8794521261022678e-23,True,False,80.0,98.65809608852153,6183868704.255293,2270247466191735.5
4.799690870133831e-12,1.3856226489127275,87.77927622237702,1.5216991488996325e-10,True,True,2023360184039140.0,2.371373705661655e-10,2.108779969463809e-23,True,False,80.0,98.65809608852153,6183868704.255293,2023360184039140.0
5.385341731234815e-12,1.3856226489127275,87.77927622237702,1.5216991488996325e-10,True,True,1803321662207348.0,2.511886431509582e-10,2.3660900418007284e-23,True,False,80.0,98.65809608852153,6183868704.255293,1803321662207348.0
6.042452805167957e-12,1.3856226489127275,87.77927622237702,1.5216991488996325e-10,True,True,1607212123199201.8,2.660725059798814e-10,2.6547966914405256e-23,True,False,80.0,98.65809608852153,6183868704.255293,1607212123199201.8
6.779743556647072e-12,1.3856226489127275,87.77927622237702,1.5216991488996325e-10,True,True,1432429312581226.8,2.8183829312644494e-10,2.9787308802160467e-23,True,False,80.0,98.65809608852153,6183868704.255293,1432429312581226.8
7.606997385992852e-12,1.3856226489127275,87.77927622237702,1.5216991488996325e-10,True,True,1276653968648292.8,2.985382618917957e-10,3.34219101800154e-23,True,False,80.0,98.65809608852153,6183868704.255293,1276653968648292.8
8.535191448910792e-12,1.3856226489127275,87.77927622237702,1.5216991488996325e-10,True,True,1137819047229958.0,3.1622776601683795e-10,3.7500000000000005e-23,True,False,80.0,98.65809608852153,6183868704.255293,1137819047229958.0
9.576642316678239e-12,1.3856226489127275,87.77927622237702,1.5216991488996325e-10,True,True,1014082293270143.1,3.349654391578279e-10,4.2075692036323695e-23,True,False,80.0,98.65809608852153,6183868704.255293,1014082293270143.1
1.0745169409562111e-11,1.3856226489127275,87.77927622237702,1.5216991488996325e-10,True,True,903801795221833.8,3.5481338923357605e-10,4.720970294228143e-23,True,False,80.0,98.65809608852153,6183868704.255293,903801795221833.8
1.2056278372129539e-11,1.3856226489127275,87.77927622237702,1.5216991488996325e-10,True,True,805514197878427.8,3.7583740428844356e-10,5.297015792335311e-23,True,False,80.0,98.65809608852153,6183868704.255293,805514197878427.8
1.3527366823730998e-11,1.3856226489127275,87.77927622237702,1.5216991488996325e-10,True,True,717915284539199.2,3.9810717055349694e-10,5.943349471729165e-23,True,False,80.0,98.65809608852153,6183868704.255293,717915284539199.2
1.5177955214338344e-11,1.3856226489127275,87.77927622237702,1.5216991488996325e-10,True,True,639842670846115.0,4.2169650342858224e-10,6.668547787645961e-23,True,False,80.0,98.65809608852153,6183868704.255293,639842670846115.0
1.7029945849056356e-11,1.3856226489127275,87.77927622237702,1.5216991488996325e-10,True,True,570260380649600.6,4.4668359215096347e-10,7.482233681133309e-23,True,False,80.0,98.65809608852153,6183868704.255293,570260380649600.6
1.9107913518404387e-11,1.3856226489127275,87.77927622237702,1.5216991488996325e-10,True,True,508245099234462.44,4.731512589614812e-10,8.3952042696313e-23,True,False,80.0,98.65809608852153,6183868704.255293,508245099234462.44
2.143943159085554e-11,1.3856226489127275,87.77927622237702,1.5216991488996325e-10,True,True,452973921494596.3,5.011872336272714e-10,9.419574118160893e-23,True,False,80.0,98.65809608852153,6183868704.255293,452973921494596.3
2.4055437894684462e-11,1.3856226489127275,87.77927622237702,1.5216991488996325e-10,True,True,403713432482179.8,5.30884444230988e-10,1.0568935992241685e-22,True,False,80.0,98.65809608852153,6183868704.255293,403713432482179.8
2.699064524415078e-11,1.3856226489127275,87.77927622237702,1.5216991488996325e-10,True,True,359809975436936.7,5.623413251903491e-10,1.1858541225631423e-22,True,False,80.0,98.65809608852153,6183868704.255293,359809975436936.7
3.028400205745475e-11,1.3856226489127275,87.77927622237702,1.5216991488996325e-10,True,True,320680978158049.1,5.95662143529011e-10,1.3305502096259103e-22,True,False,80.0,98.65809608852153,6183868704.255293,320680978158049.1
3.397920917858291e-11,1.3856226489127275,87.77927622237702,1.5216991488996325e-10,True,True,285807222625008.06,6.309573444801942e-10,1.4929018895756194e-22,True,False,80.0,98.65809608852153,6183868704.255293,285807222625008.06
3.8125299760956444e-11,1.3856226489127275,87.77927622237702,1.5216991488996325e-10,True,True,254725955289940.38,6.683439175686135e-10,1.6750634705661063e-22,True,False,80.0,98.65809608852153,6183868704.255293,254725955289940.38
4.277728990758742e-11,1.3856226489127275,87.77927622237702,1.5216991488996325e-10,True,True,227024746619173.53,7.079457843841373e-10,1.8794521261022677e-22,True,False,80.0,98.65809608852153,6183868704.255293,227024746619173.53
4.799690870133831e-11,1.3856226489127275,87.77927622237702,1.5216991488996325e-10,True,True,202336018403913.97,7.498942093324559e-10,2.1087799694638093e-22,True,False,80.0,98.65809608852153,6183868704.255293,202336018403913.97
5.385341731234816e-11,1.3856226489127275,87.77927622237702,1.5216991488996325e-10,True,True,180332166220734.78,7.943282347242822e-10,2.366090041800729e-22,True,False,80.0,98.65809608852153,6183868704.255293,180332166220734.78
6.042452805167957e-11,1.3856226489127275,87.77927622237702,1.5216991488996325e-10,True,True,160721212319920.12,8.413951416451964e-10,2.6547966914405256e-22,True,False,80.0,98.65809608852153,6183868704.255293,160721212319920.12
6.779743556647072e-11,1.3856226489127275,87.77927622237702,1.5216991488996325e-10,True,True,143242931258122.66,8.912509381337441e-10,2.9787308802160465e-22,True,False,80.0,98.65809608852153,6183868704.255293,143242931258122.66
7.606997385992853e-11,1.3856226489127275,87.77927622237702,1.5216991488996325e-10,True,True,127665396864829.25,9.440608762859226e-10,3.3421910180015398e-22,True,False,80.0,98.65809608852153,6183868704.255293,127665396864829.25
8.535191448910793e-11,1.3856226489127275,87.77927622237702,1.5216991488996325e-10,True,True,113781904722995.78,1e-09,3.7500000000000004e-22,True,False,80.0,98.65809608852153,6183868704.255293,113781904722995.78
9.576642316678238e-11,1.3856226489127275,87.77927622237702,1.5216991488996325e-10,True,True,101408229327014.3,1.0592537251772898e-09,4.2075692036323697e-22,True,False,80.0,98.65809608852153,6183868704.255293,101408229327014.3
1.074516940956211e-10,1.3856226489127275,87.77927622237702,1.5216991488996325e-10,True,True,90380179522183.36,1.1220184543019653e-09,4.720970294228143e-22,True,False,80.0,98.65809608852153,6183868704.255293,90380179522183.36
1.205627837212954e-10,1.3856226489127275,87.77927622237702,1.5216991488996325e-10,True,True,80551419787842.81,1.1885022274370164e-09,5.297015792335311e-22,True,False,80.0,98.65809608852153,6183868704.255293,80551419787842.81
1.3527366823731001e-10,1.3856226489127275,87.77927622237702,1.5216991488996325e-10,True,True,71791528453919.92,1.2589254117941663e-09,5.943349471729166e-22,True,False,80.0,98.65809608852153,6183868704.255293,71791528453919.92
1.5177955214338338e-10,1.3856226489127275,87.77927622237702,1.5216991488996325e-10,True,True,63984267084611.516,1.333521432163324e-09,6.668547787645959e-22,True,False,80.0,98.65809608852153,6183868704.255293,63984267084611.516
1.702994584905636e-10,1.3856226489127275,87.77927622237702,1.5216991488996325e-10,True,True,57026038064960.05,1.4125375446227555e-09,7.482233681133311e-22,True,False,80.0,98.65809608852153,6183868704.255293,57026038064960.05
1.9107913518404386e-10,1.3856226489127275,87.77927622237702,1.5216991488996325e-10,True,True,50824509923446.25,1.4962356560944358e-09,8.3952042696313e-22,True,False,80.0,98.65809608852153,6183868704.255293,50824509923446.25
2.1439431590855542e-10,1.3856226489127275,87.77927622237702,1.5216991488996325e-10,True,True,45297392149459.625,1.584893192461111e-09,9.419574118160895e-22,True,False,80.0,98.65809608852153,6183868704.255293,45297392149459.625
2.405543789468446e-10,1.3856226489127275,87.77927622237702,1.5216991488996325e-10,True,True,40371343248217.984,1.6788040181225589e-09,1.0568935992241682e-21,True,False,80.0,98.65809608852153,6183868704.255293,40371343248217.984
2.699064524415078e-10,1.3856226489127275,87.77927622237702,1.5216991488996325e-10,True,True,35980997543693.664,1.7782794100389228e-09,1.1858541225631422e-21,True,False,80.0,98.65809608852153,6183868704.255293,35980997543693.664
3.0284002057454745e-10,1.3856226489127275,87.77927622237702,1.5216991488996325e-10,True,True,32068097815804.93,1.883649089489802e-09,1.33055020962591e-21,True,False,80.0,98.65809608852153,6183868704.255293,32068097815804.93
3.3979209178582905e-10,1.3856226489127275,87.77927622237702,1.5216991488996325e-10,True,True,28580722262500.812,1.9952623149688828e-09,1.4929018895756193e-21,True,False,80.0,98.65809608852153,6183868704.255293,28580722262500.812
3.8125299760956433e-10,1.3856226489127275,87.77927622237702,1.5216991488996325e-10,True,True,25472595528994.043,2.113489039836643e-09,1.675063470566106e-21,True,False,80.0,98.65809608852153,6183868704.255293,25472595528994.043
4.277728990758743e-10,1.3856226489127275,87.77927622237702,1.5216991488996325e-10,True,True,22702474661917.35,2.2387211385683377e-09,1.879452126102268e-21,True,False,80.0,98.65809608852153,6183868704.255293,22702474661917.35
4.799690870133831e-10,1.3856226489127275,87.77927622237702,1.5216991488996325e-10,True,True,20233601840391.395,2.3713737056616553e-09,2.108779969463809e-21,True,False,80.0,98.65809608852153,6183868704.255293,20233601840391.395
5.385341731234815e-10,1.3856226489127275,87.77927622237702,1.5216991488996325e-10,True,True,18033216622073.48,2.511886431509582e-09,2.3660900418007284e-21,True,False,80.0,98.65809608852153,6183868704.255293,18033216622073.48
6.042452805167958e-10,1.3856226489127275,87.77927622237702,1.5216991488996325e-10,True,True,16072121231992.018,2.660725059798814e-09,2.654796691440526e-21,True,False,80.0,98.65809608852153,6183868704.255293,16072121231992.018
6.77974355664707e-10,1.3856226489127275,87.77927622237702,1.5216991488996325e-10,True,True,14324293125812.266,2.8183829312644493e-09,2.978730880216046e-21,True,False,80.0,98.65809608852153,6183868704.255293,14324293125812.266
7.606997385992854e-10,1.3856226489127275,87.77927622237702,1.5216991488996325e-10,True,True,12766539686482.928,2.985382618917957e-09,3.34219101800154e-21,True,False,80.0,98.65809608852153,6183868704.255293,12766539686482.928
8.535191448910793e-10,1.3856226489127275,87.77927622237702,1.5216991488996325e-10,True,True,11378190472299.58,3.1622776601683795e-09,3.75e-21,True,False,80.0,98.65809608852153,6183868704.255293,11378190472299.58
9.576642316678238e-10,1.3856226489127275,87.77927622237702,1.5216991488996325e-10,True,True,10140822932701.43,3.3496543915782794e-09,4.2075692036323694e-21,True,False,80.0,98.65809608852153,6183868704.255293,10140822932701.43
1.0745169409562108e-09,1.3856226489127275,87.77927622237702,1.5216991488996325e-10,True,True,9038017952218.338,3.5481338923357603e-09,4.720970294228142e-21,True,False,80.0,98.65809608852153,6183868704.255293,9038017952218.338
1.2056278372129543e-09,1.3856226489127275,87.77927622237702,1.5216991488996325e-10,True,True,8055141978784.278,3.758374042884436e-09,5.297015792335313e-21,True,False,80.0,98.65809608852153,6183868704.255293,8055141978784.278
1.3527366823730998e-09,1.3856226489127275,87.77927622237702,1.5216991488996325e-10,True,True,7179152845391.994,3.981071705534969e-09,5.9433494717291646e-21,True,False,80.0,98.65809608852153,6183868704.255293,7179152845391.994
1.5177955214338344e-09,1.3856226489127275,87.77927622237702,1.5216991488996325e-10,True,True,6398426708461.15,4.216965034285823e-09,6.668547787645961e-21,True,False,80.0,98.65809608852153,6183868704.255293,6398426708461.15
1.7029945849056363e-09,1.3856226489127275,87.77927622237702,1.5216991488996325e-10,True,True,5702603806496.004,4.466835921509635e-09,7.482233681133311e-21,True,False,80.0,98.65809608852153,6183868704.255293,5702603806496.004
1.910791351840439e-09,1.3856226489127275,87.77927622237702,1.5216991488996325e-10,True,True,5082450992344.624,4.731512589614813e-09,8.395204269631302e-21,True,False,80.0,98.65809608852153,6183868704.255293,5082450992344.624
2.1439431590855543e-09,1.3856226489127275,87.77927622237702,1.5216991488996325e-10,True,True,4529739214945.962,5.011872336272715e-09,9.419574118160894e-21,True,False,80.0,98.65809608852153,6183868704.255293,4529739214945.962
2.4055437894684464e-09,1.3856226489127275,87.77927622237702,1.5216991488996325e-10,True,True,4037134324821.7974,5.3088444423098795e-09,1.0568935992241686e-20,True,False,80.0,98.65809608852153,6183868704.255293,4037134324821.7974
2.699064524415078e-09,1.3856226489127275,87.77927622237702,1.5216991488996325e-10,True,True,3598099754369.3667,5.623413251903491e-09,1.1858541225631423e-20,True,False,80.0,98.65809608852153,6183868704.255293,3598099754369.3667
3.028400205745474e-09,1.3856226489127275,87.77927622237702,1.5216991488996325e-10,True,True,3206809781580.493,5.956621435290109e-09,1.3305502096259098e-20,True,False,80.0,98.65809608852153,6183868704.255293,3206809781580.493
3.3979209178582914e-09,1.3856226489127275,87.77927622237702,1.5216991488996325e-10,True,True,2858072226250.081,6.309573444801943e-09,1.4929018895756197e-20,True,False,80.0,98.65809608852153,6183868704.255293,2858072226250.081
3.812529976095645e-09,1.3856226489127275,87.77927622237702,1.5216991488996325e-10,True,True,2547259552899.403,6.6834391756861355e-09,1.6750634705661065e-20,True,False,80.0,98.65809608852153,6183868704.255293,2547259552899.403
4.277728990758743e-09,1.3856226489127275,87.77927622237702,1.5216991488996325e-10,True,True,2270247466191.7344,7.0794578438413736e-09,1.879452126102268e-20,True,False,80.0,98.65809608852153,6183868704.255293,2270247466191.7344
4.799690870133831e-09,1.3856226489127275,87.77927622237702,1.5216991488996325e-10,True,True,2023360184039.1396,7.498942093324558e-09,2.108779969463809e-20,True,False,80.0,98.65809608852153,6183868704.255293,2023360184039.1396
5.385341731234816e-09,1.3856226489127275,87.77927622237702,1.5216991488996325e-10,True,True,1803321662207.348,7.943282347242822e-09,2.3660900418007287e-20,True,False,80.0,98.65809608852153,6183868704.255293,1803321662207.348
6.042452805167958e-09,1.3856226489127275,87.77927622237702,1.5216991488996325e-10,True,True,1607212123199.2012,8.413951416451965e-09,2.6547966914405262e-20,True,False,80.0,98.65809608852153,6183868704.255293,1607212123199.2012
6.779743556647071e-09,1.3856226489127275,87.77927622237702,1.5216991488996325e-10,True,True,1432429312581.2266,8.912509381337441e-09,2.9787308802160463e-20,True,False,80.0,98.65809608852153,6183868704.255293,1432429312581.2266
7.606997385992853e-09,1.3856226489127275,87.77927622237702,1.5216991488996325e-10,True,True,1276653968648.2925,9.440608762859226e-09,3.34219101800154e-20,True,False,80.0,98.65809608852153,6183868704.255293,1276653968648.2925
8.535191448910792e-09,1.3856226489127275,87.77927622237702,1.5216991488996325e-10,True,True,1137819047229.9583,1e-08,3.75e-20,True,False,80.0,98.65809608852153,6183868704.255293,1137819047229.9583
9.57664231667824e-09,1.3856226489127275,87.77927622237702,1.5216991488996325e-10,True,True,1014082293270.1432,1.0592537251772898e-08,4.20756920363237e-20,True,False,80.0,98.65809608852153,6183868704.255293,1014082293270.1432
1.074516940956211e-08,1.3856226489127275,87.77927622237702,1.5216991488996325e-10,True,True,903801795221.8335,1.1220184543019653e-08,4.7209702942281425e-20,True,False,80.0,98.65809608852153,6183868704.255293,903801795221.8335
1.2056278372129589e-08,1.3856226489127275,87.77927622237702,1.5216991488996325e-10,True,True,805514197878.4244,1.188502227437019e-08,5.2970157923353327e-20,True,False,80.0,98.65809608852153,6183868704.255293,805514197878.4244
1.3527366823730998e-08,1.3856226489127275,87.77927622237702,1.5216991488996325e-10,True,True,717915284539.1992,1.2589254117941661e-08,5.943349471729165e-20,True,False,80.0,98.65809608852153,6183868704.255293,717915284539.1992
1.5177955214338343e-08,1.3856226489127275,87.77927622237702,1.5216991488996325e-10,True,True,639842670846.1151,1.333521432163324e-08,6.66854778764596e-20,True,False,80.0,98.65809608852153,6183868704.255293,639842670846.1151
1.7029945849056357e-08,1.3856226489127275,87.77927622237702,1.5216991488996325e-10,True,True,570260380649.6006,1.4125375446227554e-08,7.48223368113331e-20,True,False,80.0,98.65809608852153,6183868704.255293,570260380649.6006
1.9107913518404387e-08,1.3856226489127275,87.77927622237702,1.5216991488996325e-10,True,True,508245099234.4624,1.496235656094436e-08,8.395204269631301e-20,True,False,80.0,98.65809608852153,6183868704.255293,508245099234.4624
2.143943159085563e-08,1.3856226489127275,87.77927622237702,1.5216991488996325e-10,True,True,452973921494.5941,1.5848931924611143e-08,9.419574118160933e-20,True,False,80.0,98.65809608852153,6183868704.255293,452973921494.5941
2.405543789468446e-08,1.3856226489127275,87.77927622237702,1.5216991488996325e-10,True,True,403713432482.1798,1.6788040181225588e-08,1.0568935992241683e-19,True,False,80.0,98.65809608852153,6183868704.255293,403713432482.1798
2.6990645244150784e-08,1.3856226489127275,87.77927622237702,1.5216991488996325e-10,True,True,359809975436.9367,1.7782794100389228e-08,1.1858541225631424e-19,True,False,80.0,98.65809608852153,6183868704.255293,359809975436.9367
3.028400205745474e-08,1.3856226489127275,87.77927622237702,1.5216991488996325e-10,True,True,320680978158.0493,1.883649089489802e-08,1.3305502096259097e-19,True,False,80.0,98.65809608852153,6183868704.255293,320680978158.0493
3.397920917858292e-08,1.3856226489127275,87.77927622237702,1.5216991488996325e-10,True,True,285807222625.00806,1.995262314968883e-08,1.4929018895756198e-19,True,False,80.0,98.65809608852153,6183868704.255293,285807222625.00806
3.812529976095659e-08,1.3856226489127275,87.77927622237702,1.5216991488996325e-10,True,True,254725955289.93936,2.1134890398366476e-08,1.675063470566113e-19,True,False,80.0,98.65809608852153,6183868704.255293,254725955289.93936
4.277728990758742e-08,1.3856226489127275,87.77927622237702,1.5216991488996325e-10,True,True,227024746619.17352,2.2387211385683378e-08,1.8794521261022677e-19,True,False,80.0,98.65809608852153,6183868704.255293,227024746619.17352
4.7996908701338304e-08,1.3856226489127275,87.77927622237702,1.5216991488996325e-10,True,True,202336018403.91397,2.371373705661655e-08,2.1087799694638087e-19,True,False,80.0,98.65809608852153,6183868704.255293,202336018403.91397
5.385341731234815e-08,1.3856226489127275,87.77927622237702,1.5216991488996325e-10,True,True,180332166220.73483,2.511886431509582e-08,2.366090041800728e-19,True,False,80.0,98.65809608852153,6183868704.255293,180332166220.73483
6.042452805167957e-08,1.3856226489127275,87.77927622237702,1.5216991488996325e-10,True,True,160721212319.9202,2.660725059798814e-08,2.6547966914405256e-19,True,False,80.0,98.65809608852153,6183868704.255293,160721212319.9202
6.779743556647096e-08,1.3856226489127275,87.77927622237702,1.5216991488996325e-10,True,True,143242931258.1221,2.818382931264455e-08,2.9787308802160575e-19,True,False,80.0,98.65809608852153,6183868704.255293,143242931258.1221
7.606997385992852e-08,1.3856226489127275,87.77927622237702,1.5216991488996325e-10,True,True,127665396864.82925,2.985382618917957e-08,3.34219101800154e-19,True,False,80.0,98.65809608852153,6183868704.255293,127665396864.82925
8.535191448910791e-08,1.3856226489127275,87.77927622237702,1.5216991488996325e-10,True,True,113781904722.99582,3.162277660168379e-08,3.7499999999999993e-19,True,False,80.0,98.65809608852153,6183868704.255293,113781904722.99582
9.576642316678239e-08,1.3856226489127275,87.77927622237702,1.5216991488996325e-10,True,True,101408229327.0143,3.3496543915782795e-08,4.20756920363237e-19,True,False,80.0,98.65809608852153,6183868704.255293,101408229327.0143
1.0745169409562109e-07,1.3856226489127275,87.77927622237702,1.5216991488996325e-10,True,True,90380179522.18336,3.5481338923357604e-08,4.720970294228142e-19,True,False,80.0,98.65809608852153,6183868704.255293,90380179522.18336
1.205627837212959e-07,1.3856226489127275,87.77927622237702,1.5216991488996325e-10,True,True,80551419787.84244,3.7583740428844434e-08,5.297015792335334e-19,True,False,80.0,98.65809608852153,6183868704.255293,80551419787.84244
1.3527366823730998e-07,1.3856226489127275,87.77927622237702,1.5216991488996325e-10,True,True,71791528453.91994,3.981071705534969e-08,5.943349471729165e-19,True,False,80.0,98.65809608852153,6183868704.255293,71791528453.91994
1.5177955214338342e-07,1.3856226489127275,87.77927622237702,1.5216991488996325e-10,True,True,63984267084.6115,4.2169650342858225e-08,6.66854778764596e-19,True,False,80.0,98.65809608852153,6183868704.255293,63984267084.6115
1.7029945849056358e-07,1.3856226489127275,87.77927622237702,1.5216991488996325e-10,True,True,57026038064.96006,4.4668359215096346e-08,7.482233681133309e-19,True,False,80.0,98.65809608852153,6183868704.255293,57026038064.96006
1.910791351840439e-07,1.3856226489127275,87.77927622237702,1.5216991488996325e-10,True,True,50824509923.446236,4.731512589614813e-08,8.395204269631302e-19,True,False,80.0,98.65809608852153,6183868704.255293,50824509923.446236
2.1439431590855632e-07,1.3856226489127275,87.77927622237702,1.5216991488996325e-10,True,True,45297392149.45943,5.011872336272725e-08,9.419574118160935e-19,True,False,80.0,98.65809608852153,6183868704.255293,45297392149.45943
2.4055437894684463e-07,1.3856226489127275,87.77927622237702,1.5216991488996325e-10,True,True,40371343248.21799,5.3088444423098795e-08,1.0568935992241686e-18,True,False,80.0,98.65809608852153,6183868704.255293,40371343248.21799
2.6990645244150783e-07,1.3856226489127275,87.77927622237702,1.5216991488996325e-10,True,True,35980997543.69367,5.6234132519034905e-08,1.1858541225631423e-18,True,False,80.0,98.65809608852153,6183868704.255293,35980997543.69367
3.028400205745475e-07,1.3856226489127275,87.77927622237702,1.5216991488996325e-10,True,True,32068097815.804924,5.95662143529011e-08,1.3305502096259102e-18,True,False,80.0,98.65809608852153,6183868704.255293,32068097815.804924
3.3979209178582917e-07,1.3856226489127275,87.77927622237702,1.5216991488996325e-10,True,True,28580722262.500813,6.309573444801943e-08,1.4929018895756196e-18,True,False,80.0,98.65809608852153,6183868704.255293,28580722262.500813
3.8125299760956596e-07,1.3856226489127275,87.77927622237702,1.5216991488996325e-10,True,True,25472595528.993927,6.683439175686149e-08,1.6750634705661131e-18,True,False,80.0,98.65809608852153,6183868704.255293,25472595528.993927
4.2777289907587425e-07,1.3856226489127275,87.77927622237702,1.5216991488996325e-10,True,True,22702474661.917355,7.079457843841373e-08,1.879452126102268e-18,True,False,80.0,98.65809608852153,6183868704.255293,22702474661.917355
4.799690870133831e-07,1.3856226489127275,87.77927622237702,1.5216991488996325e-10,True,True,20233601840.391396,7.498942093324559e-08,2.108779969463809e-18,True,False,80.0,98.65809608852153,6183868704.255293,20233601840.391396
5.385341731234815e-07,1.3856226489127275,87.77927622237702,1.5216991488996325e-10,True,True,18033216622.073475,7.943282347242822e-08,2.3660900418007286e-18,True,False,80.0,98.65809608852153,6183868704.255293,18033216622.073475
6.042452805167957e-07,1.3856226489127275,87.77927622237702,1.5216991488996325e-10,True,True,16072121231.99202,8.413951416451964e-08,2.6547966914405254e-18,True,False,80.0,98.65809608852153,6183868704.255293,16072121231.99202
6.779743556647098e-07,1.3856226489127275,87.77927622237702,1.5216991488996325e-10,True,True,14324293125.81221,8.912509381337459e-08,2.978730880216058e-18,True,False,80.0,98.65809608852153,6183868704.255293,14324293125.81221
7.606997385992854e-07,1.3856226489127275,87.77927622237702,1.5216991488996325e-10,True,True,12766539686.482927,9.440608762859226e-08,3.34219101800154e-18,True,False,80.0,98.65809608852153,6183868704.255293,12766539686.482927
8.53519144891079e-07,1.3856226489127275,87.77927622237702,1.5216991488996325e-10,True,True,11378190472.299583,1e-07,3.749999999999999e-18,True,False,80.0,98.65809608852153,6183868704.255293,11378190472.299583
9.576642316678238e-07,1.3856226489127275,87.77927622237702,1.5216991488996325e-10,True,True,10140822932.701431,1.0592537251772897e-07,4.20756920363237e-18,True,False,80.0,98.65809608852153,6183868704.255293,10140822932.701431
1.074516940956211e-06,1.3856226489127275,87.77927622237702,1.5216991488996325e-10,True,True,9038017952.218338,1.1220184543019653e-07,4.720970294228142e-18,True,False,80.0,98.65809608852153,6183868704.255293,9038017952.21834
1.205627837212959e-06,1.3856226489127275,87.77927622237702,1.5216991488996325e-10,True,True,8055141978.784245,1.188502227437019e-07,5.297015792335333e-18,True,False,80.0,98.65809608852153,6183868704.255293,8055141978.7842455
1.3527366823731e-06,1.3856226489127275,87.77927622237702,1.5216991488996325e-10,True,True,7179152845.391992,1.2589254117941662e-07,5.943349471729166e-18,True,False,80.0,98.65809608852153,6183868704.255293,7179152845.391993
1.5177955214338342e-06,1.3856226489127275,87.77927622237702,1.5216991488996325e-10,True,True,6398426708.461149,1.333521432163324e-07,6.66854778764596e-18,True,False,80.0,98.65809608852153,6183868704.255293,6398426708.461151
1.702994584905636e-06,1.3856226489127275,87.77927622237702,1.5216991488996325e-10,True,True,5702603806.496004,1.4125375446227555e-07,7.48223368113331e-18,True,False,80.0,98.65809608852153,6183868704.255293,5702603806.496006
1.910791351840439e-06,1.3856226489127275,87.77927622237702,1.5216991488996325e-10,True,True,5082450992.3446245,1.496235656094436e-07,8.395204269631301e-18,True,False,80.0,98.65809608852153,6183868704.255293,5082450992.344626
2.143943159085563e-06,1.3856226489127275,87.77927622237702,1.5216991488996325e-10,True,True,4529739214.945944,1.584893192461114e-07,9.419574118160932e-18,True,False,80.0,98.65809608852153,6183868704.255293,4529739214.945946
2.405543789468446e-06,1.3856226489127275,87.77927622237702,1.5216991488996325e-10,True,True,4037134324.821799,1.6788040181225588e-07,1.0568935992241684e-17,True,False,80.0,98.65809608852153,6183868704.255293,4037134324.821801
2.6990645244150772e-06,1.3856226489127275,87.77927622237702,1.5216991488996325e-10,True,True,3598099754.369367,1.7782794100389227e-07,1.185854122563142e-17,True,False,80.0,98.65809608852153,6183868704.255293,3598099754.36937
3.0284002057454744e-06,1.3856226489127275,87.77927622237702,1.5216991488996325e-10,True,True,3206809781.5804925,1.883649089489802e-07,1.33055020962591e-17,True,False,80.0,98.65809608852153,6183868704.255293,3206809781.5804954
3.3979209178582914e-06,1.3856226489127275,87.77927622237702,1.5216991488996325e-10,True,True,2858072226.2500806,1.995262314968883e-07,1.4929018895756197e-17,True,False,80.0,98.65809608852153,6183868704.255293,2858072226.250084
3.81252997609566e-06,1.3856226489127275,87.77927622237702,1.5216991488996325e-10,True,True,2547259552.899393,2.1134890398366478e-07,1.6750634705661132e-17,True,False,80.0,98.65809608852153,6183868704.255293,2547259552.8993974
4.2777289907587425e-06,1.3856226489127275,87.77927622237702,1.5216991488996325e-10,True,True,2270247466.1917353,2.2387211385683377e-07,1.8794521261022675e-17,True,False,80.0,98.65809608852153,6183868704.255293,2270247466.1917396
4.799690870133831e-06,1.3856226489127275,87.77927622237702,1.5216991488996325e-10,True,True,2023360184.039139,2.3713737056616554e-07,2.108779969463809e-17,True,False,80.0,98.65809608852153,6183868704.255293,2023360184.0391438
5.385341731234815e-06,1.3856226489127275,87.77927622237702,1.5216991488996325e-10,True,True,1803321662.207348,2.5118864315095823e-07,2.3660900418007287e-17,True,False,80.0,98.65809608852153,6183868704.255293,1803321662.2073534
6.042452805167957e-06,1.3856226489127275,87.77927622237702,1.5216991488996325e-10,True,True,1607212123.1992016,2.660725059798814e-07,2.654796691440526e-17,True,False,80.0,98.65809608852153,6183868704.255293,1607212123.1992075
6.779743556647097e-06,1.3856226489127275,87.77927622237702,1.5216991488996325e-10,True,True,1432429312.5812209,2.818382931264455e-07,2.978730880216058e-17,True,False,80.0,98.65809608852153,6183868704.255293,1432429312.5812275
7.606997385992855e-06,1.3856226489127275,87.77927622237702,1.5216991488996325e-10,True,True,1276653968.6482923,2.9853826189179574e-07,3.3421910180015406e-17,True,False,80.0,98.65809608852153,6183868704.255293,1276653968.6482997
8.535191448910794e-06,1.3856226489127275,87.77927622237702,1.5216991488996325e-10,True,True,1137819047.2299583,3.162277660168379e-07,3.75e-17,True,False,80.0,98.65809608852153,6183868704.255293,1137819047.2299669
9.576642316678237e-06,1.3856226489127275,87.77927622237702,1.5216991488996325e-10,True,True,1014082293.2701433,3.3496543915782793e-07,4.207569203632369e-17,True,False,80.0,98.65809608852153,6183868704.255293,1014082293.2701528
1.0745169409562111e-05,1.3856226489127275,87.77927622237702,1.5216991488996325e-10,True,True,903801795.2218337,3.5481338923357606e-07,4.720970294228143e-17,True,False,80.0,98.65809608852153,6183868704.255293,903801795.2218444
1.2056278372129588e-05,1.3856226489127275,87.77927622237702,1.5216991488996325e-10,True,True,805514197.8784246,3.7583740428844433e-07,5.297015792335333e-17,True,False,80.0,98.65809608852153,6183868704.255293,805514197.8784368
1.3527366823730999e-05,1.3856226489127275,87.77927622237702,1.5216991488996325e-10,True,True,717915284.5391991,3.981071705534969e-07,5.943349471729165e-17,True,False,80.0,98.65809608852153,6183868704.255293,717915284.5392127
1.5177955214338341e-05,1.3856226489127275,87.77927622237702,1.5216991488996325e-10,True,True,639842670.8461151,4.2169650342858225e-07,6.66854778764596e-17,True,False,80.0,98.65809608852153,6183868704.255293,639842670.8461303
1.702994584905636e-05,1.3856226489127275,87.77927622237702,1.5216991488996325e-10,True,True,570260380.6496006,4.466835921509635e-07,7.482233681133311e-17,True,False,80.0,98.65809608852153,6183868704.255293,570260380.6496177
1.910791351840439e-05,1.3856226489127275,87.77927622237702,1.5216991488996325e-10,True,True,508245099.2344625,4.7315125896148127e-07,8.395204269631302e-17,True,False,80.0,98.65809608852153,6183868704.255293,508245099.2344816
2.143943159085563e-05,1.3856226489127275,87.77927622237702,1.5216991488996325e-10,True,True,452973921.4945943,5.011872336272725e-07,9.419574118160933e-17,True,False,80.0,98.65809608852153,6183868704.255293,452973921.49461573
2.405543789468445e-05,1.3856226489127275,87.77927622237702,1.5216991488996325e-10,True,True,403713432.4821798,5.308844442309879e-07,1.0568935992241681e-16,True,False,80.0,98.65809608852153,6183868704.255293,403713432.48220384
2.6990645244150774e-05,1.3856226489127275,87.77927622237702,1.5216991488996325e-10,True,True,359809975.4369368,5.62341325190349e-07,1.185854122563142e-16,True,False,80.0,98.65809608852153,6183868704.255293,359809975.4369638
3.028400205745474e-05,1.3856226489127275,87.77927622237702,1.5216991488996325e-10,True,True,320680978.1580493,5.956621435290109e-07,1.3305502096259097e-16,True,False,80.0,98.65809608852153,6183868704.255293,320680978.15807956
3.3979209178582903e-05,1.3856226489127275,87.77927622237702,1.5216991488996325e-10,True,True,285807222.6250081,6.309573444801942e-07,1.4929018895756192e-16,True,False,80.0,98.65809608852153,6183868704.255293,285807222.6250421
3.8125299760956595e-05,1.3856226489127275,87.77927622237702,1.5216991488996325e-10,True,True,254725955.28993934,6.683439175686149e-07,1.6750634705661131e-16,True,False,80.0,98.65809608852153,6183868704.255293,254725955.2899775
4.277728990758743e-05,1.3856226489127275,87.77927622237702,1.5216991488996325e-10,True,True,227024746.6191735,7.079457843841374e-07,1.879452126102268e-16,True,False,80.0,98.65809608852153,6183868704.255293,227024746.61921626
4.79969087013383e-05,1.3856226489127275,87.77927622237702,1.5216991488996325e-10,True,True,202336018.40391394,7.498942093324558e-07,2.108779969463809e-16,True,False,80.0,98.65809608852153,6183868704.255293,202336018.40396196
5.3853417312348165e-05,1.3856226489127275,87.77927622237702,1.5216991488996325e-10,True,True,180332166.22073478,7.943282347242822e-07,2.366090041800729e-16,True,False,80.0,98.65809608852153,6183868704.255293,180332166.22078863
6.042452805167957e-05,1.3856226489127275,87.77927622237702,1.5216991488996325e-10,True,True,160721212.31992012,8.413951416451965e-07,2.654796691440526e-16,True,False,80.0,98.65809608852153,6183868704.255293,160721212.31998056
6.779743556647097e-05,1.3856226489127275,87.77927622237702,1.5216991488996325e-10,True,True,143242931.25812212,8.912509381337459e-07,2.978730880216058e-16,True,False,80.0,98.65809608852153,6183868704.255293,143242931.25818992
7.606997385992854e-05,1.3856226489127275,87.77927622237702,1.5216991488996325e-10,True,True,127665396.86482927,9.440608762859226e-07,3.34219101800154e-16,True,False,80.0,98.65809608852153,6183868704.255293,127665396.86490534
8.535191448910791e-05,1.3856226489127275,87.77927622237702,1.5216991488996325e-10,True,True,113781904.7229958,1e-06,3.75e-16,True,False,80.0,98.65809608852153,6183868704.255293,113781904.72308116
9.57664231667824e-05,1.3856226489127275,87.77927622237702,1.5216991488996325e-10,True,True,101408229.3270143,1.0592537251772898e-06,4.2075692036323704e-16,True,False,80.0,98.65809608852153,6183868704.255293,101408229.32711005
0.00010745169409562066,1.3856226489127275,87.77927622237702,1.5216991488996325e-10,True,True,90380179.52218372,1.122018454301963e-06,4.720970294228123e-16,True,False,80.0,98.65809608852153,6183868704.255293,90380179.52229117
0.0001205627837212959,1.3856226489127275,87.77927622237702,1.5216991488996325e-10,True,True,80551419.78784247,1.1885022274370189e-06,5.297015792335333e-16,True,False,80.0,98.65809608852153,6183868704.255293,80551419.78796303
0.00013527366823731053,1.3856226489127275,87.77927622237702,1.5216991488996325e-10,True,True,71791528.45391962,1.2589254117941687e-06,5.943349471729189e-16,True,False,80.0,98.65809608852153,6183868704.255293,71791528.45405489
0.00015177955214338342,1.3856226489127275,87.77927622237702,1.5216991488996325e-10,True,True,63984267.0846115,1.333521432163324e-06,6.668547787645961e-16,True,False,80.0,98.65809608852153,6183868704.255293,63984267.08476327
0.00017029945849056358,1.3856226489127275,87.77927622237702,1.5216991488996325e-10,True,True,57026038.064960055,1.4125375446227554e-06,7.48223368113331e-16,True,False,80.0,98.65809608852153,6183868704.255293,57026038.06513035
0.0001910791351840431,1.3856226489127275,87.77927622237702,1.5216991488996325e-10,True,True,50824509.92344644,1.4962356560944329e-06,8.395204269631267e-16,True,False,80.0,98.65809608852153,6183868704.255293,50824509.923637524
0.00021439431590855628,1.3856226489127275,87.77927622237702,1.5216991488996325e-10,True,True,45297392.149459444,1.584893192461114e-06,9.419574118160932e-16,True,False,80.0,98.65809608852153,6183868704.255293,45297392.149673834
0.0002405543789468456,1.3856226489127275,87.77927622237702,1.5216991488996325e-10,True,True,40371343.24821781,1.6788040181225624e-06,1.0568935992241729e-15,True,False,80.0,98.65809608852153,6183868704.255293,40371343.24845836
0.0002699064524415078,1.3856226489127275,87.77927622237702,1.5216991488996325e-10,True,True,35980997.54369367,1.778279410038923e-06,1.1858541225631424e-15,True,False,80.0,98.65809608852153,6183868704.255293,35980997.543963574
0.00030284002057454746,1.3856226489127275,87.77927622237702,1.5216991488996325e-10,True,True,32068097.81580493,1.883649089489802e-06,1.33055020962591e-15,True,False,80.0,98.65809608852153,6183868704.255293,32068097.81610777
0.0003397920917858277,1.3856226489127275,87.77927622237702,1.5216991488996325e-10,True,True,28580722.26250093,1.9952623149688787e-06,1.4929018895756133e-15,True,False,80.0,98.65809608852153,6183868704.255293,28580722.26284072
0.000381252997609566,1.3856226489127275,87.77927622237702,1.5216991488996325e-10,True,True,25472595.528993923,2.113489039836648e-06,1.6750634705661132e-15,True,False,80.0,98.65809608852153,6183868704.255293,25472595.529375177
0.000427772899075876,1.3856226489127275,87.77927622237702,1.5216991488996325e-10,True,True,22702474.661917258,2.2387211385683422e-06,1.8794521261022756e-15,True,False,80.0,98.65809608852153,6183868704.255293,22702474.662345033
0.00047996908701338306,1.3856226489127275,87.77927622237702,1.5216991488996325e-10,True,True,20233601.840391394,2.3713737056616552e-06,2.108779969463809e-15,True,False,80.0,98.65809608852153,6183868704.255293,20233601.840871364
0.0005385341731234816,1.3856226489127275,87.77927622237702,1.5216991488996325e-10,True,True,18033216.622073475,2.5118864315095823e-06,2.3660900418007286e-15,True,False,80.0,98.65809608852153,6183868704.255293,18033216.62261201
0.0006042452805167933,1.3856226489127275,87.77927622237702,1.5216991488996325e-10,True,True,16072121.23199208,2.6607250597988086e-06,2.654796691440515e-15,True,False,80.0,98.65809608852153,6183868704.255293,16072121.232596327
0.0006779743556647098,1.3856226489127275,87.77927622237702,1.5216991488996325e-10,True,True,14324293.12581221,2.818382931264455e-06,2.9787308802160584e-15,True,False,80.0,98.65809608852153,6183868704.255293,14324293.126490183
0.0007606997385992884,1.3856226489127275,87.77927622237702,1.5216991488996325e-10,True,True,12766539.686482873,2.985382618917963e-06,3.3421910180015532e-15,True,False,80.0,98.65809608852153,6183868704.255293,12766539.687243573
0.0008535191448910791,1.3856226489127275,87.77927622237702,1.5216991488996325e-10,True,True,11378190.472299583,3.162277660168379e-06,3.75e-15,True,False,80.0,98.65809608852153,6183868704.255293,11378190.473153101
0.0009576642316678239,1.3856226489127275,87.77927622237702,1.5216991488996325e-10,True,True,10140822.93270143,3.3496543915782793e-06,4.20756920363237e-15,True,False,80.0,98.65809608852153,6183868704.255293,10140822.933659093
0.0010745169409562062,1.3856226489127275,87.77927622237702,1.5216991488996325e-10,True,True,9038017.952218376,3.548133892335753e-06,4.720970294228122e-15,True,False,80.0,98.65809608852153,6183868704.255293,9038017.953292893
0.001205627837212959,1.3856226489127275,87.77927622237702,1.5216991488996325e-10,True,True,8055141.978784245,3.7583740428844434e-06,5.297015792335334e-15,True,False,80.0,98.65809608852153,6183868704.255293,8055141.979989873
0.0013527366823731055,1.3856226489127275,87.77927622237702,1.5216991488996325e-10,True,True,7179152.845391962,3.981071705534978e-06,5.94334947172919e-15,True,False,80.0,98.65809608852153,6183868704.255293,7179152.846744698
0.001517795521433834,1.3856226489127275,87.77927622237702,1.5216991488996325e-10,True,True,6398426.708461152,4.216965034285822e-06,6.66854778764596e-15,True,False,80.0,98.65809608852153,6183868704.255293,6398426.709978948
0.0017029945849056356,1.3856226489127275,87.77927622237702,1.5216991488996325e-10,True,True,5702603.8064960055,4.466835921509635e-06,7.48223368113331e-15,True,False,80.0,98.65809608852153,6183868704.255293,5702603.808199001
0.0019107913518404311,1.3856226489127275,87.77927622237702,1.5216991488996325e-10,True,True,5082450.992344644,4.731512589614803e-06,8.395204269631267e-15,True,False,80.0,98.65809608852153,6183868704.255293,5082450.994255436
0.002143943159085563,1.3856226489127275,87.77927622237702,1.5216991488996325e-10,True,True,4529739.214945944,5.011872336272725e-06,9.419574118160933e-15,True,False,80.0,98.65809608852153,6183868704.255293,4529739.217089887
0.002405543789468456,1.3856226489127275,87.77927622237702,1.5216991488996325e-10,True,True,4037134.324821781,5.30884444230989e-06,1.0568935992241728e-14,True,False,80.0,98.65809608852153,6183868704.255293,4037134.327227325
0.0026990645244150784,1.3856226489127275,87.77927622237702,1.5216991488996325e-10,True,True,3598099.7543693664,5.623413251903491e-06,1.1858541225631424e-14,True,False,80.0,98.65809608852153,6183868704.255293,3598099.757068431
0.0030284002057454746,1.3856226489127275,87.77927622237702,1.5216991488996325e-10,True,True,3206809.781580493,5.956621435290109e-06,1.33055020962591e-14,True,False,80.0,98.65809608852153,6183868704.255293,3206809.784608893
0.0033979209178582916,1.3856226489127275,87.77927622237702,1.5216991488996325e-10,True,True,2858072.226250081,6.309573444801943e-06,1.4929018895756196e-14,True,False,80.0,98.65809608852153,6183868704.255293,2858072.229648002
0.00381252997609566,1.3856226489127275,87.77927622237702,1.5216991488996325e-10,True,True,2547259.5528993933,6.683439175686149e-06,1.675063470566113e-14,True,False,80.0,98.65809608852153,6183868704.255293,2547259.5567119233
0.00427772899075876,1.3856226489127275,87.77927622237702,1.5216991488996325e-10,True,True,2270247.466191726,7.079457843841388e-06,1.8794521261022756e-14,True,False,80.0,98.65809608852153,6183868704.255293,2270247.4704694543
0.004799690870133829,1.3856226489127275,87.77927622237702,1.5216991488996325e-10,True,True,2023360.1840391397,7.498942093324558e-06,2.1087799694638087e-14,True,False,80.0,98.65809608852153,6183868704.255293,2023360.1888388305
0.005385341731234816,1.3856226489127275,87.77927622237702,1.5216991488996325e-10,True,True,1803321.662207348,7.943282347242822e-06,2.3660900418007286e-14,True,False,80.0,98.65809608852153,6183868704.255293,1803321.6675926899
0.006042452805167958,1.3856226489127275,87.77927622237702,1.5216991488996325e-10,True,True,1607212.1231992014,8.413951416451965e-06,2.654796691440526e-14,True,False,80.0,98.65809608852153,6183868704.255293,1607212.1292416542
0.006779743556647098,1.3856226489127275,87.77927622237702,1.5216991488996325e-10,True,True,1432429.3125812206,8.91250938133746e-06,2.978730880216058e-14,True,False,80.0,98.65809608852153,6183868704.255293,1432429.319360964
0.007606997385992885,1.3856226489127275,87.77927622237702,1.5216991488996325e-10,True,True,1276653.9686482872,9.440608762859246e-06,3.342191018001554e-14,True,False,80.0,98.65809608852153,6183868704.255293,1276653.9762552849
0.008535191448910795,1.3856226489127275,87.77927622237702,1.5216991488996325e-10,True,True,1137819.047229958,1e-05,3.750000000000001e-14,True,False,80.0,98.65809608852153,6183868704.255293,1137819.0557651494
0.009576642316678237,1.3856226489127275,87.77927622237702,1.5216991488996325e-10,True,True,1014082.2932701432,1.0592537251772897e-05,4.207569203632369e-14,True,False,80.0,98.65809608852153,6183868704.255293,1014082.3028467854
0.010745169409562109,1.3856226489127275,87.77927622237702,1.5216991488996325e-10,True,True,903801.7952218339,1.1220184543019652e-05,4.7209702942281425e-14,True,False,80.0,98.65809608852153,6183868704.255293,903801.8059670032
0.01205627837212959,1.3856226489127275,87.77927622237702,1.5216991488996325e-10,True,True,805514.1978784245,1.188502227437019e-05,5.297015792335333e-14,True,False,80.0,98.65809608852153,6183868704.255293,805514.209934703
0.013527366823731056,1.3856226489127275,87.77927622237702,1.5216991488996325e-10,True,True,717915.284539196,1.2589254117941688e-05,5.94334947172919e-14,True,False,80.0,98.65809608852153,6183868704.255293,717915.2980665629
0.01517795521433834,1.3856226489127275,87.77927622237702,1.5216991488996325e-10,True,True,639842.6708461151,1.333521432163324e-05,6.66854778764596e-14,True,False,80.0,98.65809608852153,6183868704.255293,639842.6860240703
0.017029945849056368,1.3856226489127275,87.77927622237702,1.5216991488996325e-10,True,True,570260.3806496005,1.4125375446227555e-05,7.482233681133313e-14,True,False,80.0,98.65809608852153,6183868704.255293,570260.3976795464
0.019107913518404383,1.3856226489127275,87.77927622237702,1.5216991488996325e-10,True,True,508245.0992344624,1.4962356560944358e-05,8.395204269631299e-14,True,False,80.0,98.65809608852153,6183868704.255293,508245.11834237596
0.02143943159085563,1.3856226489127275,87.77927622237702,1.5216991488996325e-10,True,True,452973.92149459437,1.584893192461114e-05,9.419574118160932e-14,True,False,80.0,98.65809608852153,6183868704.255293,452973.94293402595
0.02405543789468456,1.3856226489127275,87.77927622237702,1.5216991488996325e-10,True,True,403713.4324821781,1.6788040181225625e-05,1.0568935992241729e-13,True,False,80.0,98.65809608852153,6183868704.255293,403713.456537616
0.02699064524415078,1.3856226489127275,87.77927622237702,1.5216991488996325e-10,True,True,359809.97543693666,1.778279410038923e-05,1.1858541225631423e-13,True,False,80.0,98.65809608852153,6183868704.255293,359810.00242758193
0.030284002057454754,1.3856226489127275,87.77927622237702,1.5216991488996325e-10,True,True,320680.9781580492,1.883649089489802e-05,1.3305502096259103e-13,True,False,80.0,98.65809608852153,6183868704.255293,320681.00844205124
0.03397920917858292,1.3856226489127275,87.77927622237702,1.5216991488996325e-10,True,True,285807.222625008,1.995262314968883e-05,1.4929018895756198e-13,True,False,80.0,98.65809608852153,6183868704.255293,285807.25660421717
0.03812529976095659,1.3856226489127275,87.77927622237702,1.5216991488996325e-10,True,True,254725.95528993942,2.1134890398366476e-05,1.6750634705661128e-13,True,False,80.0,98.65809608852153,6183868704.255293,254725.99341523918
0.04277728990758761,1.3856226489127275,87.77927622237702,1.5216991488996325e-10,True,True,227024.74661917263,2.2387211385683423e-05,1.8794521261022758e-13,True,False,80.0,98.65809608852153,6183868704.255293,227024.78939646253
0.047996908701338305,1.3856226489127275,87.77927622237702,1.5216991488996325e-10,True,True,202336.01840391394,2.3713737056616554e-05,2.1087799694638092e-13,True,False,80.0,98.65809608852153,6183868704.255293,202336.06640082266
0.05385341731234815,1.3856226489127275,87.77927622237702,1.5216991488996325e-10,True,True,180332.16622073477,2.5118864315095822e-05,2.3660900418007283e-13,True,False,80.0,98.65809608852153,6183868704.255293,180332.22007415208
0.06042452805167957,1.3856226489127275,87.77927622237702,1.5216991488996325e-10,True,True,160721.2123199202,2.660725059798814e-05,2.6547966914405256e-13,True,False,80.0,98.65809608852153,6183868704.255293,160721.27274444824
0.06779743556647098,1.3856226489127275,87.77927622237702,1.5216991488996325e-10,True,True,143242.9312581221,2.818382931264455e-05,2.978730880216058e-13,True,False,80.0,98.65809608852153,6183868704.255293,143242.99905555765
0.07606997385992885,1.3856226489127275,87.77927622237702,1.5216991488996325e-10,True,True,127665.39686482874,2.985382618917963e-05,3.342191018001554e-13,True,False,80.0,98.65809608852153,6183868704.255293,127665.4729348026
0.08535191448910794,1.3856226489127275,87.77927622237702,1.5216991488996325e-10,True,True,113781.90472299581,3.1622776601683795e-05,3.75e-13,True,False,80.0,98.65809608852153,6183868704.255293,113781.99007491031
0.0957664231667824,1.3856226489127275,87.77927622237702,1.5216991488996325e-10,True,True,101408.22932701431,3.3496543915782794e-05,4.20756920363237e-13,True,False,80.0,98.65809608852153,6183868704.255293,101408.32509343748
0.10745169409562108,1.3856226489127275,87.77927622237702,1.5216991488996325e-10,True,True,90380.17952218339,3.54813389233576e-05,4.720970294228141e-13,True,False,80.0,98.65809608852153,6183868704.255293,90380.28697387748
0.12056278372129588,1.3856226489127275,87.77927622237702,1.5216991488996325e-10,True,True,80551.41978784247,3.758374042884443e-05,5.297015792335333e-13,True,False,80.0,98.65809608852153,6183868704.255293,80551.5403506262
0.1352736682373106,1.3856226489127275,87.77927622237702,1.5216991488996325e-10,True,True,71791.52845391963,3.9810717055349776e-05,5.943349471729191e-13,True,False,80.0,98.65809608852153,6183868704.255293,71791.66372758786
0.1517795521433834,1.3856226489127275,87.77927622237702,1.5216991488996325e-10,True,True,63984.26708461152,4.216965034285822e-05,6.66854778764596e-13,True,False,80.0,98.65809608852153,6183868704.255293,63984.418864163665
0.1702994584905636,1.3856226489127275,87.77927622237702,1.5216991488996325e-10,True,True,57026.038064960056,4.466835921509635e-05,7.482233681133311e-13,True,False,80.0,98.65809608852153,6183868704.255293,57026.20836441854
0.19107913518404387,1.3856226489127275,87.77927622237702,1.5216991488996325e-10,True,True,50824.50992344625,4.7315125896148124e-05,8.3952042696313e-13,True,False,80.0,98.65809608852153,6183868704.255293,50824.70100258143
0.21439431590855634,1.3856226489127275,87.77927622237702,1.5216991488996325e-10,True,True,45297.39214945943,5.011872336272725e-05,9.419574118160934e-13,True,False,80.0,98.65809608852153,6183868704.255293,45297.606543775335
0.24055437894684556,1.3856226489127275,87.77927622237702,1.5216991488996325e-10,True,True,40371.34324821781,5.30884444230989e-05,1.0568935992241727e-12,True,False,80.0,98.65809608852153,6183868704.255293,40371.58380259675
0.2699064524415078,1.3856226489127275,87.77927622237702,1.5216991488996325e-10,True,True,35980.99754369367,5.623413251903491e-05,1.1858541225631423e-12,True,False,80.0,98.65809608852153,6183868704.255293,35981.26745014611
0.30284002057454745,1.3856226489127275,87.77927622237702,1.5216991488996325e-10,True,True,32068.097815804922,5.9566214352901096e-05,1.33055020962591e-12,True,False,80.0,98.65809608852153,6183868704.255293,32068.400655825495
0.33979209178582914,1.3856226489127275,87.77927622237702,1.5216991488996325e-10,True,True,28580.72226250081,6.309573444801943e-05,1.4929018895756194e-12,True,False,80.0,98.65809608852153,6183868704.255293,28581.062054592596
0.381252997609566,1.3856226489127275,87.77927622237702,1.5216991488996325e-10,True,True,25472.59552899393,6.683439175686149e-05,1.6750634705661133e-12,True,False,80.0,98.65809608852153,6183868704.255293,25472.97678199154
0.4277728990758761,1.3856226489127275,87.77927622237702,1.5216991488996325e-10,True,True,22702.474661917255,7.079457843841388e-05,1.879452126102276e-12,True,False,80.0,98.65809608852153,6183868704.255293,22702.902434816333
0.4799690870133831,1.3856226489127275,87.77927622237702,1.5216991488996325e-10,True,True,20233.601840391388,7.498942093324559e-05,2.1087799694638092e-12,True,False,80.0,98.65809608852153,6183868704.255293,20234.0818094784
0.5385341731234817,1.3856226489127275,87.77927622237702,1.5216991488996325e-10,True,True,18033.216622073476,7.943282347242822e-05,2.3660900418007294e-12,True,False,80.0,98.65809608852153,6183868704.255293,18033.7551562466
0.6042452805167958,1.3856226489127275,87.77927622237702,1.5216991488996325e-10,True,True,16072.121231992014,8.413951416451965e-05,2.654796691440526e-12,True,False,80.0,98.65809608852153,6183868704.255293,16072.725477272532
0.6779743556647098,1.3856226489127275,87.77927622237702,1.5216991488996325e-10,True,True,14324.29312581221,8.912509381337459e-05,2.978730880216058e-12,True,False,80.0,98.65809608852153,6183868704.255293,14324.971100167873
0.7606997385992886,1.3856226489127275,87.77927622237702,1.5216991488996325e-10,True,True,12766.539686482874,9.440608762859246e-05,3.342191018001554e-12,True,False,80.0,98.65809608852153,6183868704.255293,12767.300386221472
0.8535191448910794,1.3856226489127275,87.77927622237702,1.5216991488996325e-10,True,True,11378.19047229958,0.0001,3.750000000000001e-12,True,False,80.0,98.65809608852153,6183868704.255293,11379.04399144447
0.9576642316678238,1.3856226489127275,87.77927622237702,1.5216991488996325e-10,True,True,10140.822932701432,0.00010592537251772897,4.207569203632369e-12,True,False,80.0,98.65809608852153,6183868704.255293,10141.780596933098
1.074516940956211,1.3856226489127275,87.77927622237702,1.5216991488996325e-10,True,True,9038.017952218335,0.00011220184543019653,4.720970294228143e-12,True,False,80.0,98.65809608852153,6183868704.255293,9039.092469159292
1.2056278372129587,1.3856226489127275,87.77927622237702,1.5216991488996325e-10,True,True,8055.141978784245,0.00011885022274370189,5.297015792335332e-12,True,False,80.0,98.65809608852153,6183868704.255293,8056.347606621459
1.3527366823731053,1.3856226489127275,87.77927622237702,1.5216991488996325e-10,True,True,7179.152845391963,0.00012589254117941688,5.9433494717291895e-12,True,False,80.0,98.65809608852153,6183868704.255293,7180.5055820743355
1.5177955214338341,1.3856226489127275,87.77927622237702,1.5216991488996325e-10,True,True,6398.426708461151,0.0001333521432163324,6.66854778764596e-12,True,False,80.0,98.65809608852153,6183868704.255293,6399.944503982585
1.702994584905636,1.3856226489127275,87.77927622237702,1.5216991488996325e-10,True,True,5702.603806496004,0.00014125375446227554,7.48223368113331e-12,True,False,80.0,98.65809608852153,6183868704.255293,5704.30680108091
1.9107913518404382,1.3856226489127275,87.77927622237702,1.5216991488996325e-10,True,True,5082.450992344625,0.00014962356560944357,8.395204269631299e-12,True,False,80.0,98.65809608852153,6183868704.255293,5084.361783696466
2.1439431590855635,1.3856226489127275,87.77927622237702,1.5216991488996325e-10,True,True,4529.739214945944,0.00015848931924611142,9.419574118160934e-12,True,False,80.0,98.65809608852153,6183868704.255293,4531.88315810503
2.4055437894684557,1.3856226489127275,87.77927622237702,1.5216991488996325e-10,True,True,4037.134324821782,0.00016788040181225624,1.0568935992241728e-11,True,False,80.0,98.65809608852153,6183868704.255293,4039.5398686112503
2.699064524415078,1.3856226489127275,87.77927622237702,1.5216991488996325e-10,True,True,3598.099754369367,0.00017782794100389227,1.1858541225631422e-11,True,False,80.0,98.65809608852153,6183868704.255293,3600.798818893782
3.0284002057454753,1.3856226489127275,87.77927622237702,1.5216991488996325e-10,True,True,3206.8097815804917,0.0001883649089489802,1.3305502096259103e-11,True,False,80.0,98.65809608852153,6183868704.255293,3209.8381817862373
3.3979209178582908,1.3856226489127275,87.77927622237702,1.5216991488996325e-10,True,True,2858.072226250081,0.00019952623149688828,1.4929018895756195e-11,True,False,80.0,98.65809608852153,6183868704.255293,2861.470147167939
3.8125299760956595,1.3856226489127275,87.77927622237702,1.5216991488996325e-10,True,True,2547.259552899394,0.00021134890398366476,1.675063470566113e-11,True,False,80.0,98.65809608852153,6183868704.255293,2551.0720828754893
4.277728990758761,1.3856226489127275,87.77927622237702,1.5216991488996325e-10,True,True,2270.247466191726,0.00022387211385683424,1.8794521261022758e-11,True,False,80.0,98.65809608852153,6183868704.255293,2274.5251951824844
4.799690870133831,1.3856226489127275,87.77927622237702,1.5216991488996325e-10,True,True,2023.3601840391386,0.00023713737056616554,2.1087799694638094e-11,True,False,80.0,98.65809608852153,6183868704.255293,2028.1598749092725
5.385341731234815,1.3856226489127275,87.77927622237702,1.5216991488996325e-10,True,True,1803.3216622073483,0.0002511886431509582,2.3660900418007284e-11,True,False,80.0,98.65809608852153,6183868704.255293,1808.7070039385833
6.042452805167956,1.3856226489127275,87.77927622237702,1.5216991488996325e-10,True,True,1607.212123199202,0.0002660725059798814,2.6547966914405254e-11,True,False,80.0,98.65809608852153,6183868704.255293,1613.2545760043702
6.779743556647097,1.3856226489127275,87.77927622237702,1.5216991488996325e-10,True,True,1432.429312581221,0.0002818382931264455,2.978730880216058e-11,True,False,80.0,98.65809608852153,6183868704.255293,1439.2090561378682
7.6069973859928846,1.3856226489127275,87.77927622237702,1.5216991488996325e-10,True,True,1276.6539686482872,0.00029853826189179633,3.342191018001554e-11,True,False,80.0,98.65809608852153,6183868704.255293,1284.2609660342803
8.535191448910792,1.3856226489127275,87.77927622237702,1.5216991488996325e-10,True,True,1137.8190472299582,0.00031622776601683794,3.75e-11,True,False,80.0,98.65809608852153,6183868704.255293,1146.354238678869
9.576642316678239,1.3856226489127275,87.77927622237702,1.5216991488996325e-10,True,True,1014.082293270143,0.00033496543915782794,4.20756920363237e-11,True,False,80.0,98.65809608852153,6183868704.255293,1023.6589355868213
10.74516940956211,1.3856226489127275,87.77927622237702,1.5216991488996325e-10,True,True,903.8017952218337,0.000354813389233576,4.7209702942281425e-11,True,False,80.0,98.65809608852153,6183868704.255293,914.5469646313959
12.056278372129588,1.3856226489127275,87.77927622237702,1.5216991488996325e-10,True,True,805.5141978784245,0.0003758374042884443,5.297015792335332e-11,True,False,80.0,98.65809608852153,6183868704.255293,817.5704762505542
13.527366823731056,1.3856226489127275,87.77927622237702,1.5216991488996325e-10,True,True,717.9152845391963,0.00039810717055349773,5.94334947172919e-11,True,False,80.0,98.65809608852153,6183868704.255293,731.4426513629272
15.177955214338342,1.3856226489127275,87.77927622237702,1.5216991488996325e-10,True,True,639.8426708461151,0.00042169650342858224,6.66854778764596e-11,True,False,80.0,98.65809608852153,6183868704.255293,655.0206260604533
17.02994584905636,1.3856226489127275,87.77927622237702,1.5216991488996325e-10,True,True,570.2603806496006,0.0004466835921509635,7.482233681133311e-11,True,False,80.0,98.65809608852153,6183868704.255293,587.290326498657
19.10791351840439,1.3856226489127275,87.77927622237702,1.5216991488996325e-10,True,True,508.2450992344625,0.00047315125896148127,8.395204269631302e-11,True,False,80.0,98.65809608852153,6183868704.255293,527.3530127528669
21.43943159085563,1.3856226489127275,87.77927622237702,1.5216991488996325e-10,True,True,452.9739214945943,0.0005011872336272725,9.419574118160934e-11,True,False,80.0,98.65809608852153,6183868704.255293,474.4133530854499
24.055437894684562,1.3856226489127275,87.77927622237702,1.5216991488996325e-10,True,True,403.71343248217806,0.000530884444230989,1.0568935992241729e-10,True,False,80.0,98.65809608852153,6183868704.255293,427.76887037686265
26.990645244150784,1.3856226489127275,87.77927622237702,1.5216991488996325e-10,True,True,359.8099754369366,0.0005623413251903491,1.1858541225631423e-10,True,False,80.0,98.65809608852153,6183868704.255293,386.8006206810874
30.28400205745475,1.3856226489127275,87.77927622237702,1.5216991488996325e-10,True,True,320.68097815804913,0.000595662143529011,1.3305502096259103e-10,True,False,80.0,98.65809608852153,6183868704.255293,350.9649802155039
33.979209178582906,1.3856226489127275,87.77927622237702,1.5216991488996325e-10,True,True,285.80722262500814,0.0006309573444801943,1.4929018895756195e-10,True,False,80.0,98.65809608852153,6183868704.255293,319.78643180359103
38.125299760956594,1.3856226489127275,87.77927622237702,1.5216991488996325e-10,True,True,254.72595528993935,0.0006683439175686149,1.6750634705661133e-10,True,False,80.0,98.65809608852153,6183868704.255293,292.85125505089593
42.7772899075876,1.3856226489127275,87.77927622237702,1.5216991488996325e-10,True,True,227.02474661917253,0.0007079457843841388,1.8794521261022756e-10,True,False,80.0,98.65809608852153,6183868704.255293,269.80203652676016
47.99690870133831,1.3856226489127275,87.77927622237702,1.5216991488996325e-10,True,True,202.3360184039139,0.0007498942093324559,2.1087799694638094e-10,True,False,80.0,98.65809608852153,6183868704.255293,250.33292710525222
53.85341731234816,1.3856226489127275,87.77927622237702,1.5216991488996325e-10,True,True,180.3321662207348,0.0007943282347242822,2.3660900418007287e-10,True,False,80.0,98.65809608852153,6183868704.255293,234.18558353308296
60.424528051679566,1.3856226489127275,87.77927622237702,1.5216991488996325e-10,True,True,160.72121231992017,0.0008413951416451964,2.6547966914405255e-10,True,False,80.0,98.65809608852153,6183868704.255293,221.14574037159974
67.797435566471,1.3856226489127275,87.77927622237702,1.5216991488996325e-10,True,True,143.2429312581221,0.0008912509381337459,2.9787308802160585e-10,True,False,80.0,98.65809608852153,6183868704.255293,211.0403668245931
76.06997385992884,1.3856226489127275,87.77927622237702,1.5216991488996325e-10,True,True,127.66539686482874,0.0009440608762859245,3.3421910180015536e-10,True,False,80.0,98.65809608852153,6183868704.255293,203.73537072475756
85.35191448910791,1.3856226489127275,87.77927622237702,1.5216991488996325e-10,True,True,113.78190472299585,0.001,3.75e-10,True,False,80.0,98.65809608852153,6183868704.255293,199.13381921210376
95.76642316678237,1.3856226489127275,87.77927622237702,1.5216991488996325e-10,True,True,101.40822932701428,0.0010592537251772898,4.2075692036323696e-10,True,False,80.0,98.65809608852153,6183868704.255293,197.17465249379666
107.45169409562106,1.3856226489127275,87.77927622237702,1.5216991488996325e-10,True,True,90.38017952218335,0.0011220184543019652,4.720970294228141e-10,True,False,80.0,98.65809608852153,6183868704.255293,197.83187361780443
120.56278372129592,1.3856226489127275,87.77927622237702,1.5216991488996325e-10,True,True,80.55141978784245,0.001188502227437019,5.297015792335334e-10,True,False,80.0,98.65809608852153,6183868704.255293,201.11420350913835
135.27366823731055,1.3856226489127275,87.77927622237702,1.5216991488996325e-10,True,True,71.79152845391963,0.0012589254117941688,5.943349471729191e-10,True,False,80.0,98.65809608852153,6183868704.255293,207.06519669123017
151.77955214338343,1.3856226489127275,87.77927622237702,1.5216991488996325e-10,True,True,63.98426708461152,0.001333521432163324,6.668547787645961e-10,True,False,80.0,98.65809608852153,6183868704.255293,215.76381922799496
170.29945849056364,1.3856226489127275,87.77927622237702,1.5216991488996325e-10,True,True,57.026038064960055,0.0014125375446227555,7.482233681133311e-10,True,False,80.0,98.65809608852153,6183868704.255293,227.3254965555237
191.07913518404382,1.3856226489127275,87.77927622237702,1.5216991488996325e-10,True,True,50.82450992344625,0.0014962356560944358,8.395204269631299e-10,True,False,80.0,98.65809608852153,6183868704.255293,241.90364510749006
214.39431590855628,1.3856226489127275,87.77927622237702,1.5216991488996325e-10,True,True,45.29739214945944,0.001584893192461114,9.419574118160932e-10,True,False,80.0,98.65809608852153,6183868704.255293,259.6917080580157
240.5543789468456,1.3856226489127275,87.77927622237702,1.5216991488996325e-10,True,True,40.37134324821781,0.0016788040181225624,1.0568935992241728e-09,True,False,80.0,98.65809608852153,6183868704.255293,280.92572219506343
269.9064524415078,1.3856226489127275,87.77927622237702,1.5216991488996325e-10,True,True,35.980997543693675,0.0017782794100389228,1.1858541225631421e-09,True,False,80.0,98.65809608852153,6183868704.255293,305.8874499852015
302.8400205745475,1.3856226489127275,87.77927622237702,1.5216991488996325e-10,True,True,32.068097815804926,0.0018836490894898021,1.3305502096259103e-09,True,False,80.0,98.65809608852153,6183868704.255293,334.90811839035246
339.7920917858291,1.3856226489127275,87.77927622237702,1.5216991488996325e-10,True,True,28.580722262500814,0.001995262314968883,1.4929018895756196e-09,True,False,80.0,98.65809608852153,6183868704.255293,368.37281404832993
381.25299760956585,1.3856226489127275,87.77927622237702,1.5216991488996325e-10,True,True,25.472595528993935,0.0021134890398366475,1.6750634705661126e-09,True,False,80.0,98.65809608852153,6183868704.255293,406.7255931385598
427.7728990758761,1.3856226489127275,87.77927622237702,1.5216991488996325e-10,True,True,22.70247466191725,0.0022387211385683425,1.879452126102276e-09,True,False,80.0,98.65809608852153,6183868704.255293,450.47537373779335
479.96908701338305,1.3856226489127275,87.77927622237702,1.5216991488996325e-10,True,True,20.233601840391387,0.0023713737056616554,2.108779969463809e-09,True,False,80.0,98.65809608852153,6183868704.255293,500.2026888537745
538.5341731234814,1.3856226489127275,87.77927622237702,1.5216991488996325e-10,True,True,18.033216622073482,0.002511886431509582,2.366090041800728e-09,True,False,80.0,98.65809608852153,6183868704.255293,556.5673897455549
604.2452805167956,1.3856226489127275,87.77927622237702,1.5216991488996325e-10,True,True,16.072121231992014,0.002660725059798814,2.6547966914405254e-09,True,False,80.0,98.65809608852153,6183868704.255293,620.3174017487877
677.9743556647097,1.3856226489127275,87.77927622237702,1.5216991488996325e-10,True,True,14.324293125812211,0.002818382931264455,2.9787308802160574e-09,True,False,80.0,98.65809608852153,6183868704.255293,692.2986487905218
760.6997385992885,1.3856226489127275,87.77927622237702,1.5216991488996325e-10,True,True,12.766539686482874,0.0029853826189179633,3.342191018001554e-09,True,False,80.0,98.65809608852153,6183868704.255293,773.4662782857714
853.5191448910793,1.3856226489127275,87.77927622237702,1.5216991488996325e-10,True,True,11.37819047229958,0.0031622776601683794,3.7500000000000005e-09,True,False,80.0,98.65809608852153,6183868704.255293,864.8973353633789
957.664231667824,1.3856226489127275,87.77927622237702,1.5216991488996325e-10,True,True,10.14082293270143,0.0033496543915782794,4.2075692036323704e-09,True,False,80.0,98.65809608852153,6183868704.255293,967.8050546005254
1074.516940956211,1.3856226489127275,87.77927622237702,1.5216991488996325e-10,True,True,9.038017952218334,0.0035481338923357606,4.720970294228143e-09,True,False,80.0,98.65809608852153,6183868704.255293,1083.5549589084294
1205.6278372129589,1.3856226489127275,87.77927622237702,1.5216991488996325e-10,True,True,8.055141978784247,0.003758374042884443,5.297015792335332e-09,True,False,80.0,98.65809608852153,6183868704.255293,1213.682979191743
1352.7366823731056,1.3856226489127275,87.77927622237702,1.5216991488996325e-10,True,True,7.179152845391961,0.003981071705534978,5.9433494717291905e-09,True,False,80.0,98.65809608852153,6183868704.255293,1359.9158352184977
1517.7955214338347,1.3856226489127275,87.77927622237702,1.5216991488996325e-10,True,True,6.398426708461151,0.004216965034285823,6.668547787645962e-09,True,False,80.0,98.65809608852153,6183868704.255293,1524.1939481422958
1702.9945849056362,1.3856226489127275,87.77927622237702,1.5216991488996325e-10,True,True,5.702603806496005,0.004466835921509635,7.482233681133311e-09,True,False,80.0,98.65809608852153,6183868704.255293,1708.6971887121322
1910.7913518404393,1.3856226489127275,87.77927622237702,1.5216991488996325e-10,True,True,5.082450992344624,0.004731512589614813,8.395204269631304e-09,True,False,80.0,98.65809608852153,6183868704.255293,1915.8738028327841
2143.943159085563,1.3856226489127275,87.77927622237702,1.5216991488996325e-10,True,True,4.529739214945944,0.005011872336272725,9.419574118160932e-09,True,False,80.0,98.65809608852153,6183868704.255293,2148.472898300509
2405.5437894684555,1.3856226489127275,87.77927622237702,1.5216991488996325e-10,True,True,4.037134324821782,0.00530884444230989,1.0568935992241727e-08,True,False,80.0,98.65809608852153,6183868704.255293,2409.580923793277
2699.0645244150783,1.3856226489127275,87.77927622237702,1.5216991488996325e-10,True,True,3.598099754369367,0.005623413251903491,1.1858541225631424e-08,True,False,80.0,98.65809608852153,6183868704.255293,2702.662624169448
3028.4002057454745,1.3856226489127275,87.77927622237702,1.5216991488996325e-10,True,True,3.2068097815804926,0.005956621435290109,1.3305502096259099e-08,True,False,80.0,98.65809608852153,6183868704.255293,3031.607015527055
3397.920917858291,1.3856226489127275,87.77927622237702,1.5216991488996325e-10,True,True,2.858072226250081,0.006309573444801942,1.4929018895756195e-08,True,False,80.0,98.65809608852153,6183868704.255293,3400.778990084541
3812.52997609566,1.3856226489127275,87.77927622237702,1.5216991488996325e-10,True,True,2.547259552899393,0.006683439175686149,1.675063470566113e-08,True,False,80.0,98.65809608852153,6183868704.255293,3815.077235648559
4277.728990758761,1.3856226489127275,87.77927622237702,1.5216991488996325e-10,True,True,2.270247466191726,0.007079457843841388,1.8794521261022758e-08,True,False,80.0,98.65809608852153,6183868704.255293,4279.999238224953
4799.690870133831,1.3856226489127275,87.77927622237702,1.5216991488996325e-10,True,True,2.0233601840391398,0.007498942093324558,2.108779969463809e-08,True,False,80.0,98.65809608852153,6183868704.255293,4801.71423031787
5385.341731234815,1.3856226489127275,87.77927622237702,1.5216991488996325e-10,True,True,1.8033216622073485,0.00794328234724282,2.366090041800728e-08,True,False,80.0,98.65809608852153,6183868704.255293,5387.145052897022
6042.452805167957,1.3856226489127275,87.77927622237702,1.5216991488996325e-10,True,True,1.6072121231992018,0.008413951416451964,2.6547966914405256e-08,True,False,80.0,98.65809608852153,6183868704.255293,6044.060017291156
6779.743556647097,1.3856226489127275,87.77927622237702,1.5216991488996325e-10,True,True,1.4324293125812209,0.008912509381337459,2.978730880216058e-08,True,False,80.0,98.65809608852153,6183868704.255293,6781.175985959679
7606.997385992886,1.3856226489127275,87.77927622237702,1.5216991488996325e-10,True,True,1.2766539686482872,0.009440608762859246,3.342191018001554e-08,True,False,80.0,98.65809608852153,6183868704.255293,7608.274039961535
8535.191448910791,1.3856226489127275,87.77927622237702,1.5216991488996325e-10,True,True,1.137819047229958,0.01,3.75e-08,True,False,80.0,98.65809608852153,6183868704.255293,8536.32926795802
9576.642316678239,1.3856226489127275,87.77927622237702,1.5216991488996325e-10,True,True,1.0140822932701434,0.010592537251772897,4.207569203632369e-08,True,False,80.0,98.65809608852153,6183868704.255293,9577.656398971509
10745.16940956211,1.3856226489127275,87.77927622237702,1.5216991488996325e-10,True,True,0.9038017952218337,0.011220184543019653,4.7209702942281426e-08,True,False,80.0,98.65809608852153,6183868704.255293,10746.073211357332
12056.278372129638,1.3856226489127275,87.77927622237702,1.5216991488996325e-10,True,True,0.8055141978784213,0.011885022274370214,5.2970157923353545e-08,True,False,80.0,98.65809608852153,6183868704.255293,12057.083886327517
13527.366823730998,1.3856226489127275,87.77927622237702,1.5216991488996325e-10,True,True,0.7179152845391992,0.012589254117941661,5.9433494717291646e-08,True,False,80.0,98.65809608852153,6183868704.255293,13528.084739015536
15177.95521433834,1.3856226489127275,87.77927622237702,1.5216991488996325e-10,True,True,0.6398426708461151,0.01333521432163324,6.66854778764596e-08,True,False,80.0,98.65809608852153,6183868704.255293,15178.595057009186
17029.94584905636,1.3856226489127275,87.77927622237702,1.5216991488996325e-10,True,True,0.5702603806496006,0.014125375446227554,7.48223368113331e-08,True,False,80.0,98.65809608852153,6183868704.255293,17030.51610943701
19107.913518404388,1.3856226489127275,87.77927622237702,1.5216991488996325e-10,True,True,0.5082450992344624,0.014962356560944358,8.3952042696313e-08,True,False,80.0,98.65809608852153,6183868704.255293,19108.421763503622
21439.43159085572,1.3856226489127275,87.77927622237702,1.5216991488996325e-10,True,True,0.4529739214945926,0.015848931924611172,9.41957411816097e-08,True,False,80.0,98.65809608852153,6183868704.255293,21439.884564777214
24055.43789468446,1.3856226489127275,87.77927622237702,1.5216991488996325e-10,True,True,0.40371343248217967,0.01678804018122559,1.0568935992241685e-07,True,False,80.0,98.65809608852153,6183868704.255293,24055.84160811694
26990.64524415078,1.3856226489127275,87.77927622237702,1.5216991488996325e-10,True,True,0.35980997543693666,0.01778279410038923,1.1858541225631422e-07,True,False,80.0,98.65809608852153,6183868704.255293,26991.005054126217
30284.00205745475,1.3856226489127275,87.77927622237702,1.5216991488996325e-10,True,True,0.3206809781580492,0.01883649089489802,1.3305502096259102e-07,True,False,80.0,98.65809608852153,6183868704.255293,30284.322738432907
33979.20917858291,1.3856226489127275,87.77927622237702,1.5216991488996325e-10,True,True,0.2858072226250081,0.01995262314968883,1.4929018895756196e-07,True,False,80.0,98.65809608852153,6183868704.255293,33979.49498580554
38125.299760956754,1.3856226489127275,87.77927622237702,1.5216991488996325e-10,True,True,0.2547259552899383,0.02113489039836652,1.6750634705661198e-07,True,False,80.0,98.65809608852153,6183868704.255293,38125.55448691204
42777.28990758744,1.3856226489127275,87.77927622237702,1.5216991488996325e-10,True,True,0.2270247466191735,0.022387211385683378,1.8794521261022682e-07,True,False,80.0,98.65809608852153,6183868704.255293,42777.51693233405
47996.90870133831,1.3856226489127275,87.77927622237702,1.5216991488996325e-10,True,True,0.2023360184039139,0.023713737056616554,2.1087799694638092e-07,True,False,80.0,98.65809608852153,6183868704.255293,47997.11103735671
53853.41731234815,1.3856226489127275,87.77927622237702,1.5216991488996325e-10,True,True,0.1803321662207348,0.025118864315095822,2.3660900418007286e-07,True,False,80.0,98.65809608852153,6183868704.255293,53853.597644514375
60424.528051679576,1.3856226489127275,87.77927622237702,1.5216991488996325e-10,True,True,0.16072121231992015,0.02660725059798814,2.654796691440526e-07,True,False,80.0,98.65809608852153,6183868704.255293,60424.688772891895
67797.43556647125,1.3856226489127275,87.77927622237702,1.5216991488996325e-10,True,True,0.14324293125812151,0.02818382931264461,2.9787308802160705e-07,True,False,80.0,98.65809608852153,6183868704.255293,67797.5788094025
76069.97385992852,1.3856226489127275,87.77927622237702,1.5216991488996325e-10,True,True,0.12766539686482928,0.02985382618917957,3.3421910180015397e-07,True,False,80.0,98.65809608852153,6183868704.255293,76070.10152532539
85351.91448910792,1.3856226489127275,87.77927622237702,1.5216991488996325e-10,True,True,0.11378190472299583,0.03162277660168379,3.7499999999999996e-07,True,False,80.0,98.65809608852153,6183868704.255293,85352.02827101265
95766.42316678238,1.3856226489127275,87.77927622237702,1.5216991488996325e-10,True,True,0.10140822932701432,0.033496543915782793,4.207569203632369e-07,True,False,80.0,98.65809608852153,6183868704.255293,95766.5245750117
107451.6940956211,1.3856226489127275,87.77927622237702,1.5216991488996325e-10,True,True,0.09038017952218334,0.03548133892335761,4.720970294228143e-07,True,False,80.0,98.65809608852153,6183868704.255293,107451.78447580062
120562.78372129638,1.3856226489127275,87.77927622237702,1.5216991488996325e-10,True,True,0.08055141978784214,0.037583740428844506,5.297015792335354e-07,True,False,80.0,98.65809608852153,6183868704.255293,120562.86427271616
135273.66823731002,1.3856226489127275,87.77927622237702,1.5216991488996325e-10,True,True,0.07179152845391992,0.03981071705534969,5.943349471729166e-07,True,False,80.0,98.65809608852153,6183868704.255293,135273.74002883845
151779.55214338342,1.3856226489127275,87.77927622237702,1.5216991488996325e-10,True,True,0.06398426708461151,0.042169650342858224,6.66854778764596e-07,True,False,80.0,98.65809608852153,6183868704.255293,151779.61612765052
170299.45849056361,1.3856226489127275,87.77927622237702,1.5216991488996325e-10,True,True,0.057026038064960045,0.04466835921509635,7.48223368113331e-07,True,False,80.0,98.65809608852153,6183868704.255293,170299.51551660168
191079.13518404387,1.3856226489127275,87.77927622237702,1.5216991488996325e-10,True,True,0.05082450992344623,0.04731512589614813,8.395204269631301e-07,True,False,80.0,98.65809608852153,6183868704.255293,191079.1860085538
214394.31590855715,1.3856226489127275,87.77927622237702,1.5216991488996325e-10,True,True,0.045297392149459256,0.05011872336272735,9.419574118160971e-07,True,False,80.0,98.65809608852153,6183868704.255293,214394.36120594933
240554.37894684455,1.3856226489127275,87.77927622237702,1.5216991488996325e-10,True,True,0.040371343248217985,0.05308844442309879,1.0568935992241683e-06,True,False,80.0,98.65809608852153,6183868704.255293,240554.4193181878
269906.4524415078,1.3856226489127275,87.77927622237702,1.5216991488996325e-10,True,True,0.035980997543693674,0.05623413251903491,1.1858541225631422e-06,True,False,80.0,98.65809608852153,6183868704.255293,269906.4884225053
302840.0205745475,1.3856226489127275,87.77927622237702,1.5216991488996325e-10,True,True,0.03206809781580493,0.059566214352901097,1.3305502096259103e-06,True,False,80.0,98.65809608852153,6183868704.255293,302840.0526426453
339792.09178582917,1.3856226489127275,87.77927622237702,1.5216991488996325e-10,True,True,0.028580722262500805,0.06309573444801943,1.4929018895756196e-06,True,False,80.0,98.65809608852153,6183868704.255293,339792.1203665514
381252.9976095674,1.3856226489127275,87.77927622237702,1.5216991488996325e-10,True,True,0.02547259552899383,0.06683439175686162,1.6750634705661197e-06,True,False,80.0,98.65809608852153,6183868704.255293,381253.02308216295
427772.8990758742,1.3856226489127275,87.77927622237702,1.5216991488996325e-10,True,True,0.02270247466191735,0.07079457843841373,1.8794521261022677e-06,True,False,80.0,98.65809608852153,6183868704.255293,427772.92177834886
479969.08701338293,1.3856226489127275,87.77927622237702,1.5216991488996325e-10,True,True,0.020233601840391392,0.07498942093324558,2.1087799694638087e-06,True,False,80.0,98.65809608852153,6183868704.255293,479969.1072469848
538534.1731234816,1.3856226489127275,87.77927622237702,1.5216991488996325e-10,True,True,0.018033216622073477,0.07943282347242822,2.366090041800729e-06,True,False,80.0,98.65809608852153,6183868704.255293,538534.1911566982
604245.2805167958,1.3856226489127275,87.77927622237702,1.5216991488996325e-10,True,True,0.016072121231992018,0.08413951416451965,2.654796691440526e-06,True,False,80.0,98.65809608852153,6183868704.255293,604245.296588917
677974.3556647125,1.3856226489127275,87.77927622237702,1.5216991488996325e-10,True,True,0.014324293125812152,0.08912509381337477,2.9787308802160702e-06,True,False,80.0,98.65809608852153,6183868704.255293,677974.3699890056
760699.7385992854,1.3856226489127275,87.77927622237702,1.5216991488996325e-10,True,True,0.012766539686482925,0.09440608762859226,3.34219101800154e-06,True,False,80.0,98.65809608852153,6183868704.255293,760699.7513658251
853519.1448910793,1.3856226489127275,87.77927622237702,1.5216991488996325e-10,True,True,0.011378190472299581,0.1,3.75e-06,True,False,80.0,98.65809608852153,6183868704.255293,853519.1562692698
5.462522527302907e-13,1.7320283111409094,64.07944442980849,1.5222246015568035e-10,True,True,1.5586422967084834e+16,1e-10,2.4e-24,True,False,100.0,115.47042878508742,7729835880.319117,1.5586422967084834e+16
6.129051082674072e-13,1.7320283111409094,64.07944442980849,1.5222246015568035e-10,True,True,1.3891414091563694e+16,1.0592537251772898e-10,2.6928442903247167e-24,True,False,100.0,115.47042878508742,7729835880.319117,1.3891414091563694e+16
6.876908422119749e-13,1.7320283111409094,64.07944442980849,1.5222246015568035e-10,True,True,1.2380735841110456e+16,1.1220184543019652e-10,3.021420988306011e-24,True,False,100.0,115.47042878508742,7729835880.319117,1.2380735841110456e+16
7.716018158162906e-13,1.7320283111409094,64.07944442980849,1.5222246015568035e-10,True,True,1.1034342433175852e+16,1.1885022274370164e-10,3.390090107094599e-24,True,False,100.0,115.47042878508742,7729835880.319117,1.1034342433175852e+16
8.65751476718784e-13,1.7320283111409094,64.07944442980849,1.5222246015568035e-10,True,True,9834368045256962.0,1.2589254117941662e-10,3.803743661906666e-24,True,False,100.0,115.47042878508742,7729835880.319117,9834368045256962.0
9.71389133717654e-13,1.7320283111409094,64.07944442980849,1.5222246015568035e-10,True,True,8764889746287779.0,1.333521432163324e-10,4.2678705840934146e-24,True,False,100.0,115.47042878508742,7729835880.319117,8764889746287779.0
1.0899165343396073e-12,1.7320283111409094,64.07944442980849,1.5222246015568035e-10,True,True,7811716209017816.0,1.4125375446227556e-10,4.78862955592532e-24,True,False,100.0,115.47042878508742,7729835880.319117,7811716209017816.0
1.2229064651778812e-12,1.7320283111409094,64.07944442980849,1.5222246015568035e-10,True,True,6962199399721704.0,1.496235656094436e-10,5.372930732564034e-24,True,False,100.0,115.47042878508742,7729835880.319117,6962199399721704.0
1.3721236218147545e-12,1.7320283111409094,64.07944442980849,1.5222246015568035e-10,True,True,6205066746476210.0,1.584893192461111e-10,6.0285274356229716e-24,True,False,100.0,115.47042878508742,7729835880.319117,6205066746476210.0
1.539548025259805e-12,1.7320283111409094,64.07944442980849,1.5222246015568035e-10,True,True,5530271558979422.0,1.6788040181225588e-10,6.764119035034676e-24,True,False,100.0,115.47042878508742,7729835880.319117,5530271558979422.0
1.7274012956256498e-12,1.7320283111409094,64.07944442980849,1.5222246015568035e-10,True,True,4928859715074772.0,1.778279410038923e-10,7.58946638440411e-24,True,False,100.0,115.47042878508742,7729835880.319117,4928859715074772.0
1.9381761316771036e-12,1.7320283111409094,64.07944442980849,1.5222246015568035e-10,True,True,4392850844990009.0,1.8836490894898022e-10,8.515521341605825e-24,True,False,100.0,115.47042878508742,7729835880.319117,4392850844990009.0
2.174669387429306e-12,1.7320283111409094,64.07944442980849,1.5222246015568035e-10,True,True,3915132436678957.0,1.9952623149688828e-10,9.554572093283964e-24,True,False,100.0,115.47042878508742,7729835880.319117,3915132436678957.0
2.4400191847012117e-12,1.7320283111409094,64.07944442980849,1.5222246015568035e-10,True,True,3489365457107999.5,2.1134890398366433e-10,1.0720406211623078e-23,True,False,100.0,115.47042878508742,7729835880.319117,3489365457107999.5
2.7377465540855954e-12,1.7320283111409094,64.07944442980849,1.5222246015568035e-10,True,True,3109900237138986.0,2.2387211385683377e-10,1.2028493607054515e-23,True,False,100.0,115.47042878508742,7729835880.319117,3109900237138986.0
3.0718021568856513e-12,1.7320283111409094,64.07944442980849,1.5222246015568035e-10,True,True,2771701503852474.5,2.371373705661655e-10,1.3496191804568377e-23,True,False,100.0,115.47042878508742,7729835880.319117,2771701503852474.5
3.4466187079902813e-12,1.7320283111409094,64.07944442980849,1.5222246015568035e-10,True,True,2470281565535226.5,2.511886431509582e-10,1.514297626752466e-23,True,False,100.0,115.47042878508742,7729835880.319117,2470281565535226.5
3.867169795307492e-12,1.7320283111409094,64.07944442980849,1.5222246015568035e-10,True,True,2201640762737764.8,2.660725059798814e-10,1.6990698825219365e-23,True,False,100.0,115.47042878508742,7729835880.319117,2201640762737764.8
4.339035876254126e-12,1.7320283111409094,64.07944442980849,1.5222246015568035e-10,True,True,1962214395223540.5,2.8183829312644494e-10,1.9063877633382697e-23,True,False,100.0,115.47042878508742,7729835880.319117,1962214395223540.5
4.868478327035426e-12,1.7320283111409094,64.07944442980849,1.5222246015568035e-10,True,True,1748825420562518.0,2.985382618917957e-10,2.1390022515209855e-23,True,False,100.0,115.47042878508742,7729835880.319117,1748825420562518.0
5.4625225273029075e-12,1.7320283111409094,64.07944442980849,1.5222246015568035e-10,True,True,1558642296708483.2,3.1622776601683795e-10,2.4000000000000003e-23,True,False,100.0,115.47042878508742,7729835880.319117,1558642296708483.2
6.129051082674073e-12,1.7320283111409094,64.07944442980849,1.5222246015568035e-10,True,True,1389141409156369.5,3.349654391578279e-10,2.692844290324717e-23,True,False,100.0,115.47042878508742,7729835880.319117,1389141409156369.5
6.876908422119751e-12,1.7320283111409094,64.07944442980849,1.5222246015568035e-10,True,True,1238073584111045.5,3.5481338923357605e-10,3.021420988306012e-23,True,False,100.0,115.47042878508742,7729835880.319117,1238073584111045.5
7.716018158162906e-12,1.7320283111409094,64.07944442980849,1.5222246015568035e-10,True,True,1103434243317585.1,3.7583740428844356e-10,3.390090107094599e-23,True,False,100.0,115.47042878508742,7729835880.319117,1103434243317585.1
8.65751476718784e-12,1.7320283111409094,64.07944442980849,1.5222246015568035e-10,True,True,983436804525695.9,3.9810717055349694e-10,3.803743661906666e-23,True,False,100.0,115.47042878508742,7729835880.319117,983436804525695.9
9.71389133717654e-12,1.7320283111409094,64.07944442980849,1.5222246015568035e-10,True,True,876488974628777.9,4.2169650342858224e-10,4.267870584093415e-23,True,False,100.0,115.47042878508742,7729835880.319117,876488974628777.9
1.0899165343396068e-11,1.7320283111409094,64.07944442980849,1.5222246015568035e-10,True,True,781171620901781.9,4.4668359215096347e-10,4.788629555925318e-23,True,False,100.0,115.47042878508742,7729835880.319117,781171620901781.9
1.2229064651778807e-11,1.7320283111409094,64.07944442980849,1.5222246015568035e-10,True,True,696219939972170.5,4.731512589614812e-10,5.372930732564033e-23,True,False,100.0,115.47042878508742,7729835880.319117,696219939972170.5
1.3721236218147546e-11,1.7320283111409094,64.07944442980849,1.5222246015568035e-10,True,True,620506674647621.1,5.011872336272714e-10,6.028527435622972e-23,True,False,100.0,115.47042878508742,7729835880.319117,620506674647621.1
1.5395480252598058e-11,1.7320283111409094,64.07944442980849,1.5222246015568035e-10,True,True,553027155897942.06,5.30884444230988e-10,6.764119035034679e-23,True,False,100.0,115.47042878508742,7729835880.319117,553027155897942.06
1.7274012956256497e-11,1.7320283111409094,64.07944442980849,1.5222246015568035e-10,True,True,492885971507477.1,5.623413251903491e-10,7.58946638440411e-23,True,False,100.0,115.47042878508742,7729835880.319117,492885971507477.1
1.938176131677104e-11,1.7320283111409094,64.07944442980849,1.5222246015568035e-10,True,True,439285084499000.8,5.95662143529011e-10,8.515521341605825e-23,True,False,100.0,115.47042878508742,7729835880.319117,439285084499000.8
2.1746693874293062e-11,1.7320283111409094,64.07944442980849,1.5222246015568035e-10,True,True,391513243667895.6,6.309573444801942e-10,9.554572093283965e-23,True,False,100.0,115.47042878508742,7729835880.319117,391513243667895.6
2.440019184701212e-11,1.7320283111409094,64.07944442980849,1.5222246015568035e-10,True,True,348936545710799.94,6.683439175686135e-10,1.072040621162308e-22,True,False,100.0,115.47042878508742,7729835880.319117,348936545710799.94
2.737746554085595e-11,1.7320283111409094,64.07944442980849,1.5222246015568035e-10,True,True,310990023713898.56,7.079457843841373e-10,1.2028493607054513e-22,True,False,100.0,115.47042878508742,7729835880.319117,310990023713898.56
3.071802156885652e-11,1.7320283111409094,64.07944442980849,1.5222246015568035e-10,True,True,277170150385247.38,7.498942093324559e-10,1.349619180456838e-22,True,False,100.0,115.47042878508742,7729835880.319117,277170150385247.38
3.446618707990282e-11,1.7320283111409094,64.07944442980849,1.5222246015568035e-10,True,True,247028156553522.66,7.943282347242822e-10,1.5142976267524662e-22,True,False,100.0,115.47042878508742,7729835880.319117,247028156553522.66
3.867169795307492e-11,1.7320283111409094,64.07944442980849,1.5222246015568035e-10,True,True,220164076273776.44,8.413951416451964e-10,1.6990698825219364e-22,True,False,100.0,115.47042878508742,7729835880.319117,220164076273776.44
4.3390358762541254e-11,1.7320283111409094,64.07944442980849,1.5222246015568035e-10,True,True,196221439522354.03,8.912509381337441e-10,1.9063877633382696e-22,True,False,100.0,115.47042878508742,7729835880.319117,196221439522354.03
4.868478327035426e-11,1.7320283111409094,64.07944442980849,1.5222246015568035e-10,True,True,174882542056251.78,9.440608762859226e-10,2.1390022515209853e-22,True,False,100.0,115.47042878508742,7729835880.319117,174882542056251.78
5.462522527302908e-11,1.7320283111409094,64.07944442980849,1.5222246015568035e-10,True,True,155864229670848.3,1e-09,2.4000000000000005e-22,True,False,100.0,115.47042878508742,7729835880.319117,155864229670848.3
6.129051082674072e-11,1.7320283111409094,64.07944442980849,1.5222246015568035e-10,True,True,138914140915636.94,1.0592537251772898e-09,2.692844290324717e-22,True,False,100.0,115.47042878508742,7729835880.319117,138914140915636.94
6.876908422119749e-11,1.7320283111409094,64.07944442980849,1.5222246015568035e-10,True,True,123807358411104.53,1.1220184543019653e-09,3.021420988306011e-22,True,False,100.0,115.47042878508742,7729835880.319117,123807358411104.53
7.716018158162905e-11,1.7320283111409094,64.07944442980849,1.5222246015568035e-10,True,True,110343424331758.55,1.1885022274370164e-09,3.3900901070945993e-22,True,False,100.0,115.47042878508742,7729835880.319117,110343424331758.55
8.657514767187839e-11,1.7320283111409094,64.07944442980849,1.5222246015568035e-10,True,True,98343680452569.58,1.2589254117941663e-09,3.803743661906666e-22,True,False,100.0,115.47042878508742,7729835880.319117,98343680452569.58
9.713891337176537e-11,1.7320283111409094,64.07944442980849,1.5222246015568035e-10,True,True,87648897462877.81,1.333521432163324e-09,4.2678705840934135e-22,True,False,100.0,115.47042878508742,7729835880.319117,87648897462877.81
1.0899165343396071e-10,1.7320283111409094,64.07944442980849,1.5222246015568035e-10,True,True,78117162090178.16,1.4125375446227555e-09,4.788629555925319e-22,True,False,100.0,115.47042878508742,7729835880.319117,78117162090178.16
1.2229064651778805e-10,1.7320283111409094,64.07944442980849,1.5222246015568035e-10,True,True,69621993997217.055,1.4962356560944358e-09,5.372930732564032e-22,True,False,100.0,115.47042878508742,7729835880.319117,69621993997217.055
1.3721236218147548e-10,1.7320283111409094,64.07944442980849,1.5222246015568035e-10,True,True,62050667464762.1,1.584893192461111e-09,6.028527435622973e-22,True,False,100.0,115.47042878508742,7729835880.319117,62050667464762.1
1.5395480252598054e-10,1.7320283111409094,64.07944442980849,1.5222246015568035e-10,True,True,55302715589794.21,1.6788040181225589e-09,6.764119035034677e-22,True,False,100.0,115.47042878508742,7729835880.319117,55302715589794.21
1.7274012956256495e-10,1.7320283111409094,64.07944442980849,1.5222246015568035e-10,True,True,49288597150747.72,1.7782794100389228e-09,7.589466384404109e-22,True,False,100.0,115.47042878508742,7729835880.319117,49288597150747.72
1.9381761316771037e-10,1.7320283111409094,64.07944442980849,1.5222246015568035e-10,True,True,43928508449900.1,1.883649089489802e-09,8.515521341605824e-22,True,False,100.0,115.47042878508742,7729835880.319117,43928508449900.1
2.174669387429306e-10,1.7320283111409094,64.07944442980849,1.5222246015568035e-10,True,True,39151324366789.57,1.9952623149688828e-09,9.554572093283963e-22,True,False,100.0,115.47042878508742,7729835880.319117,39151324366789.57
2.440019184701212e-10,1.7320283111409094,64.07944442980849,1.5222246015568035e-10,True,True,34893654571080.0,2.113489039836643e-09,1.0720406211623079e-21,True,False,100.0,115.47042878508742,7729835880.319117,34893654571080.0
2.7377465540855953e-10,1.7320283111409094,64.07944442980849,1.5222246015568035e-10,True,True,31099002371389.855,2.2387211385683377e-09,1.2028493607054514e-21,True,False,100.0,115.47042878508742,7729835880.319117,31099002371389.855
3.071802156885652e-10,1.7320283111409094,64.07944442980849,1.5222246015568035e-10,True,True,27717015038524.74,2.3713737056616553e-09,1.3496191804568378e-21,True,False,100.0,115.47042878508742,7729835880.319117,27717015038524.74
3.446618707990281e-10,1.7320283111409094,64.07944442980849,1.5222246015568035e-10,True,True,24702815655352.266,2.511886431509582e-09,1.514297626752466e-21,True,False,100.0,115.47042878508742,7729835880.319117,24702815655352.266
3.867169795307493e-10,1.7320283111409094,64.07944442980849,1.5222246015568035e-10,True,True,22016407627377.65,2.660725059798814e-09,1.6990698825219368e-21,True,False,100.0,115.47042878508742,7729835880.319117,22016407627377.65
4.3390358762541255e-10,1.7320283111409094,64.07944442980849,1.5222246015568035e-10,True,True,19622143952235.402,2.8183829312644493e-09,1.9063877633382695e-21,True,False,100.0,115.47042878508742,7729835880.319117,19622143952235.402
4.868478327035425e-10,1.7320283111409094,64.07944442980849,1.5222246015568035e-10,True,True,17488254205625.18,2.985382618917957e-09,2.1390022515209854e-21,True,False,100.0,115.47042878508742,7729835880.319117,17488254205625.18
5.462522527302907e-10,1.7320283111409094,64.07944442980849,1.5222246015568035e-10,True,True,15586422967084.832,3.1622776601683795e-09,2.4000000000000003e-21,True,False,100.0,115.47042878508742,7729835880.319117,15586422967084.832
6.129051082674073e-10,1.7320283111409094,64.07944442980849,1.5222246015568035e-10,True,True,13891414091563.693,3.3496543915782794e-09,2.6928442903247165e-21,True,False,100.0,115.47042878508742,7729835880.319117,13891414091563.693
6.87690842211975e-10,1.7320283111409094,64.07944442980849,1.5222246015568035e-10,True,True,12380735841110.455,3.5481338923357603e-09,3.0214209883060112e-21,True,False,100.0,115.47042878508742,7729835880.319117,12380735841110.455
7.716018158162907e-10,1.7320283111409094,64.07944442980849,1.5222246015568035e-10,True,True,11034342433175.852,3.758374042884436e-09,3.3900901070946e-21,True,False,100.0,115.47042878508742,7729835880.319117,11034342433175.852
8.657514767187839e-10,1.7320283111409094,64.07944442980849,1.5222246015568035e-10,True,True,9834368045256.96,3.981071705534969e-09,3.803743661906666e-21,True,False,100.0,115.47042878508742,7729835880.319117,9834368045256.96
9.713891337176542e-10,1.7320283111409094,64.07944442980849,1.5222246015568035e-10,True,True,8764889746287.779,4.216965034285823e-09,4.2678705840934155e-21,True,False,100.0,115.47042878508742,7729835880.319117,8764889746287.779
1.0899165343396072e-09,1.7320283111409094,64.07944442980849,1.5222246015568035e-10,True,True,7811716209017.815,4.466835921509635e-09,4.7886295559253194e-21,True,False,100.0,115.47042878508742,7729835880.319117,7811716209017.815
1.222906465177881e-09,1.7320283111409094,64.07944442980849,1.5222246015568035e-10,True,True,6962199399721.704,4.731512589614813e-09,5.3729307325640334e-21,True,False,100.0,115.47042878508742,7729835880.319117,6962199399721.704
1.3721236218147549e-09,1.7320283111409094,64.07944442980849,1.5222246015568035e-10,True,True,6205066746476.21,5.011872336272715e-09,6.028527435622972e-21,True,False,100.0,115.47042878508742,7729835880.319117,6205066746476.21
1.5395480252598058e-09,1.7320283111409094,64.07944442980849,1.5222246015568035e-10,True,True,5530271558979.42,5.3088444423098795e-09,6.764119035034679e-21,True,False,100.0,115.47042878508742,7729835880.319117,5530271558979.42
1.72740129562565e-09,1.7320283111409094,64.07944442980849,1.5222246015568035e-10,True,True,4928859715074.771,5.623413251903491e-09,7.58946638440411e-21,True,False,100.0,115.47042878508742,7729835880.319117,4928859715074.771
1.9381761316771033e-09,1.7320283111409094,64.07944442980849,1.5222246015568035e-10,True,True,4392850844990.01,5.956621435290109e-09,8.515521341605823e-21,True,False,100.0,115.47042878508742,7729835880.319117,4392850844990.01
2.1746693874293066e-09,1.7320283111409094,64.07944442980849,1.5222246015568035e-10,True,True,3915132436678.9565,6.309573444801943e-09,9.554572093283966e-21,True,False,100.0,115.47042878508742,7729835880.319117,3915132436678.9565
2.4400191847012124e-09,1.7320283111409094,64.07944442980849,1.5222246015568035e-10,True,True,3489365457107.9985,6.6834391756861355e-09,1.072040621162308e-20,True,False,100.0,115.47042878508742,7729835880.319117,3489365457107.9985
2.7377465540855957e-09,1.7320283111409094,64.07944442980849,1.5222246015568035e-10,True,True,3109900237138.9844,7.0794578438413736e-09,1.2028493607054516e-20,True,False,100.0,115.47042878508742,7729835880.319117,3109900237138.9844
3.0718021568856515e-09,1.7320283111409094,64.07944442980849,1.5222246015568035e-10,True,True,2771701503852.474,7.498942093324558e-09,1.3496191804568376e-20,True,False,100.0,115.47042878508742,7729835880.319117,2771701503852.474
3.4466187079902812e-09,1.7320283111409094,64.07944442980849,1.5222246015568035e-10,True,True,2470281565535.2266,7.943282347242822e-09,1.5142976267524662e-20,True,False,100.0,115.47042878508742,7729835880.319117,2470281565535.2266
3.867169795307493e-09,1.7320283111409094,64.07944442980849,1.5222246015568035e-10,True,True,2201640762737.764,8.413951416451965e-09,1.6990698825219367e-20,True,False,100.0,115.47042878508742,7729835880.319117,2201640762737.764
4.339035876254126e-09,1.7320283111409094,64.07944442980849,1.5222246015568035e-10,True,True,1962214395223.5405,8.912509381337441e-09,1.9063877633382697e-20,True,False,100.0,115.47042878508742,7729835880.319117,1962214395223.5405
4.868478327035427e-09,1.7320283111409094,64.07944442980849,1.5222246015568035e-10,True,True,1748825420562.518,9.440608762859226e-09,2.1390022515209857e-20,True,False,100.0,115.47042878508742,7729835880.319117,1748825420562.518
5.462522527302907e-09,1.7320283111409094,64.07944442980849,1.5222246015568035e-10,True,True,1558642296708.4834,1e-08,2.4e-20,True,False,100.0,115.47042878508742,7729835880.319117,1558642296708.4834
6.129051082674072e-09,1.7320283111409094,64.07944442980849,1.5222246015568035e-10,True,True,1389141409156.3694,1.0592537251772898e-08,2.6928442903247166e-20,True,False,100.0,115.47042878508742,7729835880.319117,1389141409156.3694
6.876908422119751e-09,1.7320283111409094,64.07944442980849,1.5222246015568035e-10,True,True,1238073584111.0454,1.1220184543019653e-08,3.0214209883060113e-20,True,False,100.0,115.47042878508742,7729835880.319117,1238073584111.0454
7.716018158162935e-09,1.7320283111409094,64.07944442980849,1.5222246015568035e-10,True,True,1103434243317.5806,1.188502227437019e-08,3.390090107094613e-20,True,False,100.0,115.47042878508742,7729835880.319117,1103434243317.5806
8.65751476718784e-09,1.7320283111409094,64.07944442980849,1.5222246015568035e-10,True,True,983436804525.6958,1.2589254117941661e-08,3.8037436619066655e-20,True,False,100.0,115.47042878508742,7729835880.319117,983436804525.6958
9.71389133717654e-09,1.7320283111409094,64.07944442980849,1.5222246015568035e-10,True,True,876488974628.7781,1.333521432163324e-08,4.267870584093415e-20,True,False,100.0,115.47042878508742,7729835880.319117,876488974628.7781
1.0899165343396069e-08,1.7320283111409094,64.07944442980849,1.5222246015568035e-10,True,True,781171620901.7819,1.4125375446227554e-08,4.7886295559253176e-20,True,False,100.0,115.47042878508742,7729835880.319117,781171620901.7819
1.2229064651778809e-08,1.7320283111409094,64.07944442980849,1.5222246015568035e-10,True,True,696219939972.1704,1.496235656094436e-08,5.3729307325640325e-20,True,False,100.0,115.47042878508742,7729835880.319117,696219939972.1704
1.3721236218147605e-08,1.7320283111409094,64.07944442980849,1.5222246015568035e-10,True,True,620506674647.618,1.5848931924611143e-08,6.028527435622998e-20,True,False,100.0,115.47042878508742,7729835880.319117,620506674647.618
1.5395480252598053e-08,1.7320283111409094,64.07944442980849,1.5222246015568035e-10,True,True,553027155897.9421,1.6788040181225588e-08,6.764119035034677e-20,True,False,100.0,115.47042878508742,7729835880.319117,553027155897.9421
1.7274012956256503e-08,1.7320283111409094,64.07944442980849,1.5222246015568035e-10,True,True,492885971507.47723,1.7782794100389228e-08,7.589466384404111e-20,True,False,100.0,115.47042878508742,7729835880.319117,492885971507.47723
1.9381761316771033e-08,1.7320283111409094,64.07944442980849,1.5222246015568035e-10,True,True,439285084499.0011,1.883649089489802e-08,8.515521341605823e-20,True,False,100.0,115.47042878508742,7729835880.319117,439285084499.0011
2.1746693874293066e-08,1.7320283111409094,64.07944442980849,1.5222246015568035e-10,True,True,391513243667.89557,1.995262314968883e-08,9.554572093283966e-20,True,False,100.0,115.47042878508742,7729835880.319117,391513243667.89557
2.440019184701222e-08,1.7320283111409094,64.07944442980849,1.5222246015568035e-10,True,True,348936545710.7986,2.1134890398366476e-08,1.0720406211623123e-19,True,False,100.0,115.47042878508742,7729835880.319117,348936545710.7986
2.7377465540855955e-08,1.7320283111409094,64.07944442980849,1.5222246015568035e-10,True,True,310990023713.89856,2.2387211385683378e-08,1.2028493607054514e-19,True,False,100.0,115.47042878508742,7729835880.319117,310990023713.89856
3.071802156885651e-08,1.7320283111409094,64.07944442980849,1.5222246015568035e-10,True,True,277170150385.24744,2.371373705661655e-08,1.3496191804568376e-19,True,False,100.0,115.47042878508742,7729835880.319117,277170150385.24744
3.446618707990281e-08,1.7320283111409094,64.07944442980849,1.5222246015568035e-10,True,True,247028156553.5227,2.511886431509582e-08,1.514297626752466e-19,True,False,100.0,115.47042878508742,7729835880.319117,247028156553.5227
3.8671697953074924e-08,1.7320283111409094,64.07944442980849,1.5222246015568035e-10,True,True,220164076273.77652,2.660725059798814e-08,1.6990698825219364e-19,True,False,100.0,115.47042878508742,7729835880.319117,220164076273.77652
4.339035876254142e-08,1.7320283111409094,64.07944442980849,1.5222246015568035e-10,True,True,196221439522.3533,2.818382931264455e-08,1.9063877633382768e-19,True,False,100.0,115.47042878508742,7729835880.319117,196221439522.3533
4.8684783270354265e-08,1.7320283111409094,64.07944442980849,1.5222246015568035e-10,True,True,174882542056.25177,2.985382618917957e-08,2.1390022515209855e-19,True,False,100.0,115.47042878508742,7729835880.319117,174882542056.25177
5.462522527302906e-08,1.7320283111409094,64.07944442980849,1.5222246015568035e-10,True,True,155864229670.84836,3.162277660168379e-08,2.3999999999999997e-19,True,False,100.0,115.47042878508742,7729835880.319117,155864229670.84836
6.129051082674072e-08,1.7320283111409094,64.07944442980849,1.5222246015568035e-10,True,True,138914140915.63693,3.3496543915782795e-08,2.6928442903247164e-19,True,False,100.0,115.47042878508742,7729835880.319117,138914140915.63693
6.876908422119749e-08,1.7320283111409094,64.07944442980849,1.5222246015568035e-10,True,True,123807358411.10455,3.5481338923357604e-08,3.021420988306011e-19,True,False,100.0,115.47042878508742,7729835880.319117,123807358411.10455
7.716018158162939e-08,1.7320283111409094,64.07944442980849,1.5222246015568035e-10,True,True,110343424331.75806,3.7583740428844434e-08,3.3900901070946137e-19,True,False,100.0,115.47042878508742,7729835880.319117,110343424331.75806
8.65751476718784e-08,1.7320283111409094,64.07944442980849,1.5222246015568035e-10,True,True,98343680452.56961,3.981071705534969e-08,3.803743661906666e-19,True,False,100.0,115.47042878508742,7729835880.319117,98343680452.56961
9.713891337176539e-08,1.7320283111409094,64.07944442980849,1.5222246015568035e-10,True,True,87648897462.87778,4.2169650342858225e-08,4.267870584093415e-19,True,False,100.0,115.47042878508742,7729835880.319117,87648897462.87778
1.089916534339607e-07,1.7320283111409094,64.07944442980849,1.5222246015568035e-10,True,True,78117162090.17819,4.4668359215096346e-08,4.788629555925318e-19,True,False,100.0,115.47042878508742,7729835880.319117,78117162090.17819
1.222906465177881e-07,1.7320283111409094,64.07944442980849,1.5222246015568035e-10,True,True,69621993997.21704,4.731512589614813e-08,5.372930732564033e-19,True,False,100.0,115.47042878508742,7729835880.319117,69621993997.21704
1.3721236218147608e-07,1.7320283111409094,64.07944442980849,1.5222246015568035e-10,True,True,62050667464.76183,5.011872336272725e-08,6.028527435622998e-19,True,False,100.0,115.47042878508742,7729835880.319117,62050667464.76183
1.5395480252598057e-07,1.7320283111409094,64.07944442980849,1.5222246015568035e-10,True,True,55302715589.79421,5.3088444423098795e-08,6.764119035034679e-19,True,False,100.0,115.47042878508742,7729835880.319117,55302715589.79421
1.7274012956256497e-07,1.7320283111409094,64.07944442980849,1.5222246015568035e-10,True,True,49288597150.74773,5.6234132519034905e-08,7.58946638440411e-19,True,False,100.0,115.47042878508742,7729835880.319117,49288597150.74773
1.938176131677104e-07,1.7320283111409094,64.07944442980849,1.5222246015568035e-10,True,True,43928508449.90009,5.95662143529011e-08,8.515521341605826e-19,True,False,100.0,115.47042878508742,7729835880.319117,43928508449.90009
2.1746693874293065e-07,1.7320283111409094,64.07944442980849,1.5222246015568035e-10,True,True,39151324366.78957,6.309573444801943e-08,9.554572093283966e-19,True,False,100.0,115.47042878508742,7729835880.319117,39151324366.78957
2.4400191847012217e-07,1.7320283111409094,64.07944442980849,1.5222246015568035e-10,True,True,34893654571.07984,6.683439175686149e-08,1.0720406211623124e-18,True,False,100.0,115.47042878508742,7729835880.319117,34893654571.07984
2.737746554085595e-07,1.7320283111409094,64.07944442980849,1.5222246015568035e-10,True,True,31099002371.38986,7.079457843841373e-08,1.2028493607054514e-18,True,False,100.0,115.47042878508742,7729835880.319117,31099002371.38986
3.071802156885652e-07,1.7320283111409094,64.07944442980849,1.5222246015568035e-10,True,True,27717015038.52474,7.498942093324559e-08,1.3496191804568379e-18,True,False,100.0,115.47042878508742,7729835880.319117,27717015038.52474
3.446618707990282e-07,1.7320283111409094,64.07944442980849,1.5222246015568035e-10,True,True,24702815655.35226,7.943282347242822e-08,1.5142976267524664e-18,True,False,100.0,115.47042878508742,7729835880.319117,24702815655.35226
3.867169795307492e-07,1.7320283111409094,64.07944442980849,1.5222246015568035e-10,True,True,22016407627.37765,8.413951416451964e-08,1.6990698825219362e-18,True,False,100.0,115.47042878508742,7729835880.319117,22016407627.37765
4.339035876254143e-07,1.7320283111409094,64.07944442980849,1.5222246015568035e-10,True,True,19622143952.235325,8.912509381337459e-08,1.9063877633382774e-18,True,False,100.0,115.47042878508742,7729835880.319117,19622143952.235325
4.868478327035427e-07,1.7320283111409094,64.07944442980849,1.5222246015568035e-10,True,True,17488254205.62518,9.440608762859226e-08,2.139002251520986e-18,True,False,100.0,115.47042878508742,7729835880.319117,17488254205.62518
5.462522527302906e-07,1.7320283111409094,64.07944442980849,1.5222246015568035e-10,True,True,15586422967.084835,1e-07,2.3999999999999996e-18,True,False,100.0,115.47042878508742,7729835880.319117,15586422967.084835
6.129051082674072e-07,1.7320283111409094,64.07944442980849,1.5222246015568035e-10,True,True,13891414091.563694,1.0592537251772897e-07,2.6928442903247163e-18,True,False,100.0,115.47042878508742,7729835880.319117,13891414091.563694
6.876908422119749e-07,1.7320283111409094,64.07944442980849,1.5222246015568035e-10,True,True,12380735841.110456,1.1220184543019653e-07,3.0214209883060108e-18,True,False,100.0,115.47042878508742,7729835880.319117,12380735841.110456
7.716018158162938e-07,1.7320283111409094,64.07944442980849,1.5222246015568035e-10,True,True,11034342433.175806,1.188502227437019e-07,3.3900901070946133e-18,True,False,100.0,115.47042878508742,7729835880.319117,11034342433.175806
8.65751476718784e-07,1.7320283111409094,64.07944442980849,1.5222246015568035e-10,True,True,9834368045.256956,1.2589254117941662e-07,3.803743661906666e-18,True,False,100.0,115.47042878508742,7729835880.319117,9834368045.256956
9.71389133717654e-07,1.7320283111409094,64.07944442980849,1.5222246015568035e-10,True,True,8764889746.287777,1.333521432163324e-07,4.2678705840934145e-18,True,False,100.0,115.47042878508742,7729835880.319117,8764889746.287779
1.089916534339607e-06,1.7320283111409094,64.07944442980849,1.5222246015568035e-10,True,True,7811716209.017817,1.4125375446227555e-07,4.788629555925319e-18,True,False,100.0,115.47042878508742,7729835880.319117,7811716209.0178175
1.222906465177881e-06,1.7320283111409094,64.07944442980849,1.5222246015568035e-10,True,True,6962199399.7217045,1.496235656094436e-07,5.372930732564033e-18,True,False,100.0,115.47042878508742,7729835880.319117,6962199399.721705
1.3721236218147601e-06,1.7320283111409094,64.07944442980849,1.5222246015568035e-10,True,True,6205066746.476185,1.584893192461114e-07,6.028527435622996e-18,True,False,100.0,115.47042878508742,7729835880.319117,6205066746.476186
1.5395480252598054e-06,1.7320283111409094,64.07944442980849,1.5222246015568035e-10,True,True,5530271558.979422,1.6788040181225588e-07,6.764119035034677e-18,True,False,100.0,115.47042878508742,7729835880.319117,5530271558.9794235
1.7274012956256496e-06,1.7320283111409094,64.07944442980849,1.5222246015568035e-10,True,True,4928859715.074773,1.7782794100389227e-07,7.589466384404108e-18,True,False,100.0,115.47042878508742,7729835880.319117,4928859715.074775
1.9381761316771036e-06,1.7320283111409094,64.07944442980849,1.5222246015568035e-10,True,True,4392850844.990009,1.883649089489802e-07,8.515521341605824e-18,True,False,100.0,115.47042878508742,7729835880.319117,4392850844.990011
2.174669387429307e-06,1.7320283111409094,64.07944442980849,1.5222246015568035e-10,True,True,3915132436.678956,1.995262314968883e-07,9.554572093283967e-18,True,False,100.0,115.47042878508742,7729835880.319117,3915132436.678958
2.4400191847012222e-06,1.7320283111409094,64.07944442980849,1.5222246015568035e-10,True,True,3489365457.107985,2.1134890398366478e-07,1.0720406211623124e-17,True,False,100.0,115.47042878508742,7729835880.319117,3489365457.1079874
2.737746554085595e-06,1.7320283111409094,64.07944442980849,1.5222246015568035e-10,True,True,3109900237.138985,2.2387211385683377e-07,1.2028493607054514e-17,True,False,100.0,115.47042878508742,7729835880.319117,3109900237.1389885
3.071802156885652e-06,1.7320283111409094,64.07944442980849,1.5222246015568035e-10,True,True,2771701503.8524737,2.3713737056616554e-07,1.3496191804568379e-17,True,False,100.0,115.47042878508742,7729835880.319117,2771701503.8524766
3.446618707990282e-06,1.7320283111409094,64.07944442980849,1.5222246015568035e-10,True,True,2470281565.5352263,2.5118864315095823e-07,1.5142976267524664e-17,True,False,100.0,115.47042878508742,7729835880.319117,2470281565.5352297
3.867169795307493e-06,1.7320283111409094,64.07944442980849,1.5222246015568035e-10,True,True,2201640762.737765,2.660725059798814e-07,1.6990698825219367e-17,True,False,100.0,115.47042878508742,7729835880.319117,2201640762.7377687
4.3390358762541425e-06,1.7320283111409094,64.07944442980849,1.5222246015568035e-10,True,True,1962214395.2235327,2.818382931264455e-07,1.906387763338277e-17,True,False,100.0,115.47042878508742,7729835880.319117,1962214395.223537
4.868478327035427e-06,1.7320283111409094,64.07944442980849,1.5222246015568035e-10,True,True,1748825420.5625174,2.9853826189179574e-07,2.139002251520986e-17,True,False,100.0,115.47042878508742,7729835880.319117,1748825420.5625222
5.4625225273029065e-06,1.7320283111409094,64.07944442980849,1.5222246015568035e-10,True,True,1558642296.7084837,3.162277660168379e-07,2.4e-17,True,False,100.0,115.47042878508742,7729835880.319117,1558642296.7084894
6.129051082674072e-06,1.7320283111409094,64.07944442980849,1.5222246015568035e-10,True,True,1389141409.1563694,3.3496543915782793e-07,2.6928442903247163e-17,True,False,100.0,115.47042878508742,7729835880.319117,1389141409.1563756
6.87690842211975e-06,1.7320283111409094,64.07944442980849,1.5222246015568035e-10,True,True,1238073584.1110456,3.5481338923357606e-07,3.021420988306011e-17,True,False,100.0,115.47042878508742,7729835880.319117,1238073584.1110525
7.716018158162936e-06,1.7320283111409094,64.07944442980849,1.5222246015568035e-10,True,True,1103434243.3175807,3.7583740428844433e-07,3.390090107094613e-17,True,False,100.0,115.47042878508742,7729835880.319117,1103434243.3175886
8.65751476718784e-06,1.7320283111409094,64.07944442980849,1.5222246015568035e-10,True,True,983436804.5256958,3.981071705534969e-07,3.803743661906666e-17,True,False,100.0,115.47042878508742,7729835880.319117,983436804.5257044
9.713891337176539e-06,1.7320283111409094,64.07944442980849,1.5222246015568035e-10,True,True,876488974.628778,4.2169650342858225e-07,4.2678705840934147e-17,True,False,100.0,115.47042878508742,7729835880.319117,876488974.6287876
1.0899165343396071e-05,1.7320283111409094,64.07944442980849,1.5222246015568035e-10,True,True,781171620.9017818,4.466835921509635e-07,4.788629555925319e-17,True,False,100.0,115.47042878508742,7729835880.319117,781171620.9017926
1.222906465177881e-05,1.7320283111409094,64.07944442980849,1.5222246015568035e-10,True,True,696219939.9721706,4.7315125896148127e-07,5.372930732564033e-17,True,False,100.0,115.47042878508742,7729835880.319117,696219939.9721828
1.3721236218147603e-05,1.7320283111409094,64.07944442980849,1.5222246015568035e-10,True,True,620506674.6476184,5.011872336272725e-07,6.028527435622997e-17,True,False,100.0,115.47042878508742,7729835880.319117,620506674.6476321
1.539548025259805e-05,1.7320283111409094,64.07944442980849,1.5222246015568035e-10,True,True,553027155.8979421,5.308844442309879e-07,6.764119035034676e-17,True,False,100.0,115.47042878508742,7729835880.319117,553027155.8979574
1.7274012956256494e-05,1.7320283111409094,64.07944442980849,1.5222246015568035e-10,True,True,492885971.50747734,5.62341325190349e-07,7.589466384404108e-17,True,False,100.0,115.47042878508742,7729835880.319117,492885971.5074946
1.938176131677103e-05,1.7320283111409094,64.07944442980849,1.5222246015568035e-10,True,True,439285084.499001,5.956621435290109e-07,8.515521341605823e-17,True,False,100.0,115.47042878508742,7729835880.319117,439285084.4990204
2.174669387429306e-05,1.7320283111409094,64.07944442980849,1.5222246015568035e-10,True,True,391513243.66789573,6.309573444801942e-07,9.554572093283963e-17,True,False,100.0,115.47042878508742,7729835880.319117,391513243.66791743
2.440019184701222e-05,1.7320283111409094,64.07944442980849,1.5222246015568035e-10,True,True,348936545.7107985,6.683439175686149e-07,1.0720406211623124e-16,True,False,100.0,115.47042878508742,7729835880.319117,348936545.71082294
2.737746554085596e-05,1.7320283111409094,64.07944442980849,1.5222246015568035e-10,True,True,310990023.7138985,7.079457843841374e-07,1.2028493607054517e-16,True,False,100.0,115.47042878508742,7729835880.319117,310990023.7139259
3.0718021568856516e-05,1.7320283111409094,64.07944442980849,1.5222246015568035e-10,True,True,277170150.38524735,7.498942093324558e-07,1.3496191804568379e-16,True,False,100.0,115.47042878508742,7729835880.319117,277170150.3852781
3.4466187079902823e-05,1.7320283111409094,64.07944442980849,1.5222246015568035e-10,True,True,247028156.55352262,7.943282347242822e-07,1.5142976267524665e-16,True,False,100.0,115.47042878508742,7729835880.319117,247028156.5535571
3.867169795307493e-05,1.7320283111409094,64.07944442980849,1.5222246015568035e-10,True,True,220164076.2737764,8.413951416451965e-07,1.6990698825219365e-16,True,False,100.0,115.47042878508742,7729835880.319117,220164076.2738151
4.339035876254143e-05,1.7320283111409094,64.07944442980849,1.5222246015568035e-10,True,True,196221439.52235326,8.912509381337459e-07,1.9063877633382771e-16,True,False,100.0,115.47042878508742,7729835880.319117,196221439.52239665
4.8684783270354274e-05,1.7320283111409094,64.07944442980849,1.5222246015568035e-10,True,True,174882542.05625182,9.440608762859226e-07,2.139002251520986e-16,True,False,100.0,115.47042878508742,7729835880.319117,174882542.05630052
5.462522527302907e-05,1.7320283111409094,64.07944442980849,1.5222246015568035e-10,True,True,155864229.67084834,1e-06,2.4e-16,True,False,100.0,115.47042878508742,7729835880.319117,155864229.67090297
6.129051082674072e-05,1.7320283111409094,64.07944442980849,1.5222246015568035e-10,True,True,138914140.91563696,1.0592537251772898e-06,2.6928442903247167e-16,True,False,100.0,115.47042878508742,7729835880.319117,138914140.91569823
6.876908422119723e-05,1.7320283111409094,64.07944442980849,1.5222246015568035e-10,True,True,123807358.41110502,1.122018454301963e-06,3.021420988305999e-16,True,False,100.0,115.47042878508742,7729835880.319117,123807358.41117379
7.716018158162936e-05,1.7320283111409094,64.07944442980849,1.5222246015568035e-10,True,True,110343424.33175808,1.1885022274370189e-06,3.3900901070946126e-16,True,False,100.0,115.47042878508742,7729835880.319117,110343424.33183526
8.657514767187874e-05,1.7320283111409094,64.07944442980849,1.5222246015568035e-10,True,True,98343680.45256919,1.2589254117941687e-06,3.803743661906681e-16,True,False,100.0,115.47042878508742,7729835880.319117,98343680.45265576
9.71389133717654e-05,1.7320283111409094,64.07944442980849,1.5222246015568035e-10,True,True,87648897.46287777,1.333521432163324e-06,4.267870584093415e-16,True,False,100.0,115.47042878508742,7729835880.319117,87648897.4629749
0.00010899165343396071,1.7320283111409094,64.07944442980849,1.5222246015568035e-10,True,True,78117162.09017818,1.4125375446227554e-06,4.788629555925319e-16,True,False,100.0,115.47042878508742,7729835880.319117,78117162.09028716
0.0001222906465177876,1.7320283111409094,64.07944442980849,1.5222246015568035e-10,True,True,69621993.99721731,1.4962356560944329e-06,5.372930732564011e-16,True,False,100.0,115.47042878508742,7729835880.319117,69621993.9973396
0.00013721236218147603,1.7320283111409094,64.07944442980849,1.5222246015568035e-10,True,True,62050667.464761846,1.584893192461114e-06,6.028527435622996e-16,True,False,100.0,115.47042878508742,7729835880.319117,62050667.46489906
0.00015395480252598117,1.7320283111409094,64.07944442980849,1.5222246015568035e-10,True,True,55302715.58979397,1.6788040181225624e-06,6.764119035034706e-16,True,False,100.0,115.47042878508742,7729835880.319117,55302715.58994793
0.000172740129562565,1.7320283111409094,64.07944442980849,1.5222246015568035e-10,True,True,49288597.150747724,1.778279410038923e-06,7.589466384404111e-16,True,False,100.0,115.47042878508742,7729835880.319117,49288597.15092046
0.00019381761316771036,1.7320283111409094,64.07944442980849,1.5222246015568035e-10,True,True,43928508.4499001,1.883649089489802e-06,8.515521341605824e-16,True,False,100.0,115.47042878508742,7729835880.319117,43928508.45009392
0.00021746693874292973,1.7320283111409094,64.07944442980849,1.5222246015568035e-10,True,True,39151324.36678973,1.9952623149688787e-06,9.554572093283925e-16,True,False,100.0,115.47042878508742,7729835880.319117,39151324.367007196
0.00024400191847012223,1.7320283111409094,64.07944442980849,1.5222246015568035e-10,True,True,34893654.57107984,2.113489039836648e-06,1.0720406211623124e-15,True,False,100.0,115.47042878508742,7729835880.319117,34893654.57132385
0.00027377465540856066,1.7320283111409094,64.07944442980849,1.5222246015568035e-10,True,True,31099002.371389728,2.2387211385683422e-06,1.2028493607054563e-15,True,False,100.0,115.47042878508742,7729835880.319117,31099002.371663503
0.00030718021568856515,1.7320283111409094,64.07944442980849,1.5222246015568035e-10,True,True,27717015.03852474,2.3713737056616552e-06,1.3496191804568376e-15,True,False,100.0,115.47042878508742,7729835880.319117,27717015.03883192
0.00034466187079902817,1.7320283111409094,64.07944442980849,1.5222246015568035e-10,True,True,24702815.65535226,2.5118864315095823e-06,1.5142976267524663e-15,True,False,100.0,115.47042878508742,7729835880.319117,24702815.655696925
0.0003867169795307477,1.7320283111409094,64.07944442980849,1.5222246015568035e-10,True,True,22016407.627377737,2.6607250597988086e-06,1.6990698825219296e-15,True,False,100.0,115.47042878508742,7729835880.319117,22016407.627764452
0.0004339035876254143,1.7320283111409094,64.07944442980849,1.5222246015568035e-10,True,True,19622143.952235326,2.818382931264455e-06,1.9063877633382773e-15,True,False,100.0,115.47042878508742,7729835880.319117,19622143.952669233
0.0004868478327035446,1.7320283111409094,64.07944442980849,1.5222246015568035e-10,True,True,17488254.20562511,2.985382618917963e-06,2.1390022515209943e-15,True,False,100.0,115.47042878508742,7729835880.319117,17488254.206111953
0.0005462522527302908,1.7320283111409094,64.07944442980849,1.5222246015568035e-10,True,True,15586422.967084836,3.162277660168379e-06,2.4e-15,True,False,100.0,115.47042878508742,7729835880.319117,15586422.967631089
0.0006129051082674073,1.7320283111409094,64.07944442980849,1.5222246015568035e-10,True,True,13891414.091563692,3.3496543915782793e-06,2.6928442903247167e-15,True,False,100.0,115.47042878508742,7729835880.319117,13891414.092176598
0.0006876908422119721,1.7320283111409094,64.07944442980849,1.5222246015568035e-10,True,True,12380735.84111051,3.548133892335753e-06,3.0214209883059984e-15,True,False,100.0,115.47042878508742,7729835880.319117,12380735.841798201
0.0007716018158162937,1.7320283111409094,64.07944442980849,1.5222246015568035e-10,True,True,11034342.433175806,3.7583740428844434e-06,3.3900901070946133e-15,True,False,100.0,115.47042878508742,7729835880.319117,11034342.433947407
0.0008657514767187875,1.7320283111409094,64.07944442980849,1.5222246015568035e-10,True,True,9834368.045256918,3.981071705534978e-06,3.8037436619066814e-15,True,False,100.0,115.47042878508742,7729835880.319117,9834368.046122668
0.0009713891337176537,1.7320283111409094,64.07944442980849,1.5222246015568035e-10,True,True,8764889.746287782,4.216965034285822e-06,4.267870584093414e-15,True,False,100.0,115.47042878508742,7729835880.319117,8764889.747259172
0.001089916534339607,1.7320283111409094,64.07944442980849,1.5222246015568035e-10,True,True,7811716.209017819,4.466835921509635e-06,4.788629555925318e-15,True,False,100.0,115.47042878508742,7729835880.319117,7811716.210107735
0.0012229064651778758,1.7320283111409094,64.07944442980849,1.5222246015568035e-10,True,True,6962199.399721732,4.731512589614803e-06,5.37293073256401e-15,True,False,100.0,115.47042878508742,7729835880.319117,6962199.400944638
0.0013721236218147603,1.7320283111409094,64.07944442980849,1.5222246015568035e-10,True,True,6205066.746476185,5.011872336272725e-06,6.028527435622997e-15,True,False,100.0,115.47042878508742,7729835880.319117,6205066.747848308
0.0015395480252598118,1.7320283111409094,64.07944442980849,1.5222246015568035e-10,True,True,5530271.558979398,5.30884444230989e-06,6.764119035034706e-15,True,False,100.0,115.47042878508742,7729835880.319117,5530271.560518946
0.0017274012956256502,1.7320283111409094,64.07944442980849,1.5222246015568035e-10,True,True,4928859.715074772,5.623413251903491e-06,7.589466384404112e-15,True,False,100.0,115.47042878508742,7729835880.319117,4928859.716802173
0.0019381761316771037,1.7320283111409094,64.07944442980849,1.5222246015568035e-10,True,True,4392850.844990009,5.956621435290109e-06,8.515521341605824e-15,True,False,100.0,115.47042878508742,7729835880.319117,4392850.846928186
0.0021746693874293067,1.7320283111409094,64.07944442980849,1.5222246015568035e-10,True,True,3915132.4366789563,6.309573444801943e-06,9.554572093283966e-15,True,False,100.0,115.47042878508742,7729835880.319117,3915132.4388536257
0.002440019184701222,1.7320283111409094,64.07944442980849,1.5222246015568035e-10,True,True,3489365.457107985,6.683439175686149e-06,1.0720406211623124e-14,True,False,100.0,115.47042878508742,7729835880.319117,3489365.4595480035
0.0027377465540856065,1.7320283111409094,64.07944442980849,1.5222246015568035e-10,True,True,3109900.2371389726,7.079457843841388e-06,1.2028493607054564e-14,True,False,100.0,115.47042878508742,7729835880.319117,3109900.239876719
0.0030718021568856514,1.7320283111409094,64.07944442980849,1.5222246015568035e-10,True,True,2771701.503852474,7.498942093324558e-06,1.3496191804568376e-14,True,False,100.0,115.47042878508742,7729835880.319117,2771701.5069242762
0.0034466187079902817,1.7320283111409094,64.07944442980849,1.5222246015568035e-10,True,True,2470281.565535227,7.943282347242822e-06,1.5142976267524663e-14,True,False,100.0,115.47042878508742,7729835880.319117,2470281.568981846
0.003867169795307493,1.7320283111409094,64.07944442980849,1.5222246015568035e-10,True,True,2201640.7627377645,8.413951416451965e-06,1.6990698825219368e-14,True,False,100.0,115.47042878508742,7729835880.319117,2201640.766604934
0.004339035876254142,1.7320283111409094,64.07944442980849,1.5222246015568035e-10,True,True,1962214.3952235323,8.91250938133746e-06,1.9063877633382772e-14,True,False,100.0,115.47042878508742,7729835880.319117,1962214.3995625682
0.004868478327035446,1.7320283111409094,64.07944442980849,1.5222246015568035e-10,True,True,1748825.4205625106,9.440608762859246e-06,2.1390022515209945e-14,True,False,100.0,115.47042878508742,7729835880.319117,1748825.425430989
0.005462522527302909,1.7320283111409094,64.07944442980849,1.5222246015568035e-10,True,True,1558642.2967084832,1e-05,2.4000000000000005e-14,True,False,100.0,115.47042878508742,7729835880.319117,1558642.3021710059
0.0061290510826740715,1.7320283111409094,64.07944442980849,1.5222246015568035e-10,True,True,1389141.4091563695,1.0592537251772897e-05,2.692844290324716e-14,True,False,100.0,115.47042878508742,7729835880.319117,1389141.4152854206
0.006876908422119749,1.7320283111409094,64.07944442980849,1.5222246015568035e-10,True,True,1238073.5841110456,1.1220184543019652e-05,3.021420988306011e-14,True,False,100.0,115.47042878508742,7729835880.319117,1238073.590987954
0.0077160181581629374,1.7320283111409094,64.07944442980849,1.5222246015568035e-10,True,True,1103434.2433175808,1.188502227437019e-05,3.390090107094613e-14,True,False,100.0,115.47042878508742,7729835880.319117,1103434.2510335988
0.008657514767187876,1.7320283111409094,64.07944442980849,1.5222246015568035e-10,True,True,983436.8045256917,1.2589254117941688e-05,3.803743661906682e-14,True,False,100.0,115.47042878508742,7729835880.319117,983436.8131832065
0.009713891337176539,1.7320283111409094,64.07944442980849,1.5222246015568035e-10,True,True,876488.9746287779,1.333521432163324e-05,4.2678705840934144e-14,True,False,100.0,115.47042878508742,7729835880.319117,876488.9843426693
0.010899165343396073,1.7320283111409094,64.07944442980849,1.5222246015568035e-10,True,True,781171.6209017817,1.4125375446227555e-05,4.78862955592532e-14,True,False,100.0,115.47042878508742,7729835880.319117,781171.631800947
0.012229064651778804,1.7320283111409094,64.07944442980849,1.5222246015568035e-10,True,True,696219.9399721705,1.4962356560944358e-05,5.372930732564031e-14,True,False,100.0,115.47042878508742,7729835880.319117,696219.9522012351
0.013721236218147602,1.7320283111409094,64.07944442980849,1.5222246015568035e-10,True,True,620506.6746476184,1.584893192461114e-05,6.028527435622996e-14,True,False,100.0,115.47042878508742,7729835880.319117,620506.6883688546
0.015395480252598119,1.7320283111409094,64.07944442980849,1.5222246015568035e-10,True,True,553027.1558979398,1.6788040181225625e-05,6.764119035034707e-14,True,False,100.0,115.47042878508742,7729835880.319117,553027.17129342
0.0172740129562565,1.7320283111409094,64.07944442980849,1.5222246015568035e-10,True,True,492885.9715074772,1.778279410038923e-05,7.589466384404111e-14,True,False,100.0,115.47042878508742,7729835880.319117,492885.98878149013
0.01938176131677104,1.7320283111409094,64.07944442980849,1.5222246015568035e-10,True,True,439285.08449900086,1.883649089489802e-05,8.515521341605825e-14,True,False,100.0,115.47042878508742,7729835880.319117,439285.1038807622
0.021746693874293066,1.7320283111409094,64.07944442980849,1.5222246015568035e-10,True,True,391513.24366789556,1.995262314968883e-05,9.554572093283967e-14,True,False,100.0,115.47042878508742,7729835880.319117,391513.26541458943
0.02440019184701222,1.7320283111409094,64.07944442980849,1.5222246015568035e-10,True,True,348936.54571079864,2.1134890398366476e-05,1.0720406211623122e-13,True,False,100.0,115.47042878508742,7729835880.319117,348936.5701109905
0.027377465540856072,1.7320283111409094,64.07944442980849,1.5222246015568035e-10,True,True,310990.0237138973,2.2387211385683423e-05,1.2028493607054566e-13,True,False,100.0,115.47042878508742,7729835880.319117,310990.05109136284
0.03071802156885652,1.7320283111409094,64.07944442980849,1.5222246015568035e-10,True,True,277170.15038524737,2.3713737056616554e-05,1.349619180456838e-13,True,False,100.0,115.47042878508742,7729835880.319117,277170.181103269
0.03446618707990282,1.7320283111409094,64.07944442980849,1.5222246015568035e-10,True,True,247028.15655352263,2.5118864315095822e-05,1.5142976267524663e-13,True,False,100.0,115.47042878508742,7729835880.319117,247028.19101970972
0.03867169795307492,1.7320283111409094,64.07944442980849,1.5222246015568035e-10,True,True,220164.07627377647,2.660725059798814e-05,1.6990698825219362e-13,True,False,100.0,115.47042878508742,7729835880.319117,220164.11494547446
0.04339035876254142,1.7320283111409094,64.07944442980849,1.5222246015568035e-10,True,True,196221.43952235323,2.818382931264455e-05,1.906387763338277e-13,True,False,100.0,115.47042878508742,7729835880.319117,196221.482912712
0.04868478327035447,1.7320283111409094,64.07944442980849,1.5222246015568035e-10,True,True,174882.54205625106,2.985382618917963e-05,2.1390022515209946e-13,True,False,100.0,115.47042878508742,7729835880.319117,174882.59074103434
0.054625225273029064,1.7320283111409094,64.07944442980849,1.5222246015568035e-10,True,True,155864.22967084835,3.1622776601683795e-05,2.4e-13,True,False,100.0,115.47042878508742,7729835880.319117,155864.2842960736
0.061290510826740745,1.7320283111409094,64.07944442980849,1.5222246015568035e-10,True,True,138914.14091563693,3.3496543915782794e-05,2.6928442903247173e-13,True,False,100.0,115.47042878508742,7729835880.319117,138914.20220614778
0.0687690842211975,1.7320283111409094,64.07944442980849,1.5222246015568035e-10,True,True,123807.35841110458,3.54813389233576e-05,3.021420988306011e-13,True,False,100.0,115.47042878508742,7729835880.319117,123807.4271801888
0.07716018158162936,1.7320283111409094,64.07944442980849,1.5222246015568035e-10,True,True,110343.42433175808,3.758374042884443e-05,3.390090107094613e-13,True,False,100.0,115.47042878508742,7729835880.319117,110343.50149193966
0.08657514767187878,1.7320283111409094,64.07944442980849,1.5222246015568035e-10,True,True,98343.68045256917,3.9810717055349776e-05,3.8037436619066827e-13,True,False,100.0,115.47042878508742,7729835880.319117,98343.76702771684
0.09713891337176538,1.7320283111409094,64.07944442980849,1.5222246015568035e-10,True,True,87648.8974628778,4.216965034285822e-05,4.267870584093414e-13,True,False,100.0,115.47042878508742,7729835880.319117,87648.99460179117
0.10899165343396071,1.7320283111409094,64.07944442980849,1.5222246015568035e-10,True,True,78117.16209017819,4.466835921509635e-05,4.788629555925319e-13,True,False,100.0,115.47042878508742,7729835880.319117,78117.27108183161
0.12229064651778807,1.7320283111409094,64.07944442980849,1.5222246015568035e-10,True,True,69621.99399721705,4.7315125896148124e-05,5.372930732564032e-13,True,False,100.0,115.47042878508742,7729835880.319117,69622.11628786357
0.13721236218147603,1.7320283111409094,64.07944442980849,1.5222246015568035e-10,True,True,62050.66746476184,5.011872336272725e-05,6.028527435622997e-13,True,False,100.0,115.47042878508742,7729835880.319117,62050.80467712402
0.15395480252598118,1.7320283111409094,64.07944442980849,1.5222246015568035e-10,True,True,55302.71558979398,5.30884444230989e-05,6.764119035034706e-13,True,False,100.0,115.47042878508742,7729835880.319117,55302.869544596506
0.17274012956256501,1.7320283111409094,64.07944442980849,1.5222246015568035e-10,True,True,49288.59715074772,5.623413251903491e-05,7.58946638440411e-13,True,False,100.0,115.47042878508742,7729835880.319117,49288.76989087729
0.19381761316771037,1.7320283111409094,64.07944442980849,1.5222246015568035e-10,True,True,43928.50844990009,5.9566214352901096e-05,8.515521341605825e-13,True,False,100.0,115.47042878508742,7729835880.319117,43928.702267513254
0.21746693874293066,1.7320283111409094,64.07944442980849,1.5222246015568035e-10,True,True,39151.32436678956,6.309573444801943e-05,9.554572093283965e-13,True,False,100.0,115.47042878508742,7729835880.319117,39151.5418337283
0.24400191847012223,1.7320283111409094,64.07944442980849,1.5222246015568035e-10,True,True,34893.654571079845,6.683439175686149e-05,1.0720406211623124e-12,True,False,100.0,115.47042878508742,7729835880.319117,34893.89857299832
0.2737746554085607,1.7320283111409094,64.07944442980849,1.5222246015568035e-10,True,True,31099.002371389724,7.079457843841388e-05,1.2028493607054566e-12,True,False,100.0,115.47042878508742,7729835880.319117,31099.276146045133
0.30718021568856513,1.7320283111409094,64.07944442980849,1.5222246015568035e-10,True,True,27717.015038524733,7.498942093324559e-05,1.3496191804568378e-12,True,False,100.0,115.47042878508742,7729835880.319117,27717.322218740417
0.34466187079902827,1.7320283111409094,64.07944442980849,1.5222246015568035e-10,True,True,24702.815655352264,7.943282347242822e-05,1.5142976267524667e-12,True,False,100.0,115.47042878508742,7729835880.319117,24703.160317223064
0.3867169795307493,1.7320283111409094,64.07944442980849,1.5222246015568035e-10,True,True,22016.407627377645,8.413951416451965e-05,1.6990698825219367e-12,True,False,100.0,115.47042878508742,7729835880.319117,22016.794344357175
0.43390358762541426,1.7320283111409094,64.07944442980849,1.5222246015568035e-10,True,True,19622.143952235325,8.912509381337459e-05,1.906387763338277e-12,True,False,100.0,115.47042878508742,7729835880.319117,19622.57785582295
0.48684783270354465,1.7320283111409094,64.07944442980849,1.5222246015568035e-10,True,True,17488.254205625108,9.440608762859246e-05,2.1390022515209947e-12,True,False,100.0,115.47042878508742,7729835880.319117,17488.741053457812
0.5462522527302908,1.7320283111409094,64.07944442980849,1.5222246015568035e-10,True,True,15586.422967084833,0.0001,2.4000000000000003e-12,True,False,100.0,115.47042878508742,7729835880.319117,15586.969219337563
0.6129051082674072,1.7320283111409094,64.07944442980849,1.5222246015568035e-10,True,True,13891.414091563694,0.00010592537251772897,2.692844290324716e-12,True,False,100.0,115.47042878508742,7729835880.319117,13892.026996671962
0.6876908422119751,1.7320283111409094,64.07944442980849,1.5222246015568035e-10,True,True,12380.735841110454,0.00011220184543019653,3.0214209883060116e-12,True,False,100.0,115.47042878508742,7729835880.319117,12381.423531952667
0.7716018158162936,1.7320283111409094,64.07944442980849,1.5222246015568035e-10,True,True,11034.342433175807,0.00011885022274370189,3.390090107094613e-12,True,False,100.0,115.47042878508742,7729835880.319117,11035.114034991624
0.8657514767187874,1.7320283111409094,64.07944442980849,1.5222246015568035e-10,True,True,9834.368045256919,0.00012589254117941688,3.803743661906681e-12,True,False,100.0,115.47042878508742,7729835880.319117,9835.233796733637
0.9713891337176538,1.7320283111409094,64.07944442980849,1.5222246015568035e-10,True,True,8764.88974628778,0.0001333521432163324,4.267870584093414e-12,True,False,100.0,115.47042878508742,7729835880.319117,8765.861135421497
1.0899165343396071,1.7320283111409094,64.07944442980849,1.5222246015568035e-10,True,True,7811.716209017816,0.00014125375446227554,4.7886295559253186e-12,True,False,100.0,115.47042878508742,7729835880.319117,7812.806125552157
1.2229064651778805,1.7320283111409094,64.07944442980849,1.5222246015568035e-10,True,True,6962.199399721705,0.00014962356560944357,5.372930732564031e-12,True,False,100.0,115.47042878508742,7729835880.319117,6963.422306186882
1.3721236218147606,1.7320283111409094,64.07944442980849,1.5222246015568035e-10,True,True,6205.066746476184,0.00015848931924611142,6.028527435622998e-12,True,False,100.0,115.47042878508742,7729835880.319117,6206.438870097999
1.5395480252598117,1.7320283111409094,64.07944442980849,1.5222246015568035e-10,True,True,5530.271558979399,0.00016788040181225624,6.764119035034706e-12,True,False,100.0,115.47042878508742,7729835880.319117,5531.811107004659
1.7274012956256497,1.7320283111409094,64.07944442980849,1.5222246015568035e-10,True,True,4928.859715074773,0.00017782794100389227,7.58946638440411e-12,True,False,100.0,115.47042878508742,7729835880.319117,4930.587116370399
1.9381761316771042,1.7320283111409094,64.07944442980849,1.5222246015568035e-10,True,True,4392.850844990009,0.0001883649089489802,8.515521341605826e-12,True,False,100.0,115.47042878508742,7729835880.319117,4394.789021121686
2.174669387429306,1.7320283111409094,64.07944442980849,1.5222246015568035e-10,True,True,3915.1324366789563,0.00019952623149688828,9.554572093283964e-12,True,False,100.0,115.47042878508742,7729835880.319117,3917.3071060663856
2.440019184701222,1.7320283111409094,64.07944442980849,1.5222246015568035e-10,True,True,3489.3654571079855,0.00021134890398366476,1.0720406211623122e-11,True,False,100.0,115.47042878508742,7729835880.319117,3491.805476292687
2.7377465540856067,1.7320283111409094,64.07944442980849,1.5222246015568035e-10,True,True,3109.9002371389724,0.00022387211385683424,1.2028493607054564e-11,True,False,100.0,115.47042878508742,7729835880.319117,3112.6379836930582
3.071802156885652,1.7320283111409094,64.07944442980849,1.5222246015568035e-10,True,True,2771.701503852473,0.00023713737056616554,1.349619180456838e-11,True,False,100.0,115.47042878508742,7729835880.319117,2774.7733060093583
3.4466187079902824,1.7320283111409094,64.07944442980849,1.5222246015568035e-10,True,True,2470.2815655352265,0.0002511886431509582,1.5142976267524664e-11,True,False,100.0,115.47042878508742,7729835880.319117,2473.7281842432167
3.8671697953074924,1.7320283111409094,64.07944442980849,1.5222246015568035e-10,True,True,2201.640762737765,0.0002660725059798814,1.6990698825219364e-11,True,False,100.0,115.47042878508742,7729835880.319117,2205.5079325330726
4.339035876254143,1.7320283111409094,64.07944442980849,1.5222246015568035e-10,True,True,1962.2143952235326,0.0002818382931264455,1.9063877633382773e-11,True,False,100.0,115.47042878508742,7729835880.319117,1966.5534310997868
4.868478327035446,1.7320283111409094,64.07944442980849,1.5222246015568035e-10,True,True,1748.8254205625105,0.00029853826189179633,2.1390022515209945e-11,True,False,100.0,115.47042878508742,7729835880.319117,1753.693898889546
5.462522527302907,1.7320283111409094,64.07944442980849,1.5222246015568035e-10,True,True,1558.6422967084834,0.00031622776601683794,2.3999999999999998e-11,True,False,100.0,115.47042878508742,7729835880.319117,1564.1048192357864
6.129051082674073,1.7320283111409094,64.07944442980849,1.5222246015568035e-10,True,True,1389.1414091563695,0.00033496543915782794,2.6928442903247166e-11,True,False,100.0,115.47042878508742,7729835880.319117,1395.2704602390436
6.87690842211975,1.7320283111409094,64.07944442980849,1.5222246015568035e-10,True,True,1238.0735841110456,0.000354813389233576,3.021420988306011e-11,True,False,100.0,115.47042878508742,7729835880.319117,1244.9504925331653
7.716018158162936,1.7320283111409094,64.07944442980849,1.5222246015568035e-10,True,True,1103.4342433175807,0.0003758374042884443,3.390090107094613e-11,True,False,100.0,115.47042878508742,7729835880.319117,1111.1502614757435
8.657514767187877,1.7320283111409094,64.07944442980849,1.5222246015568035e-10,True,True,983.4368045256919,0.00039810717055349773,3.8037436619066816e-11,True,False,100.0,115.47042878508742,7729835880.319117,992.0943192928797
9.713891337176538,1.7320283111409094,64.07944442980849,1.5222246015568035e-10,True,True,876.488974628778,0.00042169650342858224,4.267870584093414e-11,True,False,100.0,115.47042878508742,7729835880.319117,886.2028659659545
10.89916534339607,1.7320283111409094,64.07944442980849,1.5222246015568035e-10,True,True,781.1716209017819,0.0004466835921509635,4.788629555925319e-11,True,False,100.0,115.47042878508742,7729835880.319117,792.070786245178
12.22906465177881,1.7320283111409094,64.07944442980849,1.5222246015568035e-10,True,True,696.2199399721704,0.00047315125896148127,5.372930732564033e-11,True,False,100.0,115.47042878508742,7729835880.319117,708.4490046239492
13.721236218147606,1.7320283111409094,64.07944442980849,1.5222246015568035e-10,True,True,620.5066746476183,0.0005011872336272725,6.028527435622998e-11,True,False,100.0,115.47042878508742,7729835880.319117,634.2279108657659
15.39548025259812,1.7320283111409094,64.07944442980849,1.5222246015568035e-10,True,True,553.0271558979398,0.000530884444230989,6.764119035034706e-11,True,False,100.0,115.47042878508742,7729835880.319117,568.4226361505379
17.2740129562565,1.7320283111409094,64.07944442980849,1.5222246015568035e-10,True,True,492.88597150747717,0.0005623413251903491,7.58946638440411e-11,True,False,100.0,115.47042878508742,7729835880.319117,510.1599844637336
19.381761316771044,1.7320283111409094,64.07944442980849,1.5222246015568035e-10,True,True,439.28508449900085,0.000595662143529011,8.515521341605827e-11,True,False,100.0,115.47042878508742,7729835880.319117,458.66684581577186
21.746693874293065,1.7320283111409094,64.07944442980849,1.5222246015568035e-10,True,True,391.51324366789567,0.0006309573444801943,9.554572093283964e-11,True,False,100.0,115.47042878508742,7729835880.319117,413.2599375421887
24.40019184701222,1.7320283111409094,64.07944442980849,1.5222246015568035e-10,True,True,348.93654571079855,0.0006683439175686149,1.0720406211623124e-10,True,False,100.0,115.47042878508742,7729835880.319117,373.3367375578108
27.377465540856065,1.7320283111409094,64.07944442980849,1.5222246015568035e-10,True,True,310.99002371389724,0.0007079457843841388,1.2028493607054564e-10,True,False,100.0,115.47042878508742,7729835880.319117,338.3674892547533
30.718021568856518,1.7320283111409094,64.07944442980849,1.5222246015568035e-10,True,True,277.1701503852473,0.0007498942093324559,1.349619180456838e-10,True,False,100.0,115.47042878508742,7729835880.319117,307.8881719541038
34.46618707990282,1.7320283111409094,64.07944442980849,1.5222246015568035e-10,True,True,247.02815655352268,0.0007943282347242822,1.5142976267524663e-10,True,False,100.0,115.47042878508742,7729835880.319117,281.4943436334255
38.671697953074926,1.7320283111409094,64.07944442980849,1.5222246015568035e-10,True,True,220.16407627377643,0.0008413951416451964,1.6990698825219365e-10,True,False,100.0,115.47042878508742,7729835880.319117,258.83577422685136
43.39035876254143,1.7320283111409094,64.07944442980849,1.5222246015568035e-10,True,True,196.22143952235325,0.0008912509381337459,1.9063877633382775e-10,True,False,100.0,115.47042878508742,7729835880.319117,239.6117982848947
48.684783270354465,1.7320283111409094,64.07944442980849,1.5222246015568035e-10,True,True,174.88254205625105,0.0009440608762859245,2.1390022515209944e-10,True,False,100.0,115.47042878508742,7729835880.319117,223.56732532660553
54.625225273029066,1.7320283111409094,64.07944442980849,1.5222246015568035e-10,True,True,155.8642296708484,0.001,2.4e-10,True,False,100.0,115.47042878508742,7729835880.319117,210.48945494387746
61.29051082674073,1.7320283111409094,64.07944442980849,1.5222246015568035e-10,True,True,138.91414091563692,0.0010592537251772898,2.6928442903247166e-10,True,False,100.0,115.47042878508742,7729835880.319117,200.20465174237762
68.76908422119749,1.7320283111409094,64.07944442980849,1.5222246015568035e-10,True,True,123.80735841110454,0.0011220184543019652,3.0214209883060107e-10,True,False,100.0,115.47042878508742,7729835880.319117,192.57644263230202
77.16018158162937,1.7320283111409094,64.07944442980849,1.5222246015568035e-10,True,True,110.34342433175806,0.001188502227437019,3.390090107094613e-10,True,False,100.0,115.47042878508742,7729835880.319117,187.50360591338745
86.57514767187875,1.7320283111409094,64.07944442980849,1.5222246015568035e-10,True,True,98.34368045256917,0.0012589254117941688,3.803743661906682e-10,True,False,100.0,115.47042878508742,7729835880.319117,184.91882812444794
97.1389133717654,1.7320283111409094,64.07944442980849,1.5222246015568035e-10,True,True,87.6488974628778,0.001333521432163324,4.2678705840934147e-10,True,False,100.0,115.47042878508742,7729835880.319117,184.78781083464318
108.9916534339607,1.7320283111409094,64.07944442980849,1.5222246015568035e-10,True,True,78.11716209017817,0.0014125375446227555,4.788629555925319e-10,True,False,100.0,115.47042878508742,7729835880.319117,187.1088155241389
122.29064651778805,1.7320283111409094,64.07944442980849,1.5222246015568035e-10,True,True,69.62199399721706,0.0014962356560944358,5.372930732564031e-10,True,False,100.0,115.47042878508742,7729835880.319117,191.9126405150051
137.21236218147604,1.7320283111409094,64.07944442980849,1.5222246015568035e-10,True,True,62.050667464761844,0.001584893192461114,6.028527435622997e-10,True,False,100.0,115.47042878508742,7729835880.319117,199.26302964623787
153.95480252598117,1.7320283111409094,64.07944442980849,1.5222246015568035e-10,True,True,55.30271558979398,0.0016788040181225624,6.764119035034706e-10,True,False,100.0,115.47042878508742,7729835880.319117,209.25751811577518
172.74012956256496,1.7320283111409094,64.07944442980849,1.5222246015568035e-10,True,True,49.28859715074773,0.0017782794100389228,7.589466384404109e-10,True,False,100.0,115.47042878508742,7729835880.319117,222.0287267133127
193.8176131677104,1.7320283111409094,64.07944442980849,1.5222246015568035e-10,True,True,43.92850844990009,0.0018836490894898021,8.515521341605825e-10,True,False,100.0,115.47042878508742,7729835880.319117,237.74612161761047
217.4669387429306,1.7320283111409094,64.07944442980849,1.5222246015568035e-10,True,True,39.15132436678957,0.001995262314968883,9.554572093283965e-10,True,False,100.0,115.47042878508742,7729835880.319117,256.6182631097202
244.00191847012212,1.7320283111409094,64.07944442980849,1.5222246015568035e-10,True,True,34.89365457107986,0.0021134890398366475,1.072040621162312e-09,True,False,100.0,115.47042878508742,7729835880.319117,278.895573041202
273.7746554085607,1.7320283111409094,64.07944442980849,1.5222246015568035e-10,True,True,31.099002371389716,0.0022387211385683425,1.2028493607054567e-09,True,False,100.0,115.47042878508742,7729835880.319117,304.87365777995046
307.18021568856517,1.7320283111409094,64.07944442980849,1.5222246015568035e-10,True,True,27.717015038524732,0.0023713737056616554,1.3496191804568378e-09,True,False,100.0,115.47042878508742,7729835880.319117,334.8972307270899
344.6618707990281,1.7320283111409094,64.07944442980849,1.5222246015568035e-10,True,True,24.702815655352268,0.002511886431509582,1.514297626752466e-09,True,False,100.0,115.47042878508742,7729835880.319117,369.3646864543804
386.7169795307492,1.7320283111409094,64.07944442980849,1.5222246015568035e-10,True,True,22.016407627377642,0.002660725059798814,1.6990698825219363e-09,True,False,100.0,115.47042878508742,7729835880.319117,408.73338715812685
433.90358762541416,1.7320283111409094,64.07944442980849,1.5222246015568035e-10,True,True,19.62214395223533,0.002818382931264455,1.906387763338277e-09,True,False,100.0,115.47042878508742,7729835880.319117,453.52573157764954
486.8478327035446,1.7320283111409094,64.07944442980849,1.5222246015568035e-10,True,True,17.488254205625108,0.0029853826189179633,2.1390022515209945e-09,True,False,100.0,115.47042878508742,7729835880.319117,504.3360869091697
546.2522527302907,1.7320283111409094,64.07944442980849,1.5222246015568035e-10,True,True,15.586422967084832,0.0031622776601683794,2.4e-09,True,False,100.0,115.47042878508742,7729835880.319117,561.8386756973755
612.9051082674073,1.7320283111409094,64.07944442980849,1.5222246015568035e-10,True,True,13.891414091563693,0.0033496543915782794,2.692844290324717e-09,True,False,100.0,115.47042878508742,7729835880.319117,626.7965223589711
687.6908422119751,1.7320283111409094,64.07944442980849,1.5222246015568035e-10,True,True,12.380735841110452,0.0035481338923357606,3.0214209883060116e-09,True,False,100.0,115.47042878508742,7729835880.319117,700.0715780530855
771.6018158162937,1.7320283111409094,64.07944442980849,1.5222246015568035e-10,True,True,11.034342433175809,0.003758374042884443,3.3900901070946126e-09,True,False,100.0,115.47042878508742,7729835880.319117,782.6361582494694
865.7514767187876,1.7320283111409094,64.07944442980849,1.5222246015568035e-10,True,True,9.834368045256918,0.003981071705534978,3.803743661906682e-09,True,False,100.0,115.47042878508742,7729835880.319117,875.5858447640444
971.3891337176542,1.7320283111409094,64.07944442980849,1.5222246015568035e-10,True,True,8.764889746287778,0.004216965034285823,4.267870584093416e-09,True,False,100.0,115.47042878508742,7729835880.319117,980.1540234639419
1089.916534339607,1.7320283111409094,64.07944442980849,1.5222246015568035e-10,True,True,7.811716209017817,0.004466835921509635,4.788629555925319e-09,True,False,100.0,115.47042878508742,7729835880.319117,1097.7282505486248
1222.906465177881,1.7320283111409094,64.07944442980849,1.5222246015568035e-10,True,True,6.962199399721704,0.004731512589614813,5.372930732564034e-09,True,False,100.0,115.47042878508742,7729835880.319117,1229.8686645776029
1372.12362181476,1.7320283111409094,64.07944442980849,1.5222246015568035e-10,True,True,6.205066746476185,0.005011872336272725,6.028527435622996e-09,True,False,100.0,115.47042878508742,7729835880.319117,1378.3286885612365
1539.5480252598118,1.7320283111409094,64.07944442980849,1.5222246015568035e-10,True,True,5.530271558979399,0.00530884444230989,6.7641190350347055e-09,True,False,100.0,115.47042878508742,7729835880.319117,1545.078296818791
1727.4012956256502,1.7320283111409094,64.07944442980849,1.5222246015568035e-10,True,True,4.928859715074772,0.005623413251903491,7.589466384404111e-09,True,False,100.0,115.47042878508742,7729835880.319117,1732.330155340725
1938.1761316771033,1.7320283111409094,64.07944442980849,1.5222246015568035e-10,True,True,4.3928508449900106,0.005956621435290109,8.515521341605823e-09,True,False,100.0,115.47042878508742,7729835880.319117,1942.5689825220934
2174.669387429306,1.7320283111409094,64.07944442980849,1.5222246015568035e-10,True,True,3.9151324366789564,0.006309573444801942,9.554572093283965e-09,True,False,100.0,115.47042878508742,7729835880.319117,2178.5845198659854
2440.019184701222,1.7320283111409094,64.07944442980849,1.5222246015568035e-10,True,True,3.4893654571079846,0.006683439175686149,1.0720406211623123e-08,True,False,100.0,115.47042878508742,7729835880.319117,2443.5085501583303
2737.746554085607,1.7320283111409094,64.07944442980849,1.5222246015568035e-10,True,True,3.1099002371389726,0.007079457843841388,1.2028493607054566e-08,True,False,100.0,115.47042878508742,7729835880.319117,2740.8564543227462
3071.8021568856516,1.7320283111409094,64.07944442980849,1.5222246015568035e-10,True,True,2.771701503852474,0.007498942093324558,1.3496191804568378e-08,True,False,100.0,115.47042878508742,7729835880.319117,3074.5738583895045
3446.6187079902816,1.7320283111409094,64.07944442980849,1.5222246015568035e-10,True,True,2.4702815655352275,0.00794328234724282,1.514297626752466e-08,True,False,100.0,115.47042878508742,7729835880.319117,3449.0889895558166
3867.169795307492,1.7320283111409094,64.07944442980849,1.5222246015568035e-10,True,True,2.201640762737765,0.008413951416451964,1.6990698825219363e-08,True,False,100.0,115.47042878508742,7729835880.319117,3869.37143607023
4339.035876254143,1.7320283111409094,64.07944442980849,1.5222246015568035e-10,True,True,1.9622143952235327,0.008912509381337459,1.906387763338277e-08,True,False,100.0,115.47042878508742,7729835880.319117,4340.9980906493665
4868.4783270354465,1.7320283111409094,64.07944442980849,1.5222246015568035e-10,True,True,1.7488254205625104,0.009440608762859246,2.1390022515209946e-08,True,False,100.0,115.47042878508742,7729835880.319117,4870.22715245601
5462.522527302906,1.7320283111409094,64.07944442980849,1.5222246015568035e-10,True,True,1.5586422967084834,0.01,2.4e-08,True,False,100.0,115.47042878508742,7729835880.319117,5464.081169599615
6129.051082674071,1.7320283111409094,64.07944442980849,1.5222246015568035e-10,True,True,1.3891414091563699,0.010592537251772897,2.6928442903247162e-08,True,False,100.0,115.47042878508742,7729835880.319117,6130.440224083228
6876.908422119749,1.7320283111409094,64.07944442980849,1.5222246015568035e-10,True,True,1.2380735841110455,0.011220184543019653,3.021420988306011e-08,True,False,100.0,115.47042878508742,7729835880.319117,6878.14649570386
7716.018158162968,1.7320283111409094,64.07944442980849,1.5222246015568035e-10,True,True,1.1034342433175763,0.011885022274370214,3.390090107094627e-08,True,False,100.0,115.47042878508742,7729835880.319117,7717.121592406285
8657.514767187839,1.7320283111409094,64.07944442980849,1.5222246015568035e-10,True,True,0.9834368045256959,0.012589254117941661,3.8037436619066654e-08,True,False,100.0,115.47042878508742,7729835880.319117,8658.498203992365
9713.89133717654,1.7320283111409094,64.07944442980849,1.5222246015568035e-10,True,True,0.8764889746287778,0.01333521432163324,4.267870584093415e-08,True,False,100.0,115.47042878508742,7729835880.319117,9714.767826151168
10899.165343396071,1.7320283111409094,64.07944442980849,1.5222246015568035e-10,True,True,0.7811716209017819,0.014125375446227554,4.7886295559253187e-08,True,False,100.0,115.47042878508742,7729835880.319117,10899.946515016973
12229.064651778806,1.7320283111409094,64.07944442980849,1.5222246015568035e-10,True,True,0.6962199399721705,0.014962356560944358,5.372930732564032e-08,True,False,100.0,115.47042878508742,7729835880.319117,12229.760871718778
13721.236218147656,1.7320283111409094,64.07944442980849,1.5222246015568035e-10,True,True,0.620506674647616,0.015848931924611172,6.02852743562302e-08,True,False,100.0,115.47042878508742,7729835880.319117,13721.856724822304
15395.480252598054,1.7320283111409094,64.07944442980849,1.5222246015568035e-10,True,True,0.5530271558979419,0.01678804018122559,6.764119035034678e-08,True,False,100.0,115.47042878508742,7729835880.319117,15396.033279753952
17274.0129562565,1.7320283111409094,64.07944442980849,1.5222246015568035e-10,True,True,0.49288597150747715,0.01778279410038923,7.589466384404111e-08,True,False,100.0,115.47042878508742,7729835880.319117,17274.50584222801
19381.76131677104,1.7320283111409094,64.07944442980849,1.5222246015568035e-10,True,True,0.43928508449900083,0.01883649089489802,8.515521341605824e-08,True,False,100.0,115.47042878508742,7729835880.319117,19382.200601855537
21746.69387429306,1.7320283111409094,64.07944442980849,1.5222246015568035e-10,True,True,0.3915132436678956,0.01995262314968883,9.554572093283965e-08,True,False,100.0,115.47042878508742,7729835880.319117,21747.08538753673
24400.19184701232,1.7320283111409094,64.07944442980849,1.5222246015568035e-10,True,True,0.3489365457107971,0.02113489039836652,1.0720406211623167e-07,True,False,100.0,115.47042878508742,7729835880.319117,24400.54078355803
27377.465540855956,1.7320283111409094,64.07944442980849,1.5222246015568035e-10,True,True,0.3109900237138985,0.022387211385683378,1.2028493607054517e-07,True,False,100.0,115.47042878508742,7729835880.319117,27377.77653087967
30718.021568856515,1.7320283111409094,64.07944442980849,1.5222246015568035e-10,True,True,0.27717015038524734,0.023713737056616554,1.3496191804568378e-07,True,False,100.0,115.47042878508742,7729835880.319117,30718.2987390069
34466.18707990282,1.7320283111409094,64.07944442980849,1.5222246015568035e-10,True,True,0.24702815655352267,0.025118864315095822,1.5142976267524663e-07,True,False,100.0,115.47042878508742,7729835880.319117,34466.43410805937
38671.69795307492,1.7320283111409094,64.07944442980849,1.5222246015568035e-10,True,True,0.22016407627377646,0.02660725059798814,1.6990698825219365e-07,True,False,100.0,115.47042878508742,7729835880.319117,38671.9181171512
43390.35876254161,1.7320283111409094,64.07944442980849,1.5222246015568035e-10,True,True,0.19622143952235246,0.02818382931264461,1.9063877633382852e-07,True,False,100.0,115.47042878508742,7729835880.319117,43390.554983981136
48684.783270354266,1.7320283111409094,64.07944442980849,1.5222246015568035e-10,True,True,0.1748825420562518,0.02985382618917957,2.1390022515209855e-07,True,False,100.0,115.47042878508742,7729835880.319117,48684.95815289632
54625.225273029064,1.7320283111409094,64.07944442980849,1.5222246015568035e-10,True,True,0.15586422967084837,0.03162277660168379,2.4e-07,True,False,100.0,115.47042878508742,7729835880.319117,54625.38113725874
61290.51082674073,1.7320283111409094,64.07944442980849,1.5222246015568035e-10,True,True,0.13891414091563695,0.033496543915782793,2.6928442903247166e-07,True,False,100.0,115.47042878508742,7729835880.319117,61290.64974088164
68769.08422119751,1.7320283111409094,64.07944442980849,1.5222246015568035e-10,True,True,0.12380735841110453,0.03548133892335761,3.0214209883060116e-07,True,False,100.0,115.47042878508742,7729835880.319117,68769.20802855592
77160.18158162967,1.7320283111409094,64.07944442980849,1.5222246015568035e-10,True,True,0.11034342433175763,0.037583740428844506,3.3900901070946265e-07,True,False,100.0,115.47042878508742,7729835880.319117,77160.291925054
86575.1476718784,1.7320283111409094,64.07944442980849,1.5222246015568035e-10,True,True,0.09834368045256958,0.03981071705534969,3.803743661906666e-07,True,False,100.0,115.47042878508742,7729835880.319117,86575.24601555885
97138.91337176537,1.7320283111409094,64.07944442980849,1.5222246015568035e-10,True,True,0.0876488974628778,0.042169650342858224,4.267870584093414e-07,True,False,100.0,115.47042878508742,7729835880.319117,97139.00102066284
108991.65343396072,1.7320283111409094,64.07944442980849,1.5222246015568035e-10,True,True,0.07811716209017816,0.04466835921509635,4.788629555925319e-07,True,False,100.0,115.47042878508742,7729835880.319117,108991.73155112281
122290.64651778807,1.7320283111409094,64.07944442980849,1.5222246015568035e-10,True,True,0.06962199399721702,0.04731512589614813,5.372930732564032e-07,True,False,100.0,115.47042878508742,7729835880.319117,122290.71613978207
137212.3621814766,1.7320283111409094,64.07944442980849,1.5222246015568035e-10,True,True,0.062050667464761594,0.05011872336272735,6.028527435623022e-07,True,False,100.0,115.47042878508742,7729835880.319117,137212.42423214405
153954.8025259805,1.7320283111409094,64.07944442980849,1.5222246015568035e-10,True,True,0.055302715589794216,0.05308844442309879,6.764119035034677e-07,True,False,100.0,115.47042878508742,7729835880.319117,153954.85782869608
172740.12956256498,1.7320283111409094,64.07944442980849,1.5222246015568035e-10,True,True,0.04928859715074772,0.05623413251903491,7.58946638440411e-07,True,False,100.0,115.47042878508742,7729835880.319117,172740.17885116214
193817.6131677104,1.7320283111409094,64.07944442980849,1.5222246015568035e-10,True,True,0.043928508449900094,0.059566214352901097,8.515521341605826e-07,True,False,100.0,115.47042878508742,7729835880.319117,193817.65709621884
217466.93874293062,1.7320283111409094,64.07944442980849,1.5222246015568035e-10,True,True,0.03915132436678956,0.06309573444801943,9.554572093283965e-07,True,False,100.0,115.47042878508742,7729835880.319117,217466.977894255
244001.9184701231,1.7320283111409094,64.07944442980849,1.5222246015568035e-10,True,True,0.03489365457107971,0.06683439175686162,1.0720406211623164e-06,True,False,100.0,115.47042878508742,7729835880.319117,244001.9533637777
273774.6554085595,1.7320283111409094,64.07944442980849,1.5222246015568035e-10,True,True,0.03109900237138985,0.07079457843841373,1.2028493607054515e-06,True,False,100.0,115.47042878508742,7729835880.319117,273774.6865075619
307180.2156885651,1.7320283111409094,64.07944442980849,1.5222246015568035e-10,True,True,0.027717015038524737,0.07498942093324558,1.3496191804568376e-06,True,False,100.0,115.47042878508742,7729835880.319117,307180.2434055802
344661.87079902826,1.7320283111409094,64.07944442980849,1.5222246015568035e-10,True,True,0.02470281565535226,0.07943282347242822,1.5142976267524665e-06,True,False,100.0,115.47042878508742,7729835880.319117,344661.8955018439
386716.9795307494,1.7320283111409094,64.07944442980849,1.5222246015568035e-10,True,True,0.022016407627377648,0.08413951416451965,1.6990698825219368e-06,True,False,100.0,115.47042878508742,7729835880.319117,386717.001547157
433903.587625416,1.7320283111409094,64.07944442980849,1.5222246015568035e-10,True,True,0.019622143952235247,0.08912509381337477,1.9063877633382849e-06,True,False,100.0,115.47042878508742,7729835880.319117,433903.60724755994
486847.8327035426,1.7320283111409094,64.07944442980849,1.5222246015568035e-10,True,True,0.01748825420562518,0.09440608762859226,2.1390022515209854e-06,True,False,100.0,115.47042878508742,7729835880.319117,486847.85019179684
546252.2527302906,1.7320283111409094,64.07944442980849,1.5222246015568035e-10,True,True,0.015586422967084835,0.1,2.4e-06,True,False,100.0,115.47042878508742,7729835880.319117,546252.2683167136
2.427787789912403e-13,2.598042466711364,33.073648410672945,1.5216247320242412e-10,True,True,3.01983413494986e+16,1e-10,1.0666666666666666e-24,True,True,150.0,160.72778205342084,11594753820.478676,3.01983413494986e+16
2.724022703410699e-13,2.598042466711364,33.073648410672945,1.5216247320242412e-10,True,True,2.6914300057823664e+16,1.0592537251772898e-10,1.1968196845887629e-24,True,True,150.0,160.72778205342084,11594753820.478676,2.6914300057823664e+16
3.056403743164333e-13,2.598042466711364,33.073648410672945,1.5216247320242412e-10,True,True,2.3987395175748428e+16,1.1220184543019652e-10,1.3428537725804492e-24,True,True,150.0,160.72778205342084,11594753820.478676,2.3987395175748428e+16
3.4293414036279576e-13,2.598042466711364,33.073648410672945,1.5216247320242412e-10,True,True,2.13787884537708e+16,1.1885022274370164e-10,1.5067067142642662e-24,True,True,150.0,160.72778205342084,11594753820.478676,2.13787884537708e+16
3.8477843409723726e-13,2.598042466711364,33.073648410672945,1.5216247320242412e-10,True,True,1.9053865265586092e+16,1.2589254117941662e-10,1.6905527386251848e-24,True,True,150.0,160.72778205342084,11594753820.478676,1.9053865265586092e+16
4.3172850387451284e-13,2.598042466711364,33.073648410672945,1.5216247320242412e-10,True,True,1.6981775293027558e+16,1.333521432163324e-10,1.8968313707081842e-24,True,True,150.0,160.72778205342084,11594753820.478676,1.6981775293027558e+16
4.84407348595381e-13,2.598042466711364,33.073648410672945,1.5216247320242412e-10,True,True,1.5135023161087244e+16,1.4125375446227556e-10,2.1282798026334753e-24,True,True,150.0,160.72778205342084,11594753820.478676,1.5135023161087244e+16
5.435139845235027e-13,2.598042466711364,33.073648410672945,1.5216247320242412e-10,True,True,1.3489103590994952e+16,1.496235656094436e-10,2.387969214472904e-24,True,True,150.0,160.72778205342084,11594753820.478676,1.3489103590994952e+16
6.098327208065576e-13,2.598042466711364,33.073648410672945,1.5216247320242412e-10,True,True,1.202217623005761e+16,1.584893192461111e-10,2.679345526943543e-24,True,True,150.0,160.72778205342084,11594753820.478676,1.202217623005761e+16
6.842435667821357e-13,2.598042466711364,33.073648410672945,1.5216247320242412e-10,True,True,1.0714775843448042e+16,1.6788040181225588e-10,3.0062751266820784e-24,True,True,150.0,160.72778205342084,11594753820.478676,1.0714775843448042e+16
7.677339091669556e-13,2.598042466711364,33.073648410672945,1.5216247320242412e-10,True,True,9549554022365846.0,1.778279410038923e-10,3.3730961708462715e-24,True,True,150.0,160.72778205342084,11594753820.478676,9549554022365846.0
8.614116140787129e-13,2.598042466711364,33.073648410672945,1.5216247320242412e-10,True,True,8511048981192429.0,1.8836490894898022e-10,3.784676151824811e-24,True,True,150.0,160.72778205342084,11594753820.478676,8511048981192429.0
9.665197277463582e-13,2.598042466711364,33.073648410672945,1.5216247320242412e-10,True,True,7585480388990001.0,1.9952623149688828e-10,4.2464764859039844e-24,True,True,150.0,160.72778205342084,11594753820.478676,7585480388990001.0
1.0844529709783163e-12,2.598042466711364,33.073648410672945,1.5216247320242412e-10,True,True,6760566512882510.0,2.1134890398366433e-10,4.7646249829435904e-24,True,True,150.0,160.72778205342084,11594753820.478676,6760566512882510.0
1.2167762462602646e-12,2.598042466711364,33.073648410672945,1.5216247320242412e-10,True,True,6025361246922113.0,2.2387211385683377e-10,5.3459971586908954e-24,True,True,150.0,160.72778205342084,11594753820.478676,6025361246922113.0
1.3652454030602896e-12,2.598042466711364,33.073648410672945,1.5216247320242412e-10,True,True,5370108863914039.0,2.371373705661655e-10,5.998307468697057e-24,True,True,150.0,160.72778205342084,11594753820.478676,5370108863914039.0
1.5318305368845698e-12,2.598042466711364,33.073648410672945,1.5216247320242412e-10,True,True,4786114562843721.0,2.511886431509582e-10,6.730211674455406e-24,True,True,150.0,160.72778205342084,11594753820.478676,4786114562843721.0
1.7187421312477741e-12,2.598042466711364,33.073648410672945,1.5216247320242412e-10,True,True,4265629094150040.5,2.660725059798814e-10,7.551421700097494e-24,True,True,150.0,160.72778205342084,11594753820.478676,4265629094150040.5
1.928460389446278e-12,2.598042466711364,33.073648410672945,1.5216247320242412e-10,True,True,3801745931891848.0,2.8183829312644494e-10,8.472834503725644e-24,True,True,150.0,160.72778205342084,11594753820.478676,3801745931891848.0
2.163768145349078e-12,2.598042466711364,33.073648410672945,1.5216247320242412e-10,True,True,3388309628344755.0,2.985382618917957e-10,9.506676673426602e-24,True,True,150.0,160.72778205342084,11594753820.478676,3388309628344755.0
2.4277877899124032e-12,2.598042466711364,33.073648410672945,1.5216247320242412e-10,True,True,3019834134949860.0,3.1622776601683795e-10,1.0666666666666667e-23,True,True,150.0,160.72778205342084,11594753820.478676,3019834134949860.0
2.724022703410699e-12,2.598042466711364,33.073648410672945,1.5216247320242412e-10,True,True,2691430005782366.0,3.349654391578279e-10,1.1968196845887629e-23,True,True,150.0,160.72778205342084,11594753820.478676,2691430005782366.0
3.0564037431643336e-12,2.598042466711364,33.073648410672945,1.5216247320242412e-10,True,True,2398739517574842.0,3.5481338923357605e-10,1.3428537725804496e-23,True,True,150.0,160.72778205342084,11594753820.478676,2398739517574842.0
3.4293414036279584e-12,2.598042466711364,33.073648410672945,1.5216247320242412e-10,True,True,2137878845377080.0,3.7583740428844356e-10,1.5067067142642664e-23,True,True,150.0,160.72778205342084,11594753820.478676,2137878845377080.0
3.847784340972373e-12,2.598042466711364,33.073648410672945,1.5216247320242412e-10,True,True,1905386526558608.8,3.9810717055349694e-10,1.6905527386251848e-23,True,True,150.0,160.72778205342084,11594753820.478676,1905386526558608.8
4.317285038745129e-12,2.598042466711364,33.073648410672945,1.5216247320242412e-10,True,True,1698177529302755.8,4.2169650342858224e-10,1.8968313707081842e-23,True,True,150.0,160.72778205342084,11594753820.478676,1698177529302755.8
4.844073485953809e-12,2.598042466711364,33.073648410672945,1.5216247320242412e-10,True,True,1513502316108725.0,4.4668359215096347e-10,2.1282798026334746e-23,True,True,150.0,160.72778205342084,11594753820.478676,1513502316108725.0
5.435139845235026e-12,2.598042466711364,33.073648410672945,1.5216247320242412e-10,True,True,1348910359099495.5,4.731512589614812e-10,2.3879692144729034e-23,True,True,150.0,160.72778205342084,11594753820.478676,1348910359099495.5
6.098327208065575e-12,2.598042466711364,33.073648410672945,1.5216247320242412e-10,True,True,1202217623005761.0,5.011872336272714e-10,2.6793455269435427e-23,True,True,150.0,160.72778205342084,11594753820.478676,1202217623005761.0
6.842435667821357e-12,2.598042466711364,33.073648410672945,1.5216247320242412e-10,True,True,1071477584344804.0,5.30884444230988e-10,3.006275126682079e-23,True,True,150.0,160.72778205342084,11594753820.478676,1071477584344804.0
7.677339091669556e-12,2.598042466711364,33.073648410672945,1.5216247320242412e-10,True,True,954955402236584.5,5.623413251903491e-10,3.373096170846271e-23,True,True,150.0,160.72778205342084,11594753820.478676,954955402236584.5
8.61411614078713e-12,2.598042466711364,33.073648410672945,1.5216247320242412e-10,True,True,851104898119242.6,5.95662143529011e-10,3.784676151824812e-23,True,True,150.0,160.72778205342084,11594753820.478676,851104898119242.6
9.665197277463583e-12,2.598042466711364,33.073648410672945,1.5216247320242412e-10,True,True,758548038899000.0,6.309573444801942e-10,4.2464764859039844e-23,True,True,150.0,160.72778205342084,11594753820.478676,758548038899000.0
1.0844529709783164e-11,2.598042466711364,33.073648410672945,1.5216247320242412e-10,True,True,676056651288250.9,6.683439175686135e-10,4.764624982943591e-23,True,True,150.0,160.72778205342084,11594753820.478676,676056651288250.9
1.2167762462602645e-11,2.598042466711364,33.073648410672945,1.5216247320242412e-10,True,True,602536124692211.2,7.079457843841373e-10,5.345997158690895e-23,True,True,150.0,160.72778205342084,11594753820.478676,602536124692211.2
1.3652454030602897e-11,2.598042466711364,33.073648410672945,1.5216247320242412e-10,True,True,537010886391403.8,7.498942093324559e-10,5.998307468697057e-23,True,True,150.0,160.72778205342084,11594753820.478676,537010886391403.8
1.5318305368845696e-11,2.598042466711364,33.073648410672945,1.5216247320242412e-10,True,True,478611456284372.06,7.943282347242822e-10,6.730211674455406e-23,True,True,150.0,160.72778205342084,11594753820.478676,478611456284372.06
1.7187421312477744e-11,2.598042466711364,33.073648410672945,1.5216247320242412e-10,True,True,426562909415004.0,8.413951416451964e-10,7.551421700097495e-23,True,True,150.0,160.72778205342084,11594753820.478676,426562909415004.0
1.9284603894462777e-11,2.598042466711364,33.073648410672945,1.5216247320242412e-10,True,True,380174593189184.75,8.912509381337441e-10,8.472834503725643e-23,True,True,150.0,160.72778205342084,11594753820.478676,380174593189184.75
2.163768145349078e-11,2.598042466711364,33.073648410672945,1.5216247320242412e-10,True,True,338830962834475.44,9.440608762859226e-10,9.506676673426602e-23,True,True,150.0,160.72778205342084,11594753820.478676,338830962834475.44
2.4277877899124034e-11,2.598042466711364,33.073648410672945,1.5216247320242412e-10,True,True,301983413494985.94,1e-09,1.0666666666666667e-22,True,True,150.0,160.72778205342084,11594753820.478676,301983413494985.94
2.7240227034106992e-11,2.598042466711364,33.073648410672945,1.5216247320242412e-10,True,True,269143000578236.6,1.0592537251772898e-09,1.196819684588763e-22,True,True,150.0,160.72778205342084,11594753820.478676,269143000578236.6
3.0564037431643336e-11,2.598042466711364,33.073648410672945,1.5216247320242412e-10,True,True,239873951757484.2,1.1220184543019653e-09,1.3428537725804495e-22,True,True,150.0,160.72778205342084,11594753820.478676,239873951757484.2
3.429341403627958e-11,2.598042466711364,33.073648410672945,1.5216247320242412e-10,True,True,213787884537708.06,1.1885022274370164e-09,1.5067067142642663e-22,True,True,150.0,160.72778205342084,11594753820.478676,213787884537708.06
3.8477843409723736e-11,2.598042466711364,33.073648410672945,1.5216247320242412e-10,True,True,190538652655860.8,1.2589254117941663e-09,1.690552738625185e-22,True,True,150.0,160.72778205342084,11594753820.478676,190538652655860.8
4.317285038745128e-11,2.598042466711364,33.073648410672945,1.5216247320242412e-10,True,True,169817752930275.62,1.333521432163324e-09,1.896831370708184e-22,True,True,150.0,160.72778205342084,11594753820.478676,169817752930275.62
4.8440734859538096e-11,2.598042466711364,33.073648410672945,1.5216247320242412e-10,True,True,151350231610872.47,1.4125375446227555e-09,2.1282798026334752e-22,True,True,150.0,160.72778205342084,11594753820.478676,151350231610872.47
5.435139845235025e-11,2.598042466711364,33.073648410672945,1.5216247320242412e-10,True,True,134891035909949.56,1.4962356560944358e-09,2.387969214472903e-22,True,True,150.0,160.72778205342084,11594753820.478676,134891035909949.56
6.098327208065577e-11,2.598042466711364,33.073648410672945,1.5216247320242412e-10,True,True,120221762300576.08,1.584893192461111e-09,2.6793455269435435e-22,True,True,150.0,160.72778205342084,11594753820.478676,120221762300576.08
6.842435667821358e-11,2.598042466711364,33.073648410672945,1.5216247320242412e-10,True,True,107147758434480.42,1.6788040181225589e-09,3.006275126682079e-22,True,True,150.0,160.72778205342084,11594753820.478676,107147758434480.42
7.677339091669554e-11,2.598042466711364,33.073648410672945,1.5216247320242412e-10,True,True,95495540223658.45,1.7782794100389228e-09,3.373096170846271e-22,True,True,150.0,160.72778205342084,11594753820.478676,95495540223658.45
8.614116140787129e-11,2.598042466711364,33.073648410672945,1.5216247320242412e-10,True,True,85110489811924.3,1.883649089489802e-09,3.784676151824811e-22,True,True,150.0,160.72778205342084,11594753820.478676,85110489811924.3
9.665197277463584e-11,2.598042466711364,33.073648410672945,1.5216247320242412e-10,True,True,75854803889900.02,1.9952623149688828e-09,4.246476485903984e-22,True,True,150.0,160.72778205342084,11594753820.478676,75854803889900.02
1.0844529709783162e-10,2.598042466711364,33.073648410672945,1.5216247320242412e-10,True,True,67605665128825.11,2.113489039836643e-09,4.76462498294359e-22,True,True,150.0,160.72778205342084,11594753820.478676,67605665128825.11
1.2167762462602643e-10,2.598042466711364,33.073648410672945,1.5216247320242412e-10,True,True,60253612469221.125,2.2387211385683377e-09,5.345997158690894e-22,True,True,150.0,160.72778205342084,11594753820.478676,60253612469221.125
1.3652454030602896e-10,2.598042466711364,33.073648410672945,1.5216247320242412e-10,True,True,53701088639140.375,2.3713737056616553e-09,5.998307468697057e-22,True,True,150.0,160.72778205342084,11594753820.478676,53701088639140.375
1.5318305368845695e-10,2.598042466711364,33.073648410672945,1.5216247320242412e-10,True,True,47861145628437.21,2.511886431509582e-09,6.7302116744554045e-22,True,True,150.0,160.72778205342084,11594753820.478676,47861145628437.21
1.7187421312477747e-10,2.598042466711364,33.073648410672945,1.5216247320242412e-10,True,True,42656290941500.414,2.660725059798814e-09,7.551421700097497e-22,True,True,150.0,160.72778205342084,11594753820.478676,42656290941500.414
1.9284603894462779e-10,2.598042466711364,33.073648410672945,1.5216247320242412e-10,True,True,38017459318918.48,2.8183829312644493e-09,8.472834503725642e-22,True,True,150.0,160.72778205342084,11594753820.478676,38017459318918.48
2.1637681453490778e-10,2.598042466711364,33.073648410672945,1.5216247320242412e-10,True,True,33883096283447.547,2.985382618917957e-09,9.506676673426601e-22,True,True,150.0,160.72778205342084,11594753820.478676,33883096283447.547
2.4277877899124027e-10,2.598042466711364,33.073648410672945,1.5216247320242412e-10,True,True,30198341349498.598,3.1622776601683795e-09,1.0666666666666667e-21,True,True,150.0,160.72778205342084,11594753820.478676,30198341349498.598
2.7240227034106987e-10,2.598042466711364,33.073648410672945,1.5216247320242412e-10,True,True,26914300057823.66,3.3496543915782794e-09,1.196819684588763e-21,True,True,150.0,160.72778205342084,11594753820.478676,26914300057823.66
3.056403743164333e-10,2.598042466711364,33.073648410672945,1.5216247320242412e-10,True,True,23987395175748.42,3.5481338923357603e-09,1.3428537725804494e-21,True,True,150.0,160.72778205342084,11594753820.478676,23987395175748.42
3.429341403627959e-10,2.598042466711364,33.073648410672945,1.5216247320242412e-10,True,True,21378788453770.8,3.758374042884436e-09,1.5067067142642668e-21,True,True,150.0,160.72778205342084,11594753820.478676,21378788453770.8
3.847784340972373e-10,2.598042466711364,33.073648410672945,1.5216247320242412e-10,True,True,19053865265586.09,3.981071705534969e-09,1.6905527386251847e-21,True,True,150.0,160.72778205342084,11594753820.478676,19053865265586.09
4.3172850387451296e-10,2.598042466711364,33.073648410672945,1.5216247320242412e-10,True,True,16981775293027.559,4.216965034285823e-09,1.8968313707081846e-21,True,True,150.0,160.72778205342084,11594753820.478676,16981775293027.559
4.844073485953809e-10,2.598042466711364,33.073648410672945,1.5216247320242412e-10,True,True,15135023161087.246,4.466835921509635e-09,2.128279802633475e-21,True,True,150.0,160.72778205342084,11594753820.478676,15135023161087.246
5.435139845235026e-10,2.598042466711364,33.073648410672945,1.5216247320242412e-10,True,True,13489103590994.953,4.731512589614813e-09,2.3879692144729035e-21,True,True,150.0,160.72778205342084,11594753820.478676,13489103590994.953
6.098327208065576e-10,2.598042466711364,33.073648410672945,1.5216247320242412e-10,True,True,12022176230057.607,5.011872336272715e-09,2.6793455269435434e-21,True,True,150.0,160.72778205342084,11594753820.478676,12022176230057.607
6.84243566782136e-10,2.598042466711364,33.073648410672945,1.5216247320242412e-10,True,True,10714775843448.04,5.3088444423098795e-09,3.0062751266820798e-21,True,True,150.0,160.72778205342084,11594753820.478676,10714775843448.04
7.677339091669555e-10,2.598042466711364,33.073648410672945,1.5216247320242412e-10,True,True,9549554022365.844,5.623413251903491e-09,3.3730961708462714e-21,True,True,150.0,160.72778205342084,11594753820.478676,9549554022365.844
8.614116140787126e-10,2.598042466711364,33.073648410672945,1.5216247320242412e-10,True,True,8511048981192.431,5.956621435290109e-09,3.78467615182481e-21,True,True,150.0,160.72778205342084,11594753820.478676,8511048981192.431
9.665197277463585e-10,2.598042466711364,33.073648410672945,1.5216247320242412e-10,True,True,7585480388990.0,6.309573444801943e-09,4.2464764859039846e-21,True,True,150.0,160.72778205342084,11594753820.478676,7585480388990.0
1.0844529709783165e-09,2.598042466711364,33.073648410672945,1.5216247320242412e-10,True,True,6760566512882.508,6.6834391756861355e-09,4.7646249829435914e-21,True,True,150.0,160.72778205342084,11594753820.478676,6760566512882.508
1.2167762462602648e-09,2.598042466711364,33.073648410672945,1.5216247320242412e-10,True,True,6025361246922.11,7.0794578438413736e-09,5.345997158690896e-21,True,True,150.0,160.72778205342084,11594753820.478676,6025361246922.11
1.3652454030602895e-09,2.598042466711364,33.073648410672945,1.5216247320242412e-10,True,True,5370108863914.039,7.498942093324558e-09,5.998307468697056e-21,True,True,150.0,160.72778205342084,11594753820.478676,5370108863914.039
1.5318305368845698e-09,2.598042466711364,33.073648410672945,1.5216247320242412e-10,True,True,4786114562843.721,7.943282347242822e-09,6.730211674455406e-21,True,True,150.0,160.72778205342084,11594753820.478676,4786114562843.721
1.7187421312477748e-09,2.598042466711364,33.073648410672945,1.5216247320242412e-10,True,True,4265629094150.0396,8.413951416451965e-09,7.551421700097497e-21,True,True,150.0,160.72778205342084,11594753820.478676,4265629094150.0396
1.9284603894462783e-09,2.598042466711364,33.073648410672945,1.5216247320242412e-10,True,True,3801745931891.847,8.912509381337441e-09,8.472834503725644e-21,True,True,150.0,160.72778205342084,11594753820.478676,3801745931891.847
2.1637681453490783e-09,2.598042466711364,33.073648410672945,1.5216247320242412e-10,True,True,3388309628344.755,9.440608762859226e-09,9.506676673426602e-21,True,True,150.0,160.72778205342084,11594753820.478676,3388309628344.755
2.427787789912403e-09,2.598042466711364,33.073648410672945,1.5216247320242412e-10,True,True,3019834134949.86,1e-08,1.0666666666666666e-20,True,True,150.0,160.72778205342084,11594753820.478676,3019834134949.86
2.724022703410699e-09,2.598042466711364,33.073648410672945,1.5216247320242412e-10,True,True,2691430005782.3667,1.0592537251772898e-08,1.196819684588763e-20,True,True,150.0,160.72778205342084,11594753820.478676,2691430005782.3667
3.056403743164333e-09,2.598042466711364,33.073648410672945,1.5216247320242412e-10,True,True,2398739517574.842,1.1220184543019653e-08,1.3428537725804494e-20,True,True,150.0,160.72778205342084,11594753820.478676,2398739517574.842
3.429341403627972e-09,2.598042466711364,33.073648410672945,1.5216247320242412e-10,True,True,2137878845377.0715,1.188502227437019e-08,1.5067067142642725e-20,True,True,150.0,160.72778205342084,11594753820.478676,2137878845377.0715
3.847784340972372e-09,2.598042466711364,33.073648410672945,1.5216247320242412e-10,True,True,1905386526558.6084,1.2589254117941661e-08,1.6905527386251846e-20,True,True,150.0,160.72778205342084,11594753820.478676,1905386526558.6084
4.317285038745129e-09,2.598042466711364,33.073648410672945,1.5216247320242412e-10,True,True,1698177529302.756,1.333521432163324e-08,1.8968313707081845e-20,True,True,150.0,160.72778205342084,11594753820.478676,1698177529302.756
4.844073485953809e-09,2.598042466711364,33.073648410672945,1.5216247320242412e-10,True,True,1513502316108.725,1.4125375446227554e-08,2.1282798026334745e-20,True,True,150.0,160.72778205342084,11594753820.478676,1513502316108.725
5.4351398452350255e-09,2.598042466711364,33.073648410672945,1.5216247320242412e-10,True,True,1348910359099.4954,1.496235656094436e-08,2.3879692144729033e-20,True,True,150.0,160.72778205342084,11594753820.478676,1348910359099.4954
6.098327208065601e-09,2.598042466711364,33.073648410672945,1.5216247320242412e-10,True,True,1202217623005.7551,1.5848931924611143e-08,2.6793455269435543e-20,True,True,150.0,160.72778205342084,11594753820.478676,1202217623005.7551
6.842435667821356e-09,2.598042466711364,33.073648410672945,1.5216247320242412e-10,True,True,1071477584344.8042,1.6788040181225588e-08,3.0062751266820784e-20,True,True,150.0,160.72778205342084,11594753820.478676,1071477584344.8042
7.677339091669557e-09,2.598042466711364,33.073648410672945,1.5216247320242412e-10,True,True,954955402236.5845,1.7782794100389228e-08,3.373096170846272e-20,True,True,150.0,160.72778205342084,11594753820.478676,954955402236.5845
8.614116140787127e-09,2.598042466711364,33.073648410672945,1.5216247320242412e-10,True,True,851104898119.2432,1.883649089489802e-08,3.7846761518248105e-20,True,True,150.0,160.72778205342084,11594753820.478676,851104898119.2432
9.665197277463586e-09,2.598042466711364,33.073648410672945,1.5216247320242412e-10,True,True,758548038898.9998,1.995262314968883e-08,4.246476485903985e-20,True,True,150.0,160.72778205342084,11594753820.478676,758548038898.9998
1.0844529709783207e-08,2.598042466711364,33.073648410672945,1.5216247320242412e-10,True,True,676056651288.2483,2.1134890398366476e-08,4.76462498294361e-20,True,True,150.0,160.72778205342084,11594753820.478676,676056651288.2483
1.2167762462602646e-08,2.598042466711364,33.073648410672945,1.5216247320242412e-10,True,True,602536124692.2112,2.2387211385683378e-08,5.345997158690895e-20,True,True,150.0,160.72778205342084,11594753820.478676,602536124692.2112
1.3652454030602895e-08,2.598042466711364,33.073648410672945,1.5216247320242412e-10,True,True,537010886391.40393,2.371373705661655e-08,5.998307468697056e-20,True,True,150.0,160.72778205342084,11594753820.478676,537010886391.40393
1.5318305368845695e-08,2.598042466711364,33.073648410672945,1.5216247320242412e-10,True,True,478611456284.3722,2.511886431509582e-08,6.730211674455404e-20,True,True,150.0,160.72778205342084,11594753820.478676,478611456284.3722
1.7187421312477746e-08,2.598042466711364,33.073648410672945,1.5216247320242412e-10,True,True,426562909415.00415,2.660725059798814e-08,7.551421700097495e-20,True,True,150.0,160.72778205342084,11594753820.478676,426562909415.00415
1.9284603894462854e-08,2.598042466711364,33.073648410672945,1.5216247320242412e-10,True,True,380174593189.1833,2.818382931264455e-08,8.472834503725675e-20,True,True,150.0,160.72778205342084,11594753820.478676,380174593189.1833
2.1637681453490785e-08,2.598042466711364,33.073648410672945,1.5216247320242412e-10,True,True,338830962834.47546,2.985382618917957e-08,9.506676673426603e-20,True,True,150.0,160.72778205342084,11594753820.478676,338830962834.47546
2.4277877899124026e-08,2.598042466711364,33.073648410672945,1.5216247320242412e-10,True,True,301983413494.986,3.162277660168379e-08,1.0666666666666665e-19,True,True,150.0,160.72778205342084,11594753820.478676,301983413494.986
2.724022703410699e-08,2.598042466711364,33.073648410672945,1.5216247320242412e-10,True,True,269143000578.2366,3.3496543915782795e-08,1.196819684588763e-19,True,True,150.0,160.72778205342084,11594753820.478676,269143000578.2366
3.056403743164333e-08,2.598042466711364,33.073648410672945,1.5216247320242412e-10,True,True,239873951757.48422,3.5481338923357604e-08,1.3428537725804493e-19,True,True,150.0,160.72778205342084,11594753820.478676,239873951757.48422
3.4293414036279726e-08,2.598042466711364,33.073648410672945,1.5216247320242412e-10,True,True,213787884537.70712,3.7583740428844434e-08,1.5067067142642726e-19,True,True,150.0,160.72778205342084,11594753820.478676,213787884537.70712
3.847784340972373e-08,2.598042466711364,33.073648410672945,1.5216247320242412e-10,True,True,190538652655.8609,3.981071705534969e-08,1.6905527386251847e-19,True,True,150.0,160.72778205342084,11594753820.478676,190538652655.8609
4.3172850387451284e-08,2.598042466711364,33.073648410672945,1.5216247320242412e-10,True,True,169817752930.27557,4.2169650342858225e-08,1.8968313707081843e-19,True,True,150.0,160.72778205342084,11594753820.478676,169817752930.27557
4.844073485953808e-08,2.598042466711364,33.073648410672945,1.5216247320242412e-10,True,True,151350231610.8725,4.4668359215096346e-08,2.1282798026334747e-19,True,True,150.0,160.72778205342084,11594753820.478676,151350231610.8725
5.4351398452350265e-08,2.598042466711364,33.073648410672945,1.5216247320242412e-10,True,True,134891035909.94952,4.731512589614813e-08,2.3879692144729036e-19,True,True,150.0,160.72778205342084,11594753820.478676,134891035909.94952
6.098327208065603e-08,2.598042466711364,33.073648410672945,1.5216247320242412e-10,True,True,120221762300.57556,5.011872336272725e-08,2.679345526943555e-19,True,True,150.0,160.72778205342084,11594753820.478676,120221762300.57556
6.842435667821359e-08,2.598042466711364,33.073648410672945,1.5216247320242412e-10,True,True,107147758434.48042,5.3088444423098795e-08,3.0062751266820795e-19,True,True,150.0,160.72778205342084,11594753820.478676,107147758434.48042
7.677339091669554e-08,2.598042466711364,33.073648410672945,1.5216247320242412e-10,True,True,95495540223.65846,5.6234132519034905e-08,3.373096170846271e-19,True,True,150.0,160.72778205342084,11594753820.478676,95495540223.65846
8.614116140787129e-08,2.598042466711364,33.073648410672945,1.5216247320242412e-10,True,True,85110489811.9243,5.95662143529011e-08,3.784676151824811e-19,True,True,150.0,160.72778205342084,11594753820.478676,85110489811.9243
9.665197277463585e-08,2.598042466711364,33.073648410672945,1.5216247320242412e-10,True,True,75854803889.9,6.309573444801943e-08,4.246476485903985e-19,True,True,150.0,160.72778205342084,11594753820.478676,75854803889.9
1.0844529709783209e-07,2.598042466711364,33.073648410672945,1.5216247320242412e-10,True,True,67605665128.82481,6.683439175686149e-08,4.76462498294361e-19,True,True,150.0,160.72778205342084,11594753820.478676,67605665128.82481
1.2167762462602646e-07,2.598042466711364,33.073648410672945,1.5216247320242412e-10,True,True,60253612469.22112,7.079457843841373e-08,5.345997158690895e-19,True,True,150.0,160.72778205342084,11594753820.478676,60253612469.22112
1.3652454030602897e-07,2.598042466711364,33.073648410672945,1.5216247320242412e-10,True,True,53701088639.14038,7.498942093324559e-08,5.998307468697057e-19,True,True,150.0,160.72778205342084,11594753820.478676,53701088639.14038
1.5318305368845698e-07,2.598042466711364,33.073648410672945,1.5216247320242412e-10,True,True,47861145628.4372,7.943282347242822e-08,6.730211674455406e-19,True,True,150.0,160.72778205342084,11594753820.478676,47861145628.4372
1.718742131247774e-07,2.598042466711364,33.073648410672945,1.5216247320242412e-10,True,True,42656290941.50041,8.413951416451964e-08,7.551421700097494e-19,True,True,150.0,160.72778205342084,11594753820.478676,42656290941.50041
1.9284603894462857e-07,2.598042466711364,33.073648410672945,1.5216247320242412e-10,True,True,38017459318.91832,8.912509381337459e-08,8.472834503725676e-19,True,True,150.0,160.72778205342084,11594753820.478676,38017459318.91832
2.1637681453490784e-07,2.598042466711364,33.073648410672945,1.5216247320242412e-10,True,True,33883096283.447548,9.440608762859226e-08,9.506676673426604e-19,True,True,150.0,160.72778205342084,11594753820.478676,33883096283.447548
2.427787789912402e-07,2.598042466711364,33.073648410672945,1.5216247320242412e-10,True,True,30198341349.4986,1e-07,1.0666666666666664e-18,True,True,150.0,160.72778205342084,11594753820.478676,30198341349.4986
2.724022703410699e-07,2.598042466711364,33.073648410672945,1.5216247320242412e-10,True,True,26914300057.82366,1.0592537251772897e-07,1.196819684588763e-18,True,True,150.0,160.72778205342084,11594753820.478676,26914300057.82366
3.056403743164333e-07,2.598042466711364,33.073648410672945,1.5216247320242412e-10,True,True,23987395175.748425,1.1220184543019653e-07,1.3428537725804493e-18,True,True,150.0,160.72778205342084,11594753820.478676,23987395175.748425
3.4293414036279723e-07,2.598042466711364,33.073648410672945,1.5216247320242412e-10,True,True,21378788453.770714,1.188502227437019e-07,1.5067067142642724e-18,True,True,150.0,160.72778205342084,11594753820.478676,21378788453.770714
3.847784340972374e-07,2.598042466711364,33.073648410672945,1.5216247320242412e-10,True,True,19053865265.586082,1.2589254117941662e-07,1.690552738625185e-18,True,True,150.0,160.72778205342084,11594753820.478676,19053865265.586082
4.3172850387451285e-07,2.598042466711364,33.073648410672945,1.5216247320242412e-10,True,True,16981775293.027554,1.333521432163324e-07,1.8968313707081842e-18,True,True,150.0,160.72778205342084,11594753820.478676,16981775293.027554
4.84407348595381e-07,2.598042466711364,33.073648410672945,1.5216247320242412e-10,True,True,15135023161.087246,1.4125375446227555e-07,2.128279802633475e-18,True,True,150.0,160.72778205342084,11594753820.478676,15135023161.087246
5.435139845235027e-07,2.598042466711364,33.073648410672945,1.5216247320242412e-10,True,True,13489103590.994953,1.496235656094436e-07,2.3879692144729037e-18,True,True,150.0,160.72778205342084,11594753820.478676,13489103590.994953
6.098327208065601e-07,2.598042466711364,33.073648410672945,1.5216247320242412e-10,True,True,12022176230.057558,1.584893192461114e-07,2.679345526943554e-18,True,True,150.0,160.72778205342084,11594753820.478676,12022176230.057558
6.842435667821357e-07,2.598042466711364,33.073648410672945,1.5216247320242412e-10,True,True,10714775843.448042,1.6788040181225588e-07,3.006275126682079e-18,True,True,150.0,160.72778205342084,11594753820.478676,10714775843.448042
7.677339091669553e-07,2.598042466711364,33.073648410672945,1.5216247320242412e-10,True,True,9549554022.365845,1.7782794100389227e-07,3.3730961708462704e-18,True,True,150.0,160.72778205342084,11594753820.478676,9549554022.365845
8.614116140787128e-07,2.598042466711364,33.073648410672945,1.5216247320242412e-10,True,True,8511048981.19243,1.883649089489802e-07,3.7846761518248105e-18,True,True,150.0,160.72778205342084,11594753820.478676,8511048981.1924305
9.665197277463585e-07,2.598042466711364,33.073648410672945,1.5216247320242412e-10,True,True,7585480388.989999,1.995262314968883e-07,4.246476485903985e-18,True,True,150.0,160.72778205342084,11594753820.478676,7585480388.99
1.084452970978321e-06,2.598042466711364,33.073648410672945,1.5216247320242412e-10,True,True,6760566512.882481,2.1134890398366478e-07,4.764624982943611e-18,True,True,150.0,160.72778205342084,11594753820.478676,6760566512.882482
1.2167762462602644e-06,2.598042466711364,33.073648410672945,1.5216247320242412e-10,True,True,6025361246.922112,2.2387211385683377e-07,5.345997158690895e-18,True,True,150.0,160.72778205342084,11594753820.478676,6025361246.922113
1.3652454030602896e-06,2.598042466711364,33.073648410672945,1.5216247320242412e-10,True,True,5370108863.914037,2.3713737056616554e-07,5.998307468697057e-18,True,True,150.0,160.72778205342084,11594753820.478676,5370108863.914038
1.5318305368845695e-06,2.598042466711364,33.073648410672945,1.5216247320242412e-10,True,True,4786114562.843721,2.5118864315095823e-07,6.7302116744554055e-18,True,True,150.0,160.72778205342084,11594753820.478676,4786114562.843723
1.7187421312477747e-06,2.598042466711364,33.073648410672945,1.5216247320242412e-10,True,True,4265629094.15004,2.660725059798814e-07,7.551421700097497e-18,True,True,150.0,160.72778205342084,11594753820.478676,4265629094.150042
1.928460389446285e-06,2.598042466711364,33.073648410672945,1.5216247320242412e-10,True,True,3801745931.891832,2.818382931264455e-07,8.472834503725675e-18,True,True,150.0,160.72778205342084,11594753820.478676,3801745931.891834
2.1637681453490787e-06,2.598042466711364,33.073648410672945,1.5216247320242412e-10,True,True,3388309628.3447537,2.9853826189179574e-07,9.506676673426604e-18,True,True,150.0,160.72778205342084,11594753820.478676,3388309628.3447556
2.427787789912403e-06,2.598042466711364,33.073648410672945,1.5216247320242412e-10,True,True,3019834134.9498606,3.162277660168379e-07,1.0666666666666665e-17,True,True,150.0,160.72778205342084,11594753820.478676,3019834134.949863
2.7240227034106987e-06,2.598042466711364,33.073648410672945,1.5216247320242412e-10,True,True,2691430005.7823663,3.3496543915782793e-07,1.1968196845887627e-17,True,True,150.0,160.72778205342084,11594753820.478676,2691430005.782369
3.056403743164333e-06,2.598042466711364,33.073648410672945,1.5216247320242412e-10,True,True,2398739517.5748425,3.5481338923357606e-07,1.3428537725804495e-17,True,True,150.0,160.72778205342084,11594753820.478676,2398739517.574846
3.429341403627972e-06,2.598042466711364,33.073648410672945,1.5216247320242412e-10,True,True,2137878845.3770716,3.7583740428844433e-07,1.5067067142642724e-17,True,True,150.0,160.72778205342084,11594753820.478676,2137878845.377075
3.847784340972373e-06,2.598042466711364,33.073648410672945,1.5216247320242412e-10,True,True,1905386526.5586083,3.981071705534969e-07,1.6905527386251848e-17,True,True,150.0,160.72778205342084,11594753820.478676,1905386526.558612
4.3172850387451276e-06,2.598042466711364,33.073648410672945,1.5216247320242412e-10,True,True,1698177529.302756,4.2169650342858225e-07,1.8968313707081842e-17,True,True,150.0,160.72778205342084,11594753820.478676,1698177529.3027604
4.844073485953809e-06,2.598042466711364,33.073648410672945,1.5216247320242412e-10,True,True,1513502316.1087248,4.466835921509635e-07,2.128279802633475e-17,True,True,150.0,160.72778205342084,11594753820.478676,1513502316.1087298
5.4351398452350265e-06,2.598042466711364,33.073648410672945,1.5216247320242412e-10,True,True,1348910359.0994956,4.7315125896148127e-07,2.3879692144729036e-17,True,True,150.0,160.72778205342084,11594753820.478676,1348910359.099501
6.098327208065601e-06,2.598042466711364,33.073648410672945,1.5216247320242412e-10,True,True,1202217623.0057557,5.011872336272725e-07,2.6793455269435544e-17,True,True,150.0,160.72778205342084,11594753820.478676,1202217623.0057616
6.842435667821356e-06,2.598042466711364,33.073648410672945,1.5216247320242412e-10,True,True,1071477584.344804,5.308844442309879e-07,3.006275126682078e-17,True,True,150.0,160.72778205342084,11594753820.478676,1071477584.3448108
7.677339091669553e-06,2.598042466711364,33.073648410672945,1.5216247320242412e-10,True,True,954955402.2365848,5.62341325190349e-07,3.3730961708462706e-17,True,True,150.0,160.72778205342084,11594753820.478676,954955402.2365924
8.614116140787126e-06,2.598042466711364,33.073648410672945,1.5216247320242412e-10,True,True,851104898.1192431,5.956621435290109e-07,3.78467615182481e-17,True,True,150.0,160.72778205342084,11594753820.478676,851104898.1192517
9.66519727746358e-06,2.598042466711364,33.073648410672945,1.5216247320242412e-10,True,True,758548038.899,6.309573444801942e-07,4.2464764859039834e-17,True,True,150.0,160.72778205342084,11594753820.478676,758548038.8990097
1.0844529709783208e-05,2.598042466711364,33.073648410672945,1.5216247320242412e-10,True,True,676056651.2882483,6.683439175686149e-07,4.7646249829436105e-17,True,True,150.0,160.72778205342084,11594753820.478676,676056651.2882591
1.2167762462602646e-05,2.598042466711364,33.073648410672945,1.5216247320242412e-10,True,True,602536124.6922112,7.079457843841374e-07,5.3459971586908955e-17,True,True,150.0,160.72778205342084,11594753820.478676,602536124.6922232
1.3652454030602895e-05,2.598042466711364,33.073648410672945,1.5216247320242412e-10,True,True,537010886.3914038,7.498942093324558e-07,5.998307468697057e-17,True,True,150.0,160.72778205342084,11594753820.478676,537010886.3914174
1.5318305368845697e-05,2.598042466711364,33.073648410672945,1.5216247320242412e-10,True,True,478611456.28437203,7.943282347242822e-07,6.730211674455406e-17,True,True,150.0,160.72778205342084,11594753820.478676,478611456.28438735
1.7187421312477747e-05,2.598042466711364,33.073648410672945,1.5216247320242412e-10,True,True,426562909.41500396,8.413951416451965e-07,7.551421700097496e-17,True,True,150.0,160.72778205342084,11594753820.478676,426562909.4150212
1.9284603894462855e-05,2.598042466711364,33.073648410672945,1.5216247320242412e-10,True,True,380174593.1891833,8.912509381337459e-07,8.472834503725675e-17,True,True,150.0,160.72778205342084,11594753820.478676,380174593.18920255
2.1637681453490783e-05,2.598042466711364,33.073648410672945,1.5216247320242412e-10,True,True,338830962.8344755,9.440608762859226e-07,9.506676673426603e-17,True,True,150.0,160.72778205342084,11594753820.478676,338830962.83449715
2.427787789912403e-05,2.598042466711364,33.073648410672945,1.5216247320242412e-10,True,True,301983413.49498594,1e-06,1.0666666666666667e-16,True,True,150.0,160.72778205342084,11594753820.478676,301983413.49501026
2.7240227034106992e-05,2.598042466711364,33.073648410672945,1.5216247320242412e-10,True,True,269143000.5782366,1.0592537251772898e-06,1.196819684588763e-16,True,True,150.0,160.72778205342084,11594753820.478676,269143000.5782638
3.0564037431643215e-05,2.598042466711364,33.073648410672945,1.5216247320242412e-10,True,True,239873951.75748515,1.122018454301963e-06,1.342853772580444e-16,True,True,150.0,160.72778205342084,11594753820.478676,239873951.7575157
3.429341403627972e-05,2.598042466711364,33.073648410672945,1.5216247320242412e-10,True,True,213787884.53770718,1.1885022274370189e-06,1.5067067142642723e-16,True,True,150.0,160.72778205342084,11594753820.478676,213787884.53774145
3.847784340972389e-05,2.598042466711364,33.073648410672945,1.5216247320242412e-10,True,True,190538652.65586007,1.2589254117941687e-06,1.6905527386251917e-16,True,True,150.0,160.72778205342084,11594753820.478676,190538652.65589857
4.3172850387451286e-05,2.598042466711364,33.073648410672945,1.5216247320242412e-10,True,True,169817752.93027553,1.333521432163324e-06,1.8968313707081843e-16,True,True,150.0,160.72778205342084,11594753820.478676,169817752.9303187
4.844073485953809e-05,2.598042466711364,33.073648410672945,1.5216247320242412e-10,True,True,151350231.6108725,1.4125375446227554e-06,2.128279802633475e-16,True,True,150.0,160.72778205342084,11594753820.478676,151350231.61092097
5.435139845235004e-05,2.598042466711364,33.073648410672945,1.5216247320242412e-10,True,True,134891035.90995008,1.4962356560944329e-06,2.387969214472894e-16,True,True,150.0,160.72778205342084,11594753820.478676,134891035.9100044
6.0983272080656e-05,2.598042466711364,33.073648410672945,1.5216247320242412e-10,True,True,120221762.3005756,1.584893192461114e-06,2.6793455269435537e-16,True,True,150.0,160.72778205342084,11594753820.478676,120221762.30063657
6.842435667821387e-05,2.598042466711364,33.073648410672945,1.5216247320242412e-10,True,True,107147758.43447997,1.6788040181225624e-06,3.006275126682092e-16,True,True,150.0,160.72778205342084,11594753820.478676,107147758.4345484
7.677339091669554e-05,2.598042466711364,33.073648410672945,1.5216247320242412e-10,True,True,95495540.22365846,1.778279410038923e-06,3.3730961708462714e-16,True,True,150.0,160.72778205342084,11594753820.478676,95495540.22373523
8.614116140787128e-05,2.598042466711364,33.073648410672945,1.5216247320242412e-10,True,True,85110489.81192431,1.883649089489802e-06,3.784676151824811e-16,True,True,150.0,160.72778205342084,11594753820.478676,85110489.81201045
9.665197277463544e-05,2.598042466711364,33.073648410672945,1.5216247320242412e-10,True,True,75854803.88990031,1.9952623149688787e-06,4.2464764859039666e-16,True,True,150.0,160.72778205342084,11594753820.478676,75854803.88999698
0.00010844529709783212,2.598042466711364,33.073648410672945,1.5216247320242412e-10,True,True,67605665.1288248,2.113489039836648e-06,4.764624982943611e-16,True,True,150.0,160.72778205342084,11594753820.478676,67605665.12893324
0.00012167762462602695,2.598042466711364,33.073648410672945,1.5216247320242412e-10,True,True,60253612.46922087,2.2387211385683422e-06,5.345997158690917e-16,True,True,150.0,160.72778205342084,11594753820.478676,60253612.469342545
0.00013652454030602896,2.598042466711364,33.073648410672945,1.5216247320242412e-10,True,True,53701088.63914039,2.3713737056616552e-06,5.998307468697056e-16,True,True,150.0,160.72778205342084,11594753820.478676,53701088.639276914
0.000153183053688457,2.598042466711364,33.073648410672945,1.5216247320242412e-10,True,True,47861145.628437206,2.5118864315095823e-06,6.730211674455406e-16,True,True,150.0,160.72778205342084,11594753820.478676,47861145.62859039
0.00017187421312477673,2.598042466711364,33.073648410672945,1.5216247320242412e-10,True,True,42656290.94150058,2.6607250597988086e-06,7.551421700097465e-16,True,True,150.0,160.72778205342084,11594753820.478676,42656290.94167245
0.00019284603894462854,2.598042466711364,33.073648410672945,1.5216247320242412e-10,True,True,38017459.318918325,2.818382931264455e-06,8.472834503725677e-16,True,True,150.0,160.72778205342084,11594753820.478676,38017459.31911117
0.00021637681453490868,2.598042466711364,33.073648410672945,1.5216247320242412e-10,True,True,33883096.28344741,2.985382618917963e-06,9.50667667342664e-16,True,True,150.0,160.72778205342084,11594753820.478676,33883096.28366378
0.00024277877899124027,2.598042466711364,33.073648410672945,1.5216247320242412e-10,True,True,30198341.349498603,3.162277660168379e-06,1.0666666666666665e-15,True,True,150.0,160.72778205342084,11594753820.478676,30198341.34974138
0.0002724022703410699,2.598042466711364,33.073648410672945,1.5216247320242412e-10,True,True,26914300.057823658,3.3496543915782793e-06,1.196819684588763e-15,True,True,150.0,160.72778205342084,11594753820.478676,26914300.058096062
0.000305640374316432,2.598042466711364,33.073648410672945,1.5216247320242412e-10,True,True,23987395.175748527,3.548133892335753e-06,1.3428537725804437e-15,True,True,150.0,160.72778205342084,11594753820.478676,23987395.17605417
0.00034293414036279727,2.598042466711364,33.073648410672945,1.5216247320242412e-10,True,True,21378788.453770716,3.7583740428844434e-06,1.5067067142642726e-15,True,True,150.0,160.72778205342084,11594753820.478676,21378788.454113647
0.0003847784340972389,2.598042466711364,33.073648410672945,1.5216247320242412e-10,True,True,19053865.265586,3.981071705534978e-06,1.6905527386251919e-15,True,True,150.0,160.72778205342084,11594753820.478676,19053865.26597078
0.00043172850387451274,2.598042466711364,33.073648410672945,1.5216247320242412e-10,True,True,16981775.29302756,4.216965034285822e-06,1.896831370708184e-15,True,True,150.0,160.72778205342084,11594753820.478676,16981775.293459293
0.00048440734859538087,2.598042466711364,33.073648410672945,1.5216247320242412e-10,True,True,15135023.16108725,4.466835921509635e-06,2.128279802633475e-15,True,True,150.0,160.72778205342084,11594753820.478676,15135023.161571657
0.0005435139845235003,2.598042466711364,33.073648410672945,1.5216247320242412e-10,True,True,13489103.590995008,4.731512589614803e-06,2.3879692144728936e-15,True,True,150.0,160.72778205342084,11594753820.478676,13489103.59153852
0.0006098327208065602,2.598042466711364,33.073648410672945,1.5216247320242412e-10,True,True,12022176.230057558,5.011872336272725e-06,2.6793455269435545e-15,True,True,150.0,160.72778205342084,11594753820.478676,12022176.230667392
0.0006842435667821387,2.598042466711364,33.073648410672945,1.5216247320242412e-10,True,True,10714775.843447996,5.30884444230989e-06,3.0062751266820918e-15,True,True,150.0,160.72778205342084,11594753820.478676,10714775.844132239
0.0007677339091669556,2.598042466711364,33.073648410672945,1.5216247320242412e-10,True,True,9549554.022365846,5.623413251903491e-06,3.373096170846272e-15,True,True,150.0,160.72778205342084,11594753820.478676,9549554.02313358
0.0008614116140787128,2.598042466711364,33.073648410672945,1.5216247320242412e-10,True,True,8511048.98119243,5.956621435290109e-06,3.784676151824811e-15,True,True,150.0,160.72778205342084,11594753820.478676,8511048.98205384
0.0009665197277463586,2.598042466711364,33.073648410672945,1.5216247320242412e-10,True,True,7585480.388989999,6.309573444801943e-06,4.246476485903985e-15,True,True,150.0,160.72778205342084,11594753820.478676,7585480.389956518
0.0010844529709783208,2.598042466711364,33.073648410672945,1.5216247320242412e-10,True,True,6760566.512882481,6.683439175686149e-06,4.7646249829436104e-15,True,True,150.0,160.72778205342084,11594753820.478676,6760566.513966934
0.0012167762462602697,2.598042466711364,33.073648410672945,1.5216247320242412e-10,True,True,6025361.246922087,7.079457843841388e-06,5.345997158690917e-15,True,True,150.0,160.72778205342084,11594753820.478676,6025361.248138864
0.0013652454030602895,2.598042466711364,33.073648410672945,1.5216247320242412e-10,True,True,5370108.863914039,7.498942093324558e-06,5.9983074686970565e-15,True,True,150.0,160.72778205342084,11594753820.478676,5370108.865279284
0.0015318305368845697,2.598042466711364,33.073648410672945,1.5216247320242412e-10,True,True,4786114.562843721,7.943282347242822e-06,6.730211674455406e-15,True,True,150.0,160.72778205342084,11594753820.478676,4786114.564375552
0.0017187421312477747,2.598042466711364,33.073648410672945,1.5216247320242412e-10,True,True,4265629.09415004,8.413951416451965e-06,7.551421700097497e-15,True,True,150.0,160.72778205342084,11594753820.478676,4265629.095868782
0.0019284603894462857,2.598042466711364,33.073648410672945,1.5216247320242412e-10,True,True,3801745.9318918316,8.91250938133746e-06,8.472834503725677e-15,True,True,150.0,160.72778205342084,11594753820.478676,3801745.933820292
0.0021637681453490873,2.598042466711364,33.073648410672945,1.5216247320242412e-10,True,True,3388309.6283447403,9.440608762859246e-06,9.506676673426642e-15,True,True,150.0,160.72778205342084,11594753820.478676,3388309.630508508
0.0024277877899124035,2.598042466711364,33.073648410672945,1.5216247320242412e-10,True,True,3019834.134949859,1e-05,1.0666666666666669e-14,True,True,150.0,160.72778205342084,11594753820.478676,3019834.1373776468
0.0027240227034106986,2.598042466711364,33.073648410672945,1.5216247320242412e-10,True,True,2691430.0057823663,1.0592537251772897e-05,1.1968196845887627e-14,True,True,150.0,160.72778205342084,11594753820.478676,2691430.0085063893
0.0030564037431643335,2.598042466711364,33.073648410672945,1.5216247320242412e-10,True,True,2398739.5175748426,1.1220184543019652e-05,1.3428537725804494e-14,True,True,150.0,160.72778205342084,11594753820.478676,2398739.5206312463
0.003429341403627972,2.598042466711364,33.073648410672945,1.5216247320242412e-10,True,True,2137878.8453770718,1.188502227437019e-05,1.5067067142642725e-14,True,True,150.0,160.72778205342084,11594753820.478676,2137878.848806413
0.0038477843409723896,2.598042466711364,33.073648410672945,1.5216247320242412e-10,True,True,1905386.5265586001,1.2589254117941688e-05,1.690552738625192e-14,True,True,150.0,160.72778205342084,11594753820.478676,1905386.5304063845
0.004317285038745128,2.598042466711364,33.073648410672945,1.5216247320242412e-10,True,True,1698177.5293027556,1.333521432163324e-05,1.8968313707081842e-14,True,True,150.0,160.72778205342084,11594753820.478676,1698177.5336200406
0.00484407348595381,2.598042466711364,33.073648410672945,1.5216247320242412e-10,True,True,1513502.3161087248,1.4125375446227555e-05,2.1282798026334755e-14,True,True,150.0,160.72778205342084,11594753820.478676,1513502.3209527985
0.005435139845235025,2.598042466711364,33.073648410672945,1.5216247320242412e-10,True,True,1348910.3590994952,1.4962356560944358e-05,2.3879692144729026e-14,True,True,150.0,160.72778205342084,11594753820.478676,1348910.3645346353
0.006098327208065601,2.598042466711364,33.073648410672945,1.5216247320242412e-10,True,True,1202217.623005756,1.584893192461114e-05,2.679345526943554e-14,True,True,150.0,160.72778205342084,11594753820.478676,1202217.6291040832
0.006842435667821388,2.598042466711364,33.073648410672945,1.5216247320242412e-10,True,True,1071477.5843447996,1.6788040181225625e-05,3.006275126682092e-14,True,True,150.0,160.72778205342084,11594753820.478676,1071477.5911872352
0.007677339091669556,2.598042466711364,33.073648410672945,1.5216247320242412e-10,True,True,954955.4022365846,1.778279410038923e-05,3.3730961708462716e-14,True,True,150.0,160.72778205342084,11594753820.478676,954955.4099139237
0.008614116140787128,2.598042466711364,33.073648410672945,1.5216247320242412e-10,True,True,851104.8981192427,1.883649089489802e-05,3.784676151824811e-14,True,True,150.0,160.72778205342084,11594753820.478676,851104.9067333589
0.009665197277463585,2.598042466711364,33.073648410672945,1.5216247320242412e-10,True,True,758548.0388989998,1.995262314968883e-05,4.246476485903985e-14,True,True,150.0,160.72778205342084,11594753820.478676,758548.048564197
0.01084452970978321,2.598042466711364,33.073648410672945,1.5216247320242412e-10,True,True,676056.6512882484,2.1134890398366476e-05,4.76462498294361e-14,True,True,150.0,160.72778205342084,11594753820.478676,676056.6621327781
0.012167762462602698,2.598042466711364,33.073648410672945,1.5216247320242412e-10,True,True,602536.1246922088,2.2387211385683423e-05,5.345997158690918e-14,True,True,150.0,160.72778205342084,11594753820.478676,602536.1368599712
0.013652454030602898,2.598042466711364,33.073648410672945,1.5216247320242412e-10,True,True,537010.8863914039,2.3713737056616554e-05,5.998307468697057e-14,True,True,150.0,160.72778205342084,11594753820.478676,537010.9000438579
0.015318305368845698,2.598042466711364,33.073648410672945,1.5216247320242412e-10,True,True,478611.456284372,2.5118864315095822e-05,6.730211674455406e-14,True,True,150.0,160.72778205342084,11594753820.478676,478611.4716026774
0.017187421312477743,2.598042466711364,33.073648410672945,1.5216247320242412e-10,True,True,426562.90941500413,2.660725059798814e-05,7.551421700097495e-14,True,True,150.0,160.72778205342084,11594753820.478676,426562.92660242546
0.019284603894462855,2.598042466711364,33.073648410672945,1.5216247320242412e-10,True,True,380174.5931891832,2.818382931264455e-05,8.472834503725676e-14,True,True,150.0,160.72778205342084,11594753820.478676,380174.6124737871
0.021637681453490876,2.598042466711364,33.073648410672945,1.5216247320242412e-10,True,True,338830.96283447405,2.985382618917963e-05,9.506676673426642e-14,True,True,150.0,160.72778205342084,11594753820.478676,338830.9844721555
0.024277877899124032,2.598042466711364,33.073648410672945,1.5216247320242412e-10,True,True,301983.413494986,3.1622776601683795e-05,1.0666666666666666e-13,True,True,150.0,160.72778205342084,11594753820.478676,301983.4377728639
0.027240227034106997,2.598042466711364,33.073648410672945,1.5216247320242412e-10,True,True,269143.0005782366,3.3496543915782794e-05,1.1968196845887632e-13,True,True,150.0,160.72778205342084,11594753820.478676,269143.0278184636
0.03056403743164333,2.598042466711364,33.073648410672945,1.5216247320242412e-10,True,True,239873.95175748426,3.54813389233576e-05,1.3428537725804493e-13,True,True,150.0,160.72778205342084,11594753820.478676,239873.9823215217
0.03429341403627972,2.598042466711364,33.073648410672945,1.5216247320242412e-10,True,True,213787.88453770717,3.758374042884443e-05,1.5067067142642725e-13,True,True,150.0,160.72778205342084,11594753820.478676,213787.91883112123
0.0384778434097239,2.598042466711364,33.073648410672945,1.5216247320242412e-10,True,True,190538.65265586006,3.9810717055349776e-05,1.690552738625192e-13,True,True,150.0,160.72778205342084,11594753820.478676,190538.69113370345
0.043172850387451285,2.598042466711364,33.073648410672945,1.5216247320242412e-10,True,True,169817.7529302756,4.216965034285822e-05,1.8968313707081842e-13,True,True,150.0,160.72778205342084,11594753820.478676,169817.796103126
0.04844073485953809,2.598042466711364,33.073648410672945,1.5216247320242412e-10,True,True,151350.23161087246,4.466835921509635e-05,2.1282798026334752e-13,True,True,150.0,160.72778205342084,11594753820.478676,151350.28005160735
0.05435139845235026,2.598042466711364,33.073648410672945,1.5216247320242412e-10,True,True,134891.03590994954,4.7315125896148124e-05,2.387969214472903e-13,True,True,150.0,160.72778205342084,11594753820.478676,134891.09026134803
0.06098327208065602,2.598042466711364,33.073648410672945,1.5216247320242412e-10,True,True,120221.76230057559,5.011872336272725e-05,2.6793455269435546e-13,True,True,150.0,160.72778205342084,11594753820.478676,120221.82328384767
0.06842435667821385,2.598042466711364,33.073648410672945,1.5216247320242412e-10,True,True,107147.75843447997,5.30884444230989e-05,3.0062751266820916e-13,True,True,150.0,160.72778205342084,11594753820.478676,107147.82685883665
0.07677339091669555,2.598042466711364,33.073648410672945,1.5216247320242412e-10,True,True,95495.54022365845,5.623413251903491e-05,3.3730961708462717e-13,True,True,150.0,160.72778205342084,11594753820.478676,95495.61699704936
0.08614116140787127,2.598042466711364,33.073648410672945,1.5216247320242412e-10,True,True,85110.48981192429,5.9566214352901096e-05,3.784676151824811e-13,True,True,150.0,160.72778205342084,11594753820.478676,85110.57595308569
0.09665197277463584,2.598042466711364,33.073648410672945,1.5216247320242412e-10,True,True,75854.8038899,6.309573444801943e-05,4.2464764859039843e-13,True,True,150.0,160.72778205342084,11594753820.478676,75854.90054187276
0.10844529709783211,2.598042466711364,33.073648410672945,1.5216247320242412e-10,True,True,67605.66512882481,6.683439175686149e-05,4.764624982943612e-13,True,True,150.0,160.72778205342084,11594753820.478676,67605.77357412191
0.12167762462602698,2.598042466711364,33.073648410672945,1.5216247320242412e-10,True,True,60253.61246922086,7.079457843841388e-05,5.345997158690918e-13,True,True,150.0,160.72778205342084,11594753820.478676,60253.73414684549
0.13652454030602895,2.598042466711364,33.073648410672945,1.5216247320242412e-10,True,True,53701.08863914037,7.498942093324559e-05,5.998307468697057e-13,True,True,150.0,160.72778205342084,11594753820.478676,53701.22516368067
0.15318305368845703,2.598042466711364,33.073648410672945,1.5216247320242412e-10,True,True,47861.1456284372,7.943282347242822e-05,6.730211674455408e-13,True,True,150.0,160.72778205342084,11594753820.478676,47861.29881149089
0.17187421312477746,2.598042466711364,33.073648410672945,1.5216247320242412e-10,True,True,42656.2909415004,8.413951416451965e-05,7.551421700097496e-13,True,True,150.0,160.72778205342084,11594753820.478676,42656.46281571352
0.19284603894462854,2.598042466711364,33.073648410672945,1.5216247320242412e-10,True,True,38017.45931891833,8.912509381337459e-05,8.472834503725676e-13,True,True,150.0,160.72778205342084,11594753820.478676,38017.652164957275
0.21637681453490876,2.598042466711364,33.073648410672945,1.5216247320242412e-10,True,True,33883.096283447405,9.440608762859246e-05,9.506676673426644e-13,True,True,150.0,160.72778205342084,11594753820.478676,33883.312660261945
0.24277877899124037,2.598042466711364,33.073648410672945,1.5216247320242412e-10,True,True,30198.341349498594,0.0001,1.066666666666667e-12,True,True,150.0,160.72778205342084,11594753820.478676,30198.584128277587
0.27240227034106984,2.598042466711364,33.073648410672945,1.5216247320242412e-10,True,True,26914.300057823664,0.00010592537251772897,1.1968196845887628e-12,True,True,150.0,160.72778205342084,11594753820.478676,26914.572460094005
0.30564037431643337,2.598042466711364,33.073648410672945,1.5216247320242412e-10,True,True,23987.39517574842,0.00011220184543019653,1.3428537725804497e-12,True,True,150.0,160.72778205342084,11594753820.478676,23987.70081612274
0.3429341403627972,2.598042466711364,33.073648410672945,1.5216247320242412e-10,True,True,21378.788453770714,0.00011885022274370189,1.5067067142642723e-12,True,True,150.0,160.72778205342084,11594753820.478676,21379.13138791108
0.3847784340972389,2.598042466711364,33.073648410672945,1.5216247320242412e-10,True,True,19053.865265586006,0.00012589254117941688,1.6905527386251917e-12,True,True,150.0,160.72778205342084,11594753820.478676,19054.250044020104
0.4317285038745128,2.598042466711364,33.073648410672945,1.5216247320242412e-10,True,True,16981.77529302756,0.0001333521432163324,1.896831370708184e-12,True,True,150.0,160.72778205342084,11594753820.478676,16982.207021531434
0.4844073485953809,2.598042466711364,33.073648410672945,1.5216247320242412e-10,True,True,15135.023161087247,0.00014125375446227554,2.128279802633475e-12,True,True,150.0,160.72778205342084,11594753820.478676,15135.507568435842
0.5435139845235025,2.598042466711364,33.073648410672945,1.5216247320242412e-10,True,True,13489.103590994957,0.00014962356560944357,2.387969214472903e-12,True,True,150.0,160.72778205342084,11594753820.478676,13489.64710497948
0.6098327208065603,2.598042466711364,33.073648410672945,1.5216247320242412e-10,True,True,12022.176230057557,0.00015848931924611142,2.6793455269435547e-12,True,True,150.0,160.72778205342084,11594753820.478676,12022.786062778365
0.6842435667821386,2.598042466711364,33.073648410672945,1.5216247320242412e-10,True,True,10714.775843447998,0.00016788040181225624,3.0062751266820916e-12,True,True,150.0,160.72778205342084,11594753820.478676,10715.46008701478
0.7677339091669555,2.598042466711364,33.073648410672945,1.5216247320242412e-10,True,True,9549.554022365846,0.00017782794100389227,3.373096170846271e-12,True,True,150.0,160.72778205342084,11594753820.478676,9550.321756275012
0.861411614078713,2.598042466711364,33.073648410672945,1.5216247320242412e-10,True,True,8511.048981192429,0.0001883649089489802,3.7846761518248115e-12,True,True,150.0,160.72778205342084,11594753820.478676,8511.910392806507
0.9665197277463582,2.598042466711364,33.073648410672945,1.5216247320242412e-10,True,True,7585.4803889899995,0.00019952623149688828,4.2464764859039836e-12,True,True,150.0,160.72778205342084,11594753820.478676,7586.446908717746
1.0844529709783208,2.598042466711364,33.073648410672945,1.5216247320242412e-10,True,True,6760.566512882484,0.00021134890398366476,4.76462498294361e-12,True,True,150.0,160.72778205342084,11594753820.478676,6761.650965853462
1.2167762462602698,2.598042466711364,33.073648410672945,1.5216247320242412e-10,True,True,6025.361246922086,0.00022387211385683424,5.345997158690918e-12,True,True,150.0,160.72778205342084,11594753820.478676,6026.578023168347
1.3652454030602899,2.598042466711364,33.073648410672945,1.5216247320242412e-10,True,True,5370.108863914036,0.00023713737056616554,5.998307468697058e-12,True,True,150.0,160.72778205342084,11594753820.478676,5371.474109317097
1.53183053688457,2.598042466711364,33.073648410672945,1.5216247320242412e-10,True,True,4786.114562843722,0.0002511886431509582,6.730211674455406e-12,True,True,150.0,160.72778205342084,11594753820.478676,4787.646393380606
1.7187421312477744,2.598042466711364,33.073648410672945,1.5216247320242412e-10,True,True,4265.629094150041,0.0002660725059798814,7.551421700097495e-12,True,True,150.0,160.72778205342084,11594753820.478676,4267.347836281289
1.9284603894462857,2.598042466711364,33.073648410672945,1.5216247320242412e-10,True,True,3801.7459318918322,0.0002818382931264455,8.472834503725677e-12,True,True,150.0,160.72778205342084,11594753820.478676,3803.6743922812784
2.1637681453490876,2.598042466711364,33.073648410672945,1.5216247320242412e-10,True,True,3388.3096283447403,0.00029853826189179633,9.506676673426642e-12,True,True,150.0,160.72778205342084,11594753820.478676,3390.4733964900893
2.427787789912403,2.598042466711364,33.073648410672945,1.5216247320242412e-10,True,True,3019.8341349498596,0.00031622776601683794,1.0666666666666665e-11,True,True,150.0,160.72778205342084,11594753820.478676,3022.261922739772
2.724022703410699,2.598042466711364,33.073648410672945,1.5216247320242412e-10,True,True,2691.430005782366,0.00033496543915782794,1.196819684588763e-11,True,True,150.0,160.72778205342084,11594753820.478676,2694.154028485777
3.056403743164333,2.598042466711364,33.073648410672945,1.5216247320242412e-10,True,True,2398.739517574842,0.000354813389233576,1.3428537725804494e-11,True,True,150.0,160.72778205342084,11594753820.478676,2401.7959213180065
3.429341403627972,2.598042466711364,33.073648410672945,1.5216247320242412e-10,True,True,2137.8788453770712,0.0003758374042884443,1.5067067142642724e-11,True,True,150.0,160.72778205342084,11594753820.478676,2141.3081867806995
3.8477843409723893,2.598042466711364,33.073648410672945,1.5216247320242412e-10,True,True,1905.3865265586007,0.00039810717055349773,1.690552738625192e-11,True,True,150.0,160.72778205342084,11594753820.478676,1909.234310899573
4.317285038745129,2.598042466711364,33.073648410672945,1.5216247320242412e-10,True,True,1698.1775293027558,0.00042169650342858224,1.896831370708184e-11,True,True,150.0,160.72778205342084,11594753820.478676,1702.494814341501
4.8440734859538095,2.598042466711364,33.073648410672945,1.5216247320242412e-10,True,True,1513.5023161087252,0.0004466835921509635,2.128279802633475e-11,True,True,150.0,160.72778205342084,11594753820.478676,1518.346389594679
5.435139845235027,2.598042466711364,33.073648410672945,1.5216247320242412e-10,True,True,1348.9103590994955,0.00047315125896148127,2.3879692144729038e-11,True,True,150.0,160.72778205342084,11594753820.478676,1354.3454989447305
6.098327208065602,2.598042466711364,33.073648410672945,1.5216247320242412e-10,True,True,1202.2176230057557,0.0005011872336272725,2.6793455269435544e-11,True,True,150.0,160.72778205342084,11594753820.478676,1208.3159502138215
6.842435667821387,2.598042466711364,33.073648410672945,1.5216247320242412e-10,True,True,1071.4775843447994,0.000530884444230989,3.006275126682092e-11,True,True,150.0,160.72778205342084,11594753820.478676,1078.3200200126207
7.677339091669556,2.598042466711364,33.073648410672945,1.5216247320242412e-10,True,True,954.9554022365844,0.0005623413251903491,3.3730961708462716e-11,True,True,150.0,160.72778205342084,11594753820.478676,962.632741328254
8.61411614078713,2.598042466711364,33.073648410672945,1.5216247320242412e-10,True,True,851.1048981192426,0.000595662143529011,3.784676151824812e-11,True,True,150.0,160.72778205342084,11594753820.478676,859.7190142600298
9.665197277463584,2.598042466711364,33.073648410672945,1.5216247320242412e-10,True,True,758.548038899,0.0006309573444801943,4.246476485903984e-11,True,True,150.0,160.72778205342084,11594753820.478676,768.2132361764635
10.84452970978321,2.598042466711364,33.073648410672945,1.5216247320242412e-10,True,True,676.0566512882483,0.0006683439175686149,4.7646249829436106e-11,True,True,150.0,160.72778205342084,11594753820.478676,686.9011809980315
12.167762462602694,2.598042466711364,33.073648410672945,1.5216247320242412e-10,True,True,602.5361246922085,0.0007079457843841388,5.345997158690917e-11,True,True,150.0,160.72778205342084,11594753820.478676,614.7038871548112
13.652454030602899,2.598042466711364,33.073648410672945,1.5216247320242412e-10,True,True,537.0108863914037,0.0007498942093324559,5.998307468697058e-11,True,True,150.0,160.72778205342084,11594753820.478676,550.6633404220067
15.318305368845698,2.598042466711364,33.073648410672945,1.5216247320242412e-10,True,True,478.61145628437214,0.0007943282347242822,6.730211674455405e-11,True,True,150.0,160.72778205342084,11594753820.478676,493.9297616532178
17.187421312477746,2.598042466711364,33.073648410672945,1.5216247320242412e-10,True,True,426.562909415004,0.0008413951416451964,7.551421700097495e-11,True,True,150.0,160.72778205342084,11594753820.478676,443.75033072748175
19.284603894462858,2.598042466711364,33.073648410672945,1.5216247320242412e-10,True,True,380.1745931891832,0.0008912509381337459,8.472834503725678e-11,True,True,150.0,160.72778205342084,11594753820.478676,399.4591970836461
21.63768145349087,2.598042466711364,33.073648410672945,1.5216247320242412e-10,True,True,338.83096283447406,0.0009440608762859245,9.506676673426641e-11,True,True,150.0,160.72778205342084,11594753820.478676,360.46864428796493
24.277877899124032,2.598042466711364,33.073648410672945,1.5216247320242412e-10,True,True,301.9834134949861,0.001,1.0666666666666666e-10,True,True,150.0,160.72778205342084,11594753820.478676,326.2612913941101
27.240227034106987,2.598042466711364,33.073648410672945,1.5216247320242412e-10,True,True,269.1430005782365,0.0010592537251772898,1.196819684588763e-10,True,True,150.0,160.72778205342084,11594753820.478676,296.3832276123435
30.564037431643325,2.598042466711364,33.073648410672945,1.5216247320242412e-10,True,True,239.87395175748424,0.0011220184543019652,1.342853772580449e-10,True,True,150.0,160.72778205342084,11594753820.478676,270.43798918912756
34.29341403627972,2.598042466711364,33.073648410672945,1.5216247320242412e-10,True,True,213.78788453770716,0.001188502227437019,1.5067067142642726e-10,True,True,150.0,160.72778205342084,11594753820.478676,248.08129857398686
38.477843409723896,2.598042466711364,33.073648410672945,1.5216247320242412e-10,True,True,190.53865265586003,0.0012589254117941688,1.690552738625192e-10,True,True,150.0,160.72778205342084,11594753820.478676,229.0164960655839
43.172850387451284,2.598042466711364,33.073648410672945,1.5216247320242412e-10,True,True,169.8177529302756,0.001333521432163324,1.8968313707081843e-10,True,True,150.0,160.72778205342084,11594753820.478676,212.99060331772688
48.4407348595381,2.598042466711364,33.073648410672945,1.5216247320242412e-10,True,True,151.3502316108725,0.0014125375446227555,2.128279802633475e-10,True,True,150.0,160.72778205342084,11594753820.478676,199.79096647041058
54.351398452350246,2.598042466711364,33.073648410672945,1.5216247320242412e-10,True,True,134.89103590994955,0.0014962356560944358,2.387969214472903e-10,True,True,150.0,160.72778205342084,11594753820.478676,189.2424343622998
60.983272080656015,2.598042466711364,33.073648410672945,1.5216247320242412e-10,True,True,120.22176230057558,0.001584893192461114,2.6793455269435543e-10,True,True,150.0,160.72778205342084,11594753820.478676,181.2050343812316
68.42435667821385,2.598042466711364,33.073648410672945,1.5216247320242412e-10,True,True,107.14775843447998,0.0016788040181225624,3.0062751266820915e-10,True,True,150.0,160.72778205342084,11594753820.478676,175.57211511269384
76.77339091669553,2.598042466711364,33.073648410672945,1.5216247320242412e-10,True,True,95.49554022365845,0.0017782794100389228,3.3730961708462707e-10,True,True,150.0,160.72778205342084,11594753820.478676,172.268931140354
86.1411614078713,2.598042466711364,33.073648410672945,1.5216247320242412e-10,True,True,85.1104898119243,0.0018836490894898021,3.784676151824811e-10,True,True,150.0,160.72778205342084,11594753820.478676,171.25165121979558
96.65197277463585,2.598042466711364,33.073648410672945,1.5216247320242412e-10,True,True,75.8548038899,0.001995262314968883,4.2464764859039847e-10,True,True,150.0,160.72778205342084,11594753820.478676,172.50677666453583
108.44529709783207,2.598042466711364,33.073648410672945,1.5216247320242412e-10,True,True,67.60566512882482,0.0021134890398366475,4.764624982943609e-10,True,True,150.0,160.72778205342084,11594753820.478676,176.05096222665688
121.677624626027,2.598042466711364,33.073648410672945,1.5216247320242412e-10,True,True,60.253612469220855,0.0022387211385683425,5.345997158690919e-10,True,True,150.0,160.72778205342084,11594753820.478676,181.93123709524784
136.52454030602897,2.598042466711364,33.073648410672945,1.5216247320242412e-10,True,True,53.70108863914037,0.0023713737056616554,5.998307468697057e-10,True,True,150.0,160.72778205342084,11594753820.478676,190.22562894516935
153.1830536884569,2.598042466711364,33.073648410672945,1.5216247320242412e-10,True,True,47.86114562843721,0.002511886431509582,6.730211674455404e-10,True,True,150.0,160.72778205342084,11594753820.478676,201.04419931689415
171.8742131247774,2.598042466711364,33.073648410672945,1.5216247320242412e-10,True,True,42.6562909415004,0.002660725059798814,7.551421700097494e-10,True,True,150.0,160.72778205342084,11594753820.478676,214.53050406627784
192.8460389446285,2.598042466711364,33.073648410672945,1.5216247320242412e-10,True,True,38.01745931891833,0.002818382931264455,8.472834503725674e-10,True,True,150.0,160.72778205342084,11594753820.478676,230.86349826354683
216.37681453490873,2.598042466711364,33.073648410672945,1.5216247320242412e-10,True,True,33.88309628344741,0.0029853826189179633,9.506676673426642e-10,True,True,150.0,160.72778205342084,11594753820.478676,250.25991081835613
242.77877899124033,2.598042466711364,33.073648410672945,1.5216247320242412e-10,True,True,30.198341349498595,0.0031622776601683794,1.0666666666666667e-09,True,True,150.0,160.72778205342084,11594753820.478676,272.9771203407389
272.40227034106994,2.598042466711364,33.073648410672945,1.5216247320242412e-10,True,True,26.914300057823663,0.0033496543915782794,1.196819684588763e-09,True,True,150.0,160.72778205342084,11594753820.478676,299.3165703988936
305.64037431643334,2.598042466711364,33.073648410672945,1.5216247320242412e-10,True,True,23.987395175748414,0.0035481338923357606,1.3428537725804495e-09,True,True,150.0,160.72778205342084,11594753820.478676,329.6277694921817
342.93414036279717,2.598042466711364,33.073648410672945,1.5216247320242412e-10,True,True,21.378788453770717,0.003758374042884443,1.5067067142642723e-09,True,True,150.0,160.72778205342084,11594753820.478676,364.3129288165679
384.7784340972389,2.598042466711364,33.073648410672945,1.5216247320242412e-10,True,True,19.053865265586005,0.003981071705534978,1.6905527386251918e-09,True,True,150.0,160.72778205342084,11594753820.478676,403.8322993628249
431.7285038745129,2.598042466711364,33.073648410672945,1.5216247320242412e-10,True,True,16.981775293027557,0.004216965034285823,1.8968313707081845e-09,True,True,150.0,160.72778205342084,11594753820.478676,448.7102791675405
484.40734859538094,2.598042466711364,33.073648410672945,1.5216247320242412e-10,True,True,15.135023161087247,0.004466835921509635,2.128279802633475e-09,True,True,150.0,160.72778205342084,11594753820.478676,499.5423717564682
543.5139845235027,2.598042466711364,33.073648410672945,1.5216247320242412e-10,True,True,13.489103590994953,0.004731512589614813,2.387969214472904e-09,True,True,150.0,160.72778205342084,11594753820.478676,557.0030881144977
609.83272080656,2.598042466711364,33.073648410672945,1.5216247320242412e-10,True,True,12.022176230057559,0.005011872336272725,2.6793455269435536e-09,True,True,150.0,160.72778205342084,11594753820.478676,621.8548970366176
684.2435667821385,2.598042466711364,33.073648410672945,1.5216247320242412e-10,True,True,10.714775843447999,0.00530884444230989,3.0062751266820914e-09,True,True,150.0,160.72778205342084,11594753820.478676,694.9583426255865
767.7339091669556,2.598042466711364,33.073648410672945,1.5216247320242412e-10,True,True,9.549554022365845,0.005623413251903491,3.373096170846272e-09,True,True,150.0,160.72778205342084,11594753820.478676,777.2834631893215
861.4116140787125,2.598042466711364,33.073648410672945,1.5216247320242412e-10,True,True,8.511048981192431,0.005956621435290109,3.78467615182481e-09,True,True,150.0,160.72778205342084,11594753820.478676,869.9226630599051
966.5197277463582,2.598042466711364,33.073648410672945,1.5216247320242412e-10,True,True,7.58548038899,0.006309573444801942,4.246476485903984e-09,True,True,150.0,160.72778205342084,11594753820.478676,974.1052081353482
1084.452970978321,2.598042466711364,33.073648410672945,1.5216247320242412e-10,True,True,6.760566512882481,0.006683439175686149,4.764624982943611e-09,True,True,150.0,160.72778205342084,11594753820.478676,1091.2135374912034
1216.7762462602698,2.598042466711364,33.073648410672945,1.5216247320242412e-10,True,True,6.025361246922087,0.007079457843841388,5.345997158690918e-09,True,True,150.0,160.72778205342084,11594753820.478676,1222.8016075071919
1365.2454030602896,2.598042466711364,33.073648410672945,1.5216247320242412e-10,True,True,5.370108863914039,0.007498942093324558,5.998307468697057e-09,True,True,150.0,160.72778205342084,11594753820.478676,1370.6155119242037
1531.8305368845695,2.598042466711364,33.073648410672945,1.5216247320242412e-10,True,True,4.786114562843721,0.00794328234724282,6.730211674455404e-09,True,True,150.0,160.72778205342084,11594753820.478676,1536.616651447413
1718.742131247774,2.598042466711364,33.073648410672945,1.5216247320242412e-10,True,True,4.265629094150041,0.008413951416451964,7.551421700097494e-09,True,True,150.0,160.72778205342084,11594753820.478676,1723.007760341924
1928.4603894462855,2.598042466711364,33.073648410672945,1.5216247320242412e-10,True,True,3.801745931891832,0.008912509381337459,8.472834503725675e-09,True,True,150.0,160.72778205342084,11594753820.478676,1932.2621353781774
2163.7681453490873,2.598042466711364,33.073648410672945,1.5216247320242412e-10,True,True,3.3883096283447403,0.009440608762859246,9.506676673426642e-09,True,True,150.0,160.72778205342084,11594753820.478676,2167.156454977432
2427.7877899124032,2.598042466711364,33.073648410672945,1.5216247320242412e-10,True,True,3.0198341349498596,0.01,1.0666666666666666e-08,True,True,150.0,160.72778205342084,11594753820.478676,2430.8076240473533
2724.022703410699,2.598042466711364,33.073648410672945,1.5216247320242412e-10,True,True,2.691430005782367,0.010592537251772897,1.1968196845887628e-08,True,True,150.0,160.72778205342084,11594753820.478676,2726.714133416481
3056.4037431643333,2.598042466711364,33.073648410672945,1.5216247320242412e-10,True,True,2.3987395175748425,0.011220184543019653,1.3428537725804495e-08,True,True,150.0,160.72778205342084,11594753820.478676,3058.8024826819083
3429.341403627986,2.598042466711364,33.073648410672945,1.5216247320242412e-10,True,True,2.137878845377063,0.011885022274370214,1.5067067142642787e-08,True,True,150.0,160.72778205342084,11594753820.478676,3431.479282473363
3847.784340972373,2.598042466711364,33.073648410672945,1.5216247320242412e-10,True,True,1.9053865265586085,0.012589254117941661,1.6905527386251845e-08,True,True,150.0,160.72778205342084,11594753820.478676,3849.6897274989315
4317.285038745129,2.598042466711364,33.073648410672945,1.5216247320242412e-10,True,True,1.698177529302756,0.01333521432163324,1.8968313707081845e-08,True,True,150.0,160.72778205342084,11594753820.478676,4318.9832162744315
4844.073485953809,2.598042466711364,33.073648410672945,1.5216247320242412e-10,True,True,1.513502316108725,0.014125375446227554,2.128279802633475e-08,True,True,150.0,160.72778205342084,11594753820.478676,4845.586988269917
5435.139845235026,2.598042466711364,33.073648410672945,1.5216247320242412e-10,True,True,1.3489103590994953,0.014962356560944358,2.3879692144729033e-08,True,True,150.0,160.72778205342084,11594753820.478676,5436.488755594125
6098.327208065625,2.598042466711364,33.073648410672945,1.5216247320242412e-10,True,True,1.2022176230057513,0.015848931924611172,2.6793455269435648e-08,True,True,150.0,160.72778205342084,11594753820.478676,6099.529425688631
6842.435667821358,2.598042466711364,33.073648410672945,1.5216247320242412e-10,True,True,1.0714775843448037,0.01678804018122559,3.006275126682079e-08,True,True,150.0,160.72778205342084,11594753820.478676,6843.507145405703
7677.339091669556,2.598042466711364,33.073648410672945,1.5216247320242412e-10,True,True,0.9549554022365844,0.01778279410038923,3.3730961708462715e-08,True,True,150.0,160.72778205342084,11594753820.478676,7678.294047071792
8614.116140787128,2.598042466711364,33.073648410672945,1.5216247320242412e-10,True,True,0.8511048981192428,0.01883649089489802,3.784676151824811e-08,True,True,150.0,160.72778205342084,11594753820.478676,8614.967245685248
9665.197277463585,2.598042466711364,33.073648410672945,1.5216247320242412e-10,True,True,0.7585480388989998,0.01995262314968883,4.2464764859039845e-08,True,True,150.0,160.72778205342084,11594753820.478676,9665.955825502484
10844.529709783254,2.598042466711364,33.073648410672945,1.5216247320242412e-10,True,True,0.6760566512882454,0.02113489039836652,4.76462498294363e-08,True,True,150.0,160.72778205342084,11594753820.478676,10845.205766434543
12167.762462602646,2.598042466711364,33.073648410672945,1.5216247320242412e-10,True,True,0.6025361246922111,0.022387211385683378,5.345997158690896e-08,True,True,150.0,160.72778205342084,11594753820.478676,12168.364998727338
13652.454030602896,2.598042466711364,33.073648410672945,1.5216247320242412e-10,True,True,0.5370108863914037,0.023713737056616554,5.998307468697057e-08,True,True,150.0,160.72778205342084,11594753820.478676,13652.991041489287
15318.305368845697,2.598042466711364,33.073648410672945,1.5216247320242412e-10,True,True,0.4786114562843721,0.025118864315095822,6.730211674455406e-08,True,True,150.0,160.72778205342084,11594753820.478676,15318.78398030198
17187.42131247774,2.598042466711364,33.073648410672945,1.5216247320242412e-10,True,True,0.4265629094150041,0.02660725059798814,7.551421700097495e-08,True,True,150.0,160.72778205342084,11594753820.478676,17187.84787538716
19284.60389446294,2.598042466711364,33.073648410672945,1.5216247320242412e-10,True,True,0.3801745931891817,0.02818382931264461,8.472834503725712e-08,True,True,150.0,160.72778205342084,11594753820.478676,19284.98406905613
21637.68145349078,2.598042466711364,33.073648410672945,1.5216247320242412e-10,True,True,0.3388309628344755,0.02985382618917957,9.506676673426602e-08,True,True,150.0,160.72778205342084,11594753820.478676,21638.020284453614
24277.87789912403,2.598042466711364,33.073648410672945,1.5216247320242412e-10,True,True,0.30198341349498603,0.03162277660168379,1.0666666666666666e-07,True,True,150.0,160.72778205342084,11594753820.478676,24278.179882537526
27240.227034106985,2.598042466711364,33.073648410672945,1.5216247320242412e-10,True,True,0.26914300057823665,0.033496543915782793,1.1968196845887628e-07,True,True,150.0,160.72778205342084,11594753820.478676,27240.496177107565
30564.037431643337,2.598042466711364,33.073648410672945,1.5216247320242412e-10,True,True,0.2398739517574842,0.03548133892335761,1.3428537725804497e-07,True,True,150.0,160.72778205342084,11594753820.478676,30564.277305595097
34293.41403627986,2.598042466711364,33.073648410672945,1.5216247320242412e-10,True,True,0.21378788453770628,0.037583740428844506,1.5067067142642784e-07,True,True,150.0,160.72778205342084,11594753820.478676,34293.62782416439
38477.84340972373,2.598042466711364,33.073648410672945,1.5216247320242412e-10,True,True,0.1905386526558608,0.03981071705534969,1.690552738625185e-07,True,True,150.0,160.72778205342084,11594753820.478676,38478.03394837639
43172.85038745128,2.598042466711364,33.073648410672945,1.5216247320242412e-10,True,True,0.1698177529302756,0.042169650342858224,1.896831370708184e-07,True,True,150.0,160.72778205342084,11594753820.478676,43173.02020520421
48440.73485953809,2.598042466711364,33.073648410672945,1.5216247320242412e-10,True,True,0.15135023161087244,0.04466835921509635,2.128279802633475e-07,True,True,150.0,160.72778205342084,11594753820.478676,48440.886209769706
54351.398452350266,2.598042466711364,33.073648410672945,1.5216247320242412e-10,True,True,0.13489103590994952,0.04731512589614813,2.3879692144729035e-07,True,True,150.0,160.72778205342084,11594753820.478676,54351.533343386174
60983.272080656265,2.598042466711364,33.073648410672945,1.5216247320242412e-10,True,True,0.12022176230057509,0.05011872336272735,2.679345526943565e-07,True,True,150.0,160.72778205342084,11594753820.478676,60983.392302418564
68424.35667821357,2.598042466711364,33.073648410672945,1.5216247320242412e-10,True,True,0.10714775843448042,0.05308844442309879,3.0062751266820787e-07,True,True,150.0,160.72778205342084,11594753820.478676,68424.46382597201
76773.39091669556,2.598042466711364,33.073648410672945,1.5216247320242412e-10,True,True,0.09549554022365846,0.05623413251903491,3.3730961708462715e-07,True,True,150.0,160.72778205342084,11594753820.478676,76773.48641223577
86141.16140787129,2.598042466711364,33.073648410672945,1.5216247320242412e-10,True,True,0.0851104898119243,0.059566214352901097,3.7846761518248113e-07,True,True,150.0,160.72778205342084,11594753820.478676,86141.2465183611
96651.97277463584,2.598042466711364,33.073648410672945,1.5216247320242412e-10,True,True,0.07585480388989999,0.06309573444801943,4.2464764859039845e-07,True,True,150.0,160.72778205342084,11594753820.478676,96652.04862943973
108445.29709783252,2.598042466711364,33.073648410672945,1.5216247320242412e-10,True,True,0.06760566512882456,0.06683439175686162,4.764624982943629e-07,True,True,150.0,160.72778205342084,11594753820.478676,108445.36470349765
121677.62462602646,2.598042466711364,33.073648410672945,1.5216247320242412e-10,True,True,0.06025361246922111,0.07079457843841373,5.345997158690895e-07,True,True,150.0,160.72778205342084,11594753820.478676,121677.68487963894
136524.54030602894,2.598042466711364,33.073648410672945,1.5216247320242412e-10,True,True,0.053701088639140374,0.07498942093324558,5.998307468697056e-07,True,True,150.0,160.72778205342084,11594753820.478676,136524.5940071176
153183.053688457,2.598042466711364,33.073648410672945,1.5216247320242412e-10,True,True,0.0478611456284372,0.07943282347242822,6.730211674455407e-07,True,True,150.0,160.72778205342084,11594753820.478676,153183.10154960264
171874.21312477748,2.598042466711364,33.073648410672945,1.5216247320242412e-10,True,True,0.04265629094150041,0.08413951416451965,7.551421700097496e-07,True,True,150.0,160.72778205342084,11594753820.478676,171874.2557810684
192846.03894462934,2.598042466711364,33.073648410672945,1.5216247320242412e-10,True,True,0.038017459318918166,0.08912509381337477,8.472834503725711e-07,True,True,150.0,160.72778205342084,11594753820.478676,192846.07696208864
216376.81453490784,2.598042466711364,33.073648410672945,1.5216247320242412e-10,True,True,0.03388309628344754,0.09440608762859226,9.506676673426603e-07,True,True,150.0,160.72778205342084,11594753820.478676,216376.8484180041
242778.77899124034,2.598042466711364,33.073648410672945,1.5216247320242412e-10,True,True,0.0301983413494986,0.1,1.0666666666666667e-06,True,True,150.0,160.72778205342084,11594753820.478676,242778.8091895817
1.3656306318257267e-13,3.4640566222818188,19.717082032772506,1.521269379823455e-10,True,True,5.065502708355685e+16,1e-10,6e-25,True,True,200.0,208.16680793011153,15459671760.638233,5.065502708355685e+16
1.532262770668518e-13,3.4640566222818188,19.717082032772506,1.521269379823455e-10,True,True,4.514634040941026e+16,1.0592537251772898e-10,6.732110725811792e-25,True,True,200.0,208.16680793011153,15459671760.638233,4.514634040941026e+16
1.7192271055299373e-13,3.4640566222818188,19.717082032772506,1.521269379823455e-10,True,True,4.023671824319226e+16,1.1220184543019652e-10,7.553552470765027e-25,True,True,200.0,208.16680793011153,15459671760.638233,4.023671824319226e+16
1.9290045395407264e-13,3.4640566222818188,19.717082032772506,1.521269379823455e-10,True,True,3.586101288166852e+16,1.1885022274370164e-10,8.475225267736498e-25,True,True,200.0,208.16680793011153,15459671760.638233,3.586101288166852e+16
2.16437869179696e-13,3.4640566222818188,19.717082032772506,1.521269379823455e-10,True,True,3.1961161373213364e+16,1.2589254117941662e-10,9.509359154766665e-25,True,True,200.0,208.16680793011153,15459671760.638233,3.1961161373213364e+16
2.428472834294135e-13,3.4640566222818188,19.717082032772506,1.521269379823455e-10,True,True,2.848541505772038e+16,1.333521432163324e-10,1.0669676460233536e-24,True,True,200.0,208.16680793011153,15459671760.638233,2.848541505772038e+16
2.7247913358490183e-13,3.4640566222818188,19.717082032772506,1.521269379823455e-10,True,True,2.5387652893322364e+16,1.4125375446227556e-10,1.19715738898133e-24,True,True,200.0,208.16680793011153,15459671760.638233,2.5387652893322364e+16
3.057266162944703e-13,3.4640566222818188,19.717082032772506,1.521269379823455e-10,True,True,2.2626769458187424e+16,1.496235656094436e-10,1.3432326831410085e-24,True,True,200.0,208.16680793011153,15459671760.638233,2.2626769458187424e+16
3.4303090545368863e-13,3.4640566222818188,19.717082032772506,1.521269379823455e-10,True,True,2.016612950654566e+16,1.584893192461111e-10,1.5071318589057429e-24,True,True,200.0,208.16680793011153,15459671760.638233,2.016612950654566e+16
3.848870063149513e-13,3.4640566222818188,19.717082032772506,1.521269379823455e-10,True,True,1.7973081841235396e+16,1.6788040181225588e-10,1.691029758758669e-24,True,True,200.0,208.16680793011153,15459671760.638233,1.7973081841235396e+16
4.3185032390641246e-13,3.4640566222818188,19.717082032772506,1.521269379823455e-10,True,True,1.6018526052155604e+16,1.778279410038923e-10,1.8973665961010275e-24,True,True,200.0,208.16680793011153,15459671760.638233,1.6018526052155604e+16
4.845440329192759e-13,3.4640566222818188,19.717082032772506,1.521269379823455e-10,True,True,1.4276526371503502e+16,1.8836490894898022e-10,2.1288803354014562e-24,True,True,200.0,208.16680793011153,15459671760.638233,1.4276526371503502e+16
5.436673468573265e-13,3.4640566222818188,19.717082032772506,1.521269379823455e-10,True,True,1.2723967521893636e+16,1.9952623149688828e-10,2.388643023320991e-24,True,True,200.0,208.16680793011153,15459671760.638233,1.2723967521893636e+16
6.100047961753029e-13,3.4640566222818188,19.717082032772506,1.521269379823455e-10,True,True,1.1340247990671084e+16,2.1134890398366433e-10,2.6801015529057694e-24,True,True,200.0,208.16680793011153,15459671760.638233,1.1340247990671084e+16
6.844366385213989e-13,3.4640566222818188,19.717082032772506,1.521269379823455e-10,True,True,1.0107006660354914e+16,2.2387211385683377e-10,3.0071234017636287e-24,True,True,200.0,208.16680793011153,15459671760.638233,1.0107006660354914e+16
7.679505392214128e-13,3.4640566222818188,19.717082032772506,1.521269379823455e-10,True,True,9007879167765316.0,2.371373705661655e-10,3.374047951142094e-24,True,True,200.0,208.16680793011153,15459671760.638233,9007879167765316.0
8.616546769975703e-13,3.4640566222818188,19.717082032772506,1.521269379823455e-10,True,True,8028280758866245.0,2.511886431509582e-10,3.785744066881165e-24,True,True,200.0,208.16680793011153,15459671760.638233,8028280758866245.0
9.66792448826873e-13,3.4640566222818188,19.717082032772506,1.521269379823455e-10,True,True,7155212757940628.0,2.660725059798814e-10,4.247674706304841e-24,True,True,200.0,208.16680793011153,15459671760.638233,7155212757940628.0
1.0847589690635315e-12,3.4640566222818188,19.717082032772506,1.521269379823455e-10,True,True,6377090083061171.0,2.8183829312644494e-10,4.765969408345674e-24,True,True,200.0,208.16680793011153,15459671760.638233,6377090083061171.0
1.2171195817588566e-12,3.4640566222818188,19.717082032772506,1.521269379823455e-10,True,True,5683587519091665.0,2.985382618917957e-10,5.347505628802464e-24,True,True,200.0,208.16680793011153,15459671760.638233,5683587519091665.0
1.3656306318257269e-12,3.4640566222818188,19.717082032772506,1.521269379823455e-10,True,True,5065502708355684.0,3.1622776601683795e-10,6.000000000000001e-24,True,True,200.0,208.16680793011153,15459671760.638233,5065502708355684.0
1.5322627706685182e-12,3.4640566222818188,19.717082032772506,1.521269379823455e-10,True,True,4514634040941026.0,3.349654391578279e-10,6.732110725811792e-24,True,True,200.0,208.16680793011153,15459671760.638233,4514634040941026.0
1.7192271055299377e-12,3.4640566222818188,19.717082032772506,1.521269379823455e-10,True,True,4023671824319225.0,3.5481338923357605e-10,7.55355247076503e-24,True,True,200.0,208.16680793011153,15459671760.638233,4023671824319225.0
1.9290045395407266e-12,3.4640566222818188,19.717082032772506,1.521269379823455e-10,True,True,3586101288166851.5,3.7583740428844356e-10,8.475225267736498e-24,True,True,200.0,208.16680793011153,15459671760.638233,3586101288166851.5
2.16437869179696e-12,3.4640566222818188,19.717082032772506,1.521269379823455e-10,True,True,3196116137321335.5,3.9810717055349694e-10,9.509359154766665e-24,True,True,200.0,208.16680793011153,15459671760.638233,3196116137321335.5
2.428472834294135e-12,3.4640566222818188,19.717082032772506,1.521269379823455e-10,True,True,2848541505772038.0,4.2169650342858224e-10,1.0669676460233538e-23,True,True,200.0,208.16680793011153,15459671760.638233,2848541505772038.0
2.724791335849017e-12,3.4640566222818188,19.717082032772506,1.521269379823455e-10,True,True,2538765289332237.5,4.4668359215096347e-10,1.1971573889813294e-23,True,True,200.0,208.16680793011153,15459671760.638233,2538765289332237.5
3.057266162944702e-12,3.4640566222818188,19.717082032772506,1.521269379823455e-10,True,True,2262676945818742.5,4.731512589614812e-10,1.343232683141008e-23,True,True,200.0,208.16680793011153,15459671760.638233,2262676945818742.5
3.4303090545368865e-12,3.4640566222818188,19.717082032772506,1.521269379823455e-10,True,True,2016612950654566.0,5.011872336272714e-10,1.507131858905743e-23,True,True,200.0,208.16680793011153,15459671760.638233,2016612950654566.0
3.8488700631495145e-12,3.4640566222818188,19.717082032772506,1.521269379823455e-10,True,True,1797308184123539.2,5.30884444230988e-10,1.6910297587586697e-23,True,True,200.0,208.16680793011153,15459671760.638233,1797308184123539.2
4.318503239064124e-12,3.4640566222818188,19.717082032772506,1.521269379823455e-10,True,True,1601852605215560.5,5.623413251903491e-10,1.8973665961010275e-23,True,True,200.0,208.16680793011153,15459671760.638233,1601852605215560.5
4.84544032919276e-12,3.4640566222818188,19.717082032772506,1.521269379823455e-10,True,True,1427652637150350.0,5.95662143529011e-10,2.1288803354014563e-23,True,True,200.0,208.16680793011153,15459671760.638233,1427652637150350.0
5.4366734685732656e-12,3.4640566222818188,19.717082032772506,1.521269379823455e-10,True,True,1272396752189363.5,6.309573444801942e-10,2.3886430233209912e-23,True,True,200.0,208.16680793011153,15459671760.638233,1272396752189363.5
6.10004796175303e-12,3.4640566222818188,19.717082032772506,1.521269379823455e-10,True,True,1134024799067108.5,6.683439175686135e-10,2.68010155290577e-23,True,True,200.0,208.16680793011153,15459671760.638233,1134024799067108.5
6.844366385213988e-12,3.4640566222818188,19.717082032772506,1.521269379823455e-10,True,True,1010700666035491.1,7.079457843841373e-10,3.007123401763628e-23,True,True,200.0,208.16680793011153,15459671760.638233,1010700666035491.1
7.67950539221413e-12,3.4640566222818188,19.717082032772506,1.521269379823455e-10,True,True,900787916776531.4,7.498942093324559e-10,3.374047951142095e-23,True,True,200.0,208.16680793011153,15459671760.638233,900787916776531.4
8.616546769975704e-12,3.4640566222818188,19.717082032772506,1.521269379823455e-10,True,True,802828075886624.6,7.943282347242822e-10,3.7857440668811656e-23,True,True,200.0,208.16680793011153,15459671760.638233,802828075886624.6
9.66792448826873e-12,3.4640566222818188,19.717082032772506,1.521269379823455e-10,True,True,715521275794062.6,8.413951416451964e-10,4.247674706304841e-23,True,True,200.0,208.16680793011153,15459671760.638233,715521275794062.6
1.0847589690635313e-11,3.4640566222818188,19.717082032772506,1.521269379823455e-10,True,True,637709008306117.1,8.912509381337441e-10,4.765969408345674e-23,True,True,200.0,208.16680793011153,15459671760.638233,637709008306117.1
1.2171195817588565e-11,3.4640566222818188,19.717082032772506,1.521269379823455e-10,True,True,568358751909166.4,9.440608762859226e-10,5.347505628802463e-23,True,True,200.0,208.16680793011153,15459671760.638233,568358751909166.4
1.365630631825727e-11,3.4640566222818188,19.717082032772506,1.521269379823455e-10,True,True,506550270835568.44,1e-09,6.000000000000001e-23,True,True,200.0,208.16680793011153,15459671760.638233,506550270835568.44
1.532262770668518e-11,3.4640566222818188,19.717082032772506,1.521269379823455e-10,True,True,451463404094102.5,1.0592537251772898e-09,6.732110725811792e-23,True,True,200.0,208.16680793011153,15459671760.638233,451463404094102.5
1.7192271055299373e-11,3.4640566222818188,19.717082032772506,1.521269379823455e-10,True,True,402367182431922.44,1.1220184543019653e-09,7.553552470765028e-23,True,True,200.0,208.16680793011153,15459671760.638233,402367182431922.44
1.9290045395407263e-11,3.4640566222818188,19.717082032772506,1.521269379823455e-10,True,True,358610128816685.3,1.1885022274370164e-09,8.475225267736498e-23,True,True,200.0,208.16680793011153,15459671760.638233,358610128816685.3
2.1643786917969598e-11,3.4640566222818188,19.717082032772506,1.521269379823455e-10,True,True,319611613732133.5,1.2589254117941663e-09,9.509359154766665e-23,True,True,200.0,208.16680793011153,15459671760.638233,319611613732133.5
2.428472834294134e-11,3.4640566222818188,19.717082032772506,1.521269379823455e-10,True,True,284854150577203.9,1.333521432163324e-09,1.0669676460233534e-22,True,True,200.0,208.16680793011153,15459671760.638233,284854150577203.9
2.7247913358490177e-11,3.4640566222818188,19.717082032772506,1.521269379823455e-10,True,True,253876528933223.7,1.4125375446227555e-09,1.1971573889813298e-22,True,True,200.0,208.16680793011153,15459671760.638233,253876528933223.7
3.057266162944701e-11,3.4640566222818188,19.717082032772506,1.521269379823455e-10,True,True,226267694581874.3,1.4962356560944358e-09,1.343232683141008e-22,True,True,200.0,208.16680793011153,15459671760.638233,226267694581874.3
3.430309054536887e-11,3.4640566222818188,19.717082032772506,1.521269379823455e-10,True,True,201661295065456.56,1.584893192461111e-09,1.5071318589057432e-22,True,True,200.0,208.16680793011153,15459671760.638233,201661295065456.56
3.8488700631495135e-11,3.4640566222818188,19.717082032772506,1.521269379823455e-10,True,True,179730818412353.94,1.6788040181225589e-09,1.6910297587586692e-22,True,True,200.0,208.16680793011153,15459671760.638233,179730818412353.94
4.3185032390641237e-11,3.4640566222818188,19.717082032772506,1.521269379823455e-10,True,True,160185260521556.03,1.7782794100389228e-09,1.8973665961010274e-22,True,True,200.0,208.16680793011153,15459671760.638233,160185260521556.03
4.845440329192759e-11,3.4640566222818188,19.717082032772506,1.521269379823455e-10,True,True,142765263715035.03,1.883649089489802e-09,2.128880335401456e-22,True,True,200.0,208.16680793011153,15459671760.638233,142765263715035.03
5.436673468573265e-11,3.4640566222818188,19.717082032772506,1.521269379823455e-10,True,True,127239675218936.38,1.9952623149688828e-09,2.3886430233209907e-22,True,True,200.0,208.16680793011153,15459671760.638233,127239675218936.38
6.10004796175303e-11,3.4640566222818188,19.717082032772506,1.521269379823455e-10,True,True,113402479906710.86,2.113489039836643e-09,2.6801015529057697e-22,True,True,200.0,208.16680793011153,15459671760.638233,113402479906710.86
6.844366385213988e-11,3.4640566222818188,19.717082032772506,1.521269379823455e-10,True,True,101070066603549.11,2.2387211385683377e-09,3.0071234017636285e-22,True,True,200.0,208.16680793011153,15459671760.638233,101070066603549.11
7.67950539221413e-11,3.4640566222818188,19.717082032772506,1.521269379823455e-10,True,True,90078791677653.12,2.3713737056616553e-09,3.3740479511420946e-22,True,True,200.0,208.16680793011153,15459671760.638233,90078791677653.12
8.616546769975703e-11,3.4640566222818188,19.717082032772506,1.521269379823455e-10,True,True,80282807588662.47,2.511886431509582e-09,3.785744066881165e-22,True,True,200.0,208.16680793011153,15459671760.638233,80282807588662.47
9.667924488268733e-11,3.4640566222818188,19.717082032772506,1.521269379823455e-10,True,True,71552127579406.28,2.660725059798814e-09,4.247674706304842e-22,True,True,200.0,208.16680793011153,15459671760.638233,71552127579406.28
1.0847589690635314e-10,3.4640566222818188,19.717082032772506,1.521269379823455e-10,True,True,63770900830611.7,2.8183829312644493e-09,4.765969408345674e-22,True,True,200.0,208.16680793011153,15459671760.638233,63770900830611.7
1.2171195817588563e-10,3.4640566222818188,19.717082032772506,1.521269379823455e-10,True,True,56835875190916.66,2.985382618917957e-09,5.347505628802464e-22,True,True,200.0,208.16680793011153,15459671760.638233,56835875190916.66
1.3656306318257268e-10,3.4640566222818188,19.717082032772506,1.521269379823455e-10,True,True,50655027083556.84,3.1622776601683795e-09,6.000000000000001e-22,True,True,200.0,208.16680793011153,15459671760.638233,50655027083556.84
1.5322627706685182e-10,3.4640566222818188,19.717082032772506,1.521269379823455e-10,True,True,45146340409410.25,3.3496543915782794e-09,6.732110725811791e-22,True,True,200.0,208.16680793011153,15459671760.638233,45146340409410.25
1.7192271055299375e-10,3.4640566222818188,19.717082032772506,1.521269379823455e-10,True,True,40236718243192.26,3.5481338923357603e-09,7.553552470765028e-22,True,True,200.0,208.16680793011153,15459671760.638233,40236718243192.26
1.9290045395407267e-10,3.4640566222818188,19.717082032772506,1.521269379823455e-10,True,True,35861012881668.52,3.758374042884436e-09,8.4752252677365e-22,True,True,200.0,208.16680793011153,15459671760.638233,35861012881668.52
2.1643786917969598e-10,3.4640566222818188,19.717082032772506,1.521269379823455e-10,True,True,31961161373213.36,3.981071705534969e-09,9.509359154766664e-22,True,True,200.0,208.16680793011153,15459671760.638233,31961161373213.36
2.4284728342941356e-10,3.4640566222818188,19.717082032772506,1.521269379823455e-10,True,True,28485415057720.383,4.216965034285823e-09,1.0669676460233539e-21,True,True,200.0,208.16680793011153,15459671760.638233,28485415057720.383
2.724791335849018e-10,3.4640566222818188,19.717082032772506,1.521269379823455e-10,True,True,25387652893322.367,4.466835921509635e-09,1.1971573889813298e-21,True,True,200.0,208.16680793011153,15459671760.638233,25387652893322.367
3.0572661629447025e-10,3.4640566222818188,19.717082032772506,1.521269379823455e-10,True,True,22626769458187.42,4.731512589614813e-09,1.3432326831410084e-21,True,True,200.0,208.16680793011153,15459671760.638233,22626769458187.42
3.430309054536887e-10,3.4640566222818188,19.717082032772506,1.521269379823455e-10,True,True,20166129506545.656,5.011872336272715e-09,1.507131858905743e-21,True,True,200.0,208.16680793011153,15459671760.638233,20166129506545.656
3.8488700631495144e-10,3.4640566222818188,19.717082032772506,1.521269379823455e-10,True,True,17973081841235.39,5.3088444423098795e-09,1.6910297587586698e-21,True,True,200.0,208.16680793011153,15459671760.638233,17973081841235.39
4.318503239064125e-10,3.4640566222818188,19.717082032772506,1.521269379823455e-10,True,True,16018526052155.602,5.623413251903491e-09,1.8973665961010277e-21,True,True,200.0,208.16680793011153,15459671760.638233,16018526052155.602
4.845440329192758e-10,3.4640566222818188,19.717082032772506,1.521269379823455e-10,True,True,14276526371503.504,5.956621435290109e-09,2.1288803354014557e-21,True,True,200.0,208.16680793011153,15459671760.638233,14276526371503.504
5.436673468573266e-10,3.4640566222818188,19.717082032772506,1.521269379823455e-10,True,True,12723967521893.635,6.309573444801943e-09,2.3886430233209914e-21,True,True,200.0,208.16680793011153,15459671760.638233,12723967521893.635
6.100047961753031e-10,3.4640566222818188,19.717082032772506,1.521269379823455e-10,True,True,11340247990671.082,6.6834391756861355e-09,2.68010155290577e-21,True,True,200.0,208.16680793011153,15459671760.638233,11340247990671.082
6.844366385213989e-10,3.4640566222818188,19.717082032772506,1.521269379823455e-10,True,True,10107006660354.906,7.0794578438413736e-09,3.007123401763629e-21,True,True,200.0,208.16680793011153,15459671760.638233,10107006660354.906
7.679505392214129e-10,3.4640566222818188,19.717082032772506,1.521269379823455e-10,True,True,9007879167765.314,7.498942093324558e-09,3.374047951142094e-21,True,True,200.0,208.16680793011153,15459671760.638233,9007879167765.314
8.616546769975703e-10,3.4640566222818188,19.717082032772506,1.521269379823455e-10,True,True,8028280758866.245,7.943282347242822e-09,3.7857440668811654e-21,True,True,200.0,208.16680793011153,15459671760.638233,8028280758866.245
9.667924488268733e-10,3.4640566222818188,19.717082032772506,1.521269379823455e-10,True,True,7155212757940.627,8.413951416451965e-09,4.247674706304842e-21,True,True,200.0,208.16680793011153,15459671760.638233,7155212757940.627
1.0847589690635315e-09,3.4640566222818188,19.717082032772506,1.521269379823455e-10,True,True,6377090083061.17,8.912509381337441e-09,4.765969408345674e-21,True,True,200.0,208.16680793011153,15459671760.638233,6377090083061.17
1.2171195817588567e-09,3.4640566222818188,19.717082032772506,1.521269379823455e-10,True,True,5683587519091.665,9.440608762859226e-09,5.347505628802464e-21,True,True,200.0,208.16680793011153,15459671760.638233,5683587519091.665
1.3656306318257267e-09,3.4640566222818188,19.717082032772506,1.521269379823455e-10,True,True,5065502708355.685,1e-08,6e-21,True,True,200.0,208.16680793011153,15459671760.638233,5065502708355.685
1.532262770668518e-09,3.4640566222818188,19.717082032772506,1.521269379823455e-10,True,True,4514634040941.025,1.0592537251772898e-08,6.7321107258117916e-21,True,True,200.0,208.16680793011153,15459671760.638233,4514634040941.025
1.7192271055299377e-09,3.4640566222818188,19.717082032772506,1.521269379823455e-10,True,True,4023671824319.2246,1.1220184543019653e-08,7.553552470765028e-21,True,True,200.0,208.16680793011153,15459671760.638233,4023671824319.2246
1.929004539540734e-09,3.4640566222818188,19.717082032772506,1.521269379823455e-10,True,True,3586101288166.8374,1.188502227437019e-08,8.475225267736532e-21,True,True,200.0,208.16680793011153,15459671760.638233,3586101288166.8374
2.16437869179696e-09,3.4640566222818188,19.717082032772506,1.521269379823455e-10,True,True,3196116137321.3354,1.2589254117941661e-08,9.509359154766664e-21,True,True,200.0,208.16680793011153,15459671760.638233,3196116137321.3354
2.428472834294135e-09,3.4640566222818188,19.717082032772506,1.521269379823455e-10,True,True,2848541505772.0386,1.333521432163324e-08,1.0669676460233537e-20,True,True,200.0,208.16680793011153,15459671760.638233,2848541505772.0386
2.7247913358490173e-09,3.4640566222818188,19.717082032772506,1.521269379823455e-10,True,True,2538765289332.2373,1.4125375446227554e-08,1.1971573889813294e-20,True,True,200.0,208.16680793011153,15459671760.638233,2538765289332.2373
3.057266162944702e-09,3.4640566222818188,19.717082032772506,1.521269379823455e-10,True,True,2262676945818.7427,1.496235656094436e-08,1.3432326831410081e-20,True,True,200.0,208.16680793011153,15459671760.638233,2262676945818.7427
3.4303090545369012e-09,3.4640566222818188,19.717082032772506,1.521269379823455e-10,True,True,2016612950654.5564,1.5848931924611143e-08,1.5071318589057495e-20,True,True,200.0,208.16680793011153,15459671760.638233,2016612950654.5564
3.848870063149513e-09,3.4640566222818188,19.717082032772506,1.521269379823455e-10,True,True,1797308184123.5396,1.6788040181225588e-08,1.6910297587586692e-20,True,True,200.0,208.16680793011153,15459671760.638233,1797308184123.5396
4.318503239064126e-09,3.4640566222818188,19.717082032772506,1.521269379823455e-10,True,True,1601852605215.5605,1.7782794100389228e-08,1.8973665961010278e-20,True,True,200.0,208.16680793011153,15459671760.638233,1601852605215.5605
4.845440329192758e-09,3.4640566222818188,19.717082032772506,1.521269379823455e-10,True,True,1427652637150.3506,1.883649089489802e-08,2.1288803354014557e-20,True,True,200.0,208.16680793011153,15459671760.638233,1427652637150.3506
5.4366734685732664e-09,3.4640566222818188,19.717082032772506,1.521269379823455e-10,True,True,1272396752189.3633,1.995262314968883e-08,2.3886430233209915e-20,True,True,200.0,208.16680793011153,15459671760.638233,1272396752189.3633
6.100047961753055e-09,3.4640566222818188,19.717082032772506,1.521269379823455e-10,True,True,1134024799067.1038,2.1134890398366476e-08,2.6801015529057807e-20,True,True,200.0,208.16680793011153,15459671760.638233,1134024799067.1038
6.844366385213989e-09,3.4640566222818188,19.717082032772506,1.521269379823455e-10,True,True,1010700666035.4911,2.2387211385683378e-08,3.0071234017636286e-20,True,True,200.0,208.16680793011153,15459671760.638233,1010700666035.4911
7.679505392214127e-09,3.4640566222818188,19.717082032772506,1.521269379823455e-10,True,True,900787916776.5315,2.371373705661655e-08,3.374047951142094e-20,True,True,200.0,208.16680793011153,15459671760.638233,900787916776.5315
8.616546769975703e-09,3.4640566222818188,19.717082032772506,1.521269379823455e-10,True,True,802828075886.6246,2.511886431509582e-08,3.785744066881165e-20,True,True,200.0,208.16680793011153,15459671760.638233,802828075886.6246
9.667924488268731e-09,3.4640566222818188,19.717082032772506,1.521269379823455e-10,True,True,715521275794.063,2.660725059798814e-08,4.247674706304841e-20,True,True,200.0,208.16680793011153,15459671760.638233,715521275794.063
1.0847589690635355e-08,3.4640566222818188,19.717082032772506,1.521269379823455e-10,True,True,637709008306.1146,2.818382931264455e-08,4.765969408345692e-20,True,True,200.0,208.16680793011153,15459671760.638233,637709008306.1146
1.2171195817588566e-08,3.4640566222818188,19.717082032772506,1.521269379823455e-10,True,True,568358751909.1665,2.985382618917957e-08,5.347505628802464e-20,True,True,200.0,208.16680793011153,15459671760.638233,568358751909.1665
1.3656306318257266e-08,3.4640566222818188,19.717082032772506,1.521269379823455e-10,True,True,506550270835.56854,3.162277660168379e-08,5.999999999999999e-20,True,True,200.0,208.16680793011153,15459671760.638233,506550270835.56854
1.532262770668518e-08,3.4640566222818188,19.717082032772506,1.521269379823455e-10,True,True,451463404094.10254,3.3496543915782795e-08,6.732110725811791e-20,True,True,200.0,208.16680793011153,15459671760.638233,451463404094.10254
1.7192271055299373e-08,3.4640566222818188,19.717082032772506,1.521269379823455e-10,True,True,402367182431.92255,3.5481338923357604e-08,7.553552470765027e-20,True,True,200.0,208.16680793011153,15459671760.638233,402367182431.92255
1.9290045395407348e-08,3.4640566222818188,19.717082032772506,1.521269379823455e-10,True,True,358610128816.6837,3.7583740428844434e-08,8.475225267736534e-20,True,True,200.0,208.16680793011153,15459671760.638233,358610128816.6837
2.16437869179696e-08,3.4640566222818188,19.717082032772506,1.521269379823455e-10,True,True,319611613732.1336,3.981071705534969e-08,9.509359154766665e-20,True,True,200.0,208.16680793011153,15459671760.638233,319611613732.1336
2.4284728342941348e-08,3.4640566222818188,19.717082032772506,1.521269379823455e-10,True,True,284854150577.2038,4.2169650342858225e-08,1.0669676460233537e-19,True,True,200.0,208.16680793011153,15459671760.638233,284854150577.2038
2.7247913358490173e-08,3.4640566222818188,19.717082032772506,1.521269379823455e-10,True,True,253876528933.22375,4.4668359215096346e-08,1.1971573889813295e-19,True,True,200.0,208.16680793011153,15459671760.638233,253876528933.22375
3.0572661629447024e-08,3.4640566222818188,19.717082032772506,1.521269379823455e-10,True,True,226267694581.87424,4.731512589614813e-08,1.3432326831410083e-19,True,True,200.0,208.16680793011153,15459671760.638233,226267694581.87424
3.430309054536902e-08,3.4640566222818188,19.717082032772506,1.521269379823455e-10,True,True,201661295065.45572,5.011872336272725e-08,1.5071318589057496e-19,True,True,200.0,208.16680793011153,15459671760.638233,201661295065.45572
3.848870063149514e-08,3.4640566222818188,19.717082032772506,1.521269379823455e-10,True,True,179730818412.35394,5.3088444423098795e-08,1.6910297587586698e-19,True,True,200.0,208.16680793011153,15459671760.638233,179730818412.35394
4.318503239064124e-08,3.4640566222818188,19.717082032772506,1.521269379823455e-10,True,True,160185260521.55606,5.6234132519034905e-08,1.8973665961010274e-19,True,True,200.0,208.16680793011153,15459671760.638233,160185260521.55606
4.84544032919276e-08,3.4640566222818188,19.717082032772506,1.521269379823455e-10,True,True,142765263715.03503,5.95662143529011e-08,2.1288803354014564e-19,True,True,200.0,208.16680793011153,15459671760.638233,142765263715.03503
5.436673468573266e-08,3.4640566222818188,19.717082032772506,1.521269379823455e-10,True,True,127239675218.93637,6.309573444801943e-08,2.3886430233209916e-19,True,True,200.0,208.16680793011153,15459671760.638233,127239675218.93637
6.100047961753054e-08,3.4640566222818188,19.717082032772506,1.521269379823455e-10,True,True,113402479906.71034,6.683439175686149e-08,2.680101552905781e-19,True,True,200.0,208.16680793011153,15459671760.638233,113402479906.71034
6.844366385213988e-08,3.4640566222818188,19.717082032772506,1.521269379823455e-10,True,True,101070066603.54912,7.079457843841373e-08,3.0071234017636285e-19,True,True,200.0,208.16680793011153,15459671760.638233,101070066603.54912
7.67950539221413e-08,3.4640566222818188,19.717082032772506,1.521269379823455e-10,True,True,90078791677.65314,7.498942093324559e-08,3.3740479511420947e-19,True,True,200.0,208.16680793011153,15459671760.638233,90078791677.65314
8.616546769975706e-08,3.4640566222818188,19.717082032772506,1.521269379823455e-10,True,True,80282807588.66243,7.943282347242822e-08,3.785744066881166e-19,True,True,200.0,208.16680793011153,15459671760.638233,80282807588.66243
9.66792448826873e-08,3.4640566222818188,19.717082032772506,1.521269379823455e-10,True,True,71552127579.40628,8.413951416451964e-08,4.2476747063048405e-19,True,True,200.0,208.16680793011153,15459671760.638233,71552127579.40628
1.0847589690635358e-07,3.4640566222818188,19.717082032772506,1.521269379823455e-10,True,True,63770900830.61144,8.912509381337459e-08,4.765969408345693e-19,True,True,200.0,208.16680793011153,15459671760.638233,63770900830.61144
1.2171195817588568e-07,3.4640566222818188,19.717082032772506,1.521269379823455e-10,True,True,56835875190.91666,9.440608762859226e-08,5.347505628802465e-19,True,True,200.0,208.16680793011153,15459671760.638233,56835875190.91666
1.3656306318257265e-07,3.4640566222818188,19.717082032772506,1.521269379823455e-10,True,True,50655027083.556854,1e-07,5.999999999999999e-19,True,True,200.0,208.16680793011153,15459671760.638233,50655027083.556854
1.532262770668518e-07,3.4640566222818188,19.717082032772506,1.521269379823455e-10,True,True,45146340409.41026,1.0592537251772897e-07,6.732110725811791e-19,True,True,200.0,208.16680793011153,15459671760.638233,45146340409.41026
1.7192271055299372e-07,3.4640566222818188,19.717082032772506,1.521269379823455e-10,True,True,40236718243.19225,1.1220184543019653e-07,7.553552470765027e-19,True,True,200.0,208.16680793011153,15459671760.638233,40236718243.19225
1.9290045395407344e-07,3.4640566222818188,19.717082032772506,1.521269379823455e-10,True,True,35861012881.66837,1.188502227437019e-07,8.475225267736533e-19,True,True,200.0,208.16680793011153,15459671760.638233,35861012881.66837
2.16437869179696e-07,3.4640566222818188,19.717082032772506,1.521269379823455e-10,True,True,31961161373.21335,1.2589254117941662e-07,9.509359154766665e-19,True,True,200.0,208.16680793011153,15459671760.638233,31961161373.21335
2.428472834294135e-07,3.4640566222818188,19.717082032772506,1.521269379823455e-10,True,True,28485415057.720375,1.333521432163324e-07,1.0669676460233536e-18,True,True,200.0,208.16680793011153,15459671760.638233,28485415057.720375
2.7247913358490176e-07,3.4640566222818188,19.717082032772506,1.521269379823455e-10,True,True,25387652893.32237,1.4125375446227555e-07,1.1971573889813297e-18,True,True,200.0,208.16680793011153,15459671760.638233,25387652893.32237
3.0572661629447024e-07,3.4640566222818188,19.717082032772506,1.521269379823455e-10,True,True,22626769458.187428,1.496235656094436e-07,1.3432326831410083e-18,True,True,200.0,208.16680793011153,15459671760.638233,22626769458.187428
3.4303090545369003e-07,3.4640566222818188,19.717082032772506,1.521269379823455e-10,True,True,20166129506.545574,1.584893192461114e-07,1.507131858905749e-18,True,True,200.0,208.16680793011153,15459671760.638233,20166129506.545574
3.8488700631495135e-07,3.4640566222818188,19.717082032772506,1.521269379823455e-10,True,True,17973081841.235397,1.6788040181225588e-07,1.6910297587586693e-18,True,True,200.0,208.16680793011153,15459671760.638233,17973081841.235397
4.318503239064124e-07,3.4640566222818188,19.717082032772506,1.521269379823455e-10,True,True,16018526052.155605,1.7782794100389227e-07,1.897366596101027e-18,True,True,200.0,208.16680793011153,15459671760.638233,16018526052.155605
4.845440329192759e-07,3.4640566222818188,19.717082032772506,1.521269379823455e-10,True,True,14276526371.503504,1.883649089489802e-07,2.128880335401456e-18,True,True,200.0,208.16680793011153,15459671760.638233,14276526371.503504
5.436673468573267e-07,3.4640566222818188,19.717082032772506,1.521269379823455e-10,True,True,12723967521.893633,1.995262314968883e-07,2.3886430233209917e-18,True,True,200.0,208.16680793011153,15459671760.638233,12723967521.893633
6.100047961753056e-07,3.4640566222818188,19.717082032772506,1.521269379823455e-10,True,True,11340247990.671038,2.1134890398366478e-07,2.680101552905781e-18,True,True,200.0,208.16680793011153,15459671760.638233,11340247990.671038
6.844366385213987e-07,3.4640566222818188,19.717082032772506,1.521269379823455e-10,True,True,10107006660.35491,2.2387211385683377e-07,3.0071234017636284e-18,True,True,200.0,208.16680793011153,15459671760.638233,10107006660.35491
7.67950539221413e-07,3.4640566222818188,19.717082032772506,1.521269379823455e-10,True,True,9007879167.765312,2.3713737056616554e-07,3.3740479511420947e-18,True,True,200.0,208.16680793011153,15459671760.638233,9007879167.765312
8.616546769975705e-07,3.4640566222818188,19.717082032772506,1.521269379823455e-10,True,True,8028280758.866245,2.5118864315095823e-07,3.785744066881166e-18,True,True,200.0,208.16680793011153,15459671760.638233,8028280758.866246
9.667924488268733e-07,3.4640566222818188,19.717082032772506,1.521269379823455e-10,True,True,7155212757.940628,2.660725059798814e-07,4.247674706304842e-18,True,True,200.0,208.16680793011153,15459671760.638233,7155212757.940629
1.0847589690635356e-06,3.4640566222818188,19.717082032772506,1.521269379823455e-10,True,True,6377090083.061145,2.818382931264455e-07,4.765969408345693e-18,True,True,200.0,208.16680793011153,15459671760.638233,6377090083.061146
1.2171195817588568e-06,3.4640566222818188,19.717082032772506,1.521269379823455e-10,True,True,5683587519.091662,2.9853826189179574e-07,5.347505628802465e-18,True,True,200.0,208.16680793011153,15459671760.638233,5683587519.091663
1.3656306318257266e-06,3.4640566222818188,19.717082032772506,1.521269379823455e-10,True,True,5065502708.355686,3.162277660168379e-07,6e-18,True,True,200.0,208.16680793011153,15459671760.638233,5065502708.355687
1.532262770668518e-06,3.4640566222818188,19.717082032772506,1.521269379823455e-10,True,True,4514634040.941026,3.3496543915782793e-07,6.732110725811791e-18,True,True,200.0,208.16680793011153,15459671760.638233,4514634040.941028
1.7192271055299374e-06,3.4640566222818188,19.717082032772506,1.521269379823455e-10,True,True,4023671824.3192253,3.5481338923357606e-07,7.553552470765028e-18,True,True,200.0,208.16680793011153,15459671760.638233,4023671824.319227
1.929004539540734e-06,3.4640566222818188,19.717082032772506,1.521269379823455e-10,True,True,3586101288.1668377,3.7583740428844433e-07,8.475225267736533e-18,True,True,200.0,208.16680793011153,15459671760.638233,3586101288.1668396
2.16437869179696e-06,3.4640566222818188,19.717082032772506,1.521269379823455e-10,True,True,3196116137.321335,3.981071705534969e-07,9.509359154766665e-18,True,True,200.0,208.16680793011153,15459671760.638233,3196116137.3213367
2.4284728342941348e-06,3.4640566222818188,19.717082032772506,1.521269379823455e-10,True,True,2848541505.772039,4.2169650342858225e-07,1.0669676460233537e-17,True,True,200.0,208.16680793011153,15459671760.638233,2848541505.7720413
2.7247913358490177e-06,3.4640566222818188,19.717082032772506,1.521269379823455e-10,True,True,2538765289.3322372,4.466835921509635e-07,1.1971573889813298e-17,True,True,200.0,208.16680793011153,15459671760.638233,2538765289.33224
3.0572661629447024e-06,3.4640566222818188,19.717082032772506,1.521269379823455e-10,True,True,2262676945.8187428,4.7315125896148127e-07,1.3432326831410083e-17,True,True,200.0,208.16680793011153,15459671760.638233,2262676945.8187456
3.4303090545369008e-06,3.4640566222818188,19.717082032772506,1.521269379823455e-10,True,True,2016612950.6545572,5.011872336272725e-07,1.5071318589057492e-17,True,True,200.0,208.16680793011153,15459671760.638233,2016612950.6545606
3.848870063149512e-06,3.4640566222818188,19.717082032772506,1.521269379823455e-10,True,True,1797308184.1235392,5.308844442309879e-07,1.691029758758669e-17,True,True,200.0,208.16680793011153,15459671760.638233,1797308184.123543
4.318503239064124e-06,3.4640566222818188,19.717082032772506,1.521269379823455e-10,True,True,1601852605.215561,5.62341325190349e-07,1.897366596101027e-17,True,True,200.0,208.16680793011153,15459671760.638233,1601852605.2155654
4.845440329192758e-06,3.4640566222818188,19.717082032772506,1.521269379823455e-10,True,True,1427652637.1503506,5.956621435290109e-07,2.1288803354014557e-17,True,True,200.0,208.16680793011153,15459671760.638233,1427652637.1503553
5.436673468573265e-06,3.4640566222818188,19.717082032772506,1.521269379823455e-10,True,True,1272396752.1893635,6.309573444801942e-07,2.3886430233209908e-17,True,True,200.0,208.16680793011153,15459671760.638233,1272396752.1893687
6.100047961753055e-06,3.4640566222818188,19.717082032772506,1.521269379823455e-10,True,True,1134024799.0671039,6.683439175686149e-07,2.680101552905781e-17,True,True,200.0,208.16680793011153,15459671760.638233,1134024799.0671098
6.84436638521399e-06,3.4640566222818188,19.717082032772506,1.521269379823455e-10,True,True,1010700666.035491,7.079457843841374e-07,3.007123401763629e-17,True,True,200.0,208.16680793011153,15459671760.638233,1010700666.0354978
7.679505392214129e-06,3.4640566222818188,19.717082032772506,1.521269379823455e-10,True,True,900787916.7765315,7.498942093324558e-07,3.3740479511420946e-17,True,True,200.0,208.16680793011153,15459671760.638233,900787916.7765391
8.616546769975706e-06,3.4640566222818188,19.717082032772506,1.521269379823455e-10,True,True,802828075.8866245,7.943282347242822e-07,3.7857440668811663e-17,True,True,200.0,208.16680793011153,15459671760.638233,802828075.886633
9.667924488268732e-06,3.4640566222818188,19.717082032772506,1.521269379823455e-10,True,True,715521275.7940626,8.413951416451965e-07,4.247674706304841e-17,True,True,200.0,208.16680793011153,15459671760.638233,715521275.7940724
1.0847589690635357e-05,3.4640566222818188,19.717082032772506,1.521269379823455e-10,True,True,637709008.3061146,8.912509381337459e-07,4.765969408345693e-17,True,True,200.0,208.16680793011153,15459671760.638233,637709008.3061255
1.2171195817588568e-05,3.4640566222818188,19.717082032772506,1.521269379823455e-10,True,True,568358751.9091666,9.440608762859226e-07,5.347505628802465e-17,True,True,200.0,208.16680793011153,15459671760.638233,568358751.9091787
1.3656306318257268e-05,3.4640566222818188,19.717082032772506,1.521269379823455e-10,True,True,506550270.8355684,1e-06,6e-17,True,True,200.0,208.16680793011153,15459671760.638233,506550270.8355821
1.532262770668518e-05,3.4640566222818188,19.717082032772506,1.521269379823455e-10,True,True,451463404.0941025,1.0592537251772898e-06,6.732110725811792e-17,True,True,200.0,208.16680793011153,15459671760.638233,451463404.0941179
1.7192271055299307e-05,3.4640566222818188,19.717082032772506,1.521269379823455e-10,True,True,402367182.4319241,1.122018454301963e-06,7.553552470764998e-17,True,True,200.0,208.16680793011153,15459671760.638233,402367182.43194133
1.929004539540734e-05,3.4640566222818188,19.717082032772506,1.521269379823455e-10,True,True,358610128.81668377,1.1885022274370189e-06,8.475225267736531e-17,True,True,200.0,208.16680793011153,15459671760.638233,358610128.8167031
2.1643786917969686e-05,3.4640566222818188,19.717082032772506,1.521269379823455e-10,True,True,319611613.73213226,1.2589254117941687e-06,9.509359154766703e-17,True,True,200.0,208.16680793011153,15459671760.638233,319611613.7321539
2.428472834294135e-05,3.4640566222818188,19.717082032772506,1.521269379823455e-10,True,True,284854150.57720375,1.333521432163324e-06,1.0669676460233537e-16,True,True,200.0,208.16680793011153,15459671760.638233,284854150.57722807
2.7247913358490177e-05,3.4640566222818188,19.717082032772506,1.521269379823455e-10,True,True,253876528.93322372,1.4125375446227554e-06,1.1971573889813297e-16,True,True,200.0,208.16680793011153,15459671760.638233,253876528.933251
3.05726616294469e-05,3.4640566222818188,19.717082032772506,1.521269379823455e-10,True,True,226267694.58187512,1.4962356560944329e-06,1.3432326831410027e-16,True,True,200.0,208.16680793011153,15459671760.638233,226267694.58190572
3.430309054536901e-05,3.4640566222818188,19.717082032772506,1.521269379823455e-10,True,True,201661295.0654558,1.584893192461114e-06,1.507131858905749e-16,True,True,200.0,208.16680793011153,15459671760.638233,201661295.0654901
3.848870063149529e-05,3.4640566222818188,19.717082032772506,1.521269379823455e-10,True,True,179730818.41235316,1.6788040181225624e-06,1.6910297587586766e-16,True,True,200.0,208.16680793011153,15459671760.638233,179730818.41239166
4.318503239064125e-05,3.4640566222818188,19.717082032772506,1.521269379823455e-10,True,True,160185260.52155605,1.778279410038923e-06,1.8973665961010277e-16,True,True,200.0,208.16680793011153,15459671760.638233,160185260.52159923
4.845440329192759e-05,3.4640566222818188,19.717082032772506,1.521269379823455e-10,True,True,142765263.71503502,1.883649089489802e-06,2.128880335401456e-16,True,True,200.0,208.16680793011153,15459671760.638233,142765263.71508348
5.436673468573243e-05,3.4640566222818188,19.717082032772506,1.521269379823455e-10,True,True,127239675.21893688,1.9952623149688787e-06,2.388643023320981e-16,True,True,200.0,208.16680793011153,15459671760.638233,127239675.21899123
6.100047961753056e-05,3.4640566222818188,19.717082032772506,1.521269379823455e-10,True,True,113402479.90671033,2.113489039836648e-06,2.680101552905781e-16,True,True,200.0,208.16680793011153,15459671760.638233,113402479.90677133
6.844366385214017e-05,3.4640566222818188,19.717082032772506,1.521269379823455e-10,True,True,101070066.60354869,2.2387211385683422e-06,3.007123401763641e-16,True,True,200.0,208.16680793011153,15459671760.638233,101070066.60361713
7.679505392214129e-05,3.4640566222818188,19.717082032772506,1.521269379823455e-10,True,True,90078791.67765315,2.3713737056616552e-06,3.374047951142094e-16,True,True,200.0,208.16680793011153,15459671760.638233,90078791.67772995
8.616546769975704e-05,3.4640566222818188,19.717082032772506,1.521269379823455e-10,True,True,80282807.58866245,2.5118864315095823e-06,3.785744066881166e-16,True,True,200.0,208.16680793011153,15459671760.638233,80282807.5887486
9.667924488268692e-05,3.4640566222818188,19.717082032772506,1.521269379823455e-10,True,True,71552127.57940656,2.6607250597988086e-06,4.247674706304824e-16,True,True,200.0,208.16680793011153,15459671760.638233,71552127.57950325
0.00010847589690635357,3.4640566222818188,19.717082032772506,1.521269379823455e-10,True,True,63770900.83061145,2.818382931264455e-06,4.765969408345693e-16,True,True,200.0,208.16680793011153,15459671760.638233,63770900.830719925
0.00012171195817588616,3.4640566222818188,19.717082032772506,1.521269379823455e-10,True,True,56835875.19091641,2.985382618917963e-06,5.347505628802486e-16,True,True,200.0,208.16680793011153,15459671760.638233,56835875.191038124
0.0001365630631825727,3.4640566222818188,19.717082032772506,1.521269379823455e-10,True,True,50655027.08355685,3.162277660168379e-06,6e-16,True,True,200.0,208.16680793011153,15459671760.638233,50655027.083693415
0.00015322627706685182,3.4640566222818188,19.717082032772506,1.521269379823455e-10,True,True,45146340.40941025,3.3496543915782793e-06,6.732110725811792e-16,True,True,200.0,208.16680793011153,15459671760.638233,45146340.40956348
0.00017192271055299302,3.4640566222818188,19.717082032772506,1.521269379823455e-10,True,True,40236718.24319243,3.548133892335753e-06,7.553552470764996e-16,True,True,200.0,208.16680793011153,15459671760.638233,40236718.24336435
0.00019290045395407341,3.4640566222818188,19.717082032772506,1.521269379823455e-10,True,True,35861012.881668374,3.7583740428844434e-06,8.475225267736533e-16,True,True,200.0,208.16680793011153,15459671760.638233,35861012.88186128
0.00021643786917969687,3.4640566222818188,19.717082032772506,1.521269379823455e-10,True,True,31961161.373213213,3.981071705534978e-06,9.509359154766704e-16,True,True,200.0,208.16680793011153,15459671760.638233,31961161.373429652
0.00024284728342941343,3.4640566222818188,19.717082032772506,1.521269379823455e-10,True,True,28485415.057720393,4.216965034285822e-06,1.0669676460233534e-15,True,True,200.0,208.16680793011153,15459671760.638233,28485415.057963237
0.00027247913358490177,3.4640566222818188,19.717082032772506,1.521269379823455e-10,True,True,25387652.89332238,4.466835921509635e-06,1.1971573889813295e-15,True,True,200.0,208.16680793011153,15459671760.638233,25387652.893594857
0.00030572661629446894,3.4640566222818188,19.717082032772506,1.521269379823455e-10,True,True,22626769.458187513,4.731512589614803e-06,1.3432326831410026e-15,True,True,200.0,208.16680793011153,15459671760.638233,22626769.458493244
0.0003430309054536901,3.4640566222818188,19.717082032772506,1.521269379823455e-10,True,True,20166129.506545577,5.011872336272725e-06,1.5071318589057493e-15,True,True,200.0,208.16680793011153,15459671760.638233,20166129.50688861
0.00038488700631495294,3.4640566222818188,19.717082032772506,1.521269379823455e-10,True,True,17973081.841235317,5.30884444230989e-06,1.6910297587586765e-15,True,True,200.0,208.16680793011153,15459671760.638233,17973081.841620203
0.00043185032390641255,3.4640566222818188,19.717082032772506,1.521269379823455e-10,True,True,16018526.052155603,5.623413251903491e-06,1.897366596101028e-15,True,True,200.0,208.16680793011153,15459671760.638233,16018526.052587453
0.0004845440329192759,3.4640566222818188,19.717082032772506,1.521269379823455e-10,True,True,14276526.371503506,5.956621435290109e-06,2.128880335401456e-15,True,True,200.0,208.16680793011153,15459671760.638233,14276526.37198805
0.0005436673468573267,3.4640566222818188,19.717082032772506,1.521269379823455e-10,True,True,12723967.521893634,6.309573444801943e-06,2.3886430233209916e-15,True,True,200.0,208.16680793011153,15459671760.638233,12723967.5224373
0.0006100047961753055,3.4640566222818188,19.717082032772506,1.521269379823455e-10,True,True,11340247.990671037,6.683439175686149e-06,2.680101552905781e-15,True,True,200.0,208.16680793011153,15459671760.638233,11340247.991281042
0.0006844366385214016,3.4640566222818188,19.717082032772506,1.521269379823455e-10,True,True,10107006.66035487,7.079457843841388e-06,3.007123401763641e-15,True,True,200.0,208.16680793011153,15459671760.638233,10107006.661039304
0.0007679505392214128,3.4640566222818188,19.717082032772506,1.521269379823455e-10,True,True,9007879.167765316,7.498942093324558e-06,3.374047951142094e-15,True,True,200.0,208.16680793011153,15459671760.638233,9007879.168533266
0.0008616546769975704,3.4640566222818188,19.717082032772506,1.521269379823455e-10,True,True,8028280.758866246,7.943282347242822e-06,3.785744066881166e-15,True,True,200.0,208.16680793011153,15459671760.638233,8028280.759727901
0.0009667924488268733,3.4640566222818188,19.717082032772506,1.521269379823455e-10,True,True,7155212.757940628,8.413951416451965e-06,4.247674706304842e-15,True,True,200.0,208.16680793011153,15459671760.638233,7155212.758907421
0.0010847589690635355,3.4640566222818188,19.717082032772506,1.521269379823455e-10,True,True,6377090.083061144,8.91250938133746e-06,4.765969408345693e-15,True,True,200.0,208.16680793011153,15459671760.638233,6377090.084145903
0.0012171195817588616,3.4640566222818188,19.717082032772506,1.521269379823455e-10,True,True,5683587.5190916415,9.440608762859246e-06,5.347505628802486e-15,True,True,200.0,208.16680793011153,15459671760.638233,5683587.520308761
0.0013656306318257272,3.4640566222818188,19.717082032772506,1.521269379823455e-10,True,True,5065502.708355684,1e-05,6.000000000000001e-15,True,True,200.0,208.16680793011153,15459671760.638233,5065502.709721315
0.0015322627706685179,3.4640566222818188,19.717082032772506,1.521269379823455e-10,True,True,4514634.040941027,1.0592537251772897e-05,6.73211072581179e-15,True,True,200.0,208.16680793011153,15459671760.638233,4514634.042473289
0.0017192271055299373,3.4640566222818188,19.717082032772506,1.521269379823455e-10,True,True,4023671.8243192257,1.1220184543019652e-05,7.553552470765027e-15,True,True,200.0,208.16680793011153,15459671760.638233,4023671.826038453
0.0019290045395407344,3.4640566222818188,19.717082032772506,1.521269379823455e-10,True,True,3586101.2881668373,1.188502227437019e-05,8.475225267736533e-15,True,True,200.0,208.16680793011153,15459671760.638233,3586101.290095842
0.002164378691796969,3.4640566222818188,19.717082032772506,1.521269379823455e-10,True,True,3196116.1373213218,1.2589254117941688e-05,9.509359154766705e-15,True,True,200.0,208.16680793011153,15459671760.638233,3196116.1394857005
0.0024284728342941347,3.4640566222818188,19.717082032772506,1.521269379823455e-10,True,True,2848541.5057720384,1.333521432163324e-05,1.0669676460233536e-14,True,True,200.0,208.16680793011153,15459671760.638233,2848541.5082005113
0.002724791335849018,3.4640566222818188,19.717082032772506,1.521269379823455e-10,True,True,2538765.289332237,1.4125375446227555e-05,1.19715738898133e-14,True,True,200.0,208.16680793011153,15459671760.638233,2538765.2920570285
0.003057266162944701,3.4640566222818188,19.717082032772506,1.521269379823455e-10,True,True,2262676.9458187427,1.4962356560944358e-05,1.3432326831410078e-14,True,True,200.0,208.16680793011153,15459671760.638233,2262676.948876009
0.0034303090545369005,3.4640566222818188,19.717082032772506,1.521269379823455e-10,True,True,2016612.9506545572,1.584893192461114e-05,1.507131858905749e-14,True,True,200.0,208.16680793011153,15459671760.638233,2016612.9540848662
0.0038488700631495298,3.4640566222818188,19.717082032772506,1.521269379823455e-10,True,True,1797308.184123532,1.6788040181225625e-05,1.6910297587586766e-14,True,True,200.0,208.16680793011153,15459671760.638233,1797308.187972402
0.004318503239064125,3.4640566222818188,19.717082032772506,1.521269379823455e-10,True,True,1601852.6052155604,1.778279410038923e-05,1.8973665961010278e-14,True,True,200.0,208.16680793011153,15459671760.638233,1601852.6095340636
0.00484544032919276,3.4640566222818188,19.717082032772506,1.521269379823455e-10,True,True,1427652.63715035,1.883649089489802e-05,2.1288803354014563e-14,True,True,200.0,208.16680793011153,15459671760.638233,1427652.6419957904
0.0054366734685732665,3.4640566222818188,19.717082032772506,1.521269379823455e-10,True,True,1272396.7521893631,1.995262314968883e-05,2.3886430233209916e-14,True,True,200.0,208.16680793011153,15459671760.638233,1272396.7576260366
0.006100047961753055,3.4640566222818188,19.717082032772506,1.521269379823455e-10,True,True,1134024.7990671042,2.1134890398366476e-05,2.6801015529057805e-14,True,True,200.0,208.16680793011153,15459671760.638233,1134024.805167152
0.006844366385214018,3.4640566222818188,19.717082032772506,1.521269379823455e-10,True,True,1010700.666035487,2.2387211385683423e-05,3.0071234017636415e-14,True,True,200.0,208.16680793011153,15459671760.638233,1010700.6728798533
0.00767950539221413,3.4640566222818188,19.717082032772506,1.521269379823455e-10,True,True,900787.9167765314,2.3713737056616554e-05,3.374047951142095e-14,True,True,200.0,208.16680793011153,15459671760.638233,900787.9244560368
0.008616546769975706,3.4640566222818188,19.717082032772506,1.521269379823455e-10,True,True,802828.0758866245,2.5118864315095822e-05,3.785744066881166e-14,True,True,200.0,208.16680793011153,15459671760.638233,802828.0845031713
0.00966792448826873,3.4640566222818188,19.717082032772506,1.521269379823455e-10,True,True,715521.275794063,2.660725059798814e-05,4.2476747063048406e-14,True,True,200.0,208.16680793011153,15459671760.638233,715521.2854619874
0.010847589690635356,3.4640566222818188,19.717082032772506,1.521269379823455e-10,True,True,637709.0083061145,2.818382931264455e-05,4.765969408345693e-14,True,True,200.0,208.16680793011153,15459671760.638233,637709.019153704
0.012171195817588618,3.4640566222818188,19.717082032772506,1.521269379823455e-10,True,True,568358.7519091641,2.985382618917963e-05,5.3475056288024864e-14,True,True,200.0,208.16680793011153,15459671760.638233,568358.7640803601
0.013656306318257266,3.4640566222818188,19.717082032772506,1.521269379823455e-10,True,True,506550.27083556855,3.1622776601683795e-05,6e-14,True,True,200.0,208.16680793011153,15459671760.638233,506550.28449187486
0.015322627706685186,3.4640566222818188,19.717082032772506,1.521269379823455e-10,True,True,451463.40409410256,3.3496543915782794e-05,6.732110725811793e-14,True,True,200.0,208.16680793011153,15459671760.638233,451463.4194167303
0.017192271055299375,3.4640566222818188,19.717082032772506,1.521269379823455e-10,True,True,402367.1824319226,3.54813389233576e-05,7.553552470765027e-14,True,True,200.0,208.16680793011153,15459671760.638233,402367.1996241936
0.01929004539540734,3.4640566222818188,19.717082032772506,1.521269379823455e-10,True,True,358610.12881668383,3.758374042884443e-05,8.475225267736533e-14,True,True,200.0,208.16680793011153,15459671760.638233,358610.1481067292
0.021643786917969695,3.4640566222818188,19.717082032772506,1.521269379823455e-10,True,True,319611.6137321322,3.9810717055349776e-05,9.509359154766707e-14,True,True,200.0,208.16680793011153,15459671760.638233,319611.6353759191
0.024284728342941344,3.4640566222818188,19.717082032772506,1.521269379823455e-10,True,True,284854.1505772039,4.216965034285822e-05,1.0669676460233535e-13,True,True,200.0,208.16680793011153,15459671760.638233,284854.17486193223
0.027247913358490177,3.4640566222818188,19.717082032772506,1.521269379823455e-10,True,True,253876.52893322374,4.466835921509635e-05,1.1971573889813297e-13,True,True,200.0,208.16680793011153,15459671760.638233,253876.55618113707
0.030572661629447016,3.4640566222818188,19.717082032772506,1.521269379823455e-10,True,True,226267.69458187427,4.7315125896148124e-05,1.343232683141008e-13,True,True,200.0,208.16680793011153,15459671760.638233,226267.7251545359
0.03430309054536901,3.4640566222818188,19.717082032772506,1.521269379823455e-10,True,True,201661.29506545575,5.011872336272725e-05,1.5071318589057494e-13,True,True,200.0,208.16680793011153,15459671760.638233,201661.32936854628
0.038488700631495294,3.4640566222818188,19.717082032772506,1.521269379823455e-10,True,True,179730.8184123532,5.30884444230989e-05,1.6910297587586765e-13,True,True,200.0,208.16680793011153,15459671760.638233,179730.85690105383
0.043185032390641254,3.4640566222818188,19.717082032772506,1.521269379823455e-10,True,True,160185.26052155605,5.623413251903491e-05,1.8973665961010276e-13,True,True,200.0,208.16680793011153,15459671760.638233,160185.30370658846
0.04845440329192759,3.4640566222818188,19.717082032772506,1.521269379823455e-10,True,True,142765.263715035,5.9566214352901096e-05,2.1288803354014562e-13,True,True,200.0,208.16680793011153,15459671760.638233,142765.3121694383
0.054366734685732665,3.4640566222818188,19.717082032772506,1.521269379823455e-10,True,True,127239.67521893635,6.309573444801943e-05,2.3886430233209913e-13,True,True,200.0,208.16680793011153,15459671760.638233,127239.72958567103
0.06100047961753056,3.4640566222818188,19.717082032772506,1.521269379823455e-10,True,True,113402.47990671036,6.683439175686149e-05,2.680101552905781e-13,True,True,200.0,208.16680793011153,15459671760.638233,113402.54090718999
0.06844366385214018,3.4640566222818188,19.717082032772506,1.521269379823455e-10,True,True,101070.0666035487,7.079457843841388e-05,3.0071234017636415e-13,True,True,200.0,208.16680793011153,15459671760.638233,101070.13504721255
0.07679505392214128,3.4640566222818188,19.717082032772506,1.521269379823455e-10,True,True,90078.7916776531,7.498942093324559e-05,3.3740479511420945e-13,True,True,200.0,208.16680793011153,15459671760.638233,90078.86847270704
0.08616546769975707,3.4640566222818188,19.717082032772506,1.521269379823455e-10,True,True,80282.80758866246,7.943282347242822e-05,3.785744066881167e-13,True,True,200.0,208.16680793011153,15459671760.638233,80282.89375413014
0.09667924488268732,3.4640566222818188,19.717082032772506,1.521269379823455e-10,True,True,71552.12757940628,8.413951416451965e-05,4.2476747063048417e-13,True,True,200.0,208.16680793011153,15459671760.638233,71552.22425865117
0.10847589690635356,3.4640566222818188,19.717082032772506,1.521269379823455e-10,True,True,63770.90083061145,8.912509381337459e-05,4.765969408345693e-13,True,True,200.0,208.16680793011153,15459671760.638233,63771.00930650836
0.12171195817588616,3.4640566222818188,19.717082032772506,1.521269379823455e-10,True,True,56835.87519091641,9.440608762859246e-05,5.347505628802487e-13,True,True,200.0,208.16680793011153,15459671760.638233,56835.99690287459
0.1365630631825727,3.4640566222818188,19.717082032772506,1.521269379823455e-10,True,True,50655.02708355684,0.0001,6.000000000000001e-13,True,True,200.0,208.16680793011153,15459671760.638233,50655.16364662002
0.1532262770668518,3.4640566222818188,19.717082032772506,1.521269379823455e-10,True,True,45146.34040941026,0.00010592537251772897,6.73211072581179e-13,True,True,200.0,208.16680793011153,15459671760.638233,45146.49363568732
0.17192271055299377,3.4640566222818188,19.717082032772506,1.521269379823455e-10,True,True,40236.71824319225,0.00011220184543019653,7.553552470765029e-13,True,True,200.0,208.16680793011153,15459671760.638233,40236.8901659028
0.1929004539540734,3.4640566222818188,19.717082032772506,1.521269379823455e-10,True,True,35861.01288166838,0.00011885022274370189,8.475225267736532e-13,True,True,200.0,208.16680793011153,15459671760.638233,35861.20578212233
0.21643786917969685,3.4640566222818188,19.717082032772506,1.521269379823455e-10,True,True,31961.16137321322,0.00012589254117941688,9.509359154766703e-13,True,True,200.0,208.16680793011153,15459671760.638233,31961.377811082402
0.24284728342941345,3.4640566222818188,19.717082032772506,1.521269379823455e-10,True,True,28485.415057720384,0.0001333521432163324,1.0669676460233535e-12,True,True,200.0,208.16680793011153,15459671760.638233,28485.657905003813
0.2724791335849018,3.4640566222818188,19.717082032772506,1.521269379823455e-10,True,True,25387.652893322367,0.00014125375446227554,1.1971573889813296e-12,True,True,200.0,208.16680793011153,15459671760.638233,25387.925372455953
0.3057266162944701,3.4640566222818188,19.717082032772506,1.521269379823455e-10,True,True,22626.769458187428,0.00014962356560944357,1.3432326831410078e-12,True,True,200.0,208.16680793011153,15459671760.638233,22627.07518480372
0.34303090545369014,3.4640566222818188,19.717082032772506,1.521269379823455e-10,True,True,20166.12950654557,0.00015848931924611142,1.5071318589057495e-12,True,True,200.0,208.16680793011153,15459671760.638233,20166.472537451024
0.38488700631495293,3.4640566222818188,19.717082032772506,1.521269379823455e-10,True,True,17973.08184123532,0.00016788040181225624,1.6910297587586764e-12,True,True,200.0,208.16680793011153,15459671760.638233,17973.466728241634
0.4318503239064124,3.4640566222818188,19.717082032772506,1.521269379823455e-10,True,True,16018.526052155605,0.00017782794100389227,1.8973665961010273e-12,True,True,200.0,208.16680793011153,15459671760.638233,16018.957902479511
0.48454403291927606,3.4640566222818188,19.717082032772506,1.521269379823455e-10,True,True,14276.5263715035,0.0001883649089489802,2.1288803354014564e-12,True,True,200.0,208.16680793011153,15459671760.638233,14277.010915536419
0.5436673468573265,3.4640566222818188,19.717082032772506,1.521269379823455e-10,True,True,12723.967521893635,0.00019952623149688828,2.388643023320991e-12,True,True,200.0,208.16680793011153,15459671760.638233,12724.511189240493
0.6100047961753055,3.4640566222818188,19.717082032772506,1.521269379823455e-10,True,True,11340.24799067104,0.00021134890398366476,2.6801015529057804e-12,True,True,200.0,208.16680793011153,15459671760.638233,11340.857995467215
0.6844366385214017,3.4640566222818188,19.717082032772506,1.521269379823455e-10,True,True,10107.00666035487,0.00022387211385683424,3.007123401763641e-12,True,True,200.0,208.16680793011153,15459671760.638233,10107.69109699339
0.767950539221413,3.4640566222818188,19.717082032772506,1.521269379823455e-10,True,True,9007.87916776531,0.00023713737056616554,3.374047951142095e-12,True,True,200.0,208.16680793011153,15459671760.638233,9008.647118304532
0.8616546769975706,3.4640566222818188,19.717082032772506,1.521269379823455e-10,True,True,8028.280758866246,0.0002511886431509582,3.785744066881166e-12,True,True,200.0,208.16680793011153,15459671760.638233,8029.1424135432435
0.9667924488268731,3.4640566222818188,19.717082032772506,1.521269379823455e-10,True,True,7155.21275794063,0.0002660725059798814,4.247674706304841e-12,True,True,200.0,208.16680793011153,15459671760.638233,7156.179550389456
1.0847589690635357,3.4640566222818188,19.717082032772506,1.521269379823455e-10,True,True,6377.090083061145,0.0002818382931264455,4.765969408345693e-12,True,True,200.0,208.16680793011153,15459671760.638233,6378.174842030208
1.2171195817588616,3.4640566222818188,19.717082032772506,1.521269379823455e-10,True,True,5683.58751909164,0.00029853826189179633,5.347505628802486e-12,True,True,200.0,208.16680793011153,15459671760.638233,5684.8046386733995
1.3656306318257267,3.4640566222818188,19.717082032772506,1.521269379823455e-10,True,True,5065.502708355685,0.00031622776601683794,5.9999999999999995e-12,True,True,200.0,208.16680793011153,15459671760.638233,5066.868338987511
1.5322627706685183,3.4640566222818188,19.717082032772506,1.521269379823455e-10,True,True,4514.634040941026,0.00033496543915782794,6.7321107258117914e-12,True,True,200.0,208.16680793011153,15459671760.638233,4516.166303711693
1.7192271055299375,3.4640566222818188,19.717082032772506,1.521269379823455e-10,True,True,4023.6718243192254,0.000354813389233576,7.553552470765028e-12,True,True,200.0,208.16680793011153,15459671760.638233,4025.3910514247555
1.929004539540734,3.4640566222818188,19.717082032772506,1.521269379823455e-10,True,True,3586.101288166837,0.0003758374042884443,8.475225267736532e-12,True,True,200.0,208.16680793011153,15459671760.638233,3588.0302927063776
2.164378691796969,3.4640566222818188,19.717082032772506,1.521269379823455e-10,True,True,3196.116137321322,0.00039810717055349773,9.509359154766704e-12,True,True,200.0,208.16680793011153,15459671760.638233,3198.280516013119
2.4284728342941344,3.4640566222818188,19.717082032772506,1.521269379823455e-10,True,True,2848.541505772039,0.00042169650342858224,1.0669676460233535e-11,True,True,200.0,208.16680793011153,15459671760.638233,2850.9699786063325
2.7247913358490177,3.4640566222818188,19.717082032772506,1.521269379823455e-10,True,True,2538.765289332238,0.0004466835921509635,1.1971573889813297e-11,True,True,200.0,208.16680793011153,15459671760.638233,2541.4900806680866
3.0572661629447024,3.4640566222818188,19.717082032772506,1.521269379823455e-10,True,True,2262.6769458187428,0.00047315125896148127,1.3432326831410083e-11,True,True,200.0,208.16680793011153,15459671760.638233,2265.734211981687
3.4303090545369015,3.4640566222818188,19.717082032772506,1.521269379823455e-10,True,True,2016.6129506545572,0.0005011872336272725,1.5071318589057494e-11,True,True,200.0,208.16680793011153,15459671760.638233,2020.043259709094
3.84887006314953,3.4640566222818188,19.717082032772506,1.521269379823455e-10,True,True,1797.3081841235316,0.000530884444230989,1.6910297587586766e-11,True,True,200.0,208.16680793011153,15459671760.638233,1801.157054186681
4.318503239064125,3.4640566222818188,19.717082032772506,1.521269379823455e-10,True,True,1601.8526052155603,0.0005623413251903491,1.8973665961010276e-11,True,True,200.0,208.16680793011153,15459671760.638233,1606.1711084546243
4.845440329192761,3.4640566222818188,19.717082032772506,1.521269379823455e-10,True,True,1427.6526371503498,0.000595662143529011,2.1288803354014567e-11,True,True,200.0,208.16680793011153,15459671760.638233,1432.4980774795426
5.436673468573266,3.4640566222818188,19.717082032772506,1.521269379823455e-10,True,True,1272.3967521893635,0.0006309573444801943,2.388643023320991e-11,True,True,200.0,208.16680793011153,15459671760.638233,1277.8334256579367
6.100047961753055,3.4640566222818188,19.717082032772506,1.521269379823455e-10,True,True,1134.024799067104,0.0006683439175686149,2.680101552905781e-11,True,True,200.0,208.16680793011153,15459671760.638233,1140.124847028857
6.844366385214016,3.4640566222818188,19.717082032772506,1.521269379823455e-10,True,True,1010.7006660354867,0.0007079457843841388,3.007123401763641e-11,True,True,200.0,208.16680793011153,15459671760.638233,1017.5450324207007
7.679505392214129,3.4640566222818188,19.717082032772506,1.521269379823455e-10,True,True,900.7879167765312,0.0007498942093324559,3.374047951142095e-11,True,True,200.0,208.16680793011153,15459671760.638233,908.4674221687453
8.616546769975704,3.4640566222818188,19.717082032772506,1.521269379823455e-10,True,True,802.8280758866246,0.0007943282347242822,3.785744066881166e-11,True,True,200.0,208.16680793011153,15459671760.638233,811.4446226566002
9.667924488268731,3.4640566222818188,19.717082032772506,1.521269379823455e-10,True,True,715.5212757940627,0.0008413951416451964,4.247674706304841e-11,True,True,200.0,208.16680793011153,15459671760.638233,725.1892002823315
10.847589690635358,3.4640566222818188,19.717082032772506,1.521269379823455e-10,True,True,637.7090083061145,0.0008912509381337459,4.765969408345694e-11,True,True,200.0,208.16680793011153,15459671760.638233,648.5565979967499
12.171195817588616,3.4640566222818188,19.717082032772506,1.521269379823455e-10,True,True,568.3587519091642,0.0009440608762859245,5.347505628802486e-11,True,True,200.0,208.16680793011153,15459671760.638233,580.5299477267528
13.656306318257267,3.4640566222818188,19.717082032772506,1.521269379823455e-10,True,True,506.5502708355686,0.001,6e-11,True,True,200.0,208.16680793011153,15459671760.638233,520.2065771538258
15.322627706685182,3.4640566222818188,19.717082032772506,1.521269379823455e-10,True,True,451.4634040941025,0.0010592537251772898,6.732110725811792e-11,True,True,200.0,208.16680793011153,15459671760.638233,466.78603180078767
17.192271055299372,3.4640566222818188,19.717082032772506,1.521269379823455e-10,True,True,402.3671824319225,0.0011220184543019652,7.553552470765027e-11,True,True,200.0,208.16680793011153,15459671760.638233,419.5594534872219
19.290045395407343,3.4640566222818188,19.717082032772506,1.521269379823455e-10,True,True,358.61012881668375,0.001188502227437019,8.475225267736533e-11,True,True,200.0,208.16680793011153,15459671760.638233,377.9001742120911
21.64378691796969,3.4640566222818188,19.717082032772506,1.521269379823455e-10,True,True,319.6116137321322,0.0012589254117941688,9.509359154766705e-11,True,True,200.0,208.16680793011153,15459671760.638233,341.2554006501019
24.28472834294135,3.4640566222818188,19.717082032772506,1.521269379823455e-10,True,True,284.8541505772039,0.001333521432163324,1.0669676460233537e-10,True,True,200.0,208.16680793011153,15459671760.638233,309.1388789201452
27.247913358490177,3.4640566222818188,19.717082032772506,1.521269379823455e-10,True,True,253.87652893322374,0.0014125375446227555,1.1971573889813297e-10,True,True,200.0,208.16680793011153,15459671760.638233,281.12444229171393
30.572661629447012,3.4640566222818188,19.717082032772506,1.521269379823455e-10,True,True,226.26769458187428,0.0014962356560944358,1.3432326831410078e-10,True,True,200.0,208.16680793011153,15459671760.638233,256.8403562113213
34.30309054536901,3.4640566222818188,19.717082032772506,1.521269379823455e-10,True,True,201.66129506545573,0.001584893192461114,1.5071318589057492e-10,True,True,200.0,208.16680793011153,15459671760.638233,235.96438561082476
38.48870063149529,3.4640566222818188,19.717082032772506,1.521269379823455e-10,True,True,179.7308184123532,0.0016788040181225624,1.6910297587586764e-10,True,True,200.0,208.16680793011153,15459671760.638233,218.2195190438485
43.18503239064124,3.4640566222818188,19.717082032772506,1.521269379823455e-10,True,True,160.18526052155607,0.0017782794100389228,1.8973665961010272e-10,True,True,200.0,208.16680793011153,15459671760.638233,203.3702929121973
48.4544032919276,3.4640566222818188,19.717082032772506,1.521269379823455e-10,True,True,142.76526371503502,0.0018836490894898021,2.1288803354014563e-10,True,True,200.0,208.16680793011153,15459671760.638233,191.2196670069626
54.36673468573265,3.4640566222818188,19.717082032772506,1.521269379823455e-10,True,True,127.23967521893636,0.001995262314968883,2.388643023320991e-10,True,True,200.0,208.16680793011153,15459671760.638233,181.60640990466902
61.00047961753053,3.4640566222818188,19.717082032772506,1.521269379823455e-10,True,True,113.40247990671038,0.0021134890398366475,2.68010155290578e-10,True,True,200.0,208.16680793011153,15459671760.638233,174.4029595242409
68.44366385214018,3.4640566222818188,19.717082032772506,1.521269379823455e-10,True,True,101.07006660354865,0.0022387211385683425,3.007123401763642e-10,True,True,200.0,208.16680793011153,15459671760.638233,169.51373045568883
76.79505392214129,3.4640566222818188,19.717082032772506,1.521269379823455e-10,True,True,90.07879167765311,0.0023713737056616554,3.3740479511420945e-10,True,True,200.0,208.16680793011153,15459671760.638233,166.8738455997944
86.16546769975703,3.4640566222818188,19.717082032772506,1.521269379823455e-10,True,True,80.28280758866245,0.002511886431509582,3.785744066881165e-10,True,True,200.0,208.16680793011153,15459671760.638233,166.44827528841947
96.6792448826873,3.4640566222818188,19.717082032772506,1.521269379823455e-10,True,True,71.55212757940626,0.002660725059798814,4.2476747063048407e-10,True,True,200.0,208.16680793011153,15459671760.638233,168.23137246209356
108.47589690635354,3.4640566222818188,19.717082032772506,1.521269379823455e-10,True,True,63.77090083061146,0.002818382931264455,4.765969408345692e-10,True,True,200.0,208.16680793011153,15459671760.638233,172.24679773696502
121.71195817588615,3.4640566222818188,19.717082032772506,1.521269379823455e-10,True,True,56.83587519091642,0.0029853826189179633,5.347505628802486e-10,True,True,200.0,208.16680793011153,15459671760.638233,178.54783336680256
136.56306318257268,3.4640566222818188,19.717082032772506,1.521269379823455e-10,True,True,50.65502708355684,0.0031622776601683794,6e-10,True,True,200.0,208.16680793011153,15459671760.638233,187.2180902661295
153.22627706685182,3.4640566222818188,19.717082032772506,1.521269379823455e-10,True,True,45.14634040941026,0.0033496543915782794,6.732110725811793e-10,True,True,200.0,208.16680793011153,15459671760.638233,198.3726174762621
171.92271055299378,3.4640566222818188,19.717082032772506,1.521269379823455e-10,True,True,40.23671824319224,0.0035481338923357606,7.553552470765029e-10,True,True,200.0,208.16680793011153,15459671760.638233,212.159428796186
192.9004539540734,3.4640566222818188,19.717082032772506,1.521269379823455e-10,True,True,35.86101288166838,0.003758374042884443,8.475225267736531e-10,True,True,200.0,208.16680793011153,15459671760.638233,228.7614668357418
216.4378691796969,3.4640566222818188,19.717082032772506,1.521269379823455e-10,True,True,31.961161373213216,0.003981071705534978,9.509359154766704e-10,True,True,200.0,208.16680793011153,15459671760.638233,248.3990305529101
242.84728342941355,3.4640566222818188,19.717082032772506,1.521269379823455e-10,True,True,28.485415057720385,0.004216965034285823,1.066967646023354e-09,True,True,200.0,208.16680793011153,15459671760.638233,271.33269848713394
272.4791335849018,3.4640566222818188,19.717082032772506,1.521269379823455e-10,True,True,25.387652893322368,0.004466835921509635,1.1971573889813297e-09,True,True,200.0,208.16680793011153,15459671760.638233,297.8667864782241
305.72661629447026,3.4640566222818188,19.717082032772506,1.521269379823455e-10,True,True,22.62676945818742,0.004731512589614813,1.3432326831410086e-09,True,True,200.0,208.16680793011153,15459671760.638233,328.3533857526577
343.03090545369,3.4640566222818188,19.717082032772506,1.521269379823455e-10,True,True,20.166129506545577,0.005011872336272725,1.507131858905749e-09,True,True,200.0,208.16680793011153,15459671760.638233,363.1970349602356
384.88700631495294,3.4640566222818188,19.717082032772506,1.521269379823455e-10,True,True,17.973081841235324,0.00530884444230989,1.6910297587586764e-09,True,True,200.0,208.16680793011153,15459671760.638233,402.8600881561882
431.85032390641254,3.4640566222818188,19.717082032772506,1.521269379823455e-10,True,True,16.018526052155604,0.005623413251903491,1.8973665961010277e-09,True,True,200.0,208.16680793011153,15459671760.638233,447.8688499585681
484.5440329192758,3.4640566222818188,19.717082032772506,1.521269379823455e-10,True,True,14.276526371503504,0.005956621435290109,2.1288803354014557e-09,True,True,200.0,208.16680793011153,15459671760.638233,498.82055929077933
543.6673468573265,3.4640566222818188,19.717082032772506,1.521269379823455e-10,True,True,12.723967521893634,0.006309573444801942,2.388643023320991e-09,True,True,200.0,208.16680793011153,15459671760.638233,556.3913143792201
610.0047961753055,3.4640566222818188,19.717082032772506,1.521269379823455e-10,True,True,11.340247990671037,0.006683439175686149,2.680101552905781e-09,True,True,200.0,208.16680793011153,15459671760.638233,621.3450441659766
684.4366385214017,3.4640566222818188,19.717082032772506,1.521269379823455e-10,True,True,10.10700666035487,0.007079457843841388,3.0071234017636414e-09,True,True,200.0,208.16680793011153,15459671760.638233,694.5436451817566
767.9505392214129,3.4640566222818188,19.717082032772506,1.521269379823455e-10,True,True,9.007879167765315,0.007498942093324558,3.3740479511420946e-09,True,True,200.0,208.16680793011153,15459671760.638233,776.9584183891783
861.6546769975704,3.4640566222818188,19.717082032772506,1.521269379823455e-10,True,True,8.028280758866247,0.00794328234724282,3.785744066881165e-09,True,True,200.0,208.16680793011153,15459671760.638233,869.6829577564366
966.792448826873,3.4640566222818188,19.717082032772506,1.521269379823455e-10,True,True,7.155212757940629,0.008413951416451964,4.247674706304841e-09,True,True,200.0,208.16680793011153,15459671760.638233,973.9476615848137
1084.7589690635357,3.4640566222818188,19.717082032772506,1.521269379823455e-10,True,True,6.377090083061145,0.008912509381337459,4.765969408345693e-09,True,True,200.0,208.16680793011153,15459671760.638233,1091.1360591465968
1217.1195817588616,3.4640566222818188,19.717082032772506,1.521269379823455e-10,True,True,5.683587519091641,0.009440608762859246,5.3475056288024865e-09,True,True,200.0,208.16680793011153,15459671760.638233,1222.8031692779532
1365.6306318257266,3.4640566222818188,19.717082032772506,1.521269379823455e-10,True,True,5.065502708355685,0.01,6e-09,True,True,200.0,208.16680793011153,15459671760.638233,1370.6961345340821
1532.2627706685178,3.4640566222818188,19.717082032772506,1.521269379823455e-10,True,True,4.514634040941027,0.010592537251772897,6.7321107258117906e-09,True,True,200.0,208.16680793011153,15459671760.638233,1536.7774047094588
1719.2271055299373,3.4640566222818188,19.717082032772506,1.521269379823455e-10,True,True,4.023671824319225,0.011220184543019653,7.553552470765027e-09,True,True,200.0,208.16680793011153,15459671760.638233,1723.2507773542563
1929.004539540742,3.4640566222818188,19.717082032772506,1.521269379823455e-10,True,True,3.5861012881668235,0.011885022274370214,8.475225267736567e-09,True,True,200.0,208.16680793011153,15459671760.638233,1932.5906408289088
2164.3786917969596,3.4640566222818188,19.717082032772506,1.521269379823455e-10,True,True,3.1961161373213356,0.012589254117941661,9.509359154766664e-09,True,True,200.0,208.16680793011153,15459671760.638233,2167.574807934281
2428.472834294135,3.4640566222818188,19.717082032772506,1.521269379823455e-10,True,True,2.8485415057720385,0.01333521432163324,1.0669676460233537e-08,True,True,200.0,208.16680793011153,15459671760.638233,2431.321375799907
2724.7913358490177,3.4640566222818188,19.717082032772506,1.521269379823455e-10,True,True,2.538765289332238,0.014125375446227554,1.1971573889813297e-08,True,True,200.0,208.16680793011153,15459671760.638233,2727.33010113835
3057.2661629447016,3.4640566222818188,19.717082032772506,1.521269379823455e-10,True,True,2.2626769458187423,0.014962356560944358,1.343232683141008e-08,True,True,200.0,208.16680793011153,15459671760.638233,3059.5288398905204
3430.309054536914,3.4640566222818188,19.717082032772506,1.521269379823455e-10,True,True,2.0166129506545496,0.015848931924611172,1.507131858905755e-08,True,True,200.0,208.16680793011153,15459671760.638233,3432.325667487569
3848.8700631495135,3.4640566222818188,19.717082032772506,1.521269379823455e-10,True,True,1.7973081841235385,0.01678804018122559,1.6910297587586695e-08,True,True,200.0,208.16680793011153,15459671760.638233,3850.667371333637
4318.503239064125,3.4640566222818188,19.717082032772506,1.521269379823455e-10,True,True,1.6018526052155602,0.01778279410038923,1.8973665961010277e-08,True,True,200.0,208.16680793011153,15459671760.638233,4320.105091669341
4845.44032919276,3.4640566222818188,19.717082032772506,1.521269379823455e-10,True,True,1.4276526371503502,0.01883649089489802,2.128880335401456e-08,True,True,200.0,208.16680793011153,15459671760.638233,4846.86798182991
5436.673468573265,3.4640566222818188,19.717082032772506,1.521269379823455e-10,True,True,1.2723967521893633,0.01995262314968883,2.3886430233209913e-08,True,True,200.0,208.16680793011153,15459671760.638233,5437.945865325455
6100.04796175308,3.4640566222818188,19.717082032772506,1.521269379823455e-10,True,True,1.1340247990670993,0.02113489039836652,2.6801015529057918e-08,True,True,200.0,208.16680793011153,15459671760.638233,6101.181986552147
6844.366385213989,3.4640566222818188,19.717082032772506,1.521269379823455e-10,True,True,1.010700666035491,0.022387211385683378,3.007123401763629e-08,True,True,200.0,208.16680793011153,15459671760.638233,6845.377085880024
7679.505392214129,3.4640566222818188,19.717082032772506,1.521269379823455e-10,True,True,0.9007879167765313,0.023713737056616554,3.3740479511420944e-08,True,True,200.0,208.16680793011153,15459671760.638233,7680.406180130905
8616.546769975705,3.4640566222818188,19.717082032772506,1.521269379823455e-10,True,True,0.8028280758866245,0.025118864315095822,3.785744066881166e-08,True,True,200.0,208.16680793011153,15459671760.638233,8617.34959805159
9667.92448826873,3.4640566222818188,19.717082032772506,1.521269379823455e-10,True,True,0.7155212757940628,0.02660725059798814,4.2476747063048414e-08,True,True,200.0,208.16680793011153,15459671760.638233,9668.640009544524
10847.589690635403,3.4640566222818188,19.717082032772506,1.521269379823455e-10,True,True,0.6377090083061119,0.02818382931264461,4.765969408345713e-08,True,True,200.0,208.16680793011153,15459671760.638233,10848.227399643709
12171.195817588567,3.4640566222818188,19.717082032772506,1.521269379823455e-10,True,True,0.5683587519091666,0.02985382618917957,5.347505628802464e-08,True,True,200.0,208.16680793011153,15459671760.638233,12171.764176340474
13656.306318257266,3.4640566222818188,19.717082032772506,1.521269379823455e-10,True,True,0.5065502708355686,0.03162277660168379,6e-08,True,True,200.0,208.16680793011153,15459671760.638233,13656.812868528103
15322.627706685182,3.4640566222818188,19.717082032772506,1.521269379823455e-10,True,True,0.4514634040941026,0.033496543915782793,6.732110725811791e-08,True,True,200.0,208.16680793011153,15459671760.638233,15323.079170089275
17192.271055299378,3.4640566222818188,19.717082032772506,1.521269379823455e-10,True,True,0.4023671824319225,0.03548133892335761,7.553552470765029e-08,True,True,200.0,208.16680793011153,15459671760.638233,17192.67342248181
19290.04539540742,3.4640566222818188,19.717082032772506,1.521269379823455e-10,True,True,0.3586101288166823,0.037583740428844506,8.475225267736566e-08,True,True,200.0,208.16680793011153,15459671760.638233,19290.40400553624
21643.7869179696,3.4640566222818188,19.717082032772506,1.521269379823455e-10,True,True,0.3196116137321335,0.03981071705534969,9.509359154766665e-08,True,True,200.0,208.16680793011153,15459671760.638233,21644.106529583332
24284.728342941344,3.4640566222818188,19.717082032772506,1.521269379823455e-10,True,True,0.28485415057720387,0.042169650342858224,1.0669676460233536e-07,True,True,200.0,208.16680793011153,15459671760.638233,24285.01319709192
27247.91335849018,3.4640566222818188,19.717082032772506,1.521269379823455e-10,True,True,0.25387652893322366,0.04466835921509635,1.1971573889813298e-07,True,True,200.0,208.16680793011153,15459671760.638233,27248.167235019115
30572.66162944702,3.4640566222818188,19.717082032772506,1.521269379823455e-10,True,True,0.2262676945818742,0.04731512589614813,1.343232683141008e-07,True,True,200.0,208.16680793011153,15459671760.638233,30572.8878971416
34303.09054536915,3.4640566222818188,19.717082032772506,1.521269379823455e-10,True,True,0.20166129506545494,0.05011872336272735,1.5071318589057554e-07,True,True,200.0,208.16680793011153,15459671760.638233,34303.29220666422
38488.70063149513,3.4640566222818188,19.717082032772506,1.521269379823455e-10,True,True,0.17973081841235397,0.05308844442309879,1.6910297587586692e-07,True,True,200.0,208.16680793011153,15459671760.638233,38488.88036231354
43185.032390641245,3.4640566222818188,19.717082032772506,1.521269379823455e-10,True,True,0.16018526052155604,0.05623413251903491,1.8973665961010275e-07,True,True,200.0,208.16680793011153,15459671760.638233,43185.19257590177
48454.4032919276,3.4640566222818188,19.717082032772506,1.521269379823455e-10,True,True,0.14276526371503503,0.059566214352901097,2.1288803354014564e-07,True,True,200.0,208.16680793011153,15459671760.638233,48454.54605719131
54366.734685732656,3.4640566222818188,19.717082032772506,1.521269379823455e-10,True,True,0.1272396752189363,0.06309573444801943,2.388643023320991e-07,True,True,200.0,208.16680793011153,15459671760.638233,54366.86192540787
61000.47961753078,3.4640566222818188,19.717082032772506,1.521269379823455e-10,True,True,0.11340247990670992,0.06683439175686162,2.680101552905791e-07,True,True,200.0,208.16680793011153,15459671760.638233,61000.59302001068
68443.66385213987,3.4640566222818188,19.717082032772506,1.521269379823455e-10,True,True,0.10107006660354909,0.07079457843841373,3.0071234017636286e-07,True,True,200.0,208.16680793011153,15459671760.638233,68443.76492220648
76795.05392214128,3.4640566222818188,19.717082032772506,1.521269379823455e-10,True,True,0.09007879167765313,0.07498942093324558,3.374047951142094e-07,True,True,200.0,208.16680793011153,15459671760.638233,76795.14400093295
86165.46769975706,3.4640566222818188,19.717082032772506,1.521269379823455e-10,True,True,0.08028280758866245,0.07943282347242822,3.785744066881166e-07,True,True,200.0,208.16680793011153,15459671760.638233,86165.54798256465
96679.24488268734,3.4640566222818188,19.717082032772506,1.521269379823455e-10,True,True,0.0715521275794063,0.08413951416451965,4.247674706304842e-07,True,True,200.0,208.16680793011153,15459671760.638233,96679.31643481491
108475.896906354,3.4640566222818188,19.717082032772506,1.521269379823455e-10,True,True,0.0637709008306112,0.08912509381337477,4.765969408345712e-07,True,True,200.0,208.16680793011153,15459671760.638233,108475.96067725483
121711.95817588565,3.4640566222818188,19.717082032772506,1.521269379823455e-10,True,True,0.056835875190916645,0.09440608762859226,5.347505628802463e-07,True,True,200.0,208.16680793011153,15459671760.638233,121712.01501176083
136563.06318257266,3.4640566222818188,19.717082032772506,1.521269379823455e-10,True,True,0.05065502708355685,0.1,6e-07,True,True,200.0,208.16680793011153,15459671760.638233,136563.11383759973
6.069469474781008e-14,5.196084933422728,9.15439598480034,1.5209412060782251e-10,True,True,1.0910270060822443e+17,1e-10,2.6666666666666665e-25,True,True,300.0,305.50518804729313,23189507640.95735,1.0910270060822443e+17
6.810056758526748e-14,5.196084933422728,9.15439598480034,1.5209412060782251e-10,True,True,9.723788427000504e+16,1.0592537251772898e-10,2.992049211471907e-25,True,True,300.0,305.50518804729313,23189507640.95735,9.723788427000504e+16
7.641009357910832e-14,5.196084933422728,9.15439598480034,1.5209412060782251e-10,True,True,8.666335557778245e+16,1.1220184543019652e-10,3.357134431451123e-25,True,True,300.0,305.50518804729313,23189507640.95735,8.666335557778245e+16
8.573353509069894e-14,5.196084933422728,9.15439598480034,1.5209412060782251e-10,True,True,7.723879696051746e+16,1.1885022274370164e-10,3.7667667856606656e-25,True,True,300.0,305.50518804729313,23189507640.95735,7.723879696051746e+16
9.619460852430932e-14,5.196084933422728,9.15439598480034,1.5209412060782251e-10,True,True,6.8839150251383e+16,1.2589254117941662e-10,4.226381846562962e-25,True,True,300.0,305.50518804729313,23189507640.95735,6.8839150251383e+16
1.0793212596862821e-13,5.196084933422728,9.15439598480034,1.5209412060782251e-10,True,True,6.135295724187484e+16,1.333521432163324e-10,4.742078426770461e-25,True,True,300.0,305.50518804729313,23189507640.95735,6.135295724187484e+16
1.2110183714884525e-13,5.196084933422728,9.15439598480034,1.5209412060782251e-10,True,True,5.4680880699100424e+16,1.4125375446227556e-10,5.320699506583688e-25,True,True,300.0,305.50518804729313,23189507640.95735,5.4680880699100424e+16
1.3587849613087568e-13,5.196084933422728,9.15439598480034,1.5209412060782251e-10,True,True,4.873438622105261e+16,1.496235656094436e-10,5.96992303618226e-25,True,True,300.0,305.50518804729313,23189507640.95735,4.873438622105261e+16
1.524581802016394e-13,5.196084933422728,9.15439598480034,1.5209412060782251e-10,True,True,4.343456743888571e+16,1.584893192461111e-10,6.698363817358857e-25,True,True,300.0,305.50518804729313,23189507640.95735,4.343456743888571e+16
1.7106089169553392e-13,5.196084933422728,9.15439598480034,1.5209412060782251e-10,True,True,3.871109897734026e+16,1.6788040181225588e-10,7.515687816705196e-25,True,True,300.0,305.50518804729313,23189507640.95735,3.871109897734026e+16
1.919334772917389e-13,5.196084933422728,9.15439598480034,1.5209412060782251e-10,True,True,3.4501303279742724e+16,1.778279410038923e-10,8.432740427115679e-25,True,True,300.0,305.50518804729313,23189507640.95735,3.4501303279742724e+16
2.1535290351967821e-13,5.196084933422728,9.15439598480034,1.5209412060782251e-10,True,True,3.0749318914907524e+16,1.8836490894898022e-10,9.461690379562028e-25,True,True,300.0,305.50518804729313,23189507640.95735,3.0749318914907524e+16
2.4162993193658956e-13,5.196084933422728,9.15439598480034,1.5209412060782251e-10,True,True,2.7405359329885016e+16,1.9952623149688828e-10,1.0616191214759961e-24,True,True,300.0,305.50518804729313,23189507640.95735,2.7405359329885016e+16
2.711132427445791e-13,5.196084933422728,9.15439598480034,1.5209412060782251e-10,True,True,2.442505221265257e+16,2.1134890398366433e-10,1.1911562457358976e-24,True,True,300.0,305.50518804729313,23189507640.95735,2.442505221265257e+16
3.0419406156506615e-13,5.196084933422728,9.15439598480034,1.5209412060782251e-10,True,True,2.1768850698492292e+16,2.2387211385683377e-10,1.3364992896727238e-24,True,True,300.0,305.50518804729313,23189507640.95735,2.1768850698492292e+16
3.413113507650724e-13,5.196084933422728,9.15439598480034,1.5209412060782251e-10,True,True,1.9401508607124664e+16,2.371373705661655e-10,1.4995768671742642e-24,True,True,300.0,305.50518804729313,23189507640.95735,1.9401508607124664e+16
3.8295763422114245e-13,5.196084933422728,9.15439598480034,1.5209412060782251e-10,True,True,1.7291612747309762e+16,2.511886431509582e-10,1.6825529186138514e-24,True,True,300.0,305.50518804729313,23189507640.95735,1.7291612747309762e+16
4.2968553281194354e-13,5.196084933422728,9.15439598480034,1.5209412060782251e-10,True,True,1.5411166082885234e+16,2.660725059798814e-10,1.8878554250243736e-24,True,True,300.0,305.50518804729313,23189507640.95735,1.5411166082885234e+16
4.821150973615695e-13,5.196084933422728,9.15439598480034,1.5209412060782251e-10,True,True,1.3735216229106514e+16,2.8183829312644494e-10,2.118208625931411e-24,True,True,300.0,305.50518804729313,23189507640.95735,1.3735216229106514e+16
5.409420363372695e-13,5.196084933422728,9.15439598480034,1.5209412060782251e-10,True,True,1.2241524349661012e+16,2.985382618917957e-10,2.3766691683566504e-24,True,True,300.0,305.50518804729313,23189507640.95735,1.2241524349661012e+16
6.069469474781008e-13,5.196084933422728,9.15439598480034,1.5209412060782251e-10,True,True,1.0910270060822442e+16,3.1622776601683795e-10,2.666666666666667e-24,True,True,300.0,305.50518804729313,23189507640.95735,1.0910270060822442e+16
6.810056758526747e-13,5.196084933422728,9.15439598480034,1.5209412060782251e-10,True,True,9723788427000504.0,3.349654391578279e-10,2.9920492114719072e-24,True,True,300.0,305.50518804729313,23189507640.95735,9723788427000504.0
7.641009357910834e-13,5.196084933422728,9.15439598480034,1.5209412060782251e-10,True,True,8666335557778243.0,3.5481338923357605e-10,3.357134431451124e-24,True,True,300.0,305.50518804729313,23189507640.95735,8666335557778243.0
8.573353509069896e-13,5.196084933422728,9.15439598480034,1.5209412060782251e-10,True,True,7723879696051746.0,3.7583740428844356e-10,3.766766785660666e-24,True,True,300.0,305.50518804729313,23189507640.95735,7723879696051746.0
9.619460852430932e-13,5.196084933422728,9.15439598480034,1.5209412060782251e-10,True,True,6883915025138298.0,3.9810717055349694e-10,4.226381846562962e-24,True,True,300.0,305.50518804729313,23189507640.95735,6883915025138298.0
1.0793212596862821e-12,5.196084933422728,9.15439598480034,1.5209412060782251e-10,True,True,6135295724187484.0,4.2169650342858224e-10,4.7420784267704606e-24,True,True,300.0,305.50518804729313,23189507640.95735,6135295724187484.0
1.2110183714884522e-12,5.196084933422728,9.15439598480034,1.5209412060782251e-10,True,True,5468088069910045.0,4.4668359215096347e-10,5.3206995065836865e-24,True,True,300.0,305.50518804729313,23189507640.95735,5468088069910045.0
1.3587849613087565e-12,5.196084933422728,9.15439598480034,1.5209412060782251e-10,True,True,4873438622105260.0,4.731512589614812e-10,5.9699230361822584e-24,True,True,300.0,305.50518804729313,23189507640.95735,4873438622105260.0
1.5245818020163937e-12,5.196084933422728,9.15439598480034,1.5209412060782251e-10,True,True,4343456743888571.0,5.011872336272714e-10,6.698363817358857e-24,True,True,300.0,305.50518804729313,23189507640.95735,4343456743888571.0
1.7106089169553393e-12,5.196084933422728,9.15439598480034,1.5209412060782251e-10,True,True,3871109897734025.0,5.30884444230988e-10,7.515687816705198e-24,True,True,300.0,305.50518804729313,23189507640.95735,3871109897734025.0
1.919334772917389e-12,5.196084933422728,9.15439598480034,1.5209412060782251e-10,True,True,3450130327974271.5,5.623413251903491e-10,8.432740427115678e-24,True,True,300.0,305.50518804729313,23189507640.95735,3450130327974271.5
2.1535290351967825e-12,5.196084933422728,9.15439598480034,1.5209412060782251e-10,True,True,3074931891490751.5,5.95662143529011e-10,9.46169037956203e-24,True,True,300.0,305.50518804729313,23189507640.95735,3074931891490751.5
2.4162993193658957e-12,5.196084933422728,9.15439598480034,1.5209412060782251e-10,True,True,2740535932988501.0,6.309573444801942e-10,1.0616191214759961e-23,True,True,300.0,305.50518804729313,23189507640.95735,2740535932988501.0
2.711132427445791e-12,5.196084933422728,9.15439598480034,1.5209412060782251e-10,True,True,2442505221265257.0,6.683439175686135e-10,1.1911562457358977e-23,True,True,300.0,305.50518804729313,23189507640.95735,2442505221265257.0
3.0419406156506613e-12,5.196084933422728,9.15439598480034,1.5209412060782251e-10,True,True,2176885069849228.8,7.079457843841373e-10,1.3364992896727237e-23,True,True,300.0,305.50518804729313,23189507640.95735,2176885069849228.8
3.413113507650724e-12,5.196084933422728,9.15439598480034,1.5209412060782251e-10,True,True,1940150860712466.0,7.498942093324559e-10,1.4995768671742643e-23,True,True,300.0,305.50518804729313,23189507640.95735,1940150860712466.0
3.829576342211424e-12,5.196084933422728,9.15439598480034,1.5209412060782251e-10,True,True,1729161274730976.2,7.943282347242822e-10,1.6825529186138514e-23,True,True,300.0,305.50518804729313,23189507640.95735,1729161274730976.2
4.296855328119436e-12,5.196084933422728,9.15439598480034,1.5209412060782251e-10,True,True,1541116608288523.2,8.413951416451964e-10,1.8878554250243738e-23,True,True,300.0,305.50518804729313,23189507640.95735,1541116608288523.2
4.821150973615694e-12,5.196084933422728,9.15439598480034,1.5209412060782251e-10,True,True,1373521622910651.5,8.912509381337441e-10,2.1182086259314107e-23,True,True,300.0,305.50518804729313,23189507640.95735,1373521622910651.5
5.409420363372695e-12,5.196084933422728,9.15439598480034,1.5209412060782251e-10,True,True,1224152434966100.8,9.440608762859226e-10,2.3766691683566505e-23,True,True,300.0,305.50518804729313,23189507640.95735,1224152434966100.8
6.0694694747810085e-12,5.196084933422728,9.15439598480034,1.5209412060782251e-10,True,True,1091027006082244.2,1e-09,2.666666666666667e-23,True,True,300.0,305.50518804729313,23189507640.95735,1091027006082244.2
6.810056758526748e-12,5.196084933422728,9.15439598480034,1.5209412060782251e-10,True,True,972378842700050.4,1.0592537251772898e-09,2.9920492114719074e-23,True,True,300.0,305.50518804729313,23189507640.95735,972378842700050.4
7.641009357910834e-12,5.196084933422728,9.15439598480034,1.5209412060782251e-10,True,True,866633555777824.2,1.1220184543019653e-09,3.3571344314511237e-23,True,True,300.0,305.50518804729313,23189507640.95735,866633555777824.2
8.573353509069894e-12,5.196084933422728,9.15439598480034,1.5209412060782251e-10,True,True,772387969605174.9,1.1885022274370164e-09,3.7667667856606657e-23,True,True,300.0,305.50518804729313,23189507640.95735,772387969605174.9
9.619460852430934e-12,5.196084933422728,9.15439598480034,1.5209412060782251e-10,True,True,688391502513829.6,1.2589254117941663e-09,4.2263818465629623e-23,True,True,300.0,305.50518804729313,23189507640.95735,688391502513829.6
1.079321259686282e-11,5.196084933422728,9.15439598480034,1.5209412060782251e-10,True,True,613529572418748.5,1.333521432163324e-09,4.74207842677046e-23,True,True,300.0,305.50518804729313,23189507640.95735,613529572418748.5
1.2110183714884524e-11,5.196084933422728,9.15439598480034,1.5209412060782251e-10,True,True,546808806991004.4,1.4125375446227555e-09,5.320699506583688e-23,True,True,300.0,305.50518804729313,23189507640.95735,546808806991004.4
1.3587849613087562e-11,5.196084933422728,9.15439598480034,1.5209412060782251e-10,True,True,487343862210526.1,1.4962356560944358e-09,5.969923036182258e-23,True,True,300.0,305.50518804729313,23189507640.95735,487343862210526.1
1.524581802016394e-11,5.196084933422728,9.15439598480034,1.5209412060782251e-10,True,True,434345674388857.06,1.584893192461111e-09,6.698363817358859e-23,True,True,300.0,305.50518804729313,23189507640.95735,434345674388857.06
1.7106089169553395e-11,5.196084933422728,9.15439598480034,1.5209412060782251e-10,True,True,387110989773402.56,1.6788040181225589e-09,7.515687816705197e-23,True,True,300.0,305.50518804729313,23189507640.95735,387110989773402.56
1.9193347729173885e-11,5.196084933422728,9.15439598480034,1.5209412060782251e-10,True,True,345013032797427.25,1.7782794100389228e-09,8.432740427115678e-23,True,True,300.0,305.50518804729313,23189507640.95735,345013032797427.25
2.1535290351967822e-11,5.196084933422728,9.15439598480034,1.5209412060782251e-10,True,True,307493189149075.3,1.883649089489802e-09,9.461690379562027e-23,True,True,300.0,305.50518804729313,23189507640.95735,307493189149075.3
2.416299319365896e-11,5.196084933422728,9.15439598480034,1.5209412060782251e-10,True,True,274053593298850.2,1.9952623149688828e-09,1.061619121475996e-22,True,True,300.0,305.50518804729313,23189507640.95735,274053593298850.2
2.7111324274457906e-11,5.196084933422728,9.15439598480034,1.5209412060782251e-10,True,True,244250522126525.75,2.113489039836643e-09,1.1911562457358976e-22,True,True,300.0,305.50518804729313,23189507640.95735,244250522126525.75
3.041940615650661e-11,5.196084933422728,9.15439598480034,1.5209412060782251e-10,True,True,217688506984922.88,2.2387211385683377e-09,1.3364992896727236e-22,True,True,300.0,305.50518804729313,23189507640.95735,217688506984922.88
3.413113507650724e-11,5.196084933422728,9.15439598480034,1.5209412060782251e-10,True,True,194015086071246.6,2.3713737056616553e-09,1.4995768671742643e-22,True,True,300.0,305.50518804729313,23189507640.95735,194015086071246.6
3.829576342211424e-11,5.196084933422728,9.15439598480034,1.5209412060782251e-10,True,True,172916127473097.62,2.511886431509582e-09,1.6825529186138511e-22,True,True,300.0,305.50518804729313,23189507640.95735,172916127473097.62
4.296855328119437e-11,5.196084933422728,9.15439598480034,1.5209412060782251e-10,True,True,154111660828852.34,2.660725059798814e-09,1.8878554250243742e-22,True,True,300.0,305.50518804729313,23189507640.95735,154111660828852.34
4.8211509736156947e-11,5.196084933422728,9.15439598480034,1.5209412060782251e-10,True,True,137352162291065.11,2.8183829312644493e-09,2.1182086259314105e-22,True,True,300.0,305.50518804729313,23189507640.95735,137352162291065.11
5.4094203633726946e-11,5.196084933422728,9.15439598480034,1.5209412060782251e-10,True,True,122415243496610.1,2.985382618917957e-09,2.3766691683566503e-22,True,True,300.0,305.50518804729313,23189507640.95735,122415243496610.1
6.069469474781007e-11,5.196084933422728,9.15439598480034,1.5209412060782251e-10,True,True,109102700608224.44,3.1622776601683795e-09,2.6666666666666666e-22,True,True,300.0,305.50518804729313,23189507640.95735,109102700608224.44
6.810056758526747e-11,5.196084933422728,9.15439598480034,1.5209412060782251e-10,True,True,97237884270005.05,3.3496543915782794e-09,2.9920492114719073e-22,True,True,300.0,305.50518804729313,23189507640.95735,97237884270005.05
7.641009357910833e-11,5.196084933422728,9.15439598480034,1.5209412060782251e-10,True,True,86663355577782.44,3.5481338923357603e-09,3.3571344314511236e-22,True,True,300.0,305.50518804729313,23189507640.95735,86663355577782.44
8.573353509069897e-11,5.196084933422728,9.15439598480034,1.5209412060782251e-10,True,True,77238796960517.47,3.758374042884436e-09,3.766766785660667e-22,True,True,300.0,305.50518804729313,23189507640.95735,77238796960517.47
9.619460852430933e-11,5.196084933422728,9.15439598480034,1.5209412060782251e-10,True,True,68839150251382.99,3.981071705534969e-09,4.2263818465629618e-22,True,True,300.0,305.50518804729313,23189507640.95735,68839150251382.99
1.0793212596862824e-10,5.196084933422728,9.15439598480034,1.5209412060782251e-10,True,True,61352957241874.84,4.216965034285823e-09,4.7420784267704615e-22,True,True,300.0,305.50518804729313,23189507640.95735,61352957241874.84
1.2110183714884523e-10,5.196084933422728,9.15439598480034,1.5209412060782251e-10,True,True,54680880699100.43,4.466835921509635e-09,5.320699506583688e-22,True,True,300.0,305.50518804729313,23189507640.95735,54680880699100.43
1.3587849613087565e-10,5.196084933422728,9.15439598480034,1.5209412060782251e-10,True,True,48734386221052.6,4.731512589614813e-09,5.969923036182259e-22,True,True,300.0,305.50518804729313,23189507640.95735,48734386221052.6
1.524581802016394e-10,5.196084933422728,9.15439598480034,1.5209412060782251e-10,True,True,43434567438885.695,5.011872336272715e-09,6.6983638173588585e-22,True,True,300.0,305.50518804729313,23189507640.95735,43434567438885.695
1.71060891695534e-10,5.196084933422728,9.15439598480034,1.5209412060782251e-10,True,True,38711098977340.25,5.3088444423098795e-09,7.5156878167051995e-22,True,True,300.0,305.50518804729313,23189507640.95735,38711098977340.25
1.9193347729173889e-10,5.196084933422728,9.15439598480034,1.5209412060782251e-10,True,True,34501303279742.72,5.623413251903491e-09,8.4327404271156785e-22,True,True,300.0,305.50518804729313,23189507640.95735,34501303279742.72
2.1535290351967815e-10,5.196084933422728,9.15439598480034,1.5209412060782251e-10,True,True,30749318914907.527,5.956621435290109e-09,9.461690379562025e-22,True,True,300.0,305.50518804729313,23189507640.95735,30749318914907.527
2.4162993193658964e-10,5.196084933422728,9.15439598480034,1.5209412060782251e-10,True,True,27405359329885.01,6.309573444801943e-09,1.0616191214759961e-21,True,True,300.0,305.50518804729313,23189507640.95735,27405359329885.01
2.7111324274457914e-10,5.196084933422728,9.15439598480034,1.5209412060782251e-10,True,True,24425052212652.562,6.6834391756861355e-09,1.1911562457358979e-21,True,True,300.0,305.50518804729313,23189507640.95735,24425052212652.562
3.041940615650662e-10,5.196084933422728,9.15439598480034,1.5209412060782251e-10,True,True,21768850698492.28,7.0794578438413736e-09,1.336499289672724e-21,True,True,300.0,305.50518804729313,23189507640.95735,21768850698492.28
3.413113507650724e-10,5.196084933422728,9.15439598480034,1.5209412060782251e-10,True,True,19401508607124.664,7.498942093324558e-09,1.499576867174264e-21,True,True,300.0,305.50518804729313,23189507640.95735,19401508607124.664
3.8295763422114245e-10,5.196084933422728,9.15439598480034,1.5209412060782251e-10,True,True,17291612747309.764,7.943282347242822e-09,1.6825529186138515e-21,True,True,300.0,305.50518804729313,23189507640.95735,17291612747309.764
4.296855328119437e-10,5.196084933422728,9.15439598480034,1.5209412060782251e-10,True,True,15411166082885.23,8.413951416451965e-09,1.8878554250243743e-21,True,True,300.0,305.50518804729313,23189507640.95735,15411166082885.23
4.821150973615696e-10,5.196084933422728,9.15439598480034,1.5209412060782251e-10,True,True,13735216229106.514,8.912509381337441e-09,2.118208625931411e-21,True,True,300.0,305.50518804729313,23189507640.95735,13735216229106.514
5.409420363372696e-10,5.196084933422728,9.15439598480034,1.5209412060782251e-10,True,True,12241524349661.008,9.440608762859226e-09,2.3766691683566506e-21,True,True,300.0,305.50518804729313,23189507640.95735,12241524349661.008
6.069469474781008e-10,5.196084933422728,9.15439598480034,1.5209412060782251e-10,True,True,10910270060822.445,1e-08,2.6666666666666665e-21,True,True,300.0,305.50518804729313,23189507640.95735,10910270060822.445
6.810056758526747e-10,5.196084933422728,9.15439598480034,1.5209412060782251e-10,True,True,9723788427000.506,1.0592537251772898e-08,2.9920492114719075e-21,True,True,300.0,305.50518804729313,23189507640.95735,9723788427000.506
7.641009357910833e-10,5.196084933422728,9.15439598480034,1.5209412060782251e-10,True,True,8666335557778.242,1.1220184543019653e-08,3.3571344314511236e-21,True,True,300.0,305.50518804729313,23189507640.95735,8666335557778.242
8.57335350906993e-10,5.196084933422728,9.15439598480034,1.5209412060782251e-10,True,True,7723879696051.715,1.188502227437019e-08,3.766766785660681e-21,True,True,300.0,305.50518804729313,23189507640.95735,7723879696051.715
9.61946085243093e-10,5.196084933422728,9.15439598480034,1.5209412060782251e-10,True,True,6883915025138.298,1.2589254117941661e-08,4.2263818465629614e-21,True,True,300.0,305.50518804729313,23189507640.95735,6883915025138.298
1.0793212596862822e-09,5.196084933422728,9.15439598480034,1.5209412060782251e-10,True,True,6135295724187.484,1.333521432163324e-08,4.742078426770461e-21,True,True,300.0,305.50518804729313,23189507640.95735,6135295724187.484
1.2110183714884522e-09,5.196084933422728,9.15439598480034,1.5209412060782251e-10,True,True,5468088069910.044,1.4125375446227554e-08,5.320699506583686e-21,True,True,300.0,305.50518804729313,23189507640.95735,5468088069910.044
1.3587849613087564e-09,5.196084933422728,9.15439598480034,1.5209412060782251e-10,True,True,4873438622105.261,1.496235656094436e-08,5.969923036182258e-21,True,True,300.0,305.50518804729313,23189507640.95735,4873438622105.261
1.5245818020164003e-09,5.196084933422728,9.15439598480034,1.5209412060782251e-10,True,True,4343456743888.5503,1.5848931924611143e-08,6.698363817358886e-21,True,True,300.0,305.50518804729313,23189507640.95735,4343456743888.5503
1.710608916955339e-09,5.196084933422728,9.15439598480034,1.5209412060782251e-10,True,True,3871109897734.026,1.6788040181225588e-08,7.515687816705196e-21,True,True,300.0,305.50518804729313,23189507640.95735,3871109897734.026
1.9193347729173893e-09,5.196084933422728,9.15439598480034,1.5209412060782251e-10,True,True,3450130327974.2725,1.7782794100389228e-08,8.43274042711568e-21,True,True,300.0,305.50518804729313,23189507640.95735,3450130327974.2725
2.1535290351967818e-09,5.196084933422728,9.15439598480034,1.5209412060782251e-10,True,True,3074931891490.7534,1.883649089489802e-08,9.461690379562026e-21,True,True,300.0,305.50518804729313,23189507640.95735,3074931891490.7534
2.4162993193658965e-09,5.196084933422728,9.15439598480034,1.5209412060782251e-10,True,True,2740535932988.501,1.995262314968883e-08,1.0616191214759962e-20,True,True,300.0,305.50518804729313,23189507640.95735,2740535932988.501
2.7111324274458017e-09,5.196084933422728,9.15439598480034,1.5209412060782251e-10,True,True,2442505221265.2476,2.1134890398366476e-08,1.1911562457359025e-20,True,True,300.0,305.50518804729313,23189507640.95735,2442505221265.2476
3.0419406156506614e-09,5.196084933422728,9.15439598480034,1.5209412060782251e-10,True,True,2176885069849.2285,2.2387211385683378e-08,1.3364992896727238e-20,True,True,300.0,305.50518804729313,23189507640.95735,2176885069849.2285
3.4131135076507237e-09,5.196084933422728,9.15439598480034,1.5209412060782251e-10,True,True,1940150860712.4663,2.371373705661655e-08,1.499576867174264e-20,True,True,300.0,305.50518804729313,23189507640.95735,1940150860712.4663
3.829576342211424e-09,5.196084933422728,9.15439598480034,1.5209412060782251e-10,True,True,1729161274730.9766,2.511886431509582e-08,1.682552918613851e-20,True,True,300.0,305.50518804729313,23189507640.95735,1729161274730.9766
4.296855328119436e-09,5.196084933422728,9.15439598480034,1.5209412060782251e-10,True,True,1541116608288.5237,2.660725059798814e-08,1.8878554250243737e-20,True,True,300.0,305.50518804729313,23189507640.95735,1541116608288.5237
4.821150973615714e-09,5.196084933422728,9.15439598480034,1.5209412060782251e-10,True,True,1373521622910.646,2.818382931264455e-08,2.1182086259314188e-20,True,True,300.0,305.50518804729313,23189507640.95735,1373521622910.646
5.409420363372696e-09,5.196084933422728,9.15439598480034,1.5209412060782251e-10,True,True,1224152434966.1006,2.985382618917957e-08,2.3766691683566507e-20,True,True,300.0,305.50518804729313,23189507640.95735,1224152434966.1006
6.069469474781006e-09,5.196084933422728,9.15439598480034,1.5209412060782251e-10,True,True,1091027006082.2445,3.162277660168379e-08,2.6666666666666663e-20,True,True,300.0,305.50518804729313,23189507640.95735,1091027006082.2445
6.8100567585267475e-09,5.196084933422728,9.15439598480034,1.5209412060782251e-10,True,True,972378842700.0504,3.3496543915782795e-08,2.9920492114719076e-20,True,True,300.0,305.50518804729313,23189507640.95735,972378842700.0504
7.641009357910832e-09,5.196084933422728,9.15439598480034,1.5209412060782251e-10,True,True,866633555777.8243,3.5481338923357604e-08,3.357134431451123e-20,True,True,300.0,305.50518804729313,23189507640.95735,866633555777.8243
8.573353509069931e-09,5.196084933422728,9.15439598480034,1.5209412060782251e-10,True,True,772387969605.1715,3.7583740428844434e-08,3.7667667856606816e-20,True,True,300.0,305.50518804729313,23189507640.95735,772387969605.1715
9.619460852430932e-09,5.196084933422728,9.15439598480034,1.5209412060782251e-10,True,True,688391502513.83,3.981071705534969e-08,4.226381846562962e-20,True,True,300.0,305.50518804729313,23189507640.95735,688391502513.83
1.0793212596862821e-08,5.196084933422728,9.15439598480034,1.5209412060782251e-10,True,True,613529572418.7484,4.2169650342858225e-08,4.7420784267704607e-20,True,True,300.0,305.50518804729313,23189507640.95735,613529572418.7484
1.211018371488452e-08,5.196084933422728,9.15439598480034,1.5209412060782251e-10,True,True,546808806991.00446,4.4668359215096346e-08,5.320699506583687e-20,True,True,300.0,305.50518804729313,23189507640.95735,546808806991.00446
1.3587849613087566e-08,5.196084933422728,9.15439598480034,1.5209412060782251e-10,True,True,487343862210.52606,4.731512589614813e-08,5.969923036182259e-20,True,True,300.0,305.50518804729313,23189507640.95735,487343862210.52606
1.5245818020164008e-08,5.196084933422728,9.15439598480034,1.5209412060782251e-10,True,True,434345674388.85516,5.011872336272725e-08,6.698363817358887e-20,True,True,300.0,305.50518804729313,23189507640.95735,434345674388.85516
1.7106089169553397e-08,5.196084933422728,9.15439598480034,1.5209412060782251e-10,True,True,387110989773.4026,5.3088444423098795e-08,7.515687816705199e-20,True,True,300.0,305.50518804729313,23189507640.95735,387110989773.4026
1.9193347729173885e-08,5.196084933422728,9.15439598480034,1.5209412060782251e-10,True,True,345013032797.42725,5.6234132519034905e-08,8.432740427115678e-20,True,True,300.0,305.50518804729313,23189507640.95735,345013032797.42725
2.1535290351967823e-08,5.196084933422728,9.15439598480034,1.5209412060782251e-10,True,True,307493189149.07526,5.95662143529011e-08,9.461690379562028e-20,True,True,300.0,305.50518804729313,23189507640.95735,307493189149.07526
2.4162993193658963e-08,5.196084933422728,9.15439598480034,1.5209412060782251e-10,True,True,274053593298.85016,6.309573444801943e-08,1.0616191214759962e-19,True,True,300.0,305.50518804729313,23189507640.95735,274053593298.85016
2.7111324274458022e-08,5.196084933422728,9.15439598480034,1.5209412060782251e-10,True,True,244250522126.52463,6.683439175686149e-08,1.1911562457359026e-19,True,True,300.0,305.50518804729313,23189507640.95735,244250522126.52463
3.0419406156506615e-08,5.196084933422728,9.15439598480034,1.5209412060782251e-10,True,True,217688506984.92288,7.079457843841373e-08,1.3364992896727238e-19,True,True,300.0,305.50518804729313,23189507640.95735,217688506984.92288
3.413113507650724e-08,5.196084933422728,9.15439598480034,1.5209412060782251e-10,True,True,194015086071.24658,7.498942093324559e-08,1.4995768671742643e-19,True,True,300.0,305.50518804729313,23189507640.95735,194015086071.24658
3.8295763422114245e-08,5.196084933422728,9.15439598480034,1.5209412060782251e-10,True,True,172916127473.09756,7.943282347242822e-08,1.6825529186138514e-19,True,True,300.0,305.50518804729313,23189507640.95735,172916127473.09756
4.296855328119435e-08,5.196084933422728,9.15439598480034,1.5209412060782251e-10,True,True,154111660828.85236,8.413951416451964e-08,1.8878554250243735e-19,True,True,300.0,305.50518804729313,23189507640.95735,154111660828.85236
4.821150973615714e-08,5.196084933422728,9.15439598480034,1.5209412060782251e-10,True,True,137352162291.06458,8.912509381337459e-08,2.118208625931419e-19,True,True,300.0,305.50518804729313,23189507640.95735,137352162291.06458
5.409420363372696e-08,5.196084933422728,9.15439598480034,1.5209412060782251e-10,True,True,122415243496.61009,9.440608762859226e-08,2.376669168356651e-19,True,True,300.0,305.50518804729313,23189507640.95735,122415243496.61009
6.069469474781006e-08,5.196084933422728,9.15439598480034,1.5209412060782251e-10,True,True,109102700608.22444,1e-07,2.666666666666666e-19,True,True,300.0,305.50518804729313,23189507640.95735,109102700608.22444
6.810056758526747e-08,5.196084933422728,9.15439598480034,1.5209412060782251e-10,True,True,97237884270.00505,1.0592537251772897e-07,2.9920492114719073e-19,True,True,300.0,305.50518804729313,23189507640.95735,97237884270.00505
7.641009357910833e-08,5.196084933422728,9.15439598480034,1.5209412060782251e-10,True,True,86663355577.78244,1.1220184543019653e-07,3.3571344314511234e-19,True,True,300.0,305.50518804729313,23189507640.95735,86663355577.78244
8.573353509069931e-08,5.196084933422728,9.15439598480034,1.5209412060782251e-10,True,True,77238796960.51715,1.188502227437019e-07,3.766766785660681e-19,True,True,300.0,305.50518804729313,23189507640.95735,77238796960.51715
9.619460852430935e-08,5.196084933422728,9.15439598480034,1.5209412060782251e-10,True,True,68839150251.38297,1.2589254117941662e-07,4.2263818465629627e-19,True,True,300.0,305.50518804729313,23189507640.95735,68839150251.38297
1.0793212596862821e-07,5.196084933422728,9.15439598480034,1.5209412060782251e-10,True,True,61352957241.874825,1.333521432163324e-07,4.742078426770461e-19,True,True,300.0,305.50518804729313,23189507640.95735,61352957241.874825
1.2110183714884525e-07,5.196084933422728,9.15439598480034,1.5209412060782251e-10,True,True,54680880699.10043,1.4125375446227555e-07,5.320699506583688e-19,True,True,300.0,305.50518804729313,23189507640.95735,54680880699.10043
1.3587849613087566e-07,5.196084933422728,9.15439598480034,1.5209412060782251e-10,True,True,48734386221.052605,1.496235656094436e-07,5.969923036182259e-19,True,True,300.0,305.50518804729313,23189507640.95735,48734386221.052605
1.5245818020164002e-07,5.196084933422728,9.15439598480034,1.5209412060782251e-10,True,True,43434567438.88553,1.584893192461114e-07,6.698363817358885e-19,True,True,300.0,305.50518804729313,23189507640.95735,43434567438.88553
1.7106089169553393e-07,5.196084933422728,9.15439598480034,1.5209412060782251e-10,True,True,38711098977.34026,1.6788040181225588e-07,7.515687816705198e-19,True,True,300.0,305.50518804729313,23189507640.95735,38711098977.34026
1.9193347729173883e-07,5.196084933422728,9.15439598480034,1.5209412060782251e-10,True,True,34501303279.74272,1.7782794100389227e-07,8.432740427115676e-19,True,True,300.0,305.50518804729313,23189507640.95735,34501303279.74272
2.153529035196782e-07,5.196084933422728,9.15439598480034,1.5209412060782251e-10,True,True,30749318914.90752,1.883649089489802e-07,9.461690379562026e-19,True,True,300.0,305.50518804729313,23189507640.95735,30749318914.90752
2.416299319365896e-07,5.196084933422728,9.15439598480034,1.5209412060782251e-10,True,True,27405359329.88501,1.995262314968883e-07,1.0616191214759963e-18,True,True,300.0,305.50518804729313,23189507640.95735,27405359329.88501
2.7111324274458024e-07,5.196084933422728,9.15439598480034,1.5209412060782251e-10,True,True,24425052212.65247,2.1134890398366478e-07,1.1911562457359027e-18,True,True,300.0,305.50518804729313,23189507640.95735,24425052212.65247
3.041940615650661e-07,5.196084933422728,9.15439598480034,1.5209412060782251e-10,True,True,21768850698.492287,2.2387211385683377e-07,1.3364992896727237e-18,True,True,300.0,305.50518804729313,23189507640.95735,21768850698.492287
3.413113507650724e-07,5.196084933422728,9.15439598480034,1.5209412060782251e-10,True,True,19401508607.124657,2.3713737056616554e-07,1.4995768671742643e-18,True,True,300.0,305.50518804729313,23189507640.95735,19401508607.124657
3.829576342211424e-07,5.196084933422728,9.15439598480034,1.5209412060782251e-10,True,True,17291612747.309765,2.5118864315095823e-07,1.6825529186138514e-18,True,True,300.0,305.50518804729313,23189507640.95735,17291612747.309765
4.296855328119437e-07,5.196084933422728,9.15439598480034,1.5209412060782251e-10,True,True,15411166082.885233,2.660725059798814e-07,1.8878554250243742e-18,True,True,300.0,305.50518804729313,23189507640.95735,15411166082.885233
4.821150973615713e-07,5.196084933422728,9.15439598480034,1.5209412060782251e-10,True,True,13735216229.106459,2.818382931264455e-07,2.118208625931419e-18,True,True,300.0,305.50518804729313,23189507640.95735,13735216229.106459
5.409420363372697e-07,5.196084933422728,9.15439598480034,1.5209412060782251e-10,True,True,12241524349.661005,2.9853826189179574e-07,2.376669168356651e-18,True,True,300.0,305.50518804729313,23189507640.95735,12241524349.661005
6.069469474781008e-07,5.196084933422728,9.15439598480034,1.5209412060782251e-10,True,True,10910270060.822447,3.162277660168379e-07,2.6666666666666663e-18,True,True,300.0,305.50518804729313,23189507640.95735,10910270060.822447
6.810056758526747e-07,5.196084933422728,9.15439598480034,1.5209412060782251e-10,True,True,9723788427.000505,3.3496543915782793e-07,2.992049211471907e-18,True,True,300.0,305.50518804729313,23189507640.95735,9723788427.000505
7.641009357910833e-07,5.196084933422728,9.15439598480034,1.5209412060782251e-10,True,True,8666335557.778244,3.5481338923357606e-07,3.3571344314511237e-18,True,True,300.0,305.50518804729313,23189507640.95735,8666335557.778246
8.57335350906993e-07,5.196084933422728,9.15439598480034,1.5209412060782251e-10,True,True,7723879696.051716,3.7583740428844433e-07,3.766766785660681e-18,True,True,300.0,305.50518804729313,23189507640.95735,7723879696.051717
9.619460852430932e-07,5.196084933422728,9.15439598480034,1.5209412060782251e-10,True,True,6883915025.138297,3.981071705534969e-07,4.226381846562962e-18,True,True,300.0,305.50518804729313,23189507640.95735,6883915025.138298
1.0793212596862819e-06,5.196084933422728,9.15439598480034,1.5209412060782251e-10,True,True,6135295724.187485,4.2169650342858225e-07,4.7420784267704606e-18,True,True,300.0,305.50518804729313,23189507640.95735,6135295724.187486
1.2110183714884523e-06,5.196084933422728,9.15439598480034,1.5209412060782251e-10,True,True,5468088069.910045,4.466835921509635e-07,5.3206995065836875e-18,True,True,300.0,305.50518804729313,23189507640.95735,5468088069.910046
1.3587849613087566e-06,5.196084933422728,9.15439598480034,1.5209412060782251e-10,True,True,4873438622.105261,4.7315125896148127e-07,5.969923036182259e-18,True,True,300.0,305.50518804729313,23189507640.95735,4873438622.105262
1.5245818020164003e-06,5.196084933422728,9.15439598480034,1.5209412060782251e-10,True,True,4343456743.888552,5.011872336272725e-07,6.698363817358886e-18,True,True,300.0,305.50518804729313,23189507640.95735,4343456743.888553
1.710608916955339e-06,5.196084933422728,9.15439598480034,1.5209412060782251e-10,True,True,3871109897.7340255,5.308844442309879e-07,7.515687816705196e-18,True,True,300.0,305.50518804729313,23189507640.95735,3871109897.7340274
1.9193347729173883e-06,5.196084933422728,9.15439598480034,1.5209412060782251e-10,True,True,3450130327.9742727,5.62341325190349e-07,8.432740427115677e-18,True,True,300.0,305.50518804729313,23189507640.95735,3450130327.9742746
2.1535290351967816e-06,5.196084933422728,9.15439598480034,1.5209412060782251e-10,True,True,3074931891.4907527,5.956621435290109e-07,9.461690379562025e-18,True,True,300.0,305.50518804729313,23189507640.95735,3074931891.490755
2.416299319365895e-06,5.196084933422728,9.15439598480034,1.5209412060782251e-10,True,True,2740535932.9885015,6.309573444801942e-07,1.0616191214759958e-17,True,True,300.0,305.50518804729313,23189507640.95735,2740535932.988504
2.711132427445802e-06,5.196084933422728,9.15439598480034,1.5209412060782251e-10,True,True,2442505221.265247,6.683439175686149e-07,1.1911562457359026e-17,True,True,300.0,305.50518804729313,23189507640.95735,2442505221.2652497
3.0419406156506616e-06,5.196084933422728,9.15439598480034,1.5209412060782251e-10,True,True,2176885069.8492284,7.079457843841374e-07,1.3364992896727239e-17,True,True,300.0,305.50518804729313,23189507640.95735,2176885069.8492317
3.4131135076507237e-06,5.196084933422728,9.15439598480034,1.5209412060782251e-10,True,True,1940150860.712466,7.498942093324558e-07,1.4995768671742642e-17,True,True,300.0,305.50518804729313,23189507640.95735,1940150860.7124696
3.829576342211424e-06,5.196084933422728,9.15439598480034,1.5209412060782251e-10,True,True,1729161274.730976,7.943282347242822e-07,1.6825529186138516e-17,True,True,300.0,305.50518804729313,23189507640.95735,1729161274.7309802
4.296855328119437e-06,5.196084933422728,9.15439598480034,1.5209412060782251e-10,True,True,1541116608.2885232,8.413951416451965e-07,1.887855425024374e-17,True,True,300.0,305.50518804729313,23189507640.95735,1541116608.2885275
4.821150973615714e-06,5.196084933422728,9.15439598480034,1.5209412060782251e-10,True,True,1373521622.910646,8.912509381337459e-07,2.118208625931419e-17,True,True,300.0,305.50518804729313,23189507640.95735,1373521622.9106507
5.409420363372696e-06,5.196084933422728,9.15439598480034,1.5209412060782251e-10,True,True,1224152434.966101,9.440608762859226e-07,2.3766691683566508e-17,True,True,300.0,305.50518804729313,23189507640.95735,1224152434.9661062
6.069469474781008e-06,5.196084933422728,9.15439598480034,1.5209412060782251e-10,True,True,1091027006.0822442,1e-06,2.6666666666666667e-17,True,True,300.0,305.50518804729313,23189507640.95735,1091027006.0822504
6.810056758526748e-06,5.196084933422728,9.15439598480034,1.5209412060782251e-10,True,True,972378842.7000504,1.0592537251772898e-06,2.9920492114719075e-17,True,True,300.0,305.50518804729313,23189507640.95735,972378842.7000571
7.641009357910804e-06,5.196084933422728,9.15439598480034,1.5209412060782251e-10,True,True,866633555.7778277,1.122018454301963e-06,3.35713443145111e-17,True,True,300.0,305.50518804729313,23189507640.95735,866633555.7778354
8.57335350906993e-06,5.196084933422728,9.15439598480034,1.5209412060782251e-10,True,True,772387969.6051716,1.1885022274370189e-06,3.766766785660681e-17,True,True,300.0,305.50518804729313,23189507640.95735,772387969.6051801
9.619460852430972e-06,5.196084933422728,9.15439598480034,1.5209412060782251e-10,True,True,688391502.513827,1.2589254117941687e-06,4.226381846562979e-17,True,True,300.0,305.50518804729313,23189507640.95735,688391502.5138365
1.0793212596862821e-05,5.196084933422728,9.15439598480034,1.5209412060782251e-10,True,True,613529572.4187481,1.333521432163324e-06,4.742078426770461e-17,True,True,300.0,305.50518804729313,23189507640.95735,613529572.418759
1.2110183714884523e-05,5.196084933422728,9.15439598480034,1.5209412060782251e-10,True,True,546808806.9910045,1.4125375446227554e-06,5.3206995065836875e-17,True,True,300.0,305.50518804729313,23189507640.95735,546808806.9910165
1.358784961308751e-05,5.196084933422728,9.15439598480034,1.5209412060782251e-10,True,True,487343862.2105279,1.4962356560944329e-06,5.969923036182235e-17,True,True,300.0,305.50518804729313,23189507640.95735,487343862.2105415
1.5245818020164e-05,5.196084933422728,9.15439598480034,1.5209412060782251e-10,True,True,434345674.3888553,1.584893192461114e-06,6.698363817358884e-17,True,True,300.0,305.50518804729313,23189507640.95735,434345674.38887054
1.7106089169553467e-05,5.196084933422728,9.15439598480034,1.5209412060782251e-10,True,True,387110989.7734009,1.6788040181225624e-06,7.51568781670523e-17,True,True,300.0,305.50518804729313,23189507640.95735,387110989.773418
1.9193347729173886e-05,5.196084933422728,9.15439598480034,1.5209412060782251e-10,True,True,345013032.79742724,1.778279410038923e-06,8.432740427115678e-17,True,True,300.0,305.50518804729313,23189507640.95735,345013032.7974464
2.153529035196782e-05,5.196084933422728,9.15439598480034,1.5209412060782251e-10,True,True,307493189.1490752,1.883649089489802e-06,9.461690379562027e-17,True,True,300.0,305.50518804729313,23189507640.95735,307493189.1490968
2.416299319365886e-05,5.196084933422728,9.15439598480034,1.5209412060782251e-10,True,True,274053593.29885125,1.9952623149688787e-06,1.0616191214759917e-16,True,True,300.0,305.50518804729313,23189507640.95735,274053593.29887545
2.711132427445803e-05,5.196084933422728,9.15439598480034,1.5209412060782251e-10,True,True,244250522.12652463,2.113489039836648e-06,1.1911562457359028e-16,True,True,300.0,305.50518804729313,23189507640.95735,244250522.12655172
3.0419406156506737e-05,5.196084933422728,9.15439598480034,1.5209412060782251e-10,True,True,217688506.984922,2.2387211385683422e-06,1.3364992896727293e-16,True,True,300.0,305.50518804729313,23189507640.95735,217688506.9849524
3.413113507650724e-05,5.196084933422728,9.15439598480034,1.5209412060782251e-10,True,True,194015086.0712466,2.3713737056616552e-06,1.499576867174264e-16,True,True,300.0,305.50518804729313,23189507640.95735,194015086.07128075
3.829576342211425e-05,5.196084933422728,9.15439598480034,1.5209412060782251e-10,True,True,172916127.47309762,2.5118864315095823e-06,1.6825529186138515e-16,True,True,300.0,305.50518804729313,23189507640.95735,172916127.47313592
4.296855328119418e-05,5.196084933422728,9.15439598480034,1.5209412060782251e-10,True,True,154111660.82885295,2.6607250597988086e-06,1.8878554250243661e-16,True,True,300.0,305.50518804729313,23189507640.95735,154111660.82889593
4.8211509736157136e-05,5.196084933422728,9.15439598480034,1.5209412060782251e-10,True,True,137352162.29106456,2.818382931264455e-06,2.1182086259314192e-16,True,True,300.0,305.50518804729313,23189507640.95735,137352162.29111278
5.409420363372717e-05,5.196084933422728,9.15439598480034,1.5209412060782251e-10,True,True,122415243.49660957,2.985382618917963e-06,2.37666916835666e-16,True,True,300.0,305.50518804729313,23189507640.95735,122415243.49666366
6.069469474781007e-05,5.196084933422728,9.15439598480034,1.5209412060782251e-10,True,True,109102700.60822445,3.162277660168379e-06,2.6666666666666663e-16,True,True,300.0,305.50518804729313,23189507640.95735,109102700.60828514
6.810056758526747e-05,5.196084933422728,9.15439598480034,1.5209412060782251e-10,True,True,97237884.27000503,3.3496543915782793e-06,2.9920492114719073e-16,True,True,300.0,305.50518804729313,23189507640.95735,97237884.27007312
7.6410093579108e-05,5.196084933422728,9.15439598480034,1.5209412060782251e-10,True,True,86663355.57778282,3.548133892335753e-06,3.3571344314511093e-16,True,True,300.0,305.50518804729313,23189507640.95735,86663355.57785922
8.573353509069932e-05,5.196084933422728,9.15439598480034,1.5209412060782251e-10,True,True,77238796.96051714,3.7583740428844434e-06,3.7667667856606815e-16,True,True,300.0,305.50518804729313,23189507640.95735,77238796.96060288
9.619460852430973e-05,5.196084933422728,9.15439598480034,1.5209412060782251e-10,True,True,68839150.25138268,3.981071705534978e-06,4.2263818465629797e-16,True,True,300.0,305.50518804729313,23189507640.95735,68839150.25147888
0.00010793212596862818,5.196084933422728,9.15439598480034,1.5209412060782251e-10,True,True,61352957.24187486,4.216965034285822e-06,4.74207842677046e-16,True,True,300.0,305.50518804729313,23189507640.95735,61352957.241982795
0.00012110183714884522,5.196084933422728,9.15439598480034,1.5209412060782251e-10,True,True,54680880.69910045,4.466835921509635e-06,5.320699506583687e-16,True,True,300.0,305.50518804729313,23189507640.95735,54680880.69922155
0.00013587849613087507,5.196084933422728,9.15439598480034,1.5209412060782251e-10,True,True,48734386.221052796,4.731512589614803e-06,5.969923036182234e-16,True,True,300.0,305.50518804729313,23189507640.95735,48734386.22118868
0.00015245818020164005,5.196084933422728,9.15439598480034,1.5209412060782251e-10,True,True,43434567.438885525,5.011872336272725e-06,6.698363817358886e-16,True,True,300.0,305.50518804729313,23189507640.95735,43434567.43903798
0.00017106089169553466,5.196084933422728,9.15439598480034,1.5209412060782251e-10,True,True,38711098.977340095,5.30884444230989e-06,7.515687816705229e-16,True,True,300.0,305.50518804729313,23189507640.95735,38711098.97751116
0.0001919334772917389,5.196084933422728,9.15439598480034,1.5209412060782251e-10,True,True,34501303.279742725,5.623413251903491e-06,8.43274042711568e-16,True,True,300.0,305.50518804729313,23189507640.95735,34501303.27993465
0.0002153529035196782,5.196084933422728,9.15439598480034,1.5209412060782251e-10,True,True,30749318.914907526,5.956621435290109e-06,9.461690379562027e-16,True,True,300.0,305.50518804729313,23189507640.95735,30749318.915122878
0.00024162993193658965,5.196084933422728,9.15439598480034,1.5209412060782251e-10,True,True,27405359.329885013,6.309573444801943e-06,1.0616191214759963e-15,True,True,300.0,305.50518804729313,23189507640.95735,27405359.330126643
0.0002711132427445802,5.196084933422728,9.15439598480034,1.5209412060782251e-10,True,True,24425052.21265247,6.683439175686149e-06,1.1911562457359026e-15,True,True,300.0,305.50518804729313,23189507640.95735,24425052.212923583
0.0003041940615650674,5.196084933422728,9.15439598480034,1.5209412060782251e-10,True,True,21768850.698492195,7.079457843841388e-06,1.3364992896727293e-15,True,True,300.0,305.50518804729313,23189507640.95735,21768850.69879639
0.0003413113507650724,5.196084933422728,9.15439598480034,1.5209412060782251e-10,True,True,19401508.60712466,7.498942093324558e-06,1.4995768671742641e-15,True,True,300.0,305.50518804729313,23189507640.95735,19401508.607465975
0.0003829576342211424,5.196084933422728,9.15439598480034,1.5209412060782251e-10,True,True,17291612.747309763,7.943282347242822e-06,1.6825529186138514e-15,True,True,300.0,305.50518804729313,23189507640.95735,17291612.747692723
0.00042968553281194367,5.196084933422728,9.15439598480034,1.5209412060782251e-10,True,True,15411166.082885232,8.413951416451965e-06,1.887855425024374e-15,True,True,300.0,305.50518804729313,23189507640.95735,15411166.083314918
0.0004821150973615714,5.196084933422728,9.15439598480034,1.5209412060782251e-10,True,True,13735216.229106456,8.91250938133746e-06,2.118208625931419e-15,True,True,300.0,305.50518804729313,23189507640.95735,13735216.22958857
0.0005409420363372718,5.196084933422728,9.15439598480034,1.5209412060782251e-10,True,True,12241524.349660957,9.440608762859246e-06,2.3766691683566605e-15,True,True,300.0,305.50518804729313,23189507640.95735,12241524.3502019
0.0006069469474781009,5.196084933422728,9.15439598480034,1.5209412060782251e-10,True,True,10910270.060822442,1e-05,2.6666666666666673e-15,True,True,300.0,305.50518804729313,23189507640.95735,10910270.061429387
0.0006810056758526747,5.196084933422728,9.15439598480034,1.5209412060782251e-10,True,True,9723788.427000506,1.0592537251772897e-05,2.9920492114719067e-15,True,True,300.0,305.50518804729313,23189507640.95735,9723788.427681511
0.0007641009357910834,5.196084933422728,9.15439598480034,1.5209412060782251e-10,True,True,8666335.557778245,1.1220184543019652e-05,3.3571344314511236e-15,True,True,300.0,305.50518804729313,23189507640.95735,8666335.558542347
0.000857335350906993,5.196084933422728,9.15439598480034,1.5209412060782251e-10,True,True,7723879.696051715,1.188502227437019e-05,3.766766785660681e-15,True,True,300.0,305.50518804729313,23189507640.95735,7723879.6969090495
0.0009619460852430974,5.196084933422728,9.15439598480034,1.5209412060782251e-10,True,True,6883915.025138268,1.2589254117941688e-05,4.22638184656298e-15,True,True,300.0,305.50518804729313,23189507640.95735,6883915.026100215
0.001079321259686282,5.196084933422728,9.15439598480034,1.5209412060782251e-10,True,True,6135295.724187484,1.333521432163324e-05,4.7420784267704605e-15,True,True,300.0,305.50518804729313,23189507640.95735,6135295.725266806
0.0012110183714884525,5.196084933422728,9.15439598480034,1.5209412060782251e-10,True,True,5468088.069910044,1.4125375446227555e-05,5.320699506583689e-15,True,True,300.0,305.50518804729313,23189507640.95735,5468088.071121063
0.0013587849613087562,5.196084933422728,9.15439598480034,1.5209412060782251e-10,True,True,4873438.622105259,1.4962356560944358e-05,5.9699230361822564e-15,True,True,300.0,305.50518804729313,23189507640.95735,4873438.623464044
0.0015245818020164002,5.196084933422728,9.15439598480034,1.5209412060782251e-10,True,True,4343456.743888551,1.584893192461114e-05,6.698363817358885e-15,True,True,300.0,305.50518804729313,23189507640.95735,4343456.745413133
0.001710608916955347,5.196084933422728,9.15439598480034,1.5209412060782251e-10,True,True,3871109.897734009,1.6788040181225625e-05,7.51568781670523e-15,True,True,300.0,305.50518804729313,23189507640.95735,3871109.8994446183
0.001919334772917389,5.196084933422728,9.15439598480034,1.5209412060782251e-10,True,True,3450130.327974272,1.778279410038923e-05,8.432740427115679e-15,True,True,300.0,305.50518804729313,23189507640.95735,3450130.3298936067
0.002153529035196782,5.196084933422728,9.15439598480034,1.5209412060782251e-10,True,True,3074931.8914907514,1.883649089489802e-05,9.461690379562028e-15,True,True,300.0,305.50518804729313,23189507640.95735,3074931.8936442803
0.0024162993193658964,5.196084933422728,9.15439598480034,1.5209412060782251e-10,True,True,2740535.9329885,1.995262314968883e-05,1.0616191214759962e-14,True,True,300.0,305.50518804729313,23189507640.95735,2740535.9354048
0.0027111324274458025,5.196084933422728,9.15439598480034,1.5209412060782251e-10,True,True,2442505.2212652476,2.1134890398366476e-05,1.1911562457359026e-14,True,True,300.0,305.50518804729313,23189507640.95735,2442505.22397638
0.0030419406156506745,5.196084933422728,9.15439598480034,1.5209412060782251e-10,True,True,2176885.06984922,2.2387211385683423e-05,1.3364992896727295e-14,True,True,300.0,305.50518804729313,23189507640.95735,2176885.0728911604
0.0034131135076507246,5.196084933422728,9.15439598480034,1.5209412060782251e-10,True,True,1940150.860712466,2.3713737056616554e-05,1.4995768671742643e-14,True,True,300.0,305.50518804729313,23189507640.95735,1940150.8641255794
0.0038295763422114245,5.196084933422728,9.15439598480034,1.5209412060782251e-10,True,True,1729161.2747309762,2.5118864315095822e-05,1.6825529186138514e-14,True,True,300.0,305.50518804729313,23189507640.95735,1729161.2785605525
0.004296855328119436,5.196084933422728,9.15439598480034,1.5209412060782251e-10,True,True,1541116.6082885237,2.660725059798814e-05,1.8878554250243737e-14,True,True,300.0,305.50518804729313,23189507640.95735,1541116.612585379
0.004821150973615714,5.196084933422728,9.15439598480034,1.5209412060782251e-10,True,True,1373521.6229106458,2.818382931264455e-05,2.118208625931419e-14,True,True,300.0,305.50518804729313,23189507640.95735,1373521.6277317968
0.005409420363372719,5.196084933422728,9.15439598480034,1.5209412060782251e-10,True,True,1224152.4349660957,2.985382618917963e-05,2.3766691683566606e-14,True,True,300.0,305.50518804729313,23189507640.95735,1224152.440375516
0.006069469474781008,5.196084933422728,9.15439598480034,1.5209412060782251e-10,True,True,1091027.0060822445,3.1622776601683795e-05,2.6666666666666666e-14,True,True,300.0,305.50518804729313,23189507640.95735,1091027.012151714
0.006810056758526749,5.196084933422728,9.15439598480034,1.5209412060782251e-10,True,True,972378.8427000504,3.3496543915782794e-05,2.992049211471908e-14,True,True,300.0,305.50518804729313,23189507640.95735,972378.8495101072
0.007641009357910833,5.196084933422728,9.15439598480034,1.5209412060782251e-10,True,True,866633.5557778246,3.54813389233576e-05,3.357134431451123e-14,True,True,300.0,305.50518804729313,23189507640.95735,866633.5634188339
0.00857335350906993,5.196084933422728,9.15439598480034,1.5209412060782251e-10,True,True,772387.9696051716,3.758374042884443e-05,3.766766785660681e-14,True,True,300.0,305.50518804729313,23189507640.95735,772387.9781785251
0.009619460852430975,5.196084933422728,9.15439598480034,1.5209412060782251e-10,True,True,688391.5025138269,3.9810717055349776e-05,4.22638184656298e-14,True,True,300.0,305.50518804729313,23189507640.95735,688391.5121332878
0.010793212596862821,5.196084933422728,9.15439598480034,1.5209412060782251e-10,True,True,613529.5724187484,4.216965034285822e-05,4.7420784267704605e-14,True,True,300.0,305.50518804729313,23189507640.95735,613529.5832119611
0.012110183714884523,5.196084933422728,9.15439598480034,1.5209412060782251e-10,True,True,546808.8069910044,4.466835921509635e-05,5.320699506583688e-14,True,True,300.0,305.50518804729313,23189507640.95735,546808.8191011881
0.013587849613087564,5.196084933422728,9.15439598480034,1.5209412060782251e-10,True,True,487343.86221052613,4.7315125896148124e-05,5.969923036182258e-14,True,True,300.0,305.50518804729313,23189507640.95735,487343.8757983757
0.015245818020164005,5.196084933422728,9.15439598480034,1.5209412060782251e-10,True,True,434345.67438885523,5.011872336272725e-05,6.698363817358886e-14,True,True,300.0,305.50518804729313,23189507640.95735,434345.68963467324
0.017106089169553463,5.196084933422728,9.15439598480034,1.5209412060782251e-10,True,True,387110.98977340094,5.30884444230989e-05,7.515687816705229e-14,True,True,300.0,305.50518804729313,23189507640.95735,387111.00687949016
0.019193347729173887,5.196084933422728,9.15439598480034,1.5209412060782251e-10,True,True,345013.0327974272,5.623413251903491e-05,8.432740427115679e-14,True,True,300.0,305.50518804729313,23189507640.95735,345013.051990775
0.021535290351967818,5.196084933422728,9.15439598480034,1.5209412060782251e-10,True,True,307493.1891490752,5.9566214352901096e-05,9.461690379562027e-14,True,True,300.0,305.50518804729313,23189507640.95735,307493.21068436553
0.02416299319365896,5.196084933422728,9.15439598480034,1.5209412060782251e-10,True,True,274053.5932988501,6.309573444801943e-05,1.0616191214759961e-13,True,True,300.0,305.50518804729313,23189507640.95735,274053.6174618433
0.02711132427445803,5.196084933422728,9.15439598480034,1.5209412060782251e-10,True,True,244250.52212652468,6.683439175686149e-05,1.191156245735903e-13,True,True,300.0,305.50518804729313,23189507640.95735,244250.54923784893
0.030419406156506745,5.196084933422728,9.15439598480034,1.5209412060782251e-10,True,True,217688.50698492193,7.079457843841388e-05,1.3364992896727295e-13,True,True,300.0,305.50518804729313,23189507640.95735,217688.5374043281
0.03413113507650724,5.196084933422728,9.15439598480034,1.5209412060782251e-10,True,True,194015.08607124654,7.498942093324559e-05,1.4995768671742643e-13,True,True,300.0,305.50518804729313,23189507640.95735,194015.1202023816
0.03829576342211426,5.196084933422728,9.15439598480034,1.5209412060782251e-10,True,True,172916.12747309761,7.943282347242822e-05,1.682552918613852e-13,True,True,300.0,305.50518804729313,23189507640.95735,172916.165768861
0.042968553281194366,5.196084933422728,9.15439598480034,1.5209412060782251e-10,True,True,154111.66082885233,8.413951416451965e-05,1.887855425024374e-13,True,True,300.0,305.50518804729313,23189507640.95735,154111.70379740561
0.048211509736157135,5.196084933422728,9.15439598480034,1.5209412060782251e-10,True,True,137352.1622910646,8.912509381337459e-05,2.118208625931419e-13,True,True,300.0,305.50518804729313,23189507640.95735,137352.21050257434
0.05409420363372719,5.196084933422728,9.15439598480034,1.5209412060782251e-10,True,True,122415.24349660959,9.440608762859246e-05,2.376669168356661e-13,True,True,300.0,305.50518804729313,23189507640.95735,122415.29759081322
0.06069469474781009,5.196084933422728,9.15439598480034,1.5209412060782251e-10,True,True,109102.70060822442,0.0001,2.6666666666666673e-13,True,True,300.0,305.50518804729313,23189507640.95735,109102.76130291917
0.06810056758526746,5.196084933422728,9.15439598480034,1.5209412060782251e-10,True,True,97237.88427000504,0.00010592537251772897,2.992049211471907e-13,True,True,300.0,305.50518804729313,23189507640.95735,97237.95237057265
0.07641009357910834,5.196084933422728,9.15439598480034,1.5209412060782251e-10,True,True,86663.35557778242,0.00011220184543019653,3.357134431451124e-13,True,True,300.0,305.50518804729313,23189507640.95735,86663.431987876
0.0857335350906993,5.196084933422728,9.15439598480034,1.5209412060782251e-10,True,True,77238.79696051714,0.00011885022274370189,3.766766785660681e-13,True,True,300.0,305.50518804729313,23189507640.95735,77238.88269405223
0.09619460852430972,5.196084933422728,9.15439598480034,1.5209412060782251e-10,True,True,68839.15025138269,0.00012589254117941688,4.226381846562979e-13,True,True,300.0,305.50518804729313,23189507640.95735,68839.2464459912
0.1079321259686282,5.196084933422728,9.15439598480034,1.5209412060782251e-10,True,True,61352.957241874836,0.0001333521432163324,4.74207842677046e-13,True,True,300.0,305.50518804729313,23189507640.95735,61353.0651740008
0.12110183714884523,5.196084933422728,9.15439598480034,1.5209412060782251e-10,True,True,54680.88069910043,0.00014125375446227554,5.320699506583688e-13,True,True,300.0,305.50518804729313,23189507640.95735,54681.001800937585
0.13587849613087563,5.196084933422728,9.15439598480034,1.5209412060782251e-10,True,True,48734.38622105261,0.00014962356560944357,5.969923036182257e-13,True,True,300.0,305.50518804729313,23189507640.95735,48734.52209954875
0.15245818020164006,5.196084933422728,9.15439598480034,1.5209412060782251e-10,True,True,43434.567438885526,0.00015848931924611142,6.698363817358887e-13,True,True,300.0,305.50518804729313,23189507640.95735,43434.71989706573
0.17106089169553465,5.196084933422728,9.15439598480034,1.5209412060782251e-10,True,True,38711.0989773401,0.00016788040181225624,7.515687816705229e-13,True,True,300.0,305.50518804729313,23189507640.95735,38711.27003823179
0.19193347729173887,5.196084933422728,9.15439598480034,1.5209412060782251e-10,True,True,34501.30327974272,0.00017782794100389227,8.432740427115678e-13,True,True,300.0,305.50518804729313,23189507640.95735,34501.49521322001
0.21535290351967826,5.196084933422728,9.15439598480034,1.5209412060782251e-10,True,True,30749.31891490752,0.0001883649089489802,9.461690379562029e-13,True,True,300.0,305.50518804729313,23189507640.95735,30749.53426781104
0.24162993193658955,5.196084933422728,9.15439598480034,1.5209412060782251e-10,True,True,27405.359329885014,0.00019952623149688828,1.0616191214759959e-12,True,True,300.0,305.50518804729313,23189507640.95735,27405.600959816948
0.2711132427445802,5.196084933422728,9.15439598480034,1.5209412060782251e-10,True,True,24425.052212652477,0.00021134890398366476,1.1911562457359025e-12,True,True,300.0,305.50518804729313,23189507640.95735,24425.32332589522
0.30419406156506745,5.196084933422728,9.15439598480034,1.5209412060782251e-10,True,True,21768.850698492195,0.00022387211385683424,1.3364992896727294e-12,True,True,300.0,305.50518804729313,23189507640.95735,21769.15489255376
0.34131135076507246,5.196084933422728,9.15439598480034,1.5209412060782251e-10,True,True,19401.50860712465,0.00023713737056616554,1.4995768671742645e-12,True,True,300.0,305.50518804729313,23189507640.95735,19401.849918475415
0.3829576342211425,5.196084933422728,9.15439598480034,1.5209412060782251e-10,True,True,17291.612747309766,0.0002511886431509582,1.6825529186138514e-12,True,True,300.0,305.50518804729313,23189507640.95735,17291.99570494399
0.4296855328119436,5.196084933422728,9.15439598480034,1.5209412060782251e-10,True,True,15411.166082885236,0.0002660725059798814,1.8878554250243737e-12,True,True,300.0,305.50518804729313,23189507640.95735,15411.595768418048
0.48211509736157143,5.196084933422728,9.15439598480034,1.5209412060782251e-10,True,True,13735.216229106458,0.0002818382931264455,2.1182086259314192e-12,True,True,300.0,305.50518804729313,23189507640.95735,13735.69834420382
0.5409420363372719,5.196084933422728,9.15439598480034,1.5209412060782251e-10,True,True,12241.524349660958,0.00029853826189179633,2.3766691683566606e-12,True,True,300.0,305.50518804729313,23189507640.95735,12242.065291697294
0.6069469474781007,5.196084933422728,9.15439598480034,1.5209412060782251e-10,True,True,10910.270060822442,0.00031622776601683794,2.6666666666666663e-12,True,True,300.0,305.50518804729313,23189507640.95735,10910.877007769921
0.6810056758526748,5.196084933422728,9.15439598480034,1.5209412060782251e-10,True,True,9723.788427000505,0.00033496543915782794,2.9920492114719073e-12,True,True,300.0,305.50518804729313,23189507640.95735,9724.469432676357
0.7641009357910833,5.196084933422728,9.15439598480034,1.5209412060782251e-10,True,True,8666.335557778244,0.000354813389233576,3.3571344314511234e-12,True,True,300.0,305.50518804729313,23189507640.95735,8667.099658714036
0.857335350906993,5.196084933422728,9.15439598480034,1.5209412060782251e-10,True,True,7723.879696051715,0.0003758374042884443,3.766766785660681e-12,True,True,300.0,305.50518804729313,23189507640.95735,7724.737031402621
0.9619460852430973,5.196084933422728,9.15439598480034,1.5209412060782251e-10,True,True,6883.91502513827,0.00039810717055349773,4.22638184656298e-12,True,True,300.0,305.50518804729313,23189507640.95735,6884.876971223513
1.0793212596862822,5.196084933422728,9.15439598480034,1.5209412060782251e-10,True,True,6135.295724187484,0.00042169650342858224,4.74207842677046e-12,True,True,300.0,305.50518804729313,23189507640.95735,6136.375045447171
1.2110183714884524,5.196084933422728,9.15439598480034,1.5209412060782251e-10,True,True,5468.088069910044,0.0004466835921509635,5.320699506583688e-12,True,True,300.0,305.50518804729313,23189507640.95735,5469.299088281533
1.3587849613087568,5.196084933422728,9.15439598480034,1.5209412060782251e-10,True,True,4873.438622105261,0.00047315125896148127,5.9699230361822595e-12,True,True,300.0,305.50518804729313,23189507640.95735,4874.79740706657
1.5245818020164006,5.196084933422728,9.15439598480034,1.5209412060782251e-10,True,True,4343.4567438885515,0.0005011872336272725,6.698363817358886e-12,True,True,300.0,305.50518804729313,23189507640.95735,4344.981325690569
1.7106089169553467,5.196084933422728,9.15439598480034,1.5209412060782251e-10,True,True,3871.1098977340084,0.000530884444230989,7.51568781670523e-12,True,True,300.0,305.50518804729313,23189507640.95735,3872.820506650964
1.919334772917389,5.196084933422728,9.15439598480034,1.5209412060782251e-10,True,True,3450.130327974272,0.0005623413251903491,8.432740427115679e-12,True,True,300.0,305.50518804729313,23189507640.95735,3452.0496627471894
2.1535290351967826,5.196084933422728,9.15439598480034,1.5209412060782251e-10,True,True,3074.9318914907512,0.000595662143529011,9.46169037956203e-12,True,True,300.0,305.50518804729313,23189507640.95735,3077.085420525948
2.416299319365896,5.196084933422728,9.15439598480034,1.5209412060782251e-10,True,True,2740.5359329885014,0.0006309573444801943,1.061619121475996e-11,True,True,300.0,305.50518804729313,23189507640.95735,2742.9522323078672
2.7111324274458024,5.196084933422728,9.15439598480034,1.5209412060782251e-10,True,True,2442.505221265247,0.0006683439175686149,1.1911562457359026e-11,True,True,300.0,305.50518804729313,23189507640.95735,2445.2163536926932
3.0419406156506734,5.196084933422728,9.15439598480034,1.5209412060782251e-10,True,True,2176.8850698492197,0.0007079457843841388,1.3364992896727292e-11,True,True,300.0,305.50518804729313,23189507640.95735,2179.92701046487
3.4131135076507246,5.196084933422728,9.15439598480034,1.5209412060782251e-10,True,True,1940.1508607124656,0.0007498942093324559,1.4995768671742644e-11,True,True,300.0,305.50518804729313,23189507640.95735,1943.5639742201163
3.8295763422114244,5.196084933422728,9.15439598480034,1.5209412060782251e-10,True,True,1729.1612747309764,0.0007943282347242822,1.6825529186138514e-11,True,True,300.0,305.50518804729313,23189507640.95735,1732.990851073188
4.296855328119436,5.196084933422728,9.15439598480034,1.5209412060782251e-10,True,True,1541.1166082885231,0.0008413951416451964,1.8878554250243738e-11,True,True,300.0,305.50518804729313,23189507640.95735,1545.4134636166425
4.8211509736157145,5.196084933422728,9.15439598480034,1.5209412060782251e-10,True,True,1373.5216229106459,0.0008912509381337459,2.1182086259314195e-11,True,True,300.0,305.50518804729313,23189507640.95735,1378.3427738842613
5.409420363372718,5.196084933422728,9.15439598480034,1.5209412060782251e-10,True,True,1224.1524349660958,0.0009440608762859245,2.3766691683566602e-11,True,True,300.0,305.50518804729313,23189507640.95735,1229.5618553294685
6.069469474781008,5.196084933422728,9.15439598480034,1.5209412060782251e-10,True,True,1091.0270060822447,0.001,2.6666666666666665e-11,True,True,300.0,305.50518804729313,23189507640.95735,1097.0964755570258
6.810056758526747,5.196084933422728,9.15439598480034,1.5209412060782251e-10,True,True,972.3788427000502,0.0010592537251772898,2.992049211471907e-11,True,True,300.0,305.50518804729313,23189507640.95735,979.1888994585769
7.641009357910831,5.196084933422728,9.15439598480034,1.5209412060782251e-10,True,True,866.6335557778244,0.0011220184543019652,3.357134431451123e-11,True,True,300.0,305.50518804729313,23189507640.95735,874.2745651357353
8.57335350906993,5.196084933422728,9.15439598480034,1.5209412060782251e-10,True,True,772.3879696051715,0.001188502227437019,3.7667667856606815e-11,True,True,300.0,305.50518804729313,23189507640.95735,780.9613231142415
9.619460852430974,5.196084933422728,9.15439598480034,1.5209412060782251e-10,True,True,688.3915025138268,0.0012589254117941688,4.22638184656298e-11,True,True,300.0,305.50518804729313,23189507640.95735,698.0109633662579
10.793212596862821,5.196084933422728,9.15439598480034,1.5209412060782251e-10,True,True,613.5295724187484,0.001333521432163324,4.742078426770461e-11,True,True,300.0,305.50518804729313,23189507640.95735,624.3227850156112
12.110183714884524,5.196084933422728,9.15439598480034,1.5209412060782251e-10,True,True,546.8088069910044,0.0014125375446227555,5.3206995065836875e-11,True,True,300.0,305.50518804729313,23189507640.95735,558.9189907058889
13.587849613087561,5.196084933422728,9.15439598480034,1.5209412060782251e-10,True,True,487.34386221052614,0.0014962356560944358,5.969923036182257e-11,True,True,300.0,305.50518804729313,23189507640.95735,500.93171182361374
15.245818020164004,5.196084933422728,9.15439598480034,1.5209412060782251e-10,True,True,434.34567438885523,0.001584893192461114,6.698363817358886e-11,True,True,300.0,305.50518804729313,23189507640.95735,449.5914924090192
17.106089169553464,5.196084933422728,9.15439598480034,1.5209412060782251e-10,True,True,387.11098977340095,0.0016788040181225624,7.515687816705229e-11,True,True,300.0,305.50518804729313,23189507640.95735,404.2170789429544
19.193347729173883,5.196084933422728,9.15439598480034,1.5209412060782251e-10,True,True,345.01303279742723,0.0017782794100389228,8.432740427115677e-11,True,True,300.0,305.50518804729313,23189507640.95735,364.20638052660115
21.535290351967824,5.196084933422728,9.15439598480034,1.5209412060782251e-10,True,True,307.49318914907525,0.0018836490894898021,9.461690379562028e-11,True,True,300.0,305.50518804729313,23189507640.95735,329.0284795010431
24.162993193658963,5.196084933422728,9.15439598480034,1.5209412060782251e-10,True,True,274.05359329885016,0.001995262314968883,1.0616191214759962e-10,True,True,300.0,305.50518804729313,23189507640.95735,298.2165864925092
27.111324274458017,5.196084933422728,9.15439598480034,1.5209412060782251e-10,True,True,244.25052212652474,0.0021134890398366475,1.1911562457359023e-10,True,True,300.0,305.50518804729313,23189507640.95735,271.36184640098276
30.41940615650675,5.196084933422728,9.15439598480034,1.5209412060782251e-10,True,True,217.6885069849219,0.0022387211385683425,1.3364992896727296e-10,True,True,300.0,305.50518804729313,23189507640.95735,248.10791314142867
34.13113507650724,5.196084933422728,9.15439598480034,1.5209412060782251e-10,True,True,194.01508607124654,0.0023713737056616554,1.4995768671742642e-10,True,True,300.0,305.50518804729313,23189507640.95735,228.1462211477538
38.29576342211423,5.196084933422728,9.15439598480034,1.5209412060782251e-10,True,True,172.91612747309765,0.002511886431509582,1.682552918613851e-10,True,True,300.0,305.50518804729313,23189507640.95735,211.21189089521187
42.96855328119435,5.196084933422728,9.15439598480034,1.5209412060782251e-10,True,True,154.11166082885234,0.002660725059798814,1.8878554250243736e-10,True,True,300.0,305.50518804729313,23189507640.95735,197.08021411004668
48.211509736157126,5.196084933422728,9.15439598480034,1.5209412060782251e-10,True,True,137.35216229106462,0.002818382931264455,2.1182086259314184e-10,True,True,300.0,305.50518804729313,23189507640.95735,185.56367202722174
54.09420363372718,5.196084933422728,9.15439598480034,1.5209412060782251e-10,True,True,122.41524349660958,0.0029853826189179633,2.3766691683566606e-10,True,True,300.0,305.50518804729313,23189507640.95735,176.50944713033675
60.69469474781008,5.196084933422728,9.15439598480034,1.5209412060782251e-10,True,True,109.10270060822442,0.0031622776601683794,2.666666666666667e-10,True,True,300.0,305.50518804729313,23189507640.95735,169.79739535603449
68.10056758526748,5.196084933422728,9.15439598480034,1.5209412060782251e-10,True,True,97.23788427000504,0.0033496543915782794,2.9920492114719074e-10,True,True,300.0,305.50518804729313,23189507640.95735,165.33845185527252
76.41009357910833,5.196084933422728,9.15439598480034,1.5209412060782251e-10,True,True,86.6633555777824,0.0035481338923357606,3.3571344314511237e-10,True,True,300.0,305.50518804729313,23189507640.95735,163.07344915689075
85.73353509069929,5.196084933422728,9.15439598480034,1.5209412060782251e-10,True,True,77.23879696051716,0.003758374042884443,3.7667667856606807e-10,True,True,300.0,305.50518804729313,23189507640.95735,162.97233205121645
96.19460852430973,5.196084933422728,9.15439598480034,1.5209412060782251e-10,True,True,68.83915025138268,0.003981071705534978,4.2263818465629796e-10,True,True,300.0,305.50518804729313,23189507640.95735,165.0337587756924
107.93212596862823,5.196084933422728,9.15439598480034,1.5209412060782251e-10,True,True,61.35295724187484,0.004216965034285823,4.742078426770461e-10,True,True,300.0,305.50518804729313,23189507640.95735,169.28508321050307
121.10183714884523,5.196084933422728,9.15439598480034,1.5209412060782251e-10,True,True,54.68088069910044,0.004466835921509635,5.320699506583688e-10,True,True,300.0,305.50518804729313,23189507640.95735,175.78271784794566
135.87849613087567,5.196084933422728,9.15439598480034,1.5209412060782251e-10,True,True,48.7343862210526,0.004731512589614813,5.96992303618226e-10,True,True,300.0,305.50518804729313,23189507640.95735,184.6128823519283
152.45818020164,5.196084933422728,9.15439598480034,1.5209412060782251e-10,True,True,43.43456743888553,0.005011872336272725,6.698363817358884e-10,True,True,300.0,305.50518804729313,23189507640.95735,195.89274764052553
171.06089169553462,5.196084933422728,9.15439598480034,1.5209412060782251e-10,True,True,38.7110989773401,0.00530884444230989,7.515687816705229e-10,True,True,300.0,305.50518804729313,23189507640.95735,209.77199067287472
191.9334772917389,5.196084933422728,9.15439598480034,1.5209412060782251e-10,True,True,34.50130327974272,0.005623413251903491,8.43274042711568e-10,True,True,300.0,305.50518804729313,23189507640.95735,226.4347805714816
215.35290351967814,5.196084933422728,9.15439598480034,1.5209412060782251e-10,True,True,30.749318914907526,0.005956621435290109,9.461690379562025e-10,True,True,300.0,305.50518804729313,23189507640.95735,246.10222243458566
241.62993193658954,5.196084933422728,9.15439598480034,1.5209412060782251e-10,True,True,27.405359329885012,0.006309573444801942,1.061619121475996e-09,True,True,300.0,305.50518804729313,23189507640.95735,269.0352912664746
271.11324274458025,5.196084933422728,9.15439598480034,1.5209412060782251e-10,True,True,24.425052212652467,0.006683439175686149,1.1911562457359027e-09,True,True,300.0,305.50518804729313,23189507640.95735,295.5382949572327
304.19406156506744,5.196084933422728,9.15439598480034,1.5209412060782251e-10,True,True,21.768850698492194,0.007079457843841388,1.3364992896727295e-09,True,True,300.0,305.50518804729313,23189507640.95735,325.96291226355964
341.3113507650724,5.196084933422728,9.15439598480034,1.5209412060782251e-10,True,True,19.40150860712466,0.007498942093324558,1.4995768671742642e-09,True,True,300.0,305.50518804729313,23189507640.95735,360.71285937219704
382.95763422114237,5.196084933422728,9.15439598480034,1.5209412060782251e-10,True,True,17.291612747309767,0.00794328234724282,1.682552918613851e-09,True,True,300.0,305.50518804729313,23189507640.95735,400.2492469684521
429.6855328119435,5.196084933422728,9.15439598480034,1.5209412060782251e-10,True,True,15.411166082885236,0.008413951416451964,1.8878554250243736e-09,True,True,300.0,305.50518804729313,23189507640.95735,445.09669889482876
482.1150973615714,5.196084933422728,9.15439598480034,1.5209412060782251e-10,True,True,13.735216229106458,0.008912509381337459,2.118208625931419e-09,True,True,300.0,305.50518804729313,23189507640.95735,495.85031359067784
540.9420363372718,5.196084933422728,9.15439598480034,1.5209412060782251e-10,True,True,12.241524349660956,0.009440608762859246,2.3766691683566606e-09,True,True,300.0,305.50518804729313,23189507640.95735,553.1835606869328
606.9469474781008,5.196084933422728,9.15439598480034,1.5209412060782251e-10,True,True,10.910270060822443,0.01,2.6666666666666666e-09,True,True,300.0,305.50518804729313,23189507640.95735,617.8572175389232
681.0056758526747,5.196084933422728,9.15439598480034,1.5209412060782251e-10,True,True,9.723788427000507,0.010592537251772897,2.992049211471907e-09,True,True,300.0,305.50518804729313,23189507640.95735,690.7294642796752
764.1009357910833,5.196084933422728,9.15439598480034,1.5209412060782251e-10,True,True,8.666335557778243,0.011220184543019653,3.357134431451124e-09,True,True,300.0,305.50518804729313,23189507640.95735,772.7672713488616
857.3353509069965,5.196084933422728,9.15439598480034,1.5209412060782251e-10,True,True,7.723879696051685,0.011885022274370214,3.766766785660697e-09,True,True,300.0,305.50518804729313,23189507640.95735,865.0592306030483
961.9460852430932,5.196084933422728,9.15439598480034,1.5209412060782251e-10,True,True,6.883915025138299,0.012589254117941661,4.226381846562961e-09,True,True,300.0,305.50518804729313,23189507640.95735,968.8300002682315
1079.3212596862822,5.196084933422728,9.15439598480034,1.5209412060782251e-10,True,True,6.135295724187484,0.01333521432163324,4.742078426770461e-09,True,True,300.0,305.50518804729313,23189507640.95735,1085.4565554104697
1211.0183714884522,5.196084933422728,9.15439598480034,1.5209412060782251e-10,True,True,5.468088069910045,0.014125375446227554,5.320699506583687e-09,True,True,300.0,305.50518804729313,23189507640.95735,1216.4864595583622
1358.7849613087565,5.196084933422728,9.15439598480034,1.5209412060782251e-10,True,True,4.87343862210526,0.014962356560944358,5.969923036182258e-09,True,True,300.0,305.50518804729313,23189507640.95735,1363.6583999308616
1524.5818020164063,5.196084933422728,9.15439598480034,1.5209412060782251e-10,True,True,4.343456743888536,0.015848931924611172,6.698363817358912e-09,True,True,300.0,305.50518804729313,23189507640.95735,1528.925258760295
1710.6089169553395,5.196084933422728,9.15439598480034,1.5209412060782251e-10,True,True,3.8711098977340237,0.01678804018122559,7.515687816705198e-09,True,True,300.0,305.50518804729313,23189507640.95735,1714.4800268530735
1919.334772917389,5.196084933422728,9.15439598480034,1.5209412060782251e-10,True,True,3.4501303279742714,0.01778279410038923,8.432740427115679e-09,True,True,300.0,305.50518804729313,23189507640.95735,1922.7849032453632
2153.529035196782,5.196084933422728,9.15439598480034,1.5209412060782251e-10,True,True,3.0749318914907517,0.01883649089489802,9.461690379562028e-09,True,True,300.0,305.50518804729313,23189507640.95735,2156.603967088273
2416.2993193658963,5.196084933422728,9.15439598480034,1.5209412060782251e-10,True,True,2.740535932988501,0.01995262314968883,1.0616191214759961e-08,True,True,300.0,305.50518804729313,23189507640.95735,2419.0398552988845
2711.1324274458134,5.196084933422728,9.15439598480034,1.5209412060782251e-10,True,True,2.442505221265237,0.02113489039836652,1.1911562457359075e-08,True,True,300.0,305.50518804729313,23189507640.95735,2713.574932667079
3041.9406156506616,5.196084933422728,9.15439598480034,1.5209412060782251e-10,True,True,2.1768850698492286,0.022387211385683378,1.336499289672724e-08,True,True,300.0,305.50518804729313,23189507640.95735,3044.117500720511
3413.113507650724,5.196084933422728,9.15439598480034,1.5209412060782251e-10,True,True,1.9401508607124656,0.023713737056616554,1.499576867174264e-08,True,True,300.0,305.50518804729313,23189507640.95735,3415.0536585114364
3829.576342211424,5.196084933422728,9.15439598480034,1.5209412060782251e-10,True,True,1.7291612747309764,0.025118864315095822,1.6825529186138514e-08,True,True,300.0,305.50518804729313,23189507640.95735,3831.3055034861554
4296.855328119435,5.196084933422728,9.15439598480034,1.5209412060782251e-10,True,True,1.5411166082885233,0.02660725059798814,1.8878554250243738e-08,True,True,300.0,305.50518804729313,23189507640.95735,4298.396444727724
4821.150973615735,5.196084933422728,9.15439598480034,1.5209412060782251e-10,True,True,1.3735216229106404,0.02818382931264461,2.118208625931428e-08,True,True,300.0,305.50518804729313,23189507640.95735,4822.524495238646
5409.420363372695,5.196084933422728,9.15439598480034,1.5209412060782251e-10,True,True,1.2241524349661008,0.02985382618917957,2.3766691683566505e-08,True,True,300.0,305.50518804729313,23189507640.95735,5410.644515807661
6069.469474781007,5.196084933422728,9.15439598480034,1.5209412060782251e-10,True,True,1.0910270060822445,0.03162277660168379,2.6666666666666664e-08,True,True,300.0,305.50518804729313,23189507640.95735,6070.560501787089
6810.056758526746,5.196084933422728,9.15439598480034,1.5209412060782251e-10,True,True,0.9723788427000506,0.033496543915782793,2.992049211471907e-08,True,True,300.0,305.50518804729313,23189507640.95735,6811.029137369446
7641.009357910834,5.196084933422728,9.15439598480034,1.5209412060782251e-10,True,True,0.8666335557778243,0.03548133892335761,3.357134431451124e-08,True,True,300.0,305.50518804729313,23189507640.95735,7641.8759914666125
8573.353509069964,5.196084933422728,9.15439598480034,1.5209412060782251e-10,True,True,0.7723879696051684,0.037583740428844506,3.766766785660696e-08,True,True,300.0,305.50518804729313,23189507640.95735,8574.12589703957
9619.460852430933,5.196084933422728,9.15439598480034,1.5209412060782251e-10,True,True,0.6883915025138296,0.03981071705534969,4.2263818465629624e-08,True,True,300.0,305.50518804729313,23189507640.95735,9620.149243933445
10793.21259686282,5.196084933422728,9.15439598480034,1.5209412060782251e-10,True,True,0.6135295724187484,0.042169650342858224,4.74207842677046e-08,True,True,300.0,305.50518804729313,23189507640.95735,10793.826126435239
12110.183714884522,5.196084933422728,9.15439598480034,1.5209412060782251e-10,True,True,0.5468088069910043,0.04466835921509635,5.3206995065836876e-08,True,True,300.0,305.50518804729313,23189507640.95735,12110.730523691514
13587.849613087566,5.196084933422728,9.15439598480034,1.5209412060782251e-10,True,True,0.48734386221052595,0.04731512589614813,5.969923036182259e-08,True,True,300.0,305.50518804729313,23189507640.95735,13588.336956949777
15245.818020164066,5.196084933422728,9.15439598480034,1.5209412060782251e-10,True,True,0.43434567438885346,0.05011872336272735,6.698363817358913e-08,True,True,300.0,305.50518804729313,23189507640.95735,15246.252365838456
17106.089169553394,5.196084933422728,9.15439598480034,1.5209412060782251e-10,True,True,0.3871109897734026,0.05308844442309879,7.515687816705197e-08,True,True,300.0,305.50518804729313,23189507640.95735,17106.476280543167
19193.34772917389,5.196084933422728,9.15439598480034,1.5209412060782251e-10,True,True,0.34501303279742723,0.05623413251903491,8.432740427115679e-08,True,True,300.0,305.50518804729313,23189507640.95735,19193.692742206684
21535.290351967822,5.196084933422728,9.15439598480034,1.5209412060782251e-10,True,True,0.30749318914907525,0.059566214352901097,9.461690379562028e-08,True,True,300.0,305.50518804729313,23189507640.95735,21535.59784515697
24162.99319365896,5.196084933422728,9.15439598480034,1.5209412060782251e-10,True,True,0.27405359329885004,0.06309573444801943,1.0616191214759961e-07,True,True,300.0,305.50518804729313,23189507640.95735,24163.26724725226
27111.32427445813,5.196084933422728,9.15439598480034,1.5209412060782251e-10,True,True,0.2442505221265237,0.06683439175686162,1.1911562457359072e-07,True,True,300.0,305.50518804729313,23189507640.95735,27111.568524980255
30419.406156506615,5.196084933422728,9.15439598480034,1.5209412060782251e-10,True,True,0.2176885069849228,0.07079457843841373,1.3364992896727238e-07,True,True,300.0,305.50518804729313,23189507640.95735,30419.6238450136
34131.135076507235,5.196084933422728,9.15439598480034,1.5209412060782251e-10,True,True,0.19401508607124657,0.07498942093324558,1.499576867174264e-07,True,True,300.0,305.50518804729313,23189507640.95735,34131.3290915933
38295.76342211425,5.196084933422728,9.15439598480034,1.5209412060782251e-10,True,True,0.17291612747309762,0.07943282347242822,1.6825529186138517e-07,True,True,300.0,305.50518804729313,23189507640.95735,38295.93633824172
42968.55328119437,5.196084933422728,9.15439598480034,1.5209412060782251e-10,True,True,0.15411166082885236,0.08413951416451965,1.887855425024374e-07,True,True,300.0,305.50518804729313,23189507640.95735,42968.70739285519
48211.509736157335,5.196084933422728,9.15439598480034,1.5209412060782251e-10,True,True,0.13735216229106403,0.08912509381337477,2.1182086259314277e-07,True,True,300.0,305.50518804729313,23189507640.95735,48211.64708831963
54094.20363372696,5.196084933422728,9.15439598480034,1.5209412060782251e-10,True,True,0.12241524349661007,0.09440608762859226,2.3766691683566507e-07,True,True,300.0,305.50518804729313,23189507640.95735,54094.326048970455
60694.694747810085,5.196084933422728,9.15439598480034,1.5209412060782251e-10,True,True,0.10910270060822443,0.1,2.6666666666666667e-07,True,True,300.0,305.50518804729313,23189507640.95735,60694.803850510696
