candidate_pass,g_s,gate_energy_fraction,gate_gradient_floor_J,gate_radius_m,gate_total_positive_floor_J,gate_volume_energy_J,lambda_on_max,lambda_s,lambda_width_min,m_s_out_eV,naive_naturalness_cutoff_eV,naturalness_cutoff_over_mX,off_phi_mass_eV,off_phi_range_m,on_curvature_ratio,phi_boundary_eV,required_delta_m2_hat,source_scale_naturalness_pass,v_s_eV,wall_cap_m,wall_width_actual_m
True,1e-06,1.631207884814767e-20,8.093072560963962e-10,1.6980500914943577,1.982791695704937e-09,1.173484439608541e-09,18321815.406698287,3.8073100570426745e-13,3.6260095781358803e-13,2.0219998529542743e-06,25.40919953440316,4249310.372740617,2.3179366180618384e-06,0.08513044699427397,5.774727605220493e+19,10865053608.782568,0.1501650749306419,True,2.317165207143905,0.1,0.09759000729485333
True,1.0879024922894468e-06,1.378254339853875e-20,6.838069190161821e-10,1.6980500914943577,1.6753175883170016e-09,9.915106693008195e-10,25664238.941797663,4.5060726495815174e-13,4.2914977615062067e-13,2.0219998529542743e-06,23.356136891395963,3905966.2082381253,2.3179366180618384e-06,0.08513044699427397,6.834573946120764e+19,10865053608.782568,0.1501650749306419,True,2.1299383203613442,0.1,0.09759000729485333
True,1.1835318327295895e-06,1.164526632693263e-20,5.777680837186377e-10,1.6980500914943577,1.4155238938129807e-09,8.37755810094343e-10,35949121.08004786,5.33308042137189e-13,5.079124210830372e-13,2.0219998529542743e-06,21.468961655050467,3590364.243047351,2.3179366180618384e-06,0.08513044699427397,8.088935828378208e+19,10865053608.782568,0.1501650749306419,True,1.9578393610248799,0.1,0.09759000729485333
True,1.287567230530417e-06,9.839419612462008e-21,4.881728296112884e-10,1.6980500914943577,1.1960167480652764e-09,7.078439184539883e-10,50355645.04206644,6.311870445200562e-13,6.011305185905297e-13,2.0219998529542743e-06,19.734270127343773,3300262.9082056563,2.3179366180618384e-06,0.08513044699427397,9.573513045792504e+19,10865053608.782568,0.1501650749306419,True,1.7996459930013455,0.1,0.09759000729485333
True,1.4007475990842613e-06,8.31360791519166e-21,4.1247122900396434e-10,1.6980500914943577,1.010548863148778e-09,5.980776341448136e-10,70535548.8930139,7.470299595959957e-13,7.114571043771387e-13,2.0219998529542743e-06,18.139741628694864,3033601.753462653,2.3179366180618384e-06,0.08513044699427397,1.1330557440747436e+20,10865053608.782568,0.1501650749306419,True,1.654234644884454,0.1,0.09759000729485333
True,1.5238768041122235e-06,7.024405837921529e-21,3.4850877483597566e-10,1.6980500914943577,8.538417262661579e-10,5.053329514301821e-10,98802500.76197891,8.841337371845561e-13,8.420321306519582e-13,2.0219998529542743e-06,16.67405099010349,2788486.8128930996,2.3179366180618384e-06,0.08513044699427397,1.341007541369565e+20,10865053608.782568,0.1501650749306419,True,1.5205725298075086,0.1,0.09759000729485333
True,1.6578293731357647e-06,5.935122016719297e-21,2.9446506228075577e-10,1.6980500914943577,7.214353705188776e-10,4.2697030823812175e-10,138397365.72586283,1.046400422348099e-12,9.965718308077133e-13,2.0219998529542743e-06,15.3267881159217,2563177.152967857,2.3179366180618384e-06,0.08513044699427397,1.587125113141322e+20,10865053608.782568,0.1501650749306419,True,1.3977103100550172,0.1,0.09759000729485333
True,1.8035567068250495e-06,5.014754865554461e-21,2.488019790744694e-10,1.6980500914943577,6.095614419216972e-10,3.607594628472278e-10,193859777.7600888,1.2384482096306623e-12,1.1794744853625356e-12,2.0219998529542743e-06,14.08838404595167,2356072.507540409,2.3179366180618384e-06,0.08513044699427397,1.8784130939273062e+20,10865053608.782568,0.1501650749306419,True,1.2847753543735272,0.1,0.09759000729485333
True,1.9620938363403183e-06,4.237110254980542e-21,2.1021993003826116e-10,1.6980500914943577,5.150359500815964e-10,3.0481602004333516e-10,271548618.25645274,1.4657428792848564e-12,1.3959455993189107e-12,2.021999852954274e-06,12.950042991723674,2165701.911926086,2.3179366180618384e-06,0.08513044699427397,2.2231616916790434e+20,10865053608.782568,0.1501650749306419,True,1.1809655400915293,0.1,0.09759000729485336
True,2.134566774660394e-06,3.580056013540809e-21,1.7762084992123042e-10,1.6980500914943577,4.351686501695223e-10,2.5754780024829194e-10,380371075.057375,1.734753356230353e-12,1.652146053552717e-12,2.0219998529542747e-06,11.903679864241175,1990713.2553474111,2.3179366180618384e-06,0.08513044699427397,2.6311826314071124e+20,10865053608.782568,0.1501650749306419,True,1.0855435560279258,0.1,0.09759000729485331
True,2.322200514111288e-06,3.0248920346181956e-21,1.500769518903281e-10,1.6980500914943577,3.676864771485607e-10,2.1760952525823265e-10,532803870.1477171,2.0531358190331148e-12,1.9553674466982045e-12,2.0219998529542743e-06,10.941862849482368,1829863.6775415742,2.3179366180618384e-06,0.08513044699427397,3.1140884019955243e+20,10865053608.782568,0.1501650749306419,True,0.9978316657253388,0.1,0.09759000729485333
True,2.526327726897505e-06,2.555818061641706e-21,1.2680432223289197e-10,1.6980500914943577,3.1066885315671e-10,1.8386453092381802e-10,746323741.8922174,2.4299515987430303e-12,2.314239617850505e-12,2.0219998529542747e-06,10.057760623799714,1682010.7413217712,2.3179366180618384e-06,0.08513044699427397,3.685622753695721e+20,10865053608.782568,0.1501650749306419,True,0.9172068938140241,0.1,0.09759000729485331
True,2.7483982304317225e-06,2.159484004538527e-21,1.0714060976327321e-10,1.6980500914943577,2.6249302685861267e-10,1.5535241709533947e-10,1045411189.5950966,2.8759250691045224e-12,2.738976256290021e-12,2.0219998529542743e-06,9.245093834313758,1546104.3183953473,2.3179366180618384e-06,0.08513044699427397,4.362051852431357e+20,10865053608.782568,0.1501650749306419,True,0.8430966013174593,0.1,0.09759000729485333
True,2.989989284690576e-06,1.824609989203324e-21,9.052617496242063e-11,1.6980500914943577,2.2178788909565933e-10,1.3126171413323867e-10,1464357213.8811536,3.4037488678302473e-12,3.241665588409759e-12,2.0219998529542743e-06,8.498090499689757,1421179.1308076086,2.3179366180618384e-06,0.08513044699427397,5.1626272233695864e+20,10865053608.782568,0.1501650749306419,True,0.7749744184731084,0.1,0.09759000729485333
True,3.2528167947336175e-06,1.5416653263944835e-21,7.648816234510511e-11,1.6980500914943577,1.8739495040378254e-10,1.1090678805867744e-10,2051194851.5457435,4.028445135694398e-12,3.836614414947046e-12,2.0219998529542743e-06,7.81144501453055,1306347.8950368015,2.3179366180618384e-06,0.08513044699427397,6.110133659374278e+20,10865053608.782568,0.1501650749306419,True,0.7123565061811801,0.1,0.09759000729485333
True,3.5387474979516724e-06,1.302597263344347e-21,6.462704274603227e-11,1.6980500914943577,1.5833536979870826e-10,9.370832705267599e-11,2873206263.5566993,4.7677930544989925e-12,4.54075528999904e-12,2.0219998529542743e-06,7.180280466213181,1200795.0200460018,2.3179366180618384e-06,0.08513044699427397,7.231537688101994e+20,10865053608.782568,0.1501650749306419,True,0.6547981195282075,0.1,0.09759000729485333
True,3.849812222604668e-06,1.1006017982128598e-21,5.460524251129131e-11,1.6980500914943577,1.3378209645070393e-10,7.917685393941262e-11,4024636775.350905,5.642834851866598e-12,5.3741284303491405e-12,2.0219998529542743e-06,6.60011399652424,1103770.8145322632,2.3179366180618384e-06,0.08513044699427397,8.558755053452452e+20,10865053608.782568,0.1501650749306419,True,0.6018904489778414,0.1,0.09759000729485333
True,4.188220311817992e-06,9.299300346443004e-22,4.61375359759904e-11,1.6980500914943577,1.1303633138633975e-10,6.689879541034935e-11,5637500300.259006,6.678474674020081e-12,6.3604520704953145e-12,2.0219998529542747e-06,6.0668249620741,1014586.1622298727,2.3179366180618384e-06,0.08513044699427397,1.0129559054296213e+21,10865053608.782568,0.1501650749306419,True,0.553257716793338,0.1,0.09759000729485331
True,4.556375315484077e-06,7.857245651767514e-22,3.898292779297961e-11,1.6980500914943577,9.550763930501395e-11,5.652471151203435e-11,7896715010.4246025,7.904187370781133e-12,7.52779749598203e-12,2.0219998529542747e-06,5.5766256673488375,932607.6274489611,2.3179366180618384e-06,0.08513044699427397,1.1988655592273808e+21,10865053608.782568,0.1501650749306419,True,0.5085545080690362,0.1,0.09759000729485331
True,4.956892061521242e-06,6.638812268907276e-22,3.293779407949927e-11,1.6980500914943577,8.069714448215884e-11,4.775935040265957e-11,11061304591.504913,9.354857365178672e-12,8.90938796683683e-12,2.0219998529542747e-06,5.126034462530787,857252.9560864652,2.3179366180618384e-06,0.08513044699427397,1.4188955525087665e+21,10865053608.782568,0.1501650749306419,True,0.4674633174144163,0.1,0.09759000729485331
True,5.392615227738732e-06,5.609322947905952e-22,2.7830087175208923e-11,1.6980500914943577,6.818333250576483e-11,4.0353245330555894e-11,15494095849.29022,1.1071771482333812e-11,1.0544544268889344e-11,2.0219998529542743e-06,4.711851015014457,787986.9401552809,2.3179366180618384e-06,0.08513044699427397,1.679308053712564e+21,10865053608.782568,0.1501650749306419,True,0.42969229386602353,0.1,0.09759000729485333
True,5.866639546214977e-06,4.739477885414493e-22,2.3514439075985197e-11,1.6980500914943577,5.7610053756233396e-11,3.409561468024821e-11,21703317560.87452,1.310379399404969e-11,1.2479803803856848e-11,2.0219998529542747e-06,4.331133578983322,724317.6164593538,2.3179366180618384e-06,0.08513044699427397,1.9875145385279826e+21,10865053608.782568,0.1501650749306419,True,0.3949731680104477,0.1,0.09759000729485331
True,6.3823317836911014e-06,4.0045208369966653e-22,1.9868024184658942e-11,1.6980500914943577,4.8676387202333924e-11,2.8808363017674986e-11,30400869965.558254,1.550875732148861e-11,1.477024506808439e-11,2.0219998529542743e-06,3.981178101604149,665792.7724157124,2.3179366180618384e-06,0.08513044699427397,2.352286724360728e+21,10865053608.782568,0.1501650749306419,True,0.36305934659570704,0.1,0.09759000729485333
True,6.943354654095699e-06,3.3835345414926467e-22,1.6787063630419757e-11,1.6980500914943577,4.112807603161052e-11,2.4341012401190762e-11,42583945614.32856,1.8355107976059857e-11,1.7481055215295102e-11,2.021999852954274e-06,3.6594990174403588,611996.7342060024,2.3179366180618384e-06,0.08513044699427397,2.7840062179881355e+21,10865053608.782568,0.1501650749306419,True,0.33372416109798897,0.1,0.09759000729485336
True,7.55369283304024e-06,2.8588454048499685e-22,1.4183871667991909e-11,1.6980500914943577,3.4750291368806285e-11,2.0566419700814376e-11,59649359578.80547,2.172385458285563e-11,2.0689385317005362e-11,2.0219998529542743e-06,3.3638115946761853,562547.4144452784,2.3179366180618384e-06,0.08513044699427397,3.294959981506071e+21,10865053608.782568,0.1501650749306419,True,0.30675925780414387,0.1,0.09759000729485333
True,8.217681259053408e-06,2.415520500413232e-22,1.1984360095562044e-11,1.6980500914943577,2.9361518133957906e-11,1.737715803839586e-11,83553697216.92555,2.5710873428398226e-11,2.4486546122284023e-11,2.0219998529542743e-06,3.092015707765482,517093.598399081,2.3179366180618384e-06,0.08513044699427397,3.8996900256825344e+21,10865053608.782568,0.1501650749306419,True,0.28197311797547353,0.1,0.09759000729485333
True,8.940035922564481e-06,2.0409425700382696e-22,1.012592966589028e-11,1.6980500914943577,2.4808389028490417e-11,1.468245936260014e-11,117037640771.2218,3.042963714979066e-11,2.8980606809324436e-11,2.0219998529542743e-06,2.8421809212500837,475312.4494741053,2.3179366180618384e-06,0.08513044699427397,4.61540728317335e+21,10865053608.782568,0.1501650749306419,True,0.25918969758224614,0.1,0.09759000729485333
True,9.725887361315082e-06,1.7244509303406113e-22,8.555688479064193e-12,1.6980500914943577,2.0961319621859783e-11,1.240563114279559e-11,163940194312.7752,3.601444422518815e-11,3.4299470690655375e-11,2.0219998529542743e-06,2.6125327788052304,436907.216265154,2.3179366180618384e-06,0.08513044699427397,5.462481440647652e+21,10865053608.782568,0.1501650749306419,True,0.23824717694762507,0.1,0.09759000729485333
True,1.0580817100101087e-05,1.4570380640827396e-22,7.228946651423957e-12,1.6980500914943577,1.7710820311031763e-11,1.0481873659607806e-11,229638833577.0253,4.262424117857433e-11,4.059451540816603e-11,2.0219998529542743e-06,2.4014402001297617,401605.1248726357,2.3179366180618384e-06,0.08513044699427397,6.46502067070106e+21,10865053608.782568,0.1501650749306419,True,0.21899681142033606,0.1,0.09759000729485333
True,1.1510897293658791e-05,1.2310932615326066e-22,6.107944418150333e-12,1.6980500914943577,1.4964380189238407e-11,8.856435771088074e-12,321666044789.531,5.044714628078633e-11,4.80449012197965e-11,2.0219998529542743e-06,2.2074038961672233,369155.44152074994,2.3179366180618384e-06,0.08513044699427397,7.651557763029537e+21,10865053608.782568,0.1501650749306419,True,0.20130187491294896,0.1,0.09759000729485333
True,1.252273385425922e-05,1.0401860156928189e-22,5.1607774706520175e-12,1.6980500914943577,1.2643834137292268e-11,7.483056666640252e-12,450572939945.86237,5.970580349367652e-11,5.686266999397763e-11,2.0219998529542747e-06,2.0290457203768657,339327.6917160821,2.3179366180618384e-06,0.08513044699427397,9.055862182514627e+21,10865053608.782568,0.1501650749306419,True,0.18503668880224525,0.1,0.09759000729485331
True,1.3623513370326033e-05,8.788830067154416e-23,4.360488943292444e-12,1.6980500914943577,1.0683138203500352e-11,6.322649260207909e-12,631138963841.5034,7.066371903346366e-11,6.729878003187014e-11,2.021999852954274e-06,1.8650988804215538,311910.02329811803,2.3179366180618384e-06,0.08513044699427397,1.0717901165818118e+22,10865053608.782568,0.1501650749306419,True,0.1700857292943994,0.1,0.09759000729485336
True,1.4821054149316291e-05,7.425934667836237e-23,3.684302206925699e-12,1.6980500914943577,9.026489958332376e-12,5.342187751406678e-12,884066388289.5143,8.363276089516404e-11,7.96502484715848e-11,2.0219998529542743e-06,1.7143989407511415,286707.7017552521,2.3179366180618384e-06,0.08513044699427397,1.268497720979532e+22,10865053608.782568,0.1501650749306419,True,0.15634280691503968,0.1,0.09759000729485333
True,1.612386174739804e-05,6.27438524463659e-23,3.112972634144162e-12,1.6980500914943577,7.626740328153663e-12,4.513767694009502e-12,1238353870827.632,9.898203477848909e-11,9.426860455094199e-11,2.0219998529542743e-06,1.575875552176793,263541.7271192084,2.3179366180618384e-06,0.08513044699427397,1.5013074325242135e+22,10865053608.782568,0.1501650749306419,True,0.143710312296484,0.1,0.09759000729485333
True,1.75411893803248e-05,5.301408099996703e-23,2.6302398871390607e-12,1.6980500914943577,6.444051707983254e-12,3.813811820844193e-12,1734621211378.507,1.1714838902868923e-10,1.1156989431303735e-10,2.0219998529542747e-06,1.4485448496955158,242247.56261436222,2.3179366180618384e-06,0.08513044699427397,1.776845137105936e+22,10865053608.782568,0.1501650749306419,True,0.13209852290534924,0.1,0.09759000729485331
True,1.9083103644576486e-05,4.4793117965995413e-23,2.2223651400004405e-12,1.6980500914943577,5.444764162465584e-12,3.222399022465144e-12,2429766497159.056,1.386488475684429e-10,1.3204652149375515e-10,2.0219998529542747e-06,1.3315024645702527,222673.9660321602,2.3179366180618384e-06,0.08513044699427397,2.102952781595639e+22,10865053608.782568,0.1501650749306419,True,0.1214249657865509,0.1,0.09759000729485331
True,2.0760556015552625e-05,3.784699044611962e-23,1.8777400645616536e-12,1.6980500914943577,4.600437446543584e-12,2.722697381981931e-12,3403489587230.951,1.6409532466852535e-10,1.5628126158907176e-10,2.0219998529542747e-06,1.2239171010337122,204681.91553045477,2.3179366180618384e-06,0.08513044699427397,2.488911559745686e+22,10865053608.782568,0.1501650749306419,True,0.11161383179756923,0.1,0.09759000729485331
True,2.2585460630634318e-05,3.197800802605617e-23,1.5865564513216458e-12,1.6980500914943577,3.887041581242116e-12,2.3004851299204706e-12,4767429867821.998,1.9421204034729603e-10,1.8496384794980572e-10,2.0219998529542747e-06,1.1250246319943904,188143.6222282297,2.3179366180618384e-06,0.08513044699427397,2.945706059807661e+22,10865053608.782568,0.1501650749306419,True,0.1025954371725748,0.1,0.09759000729485331
True,2.4570778909572255e-05,2.701913640320514e-23,1.3405270626836933e-12,1.6980500914943577,3.2842729479251913e-12,1.9437458852414978e-12,6677965941154.263,2.298561320503882e-10,2.1891060195275066e-10,2.0219998529542743e-06,1.0341226718093286,172941.62258263517,2.3179366180618384e-06,0.08513044699427397,3.48633689164682e+22,10865053608.782568,0.1501650749306419,True,0.09430572859215246,0.1,0.09759000729485333
True,2.673061161321663e-05,2.282924350322769e-23,1.1326497738485194e-12,1.6980500914943577,2.7749764367137005e-12,1.6423266628651809e-12,9354144758838.303,2.720420492297306e-10,2.5908766593307676e-10,2.0219998529542743e-06,0.9505655875767499,158967.94410194477,2.3179366180618384e-06,0.08513044699427397,4.126190690883541e+22,10865053608.782568,0.1501650749306419,True,0.08668582824338408,0.1,0.09759000729485333
True,2.9080298994439595e-05,1.928908278755495e-23,9.570082886881712e-13,1.6980500914943577,2.3446572031051745e-12,1.3876489144170032e-12,13102795812429.379,3.2197042510437624e-10,3.0663850009940594e-10,2.0219998529542743e-06,0.8737599135160756,146123.3384688762,2.3179366180618384e-06,0.08513044699427397,4.883478030573169e+22,10865053608.782568,0.1501650749306419,True,0.07968161563906088,0.1,0.09759000729485333
True,3.163652975257313e-05,1.629789943466782e-23,8.086037588706126e-13,1.6980500914943577,1.9810681371346567e-12,1.1724643782640441e-12,18353709775551.76,3.8106224730850744e-10,3.629164260081023e-10,2.0219998529542743e-06,0.8031601358659297,134316.57662752987,2.3179366180618384e-06,0.08513044699427397,5.779751703618951e+22,10865053608.782568,0.1501650749306419,True,0.07324334322589349,0.1,0.09759000729485333
True,3.4417459565213534e-05,1.3770562805294254e-23,6.832125140273778e-13,1.6980500914943577,1.6738613042335357e-12,9.906487902061579e-13,25708914902393.453,4.509992999410939e-10,4.295231428010418e-10,2.0219998529542743e-06,0.7382648183622705,123463.80082728378,2.3179366180618384e-06,0.08513044699427397,6.8405201265060995e+22,10865053608.782568,0.1501650749306419,True,0.06732528305156821,0.1,0.09759000729485333
True,3.744284003926706e-05,1.1635143579987272e-23,5.772658538906205e-13,1.6980500914943577,1.4142934376113018e-12,8.370275837206812e-13,36011700824589.23,5.337720280190449e-10,5.083543123990903e-10,2.0219998529542743e-06,0.6786130407777834,113487.92902152397,2.3179366180618384e-06,0.08513044699427397,8.09597332214741e+22,10865053608.782568,0.1501650749306419,True,0.061885401981095635,0.1,0.09759000729485333
True,4.073415899711364e-05,9.830866613154867e-24,4.877484812210496e-13,1.6980500914943577,1.1949771003197352e-12,7.072286190986856e-13,50443303468983.67,6.317361865811673e-10,6.016535110296831e-10,2.021999852954274e-06,0.6237811252271984,104318.10739094221,2.3179366180618384e-06,0.08513044699427397,9.581842143690954e+22,10865053608.782568,0.1501650749306419,True,0.0568850631556698,0.1,0.09759000729485336
True,4.43147930942746e-05,8.306381240698713e-24,4.121126848748541e-13,1.6980500914943577,1.0096704349419524e-12,5.975577500670982e-13,70658336224058.22,7.476798867060138e-10,7.120760825771561e-10,2.0219998529542743e-06,0.573379626987043,95889.20710293514,2.3179366180618384e-06,0.08513044699427397,1.1340415193248219e+23,10865053608.782568,0.1501650749306419,True,0.05228875157364277,0.1,0.09759000729485333
True,4.8210173852552404e-05,7.018299813315261e-24,3.482058306149626e-13,1.6980500914943577,8.530995170728488e-13,5.048936864578861e-13,98974494821137.25,8.849029466082174e-10,8.427647110554451e-10,2.0219998529542743e-06,0.5270505684570957,88141.36173283358,2.3179366180618384e-06,0.08513044699427397,1.3421742377579487e+23,10865053608.782568,0.1501650749306419,True,0.048063821844550894,0.1,0.09759000729485333
True,5.244796828789928e-05,5.929962861352783e-24,2.9420909601720855e-13,1.6980500914943577,7.208082566780971e-13,4.2659916066088855e-13,138638285991285.66,1.0473108061870372e-09,9.974388630352734e-10,2.0219998529542743e-06,0.4844648966176548,81019.54206147985,2.3179366180618384e-06,0.08513044699427397,1.5885059354561056e+23,10865053608.782568,0.1501650749306419,True,0.044180266324606476,0.1,0.09759000729485333
True,5.705827541592349e-05,5.010395747173491e-24,2.4858570583494284e-13,1.6980500914943577,6.090315754462563e-13,3.6044586961131356e-13,194197246243450.56,1.2395256778840486e-09,1.1805006456038558e-09,2.0219998529542743e-06,0.4453201459242161,74473.16522915348,2.3179366180618384e-06,0.08513044699427397,1.880047341092195e+23,10865053608.782568,0.1501650749306419,True,0.040610501986837896,0.1,0.09759000729485333
True,6.207384003072083e-05,4.233427110801044e-24,2.1003719457348892e-13,1.6980500914943577,5.145882506950756e-13,3.0455105612158663e-13,272021326424288.5,1.467018097261495e-09,1.397160092629995e-09,2.0219998529542743e-06,0.40933829004018357,68455.73546984687,2.3179366180618384e-06,0.08513044699427397,2.2250958752212388e+23,10865053608.782568,0.1501650749306419,True,0.037329174512115273,0.1,0.09759000729485333
True,6.753028527539761e-05,3.57694401935726e-24,1.7746645148451848e-13,1.6980500914943577,4.3479037611373425e-13,2.573239246292158e-13,381033219888538.1,1.736262617299372e-09,1.6535834450470208e-09,2.0219998529542743e-06,0.37626376714952436,62924.5138742026,2.3179366180618384e-06,0.08513044699427397,2.6334717991996425e+23,10865053608.782568,0.1501650749306419,True,0.034312978209616506,0.1,0.09759000729485333
True,7.346636565612223e-05,3.022262621452048e-24,1.4994649622159028e-13,1.6980500914943577,3.6736686254646437e-13,2.1742036632487412e-13,533731367930210.75,2.0549220775521918e-09,1.9570686452878016e-09,2.0219998529542743e-06,0.34586166482410874,57840.21483559675,2.3179366180618384e-06,0.08513044699427397,3.116797704948429e+23,10865053608.782568,0.1501650749306419,True,0.03154049048771486,0.1,0.09759000729485333
True,7.992424229674335e-05,2.5535963950219775e-24,1.266940964957121e-13,1.6980500914943577,3.103988016099249e-13,1.837047051142128e-13,747622932184207.6,2.4320656925618506e-09,2.3162530405350957e-09,2.021999852954274e-06,0.31791605155371605,53166.727023369735,2.3179366180618384e-06,0.08513044699427397,3.68882929998501e+23,10865053608.782568,0.1501650749306419,True,0.028992019699613986,0.1,0.09759000729485336
True,8.694978238897252e-05,2.157606854673784e-24,1.0704747687564685e-13,1.6980500914943577,2.622648525591837e-13,1.5521737568353686e-13,1047231027277355.2,2.8784271664364745e-09,2.7413592061299757e-09,2.0219998529542743e-06,0.2922284430883832,48870.85690141461,2.3179366180618384e-06,0.08513044699427397,4.365846902037848e+23,10865053608.782568,0.1501650749306419,True,0.026649465283052634,0.1,0.09759000729485333
True,9.459288496498826e-05,1.8230239314287616e-24,9.044748431376138e-14,1.6980500914943577,2.215950980839442e-13,1.3114761377018282e-13,1466906347145300.8,3.406710179671202e-09,3.2444858854011445e-09,2.0219998529542747e-06,0.2686163927002321,44922.092970453516,2.3179366180618384e-06,0.08513044699427397,5.167118785385656e+23,10865053608.782568,0.1501650749306419,True,0.024496189200715876,0.1,0.09759000729485331
True,0.00010290783530625965,1.5403252206781004e-24,7.642167435848478e-14,1.6980500914943577,1.872320557469735e-13,1.1081038138848869e-13,2054765543845243.5,4.031949942524805e-09,3.8399523262141e-09,2.0219998529542743e-06,0.2469121953521218,41292.389059534915,2.3179366180618384e-06,0.08513044699427397,6.115449565998978e+23,10865053608.782568,0.1501650749306419,True,0.022516897768259214,0.1,0.09759000729485333
True,0.00011195369050579179,1.3014649695780762e-24,6.45708651386527e-14,1.6980500914943577,1.5819773542986044e-13,9.362687029120775e-14,2878207902222291.0,4.771941104950346e-09,4.5447058142384245e-09,2.0219998529542743e-06,0.22696169656942794,37955.96512757017,2.3179366180618384e-06,0.08513044699427397,7.237829232812144e+23,10865053608.782568,0.1501650749306419,True,0.0206975330306242,0.1,0.09759000729485333
True,0.00012179469892225225,1.0996450907251872e-24,5.4557776439128277e-14,1.6980500914943577,1.336658052238508e-13,7.910802878472251e-14,4031642808703221.0,5.647744201619544e-09,5.378804001542423e-09,2.0219998529542743e-06,0.2086231975549539,34889.12416010132,2.3179366180618384e-06,0.08513044699427397,8.566201296893954e+23,10865053608.782568,0.1501650749306419,True,0.019025172915145258,0.1,0.09759000729485333
True,0.000132500756505161,9.291216850408378e-25,4.609743052985843e-14,1.6980500914943577,1.1293807359247469e-13,6.684064306261626e-14,5647313984656364.0,6.684285045730693e-09,6.365985757838755e-09,2.0219998529542743e-06,0.19176644877052798,32070.083860804996,2.3179366180618384e-06,0.08513044699427397,1.0138371920443488e+24,10865053608.782568,0.1501650749306419,True,0.01748793945228267,0.1,0.09759000729485333
True,0.00014414790323220164,7.850415674059213e-25,3.894904155095146e-14,1.6980500914943577,9.542461847604458e-14,5.647557692509312e-14,7910461505282346.0,7.911064130660623e-09,7.534346791105355e-09,2.0219998529542747e-06,0.17627172483718045,29478.821942318413,2.3179366180618384e-06,0.08513044699427397,1.1999085899896663e+24,10865053608.782568,0.1501650749306419,True,0.01607491441211797,0.1,0.09759000729485331
True,0.00015681886318461014,6.633041424795248e-25,3.290916262144208e-14,1.6980500914943577,8.062699780196525e-14,4.771783518052317e-14,1.1080559961172716e+16,9.36299622940208e-09,8.917139266097218e-09,2.0219998529542743e-06,0.16202897418336065,27096.93391756225,2.3179366180618384e-06,0.08513044699427397,1.4201300126184483e+24,10865053608.782568,0.1501650749306419,True,0.014776061757418135,0.1,0.09759000729485333
True,0.00017060363209653513,5.604446996155068e-25,2.780589563488411e-14,1.6980500914943577,6.812406356322039e-14,4.031816792833629e-14,1.5521067762121878e+16,1.1081404087224485e-08,1.0553718178309032e-08,2.0219998529542747e-06,0.14893703740155725,24907.50238152121,2.3179366180618384e-06,0.08513044699427397,1.6807690765486065e+24,10865053608.782568,0.1501650749306419,True,0.013582156362490275,0.1,0.09759000729485331
True,0.0001856001165514522,4.735358053893231e-25,2.349399894952989e-14,1.6980500914943577,5.755997572630168e-14,3.406597677677179e-14,2.1741098403016252e+16,1.3115194488569927e-08,1.2490661417685645e-08,2.0219998529542743e-06,0.13690292876168106,22894.97685505289,2.3179366180618384e-06,0.08513044699427397,1.9892437055627884e+24,10865053608.782568,0.1501650749306419,True,0.01248471849155083,0.1,0.09759000729485333
True,0.00020191482936553665,4.0010398731498707e-25,1.9850753735406913e-14,1.6980500914943577,4.8634074838148305e-14,2.878332110274139e-14,3.045379138947969e+16,1.5522250169662184e-08,1.478309539967827e-08,2.0219998529542743e-06,0.12584117577814752,21045.063337313746,2.3179366180618384e-06,0.08513044699427397,2.354333248590527e+24,10865053608.782568,0.1501650749306419,True,0.011475953571240788,0.1,0.09759000729485333
True,0.00021966364609696568,3.380593375272585e-25,1.677247133237215e-14,1.6980500914943577,4.109232510120419e-14,2.431985376883204e-14,4.265807517182662e+16,1.837107719138747e-08,1.749626399179759e-08,2.0219998529542747e-06,0.11567321213992247,19344.6227823463,2.3179366180618384e-06,0.08513044699427397,2.7864283445605547e+24,10865053608.782568,0.1501650749306419,True,0.01054869682952018,0.1,0.09759000729485331
True,0.00023897262805427596,2.856360329131065e-25,1.4171542216730796e-14,1.6980500914943577,3.4720084382042004e-14,2.054854216531121e-14,5.97531963784921e+16,2.174275465753957e-08,2.070738538813292e-08,2.0219998529542743e-06,0.10632681969180241,17781.577778755083,2.3179366180618384e-06,0.08513044699427397,3.29782664540743e+24,10865053608.782568,0.1501650749306419,True,0.009696362407738284,0.1,0.09759000729485333
True,0.00025997891764920577,2.4134207886436115e-25,1.1973942588470008e-14,1.6980500914943577,2.933599538422788e-14,1.7362052795757876e-14,8.369914636478317e+16,2.573324226842763e-08,2.4507849779454884e-08,2.0219998529542743e-06,0.09773561550359346,16344.826769662484,2.3179366180618384e-06,0.08513044699427397,3.9030828136635303e+24,10865053608.782568,0.1501650749306419,True,0.008912896584447272,0.1,0.09759000729485333
True,0.0002828317124532835,2.039168463325168e-25,1.0117127615278776e-14,1.6980500914943577,2.4786824125017482e-14,1.4669696509738706e-14,1.1724137831587171e+17,3.045611138402663e-08,2.9005820365739646e-08,2.0219998529542743e-06,0.08983858038408656,15024.165203689787,2.3179366180618384e-06,0.08513044699427397,4.6194227557505516e+24,10865053608.782568,0.1501650749306419,True,0.008192734778730447,0.1,0.09759000729485333
True,0.0003076933248764192,1.7229519366810913e-25,8.54825137397915e-15,1.6980500914943577,2.0943098816236664e-14,1.2394847442257514e-14,1.6422557918928688e+17,3.604577732415355e-08,3.4329311737289095e-08,2.0219998529542743e-06,0.08257962549109057,13810.213056936786,2.3179366180618384e-06,0.08513044699427397,5.467233880266223e+24,10865053608.782568,0.1501650749306419,True,0.007530762027660373,0.1,0.09759000729485333
True,0.0003347403349938829,1.4557715213349464e-25,7.222662827973325e-15,1.6980500914943577,1.7695425029621235e-14,1.0472762201647908e-14,2.3003858575761584e+17,4.2661324898618145e-08,4.0629833236779183e-08,2.0219998529542743e-06,0.07590719395936403,12694.34821118366,2.3179366180618384e-06,0.08513044699427397,6.470645334272787e+24,10865053608.782568,0.1501650749306419,True,0.006922276657177418,0.1,0.09759000729485333
True,0.00036416484470964906,1.2300231232289638e-25,6.1026350354393516e-15,1.6980500914943577,1.4951372274297142e-14,8.84873723885779e-15,3.222259966967179e+17,5.049103604393389e-08,4.808670099422275e-08,2.0219998529542743e-06,0.06977389471699849,11668.645215132225,2.3179366180618384e-06,0.08513044699427397,7.658214731415025e+24,10865053608.782568,0.1501650749306419,True,0.006362956888360256,0.1,0.09759000729485333
True,0.00039617584216382654,1.0392818251387043e-25,5.156291420877791e-15,1.6980500914943577,1.263284337677227e-14,7.476551955894478e-15,4.513572912354607e+17,5.975774842549285e-08,5.691214135761223e-08,2.0219998529542743e-06,0.06413616588942835,10725.818993737237,2.3179366180618384e-06,0.08513044699427397,9.063740916508364e+24,10865053608.782568,0.1501650749306419,True,0.005848830141908832,0.1,0.09759000729485333
True,0.0004310006860748974,8.781190301758083e-26,4.3566985511372284e-15,1.6980500914943577,1.0673851794621386e-14,6.317153243484157e-15,6.322376420272474e+17,7.072519751381729e-08,6.735733096554027e-08,2.0219998529542743e-06,0.05895396540038839,9859.173105822367,2.3179366180618384e-06,0.08513044699427397,1.0727225898301317e+25,10865053608.782568,0.1501650749306419,True,0.005376244822824338,0.1,0.09759000729485333
True,0.0004688867205593423,7.419479610874469e-26,3.6810995958506136e-15,1.6980500914943577,9.018643605051323e-15,5.33754400920071e-15,8.856053591203615e+17,8.370552263369041e-08,7.971954536541943e-08,2.0219998529542743e-06,0.05419048657230499,9062.552182479274,2.3179366180618384e-06,0.08513044699427397,1.2696013327520875e+25,10865053608.782568,0.1501650749306419,True,0.0049418443848862304,0.1,0.09759000729485333
True,0.0005101030318979338,6.26893118181947e-26,3.110266656166622e-15,1.6980500914943577,7.620110719161266e-15,4.5098440629946446e-15,1.2405095805240003e+18,9.906815061223971e-08,9.435061963070448e-08,2.0219998529542743e-06,0.04981189670616832,8330.298208442837,2.3179366180618384e-06,0.08513044699427397,1.5026135921880073e+25,10865053608.782568,0.1501650749306419,True,0.004542543490718842,0.1,0.09759000729485333
True,0.0005549423597261648,5.296799805850083e-26,2.6279535287136236e-15,1.6980500914943577,6.438450161147719e-15,3.8104966324340955e-15,1.737640816560012e+18,1.172503098592349e-07,1.116669617706999e-07,2.0219998529542743e-06,0.045787096784144,7657.210335930079,2.3179366180618384e-06,0.08513044699427397,1.7783910186466614e+25,10865053608.782568,0.1501650749306419,True,0.004175506098123966,0.1,0.09759000729485333
True,0.0006037231762230813,4.475418116666985e-26,2.220433330173091e-15,1.6980500914943577,5.440031254840581e-15,3.219597924667489e-15,2.433996201867251e+18,1.3876947411581255e-07,1.3216140391982147e-07,2.0219998529542747e-06,0.04208750058820705,7038.507945519816,2.3179366180618384e-06,0.08513044699427397,2.104782381608724e+25,10865053608.782568,0.1501650749306419,True,0.003838125317037176,0.1,0.09759000729485331
True,0.0006567919480659909,3.781409162730578e-26,1.876107823016544e-15,1.6980500914943577,4.5964384771081216e-15,2.7203306540915774e-15,3.409414335945763e+18,1.6423809002720895e-07,1.5641722859734185e-07,2.0219998529542747e-06,0.03868683166598471,6469.7966917122885,2.3179366180618384e-06,0.08513044699427397,2.491076949602324e+25,10865053608.782568,0.1501650749306419,True,0.0035280048940415577,0.1,0.09759000729485331
True,0.0007145255972166317,3.1950210870201e-26,1.5851773236125506e-15,1.6980500914943577,3.883662737239036e-15,2.298485413626485e-15,4.775728945359471e+18,1.9438100769390956e-07,1.851247692322948e-07,2.0219998529542743e-06,0.035560936701753365,5947.037292006629,2.3179366180618384e-06,0.08513044699427397,2.9482688676332687e+25,10865053608.782568,0.1501650749306419,True,0.0032429421929322157,0.1,0.09759000729485333
True,0.0007773341780165789,2.699564978874624e-26,1.3393617981162723e-15,1.6980500914943577,3.281418065690815e-15,1.942056267574543e-15,6.689590854089487e+18,2.3005611028379723e-07,2.191010574131402e-07,2.0219998529542743e-06,0.032687613967054,5466.516837820024,2.3179366180618384e-06,0.08513044699427397,3.4893700562895933e+25,10865053608.782568,0.1501650749306419,True,0.0029809125504507076,0.1,0.09759000729485333
True,0.0008456637896060046,2.280939898886028e-26,1.1316652083850514e-15,1.6980500914943577,2.772564264809721e-15,1.6408990564246695e-15,9.37042832772188e+18,2.7227872983482307e-07,2.5931307603316483e-07,2.0219998529542743e-06,0.03004645563249353,5024.822423483893,2.3179366180618384e-06,0.08513044699427397,4.129780537792173e+25,10865053608.782568,0.1501650749306419,True,0.0027400548960757488,0.1,0.09759000729485333
True,0.0009199997443513106,1.9272315588043603e-26,9.561764010817373e-16,1.6980500914943577,2.3426190898603317e-15,1.3864426887785942e-15,1.3125604982447569e+19,3.222505441346929e-07,3.069052801282789e-07,2.0219998529542743e-06,0.027618702820748194,4618.816906016418,2.3179366180618384e-06,0.08513044699427397,4.887726728664161e+25,10865053608.782568,0.1501650749306419,True,0.002518658533734411,0.1,0.09759000729485333
True,0.0010008700147854446,1.6283732346763915e-26,8.079008731657849e-16,1.6980500914943577,1.9793460767823445e-15,1.1714452036165597e-15,1.838565966569185e+19,3.813937770978405e-07,3.6323216866461e-07,2.0219998529542743e-06,0.025387112371280402,4245.616623504838,2.3179366180618384e-06,0.08513044699427397,5.784780173057297e+25,10865053608.782568,0.1501650749306419,True,0.002315150991550719,0.1,0.09759000729485333
True,0.0010888489835428595,1.3758592626282502e-26,6.826186257301738e-16,1.6980500914943577,1.6724062860374154e-15,9.897876603072415e-16,2.57536686342981e+19,4.5139167600026683e-07,4.298968342859684e-07,2.021999852954274e-06,0.023335834370462993,3902.57091384184,2.3179366180618384e-06,0.08513044699427397,6.846471480156283e+25,10865053608.782568,0.1501650749306419,True,0.0021280868533342357,0.1,0.09759000729485336
True,0.0011845615229231076,1.162502963232594e-26,5.767640606301604e-16,1.6980500914943577,1.4130640509941596e-15,8.362999903639991e-16,3.6074389507104727e+19,5.342364175754773e-07,5.087965881671212e-07,2.0219998529542747e-06,0.02145029957726605,3587.2432883475053,2.3179366180618384e-06,0.08513044699427397,8.103016938640228e+25,10865053608.782568,0.1501650749306419,True,0.001956137492484058,0.1,0.09759000729485331
True,0.0012886874330582312,9.822321048615173e-27,4.873245016992611e-16,1.6980500914943577,1.1939383562968456e-15,7.066138545975846e-16,5.053111449050738e+19,6.322858064039947e-07,6.021769584799949e-07,2.0219998529542743e-06,0.019717115944945365,3297.3941265621124,2.3179366180618384e-06,0.08513044699427397,9.590178488027775e+25,10865053608.782568,0.1501650749306419,True,0.001798081635393119,0.1,0.09759000729485333
True,0.0014019662702061378,8.299160848054156e-27,4.1175445241328345e-16,1.6980500914943577,1.0087927703163315e-15,5.97038317903048e-16,7.078133730162987e+19,7.48330379262225e-07,7.12695599297357e-07,2.0219998529542743e-06,0.018123973503775613,3030.9647692992075,2.3179366180618384e-06,0.08513044699427397,1.1350281522139378e+26,10865053608.782568,0.1501650749306419,True,0.0016527966873291472,0.1,0.09759000729485333
True,0.0015252025994629973,7.01219909642289e-27,3.479031497307941e-16,1.6980500914943577,8.523579530512027e-16,5.044548033204087e-16,9.914678828523132e+19,8.856728252554498e-07,8.43497928814714e-07,2.0219998529542743e-06,0.01665955692925608,2786.062896979549,2.3179366180618384e-06,0.08513044699427397,1.3433419491894418e+26,10865053608.782568,0.1501650749306419,True,0.0015192507591842202,0.1,0.09759000729485333
True,0.0016592717092021373,5.924808190626015e-27,2.939533522545161e-16,1.6980500914943577,7.201816879613643e-16,4.2622833570684814e-16,1.3887962564745327e+20,1.048221982073376e-06,9.983066495936914e-07,2.0219998529542743e-06,0.01531346517480323,2560.949089395312,2.3179366180618384e-06,0.08513044699427397,1.5898879591067187e+26,10865053608.782568,0.1501650749306419,True,0.0013964953384627502,0.1,0.09759000729485333
True,0.0018051258278263752,5.006040417993303e-27,2.4836962059277183e-16,1.6980500914943577,6.085021695617625e-16,3.601325489689907e-16,1.9453530218739122e+20,1.2406040835507462e-06,1.1815276986197583e-06,2.0219998529542747e-06,0.014076137598119353,2354.0244714449536,2.3179366180618384e-06,0.08513044699427397,1.881683010076281e+26,10865053608.782568,0.1501650749306419,True,0.0012836585524534302,0.1,0.09759000729485331
True,0.001963800886988364,4.229747168225996e-27,2.09854617953076e-16,1.6980500914943577,5.141409404750601e-16,3.0428632252198406e-16,2.7249485747611946e+20,1.4682944246966275e-06,1.3983756425682166e-06,2.0219998529542747e-06,0.012938786056548775,2163.819357092385,2.3179366180618384e-06,0.08513044699427397,2.227031741531712e+26,10865053608.782568,0.1501650749306419,True,0.001179938975736716,0.1,0.09759000729485331
True,0.0021364238793148654,3.57383473030117e-27,1.7731218725996313e-16,1.6980500914943577,4.344124308758922e-16,2.571002436159291e-16,3.8169651737248085e+20,1.7377731914478345e-06,1.6550220870931757e-06,2.0219998529542743e-06,0.011893332489127436,1988.98281089394,2.3179366180618384e-06,0.08513044699427397,2.6357629586019916e+26,10865053608.782568,0.1501650749306419,True,0.001084599938045535,0.1,0.09759000729485333
True,0.00232422086289333,3.0196354939256723e-27,1.4981615395255277e-16,1.6980500914943577,3.6704752577208097e-16,2.172313718195282e-16,5.346604802883265e+20,2.0567098901426033e-06,1.9587713239453362e-06,2.0219998529542743e-06,0.010932351542001159,1828.2730529536764,2.3179366180618384e-06,0.08513044699427397,3.119509365034981e+26,10865053608.782568,0.1501650749306419,True,0.0009969642920506952,0.1,0.09759000729485333
True,0.0025285256693727822,2.5513766596048895e-27,1.2658396657319348e-16,1.6980500914943577,3.10128984807748e-16,1.8354501823455452e-16,7.489243840891114e+20,2.4341816256735492e-06,2.31826821492719e-06,2.0219998529542747e-06,0.01004901782970868,1680.5486391580464,2.3179366180618384e-06,0.08513044699427397,3.692038636016969e+26,10865053608.782568,0.1501650749306419,True,0.0009164096039091005,0.1,0.09759000729485331
True,0.002750789377528488,2.1557313365375513e-27,1.0695442494457638e-16,1.6980500914943577,2.620368766022082e-16,1.550824516576318e-16,1.0490540329084771e+21,2.8809314406301005e-06,2.743744229171524e-06,2.021999852954275e-06,0.009237057457751515,1544.7603540473579,2.3179366180618384e-06,0.08513044699427397,4.369645253393607e+26,10865053608.782568,0.1501650749306419,True,0.0008423637324155355,0.1,0.09759000729485329
True,0.002992590619576578,1.821439252348429e-27,9.036886206761875e-17,1.6980500914943577,2.2140247465745819e-16,1.3103361258983945e-16,1.469459917906211e+21,3.4096740678972385e-06,3.247308636092608e-06,2.0219998529542743e-06,0.008490703462138871,1419.9437587430025,2.3179366180618384e-06,0.08513044699427397,5.17161425512709e+26,10865053608.782568,0.1501650749306419,True,0.0007743007653588652,0.1,0.09759000729485333
True,0.0032556467934393785,1.5389862798600254e-27,7.635524416711315e-17,1.6980500914943577,1.870693026877323e-16,1.1071405852061915e-16,2.0583424519576808e+21,4.0354577985889735e-06,3.843293141513308e-06,2.021999852954274e-06,0.007804654849416263,1305.2123410019844,2.3179366180618384e-06,0.08513044699427397,6.120770097541037e+26,10865053608.782568,0.1501650749306419,True,0.000711737284220556,0.1,0.09759000729485336
True,0.0035418262605968454,1.3003336600678062e-27,6.451473636413686e-17,1.6980500914943577,1.580602207008601e-16,9.354548433672325e-17,2.883218247672933e+21,4.776092764266923e-06,4.548659775492308e-06,2.0219998529542743e-06,0.00717403894625858,1199.7512187468367,2.3179366180618384e-06,0.08513044699427397,7.244126251259212e+26,10865053608.782568,0.1501650749306419,True,0.0006542289306854457,0.1,0.09759000729485333
True,0.0038531616161595196,1.098689214863647e-27,5.4510351627252774e-17,1.6980500914943577,1.3354961508413713e-16,7.903926345688438e-17,4.038661038063793e+21,5.652657822579366e-06,5.383483640551777e-06,2.0219998529542747e-06,0.00659437679121509,1102.8113523501625,2.3179366180618384e-06,0.08513044699427397,8.573654018677345e+26,10865053608.782568,0.1501650749306419,True,0.0006013672505783559,0.1,0.09759000729485331
True,0.004191864125413969,9.283140381021545e-28,4.605735994572717e-17,1.6980500914943577,1.12839901210034e-16,6.678254126430683e-17,5.657144752582984e+21,6.6901004725505915e-06,6.371524259571992e-06,2.021999852954274e-06,0.0060615513228005355,1013.7042245664328,2.3179366180618384e-06,0.08513044699427397,1.0147192453914592e+27,10865053608.782568,0.1501650749306419,True,0.0005527767928105427,0.1,0.09759000729485336
True,0.004560339429376579,7.843591633367192e-28,3.891518476482774e-17,1.6980500914943577,9.534166981363772e-17,5.642648504880997e-17,7.924231929852742e+21,7.917946873422897e-06,7.540901784212282e-06,2.0219998529542743e-06,0.0055717781379875765,931.7969503251469,2.3179366180618384e-06,0.08513044699427397,1.2009525282041393e+27,10865053608.782568,0.1501650749306419,True,0.0005081124427311922,0.1,0.09759000729485333
True,0.004961204630904614,6.62727559703861e-28,3.2880556051523615e-17,1.6980500914943577,8.05569120973708e-17,4.767635604584719e-17,1.1099848850328074e+22,9.371142174557728e-06,8.924897309102597e-06,2.0219998529542747e-06,0.005121578613412306,856.5077816525799,2.3179366180618384e-06,0.08513044699427397,1.4213655467266795e+27,10865053608.782568,0.1501650749306419,True,0.00046705697094405046,0.1,0.09759000729485331
True,0.005397306882719067,5.599575282866775e-28,2.778172512326177e-17,1.6980500914943577,6.80648461407091e-17,4.028312101744733e-17,1.5548086627295174e+22,1.109104507262383e-05,1.0562900069165551e-05,2.0219998529542743e-06,0.004707755198385617,787.3019757957304,2.3179366180618384e-06,0.08513044699427397,1.6822313704961183e+27,10865053608.782568,0.1501650749306419,True,0.00042931878017959913,0.1,0.09759000729485333
True,0.005871743609361058,4.731241803570612e-28,2.3473576590828608e-17,1.6980500914943577,5.750994122712405e-17,3.403636463629544e-17,2.1778945013537825e+22,1.3126604901688968e-05,1.2501528477799016e-05,2.0219998529542743e-06,0.004327368704228572,723.6879972017394,2.3179366180618384e-06,0.08513044699427397,1.9909743769984804e+27,10865053608.782568,0.1501650749306419,True,0.00039462983421989885,0.1,0.09759000729485333
True,0.006387884506708527,3.9975619351605504e-28,1.9833498298640003e-17,1.6980500914943577,4.8591799254345667e-17,2.875830095570566e-17,3.050680493830127e+22,1.553575475681316e-05,1.4795956911250628e-05,2.0219998529542743e-06,0.00397771742862892,665.2140263772787,2.3179366180618384e-06,0.08513044699427397,2.3563815533266652e+27,10865053608.782568,0.1501650749306419,True,0.0003627437541662547,0.1,0.09759000729485333
True,0.006949395475305349,3.37765476568631e-28,1.675789171880391e-17,1.6980500914943577,4.105660524759861e-17,2.42987135287947e-17,4.273233377305738e+22,1.8387060300168516e-05,1.751148600016049e-05,2.0219998529542743e-06,0.0036563179667490012,611.4647508320005,2.3179366180618384e-06,0.08513044699427397,2.788852578418905e+27,10865053608.782568,0.1501650749306419,True,0.0003334340685283983,0.1,0.09759000729485333
True,0.007560264657489693,2.8538774135854003e-28,1.4159223482950215e-17,1.6980500914943577,3.468990365295829e-17,2.0530680170008072e-17,5.985721393587742e+22,2.176167117556792e-05,2.0725401119588495e-05,2.0219998529542743e-06,0.0033608875727956355,562.0584153136718,2.3179366180618384e-06,0.08513044699427397,3.3006958033487685e+27,10865053608.782568,0.1501650749306419,True,0.0003064926047064198,0.1,0.09759000729485333
True,0.008224830763250849,2.4113229020663373e-28,1.1963534136884767e-17,1.6980500914943577,2.931049482036552e-17,1.734696068348075e-17,8.384484870855298e+22,2.5755630569678544e-05,2.4529171971122423e-05,2.0219998529542743e-06,0.0030893279467747036,516.6441103842342,2.3179366180618384e-06,0.08513044699427397,3.906478553420225e+27,10865053608.782568,0.1501650749306419,True,0.0002817280104409163,0.1,0.09759000729485333
True,0.008947813885999509,2.037395898769435e-28,1.0108333215924725e-17,1.6980500914943577,2.4765277967020536e-17,1.465694475109581e-17,1.1744547052408861e+23,3.048260865123788e-05,2.903105585832179e-05,2.0219998529542747e-06,0.0028397103312754975,474.89928007884026,2.3179366180618384e-06,0.08513044699427397,4.623441721848273e+27,10865053608.782568,0.1501650749306419,True,0.00025896439472992765,0.1,0.09759000729485331
True,0.009734349027120986,1.7214542460345753e-28,8.540820733661035e-18,1.6980500914943577,2.0924893849204004e-17,1.2384073115542968e-17,1.645114608599386e+23,3.6077137683378425e-05,3.435917874607469e-05,2.0219998529542747e-06,0.0026102618124345337,436.52743094597935,2.3179366180618384e-06,0.08513044699427397,5.471990454577537e+27,10865053608.782568,0.1501650749306419,True,0.00023804007855974992,0.1,0.09759000729485331
True,0.01059002256742026,1.4545060795402305e-28,7.216384466789782e-18,1.6980500914943577,1.7680043130690275e-17,1.0463658663900492e-17,2.304390338214023e+23,4.269844088204652e-05,4.0665181792425254e-05,2.0219998529542747e-06,0.002399352727781096,401.2560261970956,2.3179366180618384e-06,0.08513044699427397,6.476274891384956e+27,10865053608.782568,0.1501650749306419,True,0.00021880644657666377,0.1,0.09759000729485331
True,0.011520911944497985,1.228953915152151e-28,6.097330267954492e-18,1.6980500914943577,1.4938375666596674e-17,8.841045398642182e-18,3.227869233606262e+23,5.053496399182453e-05,4.812853713507098e-05,2.0219998529542743e-06,0.00220548509152852,368.83455000886016,2.3179366180618384e-06,0.08513044699427397,7.664877491461466e+27,10865053608.782568,0.1501650749306419,True,0.00020112689154355595,0.1,0.09759000729485333
True,0.012533628817866614,1.0383784205599306e-28,5.151809270640544e-18,1.6980500914943577,1.262186217006447e-17,7.470052899423925e-18,4.521430079131927e+23,5.98097385501679e-05,5.6961655762064664e-05,2.0219998529542743e-06,0.002027281955101662,339.03272822977254,2.3179366180618384e-06,0.08513044699427397,9.071626505117169e+27,10865053608.782568,0.1501650749306419,True,0.00018487584408442026,0.1,0.09759000729485333
True,0.01363536602838792,8.773557177292894e-29,4.352911453812679e-18,1.6980500914943577,1.0664573458032437e-17,6.311662004219758e-18,6.333382327771408e+23,7.078672948135782e-05,6.74159328393884e-05,2.0219998529542743e-06,0.0018634776273334288,311.63889285361586,2.3179366180618384e-06,0.08513044699427397,1.0736558743439642e+28,10865053608.782568,0.1501650749306419,True,0.0001699378808254741,0.1,0.09759000729485333
True,0.014833948685562074,7.41303016502595e-29,3.677899768672485e-18,1.6980500914943577,9.010804072279696e-18,5.33290430360721e-18,8.871470089708492e+23,8.377834767600509e-05,7.978890254857627e-05,2.0219998529542743e-06,0.0017129086848691887,286.4584786434163,2.3179366180618384e-06,0.08513044699427397,1.270705904683202e+28,10865053608.782568,0.1501650749306419,True,0.00015620690459845047,0.1,0.09759000729485333
True,0.01613788974551674,6.263481859992914e-29,3.107563030383487e-18,1.6980500914943577,7.613486873012958e-18,4.505923842629471e-18,1.2426690428507002e+24,9.915434136803903e-05,9.443270606479907e-05,2.0219998529542743e-06,0.0015745057089302569,263.3126412281454,2.3179366180618384e-06,0.08513044699427397,1.5039208882300216e+28,10865053608.782568,0.1501650749306419,True,0.00014358539088344158,0.1,0.09759000729485333
True,0.017556450474439968,5.292195517502382e-29,2.625669157724712e-18,1.6980500914943577,6.432853483504458e-18,3.8071843257797454e-18,1.7406656782294554e+24,0.00011735231936241065,0.00011176411367848632,2.0219998529542743e-06,0.0014472856897466734,242.03698685717194,2.3179366180618384e-06,0.08513044699427397,1.779938245127189e+28,10865053608.782568,0.1501650749306419,True,0.00013198369513914057,0.1,0.09759000729485333
True,0.01909970622689944,4.4715278213488914e-29,2.218503199587897e-18,1.6980500914943577,5.4353024613358634e-18,3.2167992617479663e-18,2.4382332695882676e+24,0.00013889020561006141,0.00013227638629529658,2.0219998529542743e-06,0.0013303450447116104,222.4804047905207,2.3179366180618384e-06,0.08513044699427397,2.1066135734008633e+28,10865053608.782568,0.1501650749306419,True,0.0001213194161007817,0.1,0.09759000729485333
True,0.020778618006240163,3.7781221406070434e-29,1.874477000311302e-18,1.6980500914943577,4.5924429838109065e-18,2.7179659834996042e-18,3.415349398383132e+24,0.0001643809795938655,0.0001565533138989195,2.0219998529542747e-06,0.0012228532006687048,204.50399403196494,2.3179366180618384e-06,0.08513044699427397,2.493244223380152e+28,10865053608.782568,0.1501650749306419,True,0.00011151681052358832,0.1,0.09759000729485331
True,0.02260511031531905,3.1922437877260357e-29,1.5837993947219644e-18,1.6980500914943577,3.880286830324888e-18,2.2964874356029235e-18,4.7840424698190497e+24,0.0001945501220446129,0.00018528583051867893,2.0219998529542743e-06,0.001124046694750427,187.98007678206022,2.3179366180618384e-06,0.08513044699427397,2.950833905139575e+28,10865053608.782568,0.1501650749306419,True,0.00010250625521493723,0.1,0.09759000729485333
True,0.024592155850513473,2.697218359022703e-29,1.3381975464650024e-18,1.6980500914943577,3.278565665087139e-18,1.9403681186221367e-18,6.701236003516174e+24,0.00023025626250122602,0.0002192916785725962,2.0219998529542743e-06,0.0010332237518685303,172.79129160414348,2.3179366180618384e-06,0.08513044699427397,3.492405859830453e+28,10865053608.782568,0.1501650749306419,True,9.422375253430753e-05,0.1,0.09759000729485333
True,0.026753867640544104,2.2789571724505997e-29,1.1306814987634981e-18,1.6980500914943577,2.7701541897067136e-18,1.6394726909432158e-18,9.386740242822289e+24,0.00027251561635554145,0.0002595386822433728,2.0219998529542743e-06,0.0009497393003431336,158.8297598624958,2.3179366180618384e-06,0.08513044699427397,4.133373507920695e+28,10865053608.782568,0.1501650749306419,True,8.661047584882122e-05,0.1,0.09759000729485333
True,0.02910559928452991,1.9255562963563233e-29,9.553452366006903e-19,1.6980500914943577,2.3405827482627854e-18,1.3852375116620953e-18,1.3148453858360937e+25,0.00032253090687270764,0.00030717229225972156,2.0219998529542743e-06,0.0008730003902688427,145.99631951228,2.3179366180618384e-06,0.08513044699427397,4.891979123185313e+28,10865053608.782568,0.1501650749306419,True,7.961235171596398e-05,0.1,0.09759000729485333
True,0.03166405400121802,1.6269577573721845e-29,8.0719859845034305e-19,1.6980500914943577,1.977625513345662e-18,1.1704269148953188e-18,1.8417665173769267e+25,0.00038172559532299237,0.0003635481860218975,2.0219998529542747e-06,0.0008024619820767659,134.19982079923054,2.3179366180618384e-06,0.08513044699427397,5.789813017338402e+28,10865053608.782568,0.1501650749306419,True,7.317967582593089e-05,0.1,0.09759000729485331
True,0.03444740326391264,1.3746632852450822e-29,6.820252536754311e-19,1.6980500914943577,1.6709525326282563e-18,9.889272789528253e-19,2.57985002728949e+25,0.0004517843934324129,0.00043027085088801224,2.0219998529542743e-06,0.0007376230753806058,123.35647886678954,2.3179366180618384e-06,0.08513044699427397,6.852428011572125e+28,10865053608.782568,0.1501650749306419,True,6.726675997582042e-05,0.1,0.09759000729485333
True,0.037475415863710185,1.1614924476299757e-29,5.762627035577661e-19,1.6980500914943577,1.4118357330318053e-18,8.355730294740392e-19,3.61371873172322e+25,0.0005347012111576895,0.000509239248721609,2.0219998529542743e-06,0.0006780231506118787,113.38927867256818,2.3179366180618384e-06,0.08513044699427397,8.110066683183538e+28,10865053608.782568,0.1501650749306419,True,6.183160756830353e-05,0.1,0.09759000729485333
True,0.04076959831771378,9.813782912380274e-30,4.869008907252848e-19,1.6980500914943577,1.1929005152110496e-18,7.059996244857648e-19,5.061907837227125e+25,0.0006328359044041918,0.0006027008613373255,2.0219998529542743e-06,0.0006232388981709256,104.2274279875442,2.3179366180618384e-06,0.08513044699427397,9.598522085107397e+28,10865053608.782568,0.1501650749306419,True,5.6835615329992865e-05,0.1,0.09759000729485333
True,0.044353347619480454,8.291946731797372e-30,4.113965313483298e-19,1.6980500914943577,1.007915868608158e-18,5.965193372598282e-19,7.090455249781697e+25,0.0007489814377565801,0.0007133156550062667,2.021999852954274e-06,0.0005728812118624202,95.8058545929073,2.3179366180618384e-06,0.08513044699427397,1.1360156434882601e+29,10865053608.782568,0.1501650749306419,True,5.224329913095853e-05,0.1,0.09759000729485336
True,0.048252117416612984,7.00610368263064e-30,3.47600731954562e-19,1.6980500914943577,8.516170336403987e-19,5.040163016858367e-19,9.931938167546112e+25,0.0008864433737084886,0.0008442317844842748,2.021999852954274e-06,0.0005265924252612152,88.06474410338721,2.3179366180618384e-06,0.08513044699427397,1.3445106765471445e+29,10865053608.782568,0.1501650749306419,True,4.802204195802017e-05,0.1,0.09759000729485336
True,0.05249359879577628,5.919658000640682e-30,2.936978307992677e-19,1.6980500914943577,7.195556638948254e-19,4.258578330955576e-19,1.3912138542443547e+26,0.001049133950696208,0.0009991751911392456,2.0219998529542743e-06,0.00048404377137975204,80.94911513444423,2.3179366180618384e-06,0.08513044699427397,1.591271185138342e+29,10865053608.782568,0.1501650749306419,True,4.414186225179036e-05,0.1,0.09759000729485333
True,0.05710791695916732,5.0016888747201024e-30,2.481537231845381e-19,1.6980500914943577,6.07973223867843e-19,3.5981950068330484e-19,1.9487394661455422e+26,0.0012416834274463183,0.0011825556451869697,2.0219998529542743e-06,0.0004449330475942761,74.40842879593932,2.3179366180618384e-06,0.08513044699427397,1.8833201021165684e+29,10865053608.782568,0.1501650749306419,True,4.05752009620785e-05,0.1,0.09759000729485333
True,0.06212784518933688,4.226070424472373e-30,2.0967220003894537e-19,1.6980500914943577,5.136940190832629e-19,3.0402181904431763e-19,2.7296921284441132e+26,0.0014695718625555,0.001399592250052857,2.0219998529542747e-06,0.00040898246924495285,68.39622973870554,2.3179366180618384e-06,0.08513044699427397,2.228969292074499e+29,10865053608.782568,0.1501650749306419,True,3.729672580921258e-05,0.1,0.09759000729485331
True,0.0675890376220525,3.570728144021064e-30,1.7715805713089837e-19,1.6980500914943577,4.340348141701659e-19,2.568767570392675e-19,3.823609695157296e+26,0.0017392850798181462,0.0016564619807791867,2.0219998529542747e-06,0.00037593669666503463,62.869816204546474,2.3179366180618384e-06,0.08513044699427397,2.6380561113469077e+29,10865053608.782568,0.1501650749306419,True,3.428315136104077e-05,0.1,0.09759000729485331
True,0.07353028248047594,3.0170106500522893e-30,1.4968592498464351e-19,1.6980500914943577,3.667284665839103e-19,2.170425415992668e-19,5.355912100326844e+26,0.002058499258156393,0.0019604754839584694,2.0219998529542743e-06,0.0003455610216260207,57.789936736186355,2.3179366180618384e-06,0.08513044699427397,3.122223384305888e+29,10865053608.782568,0.1501650749306419,True,3.1513073647706546e-05,0.1,0.09759000729485333
True,0.07999377756925682,2.549158853711718e-30,1.2647393238204802e-19,1.6980500914943577,3.0985940254612444e-19,1.8338547016407638e-19,7.502281015439174e+26,0.002436299399678337,0.002320285142550797,2.0219998529542747e-06,0.00031763970031799596,53.120511393047536,2.3179366180618384e-06,0.08513044699427397,3.69525076421873e+29,10865053608.782568,0.1501650749306419,True,2.8966818139545352e-05,0.1,0.09759000729485331
True,0.08702542998524213,2.1538574487114315e-30,1.0686145389968949e-19,1.6980500914943577,2.6180909881527488e-19,1.5494764491558537e-19,1.050880212003185e+27,0.002883437893579301,0.0027461313272183815,2.0219998529542747e-06,0.00029197442102511974,48.828375492786655,2.3179366180618384e-06,0.08513044699427397,4.3734469093712086e+29,10865053608.782568,0.1501650749306419,True,2.6626300008363674e-05,0.1,0.09759000729485331
True,0.09467518217350566,1.8198559507638848e-30,9.029030816453324e-20,1.6980500914943577,2.212100186705263e-19,1.3091971050599304e-19,1.4720179338886217e+27,0.003412640534749856,0.0032501338426189105,2.021999852954274e-06,0.0002683828956128883,44.88304405850683,2.3179366180618384e-06,0.08513044699427397,5.176113635993669e+29,10865053608.782568,0.1501650749306419,True,2.447489567960241e-05,0.1,0.09759000729485336
True,0.1029973666445142,1.5376485029276618e-30,7.628887172075123e-20,1.6980500914943577,1.8690669110297423e-19,1.1061781938222296e-19,2.0619255867034612e+27,0.0040389687065397846,0.003846636863371223,2.0219998529542743e-06,0.00024669756482319244,41.256495298629474,2.3179366180618384e-06,0.08513044699427397,6.126095258024205e+29,10865053608.782568,0.1501650749306419,True,2.249732476308238e-05,0.1,0.09759000729485333
True,0.11205109187181692,1.2992033339579638e-30,6.445865638003633e-20,1.6980500914943577,1.579228255077092e-19,9.346416912767289e-20,2.888237315065279e+27,0.004780248035588492,0.004552617176750945,2.0219998529542747e-06,0.00022676440818149746,37.9229715815862,2.3179366180618384e-06,0.08513044699427397,7.250428748205433e+29,10865053608.782568,0.1501650749306419,True,2.067954152374233e-05,0.1,0.09759000729485331
True,0.1219006621111034,1.0977341699053415e-30,5.446296803979893e-20,1.6980500914943577,1.334335259436921e-19,7.897055790389318e-20,4.045691484663265e+27,0.005657575718462068,0.005388167350916255,2.0219998529542743e-06,0.0002084418500634932,34.85879649175068,2.3179366180618384e-06,0.08513044699427397,8.581113224438885e+29,10865053608.782568,0.1501650749306419,True,1.9008635121538395e-05,0.1,0.09759000729485333
True,0.13261603412240283,9.275070932174525e-31,4.601732419329251e-20,1.6980500914943577,1.1274181416477304e-19,6.672448997148052e-20,5.666992633777661e+27,0.006695920958877807,0.006377067579883626,2.0219998529542743e-06,0.00019159975415152897,32.04220666724628,2.3179366180618384e-06,0.08513044699427397,1.0156020661380229e+30,10865053608.782568,0.1501650749306419,True,1.7472737911957102e-05,0.1,0.09759000729485333
True,0.14427331403930435,7.836773524530685e-31,3.888135740900383e-20,1.6980500914943577,9.52587932550624e-20,5.637743584605856e-20,7.938026325792255e+27,0.007924835604273124,0.007547462480260118,2.0219998529542743e-06,0.00017611849913893942,29.453197225253852,2.3179366180618384e-06,0.08513044699427397,1.2019973746602921e+30,10865053608.782568,0.1501650749306419,True,1.6060941155844246e-05,0.1,0.09759000729485333
True,0.15695529791421722,6.621514781276872e-31,3.2851974348109775e-20,1.6980500914943577,8.048688731537217e-20,4.7634912967262403e-20,1.1119171317321158e+28,0.009379295206806077,0.008932662101720073,2.0219998529542743e-06,0.00016188812911744065,27.073379676951372,2.3179366180618384e-06,0.08513044699427397,1.4226021557678504e+30,10865053608.782568,0.1501650749306419,True,1.476321753987772e-05,0.1,0.09759000729485333
True,0.1707520597789095,5.594707804356741e-31,2.775757562206247e-20,1.6980500914943577,6.800568019344657e-20,4.0248104571384096e-20,1.5575152526544195e+28,0.011100694445823048,0.010572089948402903,2.0219998529542743e-06,0.00014880757261319776,24.885851322921912,2.3179366180618384e-06,0.08513044699427397,1.6836949366609894e+30,10865053608.782568,0.1501650749306419,True,1.3570349957383707e-05,0.1,0.09759000729485333
True,0.18576159139703224,4.7271291313336445e-31,2.345317198443656e-20,1.6980500914943577,5.745995022086097e-20,3.40067782364244e-20,2.181685750692795e+28,0.013138025242036132,0.012512404992415363,2.0219998529542747e-06,0.00013678392472475935,22.8750752014095,2.3179366180618384e-06,0.08513044699427397,1.992706554143911e+30,10865053608.782568,0.1501650749306419,True,1.2473866043661187e-05,0.1,0.09759000729485331
True,0.2020904982524852,3.994087020398452e-31,1.9816257861308484e-20,1.6980500914943577,4.854956041895434e-20,2.873330255764586e-20,3.055991077239276e+28,0.015549271093154632,0.01480882961252822,2.0219998529542747e-06,0.00012573178726422727,21.026769736752634,2.3179366180618384e-06,0.08513044699427397,2.3584316401182075e+30,10865053608.782568,0.1501650749306419,True,1.1465978000850465e-05,0.1,0.09759000729485331
True,0.21985475671689472,3.374718710511449e-31,1.6743324778688952e-20,1.6980500914943577,4.1020916443780045e-20,2.4277591665091093e-20,4.280672164265841e+28,0.01840305731449053,0.017526721251895742,2.0219998529542747e-06,0.00011557266221500222,19.327807304221402,2.3179366180618384e-06,0.08513044699427397,2.791278921396554e+30,10865053608.782568,0.1501650749306419,True,1.0539527284950676e-05,0.1,0.09759000729485331
True,0.23918053777399972,2.851396656335221e-31,1.4146915457333898e-20,1.6980500914943577,3.465974915873039e-20,2.0512833701396492e-20,5.996141256562206e+28,0.021780604151246653,0.020743432524996813,2.0219998529542743e-06,0.00010623439419812729,17.76612099081308,2.3179366180618384e-06,0.08513044699427397,3.303567457499936e+30,10865053608.782568,0.1501650749306419,True,9.687933762124828e-06,0.1,0.09759000729485333
True,0.26020510315146445,2.409226839094831e-31,1.1953134732934684e-20,1.6980500914943577,2.9285016423085406e-20,1.733188169015072e-20,8.399080468899592e+28,0.02577803834908266,0.02455051271341206,2.0219998529542747e-06,9.76506579873361e-05,16.330618889772925,2.3179366180618384e-06,0.08513044699427397,3.909877247520729e+30,10865053608.782568,0.1501650749306419,True,8.905148973174024e-06,0.1,0.09759000729485331
True,0.28307778022491015,2.035624875030544e-31,1.0099546461177235e-20,1.6980500914943577,2.4743750538204996e-20,1.4644204077027758e-20,1.1764991801326519e+29,0.030509128971463313,0.029056313306155535,2.0219998529542743e-06,8.976048743287134e-05,15.011105320115435,2.3179366180618384e-06,0.08513044699427397,4.6274641845059135e+30,10865053608.782568,0.1501650749306419,True,8.185613174240936e-06,0.1,0.09759000729485333
True,0.307961022618444,1.7199578572684134e-31,8.533396552490322e-21,1.6980500914943577,2.0906704706994035e-20,1.2373308154503714e-20,1.6479784018954146e+29,0.036108525326579405,0.03438907173959943,2.0219998529542743e-06,8.250784244824555e-05,13.798208411606057,2.3179366180618384e-06,0.08513044699427397,5.476751167178819e+30,10865053608.782568,0.1501650749306419,True,7.524215848623202e-06,0.1,0.09759000729485333
True,0.33503156403461193,1.4532417377415695e-31,7.210111563125156e-21,1.6980500914943577,1.7664674602605932e-20,1.0454563039480776e-20,2.3084017897977204e+29,0.042735589156929335,0.04070056110183746,2.0219998529542747e-06,7.584121098446161e-05,12.683313540874684,2.3179366180618384e-06,0.08513044699427397,6.481909346295068e+30,10865053608.782568,0.1501650749306419,True,6.916259409231423e-06,0.1,0.09759000729485331
True,0.36448167350888566,1.2278856364935664e-31,6.092030111683953e-21,1.6980500914943577,1.4925390356308152e-20,8.833360244624199e-21,3.2334882647809684e+29,0.05057893015767933,0.04817040967398031,2.0219998529542743e-06,6.97132431647039e-05,11.658502145889162,2.3179366180618384e-06,0.08513044699427397,7.671546048207661e+30,10865053608.782568,0.1501650749306419,True,6.357425833887406e-06,0.1,0.09759000729485333
True,0.3965205210041451,1.0374758012732816e-31,5.147331016550566e-21,1.6980500914943577,1.2610890508864133e-20,7.463559492313566e-21,4.529300923559075e+29,0.05986177390702014,0.05701121324478108,2.0219998529542743e-06,6.40804149809375e-05,10.716495484217816,2.3179366180618384e-06,0.08513044699427397,9.079518954304652e+30,10865053608.782568,0.1501650749306419,True,5.843745996489503e-06,0.1,0.09759000729485333
True,0.43137566304431935,8.765930687986164e-32,4.349127648454738e-21,1.6980500914943577,1.0655303186716599e-20,6.3061755382618606e-21,6.344407394205501e+29,0.07084831498261987,0.06747458569773321,2.0219998529542743e-06,5.890271916381298e-05,9.85060293562283,2.3179366180618384e-06,0.08513044699427397,1.074589970829123e+31,10865053608.782568,0.1501650749306419,True,5.3715714762189544e-06,0.1,0.09759000729485333
True,0.4692946589389276,7.406586325413168e-32,3.674702722971386e-21,1.6980500914943577,9.002971354088704e-21,5.328268631117318e-21,8.88691342504579e+29,0.08385123607718334,0.07985832007350793,2.0219998529542743e-06,5.414338103027469e-05,9.054674481802717,2.3179366180618384e-06,0.08513044699427397,1.2718114376082283e+31,10865053608.782568,0.1501650749306419,True,4.9375486445616095e-06,0.1,0.09759000729485333
True,0.5105468290777841,6.258037275035792e-32,3.104861754750104e-21,1.6980500914943577,7.60686878469936e-21,4.502007029949256e-21,1.2448322643402481e+30,0.09924060711106991,0.09451486391530467,2.0219998529542743e-06,4.9768597290674685e-05,8.323057025770332,2.3179366180618384e-06,0.08513044699427397,1.505229321638914e+31,10865053608.782568,0.1501650749306419,True,4.538594846097602e-06,0.1,0.09759000729485333
True,0.5554251677841955,5.287595231471577e-32,2.6233867724447562e-21,1.6980500914943577,6.427261670820949e-21,3.803874898376193e-21,1.7436958055372263e+30,0.11745441761536167,0.11186135010986825,2.0219998529542743e-06,4.57472959602645e-05,7.650554240623897,2.3179366180618384e-06,0.08513044699427397,1.7814868177176211e+31,10865053608.782568,0.1501650749306419,True,4.171876503882544e-06,0.1,0.09759000729485333
True,0.6042484243127103,4.467640907703134e-32,2.2165747467851516e-21,1.6980500914943577,5.430577778375172e-21,3.21400303159002e-21,2.442477713139566e+30,0.13901104214249557,0.13239146870713864,2.0219998529542743e-06,4.205091566983285e-05,7.032389662536406,2.3179366180618384e-06,0.08513044699427397,2.10844635835694e+31,10865053608.782568,0.1501650749306419,True,3.834788993913415e-06,0.1,0.09759000729485333
True,0.6573633667717687,3.774837975755476e-32,1.8728475952125818e-21,1.6980500914943577,4.5884509636302574e-21,2.7156033684176764e-21,3.4212947924970644e+30,0.164523993476558,0.1566895175967219,2.0219998529542743e-06,3.865320280803696e-05,6.464172765830353,2.3179366180618384e-06,0.08513044699427397,2.4954133827182186e+31,10865053608.782568,0.1501650749306419,True,3.5249381457369925e-06,0.1,0.09759000729485333
True,0.7151472450507887,3.1894689026230373e-32,1.5824226636078031e-21,1.6980500914943577,3.876913857946579e-21,2.294491194338776e-21,4.7923704663497476e+30,0.1947193835273017,0.1854470319307635,2.0219998529542743e-06,3.5530025054628626e-05,5.941867779185581,2.3179366180618384e-06,0.08513044699427397,2.9534011742664377e+31,10865053608.782568,0.1501650749306419,True,3.24012323780866e-06,0.1,0.09759000729485333
True,0.7780104702446848,2.6948737789900736e-32,1.3370343068493963e-21,1.6980500914943577,3.2757157439569817e-21,1.9386814371075853e-21,6.712901424661735e+30,0.23045658885404338,0.2194824655752794,2.0219998529542743e-06,3.2659199980190434e-05,5.4617650214966975,2.3179366180618384e-06,0.08513044699427397,3.495444304565279e+31,10865053608.782568,0.1501650749306419,True,2.9783213668257632e-06,0.1,0.09759000729485333
True,0.846399529606477,2.2769761695170151e-32,1.1296986442399126e-21,1.6980500914943577,2.767746209582019e-21,1.6380475653421065e-21,9.40308055348424e+30,0.2727527089710354,0.2597644847343194,2.0219998529542743e-06,3.0020337495008832e-05,5.020454553792439,2.3179366180618384e-06,0.08513044699427397,4.136969603986352e+31,10865053608.782568,0.1501650749306419,True,2.7376730800184186e-06,0.1,0.09759000729485333
True,0.9208001577315016,1.9238824901444404e-32,9.545147946164485e-22,1.6980500914943577,2.3385481767725197e-21,1.384033382156071e-21,1.317134250928895e+31,0.32281151353044985,0.3074395366956665,2.0219998529542743e-06,2.7594695028073933e-05,4.614801960079251,2.3179366180618384e-06,0.08513044699427397,4.89623521735257e+31,10865053608.782568,0.1501650749306419,True,2.51646916835083e-06,0.1,0.09759000729485333
True,1.0017407864966161,1.6255435104836794e-32,8.06496934193179e-22,1.6980500914943577,1.9759064455234003e-21,1.1694095113302214e-21,1.8449726396602963e+31,0.3820577022349058,0.3638644783189579,2.021999852954274e-06,2.5365044407612314e-05,4.241926085092044,2.3179366180618384e-06,0.08513044699427397,5.794850240268449e+31,10865053608.782568,0.1501650749306419,True,2.3131385268315938e-06,0.1,0.09759000729485336
True,1.089796298257657,1.3734683474754382e-32,6.814323974143995e-22,1.6980500914943577,1.6695000429066267e-21,9.880676454922273e-22,2.584340995380292e+31,0.45217745253453234,0.4306451928900308,2.0219998529542743e-06,2.3315549497669283e-05,3.89917857083413,2.3179366180618384e-06,0.08513044699427397,6.858389725258391e+31,10865053608.782568,0.1501650749306419,True,2.12623699571061e-06,0.1,0.09759000729485333
True,1.1855921089623183,1.1604828104266504e-32,5.757617822942762e-22,1.6980500914943577,1.4106084827953001e-21,8.348467005010239e-22,3.6200094444939735e+31,0.5351664091171924,0.509682294397326,2.021999852954275e-06,2.1431653721651713e-05,3.584125046564117,2.3179366180618384e-06,0.08513044699427397,8.117122561108844e+31,10865053608.782568,0.1501650749306419,True,1.9544371033069612e-06,0.1,0.09759000729485329
True,1.2898086101788073,9.805252197993003e-33,4.864776479787547e-22,1.6980500914943577,1.1918635762774547e-21,7.053859282986999e-22,5.070719538037285e+31,0.6333864809977835,0.603225219997889,2.021999852954274e-06,1.969997667396611e-05,3.294527838631446,2.3179366180618384e-06,0.08513044699427397,9.60687294123986e+31,10865053608.782568,0.1501650749306419,True,1.7965186376160676e-06,0.1,0.09759000729485336
True,1.4031860015899118,8.284738886472596e-33,4.110389214093105e-22,1.6980500914943577,1.0070397291542641e-21,5.960008077449535e-22,7.102798218535379e+31,0.7496330626814525,0.7139362501728118,2.0219998529542747e-06,1.8108219085433216e-05,3.0283300773567006,2.3179366180618384e-06,0.08513044699427397,1.1370039938945906e+32,10865053608.782568,0.1501650749306419,True,1.65135997973069e-06,0.1,0.09759000729485331
True,1.5265295482753287,7.000013567328755e-33,3.472985770575582e-22,1.6980500914943577,8.508767582801042e-22,5.03578181222546e-22,9.949227551393405e+31,0.8872145925500748,0.8449662786191189,2.0219998529542747e-06,1.664507546749452e-05,2.783641088075552,2.3179366180618384e-06,0.08513044699427397,1.3456804207149286e+32,10865053608.782568,0.1501650749306419,True,1.5179301375213046e-06,0.1,0.09759000729485331
True,1.6607153001222132,5.914512287501858e-33,2.9344253145822055e-22,1.6980500914943577,7.18930184005038e-22,4.254876525468174e-22,1.3936356605357296e+32,1.0500467127452255,1.0000444883287862,2.021999852954274e-06,1.53001538147648e-05,2.5587229625860046,2.3179366180618384e-06,0.08513044699427397,1.5926556145970653e+32,10865053608.782568,0.1501650749306419,True,1.3952814229948882e-06,0.1,0.09759000729485336
True,1.8066963139861723,4.997341114062957e-33,2.4793801344696547e-22,1.6980500914943577,6.074447379644733e-22,3.5950672451750783e-22,1.9521318054936314e+32,1.242763710387038,1.1835844860828932,2.0219998529542743e-06,1.4063901795616123e-05,2.351978215622318,2.3179366180618384e-06,0.08513044699427397,1.8849586184511347e+32,10865053608.782568,0.1501650749306419,True,1.2825427213229149e-06,0.1,0.09759000729485333
True,1.9655094227957095,4.222396876759594e-33,2.0948994069314122e-22,1.6980500914943577,5.132474861816946e-22,3.037575454885534e-22,2.7344439396412064e+32,1.4708504118041905,1.4008099160039909,2.0219998529542747e-06,1.2927538906560681e-05,2.1619384386855116,2.3179366180618384e-06,0.08513044699427397,2.2309085283148973e+32,10865053608.782568,0.1501650749306419,True,1.1789133037317142e-06,0.1,0.09759000729485331
True,2.138282599677844,3.5676242581675594e-33,1.77004060980762e-22,1.6980500914943577,4.336575257109795e-22,2.5665346473021747e-22,3.830265783282927e+32,1.740798283553684,1.6579031271939846,2.0219998529542743e-06,1.1882994108557652e-05,1.9872538706440497,2.3179366180618384e-06,0.08513044699427397,2.6403512591686025e+32,10865053608.782568,0.1501650749306419,True,1.083657140311113e-06,0.1,0.09759000729485333
True,2.3262429694086837,3.014388087846795e-33,1.4955580921937356e-22,1.6980500914943577,3.6640968474065587e-22,2.1685387552128234e-22,5.3652355997881556e+32,2.0602901829468157,1.962181126616015,2.0219998529542743e-06,1.0922848502304993e-05,1.82668381102975,2.3179366180618384e-06,0.08513044699427397,3.124939764813695e+32,10865053608.782568,0.1501650749306419,True,9.960976723480066e-07,0.1,0.09759000729485333
True,2.53072552409051,2.5469429756652053e-33,1.2636399383906024e-22,1.6980500914943577,3.0959005462117743e-22,1.8322606078211717e-22,7.515340884924666e+32,2.4384190161778267,2.3223038249312635,2.0219998529542743e-06,1.0040282635365878e-05,1.679087807939081,2.3179366180618384e-06,0.08513044699427397,3.698465687019525e+32,10865053608.782568,0.1501650749306419,True,9.156130070552181e-07,0.1,0.09759000729485333
True,2.753182604958582,2.151985189778266e-33,1.067685636706753e-22,1.6980500914943577,2.61581519026123e-22,1.5481295535544772e-22,1.0527095700858018e+33,2.8859465271796263,2.7485205020758343,2.0219998529542747e-06,9.229028066878045e-06,1.5434175579518243,2.3179366180618384e-06,0.08513044699427397,4.377251872845719e+32,10865053608.782568,0.1501650749306419,True,8.416315005661469e-07,0.1,0.09759000729485331
True,2.9951942176623927,1.8182740254777295e-33,9.02118225450971e-23,1.6980500914943577,2.210177299776004e-22,1.308059074325033e-22,1.4745804028307116e+33,3.4156095824724977,3.252961507116664,2.0219998529542743e-06,8.483322845833295e-06,1.4187094605360857,2.3179366180618384e-06,0.08513044699427397,5.180616931388123e+32,10865053608.782568,0.1501650749306419,True,7.736276978233292e-07,0.1,0.09759000729485333
True,3.2584792542858563,1.5363118888692909e-33,7.622255696920363e-23,1.6980500914943577,1.867442208697212e-22,1.1052166390051757e-22,2.065514958921822e+33,4.042482669032422,3.849983494316592,2.0219998529542743e-06,7.797870586710844e-06,1.3040777740571854,2.3179366180618384e-06,0.08513044699427397,6.1314250514757305e+32,10865053608.782568,0.1501650749306419,True,7.111186005238955e-07,0.1,0.09759000729485333
True,3.5449077018110318,1.2980739903937268e-33,6.440262514393998e-23,1.6980500914943577,1.5778554974650104e-22,9.338292460256107e-23,2.8932651195823387e+33,4.7844069220575225,4.556578021007164,2.0219998529542747e-06,7.167802851798382e-06,1.198708324780845,2.3179366180618384e-06,0.08513044699427397,7.256736728417148e+32,10865053608.782568,0.1501650749306419,True,6.536602366149351e-07,0.1,0.09759000729485331
True,1e-06,4.207859474374958e-21,3.237229024385585e-10,1.6980500914943577,5.114804127759251e-10,1.8775751033736662e-10,18321815.406698287,6.091696091268281e-14,5.80161532501741e-14,8.087999411817098e-07,10.163679813761267,1699724.149096247,2.3179366180618384e-06,0.08513044699427397,3.609204753262807e+20,10865053608.782568,0.1501650749306419,True,2.317165207143905,0.25,0.2439750182371333
True,1.0879024922894468e-06,3.555341189827006e-21,2.735227676064728e-10,1.6980500914943577,4.321644746946039e-10,1.5864170708813112e-10,25664238.941797663,7.209716239330428e-14,6.866396418409931e-14,8.087999411817097e-07,9.342454756558386,1562386.4832952502,2.3179366180618384e-06,0.08513044699427397,4.271608716325477e+20,10865053608.782568,0.1501650749306419,True,2.1299383203613442,0.25,0.24397501823713333
True,1.1835318327295895e-06,3.0040097710150256e-21,2.3110723348745512e-10,1.6980500914943577,3.6514816310255e-10,1.3404092961509489e-10,35949121.08004786,8.532928674195024e-14,8.126598737328594e-14,8.087999411817098e-07,8.587584662020188,1436145.6972189406,2.3179366180618384e-06,0.08513044699427397,5.0555848927363806e+20,10865053608.782568,0.1501650749306419,True,1.9578393610248799,0.25,0.2439750182371333
True,1.287567230530417e-06,2.5381740380289154e-21,1.9526913184451536e-10,1.6980500914943577,3.0852415879715346e-10,1.1325502695263812e-10,50355645.04206644,1.00989927123209e-13,9.618088297448477e-14,8.087999411817096e-07,7.893708050937508,1320105.1632822624,2.3179366180618384e-06,0.08513044699427397,5.983445653620315e+20,10865053608.782568,0.1501650749306419,True,1.7996459930013455,0.25,0.24397501823713336
True,1.4007475990842613e-06,2.1445760627959643e-21,1.649884916015858e-10,1.6980500914943577,2.6068091306475597e-10,9.56924214631702e-11,70535548.8930139,1.1952479353535932e-13,1.138331367003422e-13,8.087999411817098e-07,7.255896651477947,1213440.7013850615,2.3179366180618384e-06,0.08513044699427397,7.081598400467148e+20,10865053608.782568,0.1501650749306419,True,1.654234644884454,0.25,0.2439750182371333
True,1.5238768041122235e-06,1.812013841528807e-21,1.3940350993439026e-10,1.6980500914943577,2.2025678216321942e-10,8.085327222882914e-11,98802500.76197891,1.41461397949529e-13,1.3472514090431333e-13,8.087999411817097e-07,6.669620396041395,1115394.72515724,2.3179366180618384e-06,0.08513044699427397,8.38129713355978e+20,10865053608.782568,0.1501650749306419,True,1.5205725298075086,0.25,0.24397501823713333
True,1.6578293731357647e-06,1.5310224798514665e-21,1.1778602491230233e-10,1.6980500914943577,1.8610127423040184e-10,6.83152493180995e-11,138397365.72586283,1.674240675756959e-13,1.594514929292342e-13,8.087999411817099e-07,6.130715246368682,1025270.8611871433,2.3179366180618384e-06,0.08513044699427397,9.91953195713326e+20,10865053608.782568,0.1501650749306419,True,1.3977103100550172,0.25,0.24397501823713327
True,1.8035567068250495e-06,1.2936048169658908e-21,9.952079162978776e-11,1.6980500914943577,1.572423056853442e-10,5.772151405555645e-11,193859777.7600888,1.9815171354090598e-13,1.887159176580057e-13,8.087999411817097e-07,5.635353618380668,942429.0030161636,2.3179366180618384e-06,0.08513044699427397,1.1740081837045662e+21,10865053608.782568,0.1501650749306419,True,1.2847753543735272,0.25,0.24397501823713333
True,1.9620938363403183e-06,1.0930038222820247e-21,8.40879720153045e-11,1.6980500914943577,1.3285853522223816e-10,4.8770563206933646e-11,271548618.25645274,2.345188606855771e-13,2.233512958910258e-13,8.087999411817098e-07,5.180017196689471,866280.7647704346,2.3179366180618384e-06,0.08513044699427397,1.3894760572994018e+21,10865053608.782568,0.1501650749306419,True,1.1809655400915293,0.25,0.2439750182371333
True,2.134566774660394e-06,9.235102868008376e-22,7.104833996849216e-11,1.6980500914943577,1.1225598800821887e-10,4.120764803972671e-11,380371075.057375,2.7756053699685653e-13,2.6434336856843475e-13,8.087999411817098e-07,4.761471945696471,796285.3021389646,2.3179366180618384e-06,0.08513044699427397,1.644489144629445e+21,10865053608.782568,0.1501650749306419,True,1.0855435560279258,0.25,0.2439750182371333
True,2.322200514111288e-06,7.803003360466768e-22,6.003078075613124e-11,1.6980500914943577,9.484830479744846e-11,3.481752404131723e-11,532803870.1477171,3.285017310452984e-13,3.1285879147171276e-13,8.087999411817097e-07,4.3767451397929475,731945.4710166298,2.3179366180618384e-06,0.08513044699427397,1.9463052512472025e+21,10865053608.782568,0.1501650749306419,True,0.9978316657253388,0.25,0.24397501823713333
True,2.526327726897505e-06,6.592981400821837e-22,5.072172889315679e-11,1.6980500914943577,8.014005384096766e-11,2.9418324947810884e-11,746323741.8922174,3.887922557988849e-13,3.7027833885608084e-13,8.087999411817098e-07,4.023104249519886,672804.2965287084,2.3179366180618384e-06,0.08513044699427397,2.3035142210598255e+21,10865053608.782568,0.1501650749306419,True,0.9172068938140241,0.25,0.2439750182371333
True,2.7483982304317225e-06,5.570599132611765e-22,4.285624390530928e-11,1.6980500914943577,6.77126306405636e-11,2.4856386735254315e-11,1045411189.5950966,4.601480110567236e-13,4.3823620100640343e-13,8.087999411817097e-07,3.698037533725503,618441.7273581389,2.3179366180618384e-06,0.08513044699427397,2.726282407769598e+21,10865053608.782568,0.1501650749306419,True,0.8430966013174593,0.25,0.24397501823713333
True,2.989989284690576e-06,4.706759022918922e-22,3.621046998496825e-11,1.6980500914943577,5.721234424628644e-11,2.1001874261318186e-11,1464357213.8811536,5.445998188528395e-13,5.186664941455614e-13,8.087999411817096e-07,3.3992361998759026,568471.6523230434,2.3179366180618384e-06,0.08513044699427397,3.226642014605992e+21,10865053608.782568,0.1501650749306419,True,0.7749744184731084,0.25,0.24397501823713336
True,3.2528167947336175e-06,3.9768757313976793e-22,3.059526493804205e-11,1.6980500914943577,4.834035102743044e-11,1.7745086089388394e-11,2051194851.5457435,6.445512217111038e-13,6.138583063915275e-13,8.087999411817098e-07,3.1245780058122206,522539.15801472066,2.3179366180618384e-06,0.08513044699427397,3.8188335371089226e+21,10865053608.782568,0.1501650749306419,True,0.7123565061811801,0.25,0.2439750182371333
True,3.5387474979516724e-06,3.3601763986573776e-22,2.5850817098412902e-11,1.6980500914943577,4.084414942684107e-11,1.499333232842816e-11,2873206263.5566993,7.628468887198389e-13,7.265208463998465e-13,8.087999411817097e-07,2.872112186485272,480318.00801840064,2.3179366180618384e-06,0.08513044699427397,4.5197110550637456e+21,10865053608.782568,0.1501650749306419,True,0.6547981195282075,0.25,0.24397501823713333
True,3.849812222604668e-06,2.8391094398430975e-22,2.1842097004516524e-11,1.6980500914943577,3.4510393634822546e-11,1.2668296630306026e-11,4024636775.350905,9.02853576298656e-13,8.598605488558627e-13,8.087999411817098e-07,2.6400455986096967,441508.3258129054,2.3179366180618384e-06,0.08513044699427397,5.34922190840778e+21,10865053608.782568,0.1501650749306419,True,0.6018904489778414,0.25,0.2439750182371333
True,4.188220311817992e-06,2.3988450173707905e-22,1.8455014390396156e-11,1.6980500914943577,2.915882165605205e-11,1.0703807265655892e-11,5637500300.259006,1.0685559478432127e-12,1.0176723312792502e-12,8.087999411817097e-07,2.4267299848296395,405834.464891949,2.3179366180618384e-06,0.08513044699427397,6.330974408935133e+21,10865053608.782568,0.1501650749306419,True,0.553257716793338,0.25,0.24397501823713333
True,4.556375315484077e-06,2.0268529760102139e-22,1.5593171117191844e-11,1.6980500914943577,2.4637124959117338e-11,9.043953841925496e-12,7896715010.4246025,1.2646699793249814e-12,1.204447599357125e-12,8.087999411817098e-07,2.230650266939535,373043.05097958446,2.3179366180618384e-06,0.08513044699427397,7.492909745171129e+21,10865053608.782568,0.1501650749306419,True,0.5085545080690362,0.25,0.2439750182371333
True,4.956892061521242e-06,1.712546228127777e-22,1.317511763179971e-11,1.6980500914943577,2.081661369622524e-11,7.641496064425532e-12,11061304591.504913,1.4967771784285877e-12,1.425502074693893e-12,8.087999411817098e-07,2.050413785012315,342901.1824345861,2.3179366180618384e-06,0.08513044699427397,8.868097203179789e+21,10865053608.782568,0.1501650749306419,True,0.4674633174144163,0.25,0.2439750182371333
True,5.392615227738732e-06,1.4469794396472775e-22,1.1132034870083572e-11,1.6980500914943577,1.7588554122972515e-11,6.4565192528889445e-12,15494095849.29022,1.77148343717341e-12,1.6871270830222953e-12,8.087999411817098e-07,1.8847404060057829,315194.77606211236,2.3179366180618384e-06,0.08513044699427397,1.0495675335703525e+22,10865053608.782568,0.1501650749306419,True,0.42969229386602353,0.25,0.2439750182371333
True,5.866639546214977e-06,1.2225944411736707e-22,9.405775630394079e-12,1.6980500914943577,1.486107397923379e-11,5.455298348839712e-12,21703317560.87452,2.09660703904795e-12,1.9967686086170952e-12,8.087999411817096e-07,1.7324534315933282,289727.04658374144,2.3179366180618384e-06,0.08513044699427397,1.2421965865799895e+22,10865053608.782568,0.1501650749306419,True,0.3949731680104477,0.25,0.24397501823713336
True,6.3823317836911014e-06,1.0330051185475859e-22,7.947209673863576e-12,1.6980500914943577,1.2556547756691575e-11,4.609338082827997e-12,30400869965.558254,2.481401171438178e-12,2.3632392108935024e-12,8.087999411817096e-07,1.5924712406416592,266317.1089662849,2.3179366180618384e-06,0.08513044699427397,1.470179202725455e+22,10865053608.782568,0.1501650749306419,True,0.36305934659570704,0.25,0.24397501823713336
True,6.943354654095699e-06,8.728156607035715e-23,6.7148254521679044e-12,1.6980500914943577,1.0609387436358428e-11,3.894561984190523e-12,42583945614.32856,2.936817276169578e-12,2.796968834447217e-12,8.087999411817097e-07,1.4637996069761439,244798.69368240103,2.3179366180618384e-06,0.08513044699427397,1.7400038862425843e+22,10865053608.782568,0.1501650749306419,True,0.33372416109798897,0.25,0.24397501823713333
True,7.55369283304024e-06,7.374669920711719e-23,5.673548667196763e-12,1.6980500914943577,8.964175819327064e-12,3.2906271521303003e-12,59649359578.80547,3.4758167332569017e-12,3.3103016507208587e-12,8.087999411817098e-07,1.3455246378704744,225018.9657781114,2.3179366180618384e-06,0.08513044699427397,2.059349988441294e+22,10865053608.782568,0.1501650749306419,True,0.30675925780414387,0.25,0.2439750182371333
True,8.217681259053408e-06,6.231070189048868e-23,4.793744038224818e-12,1.6980500914943577,7.574089324368156e-12,2.7803452861433386e-12,83553697216.92555,4.1137397485437175e-12,3.917847379565445e-12,8.087999411817099e-07,1.2368062831061932,206837.43935963244,2.3179366180618384e-06,0.08513044699427397,2.437306266051583e+22,10865053608.782568,0.1501650749306419,True,0.28197311797547353,0.25,0.24397501823713327
True,8.940035922564481e-06,5.2648099668583467e-23,4.0503718663561126e-12,1.6980500914943577,6.399565364372135e-12,2.3491934980160223e-12,117037640771.2218,4.868741943966506e-12,4.63689708949191e-12,8.087999411817098e-07,1.1368723685000337,190124.97978964215,2.3179366180618384e-06,0.08513044699427397,2.8846295519833436e+22,10865053608.782568,0.1501650749306419,True,0.25918969758224614,0.25,0.2439750182371333
True,9.725887361315082e-06,4.4483889839414543e-23,3.422275391625678e-12,1.6980500914943577,5.407176374472972e-12,1.9849009828472944e-12,163940194312.7752,5.762311076030103e-12,5.48791531050486e-12,8.087999411817098e-07,1.0450131115220922,174762.88650606162,2.3179366180618384e-06,0.08513044699427397,3.4140509004047824e+22,10865053608.782568,0.1501650749306419,True,0.23824717694762507,0.25,0.2439750182371333
True,1.0580817100101087e-05,3.758571473047846e-23,2.8915786605695835e-12,1.6980500914943577,4.568678446106832e-12,1.6770997855372487e-12,229638833577.0253,6.819878588571893e-12,6.495122465306564e-12,8.087999411817097e-07,0.9605760800519048,160642.04994905432,2.3179366180618384e-06,0.08513044699427397,4.040637919188162e+22,10865053608.782568,0.1501650749306419,True,0.21899681142033606,0.25,0.24397501823713333
True,1.1510897293658791e-05,3.175724867813151e-23,2.4431777672601332e-12,1.6980500914943577,3.860207490634225e-12,1.417029723374092e-12,321666044789.531,8.071543404925814e-12,7.68718419516744e-12,8.087999411817098e-07,0.8829615584668894,147662.1766083,2.3179366180618384e-06,0.08513044699427397,4.782223601893459e+22,10865053608.782568,0.1501650749306419,True,0.20130187491294896,0.25,0.2439750182371333
True,1.252273385425922e-05,2.683261049674484e-23,2.064310988260807e-12,1.6980500914943577,3.261600054923248e-12,1.1972890666624404e-12,450572939945.86237,9.552928558988244e-12,9.098027199036423e-12,8.087999411817098e-07,0.8116182881507463,135731.07668643285,2.3179366180618384e-06,0.08513044699427397,5.659913864071641e+22,10865053608.782568,0.1501650749306419,True,0.18503668880224525,0.25,0.2439750182371333
True,1.3623513370326033e-05,2.267164241358896e-23,1.7441955773169778e-12,1.6980500914943577,2.7558194589502432e-12,1.0116238816332656e-12,631138963841.5034,1.1306195045354185e-11,1.0767804805099224e-11,8.087999411817097e-07,0.7460395521686217,124764.00931924724,2.3179366180618384e-06,0.08513044699427397,6.698688228636323e+22,10865053608.782568,0.1501650749306419,True,0.1700857292943994,0.25,0.24397501823713333
True,1.4821054149316291e-05,1.9155921105477283e-23,1.4737208827702794e-12,1.6980500914943577,2.3284709229953478e-12,8.547500402250684e-13,884066388289.5143,1.3381241743226246e-11,1.2744039755453568e-11,8.087999411817097e-07,0.6857595763004566,114683.08070210084,2.3179366180618384e-06,0.08513044699427397,7.928110756122074e+22,10865053608.782568,0.1501650749306419,True,0.15634280691503968,0.25,0.24397501823713333
True,1.612386174739804e-05,1.6185387309184427e-23,1.245189053657665e-12,1.6980500914943577,1.967391884699185e-12,7.222028310415202e-13,1238353870827.632,1.5837125564558256e-11,1.508297672815072e-11,8.087999411817098e-07,0.6303502208707173,105416.69084768336,2.3179366180618384e-06,0.08513044699427397,9.383171453276334e+22,10865053608.782568,0.1501650749306419,True,0.143710312296484,0.25,0.2439750182371333
True,1.75411893803248e-05,1.3675498082595655e-23,1.0520959548556243e-12,1.6980500914943577,1.6623058461906952e-12,6.102098913350708e-13,1734621211378.507,1.8743742244590273e-11,1.7851183090085972e-11,8.087999411817098e-07,0.5794179398782063,96899.02504574489,2.3179366180618384e-06,0.08513044699427397,1.1105282106912102e+23,10865053608.782568,0.1501650749306419,True,0.13209852290534924,0.25,0.2439750182371333
True,1.9083103644576486e-05,1.1554820668452825e-23,8.889460560001762e-13,1.6980500914943577,1.404529899594599e-12,5.155838435944229e-13,2429766497159.056,2.218381561095086e-11,2.112744343900082e-11,8.087999411817098e-07,0.5326009858281011,89069.58641286408,2.3179366180618384e-06,0.08513044699427397,1.3143454884972746e+23,10865053608.782568,0.1501650749306419,True,0.1214249657865509,0.25,0.2439750182371333
True,2.0760556015552625e-05,9.762999480802976e-24,7.510960258246611e-13,1.6980500914943577,1.1867276069417701e-12,4.356315811171089e-13,3403489587230.951,2.6255251946964056e-11,2.500500185425148e-11,8.087999411817097e-07,0.4895668404134848,81872.7662121819,2.3179366180618384e-06,0.08513044699427397,1.5555697248410536e+23,10865053608.782568,0.1501650749306419,True,0.11161383179756923,0.25,0.24397501823713333
True,2.2585460630634318e-05,8.24903835352407e-24,6.346225805286583e-13,1.6980500914943577,1.0027002013159336e-12,3.680776207872752e-13,4767429867821.998,3.1073926455567364e-11,2.9594215671968916e-11,8.087999411817099e-07,0.4500098527977562,75257.44889129189,2.3179366180618384e-06,0.08513044699427397,1.8410662873797877e+23,10865053608.782568,0.1501650749306419,True,0.1025954371725748,0.25,0.24397501823713327
True,2.4570778909572255e-05,6.969849162822464e-24,5.362108250734774e-13,1.6980500914943577,8.472101667121171e-13,3.109993416386398e-13,6677965941154.263,3.677698112806212e-11,3.502569631244011e-11,8.087999411817097e-07,0.4136490687237314,69176.64903305407,2.3179366180618384e-06,0.08513044699427397,2.1789605572792622e+23,10865053608.782568,0.1501650749306419,True,0.09430572859215246,0.25,0.24397501823713333
True,2.673061161321663e-05,5.8890255167432556e-24,4.530599095394078e-13,1.6980500914943577,7.158321755978367e-13,2.627722660584289e-13,9354144758838.303,4.3526727876756896e-11,4.145402654929228e-11,8.087999411817097e-07,0.38022623503069997,63587.1776407779,2.3179366180618384e-06,0.08513044699427397,2.5788691818022135e+23,10865053608.782568,0.1501650749306419,True,0.08668582824338408,0.25,0.24397501823713333
True,2.9080298994439595e-05,4.9758066102551265e-24,3.8280331547526854e-13,1.6980500914943577,6.048271417819891e-13,2.220238263067205e-13,13102795812429.379,5.151526801670021e-11,4.906216001590496e-11,8.087999411817098e-07,0.3495039654064303,58449.33538755048,2.3179366180618384e-06,0.08513044699427397,3.0521737691082305e+23,10865053608.782568,0.1501650749306419,True,0.07968161563906088,0.25,0.2439750182371333
True,3.163652975257313e-05,4.204201756685648e-24,3.2344150354824505e-13,1.6980500914943577,5.110358040704921e-13,1.875943005222471e-13,18353709775551.76,6.09699595693612e-11,5.806662816129638e-11,8.087999411817097e-07,0.3212640543463719,53726.63065101195,2.3179366180618384e-06,0.08513044699427397,3.6123448147618427e+23,10865053608.782568,0.1501650749306419,True,0.07324334322589349,0.25,0.24397501823713333
True,3.4417459565213534e-05,3.5522506792144864e-24,2.732850056109511e-13,1.6980500914943577,4.317888120439364e-13,1.5850380643298527e-13,25708914902393.453,7.215988799057501e-11,6.872370284816668e-11,8.087999411817097e-07,0.29530592734490824,49385.52033091352,2.3179366180618384e-06,0.08513044699427397,4.275325079066313e+23,10865053608.782568,0.1501650749306419,True,0.06732528305156821,0.25,0.24397501823713333
True,3.744284003926706e-05,3.001398509934371e-24,2.3090634155624823e-13,1.6980500914943577,3.648307549515572e-13,1.3392441339530896e-13,36011700824589.23,8.540352448304717e-11,8.133668998385445e-11,8.087999411817097e-07,0.2714452163111134,45395.1716086096,2.3179366180618384e-06,0.08513044699427397,5.059983326342133e+23,10865053608.782568,0.1501650749306419,True,0.061885401981095635,0.25,0.24397501823713333
True,4.073415899711364e-05,2.535967708627009e-24,1.950993924884199e-13,1.6980500914943577,3.082559715442096e-13,1.1315657905578973e-13,50443303468983.67,1.0107778985298681e-10,9.626456176474934e-11,8.087999411817097e-07,0.24951245009087944,41727.2429563769,2.3179366180618384e-06,0.08513044699427397,5.988651339806844e+23,10865053608.782568,0.1501650749306419,True,0.0568850631556698,0.25,0.24397501823713333
True,4.43147930942746e-05,2.1427118717865628e-24,1.6484507394994165e-13,1.6980500914943577,2.604543139606774e-13,9.560924001073573e-14,70658336224058.22,1.1962878187296223e-10,1.1393217321234499e-10,8.087999411817098e-07,0.22935185079481724,38355.68284117406,2.3179366180618384e-06,0.08513044699427397,7.087759495780136e+23,10865053608.782568,0.1501650749306419,True,0.05228875157364277,0.25,0.2439750182371333
True,4.8210173852552404e-05,1.810438733062901e-24,1.3928233224598505e-13,1.6980500914943577,2.2006532207924686e-13,8.078298983326182e-14,98974494821137.25,1.415844714573148e-10,1.3484235376887123e-10,8.087999411817098e-07,0.21082022738283834,35256.54469313344,2.3179366180618384e-06,0.08513044699427397,8.388588985987178e+23,10865053608.782568,0.1501650749306419,True,0.048063821844550894,0.25,0.2439750182371333
True,5.244796828789928e-05,1.5296916255200928e-24,1.1768363840688342e-13,1.6980500914943577,1.8593950411262556e-13,6.825586570574218e-14,138638285991285.66,1.6756972898992596e-10,1.5959021808564377e-10,8.087999411817097e-07,0.1937859586470619,32407.816824591937,2.3179366180618384e-06,0.08513044699427397,9.928162096600661e+23,10865053608.782568,0.1501650749306419,True,0.044180266324606476,0.25,0.24397501823713333
True,5.705827541592349e-05,1.2924803399602292e-24,9.943428233397714e-14,1.6980500914943577,1.5710562147178731e-13,5.767133913781018e-14,194197246243450.56,1.9832410846144778e-10,1.8888010329661692e-10,8.087999411817097e-07,0.17812805836968645,29789.2660916614,2.3179366180618384e-06,0.08513044699427397,1.1750295881826222e+24,10865053608.782568,0.1501650749306419,True,0.040610501986837896,0.25,0.24397501823713333
True,6.207384003072083e-05,1.0920537193996466e-24,8.401487782939557e-14,1.6980500914943577,1.3274304680884942e-13,4.872816897945386e-14,272021326424288.5,2.347228955618392e-10,2.235456148207992e-10,8.087999411817097e-07,0.1637353160160734,27382.294187938747,2.3179366180618384e-06,0.08513044699427397,1.390684922013274e+24,10865053608.782568,0.1501650749306419,True,0.037329174512115273,0.25,0.24397501823713333
True,6.753028527539761e-05,9.227075176178692e-25,7.09865805938074e-14,1.6980500914943577,1.1215840853448193e-13,4.1171827940674544e-14,381033219888538.1,2.7780201876789966e-10,2.6457335120752346e-10,8.087999411817099e-07,0.1505055068598098,25169.80554968105,2.3179366180618384e-06,0.08513044699427397,1.6459198744997758e+24,10865053608.782568,0.1501650749306419,True,0.034312978209616506,0.25,0.24397501823713327
True,7.346636565612223e-05,7.7962205333322155e-25,5.997859848863613e-14,1.6980500914943577,9.476585710061601e-14,3.4787258611979866e-14,533731367930210.75,3.287875324083507e-10,3.1313098324604827e-10,8.087999411817098e-07,0.1383446659296435,23136.0859342387,2.3179366180618384e-06,0.08513044699427397,1.947998565592768e+24,10865053608.782568,0.1501650749306419,True,0.03154049048771486,0.25,0.2439750182371333
True,7.992424229674335e-05,6.587250395582252e-25,5.0677638598284847e-14,1.6980500914943577,8.007039141655889e-14,2.939275281827405e-14,747622932184207.6,3.891305108098962e-10,3.706004864856154e-10,8.087999411817097e-07,0.12716642062148645,21266.6908093479,2.3179366180618384e-06,0.08513044699427397,2.3055183124906307e+24,10865053608.782568,0.1501650749306419,True,0.028992019699613986,0.25,0.24397501823713333
True,8.694978238897252e-05,5.56575684186715e-25,4.2818990750258735e-14,1.6980500914943577,6.765377085962463e-14,2.4834780109365897e-14,1047231027277355.2,4.605483466298359e-10,4.386174729807961e-10,8.087999411817097e-07,0.11689137723535328,19548.342760565847,2.3179366180618384e-06,0.08513044699427397,2.728654313773655e+24,10865053608.782568,0.1501650749306419,True,0.026649465283052634,0.25,0.24397501823713333
True,9.459288496498826e-05,4.702667632547572e-25,3.6178993725504547e-14,1.6980500914943577,5.716261192873379e-14,2.0983618203229247e-14,1466906347145300.8,5.450736287473922e-10,5.191177416641831e-10,8.087999411817097e-07,0.10744655708009282,17968.837188181406,2.3179366180618384e-06,0.08513044699427397,3.229449240866035e+24,10865053608.782568,0.1501650749306419,True,0.024496189200715876,0.25,0.24397501823713333
True,0.00010290783530625965,3.9734187982943986e-25,3.056866974339391e-14,1.6980500914943577,4.82983307655521e-14,1.7729661022158193e-14,2054765543845243.5,6.451119908039689e-10,6.143923721942561e-10,8.087999411817097e-07,0.09876487814084872,16516.955623813967,2.3179366180618384e-06,0.08513044699427397,3.8221559787493604e+24,10865053608.782568,0.1501650749306419,True,0.022516897768259214,0.25,0.24397501823713333
True,0.00011195369050579179,3.357255536701931e-25,2.5828346055461077e-14,1.6980500914943577,4.080864530205432e-14,1.4980299246593245e-14,2878207902222291.0,7.635105767920555e-10,7.271529302781481e-10,8.087999411817097e-07,0.09078467862777118,15182.386051028068,2.3179366180618384e-06,0.08513044699427397,4.5236432705075887e+24,10865053608.782568,0.1501650749306419,True,0.0206975330306242,0.25,0.24397501823713333
True,0.00012179469892225225,2.8366415197798818e-25,2.1823110575651307e-14,1.6980500914943577,3.448039518120691e-14,1.2657284605555603e-14,4031642808703221.0,9.036390722591273e-10,8.606086402467879e-10,8.087999411817097e-07,0.08344927902198156,13955.649664040526,2.3179366180618384e-06,0.08513044699427397,5.353875810558719e+24,10865053608.782568,0.1501650749306419,True,0.019025172915145258,0.25,0.24397501823713333
True,0.000132500756505161,2.3967598009068427e-25,1.8438972211943367e-14,1.6980500914943577,2.9133475101961967e-14,1.06945028900186e-14,5647313984656364.0,1.069485607316911e-09,1.0185577212542008e-09,8.087999411817097e-07,0.07670657950821119,12828.033544322,2.3179366180618384e-06,0.08513044699427397,6.336482450277179e+24,10865053608.782568,0.1501650749306419,True,0.01748793945228267,0.25,0.24397501823713333
True,0.00014414790323220164,2.025091116796732e-25,1.5579616620380582e-14,1.6980500914943577,2.461570892839548e-14,9.036092308014898e-15,7910461505282346.0,1.2657702609056997e-09,1.2054954865768568e-09,8.087999411817098e-07,0.07050868993487219,11791.528776927367,2.3179366180618384e-06,0.08513044699427397,7.499428687435416e+24,10865053608.782568,0.1501650749306419,True,0.01607491441211797,0.25,0.2439750182371333
True,0.00015681886318461014,1.711057582732056e-25,1.3163665048576832e-14,1.6980500914943577,2.0798518677460542e-14,7.63485362888371e-15,1.1080559961172716e+16,1.498079396704333e-09,1.4267422825755553e-09,8.087999411817096e-07,0.06481158967334424,10838.773567024899,2.3179366180618384e-06,0.08513044699427397,8.875812578865301e+24,10865053608.782568,0.1501650749306419,True,0.014776061757418135,0.25,0.24397501823713336
True,0.00017060363209653513,1.4457216404444563e-25,1.1122358253953642e-14,1.6980500914943577,1.757326512248745e-14,6.450906868533806e-15,1.5521067762121878e+16,1.7730246539559176e-09,1.6885949085294453e-09,8.087999411817098e-07,0.0595748149606229,9963.000952608485,2.3179366180618384e-06,0.08513044699427397,1.050480672842879e+25,10865053608.782568,0.1501650749306419,True,0.013582156362490275,0.25,0.2439750182371333
True,0.0001856001165514522,1.2215316905420101e-25,9.397599579811956e-15,1.6980500914943577,1.4848155864095443e-14,5.450556284283488e-15,2.1741098403016252e+16,2.0984311181711886e-09,1.9985058268297035e-09,8.087999411817097e-07,0.05476117150467242,9157.990742021155,2.3179366180618384e-06,0.08513044699427397,1.2432773159767427e+25,10865053608.782568,0.1501650749306419,True,0.01248471849155083,0.25,0.24397501823713333
True,0.00020191482936553665,1.0321071700494793e-25,7.940301494162767e-15,1.6980500914943577,1.2545632870601391e-14,4.605331376438625e-15,3.045379138947969e+16,2.4835600271459506e-09,2.3652952639485244e-09,8.087999411817098e-07,0.05033647031125902,8418.025334925502,2.3179366180618384e-06,0.08513044699427397,1.4714582803690785e+25,10865053608.782568,0.1501650749306419,True,0.011475953571240788,0.25,0.2439750182371333
True,0.00021966364609696568,8.72056958256139e-26,6.708988532948861e-15,1.6980500914943577,1.0600165135961989e-14,3.891176603013127e-15,4.265807517182662e+16,2.9393723506219954e-09,2.7994022386876144e-09,8.087999411817098e-07,0.04626928485596899,7737.84911293852,2.3179366180618384e-06,0.08513044699427397,1.7415177153503466e+25,10865053608.782568,0.1501650749306419,True,0.01054869682952018,0.25,0.2439750182371333
True,0.00023897262805427596,7.368259426068045e-26,5.668616886692318e-15,1.6980500914943577,8.956383633142113e-15,3.2877667464497946e-15,5.97531963784921e+16,3.478840745206332e-09,3.3131816621012686e-09,8.087999411817097e-07,0.042530727876720964,7112.6311115020335,2.3179366180618384e-06,0.08513044699427397,2.0611416533796433e+25,10865053608.782568,0.1501650749306419,True,0.009696362407738284,0.25,0.24397501823713333
True,0.00025997891764920577,6.225653778212761e-26,4.7895770353880026e-15,1.6980500914943577,7.567505482709261e-15,2.7779284473212595e-15,8.369914636478317e+16,4.11731876294842e-09,3.921255964712781e-09,8.087999411817096e-07,0.03909424620143737,6537.930707864992,2.3179366180618384e-06,0.08513044699427397,2.439426758539707e+25,10865053608.782568,0.1501650749306419,True,0.008912896584447272,0.25,0.24397501823713336
True,0.0002828317124532835,5.260233485950687e-26,4.04685104611151e-15,1.6980500914943577,6.394002487669703e-15,2.347151441558193e-15,1.1724137831587171e+17,4.872977821444261e-09,4.640931258518344e-09,8.087999411817096e-07,0.035935432153634615,6009.666081475913,2.3179366180618384e-06,0.08513044699427397,2.887139222344095e+25,10865053608.782568,0.1501650749306419,True,0.008192734778730447,0.25,0.24397501823713336
True,0.0003076933248764192,4.444522183927209e-26,3.41930054959166e-15,1.6980500914943577,5.402476140352863e-15,1.9831755907612027e-15,1.6422557918928688e+17,5.767324371864569e-09,5.4926898779662556e-09,8.087999411817097e-07,0.03303185019643623,5524.085222774715,2.3179366180618384e-06,0.08513044699427397,3.417021175166389e+25,10865053608.782568,0.1501650749306419,True,0.007530762027660373,0.25,0.24397501823713333
True,0.0003347403349938829,3.7553043027805755e-26,2.88906513118933e-15,1.6980500914943577,4.5647070834529946e-15,1.675641952263665e-15,2.3003858575761584e+17,6.825811983778902e-09,6.500773317884668e-09,8.087999411817097e-07,0.030362877583745614,5077.739284473464,2.3179366180618384e-06,0.08513044699427397,4.044153333920492e+25,10865053608.782568,0.1501650749306419,True,0.006922276657177418,0.25,0.24397501823713333
True,0.00036416484470964906,3.172964341922003e-26,2.4410540141757403e-15,1.6980500914943577,3.8568519723929875e-15,1.4157979582172466e-15,3.222259966967179e+17,8.078565767029424e-09,7.693872159075641e-09,8.087999411817097e-07,0.0279095578867994,4667.45808605289,2.3179366180618384e-06,0.08513044699427397,4.786384207134389e+25,10865053608.782568,0.1501650749306419,True,0.006362956888360256,0.25,0.24397501823713333
True,0.00039617584216382654,2.68092860215189e-26,2.062516568351117e-15,1.6980500914943577,3.2587648812942336e-15,1.1962483129431166e-15,4.513572912354607e+17,9.561239748078856e-09,9.105942617217959e-09,8.087999411817098e-07,0.025654466355771344,4290.327597494896,2.3179366180618384e-06,0.08513044699427397,5.664838072817727e+25,10865053608.782568,0.1501650749306419,True,0.005848830141908832,0.25,0.2439750182371333
True,0.0004310006860748974,2.2651934895311104e-26,1.7426794204548916e-15,1.6980500914943577,2.7534239394123568e-15,1.0107445189574654e-15,6.322376420272474e+17,1.131603160221077e-08,1.0777172954486447e-08,8.087999411817098e-07,0.023581586160155363,3943.6692423289473,2.3179366180618384e-06,0.08513044699427397,6.7045161864383216e+25,10865053608.782568,0.1501650749306419,True,0.005376244822824338,0.25,0.2439750182371333
True,0.0004688867205593423,1.9139269657892304e-26,1.4724398383402455e-15,1.6980500914943577,2.326446879812359e-15,8.540070414721136e-16,8.856053591203615e+17,1.3392883621390466e-08,1.275512725846711e-08,8.087999411817097e-07,0.021676194628921997,3625.0208729917094,2.3179366180618384e-06,0.08513044699427397,7.935008329700547e+25,10865053608.782568,0.1501650749306419,True,0.0049418443848862304,0.25,0.24397501823713333
True,0.0005101030318979338,1.6171318023403943e-26,1.244106662466649e-15,1.6980500914943577,1.9656817125457927e-15,7.215750500791435e-16,1.2405095805240003e+18,1.585090409795836e-08,1.5096099140912725e-08,8.087999411817098e-07,0.01992475868246733,3332.1192833771347,2.3179366180618384e-06,0.08513044699427397,9.391334951175041e+25,10865053608.782568,0.1501650749306419,True,0.004542543490718842,0.25,0.2439750182371333
True,0.0005549423597261648,1.3663610539403847e-26,1.0511814114854495e-15,1.6980500914943577,1.660860872674905e-15,6.096794611894554e-16,1.737640816560012e+18,1.876004957747759e-08,1.786671388331199e-08,8.087999411817098e-07,0.0183148387136576,3062.884134372032,2.3179366180618384e-06,0.08513044699427397,1.1114943866541631e+26,10865053608.782568,0.1501650749306419,True,0.004175506098123966,0.25,0.2439750182371333
True,0.0006037231762230813,1.1544776542166464e-26,8.881733320692365e-16,1.6980500914943577,1.4033090000160349e-15,5.151356679467983e-16,2.433996201867251e+18,2.2203115858530014e-08,2.114582462717144e-08,8.087999411817099e-07,0.016835000235282824,2815.4031782079264,2.3179366180618384e-06,0.08513044699427397,1.3154889885054525e+26,10865053608.782568,0.1501650749306419,True,0.003838125317037176,0.25,0.24397501823713327
True,0.0006567919480659909,9.754512910346183e-27,7.504431292066177e-16,1.6980500914943577,1.18569603386127e-15,4.3525290465465237e-16,3.409414335945763e+18,2.627809440435343e-08,2.5026756575574695e-08,8.087999411817097e-07,0.015474732666393883,2587.918676684915,2.3179366180618384e-06,0.08513044699427397,1.5569230935014525e+26,10865053608.782568,0.1501650749306419,True,0.0035280048940415577,0.25,0.24397501823713333
True,0.0007145255972166317,8.24186780667258e-27,6.340709294450202e-16,1.6980500914943577,1.0018285956252579e-15,3.677576661802377e-16,4.775728945359471e+18,3.1100961231025536e-08,2.9619963077167174e-08,8.087999411817097e-07,0.014224374680701347,2378.8149168026516,2.3179366180618384e-06,0.08513044699427397,1.8426680422707926e+26,10865053608.782568,0.1501650749306419,True,0.0032429421929322157,0.25,0.24397501823713333
True,0.0007773341780165789,6.963790562070722e-27,5.357447192465091e-16,1.6980500914943577,8.464737220584359e-16,3.10729002811927e-16,6.689590854089487e+18,3.6808977645407565e-08,3.505616918610244e-08,8.087999411817098e-07,0.0130750455868216,2186.6067351280103,2.3179366180618384e-06,0.08513044699427397,2.1808562851809955e+26,10865053608.782568,0.1501650749306419,True,0.0029809125504507076,0.25,0.2439750182371333
True,0.0008456637896060046,5.8839064311519805e-27,4.526660833540206e-16,1.6980500914943577,7.152099323819676e-16,2.625438490279471e-16,9.37042832772188e+18,4.356459677357169e-08,4.149009216530637e-08,8.087999411817097e-07,0.012018582252997413,2009.928969393557,2.3179366180618384e-06,0.08513044699427397,2.5811128361201088e+26,10865053608.782568,0.1501650749306419,True,0.0027400548960757488,0.25,0.24397501823713333
True,0.0009199997443513106,4.971481347976825e-27,3.8247056043269487e-16,1.6980500914943577,6.043013906372701e-16,2.2183083020457512e-16,1.3125604982447569e+19,5.1560087061550864e-08,4.910484482052463e-08,8.087999411817097e-07,0.011047481128299277,1847.5267624065673,2.3179366180618384e-06,0.08513044699427397,3.0548292054151005e+26,10865053608.782568,0.1501650749306419,True,0.002518658533734411,0.25,0.24397501823713333
True,0.0010008700147854446,4.200547218498596e-27,3.231603492663139e-16,1.6980500914943577,5.105915818449634e-16,1.8743123257864955e-16,1.838565966569185e+19,6.102300433565449e-08,5.811714698633761e-08,8.087999411817097e-07,0.01015484494851216,1698.2466494019352,2.3179366180618384e-06,0.08513044699427397,3.61548760816081e+26,10865053608.782568,0.1501650749306419,True,0.002315150991550719,0.25,0.24397501823713333
True,0.0010888489835428595,3.549162855054644e-27,2.7304745029206957e-16,1.6980500914943577,4.3141347594122826e-16,1.583660256491587e-16,2.57536686342981e+19,7.222266816004272e-08,6.878349348575496e-08,8.087999411817098e-07,0.009334333748185202,1561.0283655367366,2.3179366180618384e-06,0.08513044699427397,4.2790446750976754e+26,10865053608.782568,0.1501650749306419,True,0.0021280868533342357,0.25,0.2439750182371333
True,0.0011845615229231076,2.998789518714658e-27,2.307056242520641e-16,1.6980500914943577,3.645136227103039e-16,1.338079984582398e-16,3.6074389507104727e+19,8.547782681207634e-08,8.140745410673937e-08,8.087999411817097e-07,0.008580119830906419,1434.8973153390018,2.3179366180618384e-06,0.08513044699427397,5.0643855866501445e+26,10865053608.782568,0.1501650749306419,True,0.001956137492484058,0.25,0.24397501823713333
True,0.0012886874330582312,2.5337632970957145e-27,1.9492980067970443e-16,1.6980500914943577,3.079880174153179e-16,1.1305821673561349e-16,5.053111449050738e+19,1.0116572902463913e-07,9.634831335679918e-08,8.087999411817097e-07,0.007886846377978145,1318.9576506248447,2.3179366180618384e-06,0.08513044699427397,5.993861555017361e+26,10865053608.782568,0.1501650749306419,True,0.001798081635393119,0.25,0.24397501823713333
True,0.0014019662702061378,2.1408493012410822e-27,1.6470178096531338e-16,1.6980500914943577,2.6022791182980105e-16,9.552613086448768e-17,7.078133730162987e+19,1.19732860681956e-07,1.1403129588757713e-07,8.087999411817097e-07,0.007249589401510244,1212.3859077196828,2.3179366180618384e-06,0.08513044699427397,7.09392595133711e+26,10865053608.782568,0.1501650749306419,True,0.0016527966873291472,0.25,0.24397501823713333
True,0.0015252025994629973,1.8088649937734443e-27,1.391612598923176e-16,1.6980500914943577,2.1987402842358302e-16,8.07127685312654e-17,9.914678828523132e+19,1.41707652040872e-07,1.3495966861035429e-07,8.087999411817097e-07,0.006663822771702432,1114.4251587918195,2.3179366180618384e-06,0.08513044699427397,8.395887182434009e+26,10865053608.782568,0.1501650749306419,True,0.0015192507591842202,0.25,0.24397501823713333
True,0.0016592717092021373,1.5283619280451832e-27,1.1758134090180644e-16,1.6980500914943577,1.8577787461490216e-16,6.81965337130957e-17,1.3887962564745327e+20,1.6771551713174016e-07,1.5972906393499063e-07,8.087999411817097e-07,0.006125386069921292,1024.3796357581248,2.3179366180618384e-06,0.08513044699427397,9.936799744416992e+26,10865053608.782568,0.1501650749306419,True,0.0013964953384627502,0.25,0.24397501823713333
True,0.0018051258278263752,1.2913568404157824e-27,9.934784823710875e-17,1.6980500914943577,1.5696905607214725e-16,5.762120783503851e-17,1.9453530218739122e+20,1.9849665336811937e-07,1.890444317791613e-07,8.087999411817098e-07,0.005630455039247742,941.6097885779815,2.3179366180618384e-06,0.08513044699427397,1.1760518812976758e+27,10865053608.782568,0.1501650749306419,True,0.0012836585524534302,0.25,0.2439750182371333
True,0.001963800886988364,1.0911044424022928e-27,8.394184718123041e-17,1.6980500914943577,1.3262765878474784e-16,4.868581160351744e-17,2.7249485747611946e+20,2.3492710795146034e-07,2.237401028109146e-07,8.087999411817098e-07,0.0051755144226195106,865.527742836954,2.3179366180618384e-06,0.08513044699427397,1.3918948384573204e+27,10865053608.782568,0.1501650749306419,True,0.001179938975736716,0.25,0.2439750182371333
True,0.0021364238793148654,9.219054462488523e-28,7.092487490398525e-17,1.6980500914943577,1.1206091388253388e-16,4.113603897854865e-17,3.8169651737248085e+20,2.780437106316535e-07,2.648035339349081e-07,8.087999411817097e-07,0.004757332995650974,795.593124357576,2.3179366180618384e-06,0.08513044699427397,1.647351849126245e+27,10865053608.782568,0.1501650749306419,True,0.001084599938045535,0.25,0.24397501823713333
True,0.00232422086289333,7.789443602227869e-28,5.992646158102111e-17,1.6980500914943577,9.468348107214562e-17,3.475701949112451e-17,5.346604802883265e+20,3.290735824228165e-07,3.134034118312538e-07,8.087999411817097e-07,0.004372940616800464,731.3092211814705,2.3179366180618384e-06,0.08513044699427397,1.9496933531468631e+27,10865053608.782568,0.1501650749306419,True,0.0009969642920506952,0.25,0.24397501823713333
True,0.0025285256693727822,6.581524372067804e-28,5.0633586629277394e-17,1.6980500914943577,8.000078954680611e-17,2.936720291752872e-17,7.489243840891114e+20,3.8946906010776783e-07,3.709229143883503e-07,8.087999411817098e-07,0.004019607131883473,672.2194556632186,2.3179366180618384e-06,0.08513044699427397,2.3075241475106054e+27,10865053608.782568,0.1501650749306419,True,0.0009164096039091005,0.25,0.2439750182371333
True,0.002750789377528488,5.560918760325012e-28,4.278176997783055e-17,1.6980500914943577,6.759496224305162e-17,2.4813192265221083e-17,1.0490540329084771e+21,4.6094903050081605e-07,4.3899907666744384e-07,8.087999411817098e-07,0.0036948229831006056,617.9041416189431,2.3179366180618384e-06,0.08513044699427397,2.7310282833710046e+27,10865053608.782568,0.1501650749306419,True,0.0008423637324155355,0.25,0.2439750182371333
True,0.002992590619576578,4.6985797986521565e-28,3.6147544827047514e-17,1.6980500914943577,5.711292284142183e-17,2.0965378014374318e-17,1.469459917906211e+21,5.455478508635583e-07,5.195693817748174e-07,8.087999411817098e-07,0.0033962813848555495,567.9775034972012,2.3179366180618384e-06,0.08513044699427397,3.2322589094544305e+27,10865053608.782568,0.1501650749306419,True,0.0007743007653588652,0.25,0.2439750182371333
True,0.0032556467934393785,3.969964870159664e-28,3.054209766684527e-17,1.6980500914943577,4.8256347030144336e-17,1.7714249363299068e-17,2.0583424519576808e+21,6.456732477742358e-07,6.149269026421293e-07,8.087999411817096e-07,0.0031218619397665056,522.0849364007938,2.3179366180618384e-06,0.08513044699427397,3.8254813109631476e+27,10865053608.782568,0.1501650749306419,True,0.000711737284220556,0.25,0.24397501823713336
True,0.0035418262605968454,3.3543372137306194e-28,2.580589454565474e-17,1.6980500914943577,4.077317203953046e-17,1.496727749387572e-17,2.883218247672933e+21,7.641748422827079e-07,7.277855640787694e-07,8.087999411817098e-07,0.0028696155785034325,479.9004874987348,2.3179366180618384e-06,0.08513044699427397,4.527578907037007e+27,10865053608.782568,0.1501650749306419,True,0.0006542289306854457,0.25,0.2439750182371333
True,0.0038531616161595196,2.834175744977203e-28,2.180414065090111e-17,1.6980500914943577,3.445042280400261e-17,1.2646282153101503e-17,4.038661038063793e+21,9.044252516126987e-07,8.613573824882844e-07,8.087999411817098e-07,0.002637750716486036,441.124540940065,2.3179366180618384e-06,0.08513044699427397,5.35853376167334e+27,10865053608.782568,0.1501650749306419,True,0.0006013672505783559,0.25,0.2439750182371333
True,0.004191864125413969,2.394676397035071e-28,1.842294397829087e-17,1.6980500914943577,2.9108150580579964e-17,1.0685206602289094e-17,5.657144752582984e+21,1.0704160756080948e-06,1.0194438815315189e-06,8.087999411817097e-07,0.002424620529120215,405.48168982657324,2.3179366180618384e-06,0.08513044699427397,6.341995283696619e+27,10865053608.782568,0.1501650749306419,True,0.0005527767928105427,0.25,0.24397501823713333
True,0.004560339429376579,2.0233307890943745e-28,1.5566073905931098e-17,1.6980500914943577,2.4594311513740695e-17,9.028237607809599e-18,7.924231929852742e+21,1.2668714997476639e-06,1.2065442854739656e-06,8.087999411817098e-07,0.002228711255195031,372.7187801300588,2.3179366180618384e-06,0.08513044699427397,7.505953301275869e+27,10865053608.782568,0.1501650749306419,True,0.0005081124427311922,0.25,0.2439750182371333
True,0.004961204630904614,1.7095702313540223e-28,1.3152222420609447e-17,1.6980500914943577,2.0780439387944998e-17,7.628216967335549e-18,1.1099848850328074e+22,1.4993827479292364e-06,1.4279835694564156e-06,8.087999411817098e-07,0.0020486314453649224,342.60311266103196,2.3179366180618384e-06,0.08513044699427397,8.883534667041746e+27,10865053608.782568,0.1501650749306419,True,0.00046705697094405046,0.25,0.2439750182371333
True,0.005397306882719067,1.444464934594306e-28,1.1112690049304708e-17,1.6980500914943577,1.755798941209628e-17,6.445299362791573e-18,1.5548086627295174e+22,1.774567211619813e-06,1.6900640110664886e-06,8.087999411817097e-07,0.001883102079354247,314.9207903182922,2.3179366180618384e-06,0.08513044699427397,1.0513946065600739e+28,10865053608.782568,0.1501650749306419,True,0.00042931878017959913,0.25,0.24397501823713333
True,0.005871743609361058,1.2204698637153883e-28,9.389430636331442e-18,1.6980500914943577,1.4835248978138712e-17,5.445818341807269e-18,2.1778945013537825e+22,2.1002567842702344e-06,2.000244556447842e-06,8.087999411817097e-07,0.001730947481691429,289.4751988806958,2.3179366180618384e-06,0.08513044699427397,1.2443589856240504e+28,10865053608.782568,0.1501650749306419,True,0.00039462983421989885,0.25,0.24397501823713333
True,0.006387884506708527,1.031210002100753e-28,7.933399319456e-18,1.6980500914943577,1.2534727472368906e-17,4.6013281529129055e-18,3.050680493830127e+22,2.4857207610901053e-06,2.3673531058001e-06,8.087999411817097e-07,0.001591086971451568,266.0856105509115,2.3179366180618384e-06,0.08513044699427397,1.472738470829166e+28,10865053608.782568,0.1501650749306419,True,0.0003627437541662547,0.25,0.24397501823713333
True,0.006949395475305349,8.71298915317271e-29,6.703156687521565e-18,1.6980500914943577,1.0590950852128719e-17,3.887794164607153e-18,4.273233377305738e+22,2.9419296480269637e-06,2.8018377600256797e-06,8.087999411817098e-07,0.0014625271866996008,244.58590033280026,2.3179366180618384e-06,0.08513044699427397,1.743032861511815e+28,10865053608.782568,0.1501650749306419,True,0.0003334340685283983,0.25,0.2439750182371333
True,0.007560264657489693,7.361854503801445e-29,5.663689393180085e-18,1.6980500914943577,8.948598220381378e-18,3.284908827201293e-18,5.985721393587742e+22,3.481867388090868e-06,3.31606417913416e-06,8.087999411817097e-07,0.0013443550291182542,224.82336612546874,2.3179366180618384e-06,0.08513044699427397,2.06293487709298e+28,10865053608.782568,0.1501650749306419,True,0.0003064926047064198,0.25,0.24397501823713333
True,0.008224830763250849,6.220242075637923e-29,4.785413654753906e-18,1.6980500914943577,7.560927364110827e-18,2.7755137093569203e-18,8.384484870855298e+22,4.120900891148567e-06,3.9246675153795875e-06,8.087999411817096e-07,0.0012357311787098812,206.65764415369367,2.3179366180618384e-06,0.08513044699427397,2.4415490958876408e+28,10865053608.782568,0.1501650749306419,True,0.0002817280104409163,0.25,0.24397501823713336
True,0.008947813885999509,5.25566098318803e-29,4.043333286369889e-18,1.6980500914943577,6.388444446545218e-18,2.3451111601753294e-18,1.1744547052408861e+23,4.87721738419806e-06,4.644968937331485e-06,8.087999411817096e-07,0.0011358841325101988,189.95971203153607,2.3179366180618384e-06,0.08513044699427397,2.889651076155171e+28,10865053608.782568,0.1501650749306419,True,0.00025896439472992765,0.25,0.24397501823713336
True,0.009734349027120986,4.440658745161805e-29,3.416328293464414e-18,1.6980500914943577,5.3977799919512896e-18,1.981451698486875e-18,1.645114608599386e+23,5.7723420293405476e-06,5.4974685993719495e-06,8.087999411817098e-07,0.0010441047249738135,174.61097237839175,2.3179366180618384e-06,0.08513044699427397,3.4199940341109603e+28,10865053608.782568,0.1501650749306419,True,0.00023804007855974992,0.25,0.2439750182371333
True,0.01059002256742026,3.7520399725289056e-29,2.8865537867159134e-18,1.6980500914943577,4.560739172939992e-18,1.6741853862240787e-18,2.304390338214023e+23,6.8317505411274425e-06,6.50642908678804e-06,8.087999411817098e-07,0.0009597410911124384,160.50241047883824,2.3179366180618384e-06,0.08513044699427397,4.047671807115597e+28,10865053608.782568,0.1501650749306419,True,0.00021880644657666377,0.25,0.2439750182371333
True,0.011520911944497985,3.1702062156414874e-29,2.4389321071817974e-18,1.6980500914943577,3.853499370964548e-18,1.4145672637827499e-18,3.227869233606262e+23,8.085594238691929e-06,7.70056594161136e-06,8.087999411817099e-07,0.0008821940366114083,147.53382000354412,2.3179366180618384e-06,0.08513044699427397,4.790548432163414e+28,10865053608.782568,0.1501650749306419,True,0.00020112689154355595,0.25,0.24397501823713327
True,0.012533628817866614,2.678598182129172e-29,2.0607237082562177e-18,1.6980500914943577,3.2559321721640457e-18,1.1952084639078281e-18,4.521430079131927e+23,9.569558168026865e-06,9.113864921930347e-06,8.087999411817097e-07,0.0008109127820406648,135.613091291909,2.3179366180618384e-06,0.08513044699427397,5.66976656569823e+28,10865053608.782568,0.1501650749306419,True,0.00018487584408442026,0.25,0.24397501823713333
True,0.01363536602838792,2.2632244507961383e-29,1.741164581525072e-18,1.6980500914943577,2.751030502200234e-18,1.0098659206751618e-18,6.333382327771408e+23,1.1325876717017254e-05,1.0786549254302147e-05,8.087999411817099e-07,0.0007453910509333718,124.65555714144638,2.3179366180618384e-06,0.08513044699427397,6.710349214649773e+28,10865053608.782568,0.1501650749306419,True,0.0001699378808254741,0.25,0.24397501823713327
True,0.014833948685562074,1.9122632684719964e-29,1.4711599074689938e-18,1.6980500914943577,2.3244245960461472e-18,8.532646885771537e-19,8.871470089708492e+23,1.3404535628160815e-05,1.2766224407772205e-05,8.087999411817097e-07,0.0006851634739476754,114.58339145736652,2.3179366180618384e-06,0.08513044699427397,7.941911904270012e+28,10865053608.782568,0.1501650749306419,True,0.00015620690459845047,0.25,0.24397501823713333
True,0.01613788974551674,1.6157260967469948e-29,1.2430252121533947e-18,1.6980500914943577,1.9639730269741097e-18,7.209478148207154e-19,1.2426690428507002e+24,1.5864694618886247e-05,1.5109232970367855e-05,8.087999411817097e-07,0.0006298022835721028,105.32505649125817,2.3179366180618384e-06,0.08513044699427397,9.399505551437631e+28,10865053608.782568,0.1501650749306419,True,0.00014358539088344158,0.25,0.24397501823713333
True,0.017556450474439968,1.3651733329560153e-29,1.0502676630898849e-18,1.6980500914943577,1.6594171552146443e-18,6.091494921247594e-19,1.7406656782294554e+24,1.8776371097985706e-05,1.7882258188557813e-05,8.087999411817097e-07,0.0005789142758986694,96.81479474286878,2.3179366180618384e-06,0.08513044699427397,1.112461403204493e+29,10865053608.782568,0.1501650749306419,True,0.00013198369513914057,0.25,0.24397501823713333
True,0.01909970622689944,1.1534741146822467e-29,8.874012798351587e-19,1.6980500914943577,1.4020891617148331e-18,5.146878818796745e-19,2.4382332695882676e+24,2.2222432897609827e-05,2.1164221807247454e-05,8.087999411817097e-07,0.0005321380178846441,88.99216191620827,2.3179366180618384e-06,0.08513044699427397,1.3166334833755395e+29,10865053608.782568,0.1501650749306419,True,0.0001213194161007817,0.25,0.24397501823713333
True,0.020778618006240163,9.74603371691305e-30,7.497908001245207e-19,1.6980500914943577,1.1846653574844573e-18,4.348745573599366e-19,3.415349398383132e+24,2.6300956735018475e-05,2.504853022382712e-05,8.087999411817098e-07,0.0004891412802674819,81.80159761278597,2.3179366180618384e-06,0.08513044699427397,1.5582776396125952e+29,10865053608.782568,0.1501650749306419,True,0.00011151681052358832,0.25,0.2439750182371333
True,0.02260511031531905,8.234703492880022e-30,6.335197578887857e-19,1.6980500914943577,1.0009577475852534e-18,3.6743798969646773e-19,4.7840424698190497e+24,3.112801952713806e-05,2.9645732882988633e-05,8.087999411817097e-07,0.0004496186779001708,75.19203071282409,2.3179366180618384e-06,0.08513044699427397,1.8442711907122344e+29,10865053608.782568,0.1501650749306419,True,0.00010250625521493723,0.25,0.24397501823713333
True,0.024592155850513473,6.957737227809291e-30,5.35279018586001e-19,1.6980500914943577,8.457379175655429e-19,3.1045889897954194e-19,6.701236003516174e+24,3.6841002000196173e-05,3.5086668571615404e-05,8.087999411817098e-07,0.00041328950074741224,69.11651664165741,2.3179366180618384e-06,0.08513044699427397,2.1827536623940325e+29,10865053608.782568,0.1501650749306419,True,9.422375253430753e-05,0.25,0.2439750182371333
True,0.026753867640544104,5.878791795369458e-30,4.522725995053993e-19,1.6980500914943577,7.145882300563138e-19,2.6231563055091454e-19,9.386740242822289e+24,4.360249861688664e-05,4.152618915893965e-05,8.087999411817097e-07,0.0003798957201372534,63.53190394499831,2.3179366180618384e-06,0.08513044699427397,2.583358442450434e+29,10865053608.782568,0.1501650749306419,True,8.661047584882122e-05,0.25,0.24397501823713333
True,0.02910559928452991,4.967159845469598e-30,3.821380946402761e-19,1.6980500914943577,6.037760965062113e-19,2.2163800186593532e-19,1.3148453858360937e+25,5.1604945099633234e-05,4.914756676155546e-05,8.087999411817097e-07,0.0003492001561075371,58.398527804912,2.3179366180618384e-06,0.08513044699427397,3.0574869519908206e+29,10865053608.782568,0.1501650749306419,True,7.961235171596398e-05,0.25,0.24397501823713333
True,0.03166405400121802,4.196895857049993e-30,3.228794393801373e-19,1.6980500914943577,5.101477457633883e-19,1.87268306383251e-19,1.8417665173769267e+25,6.107609525167877e-05,5.8167709763503586e-05,8.087999411817098e-07,0.0003209847928307064,53.679928319692216,2.3179366180618384e-06,0.08513044699427397,3.618633135836501e+29,10865053608.782568,0.1501650749306419,True,7.317967582593089e-05,0.25,0.2439750182371333
True,0.03444740326391264,3.5460777150122555e-30,2.728101014701725e-19,1.6980500914943577,4.310384661026245e-19,1.5822836463245205e-19,2.57985002728949e+25,7.228550294918606e-05,6.884333614208196e-05,8.087999411817098e-07,0.00029504923015224234,49.342591546715816,2.3179366180618384e-06,0.08513044699427397,4.2827675072325785e+29,10865053608.782568,0.1501650749306419,True,6.726675997582042e-05,0.25,0.2439750182371333
True,0.037475415863710185,2.996182795382786e-30,2.305050814231064e-19,1.6980500914943577,3.6419676613895263e-19,1.3369168471584625e-19,3.61371873172322e+25,8.555219378523032e-05,8.147827979545744e-05,8.087999411817097e-07,0.0002712092602447515,45.35571146902727,2.3179366180618384e-06,0.08513044699427397,5.068791676989711e+29,10865053608.782568,0.1501650749306419,True,6.183160756830353e-05,0.25,0.24397501823713333
True,0.04076959831771378,2.531560801767929e-30,1.9476035629011387e-19,1.6980500914943577,3.0772029620783624e-19,1.1295993991772237e-19,5.061907837227125e+25,0.00010125374470467069,9.643213781397208e-05,8.087999411817097e-07,0.00024929555926837024,41.69097119501768,2.3179366180618384e-06,0.08513044699427397,5.999076303192123e+29,10865053608.782568,0.1501650749306419,True,5.6835615329992865e-05,0.25,0.24397501823713333
True,0.044353347619480454,2.138988349750906e-30,1.6455861253933196e-19,1.6980500914943577,2.6000170650090456e-19,9.544309396157254e-20,7.090455249781697e+25,0.00011983703004105287,0.00011413050480100272,8.087999411817098e-07,0.0002291524847449682,38.32234183716294,2.3179366180618384e-06,0.08513044699427397,7.100097771801622e+29,10865053608.782568,0.1501650749306419,True,5.224329913095853e-05,0.25,0.2439750182371333
True,0.048252117416612984,1.8072926224702698e-30,1.3904029278182483e-19,1.6980500914943577,2.1968290105155873e-19,8.064260826973389e-20,9.931938167546112e+25,0.0001418309397933582,0.00013507708551748398,8.087999411817097e-07,0.00021063697010448613,35.22589764135489,2.3179366180618384e-06,0.08513044699427397,8.403191728419654e+29,10865053608.782568,0.1501650749306419,True,4.802204195802017e-05,0.25,0.24397501823713333
True,0.05249359879577628,1.5270333864211291e-30,1.1747913231970707e-19,1.6980500914943577,1.856163856149963e-19,6.813725329528923e-20,1.3912138542443547e+26,0.0001678614321113933,0.00015986803058227933,8.087999411817097e-07,0.0001936175085519008,32.379646053777684,2.3179366180618384e-06,0.08513044699427397,9.945444907114635e+29,10865053608.782568,0.1501650749306419,True,4.414186225179036e-05,0.25,0.24397501823713333
True,0.05710791695916732,1.2902343174828841e-30,9.926148927381527e-20,1.6980500914943577,1.5683260938314403e-19,5.757112010932878e-20,1.9487394661455422e+26,0.00019866934839141097,0.00018920890322991519,8.087999411817098e-07,0.0001779732190377105,29.763371518375735,2.3179366180618384e-06,0.08513044699427397,1.177075063822855e+30,10865053608.782568,0.1501650749306419,True,4.05752009620785e-05,0.25,0.2439750182371333
True,0.06212784518933688,1.0901559905720535e-30,8.386888001557813e-20,1.6980500914943577,1.3251237106266892e-19,4.8643491047090816e-20,2.7296921284441132e+26,0.00023513149800887995,0.0002239347600084571,8.087999411817097e-07,0.00016359298769798113,27.358491895482214,2.3179366180618384e-06,0.08513044699427397,1.3931058075465623e+30,10865053608.782568,0.1501650749306419,True,3.729672580921258e-05,0.25,0.24397501823713333
True,0.0675890376220525,9.211040720872024e-31,7.086322285235935e-20,1.6980500914943577,1.1196350397864216e-19,4.1100281126282804e-20,3.823609695157296e+26,0.00027828561277090343,0.00026503391692466995,8.087999411817098e-07,0.00015037467866601387,25.14792648181859,2.3179366180618384e-06,0.08513044699427397,1.648785069591817e+30,10865053608.782568,0.1501650749306419,True,3.428315136104077e-05,0.25,0.2439750182371333
True,0.07353028248047594,7.7826725620286485e-31,5.98743699938574e-20,1.6980500914943577,9.460117664974011e-20,3.4726806655882695e-20,5.355912100326844e+26,0.0003293598813050229,0.0003136760774333552,8.087999411817098e-07,0.00013822440865040832,23.11597469447455,2.3179366180618384e-06,0.08513044699427397,1.9513896151911794e+30,10865053608.782568,0.1501650749306419,True,3.1513073647706546e-05,0.25,0.2439750182371333
True,0.07999377756925682,6.5758033259480665e-31,5.058957295281921e-20,1.6980500914943577,7.993124817907143e-20,2.9341675226252217e-20,7.502281015439174e+26,0.00038980790394853396,0.0003712456228081276,8.087999411817098e-07,0.00012705588012719839,21.248204557219015,2.3179366180618384e-06,0.08513044699427397,2.3095317276367062e+30,10865053608.782568,0.1501650749306419,True,2.8966818139545352e-05,0.25,0.2439750182371333
True,0.08702542998524213,5.556084884326463e-31,4.2744581559875795e-20,1.6980500914943577,6.753620474636946e-20,2.4791623186493665e-20,1.050880212003185e+27,0.0004613500629726882,0.0004393810123549411,8.087999411817098e-07,0.0001167897684100479,19.531350197114662,2.3179366180618384e-06,0.08513044699427397,2.7334043183570053e+30,10865053608.782568,0.1501650749306419,True,2.6626300008363674e-05,0.25,0.2439750182371333
True,0.09467518217350566,4.694495518141169e-31,3.611612326581331e-20,1.6980500914943577,5.706327694677221e-20,2.0947153680958893e-20,1.4720179338886217e+27,0.0005460224855599772,0.0005200214148190259,8.087999411817098e-07,0.00010735315824515537,17.953217623402743,2.3179366180618384e-06,0.08513044699427397,3.235071022496042e+30,10865053608.782568,0.1501650749306419,True,2.447489567960241e-05,0.25,0.2439750182371333
True,0.1029973666445142,3.96651394438138e-31,3.051554868830049e-20,1.6980500914943577,4.821439978945617e-20,1.769885110115568e-20,2.0619255867034612e+27,0.0006462349930463657,0.0006154618981393958,8.087999411817097e-07,9.867902592927698e-05,16.50259811945179,2.3179366180618384e-06,0.08513044699427397,3.828809536265127e+30,10865053608.782568,0.1501650749306419,True,2.249732476308238e-05,0.25,0.24397501823713333
True,0.11205109187181692,3.3514214275364057e-31,2.5783462552014526e-20,1.6980500914943577,4.073772961244218e-20,1.4954267060427657e-20,2.888237315065279e+27,0.0007648396856941586,0.000728418748280151,8.087999411817097e-07,9.070576327259898e-05,15.169188632634478,2.3179366180618384e-06,0.08513044699427397,4.531517967628396e+30,10865053608.782568,0.1501650749306419,True,2.067954152374233e-05,0.25,0.24397501823713333
True,0.1219006621111034,2.8317121135702736e-31,2.1785187215919578e-20,1.6980500914943577,3.4420476480542483e-20,1.2635289264622908e-20,4.045691484663265e+27,0.0009052121149539311,0.000862106776146601,8.087999411817098e-07,8.33767400253973e-05,13.943518596700276,2.3179366180618384e-06,0.08513044699427397,5.363195765274303e+30,10865053608.782568,0.1501650749306419,True,1.9008635121538395e-05,0.25,0.2439750182371333
True,0.13261603412240283,2.392594804179862e-31,1.8406929677317006e-20,1.6980500914943577,2.908284807275389e-20,1.0675918395436887e-20,5.666992633777661e+27,0.0010713473534204494,0.0010203308127813805,8.087999411817098e-07,7.663990166061161e-05,12.816882666898517,2.3179366180618384e-06,0.08513044699427397,6.347512913362642e+30,10865053608.782568,0.1501650749306419,True,1.7472737911957102e-05,0.25,0.2439750182371333
True,0.14427331403930435,2.02157199157187e-31,1.555254296360153e-20,1.6980500914943577,2.45729326989709e-20,9.020389735369367e-21,7.938026325792255e+27,0.0012679736966836998,0.0012075939968416189,8.087999411817097e-07,7.044739965557578e-05,11.781278890101543,2.3179366180618384e-06,0.08513044699427397,7.512483591626827e+30,10865053608.782568,0.1501650749306419,True,1.6060941155844246e-05,0.25,0.24397501823713333
True,0.15695529791421722,1.7080841728688456e-31,1.3140789739243909e-20,1.6980500914943577,2.0762375814005893e-20,7.621586074761983e-21,1.1119171317321158e+28,0.001500687233088972,0.0014292259362752113,8.087999411817097e-07,6.475525164697626e-05,10.829351870780549,2.3179366180618384e-06,0.08513044699427397,8.891263473549065e+30,10865053608.782568,0.1501650749306419,True,1.476321753987772e-05,0.25,0.24397501823713333
True,0.1707520597789095,1.4432093211464173e-31,1.110303024882499e-20,1.6980500914943577,1.7542726980246448e-20,6.439696731421457e-21,1.5575152526544195e+28,0.0017761111113316881,0.0016915343917444647,8.087999411817098e-07,5.9523029045279114e-05,9.954340529168768,2.3179366180618384e-06,0.08513044699427397,1.052309335413118e+31,10865053608.782568,0.1501650749306419,True,1.3570349957383707e-05,0.25,0.2439750182371333
True,0.18576159139703224,1.219408959890779e-31,9.381268793774622e-21,1.6980500914943577,1.4822353311602526e-20,5.441084517827904e-21,2.181685750692795e+28,0.002102084038725781,0.002001984798786458,8.087999411817097e-07,5.471356988990374e-05,9.1500300805638,2.3179366180618384e-06,0.08513044699427397,1.2454415963399443e+31,10865053608.782568,0.1501650749306419,True,1.2473866043661187e-05,0.25,0.24397501823713333
True,0.2020904982524852,1.0303136140229085e-31,7.926503144523394e-21,1.6980500914943577,1.2523831553746732e-20,4.597328409223339e-21,3.055991077239276e+28,0.0024878833749047416,0.0023694127380045156,8.087999411817098e-07,5.029271490569091e-05,8.410707894701055,2.3179366180618384e-06,0.08513044699427397,1.4740197750738793e+31,10865053608.782568,0.1501650749306419,True,1.1465978000850465e-05,0.25,0.2439750182371333
True,0.21985475671689472,8.705415313136843e-32,6.69732991147558e-21,1.6980500914943577,1.0581744577890152e-20,3.884414666414574e-21,4.280672164265841e+28,0.002944489170318485,0.002804275400303319,8.087999411817097e-07,4.6229064886000883e-05,7.73112292168856,2.3179366180618384e-06,0.08513044699427397,1.744549325872846e+31,10865053608.782568,0.1501650749306419,True,1.0539527284950676e-05,0.25,0.24397501823713333
True,0.23918053777399972,7.355455149068082e-32,5.658766182933559e-21,1.6980500914943577,8.940819575156998e-21,3.2820533922234396e-21,5.996141256562206e+28,0.0034848966641994653,0.0033189492039994908,8.087999411817097e-07,4.249375767925091e-05,7.106448396325231,2.3179366180618384e-06,0.08513044699427397,2.0647296609374598e+31,10865053608.782568,0.1501650749306419,True,9.687933762124828e-06,0.25,0.24397501823713333
True,0.26020510315146445,6.214835077231624e-32,4.781253893173874e-21,1.6980500914943577,7.55435496359799e-21,2.7731010704241152e-21,8.399080468899592e+28,0.004124486135853226,0.003928082034145929,8.087999411817098e-07,3.9060263194934436e-05,6.532247555909169,2.3179366180618384e-06,0.08513044699427397,2.4436732797004556e+31,10865053608.782568,0.1501650749306419,True,8.905148973174024e-06,0.25,0.2439750182371333
True,0.28307778022491015,5.251092455112358e-32,4.039818584470895e-21,1.6980500914943577,6.3828912367953365e-21,2.343072652324442e-21,1.1764991801326519e+29,0.004881460635434132,0.004649010128984887,8.087999411817099e-07,3.590419497314855e-05,6.004442128046176,2.3179366180618384e-06,0.08513044699427397,2.892165115316195e+31,10865053608.782568,0.1501650749306419,True,8.185613174240936e-06,0.25,0.24397501823713327
True,0.307961022618444,4.436798664723463e-32,3.413358620996129e-21,1.6980500914943577,5.393087925716723e-21,1.979729304720594e-21,1.6479784018954146e+29,0.005777364052252704,0.005502251478335909,8.087999411817097e-07,3.300313697929822e-05,5.519283364642423,2.3179366180618384e-06,0.08513044699427397,3.4229694794867623e+31,10865053608.782568,0.1501650749306419,True,7.524215848623202e-06,0.25,0.24397501823713333
True,0.33503156403461193,3.748778479824101e-32,2.8840446252500626e-21,1.6980500914943577,4.556774711566987e-21,1.672730086316924e-21,2.3084017897977204e+29,0.006837694265108693,0.006512089776293993,8.087999411817098e-07,3.0336484393784644e-05,5.073325416349873,2.3179366180618384e-06,0.08513044699427397,4.051193341434418e+31,10865053608.782568,0.1501650749306419,True,6.916259409231423e-06,0.25,0.2439750182371333
True,0.36448167350888566,3.1674504868857305e-32,2.4368120446735807e-21,1.6980500914943577,3.8501496838134525e-21,1.413337639139872e-21,3.2334882647809684e+29,0.008092628825228694,0.007707265547836851,8.087999411817097e-07,2.788529726588156e-05,4.663400858355665,2.3179366180618384e-06,0.08513044699427397,4.7947162801297875e+31,10865053608.782568,0.1501650749306419,True,6.357425833887406e-06,0.25,0.24397501823713333
True,0.3965205210041451,2.676269787843909e-32,2.0589324066202264e-21,1.6980500914943577,3.253101925390397e-21,1.1941695187701707e-21,4.529300923559075e+29,0.009577883825123222,0.009121794119164974,8.087999411817097e-07,2.5632165992374998e-05,4.2865981936871265,2.3179366180618384e-06,0.08513044699427397,5.674699346440407e+31,10865053608.782568,0.1501650749306419,True,5.843745996489503e-06,0.25,0.24397501823713333
True,0.43137566304431935,2.261257123664858e-32,1.7396510593818954e-21,1.6980500914943577,2.7486391455037937e-21,1.008988086121898e-21,6.344407394205501e+29,0.01133573039721918,0.010795933711637314,8.087999411817098e-07,2.3561087665525196e-05,3.9402411742491323,2.3179366180618384e-06,0.08513044699427397,6.716187317682019e+31,10865053608.782568,0.1501650749306419,True,5.3715714762189544e-06,0.25,0.2439750182371333
True,0.4692946589389276,1.9106010173378274e-32,1.4698810891885543e-21,1.6980500914943577,2.3224040701673253e-21,8.525229809787712e-22,8.88691342504579e+29,0.013416197772349337,0.012777331211761273,8.087999411817097e-07,2.1657352412109876e-05,3.621869792721087,2.3179366180618384e-06,0.08513044699427397,7.948821485051425e+31,10865053608.782568,0.1501650749306419,True,4.9375486445616095e-06,0.25,0.24397501823713333
True,0.5105468290777841,1.6143216130751628e-32,1.2419447019000417e-21,1.6980500914943577,1.9622658266919227e-21,7.203211247918811e-22,1.2448322643402481e+30,0.01587849713777119,0.01512237822644875,8.087999411817098e-07,1.9907438916269877e-05,3.3292228103081336,2.3179366180618384e-06,0.08513044699427397,9.407683260243212e+31,10865053608.782568,0.1501650749306419,True,4.538594846097602e-06,0.25,0.2439750182371333
True,0.5554251677841955,1.363986644408237e-32,1.0493547089779027e-21,1.6980500914943577,1.6579746927180937e-21,6.086199837401912e-22,1.7436958055372263e+30,0.018792706818457877,0.01789781601757893,8.087999411817099e-07,1.8298918384105807e-05,3.06022169624956,2.3179366180618384e-06,0.08513044699427397,1.1134292610735126e+32,10865053608.782568,0.1501650749306419,True,4.171876503882544e-06,0.25,0.24397501823713327
True,0.6042484243127103,1.1524714474831344e-32,8.866298987140608e-22,1.6980500914943577,1.4008703837684641e-21,5.142404850544033e-22,2.442477713139566e+30,0.022241766742799294,0.021182634993142185,8.087999411817098e-07,1.6820366267933143e-05,2.812955865014563,2.3179366180618384e-06,0.08513044699427397,1.3177789739730871e+32,10865053608.782568,0.1501650749306419,True,3.834788993913415e-06,0.25,0.2439750182371333
True,0.6573633667717687,9.737561894091006e-33,7.491390380850328e-22,1.6980500914943577,1.1836355770318612e-21,4.344965389468284e-22,3.4212947924970644e+30,0.026323838956249287,0.02507032281547551,8.087999411817098e-07,1.5461281123214788e-05,2.5856691063321415,2.3179366180618384e-06,0.08513044699427397,1.5596333641988862e+32,10865053608.782568,0.1501650749306419,True,3.5249381457369925e-06,0.25,0.2439750182371333
True,0.7151472450507887,8.227545406728252e-33,6.329690654431212e-22,1.6980500914943577,1.0000876565373253e-21,3.6711859109420416e-22,4.7923704663497476e+30,0.031155101364368273,0.029671525108922164,8.087999411817097e-07,1.4212010021851449e-05,2.3767471116742325,2.3179366180618384e-06,0.08513044699427397,1.8458757339165237e+32,10865053608.782568,0.1501650749306419,True,3.24012323780866e-06,0.25,0.24397501823713333
True,0.7780104702446848,6.951689155460223e-33,5.348137227397586e-22,1.6980500914943577,8.450027526769723e-22,3.1018902993721373e-22,6.712901424661735e+30,0.036873054216646946,0.03511719449204471,8.087999411817099e-07,1.3063679992076178e-05,2.18470600859868,2.3179366180618384e-06,0.08513044699427397,2.1846526903532994e+32,10865053608.782568,0.1501650749306419,True,2.9783213668257632e-06,0.25,0.24397501823713327
True,0.846399529606477,5.8736816055276554e-33,4.518794576959651e-22,1.6980500914943577,7.139670681507022e-22,2.620876104547371e-22,9.40308055348424e+30,0.04364043343536567,0.04156231755749112,8.087999411817098e-07,1.2008134998003535e-05,2.008181821516976,2.3179366180618384e-06,0.08513044699427397,2.585606002491469e+32,10865053608.782568,0.1501650749306419,True,2.7376730800184186e-06,0.25,0.2439750182371333
True,0.9208001577315016,4.9628420994652366e-33,3.8180591784657937e-22,1.6980500914943577,6.032512589915507e-22,2.2144534114497136e-22,1.317134250928895e+31,0.05164984216487197,0.04919032587130664,8.087999411817097e-07,1.1037878011229573e-05,1.8459207840317002,2.3179366180618384e-06,0.08513044699427397,3.0601470108453563e+32,10865053608.782568,0.1501650749306419,True,2.51646916835083e-06,0.25,0.24397501823713333
True,1.0017407864966161,4.1932476695784276e-33,3.2259877367727163e-22,1.6980500914943577,5.097042954901071e-22,1.8710552181283547e-22,1.8449726396602963e+31,0.06112923235758495,0.058218316531033286,8.087999411817097e-07,1.0146017763044928e-05,1.696770434036818,2.3179366180618384e-06,0.08513044699427397,3.621781400167779e+32,10865053608.782568,0.1501650749306419,True,2.3131385268315938e-06,0.25,0.24397501823713333
True,1.089796298257657,3.542995256754118e-33,2.7257295896575974e-22,1.6980500914943577,4.306637822445161e-22,1.5809082327875637e-22,2.584340995380292e+31,0.07234839240552518,0.06890323086240493,8.087999411817097e-07,9.326219799067714e-06,1.5596714283336521,2.3179366180618384e-06,0.08513044699427397,4.286493578286494e+32,10865053608.782568,0.1501650749306419,True,2.12623699571061e-06,0.25,0.24397501823713333
True,1.1855921089623183,2.9935783379673684e-33,2.303047129177104e-22,1.6980500914943577,3.638801849978742e-22,1.335754720801638e-22,3.6200094444939735e+31,0.08562662545875077,0.08154916710357216,8.087999411817099e-07,8.572661488660685e-06,1.4336500186256467,2.3179366180618384e-06,0.08513044699427397,5.073201600693029e+32,10865053608.782568,0.1501650749306419,True,1.9544371033069612e-06,0.25,0.24397501823713327
True,1.2898086101788073,2.5293602209779624e-33,1.9459105919150195e-22,1.6980500914943577,3.07452807719294e-22,1.1286174852779204e-22,5.070719538037285e+31,0.1013418369596454,0.09651603519966227,8.087999411817097e-07,7.879990669586447e-06,1.3178111354525788,2.3179366180618384e-06,0.08513044699427397,6.004295588274911e+32,10865053608.782568,0.1501650749306419,True,1.7965186376160676e-06,0.25,0.24397501823713333
True,1.4031860015899118,2.1371290159086625e-33,1.6441556856372422e-22,1.6980500914943577,2.597756978029168e-22,9.536012923919257e-23,7.102798218535379e+31,0.11994129002903241,0.1142298000276499,8.087999411817099e-07,7.243287634173288e-06,1.2113320309426805,2.3179366180618384e-06,0.08513044699427397,7.10627496184119e+32,10865053608.782568,0.1501650749306419,True,1.65135997973069e-06,0.25,0.24397501823713327
True,1.5265295482753287,1.805721617964244e-33,1.3891943082302323e-22,1.6980500914943577,2.194919398186306e-22,8.057250899560736e-23,9.949227551393405e+31,0.14195433480801195,0.135194604579059,8.087999411817097e-07,6.658030186997807e-06,1.1134564352302208,2.3179366180618384e-06,0.08513044699427397,8.410502629468304e+32,10865053608.782568,0.1501650749306419,True,1.5179301375213046e-06,0.25,0.24397501823713333
True,1.6607153001222132,1.5257059996431974e-33,1.1737701258328825e-22,1.6980500914943577,1.8545503699077908e-22,6.807802440749084e-23,1.3936356605357296e+32,0.1680074740392362,0.16000711813260587,8.087999411817097e-07,6.120061525905922e-06,1.0234891850344021,2.3179366180618384e-06,0.08513044699427397,9.954097591231653e+32,10865053608.782568,0.1501650749306419,True,1.3952814229948882e-06,0.25,0.24397501823713333
False,1.8066963139861723,1.2891127703126064e-33,9.91752053787862e-23,1.6980500914943577,1.5669628130158745e-22,5.752107592280126e-23,1.9521318054936314e+32,0.1988421936619261,0.18937351777326294,8.087999411817098e-07,5.62556071824645e-06,0.9407912862489273,2.3179366180618384e-06,0.08513044699427397,1.1780991365319592e+33,10865053608.782568,0.1501650749306419,False,1.2825427213229149e-06,0.25,0.2439750182371333
False,1.9655094227957095,1.0892083631916512e-33,8.379597627725648e-23,1.6980500914943577,1.3239718355542502e-22,4.860120727816854e-23,2.7344439396412064e+32,0.23533606588867045,0.22412958656063853,8.087999411817097e-07,5.171015562624272e-06,0.8647753754742046,2.3179366180618384e-06,0.08513044699427397,1.394317830196811e+33,10865053608.782568,0.1501650749306419,False,1.1789133037317142e-06,0.25,0.24397501823713333
False,2.138282599677844,9.203033945268724e-34,7.080162439230482e-23,1.6980500914943577,1.1186617874913964e-22,4.106455435683481e-23,3.830265783282927e+32,0.27852772536858955,0.26526450035103766,8.087999411817098e-07,4.753197643423061e-06,0.79490154825762,2.3179366180618384e-06,0.08513044699427397,1.6502195369803757e+33,10865053608.782568,0.1501650749306419,False,1.083657140311113e-06,0.25,0.2439750182371333
False,2.3262429694086837,7.775907407613777e-34,5.982232368774943e-23,1.6980500914943577,9.451894377115461e-23,3.469662008340518e-23,5.3652355997881556e+32,0.32964642927149057,0.31394898025856244,8.087999411817098e-07,4.369139400921998e-06,0.7306735244119001,2.3179366180618384e-06,0.08513044699427397,1.9530873530085589e+33,10865053608.782568,0.1501650749306419,False,9.960976723480066e-07,0.25,0.2439750182371333
False,2.53072552409051,6.570087252896386e-34,5.0545597535624085e-23,1.6980500914943577,7.986176726076284e-23,2.931616972513875e-23,7.515340884924666e+32,0.39014704258845223,0.3715686119890021,8.087999411817097e-07,4.016113054146352e-06,0.6716351231756325,2.3179366180618384e-06,0.08513044699427397,2.3115410543872033e+33,10865053608.782568,0.1501650749306419,False,9.156130070552181e-07,0.25,0.24397501823713333
False,2.753182604958582,5.551255210215796e-34,4.2707425468270117e-23,1.6980500914943577,6.747749832514174e-23,2.4770072856871635e-23,1.0527095700858018e+33,0.46175144434874016,0.43976328033213347,8.087999411817097e-07,3.6916112267512176e-06,0.6173670231807297,2.3179366180618384e-06,0.08513044699427397,2.735782420528575e+33,10865053608.782568,0.1501650749306419,False,8.416315005661469e-07,0.25,0.24397501823713333
False,2.9951942176623927,4.690414787925804e-34,3.608472901803884e-23,1.6980500914943577,5.701367420723937e-23,2.092894518920053e-23,1.4745804028307116e+33,0.5464975331955997,0.5204738411386663,8.087999411817097e-07,3.3933291383333183e-06,0.5674837842144344,2.3179366180618384e-06,0.08513044699427397,3.2378855821175766e+33,10865053608.782568,0.1501650749306419,False,7.736276978233292e-07,0.25,0.24397501823713333
False,3.2584792542858563,3.963066018349723e-34,3.048902278768145e-23,1.6980500914943577,4.817248901176427e-23,1.7683466224082816e-23,2.065514958921822e+33,0.6467972270451877,0.6159973590906549,8.087999411817097e-07,3.119148234684337e-06,0.5216311096228742,2.3179366180618384e-06,0.08513044699427397,3.83214065717233e+33,10865053608.782568,0.1501650749306419,False,7.111186005238955e-07,0.25,0.24397501823713333
False,3.5449077018110318,3.348508175914196e-34,2.576105005757599e-23,1.6980500914943577,4.070231799398576e-23,1.4941267936409772e-23,2.8932651195823387e+33,0.7655051075292036,0.7290524833611463,8.087999411817098e-07,2.867121140719353e-06,0.479483329912338,2.3179366180618384e-06,0.08513044699427397,4.5354604552607176e+33,10865053608.782568,0.1501650749306419,False,6.536602366149351e-07,0.25,0.2439750182371333
True,1e-06,1.7177677263734604e-21,1.6186145121927926e-10,1.6980500914943577,2.088008288036209e-10,4.6939377584341656e-11,18321815.406698287,1.5229240228170702e-14,1.4504038312543526e-14,4.043999705908549e-07,5.081839906880633,849862.0745481235,2.3179366180618384e-06,0.08513044699427397,1.4436819013051228e+21,10865053608.782568,0.1501650749306419,True,2.317165207143905,0.5,0.4879500364742666
True,1.0879024922894468e-06,1.451391233315421e-21,1.367613838032364e-10,1.6980500914943577,1.764218105752692e-10,3.966042677203278e-11,25664238.941797663,1.802429059832607e-14,1.7165991046024827e-14,4.0439997059085487e-07,4.671227378279193,781193.2416476251,2.3179366180618384e-06,0.08513044699427397,1.7086434865301907e+21,10865053608.782568,0.1501650749306419,True,2.1299383203613442,0.5,0.48795003647426666
True,1.1835318327295895e-06,1.2263220922145082e-21,1.1555361674372756e-10,1.6980500914943577,1.490638491475013e-10,3.351023240377372e-11,35949121.08004786,2.133232168548756e-14,2.0316496843321485e-14,4.043999705908549e-07,4.293792331010094,718072.8486094703,2.3179366180618384e-06,0.08513044699427397,2.0222339570945522e+21,10865053608.782568,0.1501650749306419,True,1.9578393610248799,0.5,0.4879500364742666
True,1.287567230530417e-06,1.036154717855143e-21,9.763456592225768e-11,1.6980500914943577,1.2594832266041722e-10,2.831375673815953e-11,50355645.04206644,2.524748178080225e-14,2.404522074362119e-14,4.043999705908548e-07,3.946854025468754,660052.5816411312,2.3179366180618384e-06,0.08513044699427397,2.393378261448126e+21,10865053608.782568,0.1501650749306419,True,1.7996459930013455,0.5,0.4879500364742667
True,1.4007475990842613e-06,8.754768475178657e-22,8.24942458007929e-11,1.6980500914943577,1.0641735116658545e-10,2.392310536579255e-11,70535548.8930139,2.988119838383983e-14,2.845828417508555e-14,4.043999705908549e-07,3.6279483257389735,606720.3506925307,2.3179366180618384e-06,0.08513044699427397,2.8326393601868594e+21,10865053608.782568,0.1501650749306419,True,1.654234644884454,0.5,0.4879500364742666
True,1.5238768041122235e-06,7.397155051577696e-22,6.970175496719513e-11,1.6980500914943577,8.991507302440243e-11,2.0213318057207284e-11,98802500.76197891,3.536534948738225e-14,3.368128522607833e-14,4.0439997059085487e-07,3.3348101980206977,557697.36257862,2.3179366180618384e-06,0.08513044699427397,3.352518853423912e+21,10865053608.782568,0.1501650749306419,True,1.5205725298075086,0.5,0.48795003647426666
True,1.6578293731357647e-06,6.250068521196911e-22,5.889301245615116e-11,1.6980500914943577,7.597182478567604e-11,1.7078812329524874e-11,138397365.72586283,4.185601689392398e-14,3.986287323230855e-14,4.0439997059085497e-07,3.065357623184341,512635.4305935716,2.3179366180618384e-06,0.08513044699427397,3.967812782853304e+21,10865053608.782568,0.1501650749306419,True,1.3977103100550172,0.5,0.48795003647426655
True,1.8035567068250495e-06,5.280862202736299e-22,4.976039581489388e-11,1.6980500914943577,6.419077432878299e-11,1.4430378513889113e-11,193859777.7600888,4.9537928385226494e-14,4.7178979414501423e-14,4.0439997059085487e-07,2.817676809190334,471214.5015080818,2.3179366180618384e-06,0.08513044699427397,4.696032734818265e+21,10865053608.782568,0.1501650749306419,True,1.2847753543735272,0.5,0.48795003647426666
True,1.9620938363403183e-06,4.461951978559802e-22,4.204398600765225e-11,1.6980500914943577,5.423662680938566e-11,1.2192640801733412e-11,271548618.25645274,5.862971517139427e-14,5.583782397275645e-14,4.043999705908549e-07,2.5900085983447356,433140.3823852173,2.3179366180618384e-06,0.08513044699427397,5.557904229197607e+21,10865053608.782568,0.1501650749306419,True,1.1809655400915293,0.5,0.4879500364742666
True,2.134566774660394e-06,3.7700312363117116e-22,3.552416998424608e-11,1.6980500914943577,4.582608199417776e-11,1.0301912009931678e-11,380371075.057375,6.939013424921413e-14,6.608584214210869e-14,4.043999705908549e-07,2.3807359728482353,398142.6510694823,2.3179366180618384e-06,0.08513044699427397,6.57795657851778e+21,10865053608.782568,0.1501650749306419,True,1.0855435560279258,0.5,0.4879500364742666
True,2.322200514111288e-06,3.1854075505657143e-22,3.001539037806562e-11,1.6980500914943577,3.871977138839493e-11,8.704381010329307e-12,532803870.1477171,8.21254327613246e-14,7.821469786792819e-14,4.0439997059085487e-07,2.1883725698964738,365972.7355083149,2.3179366180618384e-06,0.08513044699427397,7.78522100498881e+21,10865053608.782568,0.1501650749306419,True,0.9978316657253388,0.5,0.48795003647426666
True,2.526327726897505e-06,2.6914422261200875e-22,2.5360864446578396e-11,1.6980500914943577,3.2715445683531114e-11,7.354581236952721e-12,746323741.8922174,9.719806394972122e-14,9.256958471402021e-14,4.043999705908549e-07,2.011552124759943,336402.1482643542,2.3179366180618384e-06,0.08513044699427397,9.214056884239302e+21,10865053608.782568,0.1501650749306419,True,0.9172068938140241,0.5,0.4879500364742666
True,2.7483982304317225e-06,2.2740767520488254e-22,2.142812195265464e-11,1.6980500914943577,2.7642218636468218e-11,6.214096683813579e-12,1045411189.5950966,1.150370027641809e-13,1.0955905025160086e-13,4.0439997059085487e-07,1.8490187668627516,309220.86367906944,2.3179366180618384e-06,0.08513044699427397,1.0905129631078391e+22,10865053608.782568,0.1501650749306419,True,0.8430966013174593,0.5,0.48795003647426666
True,2.989989284690576e-06,1.921432689143732e-22,1.8105234992484126e-11,1.6980500914943577,2.3355703557813674e-11,5.2504685653295465e-12,1464357213.8811536,1.3614995471320988e-13,1.2966662353639035e-13,4.043999705908548e-07,1.6996180999379513,284235.8261615217,2.3179366180618384e-06,0.08513044699427397,1.2906568058423967e+22,10865053608.782568,0.1501650749306419,True,0.7749744184731084,0.5,0.4879500364742667
True,3.2528167947336175e-06,1.6234736033354638e-22,1.5297632469021025e-11,1.6980500914943577,1.9733903991368122e-11,4.436271522347099e-12,2051194851.5457435,1.6113780542777596e-13,1.5346457659788186e-13,4.043999705908549e-07,1.5622890029061103,261269.57900736033,2.3179366180618384e-06,0.08513044699427397,1.527533414843569e+22,10865053608.782568,0.1501650749306419,True,0.7123565061811801,0.5,0.4879500364742666
True,3.5387474979516724e-06,1.37171942354202e-22,1.2925408549206451e-11,1.6980500914943577,1.667374163131349e-11,3.74833308210704e-12,2873206263.5566993,1.9071172217995973e-13,1.8163021159996163e-13,4.0439997059085487e-07,1.436056093242636,240159.00400920032,2.3179366180618384e-06,0.08513044699427397,1.8078844220254982e+22,10865053608.782568,0.1501650749306419,True,0.6547981195282075,0.5,0.48795003647426666
True,3.849812222604668e-06,1.1590050944201584e-22,1.0921048502258262e-11,1.6980500914943577,1.4088122659834769e-11,3.1670741575765064e-12,4024636775.350905,2.25713394074664e-13,2.1496513721396569e-13,4.043999705908549e-07,1.3200227993048483,220754.1629064527,2.3179366180618384e-06,0.08513044699427397,2.139688763363112e+22,10865053608.782568,0.1501650749306419,True,0.6018904489778414,0.5,0.4879500364742666
True,4.188220311817992e-06,9.792766551509936e-23,9.227507195198078e-12,1.6980500914943577,1.1903459011612052e-11,2.675951816413973e-12,5637500300.259006,2.671389869608032e-13,2.5441808281981255e-13,4.0439997059085487e-07,1.2133649924148198,202917.2324459745,2.3179366180618384e-06,0.08513044699427397,2.5323897635740534e+22,10865053608.782568,0.1501650749306419,True,0.553257716793338,0.5,0.48795003647426666
True,4.556375315484077e-06,8.274189405556417e-23,7.796585558595922e-12,1.6980500914943577,1.0057574019077296e-11,2.260988460481374e-12,7896715010.4246025,3.1616749483124534e-13,3.0111189983928124e-13,4.043999705908549e-07,1.1153251334697676,186521.52548979223,2.3179366180618384e-06,0.08513044699427397,2.9971638980684515e+22,10865053608.782568,0.1501650749306419,True,0.5085545080690362,0.5,0.4879500364742666
True,4.956892061521242e-06,6.991100008246994e-23,6.587558815899855e-12,1.6980500914943577,8.497932832006237e-12,1.910374016106383e-12,11061304591.504913,3.7419429460714693e-13,3.5637551867347325e-13,4.043999705908549e-07,1.0252068925061575,171450.59121729305,2.3179366180618384e-06,0.08513044699427397,3.5472388812719157e+22,10865053608.782568,0.1501650749306419,True,0.4674633174144163,0.5,0.4879500364742666
True,5.392615227738732e-06,5.906980965711214e-23,5.566017435041786e-12,1.6980500914943577,7.180147248264022e-12,1.6141298132222361e-12,15494095849.29022,4.428708592933525e-13,4.217817707555738e-13,4.043999705908549e-07,0.9423702030028914,157597.38803105618,2.3179366180618384e-06,0.08513044699427397,4.19827013428141e+22,10865053608.782568,0.1501650749306419,True,0.42969229386602353,0.5,0.4879500364742666
True,5.866639546214977e-06,4.9909776842148097e-23,4.702887815197039e-12,1.6980500914943577,6.066712402406967e-12,1.363824587209928e-12,21703317560.87452,5.241517597619875e-13,4.991921521542738e-13,4.043999705908548e-07,0.8662267157966641,144863.52329187072,2.3179366180618384e-06,0.08513044699427397,4.968786346319958e+22,10865053608.782568,0.1501650749306419,True,0.3949731680104477,0.5,0.4879500364742667
True,6.3823317836911014e-06,4.2170202323194616e-23,3.973604836931788e-12,1.6980500914943577,5.125939357638788e-12,1.1523345207069992e-12,30400869965.558254,6.203502928595445e-13,5.908098027233756e-13,4.043999705908548e-07,0.7962356203208296,133158.55448314245,2.3179366180618384e-06,0.08513044699427397,5.88071681090182e+22,10865053608.782568,0.1501650749306419,True,0.36305934659570704,0.5,0.4879500364742667
True,6.943354654095699e-06,3.563081377028712e-23,3.3574127260839522e-12,1.6980500914943577,4.331053222131583e-12,9.736404960476308e-13,42583945614.32856,7.342043190423945e-13,6.992422086118042e-13,4.0439997059085487e-07,0.7318998034880719,122399.34684120052,2.3179366180618384e-06,0.08513044699427397,6.960015544970337e+22,10865053608.782568,0.1501650749306419,True,0.33372416109798897,0.5,0.48795003647426666
True,7.55369283304024e-06,3.010549677241167e-23,2.8367743335983816e-12,1.6980500914943577,3.659431121630957e-12,8.226567880325751e-13,59649359578.80547,8.689541833142254e-13,8.275754126802147e-13,4.043999705908549e-07,0.6727623189352372,112509.4828890557,2.3179366180618384e-06,0.08513044699427397,8.237399953765176e+22,10865053608.782568,0.1501650749306419,True,0.30675925780414387,0.5,0.4879500364742666
True,8.217681259053408e-06,2.5436997924237576e-23,2.396872019112409e-12,1.6980500914943577,3.0919583406482437e-12,6.950863215358347e-13,83553697216.92555,1.0284349371359294e-12,9.794618448913612e-13,4.0439997059085497e-07,0.6184031415530966,103418.71967981622,2.3179366180618384e-06,0.08513044699427397,9.749225064206332e+22,10865053608.782568,0.1501650749306419,True,0.28197311797547353,0.5,0.48795003647426655
True,8.940035922564481e-06,2.1492449312133843e-23,2.0251859331780563e-12,1.6980500914943577,2.6124843076820617e-12,5.872983745040056e-13,117037640771.2218,1.2171854859916265e-12,1.1592242723729776e-12,4.043999705908549e-07,0.5684361842500169,95062.48989482108,2.3179366180618384e-06,0.08513044699427397,1.1538518207933374e+23,10865053608.782568,0.1501650749306419,True,0.25918969758224614,0.5,0.4879500364742666
True,9.725887361315082e-06,1.8159587024005616e-23,1.711137695812839e-12,1.6980500914943577,2.2073629415246623e-12,4.962252457118236e-13,163940194312.7752,1.4405777690075258e-12,1.371978827626215e-12,4.043999705908549e-07,0.5225065557610461,87381.44325303081,2.3179366180618384e-06,0.08513044699427397,1.365620360161913e+23,10865053608.782568,0.1501650749306419,True,0.23824717694762507,0.5,0.4879500364742666
True,1.0580817100101087e-05,1.534355605976738e-23,1.4457893302847918e-12,1.6980500914943577,1.8650642766691036e-12,4.192749463843122e-13,229638833577.0253,1.7049696471429732e-12,1.623780616326641e-12,4.0439997059085487e-07,0.4802880400259524,80321.02497452716,2.3179366180618384e-06,0.08513044699427397,1.616255167675265e+23,10865053608.782568,0.1501650749306419,True,0.21899681142033606,0.5,0.48795003647426666
True,1.1510897293658791e-05,1.2964210708536963e-23,1.2215888836300666e-12,1.6980500914943577,1.5758463144735898e-12,3.54257430843523e-13,321666044789.531,2.0178858512314534e-12,1.92179604879186e-12,4.043999705908549e-07,0.4414807792334447,73831.08830415,2.3179366180618384e-06,0.08513044699427397,1.9128894407573836e+23,10865053608.782568,0.1501650749306419,True,0.20130187491294896,0.5,0.4879500364742666
True,1.252273385425922e-05,1.0953833559877766e-23,1.0321554941304035e-12,1.6980500914943577,1.3314777607960138e-12,2.993222666656101e-13,450572939945.86237,2.388232139747061e-12,2.274506799759106e-12,4.043999705908549e-07,0.40580914407537316,67865.53834321642,2.3179366180618384e-06,0.08513044699427397,2.2639655456286564e+23,10865053608.782568,0.1501650749306419,True,0.18503668880224525,0.5,0.4879500364742666
True,1.3623513370326033e-05,9.255208230956362e-24,8.720977886584889e-13,1.6980500914943577,1.1250037590668053e-12,2.529059704083164e-13,631138963841.5034,2.8265487613385463e-12,2.691951201274806e-12,4.0439997059085487e-07,0.37301977608431086,62382.00465962362,2.3179366180618384e-06,0.08513044699427397,2.6794752914545293e+23,10865053608.782568,0.1501650749306419,True,0.1700857292943994,0.5,0.48795003647426666
True,1.4821054149316291e-05,7.819990958427365e-24,7.368604413851397e-13,1.6980500914943577,9.50547951441407e-13,2.136875100562671e-13,884066388289.5143,3.3453104358065616e-12,3.186009938863392e-12,4.0439997059085487e-07,0.3428797881502283,57341.54035105042,2.3179366180618384e-06,0.08513044699427397,3.1712443024488296e+23,10865053608.782568,0.1501650749306419,True,0.15634280691503968,0.5,0.48795003647426666
True,1.612386174739804e-05,6.607334709698559e-24,6.225945268288325e-13,1.6980500914943577,8.031452345892126e-13,1.8055070776038005e-13,1238353870827.632,3.959281391139564e-12,3.77074418203768e-12,4.043999705908549e-07,0.3151751104353587,52708.34542384168,2.3179366180618384e-06,0.08513044699427397,3.7532685813105336e+23,10865053608.782568,0.1501650749306419,True,0.143710312296484,0.5,0.4879500364742666
True,1.75411893803248e-05,5.582726655065969e-24,5.260479774278122e-13,1.6980500914943577,6.786004502615799e-13,1.525524728337677e-13,1734621211378.507,4.685935561147568e-12,4.462795772521493e-12,4.043999705908549e-07,0.28970896993910317,48449.51252287244,2.3179366180618384e-06,0.08513044699427397,4.442112842764841e+23,10865053608.782568,0.1501650749306419,True,0.13209852290534924,0.5,0.4879500364742666
True,1.9083103644576486e-05,4.7170059145688564e-24,4.444730280000881e-13,1.6980500914943577,5.733689888986938e-13,1.2889596089860573e-13,2429766497159.056,5.545953902737715e-12,5.281860859750205e-12,4.043999705908549e-07,0.26630049291405056,44534.79320643204,2.3179366180618384e-06,0.08513044699427397,5.2573819539890986e+23,10865053608.782568,0.1501650749306419,True,0.1214249657865509,0.5,0.4879500364742666
True,2.0760556015552625e-05,3.9855336241273425e-24,3.7554801291233057e-13,1.6980500914943577,4.844559081916079e-13,1.0890789527927723e-13,3403489587230.951,6.563812986741014e-12,6.25125046356287e-12,4.0439997059085487e-07,0.2447834202067424,40936.38310609095,2.3179366180618384e-06,0.08513044699427397,6.222278899364215e+23,10865053608.782568,0.1501650749306419,True,0.11161383179756923,0.5,0.48795003647426666
True,2.2585460630634318e-05,3.3674917006123015e-24,3.1731129026432913e-13,1.6980500914943577,4.0933069546114793e-13,9.20194051968188e-14,4767429867821.998,7.768481613891841e-12,7.398553917992229e-12,4.0439997059085497e-07,0.2250049263988781,37628.724445645945,2.3179366180618384e-06,0.08513044699427397,7.364265149519151e+23,10865053608.782568,0.1501650749306419,True,0.1025954371725748,0.5,0.48795003647426655
True,2.4570778909572255e-05,2.8452903483346326e-24,2.681054125367387e-13,1.6980500914943577,3.458552479463986e-13,7.774983540965994e-14,6677965941154.263,9.19424528201553e-12,8.756424078110028e-12,4.0439997059085487e-07,0.2068245343618657,34588.324516527035,2.3179366180618384e-06,0.08513044699427397,8.715842229117049e+23,10865053608.782568,0.1501650749306419,True,0.09430572859215246,0.5,0.48795003647426666
True,2.673061161321663e-05,2.404067444280324e-24,2.265299547697039e-13,1.6980500914943577,2.922230212843111e-13,6.569306651460723e-14,9354144758838.303,1.0881681969189224e-11,1.036350663732307e-11,4.0439997059085487e-07,0.19011311751534998,31793.58882038895,2.3179366180618384e-06,0.08513044699427397,1.0315476727208854e+24,10865053608.782568,0.1501650749306419,True,0.08668582824338408,0.5,0.48795003647426666
True,2.9080298994439595e-05,2.0312655543330874e-24,1.9140165773763427e-13,1.6980500914943577,2.4690761431431444e-13,5.5505956576680127e-14,13102795812429.379,1.2878817004175053e-11,1.226554000397624e-11,4.043999705908549e-07,0.17475198270321515,29224.66769377524,2.3179366180618384e-06,0.08513044699427397,1.2208695076432922e+24,10865053608.782568,0.1501650749306419,True,0.07968161563906088,0.5,0.4879500364742666
True,3.163652975257313e-05,1.716274542145911e-24,1.6172075177412252e-13,1.6980500914943577,2.086193269046843e-13,4.6898575130561773e-14,18353709775551.76,1.52424898923403e-11,1.4516657040324095e-11,4.0439997059085487e-07,0.16063202717318595,26863.315325505973,2.3179366180618384e-06,0.08513044699427397,1.444937925904737e+24,10865053608.782568,0.1501650749306419,True,0.07324334322589349,0.5,0.48795003647426666
True,3.4417459565213534e-05,1.4501295991233735e-24,1.3664250280547556e-13,1.6980500914943577,1.7626845441372185e-13,3.962595160824632e-14,25708914902393.453,1.8039971997643753e-11,1.718092571204167e-11,4.0439997059085487e-07,0.14765296367245412,24692.76016545676,2.3179366180618384e-06,0.08513044699427397,1.7101300316265253e+24,10865053608.782568,0.1501650749306419,True,0.06732528305156821,0.5,0.48795003647426666
True,3.744284003926706e-05,1.2252561012904292e-24,1.1545317077812412e-13,1.6980500914943577,1.4893427412695135e-13,3.348110334882724e-14,36011700824589.23,2.135088112076179e-11,2.033417249596361e-11,4.0439997059085487e-07,0.1357226081555567,22697.5858043048,2.3179366180618384e-06,0.08513044699427397,2.023993330536853e+24,10865053608.782568,0.1501650749306419,True,0.061885401981095635,0.5,0.48795003647426666
True,4.073415899711364e-05,1.0352540315410151e-24,9.754969624420994e-14,1.6980500914943577,1.2583884100815737e-13,2.8289144763947433e-14,50443303468983.67,2.5269447463246703e-11,2.4066140441187335e-11,4.0439997059085487e-07,0.12475622504543972,20863.62147818845,2.3179366180618384e-06,0.08513044699427397,2.3954605359227377e+24,10865053608.782568,0.1501650749306419,True,0.0568850631556698,0.5,0.48795003647426666
True,4.43147930942746e-05,8.747158318111277e-25,8.242253697497083e-14,1.6980500914943577,1.0632484697765478e-13,2.3902310002683934e-14,70658336224058.22,2.990719546824056e-11,2.8483043303086247e-11,4.043999705908549e-07,0.11467592539740862,19177.84142058703,2.3179366180618384e-06,0.08513044699427397,2.8351037983120546e+24,10865053608.782568,0.1501650749306419,True,0.05228875157364277,0.5,0.4879500364742666
True,4.8210173852552404e-05,7.390725011542499e-25,6.964116612299253e-14,1.6980500914943577,8.983691358130798e-14,2.0195747458315454e-14,98974494821137.25,3.53961178643287e-11,3.371058844221781e-11,4.043999705908549e-07,0.10541011369141917,17628.27234656672,2.3179366180618384e-06,0.08513044699427397,3.355435594394871e+24,10865053608.782568,0.1501650749306419,True,0.048063821844550894,0.5,0.4879500364742666
True,5.244796828789928e-05,6.244635595898765e-25,5.884181920344171e-14,1.6980500914943577,7.590578562987726e-14,1.7063966426435544e-14,138638285991285.66,4.189243224748149e-11,3.989755452141094e-11,4.0439997059085487e-07,0.09689297932353096,16203.908412295968,2.3179366180618384e-06,0.08513044699427397,3.9712648386402645e+24,10865053608.782568,0.1501650749306419,True,0.044180266324606476,0.5,0.48795003647426666
True,5.705827541592349e-05,5.276271768285866e-25,4.971714116698857e-14,1.6980500914943577,6.41349759514411e-14,1.4417834784452544e-14,194197246243450.56,4.9581027115361946e-11,4.722002582415423e-11,4.0439997059085487e-07,0.08906402918484323,14894.6330458307,2.3179366180618384e-06,0.08513044699427397,4.7001183527304887e+24,10865053608.782568,0.1501650749306419,True,0.040610501986837896,0.5,0.48795003647426666
True,6.207384003072083e-05,4.458073388796949e-25,4.2007438914697785e-14,1.6980500914943577,5.4189481159561254e-14,1.2182042244863465e-14,272021326424288.5,5.86807238904598e-11,5.58864037051998e-11,4.0439997059085487e-07,0.0818676580080367,13691.147093969374,2.3179366180618384e-06,0.08513044699427397,5.562739688053096e+24,10865053608.782568,0.1501650749306419,True,0.037329174512115273,0.5,0.48795003647426666
True,6.753028527539761e-05,3.7667541045476213e-25,3.54932902969037e-14,1.6980500914943577,4.578624728207234e-14,1.0292956985168636e-14,381033219888538.1,6.945050469197491e-11,6.614333780188086e-11,4.0439997059085497e-07,0.0752527534299049,12584.902774840524,2.3179366180618384e-06,0.08513044699427397,6.583679497999103e+24,10865053608.782568,0.1501650749306419,True,0.034312978209616506,0.5,0.48795003647426655
True,7.346636565612223e-05,3.1826386079201103e-25,2.998929924431807e-14,1.6980500914943577,3.868611389731303e-14,8.696814652994967e-15,533731367930210.75,8.219688310208767e-11,7.828274581151207e-11,4.043999705908549e-07,0.06917233296482175,11568.04296711935,2.3179366180618384e-06,0.08513044699427397,7.791994262371072e+24,10865053608.782568,0.1501650749306419,True,0.03154049048771486,0.5,0.4879500364742666
True,7.992424229674335e-05,2.6891026670401833e-25,2.5338819299142423e-14,1.6980500914943577,3.268700750371094e-14,7.348188204568512e-15,747622932184207.6,9.728262770247405e-11,9.265012162140384e-11,4.0439997059085487e-07,0.06358321031074322,10633.34540467395,2.3179366180618384e-06,0.08513044699427397,9.222073249962523e+24,10865053608.782568,0.1501650749306419,True,0.028992019699613986,0.5,0.48795003647426666
True,8.694978238897252e-05,2.2720999914622448e-25,2.1409495375129367e-14,1.6980500914943577,2.7618190402470846e-14,6.208695027341474e-15,1047231027277355.2,1.1513708665745897e-10,1.0965436824519902e-10,4.0439997059085487e-07,0.05844568861767664,9774.171380282924,2.3179366180618384e-06,0.08513044699427397,1.091461725509462e+25,10865053608.782568,0.1501650749306419,True,0.026649465283052634,0.5,0.48795003647426666
True,9.459288496498826e-05,1.9197624674125408e-25,1.8089496862752273e-14,1.6980500914943577,2.3335401413559584e-14,5.245904550807312e-15,1466906347145300.8,1.3626840718684806e-10,1.2977943541604577e-10,4.0439997059085487e-07,0.05372327854004641,8984.418594090703,2.3179366180618384e-06,0.08513044699427397,1.291779696346414e+25,10865053608.782568,0.1501650749306419,True,0.024496189200715876,0.5,0.48795003647426666
True,0.00010290783530625965,1.6220623850775322e-25,1.5284334871696956e-14,1.6980500914943577,1.9716750127236503e-14,4.432415255539548e-15,2054765543845243.5,1.6127799770099223e-10,1.5359809304856403e-10,4.0439997059085487e-07,0.04938243907042436,8258.477811906983,2.3179366180618384e-06,0.08513044699427397,1.5288623914997442e+25,10865053608.782568,0.1501650749306419,True,0.022516897768259214,0.5,0.48795003647426666
True,0.00011195369050579179,1.3705270447492367e-25,1.2914173027730539e-14,1.6980500914943577,1.665924783937885e-14,3.745074811648311e-15,2878207902222291.0,1.9087764419801388e-10,1.8178823256953703e-10,4.0439997059085487e-07,0.04539233931388559,7591.193025514034,2.3179366180618384e-06,0.08513044699427397,1.8094573082030355e+25,10865053608.782568,0.1501650749306419,True,0.0206975330306242,0.5,0.48795003647426666
True,0.00012179469892225225,1.1579976193697965e-25,1.0911555287825653e-14,1.6980500914943577,1.4075876439214556e-14,3.1643211513889008e-15,4031642808703221.0,2.2590976806478183e-10,2.1515216006169698e-10,4.0439997059085487e-07,0.04172463951099078,6977.824832020263,2.3179366180618384e-06,0.08513044699427397,2.1415503242234876e+25,10865053608.782568,0.1501650749306419,True,0.019025172915145258,0.5,0.48795003647426666
True,0.000132500756505161,9.784254105773368e-26,9.219486105971684e-15,1.6980500914943577,1.1893111828476334e-14,2.67362572250465e-15,5647313984656364.0,2.6737140182922773e-10,2.546394303135502e-10,4.0439997059085487e-07,0.038353289754105596,6414.016772161,2.3179366180618384e-06,0.08513044699427397,2.5345929801108715e+25,10865053608.782568,0.1501650749306419,True,0.01748793945228267,0.5,0.48795003647426666
True,0.00014414790323220164,8.26699699593874e-26,7.789808310190291e-15,1.6980500914943577,1.0048831387194016e-14,2.2590230770037245e-15,7910461505282346.0,3.164425652264249e-10,3.013738716442142e-10,4.043999705908549e-07,0.035254344967436096,5895.764388463684,2.3179366180618384e-06,0.08513044699427397,2.9997714749741663e+25,10865053608.782568,0.1501650749306419,True,0.01607491441211797,0.5,0.4879500364742666
True,0.00015681886318461014,6.985022935016873e-26,6.581832524288416e-15,1.6980500914943577,8.490545931509343e-15,1.9087134072209274e-15,1.1080559961172716e+16,3.7451984917608325e-10,3.566855706438888e-10,4.043999705908548e-07,0.03240579483667212,5419.386783512449,2.3179366180618384e-06,0.08513044699427397,3.5503250315461204e+25,10865053608.782568,0.1501650749306419,True,0.014776061757418135,0.5,0.4879500364742667
True,0.00017060363209653513,5.901846272192997e-26,5.561179126976821e-15,1.6980500914943577,7.173905844110273e-15,1.6127267171334515e-15,1.5521067762121878e+16,4.432561634889794e-10,4.2214872713236134e-10,4.043999705908549e-07,0.02978740748031145,4981.5004763042425,2.3179366180618384e-06,0.08513044699427397,4.201922691371516e+25,10865053608.782568,0.1501650749306419,True,0.013582156362490275,0.5,0.4879500364742666
True,0.0001856001165514522,4.9866392343512473e-26,4.698799789905978e-15,1.6980500914943577,6.06143886097685e-15,1.362639071070872e-15,2.1741098403016252e+16,5.246077795427972e-10,4.996264567074259e-10,4.0439997059085487e-07,0.02738058575233621,4578.995371010577,2.3179366180618384e-06,0.08513044699427397,4.973109263906971e+25,10865053608.782568,0.1501650749306419,True,0.01248471849155083,0.5,0.48795003647426666
True,0.00020191482936553665,4.213354551563281e-26,3.970150747081383e-15,1.6980500914943577,5.1214835911910394e-15,1.1513328441096563e-15,3.045379138947969e+16,6.208900067864876e-10,5.913238159871311e-10,4.043999705908549e-07,0.02516823515562951,4209.012667462751,2.3179366180618384e-06,0.08513044699427397,5.885833121476314e+25,10865053608.782568,0.1501650749306419,True,0.011475953571240788,0.5,0.4879500364742666
True,0.00021966364609696568,3.559984138192536e-26,3.3544942664744306e-15,1.6980500914943577,4.327288417227712e-15,9.727941507532817e-16,4.265807517182662e+16,7.348430876554989e-10,6.998505596719036e-10,4.043999705908549e-07,0.023134642427984495,3868.92455646926,2.3179366180618384e-06,0.08513044699427397,6.966070861401386e+25,10865053608.782568,0.1501650749306419,True,0.01054869682952018,0.5,0.4879500364742666
True,0.00023897262805427596,3.0079327312913197e-26,2.834308443346159e-15,1.6980500914943577,3.656250129958608e-15,8.219416866124486e-16,5.97531963784921e+16,8.69710186301583e-10,8.282954155253171e-10,4.0439997059085487e-07,0.021265363938360482,3556.3155557510167,2.3179366180618384e-06,0.08513044699427397,8.244566613518573e+25,10865053608.782568,0.1501650749306419,True,0.009696362407738284,0.5,0.48795003647426666
True,0.00025997891764920577,2.5414886597127667e-26,2.3947885176940013e-15,1.6980500914943577,3.0892706295243166e-15,6.944821118303149e-16,8.369914636478317e+16,1.029329690737105e-09,9.803139911781952e-10,4.043999705908548e-07,0.019547123100718686,3268.965353932496,2.3179366180618384e-06,0.08513044699427397,9.757707034158828e+25,10865053608.782568,0.1501650749306419,True,0.008912896584447272,0.5,0.4879500364742667
True,0.0002828317124532835,2.1473766817503464e-26,2.023425523055755e-15,1.6980500914943577,2.6102133834453035e-15,5.867878603895483e-16,1.1724137831587171e+17,1.2182444553610652e-09,1.160232814629586e-09,4.043999705908548e-07,0.017967716076817308,3004.8330407379567,2.3179366180618384e-06,0.08513044699427397,1.154855688937638e+26,10865053608.782568,0.1501650749306419,True,0.008192734778730447,0.5,0.4879500364742667
True,0.0003076933248764192,1.8143801648307445e-26,1.70965027479583e-15,1.6980500914943577,2.2054441724861305e-15,4.957938976903007e-16,1.6422557918928688e+17,1.4418310929661422e-09,1.3731724694915639e-09,4.0439997059085487e-07,0.016515925098218115,2762.0426113873573,2.3179366180618384e-06,0.08513044699427397,1.3668084700665557e+26,10865053608.782568,0.1501650749306419,True,0.007530762027660373,0.5,0.48795003647426666
True,0.0003347403349938829,1.5330218542970866e-26,1.444532565594665e-15,1.6980500914943577,1.8634430536605812e-15,4.1891048806591624e-16,2.3003858575761584e+17,1.7064529959447255e-09,1.625193329471167e-09,4.0439997059085487e-07,0.015181438791872807,2538.869642236732,2.3179366180618384e-06,0.08513044699427397,1.617661333568197e+26,10865053608.782568,0.1501650749306419,True,0.006922276657177418,0.5,0.48795003647426666
True,0.00036416484470964906,1.2952941457953592e-26,1.2205270070878702e-15,1.6980500914943577,1.574476496642182e-15,3.5394948955431164e-16,3.222259966967179e+17,2.019641441757356e-09,1.9234680397689103e-09,4.0439997059085487e-07,0.0139547789433997,2333.729043026445,2.3179366180618384e-06,0.08513044699427397,1.9145536828537555e+26,10865053608.782568,0.1501650749306419,True,0.006362956888360256,0.5,0.48795003647426666
True,0.00039617584216382654,1.0944311846754571e-26,1.0312582841755585e-15,1.6980500914943577,1.3303203624113378e-15,2.9906207823577914e-16,4.513572912354607e+17,2.390309937019714e-09,2.2764856543044896e-09,4.043999705908549e-07,0.012827233177885672,2145.163798747448,2.3179366180618384e-06,0.08513044699427397,2.265935229127091e+26,10865053608.782568,0.1501650749306419,True,0.005848830141908832,0.5,0.4879500364742666
True,0.0004310006860748974,9.247163062368682e-27,8.713397102274458e-16,1.6980500914943577,1.1240258399668122e-15,2.5268612973936635e-16,6.322376420272474e+17,2.8290079005526924e-09,2.6942932386216116e-09,4.043999705908549e-07,0.011790793080077681,1971.8346211644737,2.3179366180618384e-06,0.08513044699427397,2.6818064745753286e+26,10865053608.782568,0.1501650749306419,True,0.005376244822824338,0.5,0.4879500364742666
True,0.0004688867205593423,7.813193364678556e-27,7.362199191701227e-16,1.6980500914943577,9.497216795381512e-16,2.135017603680284e-16,8.856053591203615e+17,3.3482209053476165e-09,3.1887818146167773e-09,4.0439997059085487e-07,0.010838097314460999,1812.5104364958547,2.3179366180618384e-06,0.08513044699427397,3.1740033318802186e+26,10865053608.782568,0.1501650749306419,True,0.0049418443848862304,0.5,0.48795003647426666
True,0.0005101030318979338,6.60159122772298e-27,6.220533312333245e-16,1.6980500914943577,8.024470937531105e-16,1.8039376251978589e-16,1.2405095805240003e+18,3.96272602448959e-09,3.774024785228181e-09,4.043999705908549e-07,0.009962379341233665,1666.0596416885674,2.3179366180618384e-06,0.08513044699427397,3.7565339804700166e+26,10865053608.782568,0.1501650749306419,True,0.004542543490718842,0.5,0.4879500364742666
True,0.0005549423597261648,5.5778738223691746e-27,5.255907057427248e-16,1.6980500914943577,6.780105710400887e-16,1.5241986529736385e-16,1.737640816560012e+18,4.690012394369397e-09,4.466678470827997e-09,4.043999705908549e-07,0.0091574193568288,1531.442067186016,2.3179366180618384e-06,0.08513044699427397,4.4459775466166525e+26,10865053608.782568,0.1501650749306419,True,0.004175506098123966,0.5,0.4879500364742666
True,0.0006037231762230813,4.712905616999652e-27,4.4408666603461824e-16,1.6980500914943577,5.728705830213178e-16,1.2878391698669958e-16,2.433996201867251e+18,5.5507789646325035e-09,5.28645615679286e-09,4.0439997059085497e-07,0.008417500117641412,1407.7015891039632,2.3179366180618384e-06,0.08513044699427397,5.26195595402181e+26,10865053608.782568,0.1501650749306419,True,0.003838125317037176,0.5,0.48795003647426655
True,0.0006567919480659909,3.98206916507707e-27,3.7522156460330885e-16,1.6980500914943577,4.840347907669719e-16,1.0881322616366309e-16,3.409414335945763e+18,6.569523601088358e-09,6.256689143893674e-09,4.0439997059085487e-07,0.007737366333196941,1293.9593383424576,2.3179366180618384e-06,0.08513044699427397,6.22769237400581e+26,10865053608.782568,0.1501650749306419,True,0.0035280048940415577,0.5,0.48795003647426666
True,0.0007145255972166317,3.36456447976832e-27,3.170354647225101e-16,1.6980500914943577,4.0897488126756954e-16,9.193941654505942e-17,4.775728945359471e+18,7.775240307756384e-09,7.404990769291794e-09,4.0439997059085487e-07,0.007112187340350674,1189.4074584013258,2.3179366180618384e-06,0.08513044699427397,7.37067216908317e+26,10865053608.782568,0.1501650749306419,True,0.0032429421929322157,0.5,0.48795003647426666
True,0.0007773341780165789,2.842817055464065e-27,2.6787235962325455e-16,1.6980500914943577,3.4555461032623626e-16,7.768225070298175e-17,6.689590854089487e+18,9.202244411351891e-09,8.76404229652561e-09,4.043999705908549e-07,0.0065375227934108,1093.3033675640052,2.3179366180618384e-06,0.08513044699427397,8.723425140723982e+26,10865053608.782568,0.1501650749306419,True,0.0029809125504507076,0.5,0.4879500364742666
True,0.0008456637896060046,2.4019776881773025e-27,2.263330416770103e-16,1.6980500914943577,2.919690039339971e-16,6.563596225698678e-17,9.37042832772188e+18,1.0891149193392922e-08,1.0372523041326592e-08,4.0439997059085487e-07,0.006009291126498706,1004.9644846967785,2.3179366180618384e-06,0.08513044699427397,1.0324451344480435e+27,10865053608.782568,0.1501650749306419,True,0.0027400548960757488,0.5,0.48795003647426666
True,0.0009199997443513106,2.02949985944831e-27,1.9123528021634743e-16,1.6980500914943577,2.466929877674912e-16,5.545770755114378e-17,1.3125604982447569e+19,1.2890021765387716e-08,1.2276211205131158e-08,4.0439997059085487e-07,0.0055237405641496385,923.7633812032836,2.3179366180618384e-06,0.08513044699427397,1.2219316821660402e+27,10865053608.782568,0.1501650749306419,True,0.002518658533734411,0.5,0.48795003647426666
True,0.0010008700147854446,1.71478265588147e-27,1.6158017463315695e-16,1.6980500914943577,2.0843798277781934e-16,4.685780814466239e-17,1.838565966569185e+19,1.5255751083913623e-08,1.4529286746584403e-08,4.0439997059085487e-07,0.00507742247425608,849.1233247009676,2.3179366180618384e-06,0.08513044699427397,1.446195043264324e+27,10865053608.782568,0.1501650749306419,True,0.002315150991550719,0.5,0.48795003647426666
True,0.0010888489835428595,1.448869061617596e-27,1.3652372514603479e-16,1.6980500914943577,1.7611523155832447e-16,3.959150641228967e-17,2.57536686342981e+19,1.805566704001068e-08,1.719587337143874e-08,4.043999705908549e-07,0.004667166874092601,780.5141827683683,2.3179366180618384e-06,0.08513044699427397,1.7116178700390702e+27,10865053608.782568,0.1501650749306419,True,0.0021280868533342357,0.5,0.4879500364742666
True,0.0011845615229231076,1.224191036988043e-27,1.1535281212603206e-16,1.6980500914943577,1.48804811740592e-16,3.345199961455995e-17,3.6074389507104727e+19,2.1369456703019086e-08,2.0351863526684844e-08,4.0439997059085487e-07,0.0042900599154532095,717.4486576695009,2.3179366180618384e-06,0.08513044699427397,2.0257542346600578e+27,10865053608.782568,0.1501650749306419,True,0.001956137492484058,0.5,0.48795003647426666
True,0.0012886874330582312,1.0343541281561316e-27,9.746490033985221e-17,1.6980500914943577,1.2572945452375557e-16,2.826455418390337e-17,5.053111449050738e+19,2.5291432256159783e-08,2.4087078339199794e-08,4.0439997059085487e-07,0.003943423188989072,659.4788253124224,2.3179366180618384e-06,0.08513044699427397,2.3975446220069443e+27,10865053608.782568,0.1501650749306419,True,0.001798081635393119,0.5,0.48795003647426666
True,0.0014019662702061378,8.739554776237778e-28,8.235089048265669e-17,1.6980500914943577,1.0623242319877861e-16,2.388153271612192e-17,7.078133730162987e+19,2.9933215170489e-08,2.8507823971894282e-08,4.0439997059085487e-07,0.003624794700755122,606.1929538598414,2.3179366180618384e-06,0.08513044699427397,2.837570380534844e+27,10865053608.782568,0.1501650749306419,True,0.0016527966873291472,0.5,0.48795003647426666
True,0.0015252025994629973,7.384300560874369e-28,6.95806299461588e-17,1.6980500914943577,8.975882207897515e-17,2.017819213281635e-17,9.914678828523132e+19,3.5426913010218e-08,3.373991715258857e-08,4.0439997059085487e-07,0.003331911385851216,557.2125793959098,2.3179366180618384e-06,0.08513044699427397,3.3583548729736037e+27,10865053608.782568,0.1501650749306419,True,0.0015192507591842202,0.5,0.48795003647426666
True,0.0016592717092021373,6.23920739321721e-28,5.879067045090322e-17,1.6980500914943577,7.583980387917715e-17,1.7049133428273926e-17,1.3887962564745327e+20,4.192887928293504e-08,3.9932265983747656e-08,4.0439997059085487e-07,0.003062693034960646,512.1898178790624,2.3179366180618384e-06,0.08513044699427397,3.9747198977667966e+27,10865053608.782568,0.1501650749306419,True,0.0013964953384627502,0.5,0.48795003647426666
True,0.0018051258278263752,5.27168532410968e-28,4.9673924118554377e-17,1.6980500914943577,6.4079226077314e-17,1.4405301958759628e-17,1.9453530218739122e+20,4.962416334202984e-08,4.726110794479032e-08,4.043999705908549e-07,0.002815227519623871,470.80489428899074,2.3179366180618384e-06,0.08513044699427397,4.7042075251907033e+27,10865053608.782568,0.1501650749306419,True,0.0012836585524534302,0.5,0.4879500364742666
True,0.001963800886988364,4.454198170531288e-28,4.1970923590615203e-17,1.6980500914943577,5.4142376491494556e-17,1.217145290087936e-17,2.7249485747611946e+20,5.8731776987865086e-08,5.593502570272865e-08,4.043999705908549e-07,0.0025877572113097553,432.763871418477,2.3179366180618384e-06,0.08513044699427397,5.567579353829282e+27,10865053608.782568,0.1501650749306419,True,0.001179938975736716,0.5,0.4879500364742666
True,0.0021364238793148654,3.763479821458237e-28,3.5462437451992624e-17,1.6980500914943577,4.574644719662979e-17,1.0284009744637163e-17,3.8169651737248085e+20,6.951092765791338e-08,6.620088348372703e-08,4.0439997059085487e-07,0.002378666497825487,397.796562178788,2.3179366180618384e-06,0.08513044699427397,6.58940739650498e+27,10865053608.782568,0.1501650749306419,True,0.001084599938045535,0.5,0.48795003647426666
True,0.00232422086289333,3.1798720722014644e-28,2.9963230790510557e-17,1.6980500914943577,3.8652485663291684e-17,8.689254872781127e-18,5.346604802883265e+20,8.226839560570412e-08,7.835085295781345e-08,4.0439997059085487e-07,0.002186470308400232,365.6546105907353,2.3179366180618384e-06,0.08513044699427397,7.798773412587453e+27,10865053608.782568,0.1501650749306419,True,0.0009969642920506952,0.5,0.48795003647426666
True,0.0025285256693727822,2.6867651416419435e-28,2.5316793314638697e-17,1.6980500914943577,3.2658594044020876e-17,7.34180072938218e-18,7.489243840891114e+20,9.736726502694196e-08,9.273072859708757e-08,4.043999705908549e-07,0.0020098035659417363,336.1097278316093,2.3179366180618384e-06,0.08513044699427397,9.230096590042421e+27,10865053608.782568,0.1501650749306419,True,0.0009164096039091005,0.5,0.4879500364742666
True,0.002750789377528488,2.2701249491916413e-28,2.1390884988915274e-17,1.6980500914943577,2.7594183055220542e-17,6.203298066305271e-18,1.0490540329084771e+21,1.1523725762520401e-07,1.0974976916686096e-07,4.043999705908549e-07,0.0018474114915503028,308.95207080947154,2.3179366180618384e-06,0.08513044699427397,1.0924113133484018e+28,10865053608.782568,0.1501650749306419,True,0.0008423637324155355,0.5,0.4879500364742666
True,0.002992590619576578,1.9180936975358179e-28,1.8073772413523757e-17,1.6980500914943577,2.331511691711734e-17,5.2413445035935794e-18,1.469459917906211e+21,1.3638696271588957e-07,1.2989234544370436e-07,4.043999705908549e-07,0.0016981406924277747,283.9887517486006,2.3179366180618384e-06,0.08513044699427397,1.2929035637817722e+28,10865053608.782568,0.1501650749306419,True,0.0007743007653588652,0.5,0.4879500364742666
True,0.0032556467934393785,1.6206523935330925e-28,1.5271048833422634e-17,1.6980500914943577,1.96996111742474e-17,4.428562340824767e-18,2.0583424519576808e+21,1.6141831194355896e-07,1.5373172566053233e-07,4.043999705908548e-07,0.0015609309698832528,261.0424682003969,2.3179366180618384e-06,0.08513044699427397,1.530192524385259e+28,10865053608.782568,0.1501650749306419,True,0.000711737284220556,0.5,0.4879500364742667
True,0.0035418262605968454,1.3693357024418756e-28,1.290294727282737e-17,1.6980500914943577,1.6644766646296302e-17,3.74181937346893e-18,2.883218247672933e+21,1.9104371057067697e-07,1.8194639101969235e-07,4.043999705908549e-07,0.0014348077892517162,239.9502437493674,2.3179366180618384e-06,0.08513044699427397,1.8110315628148028e+28,10865053608.782568,0.1501650749306419,True,0.0006542289306854457,0.5,0.4879500364742666
True,0.0038531616161595196,1.1569910200757038e-28,1.0902070325450555e-17,1.6980500914943577,1.406364086372593e-17,3.161570538275376e-18,4.038661038063793e+21,2.2610631290317468e-07,2.153393456220711e-07,4.043999705908549e-07,0.001318875358243018,220.5622704700325,2.3179366180618384e-06,0.08513044699427397,2.143413504669336e+28,10865053608.782568,0.1501650749306419,True,0.0006013672505783559,0.5,0.4879500364742666
True,0.004191864125413969,9.775749059552776e-29,9.211471989145435e-18,1.6980500914943577,1.1882773639717707e-17,2.6713016505722736e-18,5.657144752582984e+21,2.676040189020237e-07,2.548609703828797e-07,4.0439997059085487e-07,0.0012123102645601074,202.74084491328662,2.3179366180618384e-06,0.08513044699427397,2.5367981134786476e+28,10865053608.782568,0.1501650749306419,True,0.0005527767928105427,0.5,0.48795003647426666
True,0.004560339429376579,8.259810838384369e-29,7.783036952965549e-18,1.6980500914943577,1.0040096354917949e-17,2.2570594019523997e-18,7.924231929852742e+21,3.1671787493691596e-07,3.016360713684914e-07,4.043999705908549e-07,0.0011143556275975154,186.3593900650294,2.3179366180618384e-06,0.08513044699427397,3.0023813205103478e+28,10865053608.782568,0.1501650749306419,True,0.0005081124427311922,0.5,0.4879500364742666
True,0.004961204630904614,6.978951144334407e-29,6.576111210304724e-18,1.6980500914943577,8.48316545213861e-18,1.9070542418338872e-18,1.1099848850328074e+22,3.748456869823091e-07,3.569958923641039e-07,4.043999705908549e-07,0.0010243157226824612,171.30155633051598,2.3179366180618384e-06,0.08513044699427397,3.5534138668166983e+28,10865053608.782568,0.1501650749306419,True,0.00046705697094405046,0.5,0.4879500364742666
True,0.005397306882719067,5.896716042050857e-29,5.556345024652354e-18,1.6980500914943577,7.167669865350247e-18,1.6113248406978933e-18,1.5548086627295174e+22,4.4364180290495326e-07,4.2251600276662215e-07,4.0439997059085487e-07,0.0009415510396771235,157.4603951591461,2.3179366180618384e-06,0.08513044699427397,4.2055784262402955e+28,10865053608.782568,0.1501650749306419,True,0.00042931878017959913,0.5,0.48795003647426666
True,0.005871743609361058,4.982304555722181e-29,4.694715318165721e-18,1.6980500914943577,6.056169903617538e-18,1.3614545854518173e-18,2.1778945013537825e+22,5.250641960675586e-07,5.000611391119605e-07,4.0439997059085487e-07,0.0008654737408457145,144.7375994403479,2.3179366180618384e-06,0.08513044699427397,4.9774359424962015e+28,10865053608.782568,0.1501650749306419,True,0.00039462983421989885,0.5,0.48795003647426666
True,0.006387884506708527,4.2096920572313195e-29,3.966699659728e-18,1.6980500914943577,5.117031697956227e-18,1.1503320382282264e-18,3.050680493830127e+22,6.214301902725263e-07,5.91838276450025e-07,4.0439997059085487e-07,0.000795543485725784,133.04280527545575,2.3179366180618384e-06,0.08513044699427397,5.890953883316664e+28,10865053608.782568,0.1501650749306419,True,0.0003627437541662547,0.5,0.48795003647426666
True,0.006949395475305349,3.5568895916576e-29,3.3515783437607826e-18,1.6980500914943577,4.323526884912571e-18,9.719485411517883e-19,4.273233377305738e+22,7.354824120067409e-07,7.004594400064199e-07,4.043999705908549e-07,0.0007312635933498004,122.29295016640013,2.3179366180618384e-06,0.08513044699427397,6.97213144604726e+28,10865053608.782568,0.1501650749306419,True,0.0003334340685283983,0.5,0.4879500364742666
True,0.007560264657489693,3.0053180601440303e-29,2.8318446965900425e-18,1.6980500914943577,3.653071903390366e-18,8.212272068003232e-19,5.985721393587742e+22,8.70466847022717e-07,8.2901604478354e-07,4.0439997059085487e-07,0.0006721775145591271,112.41168306273437,2.3179366180618384e-06,0.08513044699427397,8.25173950837192e+28,10865053608.782568,0.1501650749306419,True,0.0003064926047064198,0.5,0.48795003647426666
True,0.008224830763250849,2.539279449047724e-29,2.392706827376953e-18,1.6980500914943577,3.0865852547161834e-18,6.938784273392301e-19,8.384484870855298e+22,1.0302252227871417e-06,9.811668788448969e-07,4.043999705908548e-07,0.0006178655893549406,103.32882207684683,2.3179366180618384e-06,0.08513044699427397,9.766196383550563e+28,10865053608.782568,0.1501650749306419,True,0.0002817280104409163,0.5,0.4879500364742667
True,0.008947813885999509,2.1455100562790638e-29,2.0216666431849446e-18,1.6980500914943577,2.607944433228777e-18,5.862777900438324e-19,1.1744547052408861e+23,1.219304346049515e-06,1.1612422343328713e-06,4.043999705908548e-07,0.0005679420662550994,94.97985601576804,2.3179366180618384e-06,0.08513044699427397,1.1558604304620684e+29,10865053608.782568,0.1501650749306419,True,0.00025896439472992765,0.5,0.4879500364742667
True,0.009734349027120986,1.8128029994181527e-29,1.708164146732207e-18,1.6980500914943577,2.2035270713539254e-18,4.953629246217188e-19,1.645114608599386e+23,1.4430855073351369e-06,1.3743671498429874e-06,4.043999705908549e-07,0.0005220523624869068,87.30548618919588,2.3179366180618384e-06,0.08513044699427397,1.3679976136443841e+29,10865053608.782568,0.1501650749306419,True,0.00023804007855974992,0.5,0.4879500364742666
True,0.01059002256742026,1.5316892619924503e-29,1.4432768933579567e-18,1.6980500914943577,1.8618232399139763e-18,4.185463465560197e-19,2.304390338214023e+23,1.7079376352818606e-06,1.62660727169701e-06,4.043999705908549e-07,0.0004798705455562192,80.25120523941912,2.3179366180618384e-06,0.08513044699427397,1.619068722846239e+29,10865053608.782568,0.1501650749306419,True,0.00021880644657666377,0.5,0.4879500364742666
True,0.011520911944497985,1.2941682003262234e-29,1.2194660535908987e-18,1.6980500914943577,1.5731078695365862e-18,3.5364181594568747e-19,3.227869233606262e+23,2.0213985596729823e-06,1.92514148540284e-06,4.0439997059085497e-07,0.00044109701830570417,73.76691000177206,2.3179366180618384e-06,0.08513044699427397,1.9162193728653654e+29,10865053608.782568,0.1501650749306419,True,0.00020112689154355595,0.5,0.48795003647426655
True,0.012533628817866614,1.0934798410461611e-29,1.0303618541281089e-18,1.6980500914943577,1.3291639701050659e-18,2.9880211597695704e-19,4.521430079131927e+23,2.3923895420067163e-06,2.278466230482587e-06,4.0439997059085487e-07,0.0004054563910203324,67.8065456459545,2.3179366180618384e-06,0.08513044699427397,2.267906626279292e+29,10865053608.782568,0.1501650749306419,True,0.00018487584408442026,0.5,0.48795003647426666
True,0.01363536602838792,9.239124887112324e-30,8.70582290762536e-19,1.6980500914943577,1.1230487709313265e-18,2.5246648016879045e-19,6.333382327771408e+23,2.8314691792543136e-06,2.6966373135755367e-06,4.0439997059085497e-07,0.0003726955254666859,62.32777857072319,2.3179366180618384e-06,0.08513044699427397,2.684139685859909e+29,10865053608.782568,0.1501650749306419,True,0.0001699378808254741,0.5,0.48795003647426655
True,0.014833948685562074,7.806401679796011e-30,7.355799537344969e-19,1.6980500914943577,9.488961258787852e-19,2.1331617214428842e-19,8.871470089708492e+23,3.351133907040204e-06,3.1915561019430513e-06,4.0439997059085487e-07,0.0003425817369738377,57.29169572868326,2.3179366180618384e-06,0.08513044699427397,3.176764761708005e+29,10865053608.782568,0.1501650749306419,True,0.00015620690459845047,0.5,0.48795003647426666
True,0.01613788974551674,6.595852738318025e-30,6.215126060766974e-19,1.6980500914943577,8.017495597818761e-19,1.8023695370517884e-19,1.2426690428507002e+24,3.966173654721562e-06,3.7773082425919637e-06,4.0439997059085487e-07,0.0003149011417860514,52.66252824562908,2.3179366180618384e-06,0.08513044699427397,3.7598022205750526e+29,10865053608.782568,0.1501650749306419,True,0.00014358539088344158,0.5,0.48795003647426666
True,0.017556450474439968,5.5730252080385125e-30,5.251338315449424e-19,1.6980500914943577,6.774212045761322e-19,1.5228737303118985e-19,1.7406656782294554e+24,4.6940927744964264e-06,4.470564547139453e-06,4.0439997059085487e-07,0.0002894571379493347,48.40739737143439,2.3179366180618384e-06,0.08513044699427397,4.449845612817972e+29,10865053608.782568,0.1501650749306419,True,0.00013198369513914057,0.5,0.48795003647426666
True,0.01909970622689944,4.708808883649051e-30,4.4370063991757935e-19,1.6980500914943577,5.72372610387498e-19,1.2867197046991863e-19,2.4382332695882676e+24,5.555608224402457e-06,5.291055451811864e-06,4.0439997059085487e-07,0.00026606900894232205,44.49608095810414,2.3179366180618384e-06,0.08513044699427397,5.266533933502158e+29,10865053608.782568,0.1501650749306419,True,0.0001213194161007817,0.5,0.48795003647426666
True,0.020778618006240163,3.978607717537338e-30,3.7489540006226033e-19,1.6980500914943577,4.836140394022445e-19,1.0871863933998415e-19,3.415349398383132e+24,6.575239183754619e-06,6.26213255595678e-06,4.043999705908549e-07,0.00024457064013374093,40.900798806392984,2.3179366180618384e-06,0.08513044699427397,6.233110558450381e+29,10865053608.782568,0.1501650749306419,True,0.00011151681052358832,0.5,0.4879500364742666
True,0.02260511031531905,3.361639803435991e-30,3.1675987894439284e-19,1.6980500914943577,4.086193763685098e-19,9.185949742411693e-20,4.7840424698190497e+24,7.782004881784516e-06,7.411433220747158e-06,4.0439997059085487e-07,0.0002248093389500854,37.596015356412046,2.3179366180618384e-06,0.08513044699427397,7.377084762848938e+29,10865053608.782568,0.1501650749306419,True,0.00010250625521493723,0.5,0.48795003647426666
True,0.024592155850513473,2.840345912524392e-30,2.676395092930005e-19,1.6980500914943577,3.4525423403788597e-19,7.761472474488548e-20,6.701236003516174e+24,9.210250500049043e-06,8.771667142903851e-06,4.043999705908549e-07,0.00020664475037370612,34.558258320828706,2.3179366180618384e-06,0.08513044699427397,8.73101464957613e+29,10865053608.782568,0.1501650749306419,True,9.422375253430753e-05,0.5,0.4879500364742666
True,0.026753867640544104,2.3998897486125717e-30,2.2613629975269965e-19,1.6980500914943577,2.917152073904283e-19,6.557890763772863e-20,9.386740242822289e+24,1.090062465422166e-05,1.0381547289734913e-05,4.0439997059085487e-07,0.0001899478600686267,31.765951972499156,2.3179366180618384e-06,0.08513044699427397,1.0333433769801736e+30,10865053608.782568,0.1501650749306419,True,8.661047584882122e-05,0.5,0.48795003647426666
True,0.02910559928452991,2.02773569940885e-30,1.9106904732013805e-19,1.6980500914943577,2.464785477866219e-19,5.540950046648383e-20,1.3148453858360937e+25,1.2901236274908308e-05,1.2286891690388865e-05,4.0439997059085487e-07,0.00017460007805376854,29.199263902456,2.3179366180618384e-06,0.08513044699427397,1.2229947807963282e+30,10865053608.782568,0.1501650749306419,True,7.961235171596398e-05,0.5,0.48795003647426666
True,0.03166405400121802,1.7132920664518728e-30,1.6143971969006865e-19,1.6980500914943577,2.082567962858814e-19,4.681707659581275e-20,1.8417665173769267e+25,1.5269023812919693e-05,1.4541927440875897e-05,4.043999705908549e-07,0.0001604923964153532,26.839964159846108,2.3179366180618384e-06,0.08513044699427397,1.4474532543346003e+30,10865053608.782568,0.1501650749306419,True,7.317967582593089e-05,0.5,0.4879500364742666
True,0.03444740326391264,1.4476096198447821e-30,1.3640505073508625e-19,1.6980500914943577,1.7596214189319926e-19,3.955709115811301e-20,2.57985002728949e+25,1.8071375737296515e-05,1.721083403552049e-05,4.043999705908549e-07,0.00014752461507612117,24.671295773357908,2.3179366180618384e-06,0.08513044699427397,1.7131070028930314e+30,10865053608.782568,0.1501650749306419,True,6.726675997582042e-05,0.5,0.4879500364742666
True,0.037475415863710185,1.2231268985018739e-30,1.152525407115532e-19,1.6980500914943577,1.4867546189051476e-19,3.3422921178961563e-20,3.61371873172322e+25,2.138804844630758e-05,2.036956994886436e-05,4.0439997059085487e-07,0.00013560463012237574,22.677855734513635,2.3179366180618384e-06,0.08513044699427397,2.0275166707958845e+30,10865053608.782568,0.1501650749306419,True,6.183160756830353e-05,0.5,0.48795003647426666
True,0.04076959831771378,1.0334550070199344e-30,9.738017814505693e-20,1.6980500914943577,1.2562016312448754e-19,2.8239984979430593e-20,5.061907837227125e+25,2.5313436176167673e-05,2.410803445349302e-05,4.0439997059085487e-07,0.00012464777963418512,20.84548559750884,2.3179366180618384e-06,0.08513044699427397,2.3996305212768493e+30,10865053608.782568,0.1501650749306419,True,5.6835615329992865e-05,0.5,0.48795003647426666
True,0.044353347619480454,8.731957843807789e-31,8.227930626966598e-20,1.6980500914943577,1.0614007976005913e-19,2.3860773490393136e-20,7.090455249781697e+25,2.9959257510263217e-05,2.853262620025068e-05,4.043999705908549e-07,0.0001145762423724841,19.16117091858147,2.3179366180618384e-06,0.08513044699427397,2.840039108720649e+30,10865053608.782568,0.1501650749306419,True,5.224329913095853e-05,0.5,0.4879500364742666
True,0.048252117416612984,7.377881694714704e-31,6.952014639091242e-20,1.6980500914943577,8.968079845834589e-20,2.0160652067433473e-20,9.931938167546112e+25,3.545773494833955e-05,3.3769271379370996e-05,4.0439997059085487e-07,0.00010531848505224306,17.612948820677445,2.3179366180618384e-06,0.08513044699427397,3.361276691367862e+30,10865053608.782568,0.1501650749306419,True,4.802204195802017e-05,0.5,0.48795003647426666
True,0.05249359879577628,6.233783909047073e-31,5.873956615985354e-20,1.6980500914943577,7.577387948367585e-20,1.703431332382231e-20,1.3912138542443547e+26,4.1965358027848324e-05,3.996700764556983e-05,4.0439997059085487e-07,9.68087542759504e-05,16.189823026888842,2.3179366180618384e-06,0.08513044699427397,3.978177962845854e+30,10865053608.782568,0.1501650749306419,True,4.414186225179036e-05,0.5,0.48795003647426666
True,0.05710791695916732,5.267102866739159e-31,4.9630744636907634e-20,1.6980500914943577,6.402352466423983e-20,1.4392780027332195e-20,1.9487394661455422e+26,4.966733709785274e-05,4.7302225807478797e-05,4.043999705908549e-07,8.898660951885525e-05,14.881685759187867,2.3179366180618384e-06,0.08513044699427397,4.70830025529142e+30,10865053608.782568,0.1501650749306419,True,4.05752009620785e-05,0.5,0.4879500364742666
True,0.06212784518933688,4.450326320832109e-31,4.193444000778906e-20,1.6980500914943577,5.409531276956177e-20,1.2160872761772704e-20,2.7296921284441132e+26,5.878287450221999e-05,5.598369000211427e-05,4.0439997059085487e-07,8.179649384899057e-05,13.679245947741107,2.3179366180618384e-06,0.08513044699427397,5.572423230186249e+30,10865053608.782568,0.1501650749306419,True,3.729672580921258e-05,0.5,0.48795003647426666
True,0.0675890376220525,3.760208384567306e-31,3.5431611426179676e-20,1.6980500914943577,4.570668170775038e-20,1.0275070281570701e-20,3.823609695157296e+26,6.957140319272586e-05,6.625847923116749e-05,4.043999705908549e-07,7.518733933300694e-05,12.573963240909295,2.3179366180618384e-06,0.08513044699427397,6.595140278367268e+30,10865053608.782568,0.1501650749306419,True,3.428315136104077e-05,0.5,0.4879500364742666
True,0.07353028248047594,3.177107941317572e-31,2.99371849969287e-20,1.6980500914943577,3.861888666089938e-20,8.681701663970674e-21,5.355912100326844e+26,8.233997032625573e-05,7.84190193583388e-05,4.043999705908549e-07,6.911220432520416e-05,11.557987347237274,2.3179366180618384e-06,0.08513044699427397,7.805558460764718e+30,10865053608.782568,0.1501650749306419,True,3.1513073647706546e-05,0.5,0.4879500364742666
True,0.07999377756925682,2.6844296481575654e-31,2.5294786476409604e-20,1.6980500914943577,3.263020528297266e-20,7.335418806563054e-21,7.502281015439174e+26,9.745197598713349e-05,9.28114057020319e-05,4.043999705908549e-07,6.352794006359919e-05,10.624102278609508,2.3179366180618384e-06,0.08513044699427397,9.238126910546825e+30,10865053608.782568,0.1501650749306419,True,2.8966818139545352e-05,0.5,0.4879500364742666
True,0.08702542998524213,2.268151623743354e-31,2.1372290779937898e-20,1.6980500914943577,2.7570196576561314e-20,6.197905796623416e-21,1.050880212003185e+27,0.00011533751574317204,0.00010984525308873527,4.043999705908549e-07,5.839488420502395e-05,9.765675098557331,2.3179366180618384e-06,0.08513044699427397,1.0933617273428021e+31,10865053608.782568,0.1501650749306419,True,2.6626300008363674e-05,0.5,0.4879500364742666
True,0.09467518217350566,1.9164263782515223e-31,1.8058061632906656e-20,1.6980500914943577,2.329485005314638e-20,5.236788420239723e-21,1.4720179338886217e+27,0.0001365056213899943,0.00013000535370475647,4.043999705908549e-07,5.3676579122577685e-05,8.976608811701372,2.3179366180618384e-06,0.08513044699427397,1.2940284089984169e+31,10865053608.782568,0.1501650749306419,True,2.447489567960241e-05,0.5,0.4879500364742666
True,0.1029973666445142,1.6192436276358123e-31,1.5257774344150245e-20,1.6980500914943577,1.9682487119439165e-20,4.42471277528892e-21,2.0619255867034612e+27,0.00016155874826159143,0.00015386547453484896,4.0439997059085487e-07,4.933951296463849e-05,8.251299059725895,2.3179366180618384e-06,0.08513044699427397,1.5315238145060509e+31,10865053608.782568,0.1501650749306419,True,2.249732476308238e-05,0.5,0.48795003647426666
True,0.11205109187181692,1.3681453957189618e-31,1.2891731276007263e-20,1.6980500914943577,1.663029804111418e-20,3.738566765106914e-21,2.888237315065279e+27,0.00019120992142353965,0.00018210468707003776,4.0439997059085487e-07,4.535288163629949e-05,7.584594316317239,2.3179366180618384e-06,0.08513044699427397,1.8126071870513584e+31,10865053608.782568,0.1501650749306419,True,2.067954152374233e-05,0.5,0.48795003647426666
True,0.1219006621111034,1.1559852957766215e-31,1.0892593607959789e-20,1.6980500914943577,1.4051415924115517e-20,3.158822316155727e-21,4.045691484663265e+27,0.00022630302873848278,0.00021552669403665026,4.043999705908549e-07,4.168837001269865e-05,6.971759298350138,2.3179366180618384e-06,0.08513044699427397,2.145278306109721e+31,10865053608.782568,0.1501650749306419,True,1.9008635121538395e-05,0.5,0.4879500364742666
True,0.13261603412240283,9.767251406416062e-32,9.203464838658503e-21,1.6980500914943577,1.1872444437517725e-20,2.6689795988592217e-21,5.666992633777661e+27,0.00026783683835511236,0.0002550827031953451,4.043999705908549e-07,3.8319950830305804e-05,6.408441333449258,2.3179366180618384e-06,0.08513044699427397,2.5390051653450567e+31,10865053608.782568,0.1501650749306419,True,1.7472737911957102e-05,0.5,0.4879500364742666
True,0.14427331403930435,8.252630927458677e-32,7.776271481800764e-21,1.6980500914943577,1.0031368915643107e-20,2.255097433842342e-21,7.938026325792255e+27,0.00031699342417092495,0.0003018984992104047,4.0439997059085487e-07,3.522369982778789e-05,5.8906394450507715,2.3179366180618384e-06,0.08513044699427397,3.0049934366507307e+31,10865053608.782568,0.1501650749306419,True,1.6060941155844246e-05,0.5,0.48795003647426666
True,0.15695529791421722,6.972884631607722e-32,6.570394869621954e-21,1.6980500914943577,8.47579138831245e-21,1.9053965186904956e-21,1.1119171317321158e+28,0.000375171808272243,0.00035730648406880283,4.0439997059085487e-07,3.237762582348813e-05,5.4146759353902745,2.3179366180618384e-06,0.08513044699427397,3.556505389419626e+31,10865053608.782568,0.1501650749306419,True,1.476321753987772e-05,0.5,0.48795003647426666
True,0.1707520597789095,5.891590271404951e-32,5.551515124412495e-21,1.6980500914943577,7.161439307267859e-21,1.6099241828553643e-21,1.5575152526544195e+28,0.00044402777783292204,0.0004228835979361162,4.043999705908549e-07,2.9761514522639557e-05,4.977170264584384,2.3179366180618384e-06,0.08513044699427397,4.209237341652472e+31,10865053608.782568,0.1501650749306419,True,1.3570349957383707e-05,0.5,0.4879500364742666
True,0.18576159139703224,4.977973645049433e-32,4.690634396887311e-21,1.6980500914943577,6.050905526344288e-21,1.360271129456976e-21,2.181685750692795e+28,0.0005255210096814452,0.0005004961996966145,4.0439997059085487e-07,2.735678494495187e-05,4.5750150402819,2.3179366180618384e-06,0.08513044699427397,4.981766385359777e+31,10865053608.782568,0.1501650749306419,True,1.2473866043661187e-05,0.5,0.48795003647426666
True,0.2020904982524852,4.206032746553754e-32,3.963251572261697e-21,1.6980500914943577,5.112583674567531e-21,1.1493321023058347e-21,3.055991077239276e+28,0.0006219708437261854,0.0005923531845011289,4.043999705908549e-07,2.5146357452845456e-05,4.2053539473505275,2.3179366180618384e-06,0.08513044699427397,5.896079100295517e+31,10865053608.782568,0.1501650749306419,True,1.1465978000850465e-05,0.5,0.4879500364742666
True,0.21985475671689472,3.5537977350835974e-32,3.34866495573779e-21,1.6980500914943577,4.319768622341434e-21,9.711036666036435e-22,4.280672164265841e+28,0.0007361222925796212,0.0007010688500758297,4.0439997059085487e-07,2.3114532443000442e-05,3.86556146084428,2.3179366180618384e-06,0.08513044699427397,6.978197303491384e+31,10865053608.782568,0.1501650749306419,True,1.0539527284950676e-05,0.5,0.48795003647426666
True,0.23918053777399972,3.0027056618219076e-32,2.8293830914667794e-21,1.6980500914943577,3.64989643952264e-21,8.205133480558599e-22,5.996141256562206e+28,0.0008712241660498663,0.0008297373009998727,4.0439997059085487e-07,2.1246878839625456e-05,3.5532241981626154,2.3179366180618384e-06,0.08513044699427397,8.258918643749839e+31,10865053608.782568,0.1501650749306419,True,9.687933762124828e-06,0.5,0.48795003647426666
True,0.26020510315146445,2.537072158757861e-32,2.390626946586937e-21,1.6980500914943577,3.0839022141929656e-21,6.932752676060288e-22,8.399080468899592e+28,0.0010311215339633066,0.0009820205085364824,4.043999705908549e-07,1.9530131597467218e-05,3.2661237779545846,2.3179366180618384e-06,0.08513044699427397,9.774693118801823e+31,10865053608.782568,0.1501650749306419,True,8.905148973174024e-06,0.5,0.4879500364742666
True,0.28307778022491015,2.1436450533878763e-32,2.0199092922354476e-21,1.6980500914943577,2.605677455316558e-21,5.857681630811105e-22,1.1764991801326519e+29,0.001220365158858533,0.0011622525322462218,4.0439997059085497e-07,1.7952097486574274e-05,3.002221064023088,2.3179366180618384e-06,0.08513044699427397,1.156866046126478e+32,10865053608.782568,0.1501650749306419,True,8.185613174240936e-06,0.5,0.48795003647426655
True,0.307961022618444,1.8112272049700332e-32,1.7066793104980646e-21,1.6980500914943577,2.201611636678213e-21,4.949323261801485e-22,1.6479784018954146e+29,0.001444341013063176,0.0013755628695839772,4.0439997059085487e-07,1.650156848964911e-05,2.7596416823212113,2.3179366180618384e-06,0.08513044699427397,1.369187791794705e+32,10865053608.782568,0.1501650749306419,True,7.524215848623202e-06,0.5,0.48795003647426666
True,0.33503156403461193,1.530357828055021e-32,1.4420223126250313e-21,1.6980500914943577,1.8602048342042625e-21,4.18182521579231e-22,2.3084017897977204e+29,0.0017094235662771732,0.0016280224440734983,4.043999705908549e-07,1.5168242196892322e-05,2.5366627081749367,2.3179366180618384e-06,0.08513044699427397,1.6204773365737672e+32,10865053608.782568,0.1501650749306419,True,6.916259409231423e-06,0.5,0.4879500364742666
True,0.36448167350888566,1.293043233594776e-32,1.2184060223367903e-21,1.6980500914943577,1.5717404321217582e-21,3.53334409784968e-22,3.2334882647809684e+29,0.0020231572063071734,0.0019268163869592128,4.0439997059085487e-07,1.394264863294078e-05,2.3317004291778325,2.3179366180618384e-06,0.08513044699427397,1.917886512051915e+32,10865053608.782568,0.1501650749306419,True,6.357425833887406e-06,0.5,0.48795003647426666
True,0.3965205210041451,1.092529324380418e-32,1.0294662033101132e-21,1.6980500914943577,1.3280085830026558e-21,2.985423796925427e-22,4.529300923559075e+29,0.0023944709562808055,0.0022804485297912435,4.0439997059085487e-07,1.2816082996187499e-05,2.1432990968435632,2.3179366180618384e-06,0.08513044699427397,2.269879738576163e+32,10865053608.782568,0.1501650749306419,True,5.843745996489503e-06,0.5,0.48795003647426666
True,0.43137566304431935,9.231093699108274e-33,8.698255296909477e-22,1.6980500914943577,1.1220725512214221e-21,2.522470215304745e-22,6.344407394205501e+29,0.002833932599304795,0.0026989834279093285,4.043999705908549e-07,1.1780543832762598e-05,1.9701205871245662,2.3179366180618384e-06,0.08513044699427397,2.6864749270728075e+32,10865053608.782568,0.1501650749306419,True,5.3715714762189544e-06,0.5,0.4879500364742666
True,0.4692946589389276,7.799615898643404e-33,7.349405445942772e-22,1.6980500914943577,9.480712898389699e-22,2.131307452446928e-22,8.88691342504579e+29,0.003354049443087334,0.003194332802940318,4.0439997059085487e-07,1.0828676206054938e-05,1.8109348963605434,2.3179366180618384e-06,0.08513044699427397,3.17952859402057e+32,10865053608.782568,0.1501650749306419,True,4.9375486445616095e-06,0.5,0.48795003647426666
True,0.5105468290777841,6.590119237143891e-33,6.209723509500209e-22,1.6980500914943577,8.010526321479911e-22,1.8008028119797027e-22,1.2448322643402481e+30,0.003969624284442797,0.0037805945566121873,4.043999705908549e-07,9.953719458134938e-06,1.6646114051540668,2.3179366180618384e-06,0.08513044699427397,3.7630733040972846e+32,10865053608.782568,0.1501650749306419,True,4.538594846097602e-06,0.5,0.4879500364742666
True,0.5554251677841955,5.568180808407195e-33,5.246773544889513e-22,1.6980500914943577,6.768323504239992e-22,1.521549959350478e-22,1.7436958055372263e+30,0.004698176704614469,0.004474454004394732,4.0439997059085497e-07,9.149459192052904e-06,1.53011084812478,2.3179366180618384e-06,0.08513044699427397,4.45371704429405e+32,10865053608.782568,0.1501650749306419,True,4.171876503882544e-06,0.5,0.48795003647426655
True,0.6042484243127103,4.704715711418806e-33,4.433149493570304e-22,1.6980500914943577,5.718750706206312e-22,1.2856012126360083e-22,2.442477713139566e+30,0.0055604416856998235,0.005295658748285546,4.043999705908549e-07,8.410183133966571e-06,1.4064779325072816,2.3179366180618384e-06,0.08513044699427397,5.2711158958923484e+32,10865053608.782568,0.1501650749306419,True,3.834788993913415e-06,0.5,0.4879500364742666
True,0.6573633667717687,3.9751492788903524e-33,3.745695190425164e-22,1.6980500914943577,4.831936537792235e-22,1.086241347367071e-22,3.4212947924970644e+30,0.006580959739062322,0.006267580703868877,4.043999705908549e-07,7.730640561607394e-06,1.2928345531660708,2.3179366180618384e-06,0.08513044699427397,6.238533456795545e+32,10865053608.782568,0.1501650749306419,True,3.5249381457369925e-06,0.5,0.4879500364742666
True,0.7151472450507887,3.3587176694034764e-33,3.164845327215606e-22,1.6980500914943577,4.0826418049511163e-22,9.177964777355104e-23,4.7923704663497476e+30,0.007788775341092068,0.007417881277230541,4.0439997059085487e-07,7.106005010925724e-06,1.1883735558371162,2.3179366180618384e-06,0.08513044699427397,7.383502935666095e+32,10865053608.782568,0.1501650749306419,True,3.24012323780866e-06,0.5,0.48795003647426666
True,0.7780104702446848,2.837876917646766e-33,2.674068613698793e-22,1.6980500914943577,3.449541188541827e-22,7.754725748430343e-23,6.712901424661735e+30,0.009218263554161736,0.008779298623011177,4.0439997059085497e-07,6.531839996038089e-06,1.09235300429934,2.3179366180618384e-06,0.08513044699427397,8.738610761413198e+32,10865053608.782568,0.1501650749306419,True,2.9783213668257632e-06,0.5,0.48795003647426655
True,0.846399529606477,2.397803624007093e-33,2.2593972884798255e-22,1.6980500914943577,2.9146163146166684e-22,6.552190261368427e-23,9.40308055348424e+30,0.010910108358841418,0.01039057938937278,4.043999705908549e-07,6.0040674990017675e-06,1.004090910758488,2.3179366180618384e-06,0.08513044699427397,1.0342424009965876e+33,10865053608.782568,0.1501650749306419,True,2.7376730800184186e-06,0.5,0.4879500364742666
False,0.9208001577315016,2.025973072880531e-33,1.9090295892328968e-22,1.6980500914943577,2.462642942095325e-22,5.536133528624284e-23,1.317134250928895e+31,0.012912460541217993,0.01229758146782666,4.0439997059085487e-07,5.518939005614786e-06,0.9229603920158501,2.3179366180618384e-06,0.08513044699427397,1.2240588043381425e+33,10865053608.782568,0.1501650749306419,False,2.51646916835083e-06,0.5,0.48795003647426666
False,1.0017407864966161,1.711802772729832e-33,1.6129938683863581e-22,1.6980500914943577,2.080757672918447e-22,4.677638045320887e-23,1.8449726396602963e+31,0.015282308089396238,0.014554579132758321,4.0439997059085487e-07,5.073008881522464e-06,0.848385217018409,2.3179366180618384e-06,0.08513044699427397,1.4487125600671117e+33,10865053608.782568,0.1501650749306419,False,2.3131385268315938e-06,0.5,0.48795003647426666
False,1.089796298257657,1.4463512728524533e-33,1.3628647948287987e-22,1.6980500914943577,1.7580918530256898e-22,3.9522705819689093e-23,2.584340995380292e+31,0.018087098101381295,0.017225807715601234,4.0439997059085487e-07,4.663109899533857e-06,0.7798357141668261,2.3179366180618384e-06,0.08513044699427397,1.7145974313145976e+33,10865053608.782568,0.1501650749306419,False,2.12623699571061e-06,0.5,0.48795003647426666
False,1.1855921089623183,1.2220636850271453e-33,1.151523564588552e-22,1.6980500914943577,1.4854622447889615e-22,3.339386802004095e-23,3.6200094444939735e+31,0.021406656364687693,0.02038729177589304,4.0439997059085497e-07,4.2863307443303425e-06,0.7168250093128233,2.3179366180618384e-06,0.08513044699427397,2.0292806402772115e+33,10865053608.782568,0.1501650749306419,False,1.9544371033069612e-06,0.5,0.48795003647426655
False,1.2898086101788073,1.032556667452441e-33,9.729552959575097e-23,1.6980500914943577,1.2551096672769897e-22,2.821543713194801e-23,5.070719538037285e+31,0.02533545923991135,0.024129008799915568,4.0439997059085487e-07,3.939995334793223e-06,0.6589055677262894,2.3179366180618384e-06,0.08513044699427397,2.4017182353099644e+33,10865053608.782568,0.1501650749306419,False,1.7965186376160676e-06,0.5,0.48795003647426666
False,1.4031860015899118,8.724367515076019e-34,8.220778428186211e-23,1.6980500914943577,1.0604781659166025e-22,2.3840032309798144e-23,7.102798218535379e+31,0.029985322507258102,0.028557450006912476,4.0439997059085497e-07,3.621643817086644e-06,0.6056660154713402,2.3179366180618384e-06,0.08513044699427397,2.842509984736476e+33,10865053608.782568,0.1501650749306419,False,1.65135997973069e-06,0.5,0.48795003647426655
False,1.5265295482753287,7.3714684082091244e-34,6.945971541151162e-23,1.6980500914943577,8.960284266041346e-23,2.014312724890184e-23,9.949227551393405e+31,0.03548858370200299,0.03379865114476475,4.0439997059085487e-07,3.3290150934989035e-06,0.5567282176151104,2.3179366180618384e-06,0.08513044699427397,3.3642010517873216e+33,10865053608.782568,0.1501650749306419,False,1.5179301375213046e-06,0.5,0.48795003647426666
False,1.6607153001222132,6.228365139286742e-34,5.868850629164413e-23,1.6980500914943577,7.570801239351683e-23,1.701950610187271e-23,1.3936356605357296e+32,0.04200186850980905,0.04000177953315147,4.0439997059085487e-07,3.060030762952961e-06,0.5117445925172011,2.3179366180618384e-06,0.08513044699427397,3.981639036492661e+33,10865053608.782568,0.1501650749306419,False,1.3952814229948882e-06,0.5,0.48795003647426666
False,1.8066963139861723,5.262524392708739e-34,4.95876026893931e-23,1.6980500914943577,6.396787167009341e-23,1.4380268980700314e-23,1.9521318054936314e+32,0.049710548415481524,0.047343379443315736,4.043999705908549e-07,2.812780359123225e-06,0.47039564312446364,2.3179366180618384e-06,0.08513044699427397,4.7123965461278367e+33,10865053608.782568,0.1501650749306419,False,1.2825427213229149e-06,0.5,0.4879500364742666
False,1.9655094227957095,4.446457836771279e-34,4.189798813862824e-23,1.6980500914943577,5.404828995817037e-23,1.2150301819542135e-23,2.7344439396412064e+32,0.05883401647216761,0.05603239664015963,4.0439997059085487e-07,2.585507781312136e-06,0.4323876877371023,2.3179366180618384e-06,0.08513044699427397,5.577271320787244e+33,10865053608.782568,0.1501650749306419,False,1.1789133037317142e-06,0.5,0.48795003647426666
False,2.138282599677844,3.7569397914007756e-34,3.540081219615241e-23,1.6980500914943577,4.566695078536111e-23,1.0266138589208703e-23,3.830265783282927e+32,0.06963193134214739,0.06631612508775941,4.043999705908549e-07,2.3765988217115306e-06,0.39745077412881,2.3179366180618384e-06,0.08513044699427397,6.600878147921503e+33,10865053608.782568,0.1501650749306419,False,1.083657140311113e-06,0.5,0.4879500364742666
False,2.3262429694086837,3.1743462131779874e-34,2.9911161843874715e-23,1.6980500914943577,3.8585316864726007e-23,8.674155020851295e-24,5.3652355997881556e+32,0.08241160731787264,0.07848724506464061,4.043999705908549e-07,2.184569700460999e-06,0.36533676220595007,2.3179366180618384e-06,0.08513044699427397,7.812349412034235e+33,10865053608.782568,0.1501650749306419,False,9.960976723480066e-07,0.5,0.4879500364742666
False,2.53072552409051,2.6820961848207874e-34,2.5272798767812043e-23,1.6980500914943577,3.260184119909673e-23,7.329042431284688e-24,7.515340884924666e+32,0.09753676064711306,0.09289215299725052,4.0439997059085487e-07,2.008056527073176e-06,0.3358175615878162,2.3179366180618384e-06,0.08513044699427397,9.246164217548813e+33,10865053608.782568,0.1501650749306419,False,9.156130070552181e-07,0.5,0.48795003647426666
False,2.753182604958582,2.2661800136250203e-34,2.1353712734135058e-23,1.6980500914943577,2.7546230948352964e-23,6.192518214217909e-24,1.0527095700858018e+33,0.11543786108718504,0.10994082008303337,4.0439997059085487e-07,1.8458056133756088e-06,0.30868351159036483,2.3179366180618384e-06,0.08513044699427397,1.09431296821143e+34,10865053608.782568,0.1501650749306419,False,8.416315005661469e-07,0.5,0.48795003647426666
False,2.9951942176623927,1.9147605082987162e-34,1.804236450901942e-23,1.6980500914943577,2.327460080631955e-23,5.232236297300133e-24,1.4745804028307116e+33,0.13662438329889992,0.1301184602846666,4.0439997059085487e-07,1.6966645691666591e-06,0.2837418921072172,2.3179366180618384e-06,0.08513044699427397,1.2951542328470307e+34,10865053608.782568,0.1501650749306419,False,7.736276978233292e-07,0.5,0.48795003647426666
False,3.2584792542858563,1.6178360863202878e-34,1.5244511393840726e-23,1.6980500914943577,1.966537794986143e-23,4.420866556020704e-24,2.065514958921822e+33,0.16169930676129693,0.15399933977266372,4.0439997059085487e-07,1.5595741173421686e-06,0.2608155548114371,2.3179366180618384e-06,0.08513044699427397,1.532856262868932e+34,10865053608.782568,0.1501650749306419,False,7.111186005238955e-07,0.5,0.48795003647426666
False,3.5449077018110318,1.3669561236803127e-34,1.2880525028787995e-23,1.6980500914943577,1.6615842012890436e-23,3.735316984102443e-24,2.8932651195823387e+33,0.1913762768823009,0.18226312084028656,4.043999705908549e-07,1.4335605703596765e-06,0.239741664956169,2.3179366180618384e-06,0.08513044699427397,1.814184182104287e+34,10865053608.782568,0.1501650749306419,False,6.536602366149351e-07,0.5,0.4879500364742666
True,1e-06,2.8374092742663396e-20,1.2355039690198514e-09,2.0980500914943576,3.4489727512384684e-09,2.2134687822186173e-09,9417904.490593484,3.8073100570426745e-13,3.6260095781358803e-13,2.0219998529542743e-06,25.40919953440316,4249310.372740617,2.3179366180618384e-06,0.08513044699427397,2.9683648611194544e+19,7789772293.110485,0.1501650749306419,True,2.317165207143905,0.1,0.09759000729485333
True,1.0879024922894468e-06,2.397408498698677e-20,1.0439127489882529e-09,2.0980500914943576,2.9141360256310743e-09,1.8702232766428216e-09,13192107.103603711,4.5060726495815174e-13,4.2914977615062067e-13,2.0219998529542743e-06,23.356136891395963,3905966.2082381253,2.3179366180618384e-06,0.08513044699427397,3.5131543042908213e+19,7789772293.110485,0.1501650749306419,True,2.1299383203613442,0.1,0.09759000729485333
True,1.1835318327295895e-06,2.0256392201716402e-20,8.820318305935787e-10,2.0980500914943576,2.462237132152313e-09,1.5802053015587342e-09,18478812.352235317,5.33308042137189e-13,5.079124210830372e-13,2.0219998529542743e-06,21.468961655050467,3590364.243047351,2.3179366180618384e-06,0.08513044699427397,4.15792995241916e+19,7789772293.110485,0.1501650749306419,True,1.9578393610248799,0.1,0.09759000729485333
True,1.287567230530417e-06,1.711520690998138e-20,7.452539984153543e-10,2.0980500914943576,2.0804147924552514e-09,1.3351607940398974e-09,25884152.03632221,6.311870445200562e-13,6.011305185905297e-13,2.0219998529542743e-06,19.734270127343773,3300262.9082056563,2.3179366180618384e-06,0.08513044699427397,4.921042456947906e+19,7789772293.110485,0.1501650749306419,True,1.7996459930013455,0.1,0.09759000729485333
True,1.4007475990842613e-06,1.4461129339046527e-20,6.29686483967709e-10,2.0980500914943576,1.7578021434853785e-09,1.1281156595176697e-09,36257163.81921035,7.470299595959957e-13,7.114571043771387e-13,2.0219998529542743e-06,18.139741628694864,3033601.753462653,2.3179366180618384e-06,0.08513044699427397,5.824210398011677e+19,7789772293.110485,0.1501650749306419,True,1.654234644884454,0.1,0.09759000729485333
True,1.5238768041122235e-06,1.2218623056124111e-20,5.320401754767004e-10,2.0980500914943576,1.4852174608868371e-09,9.531772854101368e-10,50787135.169363216,8.841337371845561e-13,8.420321306519582e-13,2.0219998529542743e-06,16.67405099010349,2788486.8128930996,2.3179366180618384e-06,0.08513044699427397,6.893138406561466e+19,7789772293.110485,0.1501650749306419,True,1.5205725298075086,0.1,0.09759000729485333
True,1.6578293731357647e-06,1.0323865162075275e-20,4.495360080426832e-10,2.0980500914943576,1.2549028423354422e-09,8.05366834292759e-10,71139957.65285335,1.046400422348099e-12,9.965718308077133e-13,2.0219998529542743e-06,15.3267881159217,2563177.152967857,2.3179366180618384e-06,0.08513044699427397,8.158248731576413e+19,7789772293.110485,0.1501650749306419,True,1.3977103100550172,0.1,0.09759000729485333
True,1.8035567068250495e-06,8.722929858392787e-21,3.7982587000293393e-10,2.0980500914943576,1.060303413589856e-09,6.804775435869221e-10,99649124.88119036,1.2384482096306623e-12,1.1794744853625356e-12,2.0219998529542743e-06,14.08838404595167,2356072.507540409,2.3179366180618384e-06,0.08513044699427397,9.655547073146482e+19,7789772293.110485,0.1501650749306419,True,1.2847753543735272,0.1,0.09759000729485333
True,1.9620938363403183e-06,7.370253690832311e-21,3.209257744482784e-10,2.0980500914943576,8.958807733497705e-10,5.749549989014921e-10,139583272.4281751,1.4657428792848564e-12,1.3959455993189107e-12,2.021999852954274e-06,12.950042991723674,2165701.911926086,2.3179366180618384e-06,0.08513044699427397,1.1427647323487882e+20,7789772293.110485,0.1501650749306419,True,1.1809655400915293,0.1,0.09759000729485336
True,2.134566774660394e-06,6.2273387897258596e-21,2.711593939202502e-10,2.0980500914943576,7.569553674645091e-10,4.85795973544259e-10,195520933.7260907,1.734753356230353e-12,1.652146053552717e-12,2.0219998529542747e-06,11.903679864241175,1990713.2553474111,2.3179366180618384e-06,0.08513044699427397,1.3524984380554997e+20,7789772293.110485,0.1501650749306419,True,1.0855435560279258,0.1,0.09759000729485331
True,2.322200514111288e-06,5.261657200519649e-21,2.2911035125677444e-10,2.0980500914943576,6.395733063797167e-10,4.104629551229423e-10,273875478.4875344,2.0531358190331148e-12,1.9553674466982045e-12,2.0219998529542743e-06,10.941862849482368,1829863.6775415742,2.3179366180618384e-06,0.08513044699427397,1.6007249551557332e+20,7789772293.110485,0.1501650749306419,True,0.9978316657253388,0.1,0.09759000729485333
True,2.526327726897505e-06,4.445725121211691e-21,1.9358190875895182e-10,2.0980500914943576,5.403938353771722e-10,3.4681192661822037e-10,383630418.9394671,2.4299515987430303e-12,2.314239617850505e-12,2.0219998529542747e-06,10.057760623799714,1682010.7413217712,2.3179366180618384e-06,0.08513044699427397,1.8945089398714548e+20,7789772293.110485,0.1501650749306419,True,0.9172068938140241,0.1,0.09759000729485331
True,2.7483982304317225e-06,3.7563206990035026e-21,1.6356290841159124e-10,2.0980500914943576,4.5659425495202725e-10,2.9303134654043603e-10,537369388.2651433,2.8759250691045224e-12,2.738976256290021e-12,2.0219998529542743e-06,9.245093834313758,1546104.3183953473,2.3179366180618384e-06,0.08513044699427397,2.242211637728646e+20,7789772293.110485,0.1501650749306419,True,0.8430966013174593,0.1,0.09759000729485333
True,2.989989284690576e-06,3.1738231242502938e-21,1.3819899379838788e-10,2.0980500914943576,3.857895853117698e-10,2.475905915133819e-10,752718880.433778,3.4037488678302473e-12,3.241665588409759e-12,2.0219998529542743e-06,8.498090499689757,1421179.1308076086,2.3179366180618384e-06,0.08513044699427397,2.6537288489685998e+20,7789772293.110485,0.1501650749306419,True,0.7749744184731084,0.1,0.09759000729485333
True,3.2528167947336175e-06,2.6816542119788e-21,1.1676829467244525e-10,2.0980500914943576,3.259646886066595e-10,2.0919639393421426e-10,1054369164.5530075,4.028445135694398e-12,3.836614414947046e-12,2.0219998529542743e-06,7.81144501453055,1306347.8950368015,2.3179366180618384e-06,0.08513044699427397,3.1407725681871906e+20,7789772293.110485,0.1501650749306419,True,0.7123565061811801,0.1,0.09759000729485333
True,3.5387474979516724e-06,2.265806578090999e-21,9.866088215231313e-11,2.0980500914943576,2.7541691705484953e-10,1.767560349025364e-10,1476905075.7961044,4.7677930544989925e-12,4.54075528999904e-12,2.0219998529542743e-06,7.180280466213181,1200795.0200460018,2.3179366180618384e-06,0.08513044699427397,3.7172043138134055e+20,7789772293.110485,0.1501650749306419,True,0.6547981195282075,0.1,0.09759000729485333
True,3.849812222604668e-06,1.9144449819024732e-21,8.336140982771097e-11,2.0980500914943576,2.3270765469793345e-10,1.493462448702225e-10,2068771238.9967504,5.642834851866598e-12,5.3741284303491405e-12,2.0219998529542743e-06,6.60011399652424,1103770.8145322632,2.3179366180618384e-06,0.08513044699427397,4.399429634157916e+20,7789772293.110485,0.1501650749306419,True,0.6018904489778414,0.1,0.09759000729485333
True,4.188220311817992e-06,1.6175694890159166e-21,7.043444673174005e-11,2.0980500914943576,1.9662137363997876e-10,1.2618692690823868e-10,2897826346.0792713,6.678474674020081e-12,6.3604520704953145e-12,2.0219998529542747e-06,6.0668249620741,1014586.1622298727,2.3179366180618384e-06,0.08513044699427397,5.206865017879784e+20,7789772293.110485,0.1501650749306419,True,0.553257716793338,0.1,0.09759000729485331
True,4.556375315484077e-06,1.3667308679693911e-21,5.951208474832188e-11,2.0980500914943576,1.6613103948924565e-10,1.0661895474092378e-10,4059123296.833657,7.904187370781133e-12,7.52779749598203e-12,2.0219998529542747e-06,5.5766256673488375,932607.6274489611,2.3179366180618384e-06,0.08513044699427397,6.16249049738685e+20,7789772293.110485,0.1501650749306419,True,0.5085545080690362,0.1,0.09759000729485331
True,4.956892061521242e-06,1.154790120699405e-21,5.028346775520911e-11,2.0980500914943576,1.4036888142340555e-10,9.008541366819645e-11,5685807212.426739,9.354857365178672e-12,8.90938796683683e-12,2.0219998529542747e-06,5.126034462530787,857252.9560864652,2.3179366180618384e-06,0.08513044699427397,7.29350367255094e+20,7789772293.110485,0.1501650749306419,True,0.4674633174144163,0.1,0.09759000729485331
True,5.392615227738732e-06,9.757153029303004e-22,4.2485944496515923e-11,2.0980500914943576,1.1860169497906247e-10,7.611575048254653e-11,7964380801.662729,1.1071771482333812e-11,1.0544544268889344e-11,2.0219998529542743e-06,4.711851015014457,787986.9401552809,2.3179366180618384e-06,0.08513044699427397,8.632093768594208e+20,7789772293.110485,0.1501650749306419,True,0.42969229386602353,0.1,0.09759000729485333
True,5.866639546214977e-06,8.244098518921995e-22,3.5897593390902216e-11,2.0980500914943576,1.0020997467007781e-10,6.43123812791756e-11,11156087286.121761,1.310379399404969e-11,1.2479803803856848e-11,2.0219998529542747e-06,4.331133578983322,724317.6164593538,2.3179366180618384e-06,0.08513044699427397,1.0216357758237928e+21,7789772293.110485,0.1501650749306419,True,0.3949731680104477,0.1,0.09759000729485331
True,6.3823317836911014e-06,6.965675354847499e-22,3.033090652755093e-11,2.0980500914943576,8.467028253812379e-11,5.4339376010572866e-11,15626862481.209503,1.550875732148861e-11,1.477024506808439e-11,2.0219998529542743e-06,3.981178101604149,665792.7724157124,2.3179366180618384e-06,0.08513044699427397,1.20913846214285e+21,7789772293.110485,0.1501650749306419,True,0.36305934659570704,0.1,0.09759000729485333
True,6.943354654095699e-06,5.885498946642186e-22,2.562745309316986e-11,2.0980500914943576,7.15403508352183e-11,4.591289774204845e-11,21889290101.774136,1.8355107976059857e-11,1.7481055215295102e-11,2.021999852954274e-06,3.6594990174403588,611996.7342060024,2.3179366180618384e-06,0.08513044699427397,1.4310538601237646e+21,7789772293.110485,0.1501650749306419,True,0.33372416109798897,0.1,0.09759000729485336
True,7.55369283304024e-06,4.9728269100024225e-22,2.1653370348362373e-11,2.0980500914943576,6.044649485280359e-11,3.879312450444122e-11,30661370555.719,2.172385458285563e-11,2.0689385317005362e-11,2.0219998529542743e-06,3.3638115946761853,562547.4144452784,2.3179366180618384e-06,0.08513044699427397,1.6936977978070328e+21,7789772293.110485,0.1501650749306419,True,0.30675925780414387,0.1,0.09759000729485333
True,8.217681259053408e-06,4.2016841224570607e-22,1.8295553824203456e-11,2.0980500914943576,5.107297765992092e-11,3.2777423835717466e-11,42948841190.55625,2.5710873428398226e-11,2.4486546122284023e-11,2.0219998529542743e-06,3.092015707765482,517093.598399081,2.3179366180618384e-06,0.08513044699427397,2.0045452587286268e+21,7789772293.110485,0.1501650749306419,True,0.28197311797547353,0.1,0.09759000729485333
True,8.940035922564481e-06,3.5501234578259554e-22,1.545843831002692e-11,2.0980500914943576,4.315302406537801e-11,2.7694585755351095e-11,60160486181.1229,3.042963714979066e-11,2.8980606809324436e-11,2.0219998529542743e-06,2.8421809212500837,475312.4494741053,2.3179366180618384e-06,0.08513044699427397,2.3724431238525013e+21,7789772293.110485,0.1501650749306419,True,0.25918969758224614,0.1,0.09759000729485333
True,9.725887361315082e-06,2.9996011595550204e-22,1.3061278017655836e-11,2.0980500914943576,3.6461228056581985e-11,2.3399950038926145e-11,84269656577.94978,3.601444422518815e-11,3.4299470690655375e-11,2.0219998529542743e-06,2.6125327788052304,436907.216265154,2.3179366180618384e-06,0.08513044699427397,2.8078619584198644e+21,7789772293.110485,0.1501650749306419,True,0.23824717694762507,0.1,0.09759000729485333
True,1.0580817100101087e-05,2.534449075727034e-22,1.1035848514131262e-11,2.0980500914943576,3.080713762678548e-11,1.9771289112654226e-11,118040519127.21744,4.262424117857433e-11,4.059451540816603e-11,2.0219998529542743e-06,2.4014402001297617,401605.1248726357,2.3179366180618384e-06,0.08513044699427397,3.323194009700343e+21,7789772293.110485,0.1501650749306419,True,0.21899681142033606,0.1,0.09759000729485333
True,1.1510897293658791e-05,2.141428735281081e-22,9.324505018744741e-12,2.0980500914943576,2.6029834411580297e-11,1.6705329392835558e-11,165344973762.111,5.044714628078633e-11,4.80449012197965e-11,2.0219998529542743e-06,2.2074038961672233,369155.44152074994,2.3179366180618384e-06,0.08513044699427397,3.9331058968166573e+21,7789772293.110485,0.1501650749306419,True,0.20130187491294896,0.1,0.09759000729485333
True,1.252273385425922e-05,1.809354574217319e-22,7.878541802496004e-12,2.0980500914943576,2.199335386826696e-11,1.4114812065770957e-11,231606575017.92523,5.970580349367652e-11,5.686266999397763e-11,2.0219998529542747e-06,2.0290457203768657,339327.6917160821,2.3179366180618384e-06,0.08513044699427397,4.6549560303789534e+21,7789772293.110485,0.1501650749306419,True,0.18503668880224525,0.1,0.09759000729485331
True,1.3623513370326033e-05,1.5287755886078608e-22,6.65680599762632e-12,2.0980500914943576,1.858281565401033e-11,1.1926009656384012e-11,324422353888.4875,7.066371903346366e-11,6.729878003187014e-11,2.021999852954274e-06,1.8650988804215538,311910.02329811803,2.3179366180618384e-06,0.08513044699427397,5.509288641910059e+21,7789772293.110485,0.1501650749306419,True,0.1700857292943994,0.1,0.09759000729485336
True,1.4821054149316291e-05,1.2917063540927608e-22,5.6245263655255246e-12,2.0980500914943576,1.5701154071329567e-11,1.0076627705804041e-11,454433833298.5634,8.363276089516404e-11,7.96502484715848e-11,2.0219998529542743e-06,1.7143989407511415,286707.7017552521,2.3179366180618384e-06,0.08513044699427397,6.520418483396123e+21,7789772293.110485,0.1501650749306419,True,0.15634280691503968,0.1,0.09759000729485333
True,1.612386174739804e-05,1.0913997565352235e-22,4.752323689134436e-12,2.0980500914943576,1.3266355527690253e-11,8.514031838555817e-12,636547100935.6205,9.898203477848909e-11,9.426860455094199e-11,2.0219998529542743e-06,1.575875552176793,263541.7271192084,2.3179366180618384e-06,0.08513044699427397,7.717122837817706e+21,7789772293.110485,0.1501650749306419,True,0.143710312296484,0.1,0.09759000729485333
True,1.75411893803248e-05,9.221549656320766e-23,4.0153746250948826e-12,2.0980500914943576,1.1209124385859518e-11,7.193749760764636e-12,891641823339.6172,1.1714838902868923e-10,1.1156989431303735e-10,2.0219998529542747e-06,1.4485448496955158,242247.56261436222,2.3179366180618384e-06,0.08513044699427397,9.133460535641755e+21,7789772293.110485,0.1501650749306419,True,0.13209852290534924,0.1,0.09759000729485331
True,1.9083103644576486e-05,7.791551863081761e-23,3.3927052184428432e-12,2.0980500914943576,9.470910773906154e-12,6.078205555463311e-12,1248965143286.0715,1.386488475684429e-10,1.3204652149375515e-10,2.0219998529542747e-06,1.3315024645702527,222673.9660321602,2.3179366180618384e-06,0.08513044699427397,1.0809741286911422e+22,7789772293.110485,0.1501650749306419,True,0.1214249657865509,0.1,0.09759000729485331
True,2.0760556015552625e-05,6.583305702147449e-23,2.8665939729041373e-12,2.0980500914943576,8.002244225289042e-12,5.135650252384904e-12,1749484925797.9092,1.6409532466852535e-10,1.5628126158907176e-10,2.0219998529542747e-06,1.2239171010337122,204681.91553045477,2.3179366180618384e-06,0.08513044699427397,1.2793672916631047e+22,7789772293.110485,0.1501650749306419,True,0.11161383179756923,0.1,0.09759000729485331
True,2.2585460630634318e-05,5.562423857214168e-23,2.4220674878620706e-12,2.0980500914943576,6.76132572356202e-12,4.339258235699949e-12,2450586809445.5073,1.9421204034729603e-10,1.8496384794980572e-10,2.0219998529542747e-06,1.1250246319943904,188143.6222282297,2.3179366180618384e-06,0.08513044699427397,1.5141719154363189e+22,7789772293.110485,0.1501650749306419,True,0.1025954371725748,0.1,0.09759000729485331
True,2.4570778909572255e-05,4.699851498193757e-23,2.0464743075613225e-12,2.0980500914943576,5.7128380805510845e-12,3.666363772989762e-12,3432653589678.356,2.298561320503882e-10,2.1891060195275066e-10,2.0219998529542743e-06,1.0341226718093286,172941.62258263517,2.3179366180618384e-06,0.08513044699427397,1.7920706621440208e+22,7789772293.110485,0.1501650749306419,True,0.09430572859215246,0.1,0.09759000729485333
True,2.673061161321663e-05,3.9710393655863487e-23,1.729124854074707e-12,2.0980500914943576,4.826940790747907e-12,3.0978159366732e-12,4808281274229.929,2.720420492297306e-10,2.5908766593307676e-10,2.0219998529542743e-06,0.9505655875767499,158967.94410194477,2.3179366180618384e-06,0.08513044699427397,2.1209726751482418e+22,7789772293.110485,0.1501650749306419,True,0.08668582824338408,0.1,0.09759000729485333
True,2.9080298994439595e-05,3.355245085742989e-23,1.4609871963365885e-12,2.0980500914943576,4.07842075494961e-12,2.617433558613021e-12,6735188450599.383,3.2197042510437624e-10,3.0663850009940594e-10,2.0219998529542743e-06,0.8737599135160756,146123.3384688762,2.3179366180618384e-06,0.08513044699427397,2.510238677387579e+22,7789772293.110485,0.1501650749306419,True,0.07968161563906088,0.1,0.09759000729485333
True,3.163652975257313e-05,2.834942832086534e-23,1.2344299966711508e-12,2.0980500914943576,3.4459747022972017e-12,2.2115447056260507e-12,9434299051557.13,3.8106224730850744e-10,3.629164260081023e-10,2.0219998529542743e-06,0.8031601358659297,134316.57662752987,2.3179366180618384e-06,0.08513044699427397,2.970947382437223e+22,7789772293.110485,0.1501650749306419,True,0.07324334322589349,0.1,0.09759000729485333
True,3.4417459565213534e-05,2.3953245309408217e-23,1.0430053189394788e-12,2.0980500914943576,2.911602888069113e-12,1.8685975691296342e-12,13215071745511.568,4.509992999410939e-10,4.295231428010418e-10,2.0219998529542743e-06,0.7382648183622705,123463.80082728378,2.3179366180618384e-06,0.08513044699427397,3.516210800479101e+22,7789772293.110485,0.1501650749306419,True,0.06732528305156821,0.1,0.09759000729485333
True,3.744284003926706e-05,2.0238784160257553e-23,8.812651169119687e-13,2.0980500914943576,2.460096811552637e-12,1.5788316946406684e-12,18510980019251.594,5.337720280190449e-10,5.083543123990903e-10,2.0219998529542743e-06,0.6786130407777834,113487.92902152397,2.3179366180618384e-06,0.08513044699427397,4.161547412954609e+22,7789772293.110485,0.1501650749306419,True,0.061885401981095635,0.1,0.09759000729485333
True,4.073415899711364e-05,1.7100329370593053e-23,7.446061800293979e-13,2.0980500914943576,2.078606374176606e-12,1.3340001941472083e-12,25929210818663.195,6.317361865811673e-10,6.016535110296831e-10,2.021999852954274e-06,0.6237811252271984,104318.10739094221,2.3179366180618384e-06,0.08513044699427397,4.925323836645232e+22,7789772293.110485,0.1501650749306419,True,0.0568850631556698,0.1,0.09759000729485336
True,4.43147930942746e-05,1.4448558879193265e-23,6.291391236280511e-13,2.0980500914943576,1.7562741589997549e-12,1.1271350353717036e-12,36320279800392.41,7.476798867060138e-10,7.120760825771561e-10,2.0219998529542743e-06,0.573379626987043,95889.20710293514,2.3179366180618384e-06,0.08513044699427397,5.829277547171489e+22,7789772293.110485,0.1501650749306419,True,0.05228875157364277,0.1,0.09759000729485333
True,4.8210173852552404e-05,1.2208001913958235e-23,5.315776950224184e-13,2.0980500914943576,1.4839264229583517e-12,9.523487279359333e-13,50875544728467.85,8.849029466082174e-10,8.427647110554451e-10,2.0219998529542743e-06,0.5270505684570957,88141.36173283358,2.3179366180618384e-06,0.08513044699427397,6.899135538893288e+22,7789772293.110485,0.1501650749306419,True,0.048063821844550894,0.1,0.09759000729485333
True,5.244796828789928e-05,1.0314891054347744e-23,4.4914524503868746e-13,2.0980500914943576,1.2538120073508793e-12,8.046667623121916e-13,71263797130505.28,1.0473108061870372e-09,9.974388630352734e-10,2.0219998529542743e-06,0.4844648966176548,81019.54206147985,2.3179366180618384e-06,0.08513044699427397,8.16534652859622e+22,7789772293.110485,0.1501650749306419,True,0.044180266324606476,0.1,0.09759000729485333
True,5.705827541592349e-05,8.715347377314239e-24,3.794957031301979e-13,2.0980500914943576,1.0593817358162659e-12,6.79886032686068e-13,99822592732183.16,1.2395256778840486e-09,1.1805006456038558e-09,2.0219998529542743e-06,0.4453201459242161,74473.16522915348,2.3179366180618384e-06,0.08513044699427397,9.663947541861674e+22,7789772293.110485,0.1501650749306419,True,0.040610501986837896,0.1,0.09759000729485333
True,6.207384003072083e-05,7.36384703503408e-24,3.2064680698529564e-13,2.0980500914943576,8.951020213567088e-13,5.744552143714132e-13,139826257103971.61,1.467018097261495e-09,1.397160092629995e-09,2.0219998529542743e-06,0.40933829004018357,68455.73546984687,2.3179366180618384e-06,0.08513044699427397,1.1437589545622165e+23,7789772293.110485,0.1501650749306419,True,0.037329174512115273,0.1,0.09759000729485333
True,6.753028527539761e-05,6.221925622440399e-24,2.7092368630743555e-13,2.0980500914943576,7.562973775638355e-13,4.853736912563999e-13,195861293927326.8,1.736262617299372e-09,1.6535834450470208e-09,2.0219998529542743e-06,0.37626376714952436,62924.5138742026,2.3179366180618384e-06,0.08513044699427397,1.3536751316938994e+23,7789772293.110485,0.1501650749306419,True,0.034312978209616506,0.1,0.09759000729485333
True,7.346636565612223e-05,5.257083460180997e-24,2.289111951324563e-13,2.0980500914943576,6.390173518354668e-13,4.1010615670301054e-13,274352237222237.56,2.0549220775521918e-09,1.9570686452878016e-09,2.0219998529542743e-06,0.34586166482410874,57840.21483559675,2.3179366180618384e-06,0.08513044699427397,1.6021176095341424e+23,7789772293.110485,0.1501650749306419,True,0.03154049048771486,0.1,0.09759000729485333
True,7.992424229674335e-05,4.441860636782803e-24,1.9341363603589389e-13,2.0980500914943576,5.399240934328675e-13,3.465104573969736e-13,384298237592448.2,2.4320656925618506e-09,2.3162530405350957e-09,2.021999852954274e-06,0.31791605155371605,53166.727023369735,2.3179366180618384e-06,0.08513044699427397,1.896157190660301e+23,7789772293.110485,0.1501650749306419,True,0.028992019699613986,0.1,0.09759000729485336
True,8.694978238897252e-05,3.753055485240749e-24,1.6342072996027762e-13,2.0980500914943576,4.561973565067856e-13,2.927766265465079e-13,538304833639930.25,2.8784271664364745e-09,2.7413592061299757e-09,2.0219998529542743e-06,0.2922284430883832,48870.85690141461,2.3179366180618384e-06,0.08513044699427397,2.2441623950055656e+23,7789772293.110485,0.1501650749306419,True,0.026649465283052634,0.1,0.09759000729485333
True,9.459288496498826e-05,3.171064251465923e-24,1.3807886314589356e-13,2.0980500914943576,3.854542344287045e-13,2.4737537128281093e-13,754029203296585.4,3.406710179671202e-09,3.2444858854011445e-09,2.0219998529542747e-06,0.2686163927002321,44922.092970453516,2.3179366180618384e-06,0.08513044699427397,2.6560376323037628e+23,7789772293.110485,0.1501650749306419,True,0.024496189200715876,0.1,0.09759000729485331
True,0.00010290783530625965,2.6793231612135603e-24,1.16666792837706e-13,2.0980500914943576,3.256813410246246e-13,2.090145481869186e-13,1056204596157110.2,4.031949942524805e-09,3.8399523262141e-09,2.0219998529542743e-06,0.2469121953521218,41292.389059534915,2.3179366180618384e-06,0.08513044699427397,3.1435050867592335e+23,7789772293.110485,0.1501650749306419,True,0.022516897768259214,0.1,0.09759000729485333
True,0.00011195369050579179,2.263837006423574e-24,9.857512034014024e-14,2.0980500914943576,2.751775085537859e-13,1.7660238821364572e-13,1479476052208833.8,4.771941104950346e-09,4.5447058142384245e-09,2.0219998529542743e-06,0.22696169656942794,37955.96512757017,2.3179366180618384e-06,0.08513044699427397,3.720438336526943e+23,7789772293.110485,0.1501650749306419,True,0.0206975330306242,0.1,0.09759000729485333
True,0.00012179469892225225,1.9127808342953207e-24,8.328894721217225e-14,2.0980500914943576,2.3250537158695746e-13,1.4921642437478522e-13,2072372528034184.2,5.647744201619544e-09,5.378804001542423e-09,2.0219998529542743e-06,0.2086231975549539,34889.12416010132,2.3179366180618384e-06,0.08513044699427397,4.403257202987157e+23,7789772293.110485,0.1501650749306419,True,0.019025172915145258,0.1,0.09759000729485333
True,0.000132500756505161,1.6161634029596468e-24,7.037322098898027e-14,2.0980500914943576,1.9645045883618387e-13,1.260772378472036e-13,2902870843052064.0,6.684285045730693e-09,6.365985757838755e-09,2.0219998529542743e-06,0.19176644877052798,32070.083860804996,2.3179366180618384e-06,0.08513044699427397,5.211395067431156e+23,7789772293.110485,0.1501650749306419,True,0.01748793945228267,0.1,0.09759000729485333
True,0.00014414790323220164,1.3655428255210328e-24,5.946035336174951e-14,2.0980500914943576,1.6598662866811862e-13,1.065262753063691e-13,4066189363856870.0,7.911064130660623e-09,7.534346791105355e-09,2.0219998529542747e-06,0.17627172483718045,29478.821942318413,2.3179366180618384e-06,0.08513044699427397,6.167851955234725e+23,7789772293.110485,0.1501650749306419,True,0.01607491441211797,0.1,0.09759000729485331
True,0.00015681886318461014,1.1537863095508542e-24,5.0239758422564415e-14,2.0980500914943576,1.4024686457761102e-13,9.00071061550466e-14,5695704988844469.0,9.36299622940208e-09,8.917139266097218e-09,2.0219998529542743e-06,0.16202897418336065,27096.93391756225,2.3179366180618384e-06,0.08513044699427397,7.299849128583742e+23,7789772293.110485,0.1501650749306419,True,0.014776061757418135,0.1,0.09759000729485333
True,0.00017060363209653513,9.748671540923978e-25,4.2449013227380673e-14,2.0980500914943576,1.1849859944549066e-13,7.604958621811e-14,7978245088216140.0,1.1081404087224485e-08,1.0553718178309032e-08,2.0219998529542747e-06,0.14893703740155725,24907.50238152121,2.3179366180618384e-06,0.08513044699427397,8.63960381780221e+23,7789772293.110485,0.1501650749306419,True,0.013582156362490275,0.1,0.09759000729485331
True,0.0001856001165514522,8.236932266063813e-25,3.5866389102082895e-14,2.0980500914943576,1.0012286629603916e-13,6.425647719395625e-14,1.117550765222451e+16,1.3115194488569927e-08,1.2490661417685645e-08,2.0219998529542743e-06,0.13690292876168106,22894.97685505289,2.3179366180618384e-06,0.08513044699427397,1.0225246140540989e+24,7789772293.110485,0.1501650749306419,True,0.01248471849155083,0.1,0.09759000729485333
True,0.00020191482936553665,6.9596203822138895e-25,3.030454112870284e-14,2.0980500914943576,8.459668217383298e-14,5.4292141045130146e-14,1.5654065512401274e+16,1.5522250169662184e-08,1.478309539967827e-08,2.0219998529542743e-06,0.12584117577814752,21045.063337313746,2.3179366180618384e-06,0.08513044699427397,1.2101904304825637e+24,7789772293.110485,0.1501650749306419,True,0.011475953571240788,0.1,0.09759000729485333
True,0.00021966364609696568,5.880382926552012e-25,2.560517621128214e-14,2.0980500914943576,7.147816377589688e-14,4.5872987564614744e-14,2.192739468240382e+16,1.837107719138747e-08,1.749626399179759e-08,2.0219998529542747e-06,0.11567321213992247,19344.6227823463,2.3179366180618384e-06,0.08513044699427397,1.4322988981408396e+24,7789772293.110485,0.1501650749306419,True,0.01054869682952018,0.1,0.09759000729485331
True,0.00023897262805427596,4.968504237853943e-25,2.1634547971750534e-14,2.0980500914943576,6.039395122228876e-14,3.8759403250538226e-14,3.0714745455550156e+16,2.174275465753957e-08,2.070738538813292e-08,2.0219998529542743e-06,0.10632681969180241,17781.577778755083,2.3179366180618384e-06,0.08513044699427397,1.6951713399332002e+24,7789772293.110485,0.1501650749306419,True,0.009696362407738284,0.1,0.09759000729485333
True,0.00025997891764920577,4.198031772745005e-25,1.8279650258206056e-14,2.0980500914943576,5.102858203906664e-14,3.274893178086059e-14,4.3023605953346104e+16,2.573324226842763e-08,2.4507849779454884e-08,2.0219998529542743e-06,0.09773561550359346,16344.826769662484,2.3179366180618384e-06,0.08513044699427397,2.0062892427418146e+24,7789772293.110485,0.1501650749306419,True,0.008912896584447272,0.1,0.09759000729485333
True,0.0002828317124532835,3.547037482771425e-25,1.5445000930855897e-14,2.0980500914943576,4.3115512931645534e-14,2.7670512000789637e-14,6.026521274309662e+16,3.045611138402663e-08,2.9005820365739646e-08,2.0219998529542743e-06,0.08983858038408656,15024.165203689787,2.3179366180618384e-06,0.08513044699427397,2.374507184447875e+24,7789772293.110485,0.1501650749306419,True,0.008192734778730447,0.1,0.09759000729485333
True,0.0003076933248764192,2.996993730697434e-25,1.3049924390487206e-14,2.0980500914943576,3.642953382352872e-14,2.3379609433041516e-14,8.441635205819483e+16,3.604577732415355e-08,3.4329311737289095e-08,2.0219998529542743e-06,0.08257962549109057,13810.213056936786,2.3179366180618384e-06,0.08513044699427397,2.810304839839172e+24,7789772293.110485,0.1501650749306419,True,0.007530762027660373,0.1,0.09759000729485333
True,0.0003347403349938829,2.5322459842803235e-25,1.1026255508810485e-14,2.0980500914943576,3.0780358259997947e-14,1.9754102751187462e-14,1.1824600246896816e+17,4.2661324898618145e-08,4.0629833236779183e-08,2.0219998529542743e-06,0.07590719395936403,12694.34821118366,2.3179366180618384e-06,0.08513044699427397,3.3260852376236904e+24,7789772293.110485,0.1501650749306419,True,0.006922276657177418,0.1,0.09759000729485333
True,0.00036416484470964906,2.1395672801129377e-25,9.316399613334067e-15,2.0980500914943576,2.6007207756304283e-14,1.669080814297022e-14,1.6563280405971805e+17,5.049103604393389e-08,4.808670099422275e-08,2.0219998529542743e-06,0.06977389471699849,11668.645215132225,2.3179366180618384e-06,0.08513044699427397,3.936527757099591e+24,7789772293.110485,0.1501650749306419,True,0.006362956888360256,0.1,0.09759000729485333
True,0.00039617584216382654,1.8077817773421738e-25,7.87169331292727e-15,2.0980500914943576,2.1974235958084574e-14,1.4102542645157304e-14,2.320097526162439e+17,5.975774842549285e-08,5.691214135761223e-08,2.0219998529542743e-06,0.06413616588942835,10725.818993737237,2.3179366180618384e-06,0.08513044699427397,4.6590059109509784e+24,7789772293.110485,0.1501650749306419,True,0.005848830141908832,0.1,0.09759000729485333
True,0.0004310006860748974,1.5274466874058392e-25,6.651019512312328e-15,2.0980500914943576,1.856666238322057e-14,1.1915642870908244e-14,3.2498710394133715e+17,7.072519751381729e-08,6.735733096554027e-08,2.0219998529542743e-06,0.05895396540038839,9859.173105822367,2.3179366180618384e-06,0.08513044699427397,5.514081804485804e+24,7789772293.110485,0.1501650749306419,True,0.005376244822824338,0.1,0.09759000729485333
True,0.0004688867205593423,1.2905835273421214e-25,5.619637198074363e-15,2.0980500914943576,1.568750570941562e-14,1.0067868511341258e-14,4.5522490557917536e+17,8.370552263369041e-08,7.971954536541943e-08,2.0219998529542743e-06,0.05419048657230499,9062.552182479274,2.3179366180618384e-06,0.08513044699427397,6.526091343883967e+24,7789772293.110485,0.1501650749306419,True,0.0049418443848862304,0.1,0.09759000729485333
True,0.0005101030318979338,1.0904510480006592e-25,4.7481926912888755e-15,2.0980500914943576,1.325482363514921e-14,8.506630943860334e-15,6.376551935333889e+17,9.906815061223971e-08,9.435061963070448e-08,2.0219998529542743e-06,0.04981189670616832,8330.298208442837,2.3179366180618384e-06,0.08513044699427397,7.723836848787698e+24,7789772293.110485,0.1501650749306419,True,0.004542543490718842,0.1,0.09759000729485333
True,0.0005549423597261648,9.2135337457358e-26,4.011884226500344e-15,2.0980500914943576,1.1199380759011376e-14,7.187496532511031e-15,8.931939813855014e+17,1.172503098592349e-07,1.116669617706999e-07,2.0219998529542743e-06,0.045787096784144,7657.210335930079,2.3179366180618384e-06,0.08513044699427397,9.141406781350026e+24,7789772293.110485,0.1501650749306419,True,0.004175506098123966,0.1,0.09759000729485333
True,0.0006037231762230813,7.7847789902588e-26,3.3897560805337204e-15,2.0980500914943576,9.46267810404571e-15,6.0729220235119895e-15,1.2511393249422536e+18,1.3876947411581255e-07,1.3216140391982147e-07,2.0219998529542747e-06,0.04208750058820705,7038.507945519816,2.3179366180618384e-06,0.08513044699427397,1.0819145921657894e+25,7789772293.110485,0.1501650749306419,True,0.003838125317037176,0.1,0.09759000729485331
True,0.0006567919480659909,6.577583107591366e-26,2.8641021616764605e-15,2.0980500914943576,7.995288206335653e-15,5.131186044659193e-15,1.7525304055327647e+18,1.6423809002720895e-07,1.5641722859734185e-07,2.0219998529542747e-06,0.03868683166598471,6469.7966917122885,2.3179366180618384e-06,0.08513044699427397,1.2804803601228633e+25,7789772293.110485,0.1501650749306419,True,0.0035280048940415577,0.1,0.09759000729485331
True,0.0007145255972166317,5.557588672897324e-26,2.419962085067845e-15,2.0980500914943576,6.755448383585987e-15,4.3354862985181426e-15,2.454852757872177e+18,1.9438100769390956e-07,1.851247692322948e-07,2.0219998529542743e-06,0.035560936701753365,5947.037292006629,2.3179366180618384e-06,0.08513044699427397,1.5154892673904543e+25,7789772293.110485,0.1501650749306419,True,0.0032429421929322157,0.1,0.09759000729485333
True,0.0007773341780165789,4.695766112247113e-26,2.0446953923382574e-15,2.0980500914943576,5.707872147389429e-15,3.6631767550511705e-15,3.4386291066948296e+18,2.3005611028379723e-07,2.191010574131402e-07,2.0219998529542743e-06,0.032687613967054,5466.516837820024,2.3179366180618384e-06,0.08513044699427397,1.7936297901166472e+25,7789772293.110485,0.1501650749306419,True,0.0029809125504507076,0.1,0.09759000729485333
True,0.0008456637896060046,3.9675875057937625e-26,1.7276217975671675e-15,2.0980500914943576,4.8227449313512034e-15,3.0951231337840363e-15,4.816651465344039e+18,2.7227872983482307e-07,2.5931307603316483e-07,2.0219998529542743e-06,0.03004645563249353,5024.822423483893,2.3179366180618384e-06,0.08513044699427397,2.1228179527351445e+25,7789772293.110485,0.1501650749306419,True,0.0027400548960757488,0.1,0.09759000729485333
True,0.0009199997443513106,3.3523285103732976e-26,1.4597172207719492e-15,2.0980500914943576,4.07487555296968e-15,2.6151583321977306e-15,6.746912975706351e+18,3.222505441346929e-07,3.069052801282789e-07,2.0219998529542743e-06,0.027618702820748194,4618.816906016418,2.3179366180618384e-06,0.08513044699427397,2.512422622151901e+25,7789772293.110485,0.1501650749306419,True,0.002518658533734411,0.1,0.09759000729485333
True,0.0010008700147854446,2.8324785338826017e-26,1.2333569578820624e-15,2.0980500914943576,3.442979259435514e-15,2.2096223015534515e-15,9.450722151951118e+18,3.813937770978405e-07,3.6323216866461e-07,2.0219998529542743e-06,0.025387112371280402,4245.616623504838,2.3179366180618384e-06,0.08513044699427397,2.973532150586721e+25,7789772293.110485,0.1501650749306419,True,0.002315150991550719,0.1,0.09759000729485333
True,0.0010888489835428595,2.393242374689693e-26,1.0420986776820046e-15,2.0980500914943576,2.9090719524585566e-15,1.8669732747765514e-15,1.323807636395792e+19,4.5139167600026683e-07,4.298968342859684e-07,2.021999852954274e-06,0.023335834370462993,3902.57091384184,2.3179366180618384e-06,0.08513044699427397,3.5192699558642526e+25,7789772293.110485,0.1501650749306419,True,0.0021280868533342357,0.1,0.09759000729485336
True,0.0011845615229231076,2.022119142473877e-26,8.804990697027589e-16,2.0980500914943576,2.457958351444878e-15,1.5774592817421192e-15,1.854320368330817e+19,5.342364175754773e-07,5.087965881671212e-07,2.0219998529542747e-06,0.02145029957726605,3587.2432883475053,2.3179366180618384e-06,0.08513044699427397,4.165168020734199e+25,7789772293.110485,0.1501650749306419,True,0.001956137492484058,0.1,0.09759000729485331
True,0.0012886874330582312,1.7085464763632476e-26,7.439589247650876e-16,2.0980500914943576,2.0767995278809423e-15,1.3328406031158547e-15,2.5974348038724334e+19,6.322858064039947e-07,6.021769584799949e-07,2.0219998529542743e-06,0.019717115944945365,3297.3941265621124,2.3179366180618384e-06,0.08513044699427397,4.929608941206224e+25,7789772293.110485,0.1501650749306419,True,0.001798081635393119,0.1,0.09759000729485333
True,0.0014019662702061378,1.4435999346319356e-26,6.28592239086033e-16,2.0980500914943576,1.7547475027276667e-15,1.1261552636416338e-15,3.6383505653021966e+19,7.48330379262225e-07,7.12695599297357e-07,2.0219998529542743e-06,0.018123973503775613,3030.9647692992075,2.3179366180618384e-06,0.08513044699427397,5.834349104825964e+25,7789772293.110485,0.1501650749306419,True,0.0016527966873291472,0.1,0.09759000729485333
True,0.0015252025994629973,1.2197390004310646e-26,5.3111561658321035e-16,2.0980500914943576,1.4826365072755817e-15,9.515208906923713e-16,5.096410818973918e+19,8.856728252554498e-07,8.43497928814714e-07,2.0219998529542743e-06,0.01665955692925608,2786.062896979549,2.3179366180618384e-06,0.08513044699427397,6.905137888818916e+25,7789772293.110485,0.1501650749306419,True,0.0015192507591842202,0.1,0.09759000729485333
True,0.0016592717092021373,1.0305924747439792e-26,4.487548217087612e-16,2.0980500914943576,1.2527221205839176e-15,8.0396729887515645e-16,7.138785218624765e+19,1.048221982073376e-06,9.983066495936914e-07,2.0219998529542743e-06,0.01531346517480323,2560.949089395312,2.3179366180618384e-06,0.08513044699427397,8.172450500804377e+25,7789772293.110485,0.1501650749306419,True,0.0013964953384627502,0.1,0.09759000729485333
True,0.0018051258278263752,8.707771487371954e-27,3.791658232578284e-16,2.0980500914943576,1.0584608592189314e-15,6.792950359611029e-16,9.999636255366857e+19,1.2406040835507462e-06,1.1815276986197583e-06,2.0219998529542747e-06,0.014076137598119353,2354.0244714449536,2.3179366180618384e-06,0.08513044699427397,9.672355319108854e+25,7789772293.110485,0.1501650749306419,True,0.0012836585524534302,0.1,0.09759000729485331
True,0.001963800886988364,7.357445948275972e-27,3.2036808201715625e-16,2.0980500914943576,8.943239463004506e-16,5.739558642832943e-16,1.4006966476421054e+20,1.4682944246966275e-06,1.3983756425682166e-06,2.0219998529542747e-06,0.012938786056548775,2163.819357092385,2.3179366180618384e-06,0.08513044699427397,1.1447540417636697e+26,7789772293.110485,0.1501650749306419,True,0.001179938975736716,0.1,0.09759000729485331
True,0.0021364238793148654,6.216517160596722e-27,2.7068818358547157e-16,2.0980500914943576,7.556399596264892e-16,4.849517760410177e-16,1.9620224662300452e+20,1.7377731914478345e-06,1.6550220870931757e-06,2.0219998529542743e-06,0.011893332489127436,1988.98281089394,2.3179366180618384e-06,0.08513044699427397,1.3548528490731586e+26,7789772293.110485,0.1501650749306419,True,0.001084599938045535,0.1,0.09759000729485333
True,0.00232422086289333,5.252513695605057e-27,2.2871221212629413e-16,2.0980500914943576,6.384618805594358e-16,4.097496684331416e-16,2.7482982589211165e+20,2.0567098901426033e-06,1.9587713239453362e-06,2.0219998529542743e-06,0.010932351542001159,1828.2730529536764,2.3179366180618384e-06,0.08513044699427397,1.6035114755424614e+26,7789772293.110485,0.1501650749306419,True,0.0009969642920506952,0.1,0.09759000729485333
True,0.0025285256693727822,4.4379995115899344e-27,1.9324550958533426e-16,2.0980500914943576,5.394547598157506e-16,3.4620925023041636e-16,3.84967218775121e+20,2.4341816256735492e-06,2.31826821492719e-06,2.0219998529542747e-06,0.01004901782970868,1680.5486391580464,2.3179366180618384e-06,0.08513044699427397,1.897806875451698e+26,7789772293.110485,0.1501650749306419,True,0.0009164096039091005,0.1,0.09759000729485331
True,0.002750789377528488,3.749793109792872e-27,1.6327867509879394e-16,2.0980500914943576,4.558008030688983e-16,2.9252212797010433e-16,5.3924190742539384e+20,2.8809314406301005e-06,2.743744229171524e-06,2.021999852954275e-06,0.009237057457751515,1544.7603540473579,2.3179366180618384e-06,0.08513044699427397,2.2461148494701586e+26,7789772293.110485,0.1501650749306419,True,0.0008423637324155355,0.1,0.09759000729485329
True,0.002992590619576578,3.16830777685522e-27,1.379588369179922e-16,2.0980500914943576,3.8511917505225083e-16,2.471603381342586e-16,7.553418071517379e+20,3.4096740678972385e-06,3.247308636092608e-06,2.0219998529542743e-06,0.008490703462138871,1419.9437587430025,2.3179366180618384e-06,0.08513044699427397,2.6583484243145644e+26,7789772293.110485,0.1501650749306419,True,0.0007743007653588652,0.1,0.09759000729485333
True,0.0032556467934393785,2.676994136734053e-27,1.165653792343012e-16,2.0980500914943576,3.253982397448889e-16,2.0883286051058767e-16,1.058043222855764e+21,4.0354577985889735e-06,3.843293141513308e-06,2.021999852954274e-06,0.007804654849416263,1305.2123410019844,2.3179366180618384e-06,0.08513044699427397,3.146239982662834e+26,7789772293.110485,0.1501650749306419,True,0.000711737284220556,0.1,0.09759000729485336
True,0.0035418262605968454,2.2618691468230973e-27,9.848943307715306e-17,2.0980500914943576,2.7493830816060114e-16,1.764488750834481e-16,1.4820515041425854e+21,4.776092764266923e-06,4.548659775492308e-06,2.0219998529542743e-06,0.00717403894625858,1199.7512187468367,2.3179366180618384e-06,0.08513044699427397,3.723675172888055e+26,7789772293.110485,0.1501650749306419,True,0.0006542289306854457,0.1,0.09759000729485333
True,0.0038531616161595196,1.9111181332626506e-27,8.321654758537931e-17,2.0980500914943576,2.3230326431229867e-16,1.490867167269194e-16,2.0759800861469455e+21,5.652657822579366e-06,5.383483640551777e-06,2.0219998529542747e-06,0.00659437679121509,1102.8113523501625,2.3179366180618384e-06,0.08513044699427397,4.407088101857871e+26,7789772293.110485,0.1501650749306419,True,0.0006013672505783559,0.1,0.09759000729485331
True,0.004191864125413969,1.6147585391556609e-27,7.031204846721901e-17,2.0980500914943576,1.962796926015383e-16,1.2596764413431929e-16,2.907924121417059e+21,6.6901004725505915e-06,6.371524259571992e-06,2.021999852954274e-06,0.0060615513228005355,1013.7042245664328,2.3179366180618384e-06,0.08513044699427397,5.215929058192605e+26,7789772293.110485,0.1501650749306419,True,0.0005527767928105427,0.1,0.09759000729485336
True,0.004560339429376579,1.3643558157886891e-27,5.940866694312543e-17,2.0980500914943576,1.6584234337732754e-16,1.0643367643420209e-16,4.0732677313941555e+21,7.917946873422897e-06,7.540901784212282e-06,2.0219998529542743e-06,0.0055717781379875765,931.7969503251469,2.3179366180618384e-06,0.08513044699427397,6.173218077630213e+26,7789772293.110485,0.1501650749306419,True,0.0005081124427311922,0.1,0.09759000729485333
True,0.004961204630904614,1.1527833709736927e-27,5.019608708462932e-17,2.0980500914943576,1.401249537959988e-16,8.992886671136946e-17,5.70561999517776e+21,9.371142174557728e-06,8.924897309102597e-06,2.0219998529542747e-06,0.005121578613412306,856.5077816525799,2.3179366180618384e-06,0.08513044699427397,7.306200105257121e+26,7789772293.110485,0.1501650749306419,True,0.00046705697094405046,0.1,0.09759000729485331
True,0.005397306882719067,9.740197425150965e-28,4.241211406106566e-17,2.0980500914943576,1.1839559352858951e-16,7.598347946752386e-17,7.992133509532365e+21,1.109104507262383e-05,1.0562900069165551e-05,2.0219998529542743e-06,0.004707755198385617,787.3019757957304,2.3179366180618384e-06,0.08513044699427397,8.647120400864063e+26,7789772293.110485,0.1501650749306419,True,0.00042931878017959913,0.1,0.09759000729485333
True,0.005871743609361058,8.22977224253197e-28,3.583521193785742e-17,2.0980500914943576,1.0003583364169663e-16,6.420062170383921e-17,1.1194961825038332e+22,1.3126604901688968e-05,1.2501528477799016e-05,2.0219998529542743e-06,0.004327368704228572,723.6879972017394,2.3179366180618384e-06,0.08513044699427397,1.0234142255868068e+27,7789772293.110485,0.1501650749306419,True,0.00039462983421989885,0.1,0.09759000729485333
True,0.006387884506708527,6.953570672916819e-28,3.027819864820227e-17,2.0980500914943576,8.452314578728575e-17,5.424494713908349e-17,1.568131589826241e+22,1.553575475681316e-05,1.4795956911250628e-05,2.0219998529542743e-06,0.00397771742862892,665.2140263772787,2.3179366180618384e-06,0.08513044699427397,1.2112433140502875e+27,7789772293.110485,0.1501650749306419,True,0.0003627437541662547,0.1,0.09759000729485333
True,0.006949395475305349,5.875271353605875e-28,2.5582918693763732e-17,2.0980500914943576,7.141603077320641e-17,4.5833112079442675e-17,2.196556559497293e+22,1.8387060300168516e-05,1.751148600016049e-05,2.0219998529542743e-06,0.0036563179667490012,611.4647508320005,2.3179366180618384e-06,0.08513044699427397,1.4335450193593987e+27,7789772293.110485,0.1501650749306419,True,0.0003334340685283983,0.1,0.09759000729485333
True,0.007560264657489693,4.964185323225052e-28,2.1615741956649892e-17,2.0980500914943576,6.034145326577233e-17,3.872571130912244e-17,3.0768213269686174e+22,2.176167117556792e-05,2.0725401119588495e-05,2.0219998529542743e-06,0.0033608875727956355,562.0584153136718,2.3179366180618384e-06,0.08513044699427397,1.6966461640628042e+27,7789772293.110485,0.1501650749306419,True,0.0003064926047064198,0.1,0.09759000729485333
True,0.008224830763250849,4.1943825978690555e-28,1.82637605165189e-17,2.0980500914943576,5.098422500948405e-17,3.272046449296516e-17,4.309850086562527e+22,2.5755630569678544e-05,2.4529171971122423e-05,2.0219998529542743e-06,0.0030893279467747036,516.6441103842342,2.3179366180618384e-06,0.08513044699427397,2.0080347440468746e+27,7789772293.110485,0.1501650749306419,True,0.0002817280104409163,0.1,0.09759000729485333
True,0.008947813885999509,3.5439541902269896e-28,1.5431575232241148e-17,2.0980500914943576,4.307803440478549e-17,2.7646459172544336e-17,6.037012161165549e+22,3.048260865123788e-05,2.903105585832179e-05,2.0219998529542747e-06,0.0028397103312754975,474.89928007884026,2.3179366180618384e-06,0.08513044699427397,2.3765730408064888e+27,7789772293.110485,0.1501650749306419,True,0.00025896439472992765,0.1,0.09759000729485331
True,0.009734349027120986,2.994388568369587e-28,1.3038580632555673e-17,2.0980500914943576,3.639786714095745e-17,2.335928650840178e-17,8.456330290395136e+22,3.6077137683378425e-05,3.435917874607469e-05,2.0219998529542747e-06,0.0026102618124345337,436.52743094597935,2.3179366180618384e-06,0.08513044699427397,2.812749846601438e+27,7789772293.110485,0.1501650749306419,True,0.00023804007855974992,0.1,0.09759000729485331
True,0.01059002256742026,2.5300448078896282e-28,1.1016670842291342e-17,2.0980500914943576,3.075360217140322e-17,1.9736931329111876e-17,1.1845184351334443e+23,4.269844088204652e-05,4.0665181792425254e-05,2.0219998529542747e-06,0.002399352727781096,401.2560261970956,2.3179366180618384e-06,0.08513044699427397,3.3289789809580635e+27,7789772293.110485,0.1501650749306419,True,0.00021880644657666377,0.1,0.09759000729485331
True,0.011520911944497985,2.137707443030546e-28,9.308301253616047e-18,2.0980500914943576,2.5984600769440992e-17,1.6676299515824945e-17,1.659211354084219e+23,5.053496399182453e-05,4.812853713507098e-05,2.0219998529542743e-06,0.00220548509152852,368.83455000886016,2.3179366180618384e-06,0.08513044699427397,3.939952594451581e+27,7789772293.110485,0.1501650749306419,True,0.00020112689154355595,0.1,0.09759000729485333
True,0.012533628817866614,1.806210347634109e-28,7.864850776466429e-18,2.0980500914943576,2.1955134666308458e-17,1.4090283889842025e-17,2.324136320606816e+23,5.98097385501679e-05,5.6961655762064664e-05,2.0219998529542743e-06,0.002027281955101662,339.03272822977254,2.3179366180618384e-06,0.08513044699427397,4.6630593149789817e+27,7789772293.110485,0.1501650749306419,True,0.00018487584408442026,0.1,0.09759000729485333
True,0.01363536602838792,1.526118941362507e-28,6.6452380569499825e-18,2.0980500914943576,1.8550523153799033e-17,1.1905285096849053e-17,3.2555283710345265e+23,7.078672948135782e-05,6.74159328393884e-05,2.0219998529542743e-06,0.0018634776273334288,311.63889285361586,2.3179366180618384e-06,0.08513044699427397,5.518879137183858e+27,7789772293.110485,0.1501650749306419,True,0.0001699378808254741,0.1,0.09759000729485333
True,0.014833948685562074,1.2894616766181993e-28,5.614752280573655e-18,2.0980500914943576,1.5673869211456528e-17,1.0059116930882872e-17,4.5601735494773095e+23,8.377834767600509e-05,7.978890254857627e-05,2.0219998529542743e-06,0.0017129086848691887,286.4584786434163,2.3179366180618384e-06,0.08513044699427397,6.531769139844308e+27,7789772293.110485,0.1501650749306419,True,0.00015620690459845047,0.1,0.09759000729485333
True,0.01613788974551674,1.0895031641390695e-28,4.744065284348377e-18,2.0980500914943576,1.3243301766803987e-17,8.499236482455607e-18,6.387652150837893e+23,9.915434136803903e-05,9.443270606479907e-05,2.0219998529542743e-06,0.0015745057089302569,263.3126412281454,2.3179366180618384e-06,0.08513044699427397,7.730556701046509e+27,7789772293.110485,0.1501650749306419,True,0.00014358539088344158,0.1,0.09759000729485333
True,0.017556450474439968,9.205524803049351e-29,4.008396861964496e-18,2.0980500914943576,1.1189645601893819e-17,7.181248739929322e-18,8.947488414071598e+23,0.00011735231936241065,0.00011176411367848632,2.0219998529542743e-06,0.0014472856897466734,242.03698685717194,2.3179366180618384e-06,0.08513044699427397,9.149359940409581e+27,7789772293.110485,0.1501650749306419,True,0.00013198369513914057,0.1,0.09759000729485333
True,0.01909970622689944,7.778012004813259e-29,3.3868095061878576e-18,2.0980500914943576,9.454452590503701e-18,6.067643084315844e-18,1.2533172913844934e+24,0.00013889020561006141,0.00013227638629529658,2.0219998529542743e-06,0.0013303450447116104,222.4804047905207,2.3179366180618384e-06,0.08513044699427397,1.0828558738575599e+28,7789772293.110485,0.1501650749306419,True,0.0001213194161007817,0.1,0.09759000729485333
True,0.020778618006240163,6.571865487449349e-29,2.861612516476918e-18,2.0980500914943576,7.988338233960995e-18,5.1267257174840756e-18,1.7555811867976176e+24,0.0001643809795938655,0.0001565533138989195,2.0219998529542747e-06,0.0012228532006687048,204.50399403196494,2.3179366180618384e-06,0.08513044699427397,1.2815943969686384e+28,7789772293.110485,0.1501650749306419,True,0.00011151681052358832,0.1,0.09759000729485331
True,0.02260511031531905,5.552757691605638e-29,2.417858512412933e-18,2.0980500914943576,6.749576152537798e-18,4.331717640124864e-18,2.4591261324042616e+24,0.0001945501220446129,0.00018528583051867893,2.0219998529542743e-06,0.001124046694750427,187.98007678206022,2.3179366180618384e-06,0.08513044699427397,1.5168077654602663e+28,7789772293.110485,0.1501650749306419,True,0.00010250625521493723,0.1,0.09759000729485333
True,0.024592155850513473,4.691684277557001e-29,2.0429180234524027e-18,2.0980500914943576,5.702910530907472e-18,3.659992507455069e-18,3.444615025810635e+24,0.00023025626250122602,0.0002192916785725962,2.0219998529542743e-06,0.0010332237518685303,172.79129160414348,2.3179366180618384e-06,0.08513044699427397,1.7951902745536627e+28,7789772293.110485,0.1501650749306419,True,9.422375253430753e-05,0.1,0.09759000729485333
True,0.026753867640544104,3.964138646559702e-29,1.726120047604299e-18,2.0980500914943576,4.8185527192410186e-18,3.0924326716367197e-18,4.825036227173817e+24,0.00027251561635554145,0.0002595386822433728,2.0219998529542743e-06,0.0009497393003431336,158.8297598624958,2.3179366180618384e-06,0.08513044699427397,2.124664835740832e+28,7789772293.110485,0.1501650749306419,True,8.661047584882122e-05,0.1,0.09759000729485333
True,0.02910559928452991,3.349414470261587e-29,1.4584483491443856e-18,2.0980500914943576,4.071333432686766e-18,2.6128850835423803e-18,6.758657910708306e+24,0.00032253090687270764,0.00030717229225972156,2.0219998529542743e-06,0.0008730003902688427,145.99631951228,2.3179366180618384e-06,0.08513044699427397,2.5146084669804594e+28,7789772293.110485,0.1501650749306419,True,7.961235171596398e-05,0.1,0.09759000729485333
True,0.03166405400121802,2.830016377790874e-29,1.2322848518410817e-18,2.0980500914943576,3.4399864203880487e-18,2.207701568546967e-18,9.467173841456505e+24,0.00038172559532299237,0.0003635481860218975,2.0219998529542747e-06,0.0008024619820767659,134.19982079923054,2.3179366180618384e-06,0.08513044699427397,2.976119167522725e+28,7789772293.110485,0.1501650749306419,True,7.317967582593089e-05,0.1,0.09759000729485331
True,0.03444740326391264,2.391162028370622e-29,1.041192824530167e-18,2.0980500914943576,2.9065432168853386e-18,1.8653503923551717e-18,1.3261121028533414e+25,0.0004517843934324129,0.00043027085088801224,2.0219998529542743e-06,0.0007376230753806058,123.35647886678954,2.3179366180618384e-06,0.08513044699427397,3.522331772759817e+28,7789772293.110485,0.1501650749306419,True,6.726675997582042e-05,0.1,0.09759000729485333
True,0.037475415863710185,2.0203613981855174e-29,8.797336883866108e-19,2.0980500914943576,2.4558217502117816e-18,1.576088061825171e-18,1.8575483441883994e+25,0.0005347012111576895,0.000509239248721609,2.0219998529542743e-06,0.0006780231506118787,113.38927867256818,2.3179366180618384e-06,0.08513044699427397,4.168791778496092e+28,7789772293.110485,0.1501650749306419,True,6.183160756830353e-05,0.1,0.09759000729485333
True,0.04076959831771378,1.707061307785817e-29,7.433122321329314e-19,2.0980500914943576,2.074994252201818e-18,1.3316820200688866e-18,2.601956383304847e+25,0.0006328359044041918,0.0006027008613373255,2.0219998529542743e-06,0.0006232388981709256,104.2274279875442,2.3179366180618384e-06,0.08513044699427397,4.933897773871526e+28,7789772293.110485,0.1501650749306419,True,5.6835615329992865e-05,0.1,0.09759000729485333
True,0.044353347619480454,1.4423450730926317e-29,6.280458299280586e-19,2.0980500914943576,1.7532221735145395e-18,1.125176343586481e-18,3.64468415683623e+25,0.0007489814377565801,0.0007133156550062667,2.021999852954274e-06,0.0005728812118624202,95.8058545929073,2.3179366180618384e-06,0.08513044699427397,5.83942507481061e+28,7789772293.110485,0.1501650749306419,True,5.224329913095853e-05,0.1,0.09759000729485336
True,0.048252117416612984,1.2186787319155905e-29,5.306539398096214e-19,2.0980500914943576,1.4813477128630054e-18,9.506937730533844e-19,5.105282582108796e+25,0.0008864433737084886,0.0008442317844842748,2.021999852954274e-06,0.0005265924252612152,88.06474410338721,2.3179366180618384e-06,0.08513044699427397,6.911145460877721e+28,7789772293.110485,0.1501650749306419,True,4.802204195802017e-05,0.1,0.09759000729485336
True,0.05249359879577628,1.029696623457049e-29,4.483647377576401e-19,2.0980500914943576,1.2516331812103115e-18,8.032684434526714e-19,7.151212319535591e+25,0.001049133950696208,0.0009991751911392456,2.0219998529542743e-06,0.00048404377137975204,80.94911513444423,2.3179366180618384e-06,0.08513044699427397,8.17956065357339e+28,7789772293.110485,0.1501650749306419,True,4.414186225179036e-05,0.1,0.09759000729485333
True,0.05710791695916732,8.700202182836525e-30,3.788362301363475e-19,2.0980500914943576,1.0575407831014218e-18,6.787045529650743e-19,1.0017043487131274e+26,0.0012416834274463183,0.0011825556451869697,2.0219998529542743e-06,0.0004449330475942761,74.40842879593932,2.3179366180618384e-06,0.08513044699427397,9.680770411246557e+28,7789772293.110485,0.1501650749306419,True,4.05752009620785e-05,0.1,0.09759000729485333
True,0.06212784518933688,7.351050425717046e-30,3.200895993330693e-19,2.0980500914943576,8.935465475925617e-19,5.734569482594925e-19,1.4031349614521767e+26,0.0014695718625555,0.001399592250052857,2.0219998529542747e-06,0.00040898246924495285,68.39622973870554,2.3179366180618384e-06,0.08513044699427397,1.1457499947057014e+29,7789772293.110485,0.1501650749306419,True,3.729672580921258e-05,0.1,0.09759000729485331
True,0.0675890376220525,6.2111134001045504e-30,2.704528855762537e-19,2.0980500914943576,7.549831131552822e-19,4.845302275790284e-19,1.965437928445323e+26,0.0017392850798181462,0.0016564619807791867,2.0219998529542747e-06,0.00037593669666503463,62.869816204546474,2.3179366180618384e-06,0.08513044699427397,1.3560315910839568e+29,7789772293.110485,0.1501650749306419,True,3.428315136104077e-05,0.1,0.09759000729485331
True,0.07353028248047594,5.247947903335924e-30,2.2851340208780605e-19,2.0980500914943576,6.379068921315457e-19,4.0939349004373968e-19,2.7530824594189085e+26,0.002058499258156393,0.0019604754839584694,2.0219998529542743e-06,0.0003455610216260207,57.789936736186355,2.3179366180618384e-06,0.08513044699427397,1.6049065542348104e+29,7789772293.110485,0.1501650749306419,True,3.1513073647706546e-05,0.1,0.09759000729485333
True,0.07999377756925682,4.434141742713026e-30,1.9307752928012382e-19,2.0980500914943576,5.389858341708778e-19,3.4590830489075393e-19,3.856373645112031e+26,0.002436299399678337,0.002320285142550797,2.0219998529542747e-06,0.00031763970031799596,53.120511393047536,2.3179366180618384e-06,0.08513044699427397,1.899457995493256e+29,7789772293.110485,0.1501650749306419,True,2.8966818139545352e-05,0.1,0.09759000729485331
True,0.08702542998524213,3.7465335701926394e-30,1.6313674371970843e-19,2.0980500914943576,4.5540459433846435e-19,2.9226785061875584e-19,5.401806124562495e+26,0.002883437893579301,0.0027461313272183815,2.0219998529542747e-06,0.00029197442102511974,48.828375492786655,2.3179366180618384e-06,0.08513044699427397,2.248069002599005e+29,7789772293.110485,0.1501650749306419,True,2.6626300008363674e-05,0.1,0.09759000729485331
True,0.09467518217350566,3.16555369833355e-30,1.3783891502391172e-19,2.0980500914943576,3.8478440692901387e-19,2.469454919051022e-19,7.566566959699577e+26,0.003412640534749856,0.0032501338426189105,2.021999852954274e-06,0.0002683828956128883,44.88304405850683,2.3179366180618384e-06,0.08513044699427397,2.6606612267485824e+29,7789772293.110485,0.1501650749306419,True,2.447489567960241e-05,0.1,0.09759000729485336
True,0.1029973666445142,2.6746671367789122e-30,1.1646405378553498e-19,2.0980500914943576,3.2511538455335195e-19,2.0865133076781696e-19,1.0598850502109478e+27,0.0040389687065397846,0.003846636863371223,2.0219998529542743e-06,0.00024669756482319244,41.256495298629474,2.3179366180618384e-06,0.08513044699427397,3.148977257966307e+29,7789772293.110485,0.1501650749306419,True,2.249732476308238e-05,0.1,0.09759000729485333
True,0.11205109187181692,2.25990299780134e-30,9.84038202985491e-20,2.0980500914943576,2.7469931569439557e-19,1.7629549539584644e-19,1.4846314393882864e+27,0.004780248035588492,0.004552617176750945,2.0219998529542747e-06,0.00022676440818149746,37.9229715815862,2.3179366180618384e-06,0.08513044699427397,3.72691482534466e+29,7789772293.110485,0.1501650749306419,True,2.067954152374233e-05,0.1,0.09759000729485331
True,0.1219006621111034,1.909456877547016e-30,8.31442108925786e-20,2.0980500914943576,2.321013327211099e-19,1.489571218285313e-19,2.0795939242481545e+27,0.005657575718462068,0.005388167350916255,2.0219998529542743e-06,0.0002084418500634932,34.85879649175068,2.3179366180618384e-06,0.08513044699427397,4.410922333667246e+29,7789772293.110485,0.1501650749306419,True,1.9008635121538395e-05,0.1,0.09759000729485333
True,0.13261603412240283,1.6133548965415035e-30,7.025092912019337e-20,2.0980500914943576,1.9610907480689685e-19,1.2585814568670348e-19,2.912986196460795e+27,0.006695920958877807,0.006377067579883626,2.0219998529542743e-06,0.00019159975415152897,32.04220666724628,2.3179366180618384e-06,0.08513044699427397,5.2204669935930526e+29,7789772293.110485,0.1501650749306419,True,1.7472737911957102e-05,0.1,0.09759000729485333
True,0.14427331403930435,1.3631698378746687e-30,5.935702545336111e-20,2.0980500914943576,1.656981835077548e-19,1.0634115805439368e-19,4.080358420858053e+27,0.007924835604273124,0.007547462480260118,2.0219998529542743e-06,0.00017611849913893942,29.453197225253852,2.3179366180618384e-06,0.08513044699427397,6.178588868631516e+29,7789772293.110485,0.1501650749306419,True,1.6060941155844246e-05,0.1,0.09759000729485333
True,0.15695529791421722,1.1517813042094342e-30,5.0152453708376805e-20,2.0980500914943576,1.4000314898637214e-19,8.985069527799534e-20,5.715552261420164e+27,0.009379295206806077,0.008932662101720073,2.0219998529542743e-06,0.00016188812911744065,27.073379676951372,2.3179366180618384e-06,0.08513044699427397,7.312556607374097e+29,7789772293.110485,0.1501650749306419,True,1.476321753987772e-05,0.1,0.09759000729485333
True,0.1707520597789095,9.731730675575248e-31,4.2375246969665176e-20,2.0980500914943576,1.1829267715045876e-19,7.59174301807936e-20,8.006046107624916e+27,0.011100694445823048,0.010572089948402903,2.0219998529542743e-06,0.00014880757261319776,24.885851322921912,2.3179366180618384e-06,0.08513044699427397,8.654643523464337e+29,7789772293.110485,0.1501650749306419,True,1.3570349957383707e-05,0.1,0.09759000729485333
True,0.18576159139703224,8.222618442911564e-31,3.5804061874647495e-20,2.0980500914943576,9.994887664123014e-20,6.414481476658265e-20,1.12144498634135e+28,0.013138025242036132,0.012512404992415363,2.0219998529542747e-06,0.00013678392472475935,22.8750752014095,2.3179366180618384e-06,0.08513044699427397,1.024304611094702e+30,7789772293.110485,0.1501650749306419,True,1.2473866043661187e-05,0.1,0.09759000729485331
True,0.2020904982524852,6.947526222381083e-31,3.025187906612726e-20,2.0980500914943576,8.444967332286889e-20,5.419779425674163e-20,1.5708613721227276e+28,0.015549271093154632,0.01480882961252822,2.0219998529542747e-06,0.00012573178726422727,21.026769736752634,2.3179366180618384e-06,0.08513044699427397,1.2122971136422818e+30,7789772293.110485,0.1501650749306419,True,1.1465978000850465e-05,0.1,0.09759000729485331
True,0.21985475671689472,5.870164223938063e-31,2.556068052378202e-20,2.0980500914943576,7.135395178015779e-20,4.579327125637577e-20,2.200380295495119e+28,0.01840305731449053,0.017526721251895742,2.0219998529542747e-06,0.00011557266221500222,19.327807304221402,2.3179366180618384e-06,0.08513044699427397,1.4347922247218413e+30,7789772293.110485,0.1501650749306419,True,1.0539527284950676e-05,0.1,0.09759000729485331
True,0.23918053777399972,4.959870162849487e-31,2.159695228883806e-20,2.0980500914943576,6.028900094355176e-20,3.8692048654713696e-20,3.082177415987105e+28,0.021780604151246653,0.020743432524996813,2.0219998529542743e-06,0.00010623439419812729,17.76612099081308,2.3179366180618384e-06,0.08513044699427397,1.6981222713112063e+30,7789772293.110485,0.1501650749306419,True,9.687933762124828e-06,0.1,0.09759000729485333
True,0.26020510315146445,4.190736595069435e-31,1.8247884587124987e-20,2.0980500914943576,5.0939906537627073e-20,3.2692021950502083e-20,4.317352615395668e+28,0.02577803834908266,0.02455051271341206,2.0219998529542747e-06,9.76506579873361e-05,16.330618889772925,2.3179366180618384e-06,0.08513044699427397,2.0097817639638847e+30,7789772293.110485,0.1501650749306419,True,8.905148973174024e-06,0.1,0.09759000729485331
True,0.28307778022491015,3.5408735778608674e-31,1.5418161204029306e-20,2.0980500914943576,4.3040588456454216e-20,2.7622427252424913e-20,6.047521310415588e+28,0.030509128971463313,0.029056313306155535,2.0219998529542743e-06,8.976048743287134e-05,15.011105320115435,2.3179366180618384e-06,0.08513044699427397,2.3786406944906746e+30,7789772293.110485,0.1501650749306419,True,8.185613174240936e-06,0.1,0.09759000729485333
True,0.307961022618444,2.9917856706012885e-31,1.3027246735282369e-20,2.0980500914943576,3.636622798491979e-20,2.3338981249637427e-20,8.471050955975544e+28,0.036108525326579405,0.03438907173959943,2.0219998529542743e-06,8.250784244824555e-05,13.798208411606057,2.3179366180618384e-06,0.08513044699427397,2.8151969805557323e+30,7789772293.110485,0.1501650749306419,True,7.524215848623202e-06,0.1,0.09759000729485333
True,0.33503156403461193,2.527845544890252e-31,1.1007094507325178e-20,2.0980500914943576,3.072686934076631e-20,1.9719774833441133e-20,1.1865804288303183e+29,0.042735589156929335,0.04070056110183746,2.0219998529542747e-06,7.584121098446161e-05,12.683313540874684,2.3179366180618384e-06,0.08513044699427397,3.331875241891933e+30,7789772293.110485,0.1501650749306419,True,6.916259409231423e-06,0.1,0.09759000729485331
True,0.36448167350888566,2.1358492226273796e-31,9.300209933466192e-21,2.0980500914943576,2.5962013433893594e-20,1.66618035004274e-20,1.6620996868044414e+29,0.05057893015767933,0.04817040967398031,2.0219998529542743e-06,6.97132431647039e-05,11.658502145889162,2.3179366180618384e-06,0.08513044699427397,3.9433804114627056e+30,7789772293.110485,0.1501650749306419,True,6.357425833887406e-06,0.1,0.09759000729485333
True,0.3965205210041451,1.8046402839047027e-31,7.858014187938687e-21,2.0980500914943576,2.1936049978492915e-20,1.407803579055423e-20,2.328182145730024e+29,0.05986177390702014,0.05701121324478108,2.0219998529542743e-06,6.40804149809375e-05,10.716495484217816,2.3179366180618384e-06,0.08513044699427397,4.667116245528418e+30,7789772293.110485,0.1501650749306419,True,5.843745996489503e-06,0.1,0.09759000729485333
True,0.43137566304431935,1.5247923494737316e-31,6.639461627166953e-21,2.0980500914943576,1.8534397953540135e-20,1.1894936326373183e-20,3.2611955508621746e+29,0.07084831498261987,0.06747458569773321,2.0219998529542743e-06,5.890271916381298e-05,9.85060293562283,2.3179366180618384e-06,0.08513044699427397,5.52368064363229e+30,7789772293.110485,0.1501650749306419,True,5.3715714762189544e-06,0.1,0.09759000729485333
True,0.4692946589389276,1.2883408010725747e-31,5.609871609329093e-21,2.0980500914943576,1.566024456713944e-20,1.0050372957810347e-20,4.5681118380144656e+29,0.08385123607718334,0.07985832007350793,2.0219998529542743e-06,5.414338103027469e-05,9.054674481802717,2.3179366180618384e-06,0.08513044699427397,6.537451875571083e+30,7789772293.110485,0.1501650749306419,True,4.9375486445616095e-06,0.1,0.09759000729485333
True,0.5105468290777841,1.088556104233604e-31,4.739941465191536e-21,2.0980500914943576,1.3231789913941008e-20,8.491848448749474e-21,6.398771689447105e+29,0.09924060711106991,0.09451486391530467,2.0219998529542743e-06,4.9768597290674685e-05,8.323057025770332,2.3179366180618384e-06,0.08513044699427397,7.737282399676104e+30,7789772293.110485,0.1501650749306419,True,4.538594846097602e-06,0.1,0.09759000729485333
True,0.5554251677841955,9.197522822204607e-32,4.004912528850001e-21,2.0980500914943576,1.1179918907144579e-20,7.175006378294578e-21,8.96306408108137e+29,0.11745441761536167,0.11186135010986825,2.0219998529542743e-06,4.57472959602645e-05,7.650554240623897,2.3179366180618384e-06,0.08513044699427397,9.157320018835057e+30,7789772293.110485,0.1501650749306419,True,4.171876503882544e-06,0.1,0.09759000729485333
True,0.6042484243127103,7.771250901627446e-32,3.3838654931768393e-21,2.0980500914943576,9.446234227059391e-21,6.0623687338825515e-21,1.2554990492013105e+30,0.13901104214249557,0.13239146870713864,2.0219998529542743e-06,4.205091566983285e-05,7.032389662536406,2.3179366180618384e-06,0.08513044699427397,1.0837979744783212e+31,7789772293.110485,0.1501650749306419,True,3.834788993913415e-06,0.1,0.09759000729485333
True,0.6573633667717687,6.566152837397318e-32,2.8591250354226645e-21,2.0980500914943576,7.981394302908994e-21,5.122269267486331e-21,1.7586372788213087e+30,0.164523993476558,0.1566895175967219,2.0219998529542743e-06,3.865320280803696e-05,6.464172765830353,2.3179366180618384e-06,0.08513044699427397,1.2827094030429447e+31,7789772293.110485,0.1501650749306419,True,3.5249381457369925e-06,0.1,0.09759000729485333
True,0.7151472450507887,5.547930909685586e-32,2.4157567683064685e-21,2.0980500914943576,6.7437090259764614e-21,4.3279522576699926e-21,2.4634069459690262e+30,0.1947193835273017,0.1854470319307635,2.0219998529542743e-06,3.5530025054628626e-05,5.941867779185581,2.3179366180618384e-06,0.08513044699427397,1.518127410642894e+31,7789772293.110485,0.1501650749306419,True,3.24012323780866e-06,0.1,0.09759000729485333
True,0.7780104702446848,4.687605991036459e-32,2.04114219955959e-21,2.0980500914943576,5.697953227352901e-21,3.656811027793311e-21,3.450611365133608e+30,0.23045658885404338,0.2194824655752794,2.0219998529542743e-06,3.2659199980190434e-05,5.4617650214966975,2.3179366180618384e-06,0.08513044699427397,1.7967521166352108e+31,7789772293.110485,0.1501650749306419,True,2.9783213668257632e-06,0.1,0.09759000729485333
True,0.846399529606477,3.960692785275908e-32,1.724619603050377e-21,2.0980500914943576,4.8143641512469184e-21,3.0897445481965413e-21,4.8334355850837666e+30,0.2727527089710354,0.2597644847343194,2.0219998529542743e-06,3.0020337495008832e-05,5.020454553792439,2.3179366180618384e-06,0.08513044699427397,2.1265133255620416e+31,7789772293.110485,0.1501650749306419,True,2.7376730800184186e-06,0.1,0.09759000729485333
True,0.9208001577315016,3.3465029632040654e-32,1.4571805804942931e-21,2.0980500914943576,4.067794391422081e-21,2.610613810927788e-21,6.770423291134513e+30,0.32281151353044985,0.3074395366956665,2.0219998529542743e-06,2.7594695028073933e-05,4.614801960079251,2.3179366180618384e-06,0.08513044699427397,2.5167962135263355e+31,7789772293.110485,0.1501650749306419,True,2.51646916835083e-06,0.1,0.09759000729485333
True,1.0017407864966161,2.8275563619492987e-32,1.231213677737408e-21,2.0980500914943576,3.4369961828914145e-21,2.2057825051540066e-21,9.483654169840833e+30,0.3820577022349058,0.3638644783189579,2.021999852954274e-06,2.5365044407612314e-05,4.241926085092044,2.3179366180618384e-06,0.08513044699427397,2.978708435201717e+31,7789772293.110485,0.1501650749306419,True,2.3131385268315938e-06,0.1,0.09759000729485336
True,1.089796298257657,2.3890834904103028e-32,1.0402877587988947e-21,2.0980500914943576,2.90401667943705e-21,1.863728920638155e-21,1.3284205808949884e+31,0.45217745253453234,0.4306451928900308,2.0219998529542743e-06,2.3315549497669283e-05,3.89917857083413,2.3179366180618384e-06,0.08513044699427397,3.5253962534813604e+31,7789772293.110485,0.1501650749306419,True,2.12623699571061e-06,0.1,0.09759000729485333
True,1.1855921089623183,2.0186051818313493e-32,8.78968972384689e-22,2.0980500914943576,2.453687006237502e-21,1.574718033852813e-21,1.8607819392627744e+31,0.5351664091171924,0.509682294397326,2.021999852954275e-06,2.1431653721651713e-05,3.584125046564117,2.3179366180618384e-06,0.08513044699427397,4.172418688980821e+31,7789772293.110485,0.1501650749306419,True,1.9544371033069612e-06,0.1,0.09759000729485329
True,1.2898086101788073,1.7055774302038176e-32,7.426661016438524e-22,2.0980500914943576,2.0731905457739493e-21,1.3305244441300967e-21,2.606485833841688e+31,0.6333864809977835,0.603225219997889,2.021999852954274e-06,1.969997667396611e-05,3.294527838631446,2.3179366180618384e-06,0.08513044699427397,4.938190337884667e+31,7789772293.110485,0.1501650749306419,True,1.7965186376160676e-06,0.1,0.09759000729485336
True,1.4031860015899118,1.44109130235241e-32,6.274998957408991e-22,2.0980500914943576,1.751698170206824e-21,1.1241982744659248e-21,3.651028773800882e+31,0.7496330626814525,0.7139362501728118,2.0219998529542747e-06,1.8108219085433216e-05,3.0283300773567006,2.3179366180618384e-06,0.08513044699427397,5.8445054609641875e+31,7789772293.110485,0.1501650749306419,True,1.65135997973069e-06,0.1,0.09759000729485331
True,1.5265295482753287,1.2176193850475557e-32,5.301926643525005e-22,2.0980500914943576,1.4800600387459515e-21,9.49867374393451e-22,5.114169789089142e+31,0.8872145925500748,0.8449662786191189,2.0219998529542747e-06,1.664507546749452e-05,2.783641088075552,2.3179366180618384e-06,0.08513044699427397,6.917158259613043e+31,7789772293.110485,0.1501650749306419,True,1.5179301375213046e-06,0.1,0.09759000729485331
True,1.6607153001222132,1.02880155089648e-32,4.479749928903158e-22,2.0980500914943576,1.2505451884065303e-21,8.025701955162146e-22,7.163661053375878e+31,1.0500467127452255,1.0000444883287862,2.021999852954274e-06,1.53001538147648e-05,2.5587229625860046,2.3179366180618384e-06,0.08513044699427397,8.186676992280446e+31,7789772293.110485,0.1501650749306419,True,1.3952814229948882e-06,0.1,0.09759000729485336
True,1.8066963139861723,8.69263945798354e-33,3.7850692351649507e-22,2.0980500914943576,1.056621506767915e-21,6.7811458325142e-22,1.003448102116969e+32,1.242763710387038,1.1835844860828932,2.0219998529542743e-06,1.4063901795616123e-05,2.351978215622318,2.3179366180618384e-06,0.08513044699427397,9.689192824638837e+31,7789772293.110485,0.1501650749306419,True,1.2825427213229149e-06,0.1,0.09759000729485333
True,1.9655094227957095,7.344660462520613e-33,3.1981135872242895e-22,2.0980500914943576,8.927698246451252e-22,5.729584659226962e-22,1.4055775198459916e+32,1.4708504118041905,1.4008099160039909,2.0219998529542747e-06,1.2927538906560681e-05,2.1619384386855116,2.3179366180618384e-06,0.08513044699427397,1.1467468141415143e+32,7789772293.110485,0.1501650749306419,True,1.1789133037317142e-06,0.1,0.09759000729485331
True,2.138282599677844,6.205714336877242e-33,2.702177921018359e-22,2.0980500914943576,7.543268376534686e-22,4.841090455516326e-22,1.9688593362510824e+32,1.740798283553684,1.6579031271939846,2.0219998529542743e-06,1.1882994108557652e-05,1.9872538706440497,2.3179366180618384e-06,0.08513044699427397,1.3572113586177248e+32,7789772293.110485,0.1501650749306419,True,1.083657140311113e-06,0.1,0.09759000729485333
True,2.3262429694086837,5.243386079920599e-33,2.2831476486663674e-22,2.0980500914943576,6.373523861320725e-22,4.0903762126543573e-22,2.757874988188335e+32,2.0602901829468157,1.962181126616015,2.0219998529542743e-06,1.0922848502304993e-05,1.82668381102975,2.3179366180618384e-06,0.08513044699427397,1.6063028466662515e+32,7789772293.110485,0.1501650749306419,True,9.960976723480066e-07,0.1,0.09759000729485333
True,2.53072552409051,4.430287327234563e-33,1.9290969499322414e-22,2.0980500914943576,5.385173161436149e-22,3.456076211503908e-22,3.863086768279347e+32,2.4384190161778267,2.3223038249312635,2.0219998529542743e-06,1.0040282635365878e-05,1.679087807939081,2.3179366180618384e-06,0.08513044699427397,1.9011105520336655e+32,7789772293.110485,0.1501650749306419,True,9.156130070552181e-07,0.1,0.09759000729485333
True,2.753182604958582,3.743276863974967e-33,1.6299493571568318e-22,2.0980500914943576,4.55008730015844e-22,2.9201379430016085e-22,5.4112095157214745e+32,2.8859465271796263,2.7485205020758343,2.0219998529542747e-06,9.229028066878045e-06,1.5434175579518243,2.3179366180618384e-06,0.08513044699427397,2.2500248558699664e+32,7789772293.110485,0.1501650749306419,True,8.416315005661469e-07,0.1,0.09759000729485331
True,2.9951942176623927,3.162802013818094e-33,1.3771909737295914e-22,2.0980500914943576,3.844499298058197e-22,2.467308324328606e-22,7.579738737288763e+32,3.4156095824724977,3.252961507116664,2.0219998529542743e-06,8.483322845833295e-06,1.4187094605360857,2.3179366180618384e-06,0.08513044699427397,2.662976041354912e+32,7789772293.110485,0.1501650749306419,True,7.736276978233292e-07,0.1,0.09759000729485333
True,3.2584792542858563,2.6723421595883034e-33,1.1636281641477816e-22,2.0980500914943576,3.2483277523609953e-22,2.0846995882132139e-22,1.0617300837943203e+33,4.042482669032422,3.849983494316592,2.0219998529542743e-06,7.797870586710844e-06,1.3040777740571854,2.3179366180618384e-06,0.08513044699427397,3.1517169147397674e+32,7789772293.110485,0.1501650749306419,True,7.111186005238955e-07,0.1,0.09759000729485333
True,3.5449077018110318,2.257938557871378e-33,9.831828193958265e-23,2.0980500914943576,2.7446053097442823e-22,1.7614224903484555e-22,1.4872158657504104e+33,4.7844069220575225,4.556578021007164,2.0219998529542747e-06,7.167802851798382e-06,1.198708324780845,2.3179366180618384e-06,0.08513044699427397,3.7301572963467835e+32,7789772293.110485,0.1501650749306419,True,6.536602366149351e-07,0.1,0.09759000729485331
True,1e-06,6.979280608483027e-21,4.942015876079407e-10,2.0980500914943576,8.483565927629194e-10,3.541550051549789e-10,9417904.490593484,6.091696091268281e-14,5.80161532501741e-14,8.087999411817098e-07,10.163679813761267,1699724.149096247,2.3179366180618384e-06,0.08513044699427397,1.8552280381996584e+20,7789772293.110485,0.1501650749306419,True,2.317165207143905,0.25,0.2439750182371333
True,1.0879024922894468e-06,5.896994415762058e-21,4.175650995953011e-10,2.0980500914943576,7.168008238581525e-10,2.9923572426285146e-10,13192107.103603711,7.209716239330428e-14,6.866396418409931e-14,8.087999411817097e-07,9.342454756558386,1562386.4832952502,2.3179366180618384e-06,0.08513044699427397,2.195721440181763e+20,7789772293.110485,0.1501650749306419,True,2.1299383203613442,0.25,0.24397501823713333
True,1.1835318327295895e-06,4.982539761657083e-21,3.5281273223743154e-10,2.0980500914943576,6.05645580486829e-10,2.5283284824939747e-10,18478812.352235317,8.532928674195024e-14,8.126598737328594e-14,8.087999411817098e-07,8.587584662020188,1436145.6972189406,2.3179366180618384e-06,0.08513044699427397,2.5987062202619757e+20,7789772293.110485,0.1501650749306419,True,1.9578393610248799,0.25,0.2439750182371333
True,1.287567230530417e-06,4.2098907894735785e-21,2.9810159936614166e-10,2.0980500914943576,5.117273264125253e-10,2.136257270463836e-10,25884152.03632221,1.00989927123209e-13,9.618088297448477e-14,8.087999411817096e-07,7.893708050937508,1320105.1632822624,2.3179366180618384e-06,0.08513044699427397,3.075651535592441e+20,7789772293.110485,0.1501650749306419,True,1.7996459930013455,0.25,0.24397501823713336
True,1.4007475990842613e-06,3.5570575062305426e-21,2.518745935870836e-10,2.0980500914943576,4.323730991099108e-10,1.8049850552282716e-10,36257163.81921035,1.1952479353535932e-13,1.138331367003422e-13,8.087999411817098e-07,7.255896651477947,1213440.7013850615,2.3179366180618384e-06,0.08513044699427397,3.640131498757298e+20,7789772293.110485,0.1501650749306419,True,1.654234644884454,0.25,0.2439750182371333
True,1.5238768041122235e-06,3.0054599359840497e-21,2.1281607019068016e-10,2.0980500914943576,3.6532443585630207e-10,1.525083656656219e-10,50787135.169363216,1.41461397949529e-13,1.3472514090431333e-13,8.087999411817097e-07,6.669620396041395,1115394.72515724,2.3179366180618384e-06,0.08513044699427397,4.308211504100916e+20,7789772293.110485,0.1501650749306419,True,1.5205725298075086,0.25,0.24397501823713333
True,1.6578293731357647e-06,2.5393993240152504e-21,1.798144032170733e-10,2.0980500914943576,3.086730967039148e-10,1.288586934868415e-10,71139957.65285335,1.674240675756959e-13,1.594514929292342e-13,8.087999411817099e-07,6.130715246368682,1025270.8611871433,2.3179366180618384e-06,0.08513044699427397,5.098905457235257e+20,7789772293.110485,0.1501650749306419,True,1.3977103100550172,0.25,0.24397501823713327
True,1.8035567068250495e-06,2.1456113420782366e-21,1.5193034800117357e-10,2.0980500914943576,2.608067549750811e-10,1.0887640697390753e-10,99649124.88119036,1.9815171354090598e-13,1.887159176580057e-13,8.087999411817097e-07,5.635353618380668,942429.0030161636,2.3179366180618384e-06,0.08513044699427397,6.03471692071655e+20,7789772293.110485,0.1501650749306419,True,1.2847753543735272,0.25,0.24397501823713333
True,1.9620938363403183e-06,1.8128885786956785e-21,1.283703097793114e-10,2.0980500914943576,2.2036310960355017e-10,9.199279982423876e-11,139583272.4281751,2.345188606855771e-13,2.233512958910258e-13,8.087999411817098e-07,5.180017196689471,866280.7647704346,2.3179366180618384e-06,0.08513044699427397,7.142279577179925e+20,7789772293.110485,0.1501650749306419,True,1.1809655400915293,0.25,0.2439750182371333
True,2.134566774660394e-06,1.531761570379225e-21,1.0846375756810008e-10,2.0980500914943576,1.8619111333518154e-10,7.772735576708145e-11,195520933.7260907,2.7756053699685653e-13,2.6434336856843475e-13,8.087999411817098e-07,4.761471945696471,796285.3021389646,2.3179366180618384e-06,0.08513044699427397,8.453115237846872e+20,7789772293.110485,0.1501650749306419,True,1.0855435560279258,0.25,0.2439750182371333
True,2.322200514111288e-06,1.2942292957566761e-21,9.164414050270976e-11,2.0980500914943576,1.5731821332238051e-10,6.567407281967077e-11,273875478.4875344,3.285017310452984e-13,3.1285879147171276e-13,8.087999411817097e-07,4.3767451397929475,731945.4710166298,2.3179366180618384e-06,0.08513044699427397,1.0004530969723331e+21,7789772293.110485,0.1501650749306419,True,0.9978316657253388,0.25,0.24397501823713333
True,2.526327726897505e-06,1.093531462328127e-21,7.743276350358073e-11,2.0980500914943576,1.3292267176249598e-10,5.5489908258915253e-11,383630418.9394671,3.887922557988849e-13,3.7027833885608084e-13,8.087999411817098e-07,4.023104249519886,672804.2965287084,2.3179366180618384e-06,0.08513044699427397,1.184068087419659e+21,7789772293.110485,0.1501650749306419,True,0.9172068938140241,0.25,0.2439750182371333
True,2.7483982304317225e-06,9.239561050133399e-22,6.542516336463648e-11,2.0980500914943576,1.1231017881110625e-10,4.6885015446469763e-11,537369388.2651433,4.601480110567236e-13,4.3823620100640343e-13,8.087999411817097e-07,3.698037533725503,618441.7273581389,2.3179366180618384e-06,0.08513044699427397,1.4013822735804035e+21,7789772293.110485,0.1501650749306419,True,0.8430966013174593,0.25,0.24397501823713333
True,2.989989284690576e-06,7.806770206445668e-22,5.527959751935515e-11,2.0980500914943576,9.489409216149625e-11,3.961449464214109e-11,752718880.433778,5.445998188528395e-13,5.186664941455614e-13,8.087999411817096e-07,3.3992361998759026,568471.6523230434,2.3179366180618384e-06,0.08513044699427397,1.6585805306053748e+21,7789772293.110485,0.1501650749306419,True,0.7749744184731084,0.25,0.24397501823713336
True,3.2528167947336175e-06,6.596164117057036e-22,4.67073178689781e-11,2.0980500914943576,8.01787408984524e-11,3.347142302947429e-11,1054369164.5530075,6.445512217111038e-13,6.138583063915275e-13,8.087999411817098e-07,3.1245780058122206,522539.15801472066,2.3179366180618384e-06,0.08513044699427397,1.9629828551169936e+21,7789772293.110485,0.1501650749306419,True,0.7123565061811801,0.25,0.2439750182371333
True,3.5387474979516724e-06,5.573288300868295e-22,3.946435286092525e-11,2.0980500914943576,6.774531844533107e-11,2.828096558440583e-11,1476905075.7961044,7.628468887198389e-13,7.265208463998465e-13,8.087999411817097e-07,2.872112186485272,480318.00801840064,2.3179366180618384e-06,0.08513044699427397,2.3232526961333785e+21,7789772293.110485,0.1501650749306419,True,0.6547981195282075,0.25,0.24397501823713333
True,3.849812222604668e-06,4.709031178328831e-22,3.3344563931084393e-11,2.0980500914943576,5.7239963110320004e-11,2.389539917923561e-11,2068771238.9967504,9.02853576298656e-13,8.598605488558627e-13,8.087999411817098e-07,2.6400455986096967,441508.3258129054,2.3179366180618384e-06,0.08513044699427397,2.7496435213486963e+21,7789772293.110485,0.1501650749306419,True,0.6018904489778414,0.25,0.2439750182371333
True,4.188220311817992e-06,3.9787955406897235e-22,2.8173778692696016e-11,2.0980500914943576,4.8363686998014195e-11,2.0189908305318185e-11,2897826346.0792713,1.0685559478432127e-12,1.0176723312792502e-12,8.087999411817097e-07,2.4267299848296395,405834.464891949,2.3179366180618384e-06,0.08513044699427397,3.2542906361748657e+21,7789772293.110485,0.1501650749306419,True,0.553257716793338,0.25,0.24397501823713333
True,4.556375315484077e-06,3.361798500605932e-22,2.3804833899328753e-11,2.0980500914943576,4.086386665787656e-11,1.7059032758547806e-11,4059123296.833657,1.2646699793249814e-12,1.204447599357125e-12,8.087999411817098e-07,2.230650266939535,373043.05097958446,2.3179366180618384e-06,0.08513044699427397,3.8515565608667804e+21,7789772293.110485,0.1501650749306419,True,0.5085545080690362,0.25,0.2439750182371333
True,4.956892061521242e-06,2.8404800003161607e-22,2.0113387102083645e-11,2.0980500914943576,3.452705328899508e-11,1.4413666186911432e-11,5685807212.426739,1.4967771784285877e-12,1.425502074693893e-12,8.087999411817098e-07,2.050413785012315,342901.1824345861,2.3179366180618384e-06,0.08513044699427397,4.558439795344337e+21,7789772293.110485,0.1501650749306419,True,0.4674633174144163,0.25,0.2439750182371333
True,5.392615227738732e-06,2.400003043234704e-22,1.6994377798606373e-11,2.0980500914943576,2.9172897875813824e-11,1.2178520077207448e-11,7964380801.662729,1.77148343717341e-12,1.6871270830222953e-12,8.087999411817098e-07,1.8847404060057829,315194.77606211236,2.3179366180618384e-06,0.08513044699427397,5.39505860537138e+21,7789772293.110485,0.1501650749306419,True,0.42969229386602353,0.25,0.2439750182371333
True,5.866639546214977e-06,2.0278314252854232e-22,1.4359037356360883e-11,2.0980500914943576,2.4649018361028977e-11,1.0289981004668093e-11,11156087286.121761,2.09660703904795e-12,1.9967686086170952e-12,8.087999411817096e-07,1.7324534315933282,289727.04658374144,2.3179366180618384e-06,0.08513044699427397,6.385223598898707e+21,7789772293.110485,0.1501650749306419,True,0.3949731680104477,0.25,0.24397501823713336
True,6.3823317836911014e-06,1.7133729479912834e-22,1.213236261102037e-11,2.0980500914943576,2.0826662772712026e-11,8.694300161691659e-12,15626862481.209503,2.481401171438178e-12,2.3632392108935024e-12,8.087999411817096e-07,1.5924712406416592,266317.1089662849,2.3179366180618384e-06,0.08513044699427397,7.557115388392812e+21,7789772293.110485,0.1501650749306419,True,0.36305934659570704,0.25,0.24397501823713336
True,6.943354654095699e-06,1.4476779589778475e-22,1.0250981237267945e-11,2.0980500914943576,1.7597044875995703e-11,7.346063638727756e-12,21889290101.774136,2.936817276169578e-12,2.796968834447217e-12,8.087999411817097e-07,1.4637996069761439,244798.69368240103,2.3179366180618384e-06,0.08513044699427397,8.944086625773526e+21,7789772293.110485,0.1501650749306419,True,0.33372416109798897,0.25,0.24397501823713333
True,7.55369283304024e-06,1.2231846401959936e-22,8.661348139344951e-12,2.0980500914943576,1.4868248060055548e-11,6.206899920710598e-12,30661370555.719,3.4758167332569017e-12,3.3103016507208587e-12,8.087999411817098e-07,1.3455246378704744,225018.9657781114,2.3179366180618384e-06,0.08513044699427397,1.0585611236293955e+22,7789772293.110485,0.1501650749306419,True,0.30675925780414387,0.25,0.2439750182371333
True,8.217681259053408e-06,1.0335037946338563e-22,7.318221529681384e-12,2.0980500914943576,1.2562609343396178e-11,5.244387813714795e-12,42948841190.55625,4.1137397485437175e-12,3.917847379565445e-12,8.087999411817099e-07,1.2368062831061932,206837.43935963244,2.3179366180618384e-06,0.08513044699427397,1.2528407867053914e+22,7789772293.110485,0.1501650749306419,True,0.28197311797547353,0.25,0.24397501823713327
True,8.940035922564481e-06,8.732370064354566e-23,6.183375324010769e-12,2.0980500914943576,1.0614509044866943e-11,4.431133720856175e-12,60160486181.1229,4.868741943966506e-12,4.63689708949191e-12,8.087999411817098e-07,1.1368723685000337,190124.97978964215,2.3179366180618384e-06,0.08513044699427397,1.4827769524078133e+22,7789772293.110485,0.1501650749306419,True,0.25918969758224614,0.25,0.2439750182371333
True,9.725887361315082e-06,7.378229991680938e-23,5.224511207062336e-12,2.0980500914943576,8.968503213290519e-12,3.743992006228183e-12,84269656577.94978,5.762311076030103e-12,5.48791531050486e-12,8.087999411817098e-07,1.0450131115220922,174762.88650606162,2.3179366180618384e-06,0.08513044699427397,1.7549137240124148e+22,7789772293.110485,0.1501650749306419,True,0.23824717694762507,0.25,0.2439750182371333
True,1.0580817100101087e-05,6.234078195146211e-23,4.414339405652505e-12,2.0980500914943576,7.577745663677181e-12,3.1634062580246754e-12,118040519127.21744,6.819878588571893e-12,6.495122465306564e-12,8.087999411817097e-07,0.9605760800519048,160642.04994905432,2.3179366180618384e-06,0.08513044699427397,2.0769962560627147e+22,7789772293.110485,0.1501650749306419,True,0.21899681142033606,0.25,0.24397501823713333
True,1.1510897293658791e-05,5.2673515175071193e-23,3.729802007497896e-12,2.0980500914943576,6.402654710351585e-12,2.672852702853689e-12,165344973762.111,8.071543404925814e-12,7.68718419516744e-12,8.087999411817098e-07,0.8829615584668894,147662.1766083,2.3179366180618384e-06,0.08513044699427397,2.45819118551041e+22,7789772293.110485,0.1501650749306419,True,0.20130187491294896,0.25,0.2439750182371333
True,1.252273385425922e-05,4.450536412999559e-23,3.151416720998401e-12,2.0980500914943576,5.409786651521755e-12,2.2583699305233533e-12,231606575017.92523,9.552928558988244e-12,9.098027199036423e-12,8.087999411817098e-07,0.8116182881507463,135731.07668643285,2.3179366180618384e-06,0.08513044699427397,2.9093475189868454e+22,7789772293.110485,0.1501650749306419,True,0.18503668880224525,0.25,0.2439750182371333
True,1.3623513370326033e-05,3.7603858974669466e-23,2.6627223990505283e-12,2.0980500914943576,4.5708839440719704e-12,1.908161545021442e-12,324422353888.4875,1.1306195045354185e-11,1.0767804805099224e-11,8.087999411817097e-07,0.7460395521686217,124764.00931924724,2.3179366180618384e-06,0.08513044699427397,3.4433054011937866e+22,7789772293.110485,0.1501650749306419,True,0.1700857292943994,0.25,0.24397501823713333
True,1.4821054149316291e-05,3.177257927059163e-23,2.24981054621021e-12,2.0980500914943576,3.8620709791388564e-12,1.6122604329286464e-12,454433833298.5634,1.3381241743226246e-11,1.2744039755453568e-11,8.087999411817097e-07,0.6857595763004566,114683.08070210084,2.3179366180618384e-06,0.08513044699427397,4.075261552122576e+22,7789772293.110485,0.1501650749306419,True,0.15634280691503968,0.25,0.24397501823713333
True,1.612386174739804e-05,2.6845563754136004e-23,1.9009294756537746e-12,2.0980500914943576,3.263174569822705e-12,1.3622450941689306e-12,636547100935.6205,1.5837125564558256e-11,1.508297672815072e-11,8.087999411817098e-07,0.6303502208707173,105416.69084768336,2.3179366180618384e-06,0.08513044699427397,4.823201773636066e+22,7789772293.110485,0.1501650749306419,True,0.143710312296484,0.25,0.2439750182371333
True,1.75411893803248e-05,2.2682586992376743e-23,1.6061498500379533e-12,2.0980500914943576,2.7571498117602943e-12,1.1509999617223414e-12,891641823339.6172,1.8743742244590273e-11,1.7851183090085972e-11,8.087999411817098e-07,0.5794179398782063,96899.02504574489,2.3179366180618384e-06,0.08513044699427397,5.708412834776098e+22,7789772293.110485,0.1501650749306419,True,0.13209852290534924,0.25,0.2439750182371333
True,1.9083103644576486e-05,1.9165168494085877e-23,1.3570820873771371e-12,2.0980500914943576,2.329594976251267e-12,9.725128888741297e-13,1248965143286.0715,2.218381561095086e-11,2.112744343900082e-11,8.087999411817098e-07,0.5326009858281011,89069.58641286408,2.3179366180618384e-06,0.08513044699427397,6.756088304319642e+22,7789772293.110485,0.1501650749306419,True,0.1214249657865509,0.25,0.2439750182371333
True,2.0760556015552625e-05,1.619320069311951e-23,1.1466375891616547e-12,2.0980500914943576,1.9683416295432392e-12,8.217040403815846e-13,1749484925797.9092,2.6255251946964056e-11,2.500500185425148e-11,8.087999411817097e-07,0.4895668404134848,81872.7662121819,2.3179366180618384e-06,0.08513044699427397,7.996045572894403e+22,7789772293.110485,0.1501650749306419,True,0.11161383179756923,0.25,0.24397501823713333
True,2.2585460630634318e-05,1.368209983484184e-23,9.688269951448282e-13,2.0980500914943576,1.66310831285682e-12,6.942813177119917e-13,2450586809445.5073,3.1073926455567364e-11,2.9594215671968916e-11,8.087999411817099e-07,0.4500098527977562,75257.44889129189,2.3179366180618384e-06,0.08513044699427397,9.463574471476994e+22,7789772293.110485,0.1501650749306419,True,0.1025954371725748,0.25,0.24397501823713327
True,2.4570778909572255e-05,1.1560398678324259e-23,8.185897230245289e-13,2.0980500914943576,1.4052079267028909e-12,5.866182036783622e-13,3432653589678.356,3.677698112806212e-11,3.502569631244011e-11,8.087999411817097e-07,0.4136490687237314,69176.64903305407,2.3179366180618384e-06,0.08513044699427397,1.1200441638400128e+23,7789772293.110485,0.1501650749306419,True,0.09430572859215246,0.25,0.24397501823713333
True,2.673061161321663e-05,9.767712501371772e-24,6.916499416298827e-13,2.0980500914943576,1.1873004914975947e-12,4.956505498677119e-13,4808281274229.929,4.3526727876756896e-11,4.145402654929228e-11,8.087999411817097e-07,0.38022623503069997,63587.1776407779,2.3179366180618384e-06,0.08513044699427397,1.3256079219676513e+23,7789772293.110485,0.1501650749306419,True,0.08668582824338408,0.25,0.24397501823713333
True,2.9080298994439595e-05,8.253020519815183e-24,5.843948785346354e-13,2.0980500914943576,1.0031842479127188e-12,4.187893693780834e-13,6735188450599.383,5.151526801670021e-11,4.906216001590496e-11,8.087999411817098e-07,0.3495039654064303,58449.33538755048,2.3179366180618384e-06,0.08513044699427397,1.5688991733672364e+23,7789772293.110485,0.1501650749306419,True,0.07968161563906088,0.25,0.2439750182371333
True,3.163652975257313e-05,6.97321380936681e-24,4.937719986684603e-13,2.0980500914943576,8.476191515686286e-13,3.5384715290016825e-13,9434299051557.13,6.09699595693612e-11,5.806662816129638e-11,8.087999411817097e-07,0.3212640543463719,53726.63065101195,2.3179366180618384e-06,0.08513044699427397,1.856842114023264e+23,7789772293.110485,0.1501650749306419,True,0.07324334322589349,0.25,0.24397501823713333
True,3.4417459565213534e-05,5.891868403137438e-24,4.1720212757579145e-13,2.0980500914943576,7.161777386365329e-13,2.989756110607414e-13,13215071745511.568,7.215988799057501e-11,6.872370284816668e-11,8.087999411817097e-07,0.29530592734490824,49385.52033091352,2.3179366180618384e-06,0.08513044699427397,2.1976317502994388e+23,7789772293.110485,0.1501650749306419,True,0.06732528305156821,0.25,0.24397501823713333
True,3.744284003926706e-05,4.9782086465295734e-24,3.5250604676478744e-13,2.0980500914943576,6.051191179072943e-13,2.526130711425069e-13,18510980019251.594,8.540352448304717e-11,8.133668998385445e-11,8.087999411817097e-07,0.2714452163111134,45395.1716086096,2.3179366180618384e-06,0.08513044699427397,2.600967133096631e+23,7789772293.110485,0.1501650749306419,True,0.061885401981095635,0.25,0.24397501823713333
True,4.073415899711364e-05,4.206231306046334e-24,2.9784247201175913e-13,2.0980500914943576,5.112825030753126e-13,2.1344003106355343e-13,25929210818663.195,1.0107778985298681e-10,9.626456176474934e-11,8.087999411817097e-07,0.24951245009087944,41727.2429563769,2.3179366180618384e-06,0.08513044699427397,3.078327397903269e+23,7789772293.110485,0.1501650749306419,True,0.0568850631556698,0.25,0.24397501823713333
True,4.43147930942746e-05,3.5539655036953685e-24,2.5165564945122047e-13,2.0980500914943576,4.3199725511069306e-13,1.8034160565947262e-13,36320279800392.41,1.1962878187296223e-10,1.1393217321234499e-10,8.087999411817098e-07,0.22935185079481724,38355.68284117406,2.3179366180618384e-06,0.08513044699427397,3.64329846698218e+23,7789772293.110485,0.1501650749306419,True,0.05228875157364277,0.25,0.2439750182371333
True,4.8210173852552404e-05,3.0028474143351446e-24,2.1263107800896736e-13,2.0980500914943576,3.650068744787167e-13,1.5237579646974938e-13,50875544728467.85,1.415844714573148e-10,1.3484235376887123e-10,8.087999411817098e-07,0.21082022738283834,35256.54469313344,2.3179366180618384e-06,0.08513044699427397,4.311959711808304e+23,7789772293.110485,0.1501650749306419,True,0.048063821844550894,0.25,0.2439750182371333
True,5.244796828789928e-05,2.537191929523054e-24,1.79658098015475e-13,2.0980500914943576,3.0840477998542564e-13,1.2874668196995067e-13,71263797130505.28,1.6756972898992596e-10,1.5959021808564377e-10,8.087999411817097e-07,0.1937859586470619,32407.816824591937,2.3179366180618384e-06,0.08513044699427397,5.1033415803726385e+23,7789772293.110485,0.1501650749306419,True,0.044180266324606476,0.25,0.24397501823713333
True,5.705827541592349e-05,2.1437462511435007e-24,1.5179828125207917e-13,2.0980500914943576,2.6058004648185006e-13,1.087817652297709e-13,99822592732183.16,1.9832410846144778e-10,1.8888010329661692e-10,8.087999411817097e-07,0.17812805836968645,29789.2660916614,2.3179366180618384e-06,0.08513044699427397,6.039967213663547e+23,7789772293.110485,0.1501650749306419,True,0.040610501986837896,0.25,0.24397501823713333
True,6.207384003072083e-05,1.8113127098570385e-24,1.2825872279411824e-13,2.0980500914943576,2.2017155709354434e-13,9.191283429942612e-14,139826257103971.61,2.347228955618392e-10,2.235456148207992e-10,8.087999411817097e-07,0.1637353160160734,27382.294187938747,2.3179366180618384e-06,0.08513044699427397,7.148493466013852e+23,7789772293.110485,0.1501650749306419,True,0.037329174512115273,0.25,0.24397501823713333
True,6.753028527539761e-05,1.530430073587115e-24,1.0836947452297423e-13,2.0980500914943576,1.8602926512399825e-13,7.765979060102403e-14,195861293927326.8,2.7780201876789966e-10,2.6457335120752346e-10,8.087999411817099e-07,0.1505055068598098,25169.80554968105,2.3179366180618384e-06,0.08513044699427397,8.460469573086868e+23,7789772293.110485,0.1501650749306419,True,0.034312978209616506,0.25,0.24397501823713327
True,7.346636565612223e-05,1.2931042759175118e-24,9.156447805298253e-14,2.0980500914943576,1.5718146312546421e-13,6.561698507248168e-14,274352237222237.56,3.287875324083507e-10,3.1313098324604827e-10,8.087999411817098e-07,0.1383446659296435,23136.0859342387,2.3179366180618384e-06,0.08513044699427397,1.0013235059588389e+24,7789772293.110485,0.1501650749306419,True,0.03154049048771486,0.25,0.2439750182371333
True,7.992424229674335e-05,1.0925809007901447e-24,7.736545441435756e-14,2.0980500914943576,1.3280712759787335e-13,5.544167318351578e-14,384298237592448.2,3.891305108098962e-10,3.706004864856154e-10,8.087999411817097e-07,0.12716642062148645,21266.6908093479,2.3179366180618384e-06,0.08513044699427397,1.1850982441626878e+24,7789772293.110485,0.1501650749306419,True,0.028992019699613986,0.25,0.24397501823713333
True,8.694978238897252e-05,9.231529482990927e-25,6.536829198411105e-14,2.0980500914943576,1.1221255223155231e-13,4.6844260247441264e-14,538304833639930.25,4.605483466298359e-10,4.386174729807961e-10,8.087999411817097e-07,0.11689137723535328,19548.342760565847,2.3179366180618384e-06,0.08513044699427397,1.4026014968784786e+24,7789772293.110485,0.1501650749306419,True,0.026649465283052634,0.25,0.24397501823713333
True,9.459288496498826e-05,7.799984104948128e-25,5.523154525835741e-14,2.0980500914943576,9.481160466360715e-14,3.958005940524973e-14,754029203296585.4,5.450736287473922e-10,5.191177416641831e-10,8.087999411817097e-07,0.10744655708009282,17968.837188181406,2.3179366180618384e-06,0.08513044699427397,1.660023520189852e+24,7789772293.110485,0.1501650749306419,True,0.024496189200715876,0.25,0.24397501823713333
True,0.00010290783530625965,6.5904303452142535e-25,4.66667171350824e-14,2.0980500914943576,8.010904484498938e-14,3.3442327709906983e-14,1056204596157110.2,6.451119908039689e-10,6.143923721942561e-10,8.087999411817097e-07,0.09876487814084872,16516.955623813967,2.3179366180618384e-06,0.08513044699427397,1.9646906792245203e+24,7789772293.110485,0.1501650749306419,True,0.022516897768259214,0.25,0.24397501823713333
True,0.00011195369050579179,5.568443672541269e-25,3.943004813605609e-14,2.0980500914943576,6.768643025023941e-14,2.8256382114183324e-14,1479476052208833.8,7.635105767920555e-10,7.271529302781481e-10,8.087999411817097e-07,0.09078467862777118,15182.386051028068,2.3179366180618384e-06,0.08513044699427397,2.3252739603293384e+24,7789772293.110485,0.1501650749306419,True,0.0206975330306242,0.25,0.24397501823713333
True,0.00012179469892225225,4.704937812867037e-25,3.33155788848689e-14,2.0980500914943576,5.719020678483454e-14,2.3874627899965637e-14,2072372528034184.2,9.036390722591273e-10,8.606086402467879e-10,8.087999411817097e-07,0.08344927902198156,13955.649664040526,2.3179366180618384e-06,0.08513044699427397,2.7520357518669725e+24,7789772293.110485,0.1501650749306419,True,0.019025172915145258,0.25,0.24397501823713333
True,0.000132500756505161,3.975336938775866e-25,2.814928839559211e-14,2.0980500914943576,4.832164645114469e-14,2.0172358055552578e-14,2902870843052064.0,1.069485607316911e-09,1.0185577212542008e-09,8.087999411817097e-07,0.07670657950821119,12828.033544322,2.3179366180618384e-06,0.08513044699427397,3.257121917144472e+24,7789772293.110485,0.1501650749306419,True,0.01748793945228267,0.25,0.24397501823713333
True,0.00014414790323220164,3.358876228624556e-25,2.3784141344699803e-14,2.0980500914943576,4.082834539371886e-14,1.7044204049019056e-14,4066189363856870.0,1.2657702609056997e-09,1.2054954865768568e-09,8.087999411817098e-07,0.07050868993487219,11791.528776927367,2.3179366180618384e-06,0.08513044699427397,3.854907472021704e+24,7789772293.110485,0.1501650749306419,True,0.01607491441211797,0.25,0.2439750182371333
True,0.00015681886318461014,2.8380108888815863e-25,2.0095903369025765e-14,2.0980500914943576,3.449704035383322e-14,1.4401136984807458e-14,5695704988844469.0,1.498079396704333e-09,1.4267422825755553e-09,8.087999411817096e-07,0.06481158967334424,10838.773567024899,2.3179366180618384e-06,0.08513044699427397,4.562405705364837e+24,7789772293.110485,0.1501650749306419,True,0.014776061757418135,0.25,0.24397501823713336
True,0.00017060363209653513,2.3979168201469144e-25,1.6979605290952266e-14,2.0980500914943576,2.9147539085849866e-14,1.21679337948976e-14,7978245088216140.0,1.7730246539559176e-09,1.6885949085294453e-09,8.087999411817098e-07,0.0595748149606229,9963.000952608485,2.3179366180618384e-06,0.08513044699427397,5.39975238612638e+24,7789772293.110485,0.1501650749306419,True,0.013582156362490275,0.25,0.2439750182371333
True,0.0001856001165514522,2.0260687155465711e-25,1.434655564083316e-14,2.0980500914943576,2.462759199186616e-14,1.0281036351033003e-14,1.117550765222451e+16,2.0984311181711886e-09,1.9985058268297035e-09,8.087999411817097e-07,0.05476117150467242,9157.990742021155,2.3179366180618384e-06,0.08513044699427397,6.390778837838117e+24,7789772293.110485,0.1501650749306419,True,0.01248471849155083,0.25,0.24397501823713333
True,0.00020191482936553665,1.7118835839622768e-25,1.2121816451481136e-14,2.0980500914943576,2.0808559018701966e-14,8.686742567220829e-15,1.5654065512401274e+16,2.4835600271459506e-09,2.3652952639485244e-09,8.087999411817098e-07,0.05033647031125902,8418.025334925502,2.3179366180618384e-06,0.08513044699427397,7.56369019051602e+24,7789772293.110485,0.1501650749306419,True,0.011475953571240788,0.25,0.2439750182371333
True,0.00021966364609696568,1.4464195525811458e-25,1.0242070484512856e-14,2.0980500914943576,1.7581748494851215e-14,7.33967801033836e-15,2.192739468240382e+16,2.9393723506219954e-09,2.7994022386876144e-09,8.087999411817098e-07,0.04626928485596899,7737.84911293852,2.3179366180618384e-06,0.08513044699427397,8.951868113380247e+24,7789772293.110485,0.1501650749306419,True,0.01054869682952018,0.25,0.2439750182371333
True,0.00023897262805427596,1.2221213765288051e-25,8.653819188700213e-15,2.0980500914943576,1.485532370878633e-14,6.201504520086119e-15,3.0714745455550156e+16,3.478840745206332e-09,3.3131816621012686e-09,8.087999411817097e-07,0.042530727876720964,7112.6311115020335,2.3179366180618384e-06,0.08513044699427397,1.0594820874582498e+25,7789772293.110485,0.1501650749306419,True,0.009696362407738284,0.25,0.24397501823713333
True,0.00025997891764920577,1.0326054126573138e-25,7.311860103282422e-15,2.0980500914943576,1.2551689188220115e-14,5.2398290849376926e-15,4.3023605953346104e+16,4.11731876294842e-09,3.921255964712781e-09,8.087999411817096e-07,0.03909424620143737,6537.930707864992,2.3179366180618384e-06,0.08513044699427397,1.2539307767136343e+25,7789772293.110485,0.1501650749306419,True,0.008912896584447272,0.25,0.24397501823713336
True,0.0002828317124532835,8.724779377296593e-26,6.178000372342359e-15,2.0980500914943576,1.0605282292468701e-14,4.427281920126342e-15,6.026521274309662e+16,4.872977821444261e-09,4.640931258518344e-09,8.087999411817096e-07,0.035935432153634615,6009.666081475913,2.3179366180618384e-06,0.08513044699427397,1.484066990279922e+25,7789772293.110485,0.1501650749306419,True,0.008192734778730447,0.25,0.24397501823713336
True,0.0003076933248764192,7.371816402415267e-26,5.2199697561948824e-15,2.0980500914943576,8.960707265481526e-15,3.740737509286643e-15,8.441635205819483e+16,5.767324371864569e-09,5.4926898779662556e-09,8.087999411817097e-07,0.03303185019643623,5524.085222774715,2.3179366180618384e-06,0.08513044699427397,1.7564405248994821e+25,7789772293.110485,0.1501650749306419,True,0.007530762027660373,0.25,0.24397501823713333
True,0.0003347403349938829,6.228659169575173e-26,4.410502203524194e-15,2.0980500914943576,7.571158643714188e-15,3.1606564401899934e-15,1.1824600246896816e+17,6.825811983778902e-09,6.500773317884668e-09,8.087999411817097e-07,0.030362877583745614,5077.739284473464,2.3179366180618384e-06,0.08513044699427397,2.0788032735148065e+25,7789772293.110485,0.1501650749306419,True,0.006922276657177418,0.25,0.24397501823713333
True,0.00036416484470964906,5.262772827334922e-26,3.726559845333626e-15,2.0980500914943576,6.397089148208861e-15,2.6705293028752353e-15,1.6563280405971805e+17,8.078565767029424e-09,7.693872159075641e-09,8.087999411817097e-07,0.0279095578867994,4667.45808605289,2.3179366180618384e-06,0.08513044699427397,2.4603298481872437e+25,7789772293.110485,0.1501650749306419,True,0.006362956888360256,0.25,0.24397501823713333
True,0.00039617584216382654,4.446667746314305e-26,3.1486773251709085e-15,2.0980500914943576,5.405084148396077e-15,2.2564068232251688e-15,2.320097526162439e+17,9.561239748078856e-09,9.105942617217959e-09,8.087999411817098e-07,0.025654466355771344,4290.327597494896,2.3179366180618384e-06,0.08513044699427397,2.911878694344361e+25,7789772293.110485,0.1501650749306419,True,0.005848830141908832,0.25,0.2439750182371333
True,0.0004310006860748974,3.757117149995803e-26,2.660407804924931e-15,2.0980500914943576,4.5669106642702506e-15,1.9065028593453196e-15,3.2498710394133715e+17,1.131603160221077e-08,1.0777172954486447e-08,8.087999411817098e-07,0.023581586160155363,3943.6692423289473,2.3179366180618384e-06,0.08513044699427397,3.4463011278036266e+25,7789772293.110485,0.1501650749306419,True,0.005376244822824338,0.25,0.2439750182371333
True,0.0004688867205593423,3.1744960685431935e-26,2.2478548792297455e-15,2.0980500914943576,3.858713841044347e-15,1.6108589618146013e-15,4.5522490557917536e+17,1.3392883621390466e-08,1.275512725846711e-08,8.087999411817097e-07,0.021676194628921997,3625.0208729917094,2.3179366180618384e-06,0.08513044699427397,4.078807089927479e+25,7789772293.110485,0.1501650749306419,True,0.0049418443848862304,0.25,0.24397501823713333
True,0.0005101030318979338,2.682222801918076e-26,1.8992770765155506e-15,2.0980500914943576,3.260338027533205e-15,1.3610609510176541e-15,6.376551935333889e+17,1.585090409795836e-08,1.5096099140912725e-08,8.087999411817098e-07,0.01992475868246733,3332.1192833771347,2.3179366180618384e-06,0.08513044699427397,4.8273980304923096e+25,7789772293.110485,0.1501650749306419,True,0.004542543490718842,0.25,0.2439750182371333
True,0.0005549423597261648,2.266286996043061e-26,1.6047536906001378e-15,2.0980500914943576,2.7547531358019026e-15,1.1499994452017654e-15,8.931939813855014e+17,1.876004957747759e-08,1.786671388331199e-08,8.087999411817098e-07,0.0183148387136576,3062.884134372032,2.3179366180618384e-06,0.08513044699427397,5.713379238343765e+25,7789772293.110485,0.1501650749306419,True,0.004175506098123966,0.25,0.2439750182371333
True,0.0006037231762230813,1.914850900812954e-26,1.355902432213488e-15,2.0980500914943576,2.3275699559754065e-15,9.716675237619186e-16,1.2511393249422536e+18,2.2203115858530014e-08,2.114582462717144e-08,8.087999411817099e-07,0.016835000235282824,2815.4031782079264,2.3179366180618384e-06,0.08513044699427397,6.761966201036183e+25,7789772293.110485,0.1501650749306419,True,0.003838125317037176,0.25,0.24397501823713327
True,0.0006567919480659909,1.6179124615488514e-26,1.145640864670584e-15,2.0980500914943576,1.966630631816055e-15,8.209897671454708e-16,1.7525304055327647e+18,2.627809440435343e-08,2.5026756575574695e-08,8.087999411817097e-07,0.015474732666393883,2587.918676684915,2.3179366180618384e-06,0.08513044699427397,8.003002250767897e+25,7789772293.110485,0.1501650749306419,True,0.0035280048940415577,0.25,0.24397501823713333
True,0.0007145255972166317,1.3670206553020624e-26,9.67984834027138e-16,2.0980500914943576,1.661662641790041e-15,6.936778077629029e-16,2.454852757872177e+18,3.1100961231025536e-08,2.9619963077167174e-08,8.087999411817097e-07,0.014224374680701347,2378.8149168026516,2.3179366180618384e-06,0.08513044699427397,9.471807921190338e+25,7789772293.110485,0.1501650749306419,True,0.0032429421929322157,0.25,0.24397501823713333
True,0.0007773341780165789,1.155034970330533e-26,8.17878156935303e-16,2.0980500914943576,1.4039864377434906e-15,5.861082808081875e-16,3.4386291066948296e+18,3.6808977645407565e-08,3.505616918610244e-08,8.087999411817098e-07,0.0130750455868216,2186.6067351280103,2.3179366180618384e-06,0.08513044699427397,1.1210186188229044e+26,7789772293.110485,0.1501650749306419,True,0.0029809125504507076,0.25,0.2439750182371333
True,0.0008456637896060046,9.759221834081689e-27,6.91048719026867e-16,2.0980500914943576,1.1862684204323129e-15,4.952197014054459e-16,4.816651465344039e+18,4.356459677357169e-08,4.149009216530637e-08,8.087999411817097e-07,0.012018582252997413,2009.928969393557,2.3179366180618384e-06,0.08513044699427397,1.3267612204594654e+26,7789772293.110485,0.1501650749306419,True,0.0027400548960757488,0.25,0.24397501823713333
True,0.0009199997443513106,8.245846511431733e-27,5.838868883087796e-16,2.0980500914943576,1.0023122214604165e-15,4.184253331516369e-16,6.746912975706351e+18,5.1560087061550864e-08,4.910484482052463e-08,8.087999411817097e-07,0.011047481128299277,1847.5267624065673,2.3179366180618384e-06,0.08513044699427397,1.570264138844938e+26,7789772293.110485,0.1501650749306419,True,0.002518658533734411,0.25,0.24397501823713333
True,0.0010008700147854446,6.967152283867401e-27,4.93342783152825e-16,2.0980500914943576,8.468823514013772e-16,3.535395682485523e-16,9.450722151951118e+18,6.102300433565449e-08,5.811714698633761e-08,8.087999411817097e-07,0.01015484494851216,1698.2466494019352,2.3179366180618384e-06,0.08513044699427397,1.8584575941167e+26,7789772293.110485,0.1501650749306419,True,0.002315150991550719,0.25,0.24397501823713333
True,0.0010888489835428595,5.886746846342961e-27,4.1683947107280195e-16,2.0980500914943576,7.155551950370503e-16,2.9871572396424834e-16,1.323807636395792e+19,7.222266816004272e-08,6.878349348575496e-08,8.087999411817098e-07,0.009334333748185202,1561.0283655367366,2.3179366180618384e-06,0.08513044699427397,2.1995437224151574e+26,7789772293.110485,0.1501650749306419,True,0.0021280868533342357,0.25,0.2439750182371333
True,0.0011845615229231076,4.97388129626079e-27,3.5219962788110344e-16,2.0980500914943576,6.045931129598425e-16,2.52393485078739e-16,1.854320368330817e+19,8.547782681207634e-08,8.140745410673937e-08,8.087999411817097e-07,0.008580119830906419,1434.8973153390018,2.3179366180618384e-06,0.08513044699427397,2.6032300129588757e+26,7789772293.110485,0.1501650749306419,True,0.001956137492484058,0.25,0.24397501823713333
True,0.0012886874330582312,4.202575003656205e-27,2.97583569906035e-16,2.0980500914943576,5.108380664045717e-16,2.1325449649853669e-16,2.5974348038724334e+19,1.0116572902463913e-07,9.634831335679918e-08,8.087999411817097e-07,0.007886846377978145,1318.9576506248447,2.3179366180618384e-06,0.08513044699427397,3.0810055882538905e+26,7789772293.110485,0.1501650749306419,True,0.001798081635393119,0.25,0.24397501823713333
True,0.0014019662702061378,3.550876188909748e-27,2.5143689563441315e-16,2.0980500914943576,4.3162173781707464e-16,1.8018484218266142e-16,3.6383505653021966e+19,1.19732860681956e-07,1.1403129588757713e-07,8.087999411817097e-07,0.007249589401510244,1212.3859077196828,2.3179366180618384e-06,0.08513044699427397,3.646468190516227e+26,7789772293.110485,0.1501650749306419,True,0.0016527966873291472,0.25,0.24397501823713333
True,0.0015252025994629973,3.000237163642934e-27,2.1244624663328414e-16,2.0980500914943576,3.6468958914406357e-16,1.5224334251077944e-16,5.096410818973918e+19,1.41707652040872e-07,1.3495966861035429e-07,8.087999411817097e-07,0.006663822771702432,1114.4251587918195,2.3179366180618384e-06,0.08513044699427397,4.3157111805118216e+26,7789772293.110485,0.1501650749306419,True,0.0015192507591842202,0.25,0.24397501823713333
True,0.0016592717092021373,2.534986453827322e-27,1.7950192868350448e-16,2.0980500914943576,3.0813669650352946e-16,1.28634767820025e-16,7.138785218624765e+19,1.6771551713174016e-07,1.5972906393499063e-07,8.087999411817097e-07,0.006125386069921292,1024.3796357581248,2.3179366180618384e-06,0.08513044699427397,5.107781563002735e+26,7789772293.110485,0.1501650749306419,True,0.0013964953384627502,0.25,0.24397501823713333
True,0.0018051258278263752,2.141882781454946e-27,1.5166632930313137e-16,2.0980500914943576,2.603535350569078e-16,1.0868720575377645e-16,9.999636255366857e+19,1.9849665336811937e-07,1.890444317791613e-07,8.087999411817098e-07,0.005630455039247742,941.6097885779815,2.3179366180618384e-06,0.08513044699427397,6.045222074443035e+26,7789772293.110485,0.1501650749306419,True,0.0012836585524534302,0.25,0.2439750182371333
True,0.001963800886988364,1.8097382108558107e-27,1.2814723280686248e-16,2.0980500914943576,2.1998017109218958e-16,9.183293828532706e-17,1.4006966476421054e+20,2.3492710795146034e-07,2.237401028109146e-07,8.087999411817098e-07,0.0051755144226195106,865.527742836954,2.3179366180618384e-06,0.08513044699427397,7.154712761022937e+26,7789772293.110485,0.1501650749306419,True,0.001179938975736716,0.25,0.2439750182371333
True,0.0021364238793148654,1.5290997342099354e-27,1.0827527343418862e-16,2.0980500914943576,1.8586755760075144e-16,7.759228416656282e-17,1.9620224662300452e+20,2.780437106316535e-07,2.648035339349081e-07,8.087999411817097e-07,0.004757332995650974,795.593124357576,2.3179366180618384e-06,0.08513044699427397,8.467830306707243e+26,7789772293.110485,0.1501650749306419,True,0.001084599938045535,0.25,0.24397501823713333
True,0.00232422086289333,1.2919802340114163e-27,9.148488485051766e-17,2.0980500914943576,1.570448317998203e-16,6.555994694930266e-17,2.7482982589211165e+20,3.290735824228165e-07,3.134034118312538e-07,8.087999411817097e-07,0.004372940616800464,731.3092211814705,2.3179366180618384e-06,0.08513044699427397,1.0021946722140385e+27,7789772293.110485,0.1501650749306419,True,0.0009969642920506952,0.25,0.24397501823713333
True,0.0025285256693727822,1.0916311655358788e-27,7.729820383413371e-17,2.0980500914943576,1.3269168387100033e-16,5.539348003686661e-17,3.84967218775121e+20,3.8946906010776783e-07,3.709229143883503e-07,8.087999411817098e-07,0.004019607131883473,672.2194556632186,2.3179366180618384e-06,0.08513044699427397,1.1861292971573112e+27,7789772293.110485,0.1501650749306419,True,0.0009164096039091005,0.25,0.2439750182371333
True,0.002750789377528488,9.22350489735661e-28,6.531147003951756e-17,2.0980500914943576,1.1211501051473425e-16,4.680354047521669e-17,5.3924190742539384e+20,4.6094903050081605e-07,4.3899907666744384e-07,8.087999411817098e-07,0.0036948229831006056,617.9041416189431,2.3179366180618384e-06,0.08513044699427397,1.4038217809188495e+27,7789772293.110485,0.1501650749306419,True,0.0008423637324155355,0.25,0.2439750182371333
True,0.002992590619576578,7.793203902327121e-28,5.518353476719689e-17,2.0980500914943576,9.472918886867827e-17,3.954565410148139e-17,7.553418071517379e+20,5.455478508635583e-07,5.195693817748174e-07,8.087999411817098e-07,0.0033962813848555495,567.9775034972012,2.3179366180618384e-06,0.08513044699427397,1.6614677651966024e+27,7789772293.110485,0.1501650749306419,True,0.0007743007653588652,0.25,0.2439750182371333
True,0.0032556467934393785,6.584701557501488e-28,4.6626151693720487e-17,2.0980500914943576,8.003940937541452e-17,3.341325768169403e-17,1.058043222855764e+21,6.456732477742358e-07,6.149269026421293e-07,8.087999411817096e-07,0.0031218619397665056,522.0849364007938,2.3179366180618384e-06,0.08513044699427397,1.9663999891642708e+27,7789772293.110485,0.1501650749306419,True,0.000711737284220556,0.25,0.24397501823713336
True,0.0035418262605968454,5.563603255448683e-28,3.939577323086123e-17,2.0980500914943576,6.762759324421293e-17,2.82318200133517e-17,1.4820515041425854e+21,7.641748422827079e-07,7.277855640787694e-07,8.087999411817098e-07,0.0028696155785034325,479.9004874987348,2.3179366180618384e-06,0.08513044699427397,2.3272969830550343e+27,7789772293.110485,0.1501650749306419,True,0.0006542289306854457,0.25,0.2439750182371333
True,0.0038531616161595196,4.700848005598038e-28,3.328661903415172e-17,2.0980500914943576,5.714049371045883e-17,2.3853874676307112e-17,2.0759800861469455e+21,9.044252516126987e-07,8.613573824882844e-07,8.087999411817098e-07,0.002637750716486036,441.124540940065,2.3179366180618384e-06,0.08513044699427397,2.754430063661169e+27,7789772293.110485,0.1501650749306419,True,0.0006013672505783559,0.25,0.2439750182371333
True,0.004191864125413969,3.9718813432811864e-28,2.8124819386887606e-17,2.0980500914943576,4.82796424483787e-17,2.0154823061491094e-17,2.907924121417059e+21,1.0704160756080948e-06,1.0194438815315189e-06,8.087999411817097e-07,0.002424620529120215,405.48168982657324,2.3179366180618384e-06,0.08513044699427397,3.2599556613703775e+27,7789772293.110485,0.1501650749306419,True,0.0005527767928105427,0.25,0.24397501823713333
True,0.004560339429376579,3.3559564968529856e-28,2.3763466777250173e-17,2.0980500914943576,4.0792855006722515e-17,1.702938822947234e-17,4.0732677313941555e+21,1.2668714997476639e-06,1.2065442854739656e-06,8.087999411817098e-07,0.002228711255195031,372.7187801300588,2.3179366180618384e-06,0.08513044699427397,3.8582612985188826e+27,7789772293.110485,0.1501650749306419,True,0.0005081124427311922,0.25,0.2439750182371333
True,0.004961204630904614,2.8355439237431524e-28,2.007843483385173e-17,2.0980500914943576,3.4467053507670844e-17,1.4388618673819114e-17,5.70561999517776e+21,1.4993827479292364e-06,1.4279835694564156e-06,8.087999411817098e-07,0.0020486314453649224,342.60311266103196,2.3179366180618384e-06,0.08513044699427397,4.566375065785701e+27,7789772293.110485,0.1501650749306419,True,0.00046705697094405046,0.25,0.2439750182371333
True,0.005397306882719067,2.3958324105263137e-28,1.6964845624426266e-17,2.0980500914943576,2.912220233923008e-17,1.2157356714803819e-17,7.992133509532365e+21,1.774567211619813e-06,1.6900640110664886e-06,8.087999411817097e-07,0.001883102079354247,314.9207903182922,2.3179366180618384e-06,0.08513044699427397,5.404450250540039e+27,7789772293.110485,0.1501650749306419,True,0.00042931878017959913,0.25,0.24397501823713333
True,0.005871743609361058,2.0243075380581735e-28,1.4334084775142968e-17,2.0980500914943576,2.460618424775724e-17,1.027209947261427e-17,1.1194961825038332e+22,2.1002567842702344e-06,2.000244556447842e-06,8.087999411817097e-07,0.001730947481691429,289.4751988806958,2.3179366180618384e-06,0.08513044699427397,6.396338909917544e+27,7789772293.110485,0.1501650749306419,True,0.00039462983421989885,0.25,0.24397501823713333
True,0.006387884506708527,1.7103955145756372e-28,1.2111279459280909e-17,2.0980500914943576,2.0790471001534264e-17,8.679191542253357e-18,1.568131589826241e+22,2.4857207610901053e-06,2.3673531058001e-06,8.087999411817097e-07,0.001591086971451568,266.0856105509115,2.3179366180618384e-06,0.08513044699427397,7.570270712814299e+27,7789772293.110485,0.1501650749306419,True,0.0003627437541662547,0.25,0.24397501823713333
True,0.006949395475305349,1.4451622400649232e-28,1.0233167477505496e-17,2.0980500914943576,1.7566465410216326e-17,7.33329793271083e-18,2.196556559497293e+22,2.9419296480269637e-06,2.8018377600256797e-06,8.087999411817098e-07,0.0014625271866996008,244.58590033280026,2.3179366180618384e-06,0.08513044699427397,8.95965637099624e+27,7789772293.110485,0.1501650749306419,True,0.0003334340685283983,0.25,0.2439750182371333
True,0.007560264657489693,1.2210590371126163e-28,8.646296782659957e-18,2.0980500914943576,1.484241059211955e-17,6.196113809459592e-18,3.0768213269686174e+22,3.481867388090868e-06,3.31606417913416e-06,8.087999411817097e-07,0.0013443550291182542,224.82336612546874,2.3179366180618384e-06,0.08513044699427397,1.0604038525392525e+28,7789772293.110485,0.1501650749306419,True,0.0003064926047064198,0.25,0.24397501823713333
True,0.008224830763250849,1.0317078116069593e-28,7.30550420660756e-18,2.0980500914943576,1.2540778525481986e-17,5.235274318874424e-18,4.309850086562527e+22,4.120900891148567e-06,3.9246675153795875e-06,8.087999411817096e-07,0.0012357311787098812,206.65764415369367,2.3179366180618384e-06,0.08513044699427397,1.2550217150292966e+28,7789772293.110485,0.1501650749306419,True,0.0002817280104409163,0.25,0.24397501823713336
True,0.008947813885999509,8.717195288507982e-29,6.172630092896459e-18,2.0980500914943576,1.0596063560503552e-17,4.423433467607093e-18,6.037012161165549e+22,4.87721738419806e-06,4.644968937331485e-06,8.087999411817096e-07,0.0011358841325101988,189.95971203153607,2.3179366180618384e-06,0.08513044699427397,1.4853581505040555e+28,7789772293.110485,0.1501650749306419,True,0.00025896439472992765,0.25,0.24397501823713336
True,0.009734349027120986,7.365408388216682e-29,5.215432253022269e-18,2.0980500914943576,8.952918094366554e-18,3.737485841344285e-18,8.456330290395136e+22,5.7723420293405476e-06,5.4974685993719495e-06,8.087999411817098e-07,0.0010441047249738135,174.61097237839175,2.3179366180618384e-06,0.08513044699427397,1.7579686541258986e+28,7789772293.110485,0.1501650749306419,True,0.00023804007855974992,0.25,0.2439750182371333
True,0.01059002256742026,6.223244854538298e-29,4.406668336916536e-18,2.0980500914943576,7.564577349574437e-18,3.1579090126579005e-18,1.1845184351334443e+23,6.8317505411274425e-06,6.50642908678804e-06,8.087999411817098e-07,0.0009597410911124384,160.50241047883824,2.3179366180618384e-06,0.08513044699427397,2.0806118630987893e+28,7789772293.110485,0.1501650749306419,True,0.00021880644657666377,0.25,0.2439750182371333
True,0.011520911944497985,5.258198117228139e-29,3.72332050144642e-18,2.0980500914943576,6.391528423978412e-18,2.668207922531993e-18,1.659211354084219e+23,8.085594238691929e-06,7.70056594161136e-06,8.087999411817099e-07,0.0008821940366114083,147.53382000354412,2.3179366180618384e-06,0.08513044699427397,2.4624703715322365e+28,7789772293.110485,0.1501650749306419,True,0.00020112689154355595,0.25,0.24397501823713327
True,0.012533628817866614,4.44280244250052e-29,3.1459403105865717e-18,2.0980500914943576,5.400385732961297e-18,2.2544454223747248e-18,2.324136320606816e+23,9.569558168026865e-06,9.113864921930347e-06,8.087999411817097e-07,0.0008109127820406648,135.613091291909,2.3179366180618384e-06,0.08513044699427397,2.9144120718618632e+28,7789772293.110485,0.1501650749306419,True,0.00018487584408442026,0.25,0.24397501823713333
True,0.01363536602838792,3.753851243911241e-29,2.658095222779993e-18,2.0980500914943576,4.562940838275842e-18,1.9048456154958492e-18,3.2555283710345265e+23,1.1325876717017254e-05,1.0786549254302147e-05,8.087999411817099e-07,0.0007453910509333718,124.65555714144638,2.3179366180618384e-06,0.08513044699427397,3.4492994607399093e+28,7789772293.110485,0.1501650749306419,True,0.0001699378808254741,0.25,0.24397501823713327
True,0.014833948685562074,3.171736610796264e-29,2.2459009122294618e-18,2.0980500914943576,3.8553596211707214e-18,1.6094587089412597e-18,4.5601735494773095e+23,1.3404535628160815e-05,1.2766224407772205e-05,8.087999411817097e-07,0.0006851634739476754,114.58339145736652,2.3179366180618384e-06,0.08513044699427397,4.0823557124026925e+28,7789772293.110485,0.1501650749306419,True,0.00015620690459845047,0.25,0.24397501823713333
True,0.01613788974551674,2.679891256901187e-29,1.8976261137393507e-18,2.0980500914943576,3.2575039509322483e-18,1.3598778371928974e-18,6.387652150837893e+23,1.5864694618886247e-05,1.5109232970367855e-05,8.087999411817097e-07,0.0006298022835721028,105.32505649125817,2.3179366180618384e-06,0.08513044699427397,4.831597938154067e+28,7789772293.110485,0.1501650749306419,True,0.00014358539088344158,0.25,0.24397501823713333
True,0.017556450474439968,2.264317006768234e-29,1.6033587447857985e-18,2.0980500914943576,2.75235854317449e-18,1.1489997983886915e-18,8.947488414071598e+23,1.8776371097985706e-05,1.7882258188557813e-05,8.087999411817097e-07,0.0005789142758986694,96.81479474286878,2.3179366180618384e-06,0.08513044699427397,5.718349962755988e+28,7789772293.110485,0.1501650749306419,True,0.00013198369513914057,0.25,0.24397501823713333
True,0.01909970622689944,1.913186400357335e-29,1.3547238024751433e-18,2.0980500914943576,2.3255466959656784e-18,9.708228934905351e-19,1.2533172913844934e+24,2.2222432897609827e-05,2.1164221807247454e-05,8.087999411817097e-07,0.0005321380178846441,88.99216191620827,2.3179366180618384e-06,0.08513044699427397,6.767849211609748e+28,7789772293.110485,0.1501650749306419,True,0.0001213194161007817,0.25,0.24397501823713333
True,0.020778618006240163,1.6165060773607907e-29,1.1446450065907675e-18,2.0980500914943576,1.9649211213882197e-18,8.20276114797452e-19,1.7555811867976176e+24,2.6300956735018475e-05,2.504853022382712e-05,8.087999411817098e-07,0.0004891412802674819,81.80159761278597,2.3179366180618384e-06,0.08513044699427397,8.009964981053992e+28,7789772293.110485,0.1501650749306419,True,0.00011151681052358832,0.25,0.2439750182371333
True,0.02260511031531905,1.3658323609535943e-29,9.671434049651731e-19,2.0980500914943576,1.6602182273851514e-18,6.930748224199782e-19,2.4591261324042616e+24,3.112801952713806e-05,2.9645732882988633e-05,8.087999411817097e-07,0.0004496186779001708,75.19203071282409,2.3179366180618384e-06,0.08513044699427397,9.480048534126666e+28,7789772293.110485,0.1501650749306419,True,0.00010250625521493723,0.25,0.24397501823713333
True,0.024592155850513473,1.1540309463443527e-29,8.171672093809612e-19,2.0980500914943576,1.4027660105737724e-18,5.855988011928112e-19,3.444615025810635e+24,3.6841002000196173e-05,3.5086668571615404e-05,8.087999411817098e-07,0.00041328950074741224,69.11651664165741,2.3179366180618384e-06,0.08513044699427397,1.121993921596039e+29,7789772293.110485,0.1501650749306419,True,9.422375253430753e-05,0.25,0.2439750182371333
True,0.026753867640544104,9.750738547376465e-30,6.904480190417196e-19,2.0980500914943576,1.1852372465035947e-18,4.947892274618751e-19,4.825036227173817e+24,4.360249861688664e-05,4.152618915893965e-05,8.087999411817097e-07,0.0003798957201372534,63.53190394499831,2.3179366180618384e-06,0.08513044699427397,1.3279155223380198e+29,7789772293.110485,0.1501650749306419,True,8.661047584882122e-05,0.25,0.24397501823713333
True,0.02910559928452991,8.238678739116171e-30,5.833793396577543e-19,2.0980500914943576,1.0014409530245352e-18,4.180616133667809e-19,6.758657910708306e+24,5.1604945099633234e-05,4.914756676155546e-05,8.087999411817097e-07,0.0003492001561075371,58.398527804912,2.3179366180618384e-06,0.08513044699427397,1.5716302918627868e+29,7789772293.110485,0.1501650749306419,True,7.961235171596398e-05,0.25,0.24397501823713333
True,0.03166405400121802,6.961096027400665e-30,4.929139407364327e-19,2.0980500914943576,8.461461917039474e-19,3.532322509675147e-19,9.467173841456505e+24,6.107609525167877e-05,5.8167709763503586e-05,8.087999411817098e-07,0.0003209847928307064,53.679928319692216,2.3179366180618384e-06,0.08513044699427397,1.860074479701703e+29,7789772293.110485,0.1501650749306419,True,7.317967582593089e-05,0.25,0.2439750182371333
True,0.03444740326391264,5.881629741505353e-30,4.164771298120669e-19,2.0980500914943576,7.149331925888943e-19,2.984560627768275e-19,1.3261121028533414e+25,7.228550294918606e-05,6.884333614208196e-05,8.087999411817098e-07,0.00029504923015224234,49.342591546715816,2.3179366180618384e-06,0.08513044699427397,2.2014573579748857e+29,7789772293.110485,0.1501650749306419,True,6.726675997582042e-05,0.25,0.2439750182371333
True,0.037475415863710185,4.969557707578087e-30,3.5189347535464427e-19,2.0980500914943576,6.040675652466716e-19,2.5217408989202733e-19,1.8575483441883994e+25,8.555219378523032e-05,8.147827979545744e-05,8.087999411817097e-07,0.0002712092602447515,45.35571146902727,2.3179366180618384e-06,0.08513044699427397,2.605494861560058e+29,7789772293.110485,0.1501650749306419,True,6.183160756830353e-05,0.25,0.24397501823713333
True,0.04076959831771378,4.1989218795380876e-30,2.9732489285317254e-19,2.0980500914943576,5.103940160641943e-19,2.1306912321102183e-19,2.601956383304847e+25,0.00010125374470467069,9.643213781397208e-05,8.087999411817097e-07,0.00024929555926837024,41.69097119501768,2.3179366180618384e-06,0.08513044699427397,3.0836861086697035e+29,7789772293.110485,0.1501650749306419,True,5.6835615329992865e-05,0.25,0.24397501823713333
True,0.044353347619480454,3.547789559537305e-30,2.5121833197122355e-19,2.0980500914943576,4.3124654694506056e-19,1.8002821497383698e-19,3.64468415683623e+25,0.00011983703004105287,0.00011413050480100272,8.087999411817098e-07,0.0002291524847449682,38.32234183716294,2.3179366180618384e-06,0.08513044699427397,3.64964067175663e+29,7789772293.110485,0.1501650749306419,True,5.224329913095853e-05,0.25,0.2439750182371333
True,0.048252117416612984,2.997629181933371e-30,2.1226157592384857e-19,2.0980500914943576,3.643725796123901e-19,1.521110036885415e-19,5.105282582108796e+25,0.0001418309397933582,0.00013507708551748398,8.087999411817097e-07,0.00021063697010448613,35.22589764135489,2.3179366180618384e-06,0.08513044699427397,4.319465913048576e+29,7789772293.110485,0.1501650749306419,True,4.802204195802017e-05,0.25,0.24397501823713333
True,0.05249359879577628,2.532782895260125e-30,1.7934589510305604e-19,2.0980500914943576,3.0786884605548346e-19,1.2852295095242742e-19,7.151212319535591e+25,0.0001678614321113933,0.00015986803058227933,8.087999411817097e-07,0.0001936175085519008,32.379646053777684,2.3179366180618384e-06,0.08513044699427397,5.112225408483368e+29,7789772293.110485,0.1501650749306419,True,4.414186225179036e-05,0.25,0.24397501823713333
True,0.05710791695916732,2.1400209316032893e-30,1.5153449205453902e-19,2.0980500914943576,2.6012722052895093e-19,1.0859272847441194e-19,1.0017043487131274e+26,0.00019866934839141097,0.00018920890322991519,8.087999411817098e-07,0.0001779732190377105,29.763371518375735,2.3179366180618384e-06,0.08513044699427397,6.050481507029097e+29,7789772293.110485,0.1501650749306419,True,4.05752009620785e-05,0.25,0.2439750182371333
True,0.06212784518933688,1.808165080501249e-30,1.280358397332277e-19,2.0980500914943576,2.197889514547465e-19,9.175311172151879e-20,1.4031349614521767e+26,0.00023513149800887995,0.0002239347600084571,8.087999411817097e-07,0.00016359298769798113,27.358491895482214,2.3179366180618384e-06,0.08513044699427397,7.160937466910637e+29,7789772293.110485,0.1501650749306419,True,3.729672580921258e-05,0.25,0.24397501823713333
True,0.0675890376220525,1.5277705512415863e-30,1.0818115423050148e-19,2.0980500914943576,1.85705990643146e-19,7.752483641264456e-20,1.965437928445323e+26,0.00027828561277090343,0.00026503391692466995,8.087999411817098e-07,0.00015037467866601387,25.14792648181859,2.3179366180618384e-06,0.08513044699427397,8.475197444274727e+29,7789772293.110485,0.1501650749306419,True,3.428315136104077e-05,0.25,0.2439750182371333
True,0.07353028248047594,1.2908571691883283e-30,9.140536083512242e-20,2.0980500914943576,1.5690831924212077e-19,6.550295840699836e-20,2.7530824594189085e+26,0.0003293598813050229,0.0003136760774333552,8.087999411817098e-07,0.00013822440865040832,23.11597469447455,2.3179366180618384e-06,0.08513044699427397,1.0030665963967562e+30,7789772293.110485,0.1501650749306419,True,3.1513073647706546e-05,0.25,0.2439750182371333
True,0.07999377756925682,1.0906822558470717e-30,7.723101171204954e-20,2.0980500914943576,1.3257634049457015e-19,5.534532878252062e-20,3.856373645112031e+26,0.00038980790394853396,0.0003712456228081276,8.087999411817098e-07,0.00012705588012719839,21.248204557219015,2.3179366180618384e-06,0.08513044699427397,1.1871612471832849e+30,7789772293.110485,0.1501650749306419,True,2.8966818139545352e-05,0.25,0.2439750182371333
True,0.08702542998524213,9.2154872871617e-31,6.525469748788338e-20,2.0980500914943576,1.120175535868843e-19,4.6762856099000945e-20,5.401806124562495e+26,0.0004613500629726882,0.0004393810123549411,8.087999411817098e-07,0.0001167897684100479,19.531350197114662,2.3179366180618384e-06,0.08513044699427397,1.405043126624378e+30,7789772293.110485,0.1501650749306419,True,2.6626300008363674e-05,0.25,0.2439750182371333
True,0.09467518217350566,7.786429593454992e-31,5.51355660095647e-20,2.0980500914943576,9.464684471438107e-20,3.951127870481636e-20,7.566566959699577e+26,0.0005460224855599772,0.0005200214148190259,8.087999411817098e-07,0.00010735315824515537,17.953217623402743,2.3179366180618384e-06,0.08513044699427397,1.6629132667178637e+30,7789772293.110485,0.1501650749306419,True,2.447489567960241e-05,0.25,0.2439750182371333
True,0.1029973666445142,6.578977749586237e-31,4.658562151421399e-20,2.0980500914943576,7.996983443706471e-20,3.338421292285072e-20,1.0598850502109478e+27,0.0006462349930463657,0.0006154618981393958,8.087999411817097e-07,9.867902592927698e-05,16.50259811945179,2.3179366180618384e-06,0.08513044699427397,1.9681107862289415e+30,7789772293.110485,0.1501650749306419,True,2.249732476308238e-05,0.25,0.24397501823713333
True,0.11205109187181692,5.5587670459298795e-31,3.9361528119419633e-20,2.0980500914943576,6.756880738275505e-20,2.820727926333543e-20,1.4846314393882864e+27,0.0007648396856941586,0.000728418748280151,8.087999411817097e-07,9.070576327259898e-05,15.169188632634478,2.3179366180618384e-06,0.08513044699427397,2.3293217658404125e+30,7789772293.110485,0.1501650749306419,True,2.067954152374233e-05,0.25,0.24397501823713333
True,0.1219006621111034,4.696761753428843e-31,3.325768435703145e-20,2.0980500914943576,5.709082384959645e-20,2.3833139492565008e-20,2.0795939242481545e+27,0.0009052121149539311,0.000862106776146601,8.087999411817098e-07,8.33767400253973e-05,13.943518596700276,2.3179366180618384e-06,0.08513044699427397,2.7568264585420283e+30,7789772293.110485,0.1501650749306419,True,1.9008635121538395e-05,0.25,0.2439750182371333
True,0.13261603412240283,3.968428751592326e-31,2.810037164807735e-20,2.0980500914943576,4.8237674957949915e-20,2.0137303309872563e-20,2.912986196460795e+27,0.0010713473534204494,0.0010203308127813805,8.087999411817098e-07,7.663990166061161e-05,12.816882666898517,2.3179366180618384e-06,0.08513044699427397,3.262791870995657e+30,7789772293.110485,0.1501650749306419,True,1.7472737911957102e-05,0.25,0.2439750182371333
True,0.14427331403930435,3.353039303083132e-31,2.3742810181344442e-20,2.0980500914943576,4.075739547004743e-20,1.701458528870299e-20,4.080358420858053e+27,0.0012679736966836998,0.0012075939968416189,8.087999411817097e-07,7.044739965557578e-05,11.781278890101543,2.3179366180618384e-06,0.08513044699427397,3.8616180428946977e+30,7789772293.110485,0.1501650749306419,True,1.6060941155844246e-05,0.25,0.24397501823713333
True,0.15695529791421722,2.833079103035183e-31,2.0060981483350724e-20,2.0980500914943576,3.443709272782997e-20,1.4376111244479248e-20,5.715552261420164e+27,0.001500687233088972,0.0014292259362752113,8.087999411817097e-07,6.475525164697626e-05,10.829351870780549,2.3179366180618384e-06,0.08513044699427397,4.5703478796088116e+30,7789772293.110485,0.1501650749306419,True,1.476321753987772e-05,0.25,0.24397501823713333
True,0.1707520597789095,2.3937498127965255e-31,1.6950098787866073e-20,2.0980500914943576,2.9096887616793054e-20,1.214678882892698e-20,8.006046107624916e+27,0.0017761111113316881,0.0016915343917444647,8.087999411817098e-07,5.9523029045279114e-05,9.954340529168768,2.3179366180618384e-06,0.08513044699427397,5.409152202165209e+30,7789772293.110485,0.1501650749306419,True,1.3570349957383707e-05,0.25,0.2439750182371333
True,0.18576159139703224,2.022547891488308e-31,1.4321624749858996e-20,2.0980500914943576,2.4584795112512216e-20,1.026317036265322e-20,1.12144498634135e+28,0.002102084038725781,0.002001984798786458,8.087999411817097e-07,5.471356988990374e-05,9.1500300805638,2.3179366180618384e-06,0.08513044699427397,6.401903819341887e+30,7789772293.110485,0.1501650749306419,True,1.2473866043661187e-05,0.25,0.24397501823713333
True,0.2020904982524852,1.7089087387059878e-31,1.2100751626450904e-20,2.0980500914943576,2.0772398707529568e-20,8.671647081078664e-21,1.5708613721227276e+28,0.0024878833749047416,0.0023694127380045156,8.087999411817098e-07,5.029271490569091e-05,8.410707894701055,2.3179366180618384e-06,0.08513044699427397,7.57685696026426e+30,7789772293.110485,0.1501650749306419,True,1.1465978000850465e-05,0.25,0.2439750182371333
True,0.21985475671689472,1.4439060204783144e-31,1.0224272209512807e-20,2.0980500914943576,1.755119561053293e-20,7.326923401020122e-21,2.200380295495119e+28,0.002944489170318485,0.002804275400303319,8.087999411817097e-07,4.6229064886000883e-05,7.73112292168856,2.3179366180618384e-06,0.08513044699427397,8.967451404511508e+30,7789772293.110485,0.1501650749306419,True,1.0539527284950676e-05,0.25,0.24397501823713333
True,0.23918053777399972,1.219997621144014e-31,8.638780915535225e-21,2.0980500914943576,1.4829508700289418e-20,6.190727784754193e-21,3.082177415987105e+28,0.0034848966641994653,0.0033189492039994908,8.087999411817097e-07,4.249375767925091e-05,7.106448396325231,2.3179366180618384e-06,0.08513044699427397,1.0613264195695039e+31,7789772293.110485,0.1501650749306419,True,9.687933762124828e-06,0.25,0.24397501823713333
True,0.26020510315146445,1.0308109908039593e-31,7.299153834849995e-21,2.0980500914943576,1.2529877346930329e-20,5.2307235120803336e-21,4.317352615395668e+28,0.004124486135853226,0.003928082034145929,8.087999411817098e-07,3.9060263194934436e-05,6.532247555909169,2.3179366180618384e-06,0.08513044699427397,1.2561136024774279e+31,7789772293.110485,0.1501650749306419,True,8.905148973174024e-06,0.25,0.2439750182371333
True,0.28307778022491015,8.70961779225317e-32,6.167264481611723e-21,2.0980500914943576,1.0586852841999709e-20,4.4195883603879874e-21,6.047521310415588e+28,0.004881460635434132,0.004649010128984887,8.087999411817099e-07,3.590419497314855e-05,6.004442128046176,2.3179366180618384e-06,0.08513044699427397,1.4866504340566711e+31,7789772293.110485,0.1501650749306419,True,8.185613174240936e-06,0.25,0.24397501823713327
True,0.307961022618444,7.359005944239034e-32,5.210898694112947e-21,2.0980500914943576,8.945135694054935e-21,3.7342369999419875e-21,8.471050955975544e+28,0.005777364052252704,0.005502251478335909,8.087999411817097e-07,3.300313697929822e-05,5.519283364642423,2.3179366180618384e-06,0.08513044699427397,1.7594981128473327e+31,7789772293.110485,0.1501650749306419,True,7.524215848623202e-06,0.25,0.24397501823713333
True,0.33503156403461193,6.217835245940867e-32,4.402837802930071e-21,2.0980500914943576,7.558001776280653e-21,3.1551639733505814e-21,1.1865804288303183e+29,0.006837694265108693,0.006512089776293993,8.087999411817098e-07,3.0336484393784644e-05,5.073325416349873,2.3179366180618384e-06,0.08513044699427397,2.0824220261824585e+31,7789772293.110485,0.1501650749306419,True,6.916259409231423e-06,0.25,0.2439750182371333
True,0.36448167350888566,5.253627383727077e-32,3.720083973386476e-21,2.0980500914943576,6.3859725334548606e-21,2.6658885600683837e-21,1.6620996868044414e+29,0.008092628825228694,0.007707265547836851,8.087999411817097e-07,2.788529726588156e-05,4.663400858355665,2.3179366180618384e-06,0.08513044699427397,2.4646127571641905e+31,7789772293.110485,0.1501650749306419,True,6.357425833887406e-06,0.25,0.24397501823713333
True,0.3965205210041451,4.438940498634998e-32,3.1432056751754743e-21,2.0980500914943576,5.395691401664151e-21,2.2524857264886768e-21,2.328182145730024e+29,0.009577883825123222,0.009121794119164974,8.087999411817097e-07,2.5632165992374998e-05,4.2865981936871265,2.3179366180618384e-06,0.08513044699427397,2.9169476534552616e+31,7789772293.110485,0.1501650749306419,True,5.843745996489503e-06,0.25,0.24397501823713333
True,0.43137566304431935,3.75058817674336e-32,2.6557846508667815e-21,2.0980500914943576,4.5589744630864915e-21,1.9031898122197096e-21,3.2611955508621746e+29,0.01133573039721918,0.010795933711637314,8.087999411817098e-07,2.3561087665525196e-05,3.9402411742491323,2.3179366180618384e-06,0.08513044699427397,3.452300402270181e+31,7789772293.110485,0.1501650749306419,True,5.3715714762189544e-06,0.25,0.2439750182371333
True,0.4692946589389276,3.168979551731486e-32,2.243948643731637e-21,2.0980500914943576,3.852008316981292e-21,1.6080596732496557e-21,4.5681118380144656e+29,0.013416197772349337,0.012777331211761273,8.087999411817097e-07,2.1657352412109876e-05,3.621869792721087,2.3179366180618384e-06,0.08513044699427397,4.0859074222319265e+31,7789772293.110485,0.1501650749306419,True,4.9375486445616095e-06,0.25,0.24397501823713333
True,0.5105468290777841,2.677561738599675e-32,1.8959765860766146e-21,2.0980500914943576,3.2546723378765307e-21,1.3586957517999161e-21,6.398771689447105e+29,0.01587849713777119,0.01512237822644875,8.087999411817098e-07,1.9907438916269877e-05,3.3292228103081336,2.3179366180618384e-06,0.08513044699427397,4.835801499797564e+31,7789772293.110485,0.1501650749306419,True,4.538594846097602e-06,0.25,0.2439750182371333
True,0.5554251677841955,2.2623487299233788e-32,1.6019650115400005e-21,2.0980500914943576,2.7499660320671335e-21,1.1480010205271328e-21,8.96306408108137e+29,0.018792706818457877,0.01789781601757893,8.087999411817099e-07,1.8298918384105807e-05,3.06022169624956,2.3179366180618384e-06,0.08513044699427397,5.723325011771908e+31,7789772293.110485,0.1501650749306419,True,4.171876503882544e-06,0.25,0.24397501823713327
True,0.6042484243127103,1.911523346782912e-32,1.353546197270736e-21,2.0980500914943576,2.3235251946919442e-21,9.699789974212085e-22,1.2554990492013105e+30,0.022241766742799294,0.021182634993142185,8.087999411817098e-07,1.6820366267933143e-05,2.812955865014563,2.3179366180618384e-06,0.08513044699427397,6.773737340489507e+31,7789772293.110485,0.1501650749306419,True,3.834788993913415e-06,0.25,0.2439750182371333
True,0.6573633667717687,1.61510091568416e-32,1.143650014169066e-21,2.0980500914943576,1.9632130969668795e-21,8.195630827978133e-22,1.7586372788213087e+30,0.026323838956249287,0.02507032281547551,8.087999411817098e-07,1.5461281123214788e-05,2.5856691063321415,2.3179366180618384e-06,0.08513044699427397,8.016933769018402e+31,7789772293.110485,0.1501650749306419,True,3.5249381457369925e-06,0.25,0.2439750182371333
True,0.7151472450507887,1.36464509954011e-32,9.663027073225874e-22,2.0980500914943576,1.6587750685497862e-21,6.924723612271989e-22,2.4634069459690262e+30,0.031155101364368273,0.029671525108922164,8.087999411817097e-07,1.4212010021851449e-05,2.3767471116742325,2.3179366180618384e-06,0.08513044699427397,9.488296316518089e+31,7789772293.110485,0.1501650749306419,True,3.24012323780866e-06,0.25,0.24397501823713333
True,0.7780104702446848,1.153027795114574e-32,8.164568798238361e-22,2.0980500914943576,1.401546644270766e-21,5.850897644469298e-22,3.450611365133608e+30,0.036873054216646946,0.03511719449204471,8.087999411817099e-07,1.3063679992076178e-05,2.18470600859868,2.3179366180618384e-06,0.08513044699427397,1.1229700728970066e+32,7789772293.110485,0.1501650749306419,True,2.9783213668257632e-06,0.25,0.24397501823713327
True,0.846399529606477,9.742262634840469e-33,6.8984784122015095e-22,2.0980500914943576,1.1842069689315977e-21,4.9435912771144675e-22,4.8334355850837666e+30,0.04364043343536567,0.04156231755749112,8.087999411817098e-07,1.2008134998003535e-05,2.008181821516976,2.3179366180618384e-06,0.08513044699427397,1.3290708284762753e+32,7789772293.110485,0.1501650749306419,True,2.7376730800184186e-06,0.25,0.2439750182371333
True,0.9208001577315016,8.231517197447751e-33,5.828722321977172e-22,2.0980500914943576,1.0005704419461634e-21,4.1769820974844607e-22,6.770423291134513e+30,0.05164984216487197,0.04919032587130664,8.087999411817097e-07,1.1037878011229573e-05,1.8459207840317002,2.3179366180618384e-06,0.08513044699427397,1.57299763345396e+32,7789772293.110485,0.1501650749306419,True,2.51646916835083e-06,0.25,0.24397501823713333
True,1.0017407864966161,6.955045035386444e-33,4.9248547109496335e-22,2.0980500914943576,8.454106719196045e-22,3.529252008246412e-22,9.483654169840833e+30,0.06112923235758495,0.058218316531033286,8.087999411817097e-07,1.0146017763044928e-05,1.696770434036818,2.3179366180618384e-06,0.08513044699427397,1.8616927720010723e+32,7789772293.110485,0.1501650749306419,True,2.3131385268315938e-06,0.25,0.24397501823713333
True,1.089796298257657,5.8765170847546956e-33,4.1611510351955786e-22,2.0980500914943576,7.143117308216627e-22,2.981966273021048e-22,1.3284205808949884e+31,0.07234839240552518,0.06890323086240493,8.087999411817097e-07,9.326219799067714e-06,1.5596714283336521,2.3179366180618384e-06,0.08513044699427397,2.20337265842585e+32,7789772293.110485,0.1501650749306419,True,2.12623699571061e-06,0.25,0.24397501823713333
True,1.1855921089623183,4.9652378772116636e-33,3.515875889538755e-22,2.0980500914943576,6.035424743703256e-22,2.519548854164501e-22,1.8607819392627744e+31,0.08562662545875077,0.08154916710357216,8.087999411817099e-07,8.572661488660685e-06,1.4336500186256467,2.3179366180618384e-06,0.08513044699427397,2.6077616806130134e+32,7789772293.110485,0.1501650749306419,True,1.9544371033069612e-06,0.25,0.24397501823713327
True,1.2898086101788073,4.195271930929219e-33,2.97066440657541e-22,2.0980500914943576,5.099503517183566e-22,2.128839110608156e-22,2.606485833841688e+31,0.1013418369596454,0.09651603519966227,8.087999411817097e-07,7.879990669586447e-06,1.3178111354525788,2.3179366180618384e-06,0.08513044699427397,3.086368961177916e+32,7789772293.110485,0.1501650749306419,True,1.7965186376160676e-06,0.25,0.24397501823713333
True,1.4031860015899118,3.544705613243734e-33,2.5099995829635967e-22,2.0980500914943576,4.308716822109077e-22,1.7987172391454799e-22,3.651028773800882e+31,0.11994129002903241,0.1142298000276499,8.087999411817099e-07,7.243287634173288e-06,1.2113320309426805,2.3179366180618384e-06,0.08513044699427397,3.652815913102617e+32,7789772293.110485,0.1501650749306419,True,1.65135997973069e-06,0.25,0.24397501823713327
True,1.5265295482753287,2.9950234672341236e-33,2.1207706574100017e-22,2.0980500914943576,3.640558456439523e-22,1.5197877990295215e-22,5.114169789089142e+31,0.14195433480801195,0.135194604579059,8.087999411817097e-07,6.658030186997807e-06,1.1134564352302208,2.3179366180618384e-06,0.08513044699427397,4.323223912258152e+32,7789772293.110485,0.1501650749306419,True,1.5179301375213046e-06,0.25,0.24397501823713333
True,1.6607153001222132,2.5305812521549805e-33,1.7918999715612634e-22,2.0980500914943576,3.0760122843872077e-22,1.284112312825944e-22,7.163661053375878e+31,0.1680074740392362,0.16000711813260587,8.087999411817097e-07,6.120061525905922e-06,1.0234891850344021,2.3179366180618384e-06,0.08513044699427397,5.116673120175276e+32,7789772293.110485,0.1501650749306419,True,1.3952814229948882e-06,0.25,0.24397501823713333
False,1.8066963139861723,2.138160700180476e-33,1.5140276940659804e-22,2.0980500914943576,2.599011027268253e-22,1.0849833332022724e-22,1.003448102116969e+32,0.1988421936619261,0.18937351777326294,8.087999411817098e-07,5.62556071824645e-06,0.9407912862489273,2.3179366180618384e-06,0.08513044699427397,6.055745515399273e+32,7789772293.110485,0.1501650749306419,False,1.2825427213229149e-06,0.25,0.2439750182371333
False,1.9655094227957095,1.8065933176036555e-33,1.2792454348897155e-22,2.0980500914943576,2.1959789803660296e-22,9.167335454763139e-23,1.4055775198459916e+32,0.23533606588867045,0.22412958656063853,8.087999411817097e-07,5.171015562624272e-06,0.8647753754742046,2.3179366180618384e-06,0.08513044699427397,7.167167588384466e+32,7789772293.110485,0.1501650749306419,False,1.1789133037317142e-06,0.25,0.24397501823713333
False,2.138282599677844,1.526442523676862e-33,1.0808711684073437e-22,2.0980500914943576,1.8554456412899563e-22,7.745744728826126e-23,1.9688593362510824e+32,0.27852772536858955,0.26526450035103766,8.087999411817098e-07,4.753197643423061e-06,0.79490154825762,2.3179366180618384e-06,0.08513044699427397,8.482570991360776e+32,7789772293.110485,0.1501650749306419,False,1.083657140311113e-06,0.25,0.2439750182371333
False,2.3262429694086837,1.289735080598901e-33,9.13259059466547e-23,2.0980500914943576,1.5677192534912444e-22,6.544601940246972e-23,2.757874988188335e+32,0.32964642927149057,0.31394898025856244,8.087999411817098e-07,4.369139400921998e-06,0.7306735244119001,2.3179366180618384e-06,0.08513044699427397,1.0039392791664069e+33,7789772293.110485,0.1501650749306419,False,9.960976723480066e-07,0.25,0.2439750182371333
False,2.53072552409051,1.0897341710060924e-33,7.716387799728965e-23,2.0980500914943576,1.324610973813522e-22,5.529721938406253e-23,3.863086768279347e+32,0.39014704258845223,0.3715686119890021,8.087999411817097e-07,4.016113054146352e-06,0.6716351231756325,2.3179366180618384e-06,0.08513044699427397,1.1881940950210412e+33,7789772293.110485,0.1501650749306419,False,9.156130070552181e-07,0.25,0.24397501823713333
False,2.753182604958582,9.207476646342743e-34,6.519797428627326e-23,2.0980500914943576,1.11920181374299e-22,4.672220708802573e-23,5.4112095157214745e+32,0.46175144434874016,0.43976328033213347,8.087999411817097e-07,3.6916112267512176e-06,0.6173670231807297,2.3179366180618384e-06,0.08513044699427397,1.406265534918729e+33,7789772293.110485,0.1501650749306419,False,8.416315005661469e-07,0.25,0.24397501823713333
False,2.9951942176623927,7.779661173208549e-34,5.508763894918365e-23,2.0980500914943576,9.456457213844136e-23,3.94769331892577e-23,7.579738737288763e+32,0.5464975331955997,0.5204738411386663,8.087999411817097e-07,3.3933291383333183e-06,0.5674837842144344,2.3179366180618384e-06,0.08513044699427397,1.66436002584682e+33,7789772293.110485,0.1501650749306419,False,7.736276978233292e-07,0.25,0.24397501823713333
False,3.2584792542858563,6.57325891713977e-34,4.654512656591126e-23,2.0980500914943576,7.990031997732269e-23,3.3355193411411426e-23,1.0617300837943203e+33,0.6467972270451877,0.6159973590906549,8.087999411817097e-07,3.119148234684337e-06,0.5216311096228742,2.3179366180618384e-06,0.08513044699427397,1.9698230717123537e+33,7789772293.110485,0.1501650749306419,False,7.111186005238955e-07,0.25,0.24397501823713333
False,3.5449077018110318,5.553935040327424e-34,3.9327312775833065e-23,2.0980500914943576,6.751007262140834e-23,2.8182759845575285e-23,1.4872158657504104e+33,0.7655051075292036,0.7290524833611463,8.087999411817098e-07,2.867121140719353e-06,0.479483329912338,2.3179366180618384e-06,0.08513044699427397,2.3313483102167395e+33,7789772293.110485,0.1501650749306419,False,6.536602366149351e-07,0.25,0.2439750182371333
True,1e-06,2.7612475561444577e-21,2.4710079380397033e-10,2.0980500914943576,3.35639545092715e-10,8.853875128874472e-11,9417904.490593484,1.5229240228170702e-14,1.4504038312543526e-14,4.043999705908549e-07,5.081839906880633,849862.0745481235,2.3179366180618384e-06,0.08513044699427397,7.420912152798634e+20,7789772293.110485,0.1501650749306419,True,2.317165207143905,0.5,0.4879500364742666
True,1.0879024922894468e-06,2.333057278042254e-21,2.0878254979765054e-10,2.0980500914943576,2.8359148086336343e-10,7.480893106571286e-11,13192107.103603711,1.802429059832607e-14,1.7165991046024827e-14,4.0439997059085487e-07,4.671227378279193,781193.2416476251,2.3179366180618384e-06,0.08513044699427397,8.782885760727052e+20,7789772293.110485,0.1501650749306419,True,2.1299383203613442,0.5,0.48795003647426666
True,1.1835318327295895e-06,1.971267027656962e-21,1.7640636611871577e-10,2.0980500914943576,2.3961457818106514e-10,6.320821206234937e-11,18478812.352235317,2.133232168548756e-14,2.0316496843321485e-14,4.043999705908549e-07,4.293792331010094,718072.8486094703,2.3179366180618384e-06,0.08513044699427397,1.0394824881047903e+21,7789772293.110485,0.1501650749306419,True,1.9578393610248799,0.5,0.4879500364742666
True,1.287567230530417e-06,1.6655800656502937e-21,1.4905079968307083e-10,2.0980500914943576,2.0245723144466676e-10,5.34064317615959e-11,25884152.03632221,2.524748178080225e-14,2.404522074362119e-14,4.043999705908548e-07,3.946854025468754,660052.5816411312,2.3179366180618384e-06,0.08513044699427397,1.2302606142369764e+21,7789772293.110485,0.1501650749306419,True,1.7996459930013455,0.5,0.4879500364742667
True,1.4007475990842613e-06,1.407296381550593e-21,1.259372967935418e-10,2.0980500914943576,1.710619231742486e-10,4.512462638070679e-11,36257163.81921035,2.988119838383983e-14,2.845828417508555e-14,4.043999705908549e-07,3.6279483257389735,606720.3506925307,2.3179366180618384e-06,0.08513044699427397,1.4560525995029192e+21,7789772293.110485,0.1501650749306419,True,1.654234644884454,0.5,0.4879500364742666
True,1.5238768041122235e-06,1.1890650869144258e-21,1.0640803509534008e-10,2.0980500914943576,1.4453512651174556e-10,3.8127091416405476e-11,50787135.169363216,3.536534948738225e-14,3.368128522607833e-14,4.0439997059085487e-07,3.3348101980206977,557697.36257862,2.3179366180618384e-06,0.08513044699427397,1.7232846016403664e+21,7789772293.110485,0.1501650749306419,True,1.5205725298075086,0.5,0.48795003647426666
True,1.6578293731357647e-06,1.0046752052051484e-21,8.990720160853665e-11,2.0980500914943576,1.2212187498024702e-10,3.221467337171037e-11,71139957.65285335,4.185601689392398e-14,3.986287323230855e-14,4.0439997059085497e-07,3.065357623184341,512635.4305935716,2.3179366180618384e-06,0.08513044699427397,2.0395621828941028e+21,7789772293.110485,0.1501650749306419,True,1.3977103100550172,0.5,0.48795003647426655
True,1.8035567068250495e-06,8.488789041593052e-22,7.596517400058678e-11,2.0980500914943576,1.0318427574406366e-10,2.7219101743476884e-11,99649124.88119036,4.9537928385226494e-14,4.7178979414501423e-14,4.0439997059085487e-07,2.817676809190334,471214.5015080818,2.3179366180618384e-06,0.08513044699427397,2.41388676828662e+21,7789772293.110485,0.1501650749306419,True,1.2847753543735272,0.5,0.48795003647426666
True,1.9620938363403183e-06,7.172421397416316e-22,6.41851548896557e-11,2.0980500914943576,8.71833548457154e-11,2.299819995605969e-11,139583272.4281751,5.862971517139427e-14,5.583782397275645e-14,4.043999705908549e-07,2.5900085983447356,433140.3823852173,2.3179366180618384e-06,0.08513044699427397,2.85691183087197e+21,7789772293.110485,0.1501650749306419,True,1.1809655400915293,0.5,0.4879500364742666
True,2.134566774660394e-06,6.060184609377592e-22,5.423187878405004e-11,2.0980500914943576,7.366371772582041e-11,1.9431838941770362e-11,195520933.7260907,6.939013424921413e-14,6.608584214210869e-14,4.043999705908549e-07,2.3807359728482353,398142.6510694823,2.3179366180618384e-06,0.08513044699427397,3.381246095138749e+21,7789772293.110485,0.1501650749306419,True,1.0855435560279258,0.5,0.4879500364742666
True,2.322200514111288e-06,5.120423838031409e-22,4.582207025135488e-11,2.0980500914943576,6.224058845627257e-11,1.6418518204917693e-11,273875478.4875344,8.21254327613246e-14,7.821469786792819e-14,4.0439997059085487e-07,2.1883725698964738,365972.7355083149,2.3179366180618384e-06,0.08513044699427397,4.0018123878893324e+21,7789772293.110485,0.1501650749306419,True,0.9978316657253388,0.5,0.48795003647426666
True,2.526327726897505e-06,4.326393001379719e-22,3.8716381751790365e-11,2.0980500914943576,5.2588858816519175e-11,1.3872477064728813e-11,383630418.9394671,9.719806394972122e-14,9.256958471402021e-14,4.043999705908549e-07,2.011552124759943,336402.1482643542,2.3179366180618384e-06,0.08513044699427397,4.736272349678636e+21,7789772293.110485,0.1501650749306419,True,0.9172068938140241,0.5,0.4879500364742666
True,2.7483982304317225e-06,3.6554935674199313e-22,3.271258168231824e-11,2.0980500914943576,4.443383554393569e-11,1.1721253861617441e-11,537369388.2651433,1.150370027641809e-13,1.0955905025160086e-13,4.0439997059085487e-07,1.8490187668627516,309220.86367906944,2.3179366180618384e-06,0.08513044699427397,5.605529094321614e+21,7789772293.110485,0.1501650749306419,True,0.8430966013174593,0.5,0.48795003647426666
True,2.989989284690576e-06,3.088631388130249e-22,2.7639798759677576e-11,2.0980500914943576,3.754342242021285e-11,9.903623660535272e-12,752718880.433778,1.3614995471320988e-13,1.2966662353639035e-13,4.043999705908548e-07,1.6996180999379513,284235.8261615217,2.3179366180618384e-06,0.08513044699427397,6.634322122421499e+21,7789772293.110485,0.1501650749306419,True,0.7749744184731084,0.5,0.4879500364742667
True,3.2528167947336175e-06,2.609673270052156e-22,2.335365893448905e-11,2.0980500914943576,3.172151469185762e-11,8.367855757368572e-12,1054369164.5530075,1.6113780542777596e-13,1.5346457659788186e-13,4.043999705908549e-07,1.5622890029061103,261269.57900736033,2.3179366180618384e-06,0.08513044699427397,7.851931420467974e+21,7789772293.110485,0.1501650749306419,True,0.7123565061811801,0.5,0.4879500364742666
True,3.5387474979516724e-06,2.2049878151848637e-22,1.9732176430462624e-11,2.0980500914943576,2.6802417826564082e-11,7.070241396101457e-12,1476905075.7961044,1.9071172217995973e-13,1.8163021159996163e-13,4.0439997059085487e-07,1.436056093242636,240159.00400920032,2.3179366180618384e-06,0.08513044699427397,9.293010784533514e+21,7789772293.110485,0.1501650749306419,True,0.6547981195282075,0.5,0.48795003647426666
True,3.849812222604668e-06,1.8630574642842374e-22,1.6672281965542197e-11,2.0980500914943576,2.2646131760351098e-11,5.973849794808903e-12,2068771238.9967504,2.25713394074664e-13,2.1496513721396569e-13,4.043999705908549e-07,1.3200227993048483,220754.1629064527,2.3179366180618384e-06,0.08513044699427397,1.0998574085394785e+22,7789772293.110485,0.1501650749306419,True,0.6018904489778414,0.5,0.4879500364742666
True,4.188220311817992e-06,1.574150701115872e-22,1.4086889346348008e-11,2.0980500914943576,1.9134366422677554e-11,5.047477076329546e-12,2897826346.0792713,2.671389869608032e-13,2.5441808281981255e-13,4.0439997059085487e-07,1.2133649924148198,202917.2324459745,2.3179366180618384e-06,0.08513044699427397,1.3017162544699463e+22,7789772293.110485,0.1501650749306419,True,0.553257716793338,0.5,0.48795003647426666
True,4.556375315484077e-06,1.3300450884243604e-22,1.1902416949664376e-11,2.0980500914943576,1.6167175139301327e-11,4.2647581896369515e-12,4059123296.833657,3.1616749483124534e-13,3.0111189983928124e-13,4.043999705908549e-07,1.1153251334697676,186521.52548979223,2.3179366180618384e-06,0.08513044699427397,1.5406226243467122e+22,7789772293.110485,0.1501650749306419,True,0.5085545080690362,0.5,0.4879500364742666
True,4.956892061521242e-06,1.1237932530778373e-22,1.0056693551041822e-11,2.0980500914943576,1.366011009776968e-11,3.603416546727858e-12,5685807212.426739,3.7419429460714693e-13,3.5637551867347325e-13,4.043999705908549e-07,1.0252068925061575,171450.59121729305,2.3179366180618384e-06,0.08513044699427397,1.8233759181377347e+22,7789772293.110485,0.1501650749306419,True,0.4674633174144163,0.5,0.4879500364742666
True,5.392615227738732e-06,9.495251602029353e-23,8.497188899303187e-12,2.0980500914943576,1.1541818918605048e-11,3.044630019301862e-12,7964380801.662729,4.428708592933525e-13,4.217817707555738e-13,4.043999705908549e-07,0.9423702030028914,157597.38803105618,2.3179366180618384e-06,0.08513044699427397,2.158023442148552e+22,7789772293.110485,0.1501650749306419,True,0.42969229386602353,0.5,0.4879500364742666
True,5.866639546214977e-06,8.022810489288158e-23,7.179518678180441e-12,2.0980500914943576,9.752013929347465e-12,2.5724952511670233e-12,11156087286.121761,5.241517597619875e-13,4.991921521542738e-13,4.043999705908548e-07,0.8662267157966641,144863.52329187072,2.3179366180618384e-06,0.08513044699427397,2.554089439559483e+22,7789772293.110485,0.1501650749306419,True,0.3949731680104477,0.5,0.4879500364742667
True,6.3823317836911014e-06,6.778702750043557e-23,6.066181305510185e-12,2.0980500914943576,8.239756345933099e-12,2.1735750404229147e-12,15626862481.209503,6.203502928595445e-13,5.908098027233756e-13,4.043999705908548e-07,0.7962356203208296,133158.55448314245,2.3179366180618384e-06,0.08513044699427397,3.0228461553571246e+22,7789772293.110485,0.1501650749306419,True,0.36305934659570704,0.5,0.4879500364742667
True,6.943354654095699e-06,5.727520428757524e-23,5.1254906186339725e-12,2.0980500914943576,6.962006528315912e-12,1.836515909681939e-12,21889290101.774136,7.342043190423945e-13,6.992422086118042e-13,4.0439997059085487e-07,0.7318998034880719,122399.34684120052,2.3179366180618384e-06,0.08513044699427397,3.5776346503094106e+22,7789772293.110485,0.1501650749306419,True,0.33372416109798897,0.5,0.48795003647426666
True,7.55369283304024e-06,4.839346327971674e-23,4.3306740696724755e-12,2.0980500914943576,5.882399049850124e-12,1.5517249801776494e-12,30661370555.719,8.689541833142254e-13,8.275754126802147e-13,4.043999705908549e-07,0.6727623189352372,112509.4828890557,2.3179366180618384e-06,0.08513044699427397,4.234244494517582e+22,7789772293.110485,0.1501650749306419,True,0.30675925780414387,0.5,0.4879500364742666
True,8.217681259053408e-06,4.0889025492543354e-23,3.659110764840692e-12,2.0980500914943576,4.970207718269391e-12,1.3110969534286988e-12,42948841190.55625,1.0284349371359294e-12,9.794618448913612e-13,4.0439997059085497e-07,0.6184031415530966,103418.71967981622,2.3179366180618384e-06,0.08513044699427397,5.0113631468215656e+22,7789772293.110485,0.1501650749306419,True,0.28197311797547353,0.5,0.48795003647426655
True,8.940035922564481e-06,3.454831071019074e-23,3.0916876620053844e-12,2.0980500914943576,4.199471092219428e-12,1.1077834302140438e-12,60160486181.1229,1.2171854859916265e-12,1.1592242723729776e-12,4.043999705908549e-07,0.5684361842500169,95062.48989482108,2.3179366180618384e-06,0.08513044699427397,5.931107809631253e+22,7789772293.110485,0.1501650749306419,True,0.25918969758224614,0.5,0.4879500364742666
True,9.725887361315082e-06,2.9190858880839453e-23,2.612255603531168e-12,2.0980500914943576,3.548253605088214e-12,9.359980015570458e-13,84269656577.94978,1.4405777690075258e-12,1.371978827626215e-12,4.043999705908549e-07,0.5225065557610461,87381.44325303081,2.3179366180618384e-06,0.08513044699427397,7.019654896049659e+22,7789772293.110485,0.1501650749306419,True,0.23824717694762507,0.5,0.4879500364742666
True,1.0580817100101087e-05,2.4664194129461172e-23,2.2071697028262524e-12,2.0980500914943576,2.9980212673324216e-12,7.908515645061689e-13,118040519127.21744,1.7049696471429732e-12,1.623780616326641e-12,4.0439997059085487e-07,0.4802880400259524,80321.02497452716,2.3179366180618384e-06,0.08513044699427397,8.307985024250859e+22,7789772293.110485,0.1501650749306419,True,0.21899681142033606,0.5,0.48795003647426666
True,1.1510897293658791e-05,2.0839485214840256e-23,1.864901003748948e-12,2.0980500914943576,2.5331141794623703e-12,6.682131757134222e-13,165344973762.111,2.0178858512314534e-12,1.92179604879186e-12,4.043999705908549e-07,0.4414807792334447,73831.08830415,2.3179366180618384e-06,0.08513044699427397,9.83276474204164e+22,7789772293.110485,0.1501650749306419,True,0.20130187491294896,0.5,0.4879500364742666
True,1.252273385425922e-05,1.760787892521493e-23,1.5757083604992006e-12,2.0980500914943576,2.140300843130039e-12,5.645924826308383e-13,231606575017.92523,2.388232139747061e-12,2.274506799759106e-12,4.043999705908549e-07,0.40580914407537316,67865.53834321642,2.3179366180618384e-06,0.08513044699427397,1.1637390075947381e+23,7789772293.110485,0.1501650749306419,True,0.18503668880224525,0.5,0.4879500364742666
True,1.3623513370326033e-05,1.4877402059060572e-23,1.3313611995252641e-12,2.0980500914943576,1.8084015857806247e-12,4.770403862553605e-13,324422353888.4875,2.8265487613385463e-12,2.691951201274806e-12,4.0439997059085487e-07,0.37301977608431086,62382.00465962362,2.3179366180618384e-06,0.08513044699427397,1.3773221604775146e+23,7789772293.110485,0.1501650749306419,True,0.1700857292943994,0.5,0.48795003647426666
True,1.4821054149316291e-05,1.2570343819776013e-23,1.124905273105105e-12,2.0980500914943576,1.5279703813372666e-12,4.030651082321616e-13,454433833298.5634,3.3453104358065616e-12,3.186009938863392e-12,4.0439997059085487e-07,0.3428797881502283,57341.54035105042,2.3179366180618384e-06,0.08513044699427397,1.6301046208490305e+23,7789772293.110485,0.1501650749306419,True,0.15634280691503968,0.5,0.48795003647426666
True,1.612386174739804e-05,1.0621044125855849e-23,9.504647378268873e-13,2.0980500914943576,1.29102601136912e-12,3.4056127354223265e-13,636547100935.6205,3.959281391139564e-12,3.77074418203768e-12,4.043999705908549e-07,0.3151751104353587,52708.34542384168,2.3179366180618384e-06,0.08513044699427397,1.9292807094544265e+23,7789772293.110485,0.1501650749306419,True,0.143710312296484,0.5,0.4879500364742666
True,1.75411893803248e-05,8.974024890703986e-24,8.030749250189766e-13,2.0980500914943576,1.0908249154495619e-12,2.8774999043058535e-13,891641823339.6172,4.685935561147568e-12,4.462795772521493e-12,4.043999705908549e-07,0.28970896993910317,48449.51252287244,2.3179366180618384e-06,0.08513044699427397,2.2833651339104393e+23,7789772293.110485,0.1501650749306419,True,0.13209852290534924,0.5,0.4879500364742666
True,1.9083103644576486e-05,7.582411087336074e-24,6.785410436885686e-13,2.0980500914943576,9.216692659071008e-13,2.431282222185324e-13,1248965143286.0715,5.545953902737715e-12,5.281860859750205e-12,4.043999705908549e-07,0.26630049291405056,44534.79320643204,2.3179366180618384e-06,0.08513044699427397,2.7024353217278568e+23,7789772293.110485,0.1501650749306419,True,0.1214249657865509,0.5,0.4879500364742666
True,2.0760556015552625e-05,6.40659666064804e-24,5.733187945808273e-13,2.0980500914943576,7.787448046762235e-13,2.0542601009539614e-13,1749484925797.9092,6.563812986741014e-12,6.25125046356287e-12,4.0439997059085487e-07,0.2447834202067424,40936.38310609095,2.3179366180618384e-06,0.08513044699427397,3.198418229157761e+23,7789772293.110485,0.1501650749306419,True,0.11161383179756923,0.5,0.48795003647426666
True,2.2585460630634318e-05,5.413117318418449e-24,4.844134975724141e-13,2.0980500914943576,6.579838270004121e-13,1.7357032942799793e-13,2450586809445.5073,7.768481613891841e-12,7.398553917992229e-12,4.0439997059085497e-07,0.2250049263988781,37628.724445645945,2.3179366180618384e-06,0.08513044699427397,3.7854297885907976e+23,7789772293.110485,0.1501650749306419,True,0.1025954371725748,0.5,0.48795003647426655
True,2.4570778909572255e-05,4.573698120087001e-24,4.0929486151226445e-13,2.0980500914943576,5.55949412431855e-13,1.4665455091959054e-13,3432653589678.356,9.19424528201553e-12,8.756424078110028e-12,4.0439997059085487e-07,0.2068245343618657,34588.324516527035,2.3179366180618384e-06,0.08513044699427397,4.480176655360051e+23,7789772293.110485,0.1501650749306419,True,0.09430572859215246,0.5,0.48795003647426666
True,2.673061161321663e-05,3.864448757190282e-24,3.4582497081494136e-13,2.0980500914943576,4.697376082818693e-13,1.2391263746692798e-13,4808281274229.929,1.0881681969189224e-11,1.036350663732307e-11,4.0439997059085487e-07,0.19011311751534998,31793.58882038895,2.3179366180618384e-06,0.08513044699427397,5.302431687870605e+23,7789772293.110485,0.1501650749306419,True,0.08668582824338408,0.5,0.48795003647426666
True,2.9080298994439595e-05,3.265183622714797e-24,2.921974392673177e-13,2.0980500914943576,3.968947816118386e-13,1.0469734234452085e-13,6735188450599.383,1.2878817004175053e-11,1.226554000397624e-11,4.043999705908549e-07,0.17475198270321515,29224.66769377524,2.3179366180618384e-06,0.08513044699427397,6.275596693468946e+23,7789772293.110485,0.1501650749306419,True,0.07968161563906088,0.5,0.4879500364742666
True,3.163652975257313e-05,2.7588473181868507e-24,2.4688599933423016e-13,2.0980500914943576,3.3534778755927227e-13,8.846178822504206e-14,9434299051557.13,1.52424898923403e-11,1.4516657040324095e-11,4.0439997059085487e-07,0.16063202717318595,26863.315325505973,2.3179366180618384e-06,0.08513044699427397,7.427368456093056e+23,7789772293.110485,0.1501650749306419,True,0.07324334322589349,0.5,0.48795003647426666
True,3.4417459565213534e-05,2.331029248131077e-24,2.0860106378789572e-13,2.0980500914943576,2.8334496655308107e-13,7.474390276518536e-14,13215071745511.568,1.8039971997643753e-11,1.718092571204167e-11,4.0439997059085487e-07,0.14765296367245412,24692.76016545676,2.3179366180618384e-06,0.08513044699427397,8.790527001197755e+23,7789772293.110485,0.1501650749306419,True,0.06732528305156821,0.5,0.48795003647426666
True,3.744284003926706e-05,1.9695534870025455e-24,1.7625302338239372e-13,2.0980500914943576,2.3940629116802046e-13,6.315326778562673e-14,18510980019251.594,2.135088112076179e-11,2.033417249596361e-11,4.0439997059085487e-07,0.1357226081555567,22697.5858043048,2.3179366180618384e-06,0.08513044699427397,1.0403868532386524e+24,7789772293.110485,0.1501650749306419,True,0.061885401981095635,0.5,0.48795003647426666
True,4.073415899711364e-05,1.6641322459913522e-24,1.4892123600587957e-13,2.0980500914943576,2.0228124377176792e-13,5.336000776588836e-14,25929210818663.195,2.5269447463246703e-11,2.4066140441187335e-11,4.0439997059085487e-07,0.12475622504543972,20863.62147818845,2.3179366180618384e-06,0.08513044699427397,1.2313309591613077e+24,7789772293.110485,0.1501650749306419,True,0.0568850631556698,0.5,0.48795003647426666
True,4.43147930942746e-05,1.4060730771840276e-24,1.2582782472561023e-13,2.0980500914943576,1.7091322614047837e-13,4.5085401414868155e-14,36320279800392.41,2.990719546824056e-11,2.8483043303086247e-11,4.043999705908549e-07,0.11467592539740862,19177.84142058703,2.3179366180618384e-06,0.08513044699427397,1.457319386792872e+24,7789772293.110485,0.1501650749306419,True,0.05228875157364277,0.5,0.4879500364742666
True,4.8210173852552404e-05,1.1880314819595474e-24,1.0631553900448368e-13,2.0980500914943576,1.4440948812192102e-13,3.8093949117437345e-14,50875544728467.85,3.53961178643287e-11,3.371058844221781e-11,4.043999705908549e-07,0.10541011369141917,17628.27234656672,2.3179366180618384e-06,0.08513044699427397,1.7247838847233215e+24,7789772293.110485,0.1501650749306419,True,0.048063821844550894,0.5,0.4879500364742666
True,5.244796828789928e-05,1.0038018827255199e-24,8.98290490077375e-14,2.0980500914943576,1.2201571950022515e-13,3.218667049248767e-14,71263797130505.28,4.189243224748149e-11,3.989755452141094e-11,4.0439997059085487e-07,0.09689297932353096,16203.908412295968,2.3179366180618384e-06,0.08513044699427397,2.0413366321490554e+24,7789772293.110485,0.1501650749306419,True,0.044180266324606476,0.5,0.48795003647426666
True,5.705827541592349e-05,8.481410089413844e-25,7.589914062603959e-14,2.0980500914943576,1.030945819334823e-13,2.7195441307442726e-14,99822592732183.16,4.9581027115361946e-11,4.722002582415423e-11,4.0439997059085487e-07,0.08906402918484323,14894.6330458307,2.3179366180618384e-06,0.08513044699427397,2.4159868854654187e+24,7789772293.110485,0.1501650749306419,True,0.040610501986837896,0.5,0.48795003647426666
True,6.207384003072083e-05,7.166186709024205e-25,6.412936139705912e-14,2.0980500914943576,8.710756997191565e-14,2.297820857485653e-14,139826257103971.61,5.86807238904598e-11,5.58864037051998e-11,4.0439997059085487e-07,0.0818676580080367,13691.147093969374,2.3179366180618384e-06,0.08513044699427397,2.859397386405541e+24,7789772293.110485,0.1501650749306419,True,0.037329174512115273,0.5,0.48795003647426666
True,6.753028527539761e-05,6.054916742287166e-25,5.4184737261487115e-14,2.0980500914943576,7.359968491174312e-14,1.9414947650256008e-14,195861293927326.8,6.945050469197491e-11,6.614333780188086e-11,4.0439997059085497e-07,0.0752527534299049,12584.902774840524,2.3179366180618384e-06,0.08513044699427397,3.384187829234747e+24,7789772293.110485,0.1501650749306419,True,0.034312978209616506,0.5,0.48795003647426655
True,7.346636565612223e-05,5.1159728659960815e-25,4.5782239026491264e-14,2.0980500914943576,6.21864852946117e-14,1.640424626812042e-14,274352237222237.56,8.219688310208767e-11,7.828274581151207e-11,4.043999705908549e-07,0.06917233296482175,11568.04296711935,2.3179366180618384e-06,0.08513044699427397,4.0052940238353554e+24,7789772293.110485,0.1501650749306419,True,0.03154049048771486,0.5,0.4879500364742666
True,7.992424229674335e-05,4.3226322474124295e-25,3.868272720717878e-14,2.0980500914943576,5.2543145503057733e-14,1.3860418295878946e-14,384298237592448.2,9.728262770247405e-11,9.265012162140384e-11,4.0439997059085487e-07,0.06358321031074322,10633.34540467395,2.3179366180618384e-06,0.08513044699427397,4.740392976650751e+24,7789772293.110485,0.1501650749306419,True,0.028992019699613986,0.5,0.48795003647426666
True,8.694978238897252e-05,3.6523159985001195e-25,3.2684145992055525e-14,2.0980500914943576,4.439521105391584e-14,1.1711065061860316e-14,538304833639930.25,1.1513708665745897e-10,1.0965436824519902e-10,4.0439997059085487e-07,0.05844568861767664,9774.171380282924,2.3179366180618384e-06,0.08513044699427397,5.610405987513914e+24,7789772293.110485,0.1501650749306419,True,0.026649465283052634,0.5,0.48795003647426666
True,9.459288496498826e-05,3.0859465689881364e-25,2.7615772629178706e-14,2.0980500914943576,3.751078748049114e-14,9.895014851312433e-15,754029203296585.4,1.3626840718684806e-10,1.2977943541604577e-10,4.0439997059085487e-07,0.05372327854004641,8984.418594090703,2.3179366180618384e-06,0.08513044699427397,6.640094080759408e+24,7789772293.110485,0.1501650749306419,True,0.024496189200715876,0.5,0.48795003647426666
True,0.00010290783530625965,2.6074047893337964e-25,2.33333585675412e-14,2.0980500914943576,3.169394049501795e-14,8.360581927476746e-15,1056204596157110.2,1.6127799770099223e-10,1.5359809304856403e-10,4.0439997059085487e-07,0.04938243907042436,8258.477811906983,2.3179366180618384e-06,0.08513044699427397,7.858762716898081e+24,7789772293.110485,0.1501650749306419,True,0.022516897768259214,0.5,0.48795003647426666
True,0.00011195369050579179,2.20307111074513e-25,1.9715024068028045e-14,2.0980500914943576,2.6779119596573874e-14,7.064095528545831e-15,1479476052208833.8,1.9087764419801388e-10,1.8178823256953703e-10,4.0439997059085487e-07,0.04539233931388559,7591.193025514034,2.3179366180618384e-06,0.08513044699427397,9.301095841317354e+24,7789772293.110485,0.1501650749306419,True,0.0206975330306242,0.5,0.48795003647426666
True,0.00012179469892225225,1.861437985714477e-25,1.665778944243445e-14,2.0980500914943576,2.2626446417425858e-14,5.968656974991409e-15,2072372528034184.2,2.2590976806478183e-10,2.1515216006169698e-10,4.0439997059085487e-07,0.04172463951099078,6977.824832020263,2.3179366180618384e-06,0.08513044699427397,1.100814300746789e+25,7789772293.110485,0.1501650749306419,True,0.019025172915145258,0.5,0.48795003647426666
True,0.000132500756505161,1.5727823572108125e-25,1.4074644197796055e-14,2.0980500914943576,1.91177337116842e-14,5.0430895138881445e-15,2902870843052064.0,2.6737140182922773e-10,2.546394303135502e-10,4.0439997059085487e-07,0.038353289754105596,6414.016772161,2.3179366180618384e-06,0.08513044699427397,1.3028487668577888e+25,7789772293.110485,0.1501650749306419,True,0.01748793945228267,0.5,0.48795003647426666
True,0.00014414790323220164,1.328888935402349e-25,1.1892070672349901e-14,2.0980500914943576,1.6153121684604665e-14,4.261051012254764e-15,4066189363856870.0,3.164425652264249e-10,3.013738716442142e-10,4.043999705908549e-07,0.035254344967436096,5895.764388463684,2.3179366180618384e-06,0.08513044699427397,1.5419629888086816e+25,7789772293.110485,0.1501650749306419,True,0.01607491441211797,0.5,0.4879500364742666
True,0.00015681886318461014,1.1228163862204878e-25,1.0047951684512882e-14,2.0980500914943576,1.3648235930714747e-14,3.6002842462018645e-15,5695704988844469.0,3.7451984917608325e-10,3.566855706438888e-10,4.043999705908548e-07,0.03240579483667212,5419.386783512449,2.3179366180618384e-06,0.08513044699427397,1.8249622821459349e+25,7789772293.110485,0.1501650749306419,True,0.014776061757418135,0.5,0.4879500364742667
True,0.00017060363209653513,9.486997773696778e-26,8.489802645476133e-15,2.0980500914943576,1.1531786094200534e-14,3.0419834487244e-15,7978245088216140.0,4.432561634889794e-10,4.2214872713236134e-10,4.043999705908549e-07,0.02978740748031145,4981.5004763042425,2.3179366180618384e-06,0.08513044699427397,2.159900954450552e+25,7789772293.110485,0.1501650749306419,True,0.013582156362490275,0.5,0.4879500364742666
True,0.0001856001165514522,8.0158365929346e-26,7.17327782041658e-15,2.0980500914943576,9.74353690817483e-15,2.570259087758251e-15,1.117550765222451e+16,5.246077795427972e-10,4.996264567074259e-10,4.0439997059085487e-07,0.02738058575233621,4578.995371010577,2.3179366180618384e-06,0.08513044699427397,2.556311535135247e+25,7789772293.110485,0.1501650749306419,True,0.01248471849155083,0.5,0.48795003647426666
True,0.00020191482936553665,6.772810304939249e-26,6.060908225740568e-15,2.0980500914943576,8.232593867545775e-15,2.171685641805207e-15,1.5654065512401274e+16,6.208900067864876e-10,5.913238159871311e-10,4.043999705908549e-07,0.02516823515562951,4209.012667462751,2.3179366180618384e-06,0.08513044699427397,3.025476076206408e+25,7789772293.110485,0.1501650749306419,True,0.011475953571240788,0.5,0.4879500364742666
True,0.00021966364609696568,5.72254173283963e-26,5.121035242256428e-15,2.0980500914943576,6.9559547448410174e-15,1.83491950258459e-15,2.192739468240382e+16,7.348430876554989e-10,6.998505596719036e-10,4.043999705908549e-07,0.023134642427984495,3868.92455646926,2.3179366180618384e-06,0.08513044699427397,3.580747245352099e+25,7789772293.110485,0.1501650749306419,True,0.01054869682952018,0.5,0.4879500364742666
True,0.00023897262805427596,4.83513968495607e-26,4.3269095943501064e-15,2.0980500914943576,5.877285724371636e-15,1.5503761300215297e-15,3.0714745455550156e+16,8.69710186301583e-10,8.282954155253171e-10,4.0439997059085487e-07,0.021265363938360482,3556.3155557510167,2.3179366180618384e-06,0.08513044699427397,4.237928349832999e+25,7789772293.110485,0.1501650749306419,True,0.009696362407738284,0.5,0.48795003647426666
True,0.00025997891764920577,4.085348235885422e-26,3.655930051641211e-15,2.0980500914943576,4.965887322875634e-15,1.3099572712344231e-15,4.3023605953346104e+16,1.029329690737105e-09,9.803139911781952e-10,4.043999705908548e-07,0.019547123100718686,3268.965353932496,2.3179366180618384e-06,0.08513044699427397,5.015723106854537e+25,7789772293.110485,0.1501650749306419,True,0.008912896584447272,0.5,0.4879500364742667
True,0.0002828317124532835,3.451827929683444e-26,3.0890001861711795e-15,2.0980500914943576,4.195820666202765e-15,1.1068204800315854e-15,6.026521274309662e+16,1.2182444553610652e-09,1.160232814629586e-09,4.043999705908548e-07,0.017967716076817308,3004.8330407379567,2.3179366180618384e-06,0.08513044699427397,5.936267961119688e+25,7789772293.110485,0.1501650749306419,True,0.008192734778730447,0.5,0.4879500364742667
True,0.0003076933248764192,2.9165484478118884e-26,2.6099848780974412e-15,2.0980500914943576,3.545169255419102e-15,9.351843773216608e-16,8.441635205819483e+16,1.4418310929661422e-09,1.3731724694915639e-09,4.0439997059085487e-07,0.016515925098218115,2762.0426113873573,2.3179366180618384e-06,0.08513044699427397,7.0257620995979285e+25,7789772293.110485,0.1501650749306419,True,0.007530762027660373,0.5,0.48795003647426666
True,0.0003347403349938829,2.4642754568632325e-26,2.205251101762097e-15,2.0980500914943576,2.995415211809595e-15,7.901641100474984e-16,1.1824600246896816e+17,1.7064529959447255e-09,1.625193329471167e-09,4.0439997059085487e-07,0.015181438791872807,2538.869642236732,2.3179366180618384e-06,0.08513044699427397,8.315213094059226e+25,7789772293.110485,0.1501650749306419,True,0.006922276657177418,0.5,0.48795003647426666
True,0.00036416484470964906,2.082137031481323e-26,1.863279922666813e-15,2.0980500914943576,2.5309122483856217e-15,6.676323257188088e-16,1.6563280405971805e+17,2.019641441757356e-09,1.9234680397689103e-09,4.0439997059085487e-07,0.0139547789433997,2333.729043026445,2.3179366180618384e-06,0.08513044699427397,9.841319392748975e+25,7789772293.110485,0.1501650749306419,True,0.006362956888360256,0.5,0.48795003647426666
True,0.00039617584216382654,1.7592573126480877e-26,1.5743386625854542e-15,2.0980500914943576,2.1384403683917465e-15,5.641017058062922e-16,2.320097526162439e+17,2.390309937019714e-09,2.2764856543044896e-09,4.043999705908549e-07,0.012827233177885672,2145.163798747448,2.3179366180618384e-06,0.08513044699427397,1.1647514777377444e+26,7789772293.110485,0.1501650749306419,True,0.005848830141908832,0.5,0.4879500364742666
True,0.0004310006860748974,1.4864469750599755e-26,1.3302039024624655e-15,2.0980500914943576,1.8068296172987954e-15,4.766257148363299e-16,3.2498710394133715e+17,2.8290079005526924e-09,2.6942932386216116e-09,4.043999705908549e-07,0.011790793080077681,1971.8346211644737,2.3179366180618384e-06,0.08513044699427397,1.3785204511214506e+26,7789772293.110485,0.1501650749306419,True,0.005376244822824338,0.5,0.4879500364742666
True,0.0004688867205593423,1.2559416941340482e-26,1.1239274396148728e-15,2.0980500914943576,1.5266421800685233e-15,4.027147404536503e-16,4.5522490557917536e+17,3.3482209053476165e-09,3.1887818146167773e-09,4.0439997059085487e-07,0.010838097314460999,1812.5104364958547,2.3179366180618384e-06,0.08513044699427397,1.6315228359709915e+26,7789772293.110485,0.1501650749306419,True,0.0049418443848862304,0.5,0.48795003647426666
True,0.0005101030318979338,1.0611811692782776e-26,9.496385382577753e-16,2.0980500914943576,1.2899037760121888e-15,3.4026523775441353e-16,6.376551935333889e+17,3.96272602448959e-09,3.774024785228181e-09,4.043999705908549e-07,0.009962379341233665,1666.0596416885674,2.3179366180618384e-06,0.08513044699427397,1.9309592121969238e+26,7789772293.110485,0.1501650749306419,True,0.004542543490718842,0.5,0.4879500364742666
True,0.0005549423597261648,8.966224143129873e-27,8.023768453000689e-16,2.0980500914943576,1.0898767066005101e-15,2.8749986130044136e-16,8.931939813855014e+17,4.690012394369397e-09,4.466678470827997e-09,4.043999705908549e-07,0.0091574193568288,1531.442067186016,2.3179366180618384e-06,0.08513044699427397,2.285351695337506e+26,7789772293.110485,0.1501650749306419,True,0.004175506098123966,0.5,0.4879500364742666
True,0.0006037231762230813,7.575820011913827e-27,6.77951216106744e-16,2.0980500914943576,9.208680970472237e-16,2.4291688094047966e-16,1.2511393249422536e+18,5.5507789646325035e-09,5.28645615679286e-09,4.0439997059085497e-07,0.008417500117641412,1407.7015891039632,2.3179366180618384e-06,0.08513044699427397,2.704786480414473e+26,7789772293.110485,0.1501650749306419,True,0.003838125317037176,0.5,0.48795003647426655
True,0.0006567919480659909,6.4010276719314324e-27,5.72820432335292e-16,2.0980500914943576,7.780678741216597e-16,2.052474417863677e-16,1.7525304055327647e+18,6.569523601088358e-09,6.256689143893674e-09,4.0439997059085487e-07,0.007737366333196941,1293.9593383424576,2.3179366180618384e-06,0.08513044699427397,3.201200900307159e+26,7789772293.110485,0.1501650749306419,True,0.0035280048940415577,0.5,0.48795003647426666
True,0.0007145255972166317,5.408411920082199e-27,4.83992417013569e-16,2.0980500914943576,6.574118689542946e-16,1.7341945194072574e-16,2.454852757872177e+18,7.775240307756384e-09,7.404990769291794e-09,4.0439997059085487e-07,0.007112187340350674,1189.4074584013258,2.3179366180618384e-06,0.08513044699427397,3.788723168476135e+26,7789772293.110485,0.1501650749306419,True,0.0032429421929322157,0.5,0.48795003647426666
True,0.0007773341780165789,4.5697223940388096e-27,4.089390784676515e-16,2.0980500914943576,5.554661486696983e-16,1.4652707020204687e-16,3.4386291066948296e+18,9.202244411351891e-09,8.76404229652561e-09,4.043999705908549e-07,0.0065375227934108,1093.3033675640052,2.3179366180618384e-06,0.08513044699427397,4.4840744752916176e+26,7789772293.110485,0.1501650749306419,True,0.0029809125504507076,0.5,0.4879500364742666
True,0.0008456637896060046,3.861089552191951e-27,3.455243595134335e-16,2.0980500914943576,4.69329284864795e-16,1.2380492535136147e-16,4.816651465344039e+18,1.0891149193392922e-08,1.0372523041326592e-08,4.0439997059085487e-07,0.006009291126498706,1004.9644846967785,2.3179366180618384e-06,0.08513044699427397,5.307044881837862e+26,7789772293.110485,0.1501650749306419,True,0.0027400548960757488,0.5,0.48795003647426666
True,0.0009199997443513106,3.262345334038957e-27,2.919434441543898e-16,2.0980500914943576,3.96549777442299e-16,1.0460633328790923e-16,6.746912975706351e+18,1.2890021765387716e-08,1.2276211205131158e-08,4.0439997059085487e-07,0.0055237405641496385,923.7633812032836,2.3179366180618384e-06,0.08513044699427397,6.281056555379752e+26,7789772293.110485,0.1501650749306419,True,0.002518658533734411,0.5,0.48795003647426666
True,0.0010008700147854446,2.7564491666565334e-27,2.466713915764125e-16,2.0980500914943576,3.350562836385506e-16,8.838489206213807e-17,9.450722151951118e+18,1.5255751083913623e-08,1.4529286746584403e-08,4.0439997059085487e-07,0.00507742247425608,849.1233247009676,2.3179366180618384e-06,0.08513044699427397,7.4338303764668e+26,7789772293.110485,0.1501650749306419,True,0.002315150991550719,0.5,0.48795003647426666
True,0.0010888489835428595,2.329002981102178e-27,2.0841973553640098e-16,2.0980500914943576,2.8309866652746304e-16,7.467893099106209e-17,1.323807636395792e+19,1.805566704001068e-08,1.719587337143874e-08,4.043999705908549e-07,0.004667166874092601,780.5141827683683,2.3179366180618384e-06,0.08513044699427397,8.79817488966063e+26,7789772293.110485,0.1501650749306419,True,0.0021280868533342357,0.5,0.4879500364742666
True,0.0011845615229231076,1.967841435857942e-27,1.7609981394055172e-16,2.0980500914943576,2.3919818521023646e-16,6.309837126968474e-17,1.854320368330817e+19,2.1369456703019086e-08,2.0351863526684844e-08,4.0439997059085487e-07,0.0042900599154532095,717.4486576695009,2.3179366180618384e-06,0.08513044699427397,1.0412920051835503e+27,7789772293.110485,0.1501650749306419,True,0.001956137492484058,0.5,0.48795003647426666
True,0.0012886874330582312,1.6626856848619724e-27,1.487917849530175e-16,2.0980500914943576,2.021054090776517e-16,5.331362412463417e-17,2.5974348038724334e+19,2.5291432256159783e-08,2.4087078339199794e-08,4.0439997059085487e-07,0.003943423188989072,659.4788253124224,2.3179366180618384e-06,0.08513044699427397,1.2324022353015562e+27,7789772293.110485,0.1501650749306419,True,0.001798081635393119,0.5,0.48795003647426666
True,0.0014019662702061378,1.4048508361852076e-27,1.2571844781720657e-16,2.0980500914943576,1.7076465836287192e-16,4.5046210545665354e-17,3.6383505653021966e+19,2.9933215170489e-08,2.8507823971894282e-08,4.0439997059085487e-07,0.003624794700755122,606.1929538598414,2.3179366180618384e-06,0.08513044699427397,1.4585872762064907e+27,7789772293.110485,0.1501650749306419,True,0.0016527966873291472,0.5,0.48795003647426666
True,0.0015252025994629973,1.1869987754745794e-27,1.0622312331664207e-16,2.0980500914943576,1.4428395894433692e-16,3.806083562769486e-17,5.096410818973918e+19,3.5426913010218e-08,3.373991715258857e-08,4.0439997059085487e-07,0.003331911385851216,557.2125793959098,2.3179366180618384e-06,0.08513044699427397,1.7262844722047286e+27,7789772293.110485,0.1501650749306419,True,0.0015192507591842202,0.5,0.48795003647426666
True,0.0016592717092021373,1.0029293193888956e-27,8.975096434175224e-17,2.0980500914943576,1.219096562967585e-16,3.215869195500625e-17,7.138785218624765e+19,4.192887928293504e-08,3.9932265983747656e-08,4.0439997059085487e-07,0.003062693034960646,512.1898178790624,2.3179366180618384e-06,0.08513044699427397,2.043112625201094e+27,7789772293.110485,0.1501650749306419,True,0.0013964953384627502,0.5,0.48795003647426666
True,0.0018051258278263752,8.474037551451669e-28,7.583316465156569e-17,2.0980500914943576,1.0300496609000979e-16,2.7171801438444112e-17,9.999636255366857e+19,4.962416334202984e-08,4.726110794479032e-08,4.043999705908549e-07,0.002815227519623871,470.80489428899074,2.3179366180618384e-06,0.08513044699427397,2.418088829777214e+27,7789772293.110485,0.1501650749306419,True,0.0012836585524534302,0.5,0.4879500364742666
True,0.001963800886988364,7.159957440188089e-28,6.407361640343124e-17,2.0980500914943576,8.703185097476302e-17,2.2958234571331765e-17,1.4006966476421054e+20,5.8731776987865086e-08,5.593502570272865e-08,4.043999705908549e-07,0.0025877572113097553,432.763871418477,2.3179366180618384e-06,0.08513044699427397,2.861885104409175e+27,7789772293.110485,0.1501650749306419,True,0.001179938975736716,0.5,0.4879500364742666
True,0.0021364238793148654,6.049653454335088e-28,5.413763671709431e-17,2.0980500914943576,7.353570775873502e-17,1.9398071041640706e-17,1.9620224662300452e+20,6.951092765791338e-08,6.620088348372703e-08,4.0439997059085487e-07,0.002378666497825487,397.796562178788,2.3179366180618384e-06,0.08513044699427397,3.387132122682897e+27,7789772293.110485,0.1501650749306419,True,0.001084599938045535,0.5,0.48795003647426666
True,0.00232422086289333,5.111525763006071e-28,4.574244242525883e-17,2.0980500914943576,6.213242916258449e-17,1.6389986737325664e-17,2.7482982589211165e+20,8.226839560570412e-08,7.835085295781345e-08,4.0439997059085487e-07,0.002186470308400232,365.6546105907353,2.3179366180618384e-06,0.08513044699427397,4.008778688856154e+27,7789772293.110485,0.1501650749306419,True,0.0009969642920506952,0.5,0.48795003647426666
True,0.0025285256693727822,4.318874762512569e-28,3.8649101917066857e-17,2.0980500914943576,5.2497471926283504e-17,1.3848370009216652e-17,3.84967218775121e+20,9.736726502694196e-08,9.273072859708757e-08,4.043999705908549e-07,0.0020098035659417363,336.1097278316093,2.3179366180618384e-06,0.08513044699427397,4.744517188629245e+27,7789772293.110485,0.1501650749306419,True,0.0009164096039091005,0.5,0.4879500364742666
True,0.002750789377528488,3.649141191709159e-28,3.265573501975878e-17,2.0980500914943576,4.4356620138562955e-17,1.1700885118804172e-17,5.3924190742539384e+20,1.1523725762520401e-07,1.0974976916686096e-07,4.043999705908549e-07,0.0018474114915503028,308.95207080947154,2.3179366180618384e-06,0.08513044699427397,5.615287123675398e+27,7789772293.110485,0.1501650749306419,True,0.0008423637324155355,0.5,0.4879500364742666
True,0.002992590619576578,3.0832640836479346e-28,2.7591767383598444e-17,2.0980500914943576,3.7478180908968795e-17,9.886413525370348e-18,7.553418071517379e+20,1.3638696271588957e-07,1.2989234544370436e-07,4.043999705908549e-07,0.0016981406924277747,283.9887517486006,2.3179366180618384e-06,0.08513044699427397,6.64587106078641e+27,7789772293.110485,0.1501650749306419,True,0.0007743007653588652,0.5,0.4879500364742666
True,0.0032556467934393785,2.6051382805116234e-28,2.3313075846860243e-17,2.0980500914943576,3.166639026728375e-17,8.353314420423508e-18,1.058043222855764e+21,1.6141831194355896e-07,1.5373172566053233e-07,4.043999705908548e-07,0.0015609309698832528,261.0424682003969,2.3179366180618384e-06,0.08513044699427397,7.865599956657083e+27,7789772293.110485,0.1501650749306419,True,0.000711737284220556,0.5,0.4879500364742667
True,0.0035418262605968454,2.2011560724170566e-28,1.9697886615430616e-17,2.0980500914943576,2.6755841618768542e-17,7.057955003337926e-18,1.4820515041425854e+21,1.9104371057067697e-07,1.8194639101969235e-07,4.043999705908549e-07,0.0014348077892517162,239.9502437493674,2.3179366180618384e-06,0.08513044699427397,9.309187932220137e+27,7789772293.110485,0.1501650749306419,True,0.0006542289306854457,0.5,0.4879500364742666
True,0.0038531616161595196,1.8598199148902583e-28,1.664330951707586e-17,2.0980500914943576,2.2606778186152642e-17,5.963468669076778e-18,2.0759800861469455e+21,2.2610631290317468e-07,2.153393456220711e-07,4.043999705908549e-07,0.001318875358243018,220.5622704700325,2.3179366180618384e-06,0.08513044699427397,1.1017720254644675e+28,7789772293.110485,0.1501650749306419,True,0.0006013672505783559,0.5,0.4879500364742666
True,0.004191864125413969,1.57141520275035e-28,1.4062409693443803e-17,2.0980500914943576,1.9101115458816578e-17,5.0387057653727735e-18,2.907924121417059e+21,2.676040189020237e-07,2.548609703828797e-07,4.0439997059085487e-07,0.0012123102645601074,202.74084491328662,2.3179366180618384e-06,0.08513044699427397,1.303982264548151e+28,7789772293.110485,0.1501650749306419,True,0.0005527767928105427,0.5,0.48795003647426666
True,0.004560339429376579,1.3277337873761977e-28,1.1881733388625086e-17,2.0980500914943576,1.6139080445993173e-17,4.257347057368085e-18,4.0732677313941555e+21,3.1671787493691596e-07,3.016360713684914e-07,4.043999705908549e-07,0.0011143556275975154,186.3593900650294,2.3179366180618384e-06,0.08513044699427397,1.543304519407553e+28,7789772293.110485,0.1501650749306419,True,0.0005081124427311922,0.5,0.4879500364742666
True,0.004961204630904614,1.1218403685129731e-28,1.0039217416925865e-17,2.0980500914943576,1.3636372085380643e-17,3.5971546684547785e-18,5.70561999517776e+21,3.748456869823091e-07,3.569958923641039e-07,4.043999705908549e-07,0.0010243157226824612,171.30155633051598,2.3179366180618384e-06,0.08513044699427397,1.8265500263142803e+28,7789772293.110485,0.1501650749306419,True,0.00046705697094405046,0.5,0.4879500364742666
True,0.005397306882719067,9.478751120074782e-29,8.482422812213133e-18,2.0980500914943576,1.1521761990914086e-17,3.0393391787009547e-18,7.992133509532365e+21,4.4364180290495326e-07,4.2251600276662215e-07,4.0439997059085487e-07,0.0009415510396771235,157.4603951591461,2.3179366180618384e-06,0.08513044699427397,2.1617801002160156e+28,7789772293.110485,0.1501650749306419,True,0.00042931878017959913,0.5,0.48795003647426666
True,0.005871743609361058,8.008868758699845e-29,7.167042387571484e-18,2.0980500914943576,9.735067255725051e-18,2.5680248681535676e-18,1.1194961825038332e+22,5.250641960675586e-07,5.000611391119605e-07,4.0439997059085487e-07,0.0008654737408457145,144.7375994403479,2.3179366180618384e-06,0.08513044699427397,2.558535563967018e+28,7789772293.110485,0.1501650749306419,True,0.00039462983421989885,0.5,0.48795003647426666
True,0.006387884506708527,6.766922981893037e-29,6.055639729640454e-18,2.0980500914943576,8.225437615203794e-18,2.1697978855633393e-18,1.568131589826241e+22,6.214301902725263e-07,5.91838276450025e-07,4.0439997059085487e-07,0.000795543485725784,133.04280527545575,2.3179366180618384e-06,0.08513044699427397,3.0281082851257197e+28,7789772293.110485,0.1501650749306419,True,0.0003627437541662547,0.5,0.48795003647426666
True,0.006949395475305349,5.71756736469557e-29,5.116583738752748e-18,2.0980500914943576,6.949908221930455e-18,1.8333244831777077e-18,2.196556559497293e+22,7.354824120067409e-07,7.004594400064199e-07,4.043999705908549e-07,0.0007312635933498004,122.29295016640013,2.3179366180618384e-06,0.08513044699427397,3.583862548398496e+28,7789772293.110485,0.1501650749306419,True,0.0003334340685283983,0.5,0.4879500364742666
True,0.007560264657489693,4.830936698600742e-29,4.323148391329978e-18,2.0980500914943576,5.872176843694877e-18,1.549028452364898e-18,3.0768213269686174e+22,8.70466847022717e-07,8.2901604478354e-07,4.0439997059085487e-07,0.0006721775145591271,112.41168306273437,2.3179366180618384e-06,0.08513044699427397,4.24161541015701e+28,7789772293.110485,0.1501650749306419,True,0.0003064926047064198,0.5,0.48795003647426666
True,0.008224830763250849,4.081797012133691e-29,3.65275210330378e-18,2.0980500914943576,4.9615706830223864e-18,1.308818579718606e-18,4.309850086562527e+22,1.0302252227871417e-06,9.811668788448969e-07,4.043999705908548e-07,0.0006178655893549406,103.32882207684683,2.3179366180618384e-06,0.08513044699427397,5.020086860117186e+28,7789772293.110485,0.1501650749306419,True,0.0002817280104409163,0.5,0.4879500364742667
True,0.008947813885999509,3.448827398853995e-29,3.0863150464482294e-18,2.0980500914943576,4.192173413350003e-18,1.1058583669017732e-18,6.037012161165549e+22,1.219304346049515e-06,1.1612422343328713e-06,4.043999705908548e-07,0.0005679420662550994,94.97985601576804,2.3179366180618384e-06,0.08513044699427397,5.941432602016222e+28,7789772293.110485,0.1501650749306419,True,0.00025896439472992765,0.5,0.4879500364742667
True,0.009734349027120986,2.914013213231396e-29,2.6077161265111343e-18,2.0980500914943576,3.542087586847205e-18,9.343714603360712e-19,8.456330290395136e+22,1.4430855073351369e-06,1.3743671498429874e-06,4.043999705908549e-07,0.0005220523624869068,87.30548618919588,2.3179366180618384e-06,0.08513044699427397,7.0318746165035945e+28,7789772293.110485,0.1501650749306419,True,0.00023804007855974992,0.5,0.4879500364742666
True,0.01059002256742026,2.462133364432446e-29,2.203334168458268e-18,2.0980500914943576,2.9928114216227434e-18,7.894772531644751e-19,1.1845184351334443e+23,1.7079376352818606e-06,1.62660727169701e-06,4.043999705908549e-07,0.0004798705455562192,80.25120523941912,2.3179366180618384e-06,0.08513044699427397,8.322447452395157e+28,7789772293.110485,0.1501650749306419,True,0.00021880644657666377,0.5,0.4879500364742666
True,0.011520911944497985,2.0803271161317278e-29,1.86166025072321e-18,2.0980500914943576,2.528712231356208e-18,6.6705198063299825e-19,1.659211354084219e+23,2.0213985596729823e-06,1.92514148540284e-06,4.0439997059085497e-07,0.00044109701830570417,73.76691000177206,2.3179366180618384e-06,0.08513044699427397,9.849881486128946e+28,7789772293.110485,0.1501650749306419,True,0.00020112689154355595,0.5,0.48795003647426655
True,0.012533628817866614,1.757728063244274e-29,1.5729701552932858e-18,2.0980500914943576,2.136581510886967e-18,5.636113555936812e-19,2.324136320606816e+23,2.3923895420067163e-06,2.278466230482587e-06,4.0439997059085487e-07,0.0004054563910203324,67.8065456459545,2.3179366180618384e-06,0.08513044699427397,1.1657648287447453e+29,7789772293.110485,0.1501650749306419,True,0.00018487584408442026,0.5,0.48795003647426666
True,0.01363536602838792,1.4851548683658224e-29,1.3290476113899965e-18,2.0980500914943576,1.805259015263959e-18,4.762114038739623e-19,3.2555283710345265e+23,2.8314691792543136e-06,2.6966373135755367e-06,4.0439997059085497e-07,0.0003726955254666859,62.32777857072319,2.3179366180618384e-06,0.08513044699427397,1.3797197842959637e+29,7789772293.110485,0.1501650749306419,True,0.0001699378808254741,0.5,0.48795003647426655
True,0.014833948685562074,1.25484995611871e-29,1.1229504561147309e-18,2.0980500914943576,1.5253151333500459e-18,4.023646772353149e-19,4.5601735494773095e+23,3.351133907040204e-06,3.1915561019430513e-06,4.0439997059085487e-07,0.0003425817369738377,57.29169572868326,2.3179366180618384e-06,0.08513044699427397,1.632942284961077e+29,7789772293.110485,0.1501650749306419,True,0.00015620690459845047,0.5,0.48795003647426666
True,0.01613788974551674,1.0602587285080784e-29,9.488130568696753e-19,2.0980500914943576,1.2887825161678998e-18,3.3996945929822435e-19,6.387652150837893e+23,3.966173654721562e-06,3.7773082425919637e-06,4.0439997059085487e-07,0.0003149011417860514,52.66252824562908,2.3179366180618384e-06,0.08513044699427397,1.9326391752616267e+29,7789772293.110485,0.1501650749306419,True,0.00014358539088344158,0.5,0.48795003647426666
True,0.017556450474439968,8.958430176421994e-30,8.0167937239289925e-19,2.0980500914943576,1.0889293219900723e-18,2.8724994959717287e-19,8.947488414071598e+23,4.6940927744964264e-06,4.470564547139453e-06,4.0439997059085487e-07,0.0002894571379493347,48.40739737143439,2.3179366180618384e-06,0.08513044699427397,2.2873399851023953e+29,7789772293.110485,0.1501650749306419,True,0.00013198369513914057,0.5,0.48795003647426666
True,0.01909970622689944,7.569234665840058e-30,6.773619012375717e-19,2.0980500914943576,9.200676246102053e-19,2.427057233726338e-19,1.2533172913844934e+24,5.555608224402457e-06,5.291055451811864e-06,4.0439997059085487e-07,0.00026606900894232205,44.49608095810414,2.3179366180618384e-06,0.08513044699427397,2.7071396846438992e+29,7789772293.110485,0.1501650749306419,True,0.0001213194161007817,0.5,0.48795003647426666
True,0.020778618006240163,6.395463524105703e-30,5.723225032953837e-19,2.0980500914943576,7.773915319947467e-19,2.05069028699363e-19,1.7555811867976176e+24,6.575239183754619e-06,6.26213255595678e-06,4.043999705908549e-07,0.00024457064013374093,40.900798806392984,2.3179366180618384e-06,0.08513044699427397,3.203985992421597e+29,7789772293.110485,0.1501650749306419,True,0.00011151681052358832,0.5,0.4879500364742666
True,0.02260511031531905,5.403710611953537e-30,4.835717024825866e-19,2.0980500914943576,6.568404080875811e-19,1.7326870560499456e-19,2.4591261324042616e+24,7.782004881784516e-06,7.411433220747158e-06,4.0439997059085487e-07,0.0002248093389500854,37.596015356412046,2.3179366180618384e-06,0.08513044699427397,3.7920194136506664e+29,7789772293.110485,0.1501650749306419,True,0.00010250625521493723,0.5,0.48795003647426666
True,0.024592155850513473,4.565750123924351e-30,4.085836046904806e-19,2.0980500914943576,5.549833049886834e-19,1.463997002982028e-19,3.444615025810635e+24,9.210250500049043e-06,8.771667142903851e-06,4.043999705908549e-07,0.00020664475037370612,34.558258320828706,2.3179366180618384e-06,0.08513044699427397,4.487975686384156e+29,7789772293.110485,0.1501650749306419,True,9.422375253430753e-05,0.5,0.4879500364742666
True,0.026753867640544104,3.857733267211175e-30,3.452240095208598e-19,2.0980500914943576,4.689213163863286e-19,1.2369730686546878e-19,4.825036227173817e+24,1.090062465422166e-05,1.0381547289734913e-05,4.0439997059085487e-07,0.0001899478600686267,31.765951972499156,2.3179366180618384e-06,0.08513044699427397,5.311662089352079e+29,7789772293.110485,0.1501650749306419,True,8.661047584882122e-05,0.5,0.48795003647426666
True,0.02910559928452991,3.259509512569723e-30,2.9168966982887717e-19,2.0980500914943576,3.962050731705724e-19,1.0451540334169523e-19,6.758657910708306e+24,1.2901236274908308e-05,1.2286891690388865e-05,4.0439997059085487e-07,0.00017460007805376854,29.199263902456,2.3179366180618384e-06,0.08513044699427397,6.286521167451147e+29,7789772293.110485,0.1501650749306419,True,7.961235171596398e-05,0.5,0.48795003647426666
True,0.03166405400121802,2.7540530997398604e-30,2.4645697036821633e-19,2.0980500914943576,3.3476503311009503e-19,8.830806274187868e-20,9.467173841456505e+24,1.5269023812919693e-05,1.4541927440875897e-05,4.043999705908549e-07,0.0001604923964153532,26.839964159846108,2.3179366180618384e-06,0.08513044699427397,7.440297918806812e+29,7789772293.110485,0.1501650749306419,True,7.317967582593089e-05,0.5,0.4879500364742666
True,0.03444740326391264,2.326978475423154e-30,2.0823856490603344e-19,2.0980500914943576,2.8285258060024033e-19,7.461401569420688e-20,1.3261121028533414e+25,1.8071375737296515e-05,1.721083403552049e-05,4.043999705908549e-07,0.00014752461507612117,24.671295773357908,2.3179366180618384e-06,0.08513044699427397,8.805829431899543e+29,7789772293.110485,0.1501650749306419,True,6.726675997582042e-05,0.5,0.4879500364742666
True,0.037475415863710185,1.96613087292838e-30,1.7594673767732214e-19,2.0980500914943576,2.3899026015032896e-19,6.304352247300683e-20,1.8575483441883994e+25,2.138804844630758e-05,2.036956994886436e-05,4.0439997059085487e-07,0.00013560463012237574,22.677855734513635,2.3179366180618384e-06,0.08513044699427397,1.0421979446240231e+30,7789772293.110485,0.1501650749306419,True,6.183160756830353e-05,0.5,0.48795003647426666
True,0.04076959831771378,1.6612403811681812e-30,1.4866244642658627e-19,2.0980500914943576,2.0192972722934171e-19,5.3267280802755456e-20,2.601956383304847e+25,2.5313436176167673e-05,2.410803445349302e-05,4.0439997059085487e-07,0.00012464777963418512,20.84548559750884,2.3179366180618384e-06,0.08513044699427397,1.2334744434678814e+30,7789772293.110485,0.1501650749306419,True,5.6835615329992865e-05,0.5,0.48795003647426666
True,0.044353347619480454,1.4036296576297815e-30,1.2560916598561178e-19,2.0980500914943576,1.70616219729071e-19,4.5007053743459245e-20,3.64468415683623e+25,2.9959257510263217e-05,2.853262620025068e-05,4.043999705908549e-07,0.0001145762423724841,19.16117091858147,2.3179366180618384e-06,0.08513044699427397,1.459856268702652e+30,7789772293.110485,0.1501650749306419,True,5.224329913095853e-05,0.5,0.4879500364742666
True,0.048252117416612984,1.1859669666785199e-30,1.0613078796192429e-19,2.0980500914943576,1.4415853888405966e-19,3.8027750922135376e-20,5.105282582108796e+25,3.545773494833955e-05,3.3769271379370996e-05,4.0439997059085487e-07,0.00010531848505224306,17.612948820677445,2.3179366180618384e-06,0.08513044699427397,1.7277863652194303e+30,7789772293.110485,0.1501650749306419,True,4.802204195802017e-05,0.5,0.48795003647426666
True,0.05249359879577628,1.002057514535384e-30,8.967294755152802e-20,2.0980500914943576,1.2180368528963488e-19,3.2130737738106855e-20,7.151212319535591e+25,4.1965358027848324e-05,3.996700764556983e-05,4.0439997059085487e-07,9.68087542759504e-05,16.189823026888842,2.3179366180618384e-06,0.08513044699427397,2.0448901633933472e+30,7789772293.110485,0.1501650749306419,True,4.414186225179036e-05,0.5,0.48795003647426666
True,0.05710791695916732,8.466671422130912e-31,7.576724602726951e-20,2.0980500914943576,1.0291542814587249e-19,2.7148182118602984e-20,1.0017043487131274e+26,4.966733709785274e-05,4.7302225807478797e-05,4.043999705908549e-07,8.898660951885525e-05,14.881685759187867,2.3179366180618384e-06,0.08513044699427397,2.4201926028116388e+30,7789772293.110485,0.1501650749306419,True,4.05752009620785e-05,0.5,0.4879500364742666
True,0.06212784518933688,7.153733586196962e-31,6.401791986661385e-20,2.0980500914943576,8.695619779699355e-20,2.2938277930379696e-20,1.4031349614521767e+26,5.878287450221999e-05,5.598369000211427e-05,4.0439997059085487e-07,8.179649384899057e-05,13.679245947741107,2.3179366180618384e-06,0.08513044699427397,2.864374986764255e+30,7789772293.110485,0.1501650749306419,True,3.729672580921258e-05,0.5,0.48795003647426666
True,0.0675890376220525,6.044394741540876e-31,5.409057711525074e-20,2.0980500914943576,7.347178621841188e-20,1.938120910316114e-20,1.965437928445323e+26,6.957140319272586e-05,6.625847923116749e-05,4.043999705908549e-07,7.518733933300694e-05,12.573963240909295,2.3179366180618384e-06,0.08513044699427397,3.390078977709891e+30,7789772293.110485,0.1501650749306419,True,3.428315136104077e-05,0.5,0.4879500364742666
True,0.07353028248047594,5.10708252569824e-31,4.570268041756121e-20,2.0980500914943576,6.20784200193108e-20,1.637573960174959e-20,2.7530824594189085e+26,8.233997032625573e-05,7.84190193583388e-05,4.043999705908549e-07,6.911220432520416e-05,11.557987347237274,2.3179366180618384e-06,0.08513044699427397,4.012266385587025e+30,7789772293.110485,0.1501650749306419,True,3.1513073647706546e-05,0.5,0.4879500364742666
True,0.07999377756925682,4.315120543838462e-31,3.861550585602477e-20,2.0980500914943576,5.245183805165492e-20,1.3836332195630155e-20,3.856373645112031e+26,9.745197598713349e-05,9.28114057020319e-05,4.043999705908549e-07,6.352794006359919e-05,10.624102278609508,2.3179366180618384e-06,0.08513044699427397,4.7486449887331397e+30,7789772293.110485,0.1501650749306419,True,2.8966818139545352e-05,0.5,0.4879500364742666
True,0.08702542998524213,3.645969144646041e-31,3.262734874394169e-20,2.0980500914943576,4.431806276869192e-20,1.1690714024750236e-20,5.401806124562495e+26,0.00011533751574317204,0.00010984525308873527,4.043999705908549e-07,5.839488420502395e-05,9.765675098557331,2.3179366180618384e-06,0.08513044699427397,5.620172506497512e+30,7789772293.110485,0.1501650749306419,True,2.6626300008363674e-05,0.5,0.4879500364742666
True,0.09467518217350566,3.0805839300809604e-31,2.756778300478235e-20,2.0980500914943576,3.744560268098644e-20,9.87781967620409e-21,7.566566959699577e+26,0.0001365056213899943,0.00013000535370475647,4.043999705908549e-07,5.3676579122577685e-05,8.976608811701372,2.3179366180618384e-06,0.08513044699427397,6.651653066871455e+30,7789772293.110485,0.1501650749306419,True,2.447489567960241e-05,0.5,0.4879500364742666
True,0.1029973666445142,2.6028737418715493e-31,2.3292810757106995e-20,2.0980500914943576,3.1638863987819674e-20,8.34605323071268e-21,1.0598850502109478e+27,0.00016155874826159143,0.00015386547453484896,4.0439997059085487e-07,4.933951296463849e-05,8.251299059725895,2.3179366180618384e-06,0.08513044699427397,7.872443144915766e+30,7789772293.110485,0.1501650749306419,True,2.249732476308238e-05,0.5,0.48795003647426666
True,0.11205109187181692,2.19924269875236e-31,1.9680764059709817e-20,2.0980500914943576,2.673258387554367e-20,7.051819815833857e-21,1.4846314393882864e+27,0.00019120992142353965,0.00018210468707003776,4.0439997059085487e-07,4.535288163629949e-05,7.584594316317239,2.3179366180618384e-06,0.08513044699427397,9.31728706336165e+30,7789772293.110485,0.1501650749306419,True,2.067954152374233e-05,0.5,0.48795003647426666
True,0.1219006621111034,1.8582032505878848e-31,1.6628842178515725e-20,2.0980500914943576,2.2587127051656974e-20,5.958284873141252e-21,2.0795939242481545e+27,0.00022630302873848278,0.00021552669403665026,4.043999705908549e-07,4.168837001269865e-05,6.971759298350138,2.3179366180618384e-06,0.08513044699427397,1.1027305834168113e+31,7789772293.110485,0.1501650749306419,True,1.9008635121538395e-05,0.5,0.4879500364742666
True,0.13261603412240283,1.5700492367005478e-31,1.4050185824038675e-20,2.0980500914943576,1.9084511651506816e-20,5.034325827468141e-21,2.912986196460795e+27,0.00026783683835511236,0.0002550827031953451,4.043999705908549e-07,3.8319950830305804e-05,6.408441333449258,2.3179366180618384e-06,0.08513044699427397,1.3051167483982628e+31,7789772293.110485,0.1501650749306419,True,1.7472737911957102e-05,0.5,0.4879500364742666
True,0.14427331403930435,1.3265796434723092e-31,1.1871405090672221e-20,2.0980500914943576,1.612505141284797e-20,4.253646322175747e-21,4.080358420858053e+27,0.00031699342417092495,0.0003018984992104047,4.0439997059085487e-07,3.522369982778789e-05,5.8906394450507715,2.3179366180618384e-06,0.08513044699427397,1.544647217157879e+31,7789772293.110485,0.1501650749306419,True,1.6060941155844246e-05,0.5,0.48795003647426666
True,0.15695529791421722,1.120865199217166e-31,1.0030490741675362e-20,2.0980500914943576,1.3624518552795174e-20,3.594027811119812e-21,5.715552261420164e+27,0.000375171808272243,0.00035730648406880283,4.0439997059085487e-07,3.237762582348813e-05,5.4146759353902745,2.3179366180618384e-06,0.08513044699427397,1.8281391518435246e+31,7789772293.110485,0.1501650749306419,True,1.476321753987772e-05,0.5,0.48795003647426666
True,0.1707520597789095,9.47051163492667e-32,8.475049393933036e-21,2.0980500914943576,1.1511746601164782e-20,3.036697207231745e-21,8.006046107624916e+27,0.00044402777783292204,0.0004228835979361162,4.043999705908549e-07,2.9761514522639557e-05,4.977170264584384,2.3179366180618384e-06,0.08513044699427397,2.1636608808660838e+31,7789772293.110485,0.1501650749306419,True,1.3570349957383707e-05,0.5,0.4879500364742666
True,0.18576159139703224,8.001906981314348e-32,7.160812374929498e-21,2.0980500914943576,9.726604965592804e-21,2.565792590663305e-21,1.12144498634135e+28,0.0005255210096814452,0.0005004961996966145,4.0439997059085487e-07,2.735678494495187e-05,4.5750150402819,2.3179366180618384e-06,0.08513044699427397,2.5607615277367547e+31,7789772293.110485,0.1501650749306419,True,1.2473866043661187e-05,0.5,0.48795003647426666
True,0.2020904982524852,6.76104077645253e-32,6.050375813225452e-21,2.0980500914943576,8.218287583495119e-21,2.167911770269666e-21,1.5708613721227276e+28,0.0006219708437261854,0.0005923531845011289,4.043999705908549e-07,2.5146357452845456e-05,4.2053539473505275,2.3179366180618384e-06,0.08513044699427397,3.030742784105704e+31,7789772293.110485,0.1501650749306419,True,1.1465978000850465e-05,0.5,0.4879500364742666
True,0.21985475671689472,5.712597320563387e-32,5.1121361047564035e-21,2.0980500914943576,6.943866955011433e-21,1.8317308502550305e-21,2.200380295495119e+28,0.0007361222925796212,0.0007010688500758297,4.0439997059085487e-07,2.3114532443000442e-05,3.86556146084428,2.3179366180618384e-06,0.08513044699427397,3.5869805618046034e+31,7789772293.110485,0.1501650749306419,True,1.0539527284950676e-05,0.5,0.48795003647426666
True,0.23918053777399972,4.8267373657271015e-32,4.3193904577676126e-21,2.0980500914943576,5.867072403956161e-21,1.5476819461885482e-21,3.082177415987105e+28,0.0008712241660498663,0.0008297373009998727,4.0439997059085487e-07,2.1246878839625456e-05,3.5532241981626154,2.3179366180618384e-06,0.08513044699427397,4.245305678278015e+31,7789772293.110485,0.1501650749306419,True,9.687933762124828e-06,0.5,0.48795003647426666
True,0.26020510315146445,4.0782488753134387e-32,3.6495769174249976e-21,2.0980500914943576,4.957257795445081e-21,1.3076808780200834e-21,4.317352615395668e+28,0.0010311215339633066,0.0009820205085364824,4.043999705908549e-07,1.9530131597467218e-05,3.2661237779545846,2.3179366180618384e-06,0.08513044699427397,5.0244544099097115e+31,7789772293.110485,0.1501650749306419,True,8.905148973174024e-06,0.5,0.4879500364742666
True,0.28307778022491015,3.445829476261535e-32,3.0836322408058616e-21,2.0980500914943576,4.188529330902858e-21,1.1048970900969969e-21,6.047521310415588e+28,0.001220365158858533,0.0011622525322462218,4.0439997059085497e-07,1.7952097486574274e-05,3.002221064023088,2.3179366180618384e-06,0.08513044699427397,5.9466017362266845e+31,7789772293.110485,0.1501650749306419,True,8.185613174240936e-06,0.5,0.48795003647426655
True,0.307961022618444,2.911480182425163e-32,2.6054493470564735e-21,2.0980500914943576,3.53900859704197e-21,9.335592499854969e-22,8.471050955975544e+28,0.001444341013063176,0.0013755628695839772,4.0439997059085487e-07,1.650156848964911e-05,2.7596416823212113,2.3179366180618384e-06,0.08513044699427397,7.037992451389331e+31,7789772293.110485,0.1501650749306419,True,7.524215848623202e-06,0.5,0.48795003647426666
True,0.33503156403461193,2.4599931340337436e-32,2.2014189014650356e-21,2.0980500914943576,2.990209894802681e-21,7.887909933376453e-22,1.1865804288303183e+29,0.0017094235662771732,0.0016280224440734983,4.043999705908549e-07,1.5168242196892322e-05,2.5366627081749367,2.3179366180618384e-06,0.08513044699427397,8.329688104729834e+31,7789772293.110485,0.1501650749306419,True,6.916259409231423e-06,0.5,0.4879500364742666
True,0.36448167350888566,2.078518774066465e-32,1.860041986693238e-21,2.0980500914943576,2.5265141267103342e-21,6.664721400170959e-22,1.6620996868044414e+29,0.0020231572063071734,0.0019268163869592128,4.0439997059085487e-07,1.394264863294078e-05,2.3317004291778325,2.3179366180618384e-06,0.08513044699427397,9.858451028656762e+31,7789772293.110485,0.1501650749306419,True,6.357425833887406e-06,0.5,0.48795003647426666
True,0.3965205210041451,1.75620014315353e-32,1.5716028375877371e-21,2.0980500914943576,2.1347242692099063e-21,5.631214316221692e-22,2.328182145730024e+29,0.0023944709562808055,0.0022804485297912435,4.0439997059085487e-07,1.2816082996187499e-05,2.1432990968435632,2.3179366180618384e-06,0.08513044699427397,1.1667790613821046e+32,7789772293.110485,0.1501650749306419,True,5.843745996489503e-06,0.5,0.48795003647426666
True,0.43137566304431935,1.4838638848464183e-32,1.3278923254333907e-21,2.0980500914943576,1.803689778488318e-21,4.757974530549274e-22,3.2611955508621746e+29,0.002833932599304795,0.0026989834279093285,4.043999705908549e-07,1.1780543832762598e-05,1.9701205871245662,2.3179366180618384e-06,0.08513044699427397,1.3809201609080724e+32,7789772293.110485,0.1501650749306419,True,5.3715714762189544e-06,0.5,0.4879500364742666
True,0.4692946589389276,1.253759167105941e-32,1.1219743218658185e-21,2.0980500914943576,1.5239892401782323e-21,4.020149183124139e-22,4.5681118380144656e+29,0.003354049443087334,0.003194332802940318,4.0439997059085487e-07,1.0828676206054938e-05,1.8109348963605434,2.3179366180618384e-06,0.08513044699427397,1.6343629688927706e+32,7789772293.110485,0.1501650749306419,True,4.9375486445616095e-06,0.5,0.48795003647426666
True,0.5105468290777841,1.0593370895773802e-32,9.479882930383073e-22,2.0980500914943576,1.2876622309882863e-21,3.3967393794997903e-22,6.398771689447105e+29,0.003969624284442797,0.0037805945566121873,4.043999705908549e-07,9.953719458134938e-06,1.6646114051540668,2.3179366180618384e-06,0.08513044699427397,1.9343205999190257e+32,7789772293.110485,0.1501650749306419,True,4.538594846097602e-06,0.5,0.4879500364742666
True,0.5554251677841955,8.950642984686118e-33,8.0098250577000025e-22,2.0980500914943576,1.0879827609017835e-21,2.870002551317832e-22,8.96306408108137e+29,0.004698176704614469,0.004474454004394732,4.0439997059085497e-07,9.149459192052904e-06,1.53011084812478,2.3179366180618384e-06,0.08513044699427397,2.289330004708763e+32,7789772293.110485,0.1501650749306419,True,4.171876503882544e-06,0.5,0.48795003647426655
True,0.6042484243127103,7.56265504413445e-33,6.76773098635368e-22,2.0980500914943576,9.192678479906702e-22,2.424947493553021e-22,1.2554990492013105e+30,0.0055604416856998235,0.005295658748285546,4.043999705908549e-07,8.410183133966571e-06,1.4064779325072816,2.3179366180618384e-06,0.08513044699427397,2.7094949361958027e+32,7789772293.110485,0.1501650749306419,True,3.834788993913415e-06,0.5,0.4879500364742666
True,0.6573633667717687,6.38990421296285e-33,5.71825007084533e-22,2.0980500914943576,7.767157777839864e-22,2.0489077069945331e-22,1.7586372788213087e+30,0.006580959739062322,0.006267580703868877,4.043999705908549e-07,7.730640561607394e-06,1.2928345531660708,2.3179366180618384e-06,0.08513044699427397,3.2067735076073607e+32,7789772293.110485,0.1501650749306419,True,3.5249381457369925e-06,0.5,0.4879500364742666
True,0.7151472450507887,5.399013390477009e-33,4.831513536612937e-22,2.0980500914943576,6.562694439680934e-22,1.7311809030679972e-22,2.4634069459690262e+30,0.007788775341092068,0.007417881277230541,4.0439997059085487e-07,7.106005010925724e-06,1.1883735558371162,2.3179366180618384e-06,0.08513044699427397,3.7953185266072354e+32,7789772293.110485,0.1501650749306419,True,3.24012323780866e-06,0.5,0.48795003647426666
True,0.7780104702446848,4.561781306739521e-33,4.0822843991191807e-22,2.0980500914943576,5.545008810236506e-22,1.4627244111173245e-22,3.450611365133608e+30,0.009218263554161736,0.008779298623011177,4.0439997059085497e-07,6.531839996038089e-06,1.09235300429934,2.3179366180618384e-06,0.08513044699427397,4.4918802915880264e+32,7789772293.110485,0.1501650749306419,True,2.9783213668257632e-06,0.5,0.48795003647426655
True,0.846399529606477,3.854379899709707e-33,3.4492392061007548e-22,2.0980500914943576,4.685137025379372e-22,1.2358978192786169e-22,4.8334355850837666e+30,0.010910108358841418,0.01039057938937278,4.043999705908549e-07,6.0040674990017675e-06,1.004090910758488,2.3179366180618384e-06,0.08513044699427397,5.316283313905101e+32,7789772293.110485,0.1501650749306419,True,2.7376730800184186e-06,0.5,0.4879500364742666
False,0.9208001577315016,3.256676156162457e-33,2.914361160988586e-22,2.0980500914943576,3.958606685359701e-22,1.0442455243711152e-22,6.770423291134513e+30,0.012912460541217993,0.01229758146782666,4.0439997059085487e-07,5.518939005614786e-06,0.9229603920158501,2.3179366180618384e-06,0.08513044699427397,6.29199053381584e+32,7789772293.110485,0.1501650749306419,False,2.51646916835083e-06,0.5,0.48795003647426666
False,1.0017407864966161,2.7516591156247627e-33,2.4624273554748167e-22,2.0980500914943576,3.3447403575364193e-22,8.82313002061603e-23,9.483654169840833e+30,0.015282308089396238,0.014554579132758321,4.0439997059085487e-07,5.073008881522464e-06,0.848385217018409,2.3179366180618384e-06,0.08513044699427397,7.446771088004289e+32,7789772293.110485,0.1501650749306419,False,2.3131385268315938e-06,0.5,0.48795003647426666
False,1.089796298257657,2.324955729562929e-33,2.0805755175977893e-22,2.0980500914943576,2.8260670858530515e-22,7.45491568255262e-23,1.3284205808949884e+31,0.018087098101381295,0.017225807715601234,4.0439997059085487e-07,4.663109899533857e-06,0.7798357141668261,2.3179366180618384e-06,0.08513044699427397,8.8134906337034e+32,7789772293.110485,0.1501650749306419,False,2.12623699571061e-06,0.5,0.48795003647426666
False,1.1855921089623183,1.9644217969202094e-33,1.7579379447693775e-22,2.0980500914943576,2.3878251583105025e-22,6.298872135411253e-23,1.8607819392627744e+31,0.021406656364687693,0.02038729177589304,4.0439997059085497e-07,4.2863307443303425e-06,0.7168250093128233,2.3179366180618384e-06,0.08513044699427397,1.0431046722452054e+33,7789772293.110485,0.1501650749306419,False,1.9544371033069612e-06,0.5,0.48795003647426655
False,1.2898086101788073,1.6597963338169334e-33,1.485332203287705e-22,2.0980500914943576,2.017541980939744e-22,5.32209777652039e-23,2.606485833841688e+31,0.02533545923991135,0.024129008799915568,4.0439997059085487e-07,3.939995334793223e-06,0.6589055677262894,2.3179366180618384e-06,0.08513044699427397,1.2345475844711665e+33,7789772293.110485,0.1501650749306419,False,1.7965186376160676e-06,0.5,0.48795003647426666
False,1.4031860015899118,1.402409540594216e-33,1.2549997914817983e-22,2.0980500914943576,1.7046791012681684e-22,4.4967930978636997e-23,3.651028773800882e+31,0.029985322507258102,0.028557450006912476,4.0439997059085497e-07,3.621643817086644e-06,0.6056660154713402,2.3179366180618384e-06,0.08513044699427397,1.4611263652410468e+33,7789772293.110485,0.1501650749306419,False,1.65135997973069e-06,0.5,0.48795003647426655
False,1.5265295482753287,1.1849360547910453e-33,1.0603853287050008e-22,2.0980500914943576,1.440332278462381e-22,3.799469497573804e-23,5.114169789089142e+31,0.03548858370200299,0.03379865114476475,4.0439997059085487e-07,3.3290150934989035e-06,0.5567282176151104,2.3179366180618384e-06,0.08513044699427397,1.7292895649032608e+33,7789772293.110485,0.1501650749306419,False,1.5179301375213046e-06,0.5,0.48795003647426666
False,1.6607153001222132,1.0011864675056666e-33,8.959499857806317e-23,2.0980500914943576,1.2169780639871176e-22,3.21028078206486e-23,7.163661053375878e+31,0.04200186850980905,0.04000177953315147,4.0439997059085487e-07,3.060030762952961e-06,0.5117445925172011,2.3179366180618384e-06,0.08513044699427397,2.0466692480701104e+33,7789772293.110485,0.1501650749306419,False,1.3952814229948882e-06,0.5,0.48795003647426666
False,1.8066963139861723,8.459311695880811e-34,7.570138470329902e-23,2.0980500914943576,1.0282596803335582e-22,2.712458333005681e-23,1.003448102116969e+32,0.049710548415481524,0.047343379443315736,4.043999705908549e-07,2.812780359123225e-06,0.47039564312446364,2.3179366180618384e-06,0.08513044699427397,2.422298206159709e+33,7789772293.110485,0.1501650749306419,False,1.2825427213229149e-06,0.5,0.4879500364742666
False,1.9655094227957095,7.147515142343963e-34,6.396227174448578e-23,2.0980500914943576,8.688061038139363e-23,2.2918338636907848e-23,1.4055775198459916e+32,0.05883401647216761,0.05603239664015963,4.0439997059085487e-07,2.585507781312136e-06,0.4323876877371023,2.3179366180618384e-06,0.08513044699427397,2.866867035353786e+33,7789772293.110485,0.1501650749306419,False,1.1789133037317142e-06,0.5,0.48795003647426666
False,2.138282599677844,6.039140599927583e-34,5.404355842036719e-23,2.0980500914943576,7.34079202424325e-23,1.9364361822065315e-23,1.9688593362510824e+32,0.06963193134214739,0.06631612508775941,4.043999705908549e-07,2.3765988217115306e-06,0.39745077412881,2.3179366180618384e-06,0.08513044699427397,3.39302839654431e+33,7789772293.110485,0.1501650749306419,False,1.083657140311113e-06,0.5,0.4879500364742666
False,2.3262429694086837,5.102643150712272e-34,4.566295297332735e-23,2.0980500914943576,6.202445782394477e-23,1.636150485061743e-23,2.757874988188335e+32,0.08241160731787264,0.07848724506464061,4.043999705908549e-07,2.184569700460999e-06,0.36533676220595007,2.3179366180618384e-06,0.08513044699427397,4.0157571166656276e+33,7789772293.110485,0.1501650749306419,False,9.960976723480066e-07,0.5,0.4879500364742666
False,2.53072552409051,4.311369588550907e-34,3.8581938998644827e-23,2.0980500914943576,5.2406243844660456e-23,1.3824304846015632e-23,3.863086768279347e+32,0.09753676064711306,0.09289215299725052,4.0439997059085487e-07,2.008056527073176e-06,0.3358175615878162,2.3179366180618384e-06,0.08513044699427397,4.752776380084165e+33,7789772293.110485,0.1501650749306419,False,9.156130070552181e-07,0.5,0.48795003647426666
False,2.753182604958582,3.642799854911851e-34,3.259898714313663e-23,2.0980500914943576,4.427953891514306e-23,1.1680551772006433e-23,5.4112095157214745e+32,0.11543786108718504,0.10994082008303337,4.0439997059085487e-07,1.8458056133756088e-06,0.30868351159036483,2.3179366180618384e-06,0.08513044699427397,5.625062139674916e+33,7789772293.110485,0.1501650749306419,False,8.416315005661469e-07,0.5,0.48795003647426666
False,2.9951942176623927,3.0779061062603026e-34,2.7543819474591825e-23,2.0980500914943576,3.741305277190625e-23,9.869233297314425e-24,7.579738737288763e+32,0.13662438329889992,0.1301184602846666,4.0439997059085487e-07,1.6966645691666591e-06,0.2837418921072172,2.3179366180618384e-06,0.08513044699427397,6.65744010338728e+33,7789772293.110485,0.1501650749306419,False,7.736276978233292e-07,0.5,0.48795003647426666
False,3.2584792542858563,2.6006111717009773e-34,2.327256328295563e-23,2.0980500914943576,3.161136163580849e-23,8.338798352852856e-24,1.0617300837943203e+33,0.16169930676129693,0.15399933977266372,4.0439997059085487e-07,1.5595741173421686e-06,0.2608155548114371,2.3179366180618384e-06,0.08513044699427397,7.879292286849415e+33,7789772293.110485,0.1501650749306419,False,7.111186005238955e-07,0.5,0.48795003647426666
False,3.5449077018110318,2.197330988304032e-34,1.9663656387916533e-23,2.0980500914943576,2.6709346349310354e-23,7.045689961393821e-24,1.4872158657504104e+33,0.1913762768823009,0.18226312084028656,4.043999705908549e-07,1.4335605703596765e-06,0.239741664956169,2.3179366180618384e-06,0.08513044699427397,9.325393240866958e+33,7789772293.110485,0.1501650749306419,False,6.536602366149351e-07,0.5,0.4879500364742666
True,1e-06,5.016424048859091e-20,1.8945561426552066e-09,2.5980500914943576,6.097643371397648e-09,4.20308722874244e-09,4536141.137535527,3.8073100570426745e-13,3.6260095781358803e-13,2.0219998529542743e-06,25.40919953440316,4249310.372740617,2.3179366180618384e-06,0.08513044699427397,1.429715280207771e+19,5406184975.3318,0.1501650749306419,True,2.317165207143905,0.1,0.09759000729485333
True,1.0879024922894468e-06,4.23852059584208e-20,1.6007648381419321e-09,2.5980500914943576,5.152073820722336e-09,3.5513089825804042e-09,6353988.807510243,4.5060726495815174e-13,4.2914977615062067e-13,2.0219998529542743e-06,23.356136891395963,3905966.2082381253,2.3179366180618384e-06,0.08513044699427397,1.6921135458658021e+19,5406184975.3318,0.1501650749306419,True,2.1299383203613442,0.1,0.09759000729485333
True,1.1835318327295895e-06,3.581247650996209e-20,1.352532136334749e-09,2.5980500914943576,4.353134979766506e-09,3.0006028434317573e-09,8900334.566728234,5.33308042137189e-13,5.079124210830372e-13,2.0219998529542743e-06,21.468961655050467,3590364.243047351,2.3179366180618384e-06,0.08513044699427397,2.0026702461251162e+19,5406184975.3318,0.1501650749306419,True,1.9578393610248799,0.1,0.09759000729485333
True,1.287567230530417e-06,3.0258988832913324e-20,1.1427932049917007e-09,2.5980500914943576,3.678088632163643e-09,2.5352954271719425e-09,12467122.275391234,6.311870445200562e-13,6.011305185905297e-13,2.0219998529542743e-06,19.734270127343773,3300262.9082056563,2.3179366180618384e-06,0.08513044699427397,2.370223986749478e+19,5406184975.3318,0.1501650749306419,True,1.7996459930013455,0.1,0.09759000729485333
True,1.4007475990842613e-06,2.556668776971276e-20,9.65578764667501e-10,2.5980500914943576,3.1077226065654997e-09,2.142143841897999e-09,17463291.594744194,7.470299595959957e-13,7.114571043771387e-13,2.0219998529542743e-06,18.139741628694864,3033601.753462653,2.3179366180618384e-06,0.08513044699427397,2.805235539017244e+19,5406184975.3318,0.1501650749306419,True,1.654234644884454,0.1,0.09759000729485333
True,1.5238768041122235e-06,2.1602027983267838e-20,8.158451999052551e-10,2.5980500914943576,2.625803988219012e-09,1.8099587883137566e-09,24461663.773446083,8.841337371845561e-13,8.420321306519582e-13,2.0219998529542743e-06,16.67405099010349,2788486.8128930996,2.3179366180618384e-06,0.08513044699427397,3.320085558731244e+19,5406184975.3318,0.1501650749306419,True,1.5205725298075086,0.1,0.09759000729485333
True,1.6578293731357647e-06,1.8252173186966075e-20,6.893310153083625e-10,2.5980500914943576,2.2186171217406944e-09,1.5292861064323322e-09,34264616.80026105,1.046400422348099e-12,9.965718308077133e-13,2.0219998529542743e-06,15.3267881159217,2563177.152967857,2.3179366180618384e-06,0.08513044699427397,3.9294269461442314e+19,5406184975.3318,0.1501650749306419,True,1.3977103100550172,0.1,0.09759000729485333
True,1.8035567068250495e-06,1.5421784765071284e-20,5.82435551157549e-10,2.5980500914943576,1.87457325640653e-09,1.2921377052489806e-09,47996079.716507904,1.2384482096306623e-12,1.1794744853625356e-12,2.0219998529542743e-06,14.08838404595167,2356072.507540409,2.3179366180618384e-06,0.08513044699427397,4.650601875147117e+19,5406184975.3318,0.1501650749306419,True,1.2847753543735272,0.1,0.09759000729485333
True,1.9620938363403183e-06,1.3030308385963632e-20,4.921165067561156e-10,2.5980500914943576,1.5838807242583283e-09,1.0917642175022129e-09,67230393.42835523,1.4657428792848564e-12,1.3959455993189107e-12,2.021999852954274e-06,12.950042991723674,2165701.911926086,2.3179366180618384e-06,0.08513044699427397,5.504135360588534e+19,5406184975.3318,0.1501650749306419,True,1.1809655400915293,0.1,0.09759000729485336
True,2.134566774660394e-06,1.1009681383821949e-20,4.1580335496438916e-10,2.5980500914943576,1.338266264123552e-09,9.224629091591629e-10,94172812.18025894,1.734753356230353e-12,1.652146053552717e-12,2.0219998529542747e-06,11.903679864241175,1990713.2553474111,2.3179366180618384e-06,0.08513044699427397,6.514319410909086e+19,5406184975.3318,0.1501650749306419,True,1.0855435560279258,0.1,0.09759000729485331
True,2.322200514111288e-06,9.302395659633615e-21,3.513241836558113e-10,2.5980500914943576,1.1307395602846588e-09,7.794153766288475e-10,131912340.56051074,2.0531358190331148e-12,1.9553674466982045e-12,2.0219998529542743e-06,10.941862849482368,1829863.6775415742,2.3179366180618384e-06,0.08513044699427397,7.709904391379172e+19,5406184975.3318,0.1501650749306419,True,0.9978316657253388,0.1,0.09759000729485333
True,2.526327726897505e-06,7.859860970684177e-21,2.9684388196433154e-10,2.5980500914943576,9.553942944456547e-10,6.585504124813231e-10,184775894.32972082,2.4299515987430303e-12,2.314239617850505e-12,2.0219998529542747e-06,10.057760623799714,1682010.7413217712,2.3179366180618384e-06,0.08513044699427397,9.124917274498902e+19,5406184975.3318,0.1501650749306419,True,0.9172068938140241,0.1,0.09759000729485331
True,2.7483982304317225e-06,6.641022026891279e-21,2.5081191207144737e-10,2.5980500914943576,8.072400488309845e-10,5.564281367595372e-10,258824390.35100144,2.8759250691045224e-12,2.738976256290021e-12,2.0219998529542743e-06,9.245093834313758,1546104.3183953473,2.3179366180618384e-06,0.08513044699427397,1.0799630065393533e+20,5406184975.3318,0.1501650749306419,True,0.8430966013174593,0.1,0.09759000729485333
True,2.989989284690576e-06,5.611190035822721e-21,2.1191818009068468e-10,2.5980500914943576,6.820602762912086e-10,4.701420962005239e-10,362547643.36861306,3.4037488678302473e-12,3.241665588409759e-12,2.0219998529542743e-06,8.498090499689757,1421179.1308076086,2.3179366180618384e-06,0.08513044699427397,1.278170596409679e+20,5406184975.3318,0.1501650749306419,True,0.7749744184731084,0.1,0.09759000729485333
True,3.2528167947336175e-06,4.741055441560524e-21,1.7905575011187997e-10,2.5980500914943576,5.762922951706057e-10,3.972365450587257e-10,507837741.0022417,4.028445135694398e-12,3.836614414947046e-12,2.0219998529542743e-06,7.81144501453055,1306347.8950368015,2.3179366180618384e-06,0.08513044699427397,1.51275558850982e+20,5406184975.3318,0.1501650749306419,True,0.7123565061811801,0.1,0.09759000729485333
True,3.5387474979516724e-06,4.005853759443197e-21,1.5128934022748008e-10,2.5980500914943576,4.869258935279313e-10,3.3563655330045124e-10,711352496.4332652,4.7677930544989925e-12,4.54075528999904e-12,2.0219998529542743e-06,7.180280466213181,1200795.0200460018,2.3179366180618384e-06,0.08513044699427397,1.7903943941409558e+20,5406184975.3318,0.1501650749306419,True,0.6547981195282075,0.1,0.09759000729485333
True,3.849812222604668e-06,3.384660765908141e-21,1.2782870392134718e-10,2.5980500914943576,4.1141765693359523e-10,2.8358895301224807e-10,996425301.4814911,5.642834851866598e-12,5.3741284303491405e-12,2.0219998529542743e-06,6.60011399652424,1103770.8145322632,2.3179366180618384e-06,0.08513044699427397,2.1189887586064286e+20,5406184975.3318,0.1501650749306419,True,0.6018904489778414,0.1,0.09759000729485333
True,4.188220311817992e-06,2.859796984169043e-21,1.0800613924049238e-10,2.5980500914943576,3.476185815676281e-10,2.3961244232713573e-10,1395740348.7170103,6.678474674020081e-12,6.3604520704953145e-12,2.0219998529542747e-06,6.0668249620741,1014586.1622298727,2.3179366180618384e-06,0.08513044699427397,2.5078906490068638e+20,5406184975.3318,0.1501650749306419,True,0.553257716793338,0.1,0.09759000729485331
True,4.556375315484077e-06,2.4163245170799247e-21,9.125748564903144e-11,2.5980500914943576,2.937129124494374e-10,2.0245542680040597e-10,1955079942.4103816,7.904187370781133e-12,7.52779749598203e-12,2.0219998529542747e-06,5.5766256673488375,932607.6274489611,2.3179366180618384e-06,0.08513044699427397,2.9681684161044945e+20,5406184975.3318,0.1501650749306419,True,0.5085545080690362,0.1,0.09759000729485331
True,4.956892061521242e-06,2.0416219067865156e-21,7.710606772490732e-11,2.5980500914943576,2.4816646610344627e-10,1.7106039837853898e-10,2738573535.3491387,9.354857365178672e-12,8.90938796683683e-12,2.0219998529542747e-06,5.126034462530787,857252.9560864652,2.3179366180618384e-06,0.08513044699427397,3.5129218053622347e+20,5406184975.3318,0.1501650749306419,True,0.4674633174144163,0.1,0.09759000729485331
True,5.392615227738732e-06,1.725024921448801e-21,6.514912872860964e-11,2.5980500914943576,2.096829668967144e-10,1.4453383816810478e-10,3836050304.5560026,1.1071771482333812e-11,1.0544544268889344e-11,2.0219998529542743e-06,4.711851015014457,787986.9401552809,2.3179366180618384e-06,0.08513044699427397,4.1576547825361053e+20,5406184975.3318,0.1501650749306419,True,0.42969229386602353,0.1,0.09759000729485333
True,5.866639546214977e-06,1.457523045637368e-21,5.504636793617617e-11,2.5980500914943576,1.7716715435792006e-10,1.2212078642174392e-10,5373338254.073227,1.310379399404969e-11,1.2479803803856848e-11,2.0219998529542747e-06,4.331133578983322,724317.6164593538,2.3179366180618384e-06,0.08513044699427397,4.920716784631879e+20,5406184975.3318,0.1501650749306419,True,0.3949731680104477,0.1,0.09759000729485331
True,6.3823317836911014e-06,1.2315030363618278e-21,4.651025550299079e-11,2.5980500914943576,1.496936114927454e-10,1.0318335598975459e-10,7526690658.460686,1.550875732148861e-11,1.477024506808439e-11,2.0219998529542743e-06,3.981178101604149,665792.7724157124,2.3179366180618384e-06,0.08513044699427397,5.823824954458621e+20,5406184975.3318,0.1501650749306419,True,0.36305934659570704,0.1,0.09759000729485333
True,6.943354654095699e-06,1.0405322462021163e-21,3.9297849214350054e-11,2.5980500914943576,1.2648042693326269e-10,8.718257771891262e-11,10542993868.888744,1.8355107976059857e-11,1.7481055215295102e-11,2.021999852954274e-06,3.6594990174403588,611996.7342060024,2.3179366180618384e-06,0.08513044699427397,6.892682221846731e+20,5406184975.3318,0.1501650749306419,True,0.33372416109798897,0.1,0.09759000729485336
True,7.55369283304024e-06,8.791755468058079e-22,3.320388022324427e-11,2.5980500914943576,1.0686694133233396e-10,7.366306110908969e-11,14768073349.005995,2.172385458285563e-11,2.0689385317005362e-11,2.0219998529542743e-06,3.3638115946761853,562547.4144452784,2.3179366180618384e-06,0.08513044699427397,8.157708822444921e+20,5406184975.3318,0.1501650749306419,True,0.30675925780414387,0.1,0.09759000729485333
True,8.217681259053408e-06,7.428406422987015e-22,2.8054910991845376e-11,2.5980500914943576,9.029494465380437e-11,6.2240033661959e-11,20686343286.720413,2.5710873428398226e-11,2.4486546122284023e-11,2.0219998529542743e-06,3.092015707765482,517093.598399081,2.3179366180618384e-06,0.08513044699427397,9.654908073502578e+20,5406184975.3318,0.1501650749306419,True,0.28197311797547353,0.1,0.09759000729485333
True,8.940035922564481e-06,6.276473701476046e-22,2.3704399168666294e-11,2.5980500914943576,7.629278922355336e-11,5.2588390054887056e-11,28976345692.706444,3.042963714979066e-11,2.8980606809324436e-11,2.0219998529542743e-06,2.8421809212500837,475312.4494741053,2.3179366180618384e-06,0.08513044699427397,1.1426891047068217e+21,5406184975.3318,0.1501650749306419,True,0.25918969758224614,0.1,0.09759000729485333
True,9.725887361315082e-06,5.303172697096419e-22,2.0028526916759503e-11,2.5980500914943576,6.446196639054366e-11,4.443343947378416e-11,40588546659.29413,3.601444422518815e-11,3.4299470690655375e-11,2.0219998529542743e-06,2.6125327788052304,436907.216265154,2.3179366180618384e-06,0.08513044699427397,1.352408930333799e+21,5406184975.3318,0.1501650749306419,True,0.23824717694762507,0.1,0.09759000729485333
True,1.0580817100101087e-05,4.480802755313887e-22,1.6922676993459162e-11,2.5980500914943576,5.4465764762638215e-11,3.7543087769179056e-11,56854309283.32531,4.262424117857433e-11,4.059451540816603e-11,2.0219998529542743e-06,2.4014402001297617,401605.1248726357,2.3179366180618384e-06,0.08513044699427397,1.6006190199178186e+21,5406184975.3318,0.1501650749306419,True,0.21899681142033606,0.1,0.09759000729485333
True,1.1510897293658791e-05,3.7859587984040575e-22,1.4298455289056467e-11,2.5980500914943576,4.601968722465465e-11,3.172123193559819e-11,79638537226.2126,5.044714628078633e-11,4.80449012197965e-11,2.0219998529542743e-06,2.2074038961672233,369155.44152074994,2.3179366180618384e-06,0.08513044699427397,1.894383562145183e+21,5406184975.3318,0.1501650749306419,True,0.20130187491294896,0.1,0.09759000729485333
True,1.252273385425922e-05,3.1988652047258284e-22,1.208117508430667e-11,2.5980500914943576,3.8883354001995234e-11,2.6802178917688564e-11,111553489814.19896,5.970580349367652e-11,5.686266999397763e-11,2.0219998529542747e-06,2.0290457203768657,339327.6917160821,2.3179366180618384e-06,0.08513044699427397,2.2420632491984872e+21,5406184975.3318,0.1501650749306419,True,0.18503668880224525,0.1,0.09759000729485331
True,1.3623513370326033e-05,2.702812984208678e-22,1.0207731427420714e-11,2.5980500914943576,3.285366132680878e-11,2.264592989938806e-11,156258283026.70972,7.066371903346366e-11,6.729878003187014e-11,2.021999852954274e-06,1.8650988804215538,311910.02329811803,2.3179366180618384e-06,0.08513044699427397,2.653553226419544e+21,5406184975.3318,0.1501650749306419,True,0.1700857292943994,0.1,0.09759000729485336
True,1.4821054149316291e-05,2.283684231775294e-22,8.624805134204577e-12,2.5980500914943576,2.7759000998763253e-11,1.913419586455868e-11,218878414786.6926,8.363276089516404e-11,7.96502484715848e-11,2.0219998529542743e-06,1.7143989407511415,286707.7017552521,2.3179366180618384e-06,0.08513044699427397,3.140564713309838e+21,5406184975.3318,0.1501650749306419,True,0.15634280691503968,0.1,0.09759000729485333
True,1.612386174739804e-05,1.929550324395089e-22,7.287345296250388e-12,2.5980500914943576,2.3454376326103904e-11,1.616703102985352e-11,306593414003.8289,9.898203477848909e-11,9.426860455094199e-11,2.0219998529542743e-06,1.575875552176793,263541.7271192084,2.3179366180618384e-06,0.08513044699427397,3.716958310949472e+21,5406184975.3318,0.1501650749306419,True,0.143710312296484,0.1,0.09759000729485333
True,1.75411893803248e-05,1.6303324262474216e-22,6.157287108571909e-12,2.5980500914943576,1.9817275444134764e-11,1.3659988335562854e-11,429459988560.9103,1.1714838902868923e-10,1.1156989431303735e-10,2.0219998529542747e-06,1.4485448496955158,242247.56261436222,2.3179366180618384e-06,0.08513044699427397,4.399138481937506e+21,5406184975.3318,0.1501650749306419,True,0.13209852290534924,0.1,0.09759000729485331
True,1.9083103644576486e-05,1.377514639794165e-22,5.202468525389242e-12,2.5980500914943576,1.6744184563612535e-11,1.1541716038223294e-11,601565047879.4443,1.386488475684429e-10,1.3204652149375515e-10,2.0219998529542747e-06,1.3315024645702527,222673.9660321602,2.3179366180618384e-06,0.08513044699427397,5.20652042995874e+21,5406184975.3318,0.1501650749306419,True,0.1214249657865509,0.1,0.09759000729485331
True,2.0760556015552625e-05,1.16390163889144e-22,4.395714911520989e-12,2.5980500914943576,1.4147641914282278e-11,9.75192700276129e-12,842640796510.1471,1.6409532466852535e-10,1.5628126158907176e-10,2.0219998529542747e-06,1.2239171010337122,204681.91553045477,2.3179366180618384e-06,0.08513044699427397,6.162082666613145e+21,5406184975.3318,0.1501650749306419,True,0.11161383179756923,0.1,0.09759000729485331
True,2.2585460630634318e-05,9.834138860525016e-23,3.714065638085232e-12,2.5980500914943576,1.1953748537251855e-11,8.239682899166622e-12,1180327072602.028,1.9421204034729603e-10,1.8496384794980572e-10,2.0219998529542747e-06,1.1250246319943904,188143.6222282297,2.3179366180618384e-06,0.08513044699427397,7.293020991847861e+21,5406184975.3318,0.1501650749306419,True,0.1025954371725748,0.1,0.09759000729485331
True,2.4570778909572255e-05,8.309146056379786e-23,3.1381206110185045e-12,2.5980500914943576,1.010006508205429e-11,6.961944471035785e-12,1653340313081.446,2.298561320503882e-10,2.1891060195275066e-10,2.0219998529542743e-06,1.0341226718093286,172941.62258263517,2.3179366180618384e-06,0.08513044699427397,8.631522500617073e+21,5406184975.3318,0.1501650749306419,True,0.09430572859215246,0.1,0.09759000729485333
True,2.673061161321663e-05,7.020635885404395e-23,2.6514881342743694e-12,2.5980500914943576,8.533834750148145e-12,5.8823466158737744e-12,2315912474018.0566,2.720420492297306e-10,2.5908766593307676e-10,2.0219998529542743e-06,0.9505655875767499,158967.94410194477,2.3179366180618384e-06,0.08513044699427397,1.0215681644402013e+22,5406184975.3318,0.1501650749306419,True,0.08668582824338408,0.1,0.09759000729485333
True,2.9080298994439595e-05,5.931936675680824e-23,2.240318393599283e-12,2.5980500914943576,7.21048180889777e-12,4.970163415298487e-12,3244008837670.0835,3.2197042510437624e-10,3.0663850009940594e-10,2.0219998529542743e-06,0.8737599135160756,146123.3384688762,2.3179366180618384e-06,0.08513044699427397,1.2090584419181141e+22,5406184975.3318,0.1501650749306419,True,0.07968161563906088,0.1,0.09759000729485333
True,3.163652975257313e-05,5.0120634795263154e-23,1.892909283590977e-12,2.5980500914943576,6.092342942959273e-12,4.1994336593682955e-12,4544037590774.495,3.8106224730850744e-10,3.629164260081023e-10,2.0219998529542743e-06,0.8031601358659297,134316.57662752987,2.3179366180618384e-06,0.08513044699427397,1.430959153640528e+22,5406184975.3318,0.1501650749306419,True,0.07324334322589349,0.1,0.09759000729485333
True,3.4417459565213534e-05,4.2348362257117774e-23,1.5993733596715726e-12,2.5980500914943576,5.1475953366699514e-12,3.5482219769983782e-12,6365049745426.001,4.509992999410939e-10,4.295231428010418e-10,2.0219998529542743e-06,0.7382648183622705,123463.80082728378,2.3179366180618384e-06,0.08513044699427397,1.6935857096693555e+22,5406184975.3318,0.1501650749306419,True,0.06732528305156821,0.1,0.09759000729485333
True,3.744284003926706e-05,3.578134620971654e-23,1.3513564362548017e-12,2.5980500914943576,4.349350980106726e-12,2.9979945438519244e-12,8915828148957.361,5.337720280190449e-10,5.083543123990903e-10,2.0219998529542743e-06,0.6786130407777834,113487.92902152397,2.3179366180618384e-06,0.08513044699427397,2.0044125988496154e+22,5406184975.3318,0.1501650749306419,True,0.061885401981095635,0.1,0.09759000729485333
True,4.073415899711364e-05,3.023268594913399e-23,1.141799822264317e-12,2.5980500914943576,3.674891422291361e-12,2.533091600027043e-12,12488824873499.799,6.317361865811673e-10,6.016535110296831e-10,2.021999852954274e-06,0.6237811252271984,104318.10739094221,2.3179366180618384e-06,0.08513044699427397,2.372286116662756e+22,5406184975.3318,0.1501650749306419,True,0.0568850631556698,0.1,0.09759000729485336
True,4.43147930942746e-05,2.554446370860002e-23,9.647394271018212e-13,2.5980500914943576,3.10502119221915e-12,2.1402817651173288e-12,17493691456938.783,7.476798867060138e-10,7.120760825771561e-10,2.0219998529542743e-06,0.573379626987043,95889.20710293514,2.3179366180618384e-06,0.08513044699427397,2.8076761354128438e+22,5406184975.3318,0.1501650749306419,True,0.05228875157364277,0.1,0.09759000729485333
True,4.8210173852552404e-05,2.1583250236444182e-23,8.151360195161275e-13,2.5980500914943576,2.6235214857364895e-12,1.8083854662203617e-12,24504246307427.656,8.849029466082174e-10,8.427647110554451e-10,2.0219998529542743e-06,0.5270505684570957,88141.36173283358,2.3179366180618384e-06,0.08513044699427397,3.32297408225628e+22,5406184975.3318,0.1501650749306419,True,0.048063821844550894,0.1,0.09759000729485333
True,5.244796828789928e-05,1.8236307329957104e-23,6.887318084518036e-13,2.5980500914943576,2.216688569910147e-12,1.5279567614583436e-12,34324264182498.668,1.0473108061870372e-09,9.974388630352734e-10,2.0219998529542743e-06,0.4844648966176548,81019.54206147985,2.3179366180618384e-06,0.08513044699427397,3.932845605685703e+22,5406184975.3318,0.1501650749306419,True,0.044180266324606476,0.1,0.09759000729485333
True,5.705827541592349e-05,1.5408379247306388e-23,5.819292640937045e-13,2.5980500914943576,1.8729437676363797e-12,1.2910145035426752e-12,48079630643968.914,1.2395256778840486e-09,1.1805006456038558e-09,2.0219998529542743e-06,0.4453201459242161,74473.16522915348,2.3179366180618384e-06,0.08513044699427397,4.6546479675397106e+22,5406184975.3318,0.1501650749306419,True,0.040610501986837896,0.1,0.09759000729485333
True,6.207384003072083e-05,1.3018981679411114e-23,4.91688730290926e-13,2.5980500914943576,1.582503922447775e-12,1.090815192156849e-12,67347427189397.55,1.467018097261495e-09,1.397160092629995e-09,2.0219998529542743e-06,0.40933829004018357,68455.73546984687,2.3179366180618384e-06,0.08513044699427397,5.508924039733336e+22,5406184975.3318,0.1501650749306419,True,0.037329174512115273,0.1,0.09759000729485333
True,6.753028527539761e-05,1.1000111124502095e-23,4.1544191435640563e-13,2.5980500914943576,1.3371029647745362e-12,9.216610504181306e-13,94336746940050.69,1.736262617299372e-09,1.6535834450470208e-09,2.0219998529542743e-06,0.37626376714952436,62924.5138742026,2.3179366180618384e-06,0.08513044699427397,6.519986965113688e+22,5406184975.3318,0.1501650749306419,True,0.034312978209616506,0.1,0.09759000729485333
True,7.346636565612223e-05,9.294309472971671e-24,3.510187921167023e-13,2.5980500914943576,1.1297566552906063e-12,7.787378631739041e-13,132141971781694.42,2.0549220775521918e-09,1.9570686452878016e-09,2.0219998529542743e-06,0.34586166482410874,57840.21483559675,2.3179366180618384e-06,0.08513044699427397,7.716612122194004e+22,5406184975.3318,0.1501650749306419,True,0.03154049048771486,0.1,0.09759000729485333
True,7.992424229674335e-05,7.85302871958761e-24,2.965858478915121e-13,2.5980500914943576,9.545638098174625e-13,6.579779619259504e-13,185097549711470.25,2.4320656925618506e-09,2.3162530405350957e-09,2.021999852954274e-06,0.31791605155371605,53166.727023369735,2.3179366180618384e-06,0.08513044699427397,9.13285608744368e+22,5406184975.3318,0.1501650749306419,True,0.028992019699613986,0.1,0.09759000729485336
True,8.694978238897252e-05,6.635249261928289e-24,2.505938916805431e-13,2.5980500914943576,8.065383485427241e-13,5.55944456862181e-13,259274948354719.44,2.8784271664364745e-09,2.7413592061299757e-09,2.0219998529542743e-06,0.2922284430883832,48870.85690141461,2.3179366180618384e-06,0.08513044699427397,1.0809025903227758e+23,5406184975.3318,0.1501650749306419,True,0.026649465283052634,0.1,0.09759000729485333
True,9.459288496498826e-05,5.6063124610897504e-24,2.1173396840758922e-13,2.5980500914943576,6.814673895864699e-13,4.697334211788808e-13,363178761410569.3,3.406710179671202e-09,3.2444858854011445e-09,2.0219998529542747e-06,0.2686163927002321,44922.092970453516,2.3179366180618384e-06,0.08513044699427397,1.2792826237268758e+23,5406184975.3318,0.1501650749306419,True,0.024496189200715876,0.1,0.09759000729485331
True,0.00010290783530625965,4.736934238735146e-24,1.7890010437595526e-13,2.5980500914943576,5.757913481843542e-13,3.968912438083989e-13,508721778084250.56,4.031949942524805e-09,3.8399523262141e-09,2.0219998529542743e-06,0.2469121953521218,41292.389059534915,2.3179366180618384e-06,0.08513044699427397,1.5140717082385878e+23,5406184975.3318,0.1501650749306419,True,0.022516897768259214,0.1,0.09759000729485333
True,0.00011195369050579179,4.002371636942214e-24,1.5115783067985288e-13,2.5980500914943576,4.865026290475024e-13,3.353447983676495e-13,712590809253390.4,4.771941104950346e-09,4.5447058142384245e-09,2.0219998529542743e-06,0.22696169656942794,37955.96512757017,2.3179366180618384e-06,0.08513044699427397,1.7919520637356363e+23,5406184975.3318,0.1501650749306419,True,0.0206975330306242,0.1,0.09759000729485333
True,0.00012179469892225225,3.3817186207079116e-24,1.2771758773165935e-13,2.5980500914943576,4.1106002863098097e-13,2.833424408993216e-13,998159865191197.0,5.647744201619544e-09,5.378804001542423e-09,2.0219998529542743e-06,0.2086231975549539,34889.12416010132,2.3179366180618384e-06,0.08513044699427397,2.1208323101566078e+23,5406184975.3318,0.1501650749306419,True,0.019025172915145258,0.1,0.09759000729485333
True,0.000132500756505161,2.857311081281714e-24,1.0791225398399566e-13,2.5980500914943576,3.4731641115469603e-13,2.3940415717070033e-13,1398170034668838.8,6.684285045730693e-09,6.365985757838755e-09,2.0219998529542743e-06,0.19176644877052798,32070.083860804996,2.3179366180618384e-06,0.08513044699427397,2.5100725509517788e+23,5406184975.3318,0.1501650749306419,True,0.01748793945228267,0.1,0.09759000729485333
True,0.00014414790323220164,2.414224106411974e-24,9.117815930232897e-14,2.5980500914943576,2.9345759999853817e-13,2.022794406962092e-13,1958483319173927.5,7.911064130660623e-09,7.534346791105355e-09,2.0219998529542747e-06,0.17627172483718045,29478.821942318413,2.3179366180618384e-06,0.08513044699427397,2.9707507665121883e+23,5406184975.3318,0.1501650749306419,True,0.01607491441211797,0.1,0.09759000729485331
True,0.00015681886318461014,2.039847209554159e-24,7.703904261877264e-14,2.5980500914943576,2.4795074528898326e-13,1.709117026702106e-13,2743340807179453.0,9.36299622940208e-09,8.917139266097218e-09,2.0219998529542743e-06,0.16202897418336065,27096.93391756225,2.3179366180618384e-06,0.08513044699427397,3.515978099273005e+23,5406184975.3318,0.1501650749306419,True,0.014776061757418135,0.1,0.09759000729485333
True,0.00017060363209653513,1.7235254288426215e-24,6.509249729354288e-14,2.5980500914943576,2.0950069819172708e-13,1.444082008981842e-13,3842728049126498.5,1.1081404087224485e-08,1.0553718178309032e-08,2.0219998529542747e-06,0.14893703740155725,24907.50238152121,2.3179366180618384e-06,0.08513044699427397,4.161272003669677e+23,5406184975.3318,0.1501650749306419,True,0.013582156362490275,0.1,0.09759000729485331
True,0.0001856001165514522,1.4562560813152303e-24,5.499851841198021e-14,2.5980500914943576,1.77013150299941e-13,1.2201463188796078e-13,5382692088747667.0,1.3115194488569927e-08,1.2490661417685645e-08,2.0219998529542743e-06,0.13690292876168106,22894.97685505289,2.3179366180618384e-06,0.08513044699427397,4.924997880989495e+23,5406184975.3318,0.1501650749306419,True,0.01248471849155083,0.1,0.09759000729485333
True,0.00020191482936553665,1.2304325418579187e-24,4.6469826067235255e-14,2.5980500914943576,1.495634890459127e-13,1.0309366297867745e-13,7539793019923143.0,1.5522250169662184e-08,1.478309539967827e-08,2.0219998529542743e-06,0.12584117577814752,21045.063337313746,2.3179366180618384e-06,0.08513044699427397,5.828891768276842e+23,5406184975.3318,0.1501650749306419,True,0.011475953571240788,0.1,0.09759000729485333
True,0.00021966364609696568,1.0396277546841828e-24,3.9263689224193916e-14,2.5980500914943576,1.2637048274483095e-13,8.710679352063704e-14,1.0561346970249614e+16,1.837107719138747e-08,1.749626399179759e-08,2.0219998529542747e-06,0.11567321213992247,19344.6227823463,2.3179366180618384e-06,0.08513044699427397,6.898678957291107e+23,5406184975.3318,0.1501650749306419,True,0.01054869682952018,0.1,0.09759000729485331
True,0.00023897262805427596,8.784113159732087e-25,3.3175017467540117e-14,2.5980500914943576,1.0677404633332216e-13,7.359902886578205e-14,1.4793781411672988e+16,2.174275465753957e-08,2.070738538813292e-08,2.0219998529542743e-06,0.10632681969180241,17781.577778755083,2.3179366180618384e-06,0.08513044699427397,8.164806149735801e+23,5406184975.3318,0.1501650749306419,True,0.009696362407738284,0.1,0.09759000729485333
True,0.00025997891764920577,7.421949217431029e-25,2.8030524021502905e-14,2.5980500914943576,9.021645500406042e-14,6.218593098255751e-14,2.072235379377831e+16,2.573324226842763e-08,2.4507849779454884e-08,2.0219998529542743e-06,0.09773561550359346,16344.826769662484,2.3179366180618384e-06,0.08513044699427397,9.663307986278638e+23,5406184975.3318,0.1501650749306419,True,0.008912896584447272,0.1,0.09759000729485333
True,0.0002828317124532835,6.271017823250044e-25,2.3683793917782444e-14,2.5980500914943576,7.622647106668321e-14,5.254267714890077e-14,2.902678732400948e+16,3.045611138402663e-08,2.9005820365739646e-08,2.0219998529542743e-06,0.08983858038408656,15024.165203689787,2.3179366180618384e-06,0.08513044699427397,1.1436832611230811e+24,5406184975.3318,0.1501650749306419,True,0.008192734778730447,0.1,0.09759000729485333
True,0.0003076933248764192,5.298562869058739e-25,2.001111694914053e-14,2.5980500914943576,6.440593227719227e-14,4.4394815328051744e-14,4.065920265323574e+16,3.604577732415355e-08,3.4329311737289095e-08,2.0219998529542743e-06,0.08257962549109057,13810.213056936786,2.3179366180618384e-06,0.08513044699427397,1.3535855460991542e+24,5406184975.3318,0.1501650749306419,True,0.007530762027660373,0.1,0.09759000729485333
True,0.0003347403349938829,4.47690777935277e-25,1.6907966812340584e-14,2.5980500914943576,5.441841993269614e-14,3.751045312035555e-14,5.69532804972004e+16,4.2661324898618145e-08,4.0629833236779183e-08,2.0219998529542743e-06,0.07590719395936403,12694.34821118366,2.3179366180618384e-06,0.08513044699427397,1.6020115821310142e+24,5406184975.3318,0.1501650749306419,True,0.006922276657177418,0.1,0.09759000729485333
True,0.00036416484470964906,3.7826678214709677e-25,1.428602623500682e-14,2.5980500914943576,4.597968421955375e-14,3.1693657984546934e-14,7.97771709164256e+16,5.049103604393389e-08,4.808670099422275e-08,2.0219998529542743e-06,0.06977389471699849,11668.645215132225,2.3179366180618384e-06,0.08513044699427397,1.8960317038535447e+24,5406184975.3318,0.1501650749306419,True,0.006362956888360256,0.1,0.09759000729485333
True,0.00039617584216382654,3.1960845638997046e-25,1.207067341996103e-14,2.5980500914943576,3.8849554315332964e-14,2.6778880895371933e-14,1.1174768062291789e+17,5.975774842549285e-08,5.691214135761223e-08,2.0219998529542743e-06,0.06413616588942835,10725.818993737237,2.3179366180618384e-06,0.08513044699427397,2.2440138773751917e+24,5406184975.3318,0.1501650749306419,True,0.005848830141908832,0.1,0.09759000729485333
True,0.0004310006860748974,2.700463541000453e-25,1.0198858269931221e-14,2.5980500914943576,3.282510300186341e-14,2.262624473193219e-14,1.565302953357871e+17,7.072519751381729e-08,6.735733096554027e-08,2.0219998529542743e-06,0.05895396540038839,9859.173105822367,2.3179366180618384e-06,0.08513044699427397,2.655861856960494e+24,5406184975.3318,0.1501650749306419,True,0.005376244822824338,0.1,0.09759000729485333
True,0.0004688867205593423,2.281699119805127e-25,8.617307948878321e-15,2.5980500914943576,2.7734871250702734e-14,1.9117563301824413e-14,2.1925943537555414e+17,8.370552263369041e-08,7.971954536541943e-08,2.0219998529542743e-06,0.05419048657230499,9062.552182479274,2.3179366180618384e-06,0.08513044699427397,3.1432970510450643e+24,5406184975.3318,0.1501650749306419,True,0.0049418443848862304,0.1,0.09759000729485333
True,0.0005101030318979338,1.9278730463403128e-25,7.281010709280334e-15,2.5980500914943576,2.3433988409705522e-14,1.615297770042519e-14,3.07127127678878e+17,9.906815061223971e-08,9.435061963070448e-08,2.0219998529542743e-06,0.04981189670616832,8330.298208442837,2.3179366180618384e-06,0.08513044699427397,3.7201921196368785e+24,5406184975.3318,0.1501650749306419,True,0.004542543490718842,0.1,0.09759000729485333
True,0.0005549423597261648,1.628915245899256e-25,6.151934834306983e-15,2.5980500914943576,1.9800049108657738e-14,1.3648114274350753e-14,4.3020758670983226e+17,1.172503098592349e-07,1.116669617706999e-07,2.0219998529542743e-06,0.045787096784144,7657.210335930079,2.3179366180618384e-06,0.08513044699427397,4.402965797460004e+24,5406184975.3318,0.1501650749306419,True,0.004175506098123966,0.1,0.09759000729485333
True,0.0006037231762230813,1.3763172234602893e-25,5.197946235310565e-15,2.5980500914943576,1.672962953855894e-14,1.1531683303248374e-14,6.026122441916316e+17,1.3876947411581255e-07,1.3216140391982147e-07,2.0219998529542747e-06,0.04208750058820705,7038.507945519816,2.3179366180618384e-06,0.08513044699427397,5.211050179713536e+24,5406184975.3318,0.1501650749306419,True,0.003838125317037176,0.1,0.09759000729485331
True,0.0006567919480659909,1.162889907478092e-25,4.391893898892856e-15,2.5980500914943576,1.41353439560432e-14,9.743450057150344e-15,8.441076542302065e+17,1.6423809002720895e-07,1.5641722859734185e-07,2.0219998529542747e-06,0.03868683166598471,6469.7966917122885,2.3179366180618384e-06,0.08513044699427397,6.167443769642219e+24,5406184975.3318,0.1501650749306419,True,0.0035280048940415577,0.1,0.09759000729485331
True,0.0007145255972166317,9.825590451556432e-26,3.710837154894095e-15,2.5980500914943576,1.1943357639517614e-14,8.232520484623519e-15,1.182381770031605e+18,1.9438100769390956e-07,1.851247692322948e-07,2.0219998529542743e-06,0.035560936701753365,5947.037292006629,2.3179366180618384e-06,0.08513044699427397,7.299366027941331e+24,5406184975.3318,0.1501650749306419,True,0.0032429421929322157,0.1,0.09759000729485333
True,0.0007773341780165789,8.301923260395615e-26,3.1353927729478637e-15,2.5980500914943576,1.0091285514452574e-14,6.95589274150471e-15,1.6562184255727695e+18,2.3005611028379723e-07,2.191010574131402e-07,2.0219998529542743e-06,0.032687613967054,5466.516837820024,2.3179366180618384e-06,0.08513044699427397,8.639032052813506e+24,5406184975.3318,0.1501650749306419,True,0.0029809125504507076,0.1,0.09759000729485333
True,0.0008456637896060046,7.014533137861464e-26,2.6491833056291197e-15,2.5980500914943576,8.52641664160309e-15,5.87723333597397e-15,2.319943983180172e+18,2.7227872983482307e-07,2.5931307603316483e-07,2.0219998529542743e-06,0.03004645563249353,5024.822423483893,2.3179366180618384e-06,0.08513044699427397,1.0224569438476037e+25,5406184975.3318,0.1501650749306419,True,0.0027400548960757488,0.1,0.09759000729485333
True,0.0009199997443513106,5.926780289199139e-26,2.238370977753328e-15,2.5980500914943576,7.204214036168796e-15,4.965843058415469e-15,3.2496559644496026e+18,3.222505441346929e-07,3.069052801282789e-07,2.0219998529542743e-06,0.027618702820748194,4618.816906016418,2.3179366180618384e-06,0.08513044699427397,1.2101103406390496e+25,5406184975.3318,0.1501650749306419,True,0.002518658533734411,0.1,0.09759000729485333
True,0.0010008700147854446,5.007706700655575e-26,1.8912638560730165e-15,2.5980500914943576,6.087047121963467e-15,4.195783265890451e-15,4.55194779005263e+18,3.813937770978405e-07,3.6323216866461e-07,2.0219998529542743e-06,0.025387112371280402,4245.616623504838,2.3179366180618384e-06,0.08513044699427397,1.4322041092615624e+25,5406184975.3318,0.1501650749306419,True,0.002315150991550719,0.1,0.09759000729485333
True,0.0010888489835428595,4.231155058251596e-26,1.5979830907557272e-15,2.5980500914943576,5.143120745577979e-15,3.5451376548222518e-15,6.376129938073105e+18,4.5139167600026683e-07,4.298968342859684e-07,2.021999852954274e-06,0.023335834370462993,3902.57091384184,2.3179366180618384e-06,0.08513044699427397,1.6950591542771831e+25,5406184975.3318,0.1501650749306419,True,0.0021280868533342357,0.1,0.09759000729485336
True,0.0011845615229231076,3.575024296974969e-26,1.3501817581621656e-15,2.5980500914943576,4.345570269720889e-15,2.9953885115587235e-15,8.931348702205186e+18,5.342364175754773e-07,5.087965881671212e-07,2.0219998529542747e-06,0.02145029957726605,3587.2432883475053,2.3179366180618384e-06,0.08513044699427397,2.006156467446742e+25,5406184975.3318,0.1501650749306419,True,0.001956137492484058,0.1,0.09759000729485331
True,0.0012886874330582312,3.020640592936026e-26,1.1408073030433242e-15,2.5980500914943576,3.671696991620972e-15,2.530889688577647e-15,1.2510565251198239e+19,6.322858064039947e-07,6.021769584799949e-07,2.0219998529542743e-06,0.019717115944945365,3297.3941265621124,2.3179366180618384e-06,0.08513044699427397,2.3743500406595614e+25,5406184975.3318,0.1501650749306419,True,0.001798081635393119,0.1,0.09759000729485333
True,0.0014019662702061378,2.552225896594181e-26,9.639008191374733e-16,2.5980500914943576,3.1023221261002435e-15,2.1384213069627702e-15,1.7524144238802854e+19,7.48330379262225e-07,7.12695599297357e-07,2.0219998529542743e-06,0.018123973503775613,3030.9647692992075,2.3179366180618384e-06,0.08513044699427397,2.8101188551633813e+25,5406184975.3318,0.1501650749306419,True,0.0016527966873291472,0.1,0.09759000729485333
True,0.0015252025994629973,2.1564488812336886e-26,8.144274555880938e-16,2.5980500914943576,2.6212409673386908e-15,1.806813511750597e-15,2.454690296850939e+19,8.856728252554498e-07,8.43497928814714e-07,2.0219998529542743e-06,0.01665955692925608,2786.062896979549,2.3179366180618384e-06,0.08513044699427397,3.325865118839494e+25,5406184975.3318,0.1501650749306419,True,0.0015192507591842202,0.1,0.09759000729485333
True,0.0016592717092021373,1.8220455264479474e-26,6.881331224609084e-16,2.5980500914943576,2.2147616944897046e-15,1.5266285720287962e-15,3.4384015398093836e+19,1.048221982073376e-06,9.983066495936914e-07,2.0219998529542743e-06,0.01531346517480323,2560.949089395312,2.3179366180618384e-06,0.08513044699427397,3.936267239511519e+25,5406184975.3318,0.1501650749306419,True,0.0013964953384627502,0.1,0.09759000729485333
True,0.0018051258278263752,1.5394985382401996e-26,5.814234171242027e-16,2.5980500914943576,1.8713156953132225e-15,1.28989227818902e-15,4.816332701575623e+19,1.2406040835507462e-06,1.1815276986197583e-06,2.0219998529542747e-06,0.014076137598119353,2354.0244714449536,2.3179366180618384e-06,0.08513044699427397,4.658697580092509e+25,5406184975.3318,0.1501650749306419,True,0.0012836585524534302,0.1,0.09759000729485331
True,0.001963800886988364,1.3007664818694746e-26,4.9126132567407255e-16,2.5980500914943576,1.5811283174339229e-15,1.0898669917598503e-15,6.746466468123067e+19,1.4682944246966275e-06,1.3983756425682166e-06,2.0219998529542747e-06,0.012938786056548775,2163.819357092385,2.3179366180618384e-06,0.08513044699427397,5.5137168850997916e+25,5406184975.3318,0.1501650749306419,True,0.001179938975736716,0.1,0.09759000729485331
True,0.0021364238793148654,1.09905491842117e-26,4.1508078793375003e-16,2.5980500914943576,1.3359406766333912e-15,9.20859888699641e-16,9.450096707525827e+19,1.7377731914478345e-06,1.6550220870931757e-06,2.0219998529542743e-06,0.011893332489127436,1988.98281089394,2.3179366180618384e-06,0.08513044699427397,6.5256594501742285e+25,5406184975.3318,0.1501650749306419,True,0.001084599938045535,0.1,0.09759000729485333
True,0.00232422086289333,9.286230315296295e-27,3.507136660417875e-16,2.5980500914943576,1.1287746046950843e-15,7.780609386532969e-16,1.3237200274180882e+20,2.0567098901426033e-06,1.9587713239453362e-06,2.0219998529542743e-06,0.010932351542001159,1828.2730529536764,2.3179366180618384e-06,0.08513044699427397,7.723325688833872e+25,5406184975.3318,0.1501650749306419,True,0.0009969642920506952,0.1,0.09759000729485333
True,0.0025285256693727822,7.846202407483527e-27,2.963280381170092e-16,2.5980500914943576,9.537340470951101e-16,6.57406008978101e-16,1.85419765026564e+20,2.4341816256735492e-06,2.31826821492719e-06,2.0219998529542747e-06,0.01004901782970868,1680.5486391580464,2.3179366180618384e-06,0.08513044699427397,9.140801807273072e+25,5406184975.3318,0.1501650749306419,True,0.0009164096039091005,0.1,0.09759000729485331
True,0.002750789377528488,6.629481514990419e-27,2.503760608057209e-16,2.5980500914943576,8.058372582134167e-16,5.554611974076958e-16,2.5972629068372617e+20,2.8809314406301005e-06,2.743744229171524e-06,2.021999852954275e-06,0.009237057457751515,1544.7603540473579,2.3179366180618384e-06,0.08513044699427397,1.0818429915579817e+26,5406184975.3318,0.1501650749306419,True,0.0008423637324155355,0.1,0.09759000729485329
True,0.002992590619576578,5.6014391262301624e-27,2.115499168520684e-16,2.5980500914943576,6.808750182535496e-16,4.693251014014812e-16,3.638109780942904e+20,3.4096740678972385e-06,3.247308636092608e-06,2.0219998529542743e-06,0.008490703462138871,1419.9437587430025,2.3179366180618384e-06,0.08513044699427397,1.2803956185242806e+26,5406184975.3318,0.1501650749306419,True,0.0007743007653588652,0.1,0.09759000729485333
True,0.0032556467934393785,4.732816618300426e-27,1.787445939364123e-16,2.5980500914943576,5.752908366505374e-16,3.9654624271412504e-16,5.096073540860741e+20,4.0354577985889735e-06,3.843293141513308e-06,2.021999852954274e-06,0.007804654849416263,1305.2123410019844,2.3179366180618384e-06,0.08513044699427397,1.5153889730109787e+26,5406184975.3318,0.1501650749306419,True,0.000711737284220556,0.1,0.09759000729485336
True,0.0035418262605968454,3.998892541305874e-27,1.5102643544802013e-16,2.5980500914943576,4.860797324933284e-16,3.3505329704530816e-16,7.138312777117512e+20,4.776092764266923e-06,4.548659775492308e-06,2.0219998529542743e-06,0.00717403894625858,1199.7512187468367,2.3179366180618384e-06,0.08513044699427397,1.7935110885258936e+26,5406184975.3318,0.1501650749306419,True,0.0006542289306854457,0.1,0.09759000729485333
True,0.0038531616161595196,3.378779032992457e-27,1.276065681306658e-16,2.5980500914943576,4.107027111998149e-16,2.830961430691491e-16,9.998974484059864e+20,5.652657822579366e-06,5.383483640551777e-06,2.0219998529542747e-06,0.00659437679121509,1102.8113523501625,2.3179366180618384e-06,0.08513044699427397,2.122677465623892e+26,5406184975.3318,0.1501650749306419,True,0.0006013672505783559,0.1,0.09759000729485331
True,0.004191864125413969,2.854827339286647e-27,1.0781845033805797e-16,2.5980500914943576,3.470145034059696e-16,2.391960530679116e-16,1.4006039501851583e+21,6.6901004725505915e-06,6.371524259571992e-06,2.021999852954274e-06,0.0060615513228005355,1013.7042245664328,2.3179366180618384e-06,0.08513044699427397,2.512256351183641e+26,5406184975.3318,0.1501650749306419,True,0.0005527767928105427,0.1,0.09759000729485336
True,0.004560339429376579,2.412125521543882e-27,9.109890191072882e-17,2.5980500914943576,2.932025094801609e-16,2.0210360756943205e-16,1.9618926204897927e+21,7.917946873422897e-06,7.540901784212282e-06,2.0219998529542743e-06,0.0055717781379875765,931.7969503251469,2.3179366180618384e-06,0.08513044699427397,2.9733353636029243e+26,5406184975.3318,0.1501650749306419,True,0.0005081124427311922,0.1,0.09759000729485333
True,0.004961204630904614,2.038074054992485e-27,7.697207577478221e-17,2.5980500914943576,2.477352119916753e-16,1.707631362168931e-16,2.7481163778122087e+21,9.371142174557728e-06,8.924897309102597e-06,2.0219998529542747e-06,0.005121578613412306,856.5077816525799,2.3179366180618384e-06,0.08513044699427397,3.519037052204671e+26,5406184975.3318,0.1501650749306419,True,0.00046705697094405046,0.1,0.09759000729485331
True,0.005397306882719067,1.7220272396831623e-27,6.503591508583342e-17,2.5980500914943576,2.0931858792536403e-16,1.4428267283953063e-16,3.849417418224569e+21,1.109104507262383e-05,1.0562900069165551e-05,2.0219998529542743e-06,0.004707755198385617,787.3019757957304,2.3179366180618384e-06,0.08513044699427397,4.1648923718391175e+26,5406184975.3318,0.1501650749306419,True,0.00042931878017959913,0.1,0.09759000729485333
True,0.005871743609361058,1.4549902183126213e-27,5.4950710481390707e-17,2.5980500914943576,1.768592801113011e-16,1.219085696299104e-16,5.392062206451202e+21,1.3126604901688968e-05,1.2501528477799016e-05,2.0219998529542743e-06,0.004327368704228572,723.6879972017394,2.3179366180618384e-06,0.08513044699427397,4.929282701964238e+26,5406184975.3318,0.1501650749306419,True,0.00039462983421989885,0.1,0.09759000729485333
True,0.006387884506708527,1.229362977890476e-27,4.642943177511112e-17,2.5980500914943576,1.4943347970912535e-16,1.0300404793401423e-16,7.552918189799507e+21,1.553575475681316e-05,1.4795956911250628e-05,2.0219998529542743e-06,0.00397771742862892,665.2140263772787,2.3179366180618384e-06,0.08513044699427397,5.8339629902980005e+26,5406184975.3318,0.1501650749306419,True,0.0003627437541662547,0.1,0.09759000729485333
True,0.006949395475305349,1.0387240494032051e-27,3.922955892790016e-17,2.5980500914943576,1.2626063412632142e-16,8.703107519842126e-17,1.0579732020441505e+22,1.8387060300168516e-05,1.751148600016049e-05,2.0219998529542743e-06,0.0036563179667490012,611.4647508320005,2.3179366180618384e-06,0.08513044699427397,6.904680909983989e+26,5406184975.3318,0.1501650749306419,True,0.0003334340685283983,0.1,0.09759000729485333
True,0.007560264657489693,8.77647749454771e-28,3.314617980103222e-17,2.5980500914943576,1.0668123208407959e-16,7.353505228304737e-17,1.4819534226588317e+22,2.176167117556792e-05,2.0725401119588495e-05,2.0219998529542743e-06,0.0033608875727956355,562.0584153136718,2.3179366180618384e-06,0.08513044699427397,8.171909651806362e+26,5406184975.3318,0.1501650749306419,True,0.0003064926047064198,0.1,0.09759000729485333
True,0.008224830763250849,7.415497624855989e-28,2.8006158249742174e-17,2.5980500914943576,9.013803358211325e-17,6.213187533237107e-17,2.0758426987440544e+22,2.5755630569678544e-05,2.4529171971122423e-05,2.0219998529542743e-06,0.0030893279467747036,516.6441103842342,2.3179366180618384e-06,0.08513044699427397,9.671715207102986e+26,5406184975.3318,0.1501650749306419,True,0.0002817280104409163,0.1,0.09759000729485333
True,0.008947813885999509,6.26556668759265e-28,2.3663206578188395e-17,2.5980500914943576,7.616021055743569e-17,5.24970039792473e-17,2.9077316763423252e+22,3.048260865123788e-05,2.903105585832179e-05,2.0219998529542747e-06,0.0028397103312754975,474.89928007884026,2.3179366180618384e-06,0.08513044699427397,1.1446782824701234e+27,5406184975.3318,0.1501650749306419,True,0.00025896439472992765,0.1,0.09759000729485331
True,0.009734349027120986,5.293957048153338e-28,1.999372211528416e-17,2.5980500914943576,6.434994687197109e-17,4.435622475668694e-17,4.072998164417768e+22,3.6077137683378425e-05,3.435917874607469e-05,2.0219998529542747e-06,0.0026102618124345337,436.52743094597935,2.3179366180618384e-06,0.08513044699427397,1.3547631855376242e+27,5406184975.3318,0.1501650749306419,True,0.00023804007855974992,0.1,0.09759000729485331
True,0.01059002256742026,4.473016189132701e-28,1.6893269418172313e-17,2.5980500914943576,5.437111625765097e-17,3.747784683947866e-17,5.7052423998827655e+22,4.269844088204652e-05,4.0665181792425254e-05,2.0219998529542747e-06,0.002399352727781096,401.2560261970956,2.3179366180618384e-06,0.08513044699427397,1.6034053558939174e+27,5406184975.3318,0.1501650749306419,True,0.00021880644657666377,0.1,0.09759000729485331
True,0.011520911944497985,3.7793797052475925e-28,1.4273607985018213e-17,2.5980500914943576,4.5939715987405574e-17,3.1666108002387365e-17,7.991604593829515e+22,5.053496399182453e-05,4.812853713507098e-05,2.0219998529542743e-06,0.00220548509152852,368.83455000886016,2.3179366180618384e-06,0.08513044699427397,1.8976812794695692e+27,5406184975.3318,0.1501650749306419,True,0.00020112689154355595,0.1,0.09759000729485333
True,0.012533628817866614,3.1933063401693025e-28,1.206018088427657e-17,2.5980500914943576,3.881578400933621e-17,2.6755603125059635e-17,1.1194220947637446e+23,5.98097385501679e-05,5.6961655762064664e-05,2.0219998529542743e-06,0.002027281955101662,339.03272822977254,2.3179366180618384e-06,0.08513044699427397,2.245966202627252e+27,5406184975.3318,0.1501650749306419,True,0.00018487584408442026,0.1,0.09759000729485333
True,0.01363536602838792,2.69811614006575e-28,1.018999282550945e-17,2.5980500914943576,3.279656950148526e-17,2.2606576675975807e-17,1.56802781160219e+23,7.078672948135782e-05,6.74159328393884e-05,2.0219998529542743e-06,0.0018634776273334288,311.63889285361586,2.3179366180618384e-06,0.08513044699427397,2.658172496044148e+27,5406184975.3318,0.1501650749306419,True,0.0001699378808254741,0.1,0.09759000729485333
True,0.014833948685562074,2.279715733410449e-28,8.60981728054427e-18,2.5980500914943576,2.7710762477631248e-17,1.9100945197086976e-17,2.1964111923991163e+23,8.377834767600509e-05,7.978890254857627e-05,2.0219998529542743e-06,0.0017129086848691887,286.4584786434163,2.3179366180618384e-06,0.08513044699427397,3.146031765954519e+27,5406184975.3318,0.1501650749306419,True,0.00015620690459845047,0.1,0.09759000729485333
True,0.01613788974551674,1.926197226273772e-28,7.274681628703958e-18,2.5980500914943576,2.3413618215677126e-17,1.613893658697317e-17,3.0766177043548606e+23,9.915434136803903e-05,9.443270606479907e-05,2.0219998529542743e-06,0.0015745057089302569,263.3126412281454,2.3179366180618384e-06,0.08513044699427397,3.723428741785659e+27,5406184975.3318,0.1501650749306419,True,0.00014358539088344158,0.1,0.09759000729485333
True,0.017556450474439968,1.6274992974471725e-28,6.146587212552025e-18,2.5980500914943576,1.9782837747319473e-17,1.3636250534767449e-17,4.309564862675203e+23,0.00011735231936241065,0.00011176411367848632,2.0219998529542743e-06,0.0014472856897466734,242.03698685717194,2.3179366180618384e-06,0.08513044699427397,4.4067964428036086e+27,5406184975.3318,0.1501650749306419,True,0.00013198369513914057,0.1,0.09759000729485333
True,0.01909970622689944,1.3751208479907663e-28,5.193427876271077e-18,2.5980500914943576,1.671508716558491e-17,1.1521659289313835e-17,6.036612634490136e+23,0.00013889020561006141,0.00013227638629529658,2.0219998529542743e-06,0.0013303450447116104,222.4804047905207,2.3179366180618384e-06,0.08513044699427397,5.215583870417572e+27,5406184975.3318,0.1501650749306419,True,0.0001213194161007817,0.1,0.09759000729485333
True,0.020778618006240163,1.1618790555208932e-28,4.388076207712498e-18,2.5980500914943576,1.4123056687909082e-17,9.734980480196583e-18,8.45577065436377e+23,0.0001643809795938655,0.0001565533138989195,2.0219998529542747e-06,0.0012228532006687048,204.50399403196494,2.3179366180618384e-06,0.08513044699427397,6.17280953691019e+27,5406184975.3318,0.1501650749306419,True,0.00011151681052358832,0.1,0.09759000729485331
True,0.02260511031531905,9.817049473365167e-29,3.707611478089474e-18,2.5980500914943576,1.1932975774159747e-17,8.225364296070272e-18,1.1844400442507208e+24,0.0001945501220446129,0.00018528583051867893,2.0219998529542743e-06,0.001124046694750427,187.98007678206022,2.3179366180618384e-06,0.08513044699427397,7.305716584310011e+27,5406184975.3318,0.1501650749306419,True,0.00010250625521493723,0.1,0.09759000729485333
True,0.024592155850513473,8.294706742888377e-29,3.1326673060737008e-18,2.5980500914943576,1.0082513578564778e-17,6.949846272491077e-18,1.6591015482434533e+24,0.00023025626250122602,0.0002192916785725962,2.0219998529542743e-06,0.0010332237518685303,172.79129160414348,2.3179366180618384e-06,0.08513044699427397,8.646548138431384e+27,5406184975.3318,0.1501650749306419,True,9.422375253430753e-05,0.1,0.09759000729485333
True,0.026753867640544104,7.008435695183814e-29,2.6468804804758e-18,2.5980500914943576,8.519004981312068e-18,5.872124500836269e-18,2.323982510338998e+24,0.00027251561635554145,0.0002595386822433728,2.0219998529542743e-06,0.0009497393003431336,158.8297598624958,2.3179366180618384e-06,0.08513044699427397,1.023346496506232e+28,5406184975.3318,0.1501650749306419,True,8.661047584882122e-05,0.1,0.09759000729485333
True,0.02910559928452991,5.921628384950322e-29,2.2364252547151837e-18,2.5980500914943576,7.197951711754652e-18,4.961526457039468e-18,3.255312921671165e+24,0.00032253090687270764,0.00030717229225972156,2.0219998529542743e-06,0.0008730003902688427,145.99631951228,2.3179366180618384e-06,0.08513044699427397,1.2111631545274252e+28,5406184975.3318,0.1501650749306419,True,7.961235171596398e-05,0.1,0.09759000729485333
True,0.03166405400121802,5.0033537089519793e-29,1.8896198588569416e-18,2.5980500914943576,6.0817559044051716e-18,4.19213604554823e-18,4.5598717592988553e+24,0.00038172559532299237,0.0003635481860218975,2.0219998529542747e-06,0.0008024619820767659,134.19982079923054,2.3179366180618384e-06,0.08513044699427397,1.433450148012394e+28,5406184975.3318,0.1501650749306419,True,7.317967582593089e-05,0.1,0.09759000729485331
True,0.03444740326391264,4.227477090677588e-29,1.5965940303429801e-18,2.5980500914943576,5.138650044062431e-18,3.542056013719451e-18,6.387229418969946e+24,0.0004517843934324129,0.00043027085088801224,2.0219998529542743e-06,0.0007376230753806058,123.35647886678954,2.3179366180618384e-06,0.08513044699427397,1.6965338808036031e+28,5406184975.3318,0.1501650749306419,True,6.726675997582042e-05,0.1,0.09759000729485333
True,0.037475415863710185,3.5719166766539097e-29,1.3490081011684674e-18,2.5980500914943576,4.341792845749757e-18,2.992784744581289e-18,8.946896273422515e+24,0.0005347012111576895,0.000509239248721609,2.0219998529542743e-06,0.0006780231506118787,113.38927867256818,2.3179366180618384e-06,0.08513044699427397,2.0079018532353327e+28,5406184975.3318,0.1501650749306419,True,6.183160756830353e-05,0.1,0.09759000729485333
True,0.04076959831771378,3.018014875371765e-29,1.1398156465781222e-18,2.5980500914943576,3.668505337736664e-18,2.5286896911585426e-18,1.2532343474252516e+25,0.0006328359044041918,0.0006027008613373255,2.0219998529542743e-06,0.0006232388981709256,104.2274279875442,2.3179366180618384e-06,0.08513044699427397,2.3764157603007527e+28,5406184975.3318,0.1501650749306419,True,5.6835615329992865e-05,0.1,0.09759000729485333
True,0.044353347619480454,2.5500073524945176e-29,9.630629401402373e-19,2.5980500914943576,3.0996254061675375e-18,2.1365624660273e-18,1.7554650032458513e+25,0.0007489814377565801,0.0007133156550062667,2.021999852954274e-06,0.0005728812118624202,95.8058545929073,2.3179366180618384e-06,0.08513044699427397,2.812563700116231e+28,5406184975.3318,0.1501650749306419,True,5.224329913095853e-05,0.1,0.09759000729485336
True,0.048252117416612984,2.1545743696757298e-29,8.137195075852895e-19,2.5980500914943576,2.618962431300934e-18,1.8052429237156444e-18,2.458963388573072e+25,0.0008864433737084886,0.0008442317844842748,2.021999852954274e-06,0.0005265924252612152,88.06474410338721,2.3179366180618384e-06,0.08513044699427397,3.3287586706672786e+28,5406184975.3318,0.1501650749306419,True,4.802204195802017e-05,0.1,0.09759000729485336
True,0.05249359879577628,1.8204616978544786e-29,6.875349568829102e-19,2.5980500914943576,2.212836494022134e-18,1.5253015371392237e-18,3.444387062779829e+25,0.001049133950696208,0.0009991751911392456,2.0219998529542743e-06,0.00048404377137975204,80.94911513444423,2.3179366180618384e-06,0.08513044699427397,3.939691850209356e+28,5406184975.3318,0.1501650749306419,True,4.414186225179036e-05,0.1,0.09759000729485333
True,0.05710791695916732,1.5381603160228753e-29,5.809180098664878e-19,2.5980500914943576,1.8696890382057995e-18,1.2887710283393116e-18,4.824716908505738e+25,0.0012416834274463183,0.0011825556451869697,2.0219998529542743e-06,0.0004449330475942761,74.40842879593932,2.3179366180618384e-06,0.08513044699427397,4.662750715868107e+28,5406184975.3318,0.1501650749306419,True,4.05752009620785e-05,0.1,0.09759000729485333
True,0.06212784518933688,1.2996357795255943e-29,4.908342925823225e-19,2.5980500914943576,1.579753908176445e-18,1.0889196155941224e-18,6.758210625850652e+25,0.0014695718625555,0.001399592250052857,2.0219998529542747e-06,0.00040898246924495285,68.39622973870554,2.3179366180618384e-06,0.08513044699427397,5.518513900312584e+28,5406184975.3318,0.1501650749306419,True,3.729672580921258e-05,0.1,0.09759000729485331
True,0.0675890376220525,1.0980995555719305e-29,4.14719975423312e-19,2.5980500914943576,1.3347793988211078e-18,9.20059423397796e-19,9.466547308266037e+25,0.0017392850798181462,0.0016564619807791867,2.0219998529542747e-06,0.00037593669666503463,62.869816204546474,2.3179366180618384e-06,0.08513044699427397,6.53133687038067e+28,5406184975.3318,0.1501650749306419,True,3.428315136104077e-05,0.1,0.09759000729485331
True,0.07353028248047594,9.27815818049759e-30,3.504088052003141e-19,2.5980500914943576,1.1277934077554126e-18,7.773846025550985e-19,1.3260243413671122e+26,0.002058499258156393,0.0019604754839584694,2.0219998529542743e-06,0.0003455610216260207,57.789936736186355,2.3179366180618384e-06,0.08513044699427397,7.730045096375945e+28,5406184975.3318,0.1501650749306419,True,3.1513073647706546e-05,0.1,0.09759000729485333
True,0.07999377756925682,7.83938202920938e-30,2.9607045244584865e-19,2.5980500914943576,9.529050056510714e-19,6.568345532052227e-19,1.8574254124972724e+26,0.002436299399678337,0.002320285142550797,2.0219998529542747e-06,0.00031763970031799596,53.120511393047536,2.3179366180618384e-06,0.08513044699427397,9.148754439996202e+28,5406184975.3318,0.1501650749306419,True,2.8966818139545352e-05,0.1,0.09759000729485331
True,0.08702542998524213,6.623718781715697e-30,2.501584192822418e-19,2.5980500914943576,8.05136777312849e-19,5.549783580306073e-19,2.601784187033646e+26,0.002883437893579301,0.0027461313272183815,2.0219998529542747e-06,0.00029197442102511974,48.828375492786655,2.3179366180618384e-06,0.08513044699427397,1.082784210956167e+29,5406184975.3318,0.1501650749306419,True,2.6626300008363674e-05,0.1,0.09759000729485331
True,0.09467518217350566,5.5965700275584086e-30,2.1136602528492976e-19,2.5980500914943576,6.802831618444556e-19,4.689171365595258e-19,3.644442953322778e+26,0.003412640534749856,0.0032501338426189105,2.021999852954274e-06,0.0002683828956128883,44.88304405850683,2.3179366180618384e-06,0.08513044699427397,1.2815095816436158e+29,5406184975.3318,0.1501650749306419,True,2.447489567960241e-05,0.1,0.09759000729485336
True,0.1029973666445142,4.728702577142343e-30,1.785892186756435e-19,2.5980500914943576,5.747907601906346e-19,3.9620154151499108e-19,5.1049447168664355e+26,0.0040389687065397846,0.003846636863371223,2.0219998529542743e-06,0.00024669756482319244,41.256495298629474,2.3179366180618384e-06,0.08513044699427397,1.5167073838231977e+29,5406184975.3318,0.1501650749306419,True,2.249732476308238e-05,0.1,0.09759000729485333
True,0.11205109187181692,3.99541646990305e-30,1.5089515443261182e-19,2.5980500914943576,4.85657203545586e-19,3.347620491129742e-19,7.150739055608542e+26,0.004780248035588492,0.004552617176750945,2.0219998529542747e-06,0.00022676440818149746,37.9229715815862,2.3179366180618384e-06,0.08513044699427397,1.7950714696907697e+29,5406184975.3318,0.1501650749306419,True,2.067954152374233e-05,0.1,0.09759000729485331
True,0.1219006621111034,3.375842000538663e-30,1.2749564503440604e-19,2.5980500914943576,4.1034570436986936e-19,2.8285005933546336e-19,1.0016380563821727e+27,0.005657575718462068,0.005388167350916255,2.0219998529542743e-06,0.0002084418500634932,34.85879649175068,2.3179366180618384e-06,0.08513044699427397,2.1245242264037155e+29,5406184975.3318,0.1501650749306419,True,1.9008635121538395e-05,0.1,0.09759000729485333
True,0.13261603412240283,2.8523457563054667e-30,1.077247282317386e-19,2.5980500914943576,3.467128580931255e-19,2.3898812986138687e-19,1.4030421026287424e+27,0.006695920958877807,0.006377067579883626,2.0219998529542743e-06,0.00019159975415152897,32.04220666724628,2.3179366180618384e-06,0.08513044699427397,2.514442051353993e+29,5406184975.3318,0.1501650749306419,True,1.7472737911957102e-05,0.1,0.09759000729485333
True,0.14427331403930435,2.4100287608885672e-30,9.101971341429167e-20,2.5980500914943576,2.9294764070139015e-19,2.0192792728709847e-19,1.9653078566713453e+27,0.007924835604273124,0.007547462480260118,2.0219998529542743e-06,0.00017611849913893942,29.453197225253852,2.3179366180618384e-06,0.08513044699427397,2.9759222093313402e+29,5406184975.3318,0.1501650749306419,True,1.6060941155844246e-05,0.1,0.09759000729485333
True,0.15695529791421722,2.0363024417605208e-30,7.690516714229148e-20,2.5980500914943576,2.4751986604852236e-19,1.7061469890623086e-19,2.752900261693821e+27,0.009379295206806077,0.008932662101720073,2.0219998529542743e-06,0.00016188812911744065,27.073379676951372,2.3179366180618384e-06,0.08513044699427397,3.522098666470609e+29,5406184975.3318,0.1501650749306419,True,1.476321753987772e-05,0.1,0.09759000729485333
True,0.1707520597789095,1.7205303528373872e-30,6.497938206268981e-20,2.5980500914943576,2.0913663595990074e-19,1.4415725389721093e-19,3.8561184320860553e+27,0.011100694445823048,0.010572089948402903,2.0219998529542743e-06,0.00014880757261319776,24.885851322921912,2.3179366180618384e-06,0.08513044699427397,4.1685158897824046e+29,5406184975.3318,0.1501650749306419,True,1.3570349957383707e-05,0.1,0.09759000729485333
True,0.18576159139703224,1.4537254556722087e-30,5.490294410825208e-20,2.5980500914943576,1.7670554367563322e-19,1.2180259956738114e-19,5.401448635529109e+27,0.013138025242036132,0.012512404992415363,2.0219998529542747e-06,0.00013678392472475935,22.8750752014095,2.3179366180618384e-06,0.08513044699427397,4.933571250796585e+29,5406184975.3318,0.1501650749306419,True,1.2473866043661187e-05,0.1,0.09759000729485331
True,0.2020904982524852,1.2282943436506217e-30,4.6389072596069475e-20,2.5980500914943576,1.4930358338406134e-19,1.0291451078799187e-19,7.566066207794356e+27,0.015549271093154632,0.01480882961252822,2.0219998529542747e-06,0.00012573178726422727,21.026769736752634,2.3179366180618384e-06,0.08513044699427397,5.8390386243572945e+29,5406184975.3318,0.1501650749306419,True,1.1465978000850465e-05,0.1,0.09759000729485331
True,0.21985475671689472,1.0378211296757406e-30,3.9195458299657186e-20,2.5980500914943576,1.2615088099465923e-19,8.695542269500205e-20,1.0598149075080506e+28,0.01840305731449053,0.017526721251895742,2.0219998529542747e-06,0.00011557266221500222,19.327807304221402,2.3179366180618384e-06,0.08513044699427397,6.91068808446445e+29,5406184975.3318,0.1501650749306419,True,1.0539527284950676e-05,0.1,0.09759000729485331
True,0.23918053777399972,8.768848466730332e-31,3.311736720191155e-20,2.5980500914943576,1.065884985144137e-19,7.347113131250216e-20,1.48453318716561e+28,0.021780604151246653,0.020743432524996813,2.0219998529542743e-06,0.00010623439419812729,17.76612099081308,2.3179366180618384e-06,0.08513044699427397,8.179019334028749e+29,5406184975.3318,0.1501650749306419,True,9.687933762124828e-06,0.1,0.09759000729485333
True,0.26020510315146445,7.409051640382721e-31,2.7981813658135997e-20,2.5980500914943576,9.005968032865475e-20,6.207786667051876e-20,2.079456297683134e+28,0.02577803834908266,0.02455051271341206,2.0219998529542747e-06,9.76506579873361e-05,16.330618889772925,2.3179366180618384e-06,0.08513044699427397,9.680129742333789e+29,5406184975.3318,0.1501650749306419,True,8.905148973174024e-06,0.1,0.09759000729485331
True,0.28307778022491015,6.260120290381369e-31,2.3642637134314688e-20,2.5980500914943576,7.609400764570035e-20,5.245137051138565e-20,2.9127934163802726e+28,0.030509128971463313,0.029056313306155535,2.0219998529542743e-06,8.976048743287134e-05,15.011105320115435,2.3179366180618384e-06,0.08513044699427397,1.1456741695004474e+30,5406184975.3318,0.1501650749306419,True,8.185613174240936e-06,0.1,0.09759000729485333
True,0.307961022618444,5.289355230897e-31,1.997634240203533e-20,2.5980500914943576,6.429401013254038e-20,4.431766773050506e-20,4.080088384623112e+28,0.036108525326579405,0.03438907173959943,2.0219998529542743e-06,8.250784244824555e-05,13.798208411606057,2.3179366180618384e-06,0.08513044699427397,1.355941849539815e+30,5406184975.3318,0.1501650749306419,True,7.524215848623202e-06,0.1,0.09759000729485333
True,0.33503156403461193,4.469127981710566e-31,1.687858479983907e-20,2.5980500914943576,5.432385370172811e-20,3.744526890188905e-20,5.715174008812408e+28,0.042735589156929335,0.04070056110183746,2.0219998529542747e-06,7.584121098446161e-05,12.683313540874684,2.3179366180618384e-06,0.08513044699427397,1.6048003422606073e+30,5406184975.3318,0.1501650749306419,True,6.916259409231423e-06,0.1,0.09759000729485331
True,0.36448167350888566,3.7760944472472517e-31,1.4261200529699182e-20,2.5980500914943576,4.5899782497983633e-20,3.163858196828445e-20,8.005516271192751e+28,0.05057893015767933,0.04817040967398031,2.0219998529542743e-06,6.97132431647039e-05,11.658502145889162,2.3179366180618384e-06,0.08513044699427397,1.8993322902407698e+30,5406184975.3318,0.1501650749306419,True,6.357425833887406e-06,0.1,0.09759000729485333
True,0.3965205210041451,3.190530531433543e-31,1.2049697469318128e-20,2.5980500914943576,3.87820430584656e-20,2.6732345589147467e-20,1.1213707696303235e+29,0.05986177390702014,0.05701121324478108,2.0219998529542743e-06,6.40804149809375e-05,10.716495484217816,2.3179366180618384e-06,0.08513044699427397,2.2479202264311464e+30,5406184975.3318,0.1501650749306419,True,5.843745996489503e-06,0.1,0.09759000729485333
True,0.43137566304431935,2.695770779629302e-31,1.018113508745076e-20,2.5980500914943576,3.2768060804095343e-20,2.2586925716644582e-20,1.5707574132429457e+29,0.07084831498261987,0.06747458569773321,2.0219998529542743e-06,5.890271916381298e-05,9.85060293562283,2.3179366180618384e-06,0.08513044699427397,2.660485145417969e+30,5406184975.3318,0.1501650749306419,True,5.3715714762189544e-06,0.1,0.09759000729485333
True,0.4692946589389276,2.2777340710912885e-31,8.602333123537471e-21,2.5980500914943576,2.768667466131611e-20,1.9084341537778636e-20,2.2002346753438612e+29,0.08385123607718334,0.07985832007350793,2.0219998529542743e-06,5.414338103027469e-05,9.054674481802717,2.3179366180618384e-06,0.08513044699427397,3.1487688601063774e+30,5406184975.3318,0.1501650749306419,True,4.9375486445616095e-06,0.1,0.09759000729485333
True,0.5105468290777841,1.9245228629281057e-31,7.26835804973481e-21,2.5980500914943576,2.3393265728613486e-20,1.6124907678878677e-20,3.081973438909828e+29,0.09924060711106991,0.09451486391530467,2.0219998529542743e-06,4.9768597290674685e-05,8.323057025770332,2.3179366180618384e-06,0.08513044699427397,3.7266681798435457e+30,5406184975.3318,0.1501650749306419,True,4.538594846097602e-06,0.1,0.09759000729485333
True,0.5554251677841955,1.6260845798203526e-31,6.141244239262865e-21,2.5980500914943576,1.9765641347103784e-20,1.3624397107840918e-20,4.317066894994405e+29,0.11745441761536167,0.11186135010986825,2.0219998529542743e-06,4.57472959602645e-05,7.650554240623897,2.3179366180618384e-06,0.08513044699427397,4.4106304208652765e+30,5406184975.3318,0.1501650749306419,True,4.171876503882544e-06,0.1,0.09759000729485333
True,0.6042484243127103,1.3739255124808092e-31,5.1889134448536645e-21,2.5980500914943576,1.6700557433692443e-20,1.1511643988838777e-20,6.047121088249557e+29,0.13901104214249557,0.13239146870713864,2.0219998529542743e-06,4.205091566983285e-05,7.032389662536406,2.3179366180618384e-06,0.08513044699427397,5.22012150549956e+30,5406184975.3318,0.1501650749306419,True,3.834788993913415e-06,0.1,0.09759000729485333
True,0.6573633667717687,1.1608690822553649e-31,4.384261835092705e-21,2.5980500914943576,1.4110780100587407e-20,9.726518265494701e-21,8.470490345737372e+29,0.164523993476558,0.1566895175967219,2.0219998529542743e-06,3.865320280803696e-05,6.464172765830353,2.3179366180618384e-06,0.08513044699427397,6.178179972475039e+30,5406184975.3318,0.1501650749306419,True,3.5249381457369925e-06,0.1,0.09759000729485333
True,0.7151472450507887,9.808515919491939e-32,3.704388605231889e-21,2.5980500914943576,1.1922602933326766e-20,8.218214328094877e-21,1.1865019014858035e+30,0.1947193835273017,0.1854470319307635,2.0219998529542743e-06,3.5530025054628626e-05,5.941867779185581,2.3179366180618384e-06,0.08513044699427397,7.312072665756628e+30,5406184975.3318,0.1501650749306419,True,3.24012323780866e-06,0.1,0.09759000729485333
True,0.7780104702446848,8.287496498400446e-32,3.1299442083348313e-21,2.5980500914943576,1.0073749267756965e-20,6.943805059422133e-21,1.6619896898151514e+30,0.23045658885404338,0.2194824655752794,2.0219998529542743e-06,3.2659199980190434e-05,5.4617650214966975,2.3179366180618384e-06,0.08513044699427397,8.654070763154879e+30,5406184975.3318,0.1501650749306419,True,2.9783213668257632e-06,0.1,0.09759000729485333
True,0.846399529606477,7.002343552760149e-32,2.644579657072861e-21,2.5980500914943576,8.511599763669887e-21,5.867020106597028e-21,2.3280280677113686e+30,0.2727527089710354,0.2597644847343194,2.0219998529542743e-06,3.0020337495008832e-05,5.020454553792439,2.3179366180618384e-06,0.08513044699427397,1.0242368230888255e+31,5406184975.3318,0.1501650749306419,True,2.7376730800184186e-06,0.1,0.09759000729485333
True,0.9208001577315016,5.91648095903816e-32,2.234481223013364e-21,2.5980500914943576,7.191694830919349e-21,4.957213607905985e-21,3.26097972644747e+30,0.32281151353044985,0.3074395366956665,2.0219998529542743e-06,2.7594695028073933e-05,4.614801960079251,2.3179366180618384e-06,0.08513044699427397,1.2122168843794496e+31,5406184975.3318,0.1501650749306419,True,2.51646916835083e-06,0.1,0.09759000729485333
True,1.0017407864966161,4.999004501123496e-32,1.8879772906994486e-21,2.5980500914943576,6.076469286282803e-21,4.188491995583354e-21,4.567809522483744e+30,0.3820577022349058,0.3638644783189579,2.021999852954274e-06,2.5365044407612314e-05,4.241926085092044,2.3179366180618384e-06,0.08513044699427397,1.4346972708353634e+31,5406184975.3318,0.1501650749306419,True,2.3131385268315938e-06,0.1,0.09759000729485336
True,1.089796298257657,4.22380232020821e-32,1.5952061773828237e-21,2.5980500914943576,5.134183228742242e-21,3.538977051359418e-21,6.398348221693281e+30,0.45217745253453234,0.4306451928900308,2.0219998529542743e-06,2.3315549497669283e-05,3.89917857083413,2.3179366180618384e-06,0.08513044699427397,1.6980098903639106e+31,5406184975.3318,0.1501650749306419,True,2.12623699571061e-06,0.1,0.09759000729485333
True,1.1855921089623183,3.56881175765828e-32,1.3478354643861052e-21,2.5980500914943576,4.33801870533658e-21,2.9901832409504742e-21,8.962470909641915e+30,0.5351664091171924,0.509682294397326,2.021999852954275e-06,2.1431653721651713e-05,3.584125046564117,2.3179366180618384e-06,0.08513044699427397,2.0096487575353674e+31,5406184975.3318,0.1501650749306419,True,1.9544371033069612e-06,0.1,0.09759000729485329
True,1.2898086101788073,3.015391440234857e-32,1.1388248521187468e-21,2.5980500914943576,3.665316458224674e-21,2.526491606105927e-21,1.2554159608543452e+31,0.6333864809977835,0.603225219997889,2.021999852954274e-06,1.969997667396611e-05,3.294527838631446,2.3179366180618384e-06,0.08513044699427397,2.3784832771485787e+31,5406184975.3318,0.1501650749306419,True,1.7965186376160676e-06,0.1,0.09759000729485336
True,1.4031860015899118,2.5477907368832117e-32,9.622257894764567e-22,2.5980500914943576,3.096931030381605e-21,2.1347052409051477e-21,1.7585208930187843e+31,0.7496330626814525,0.7139362501728118,2.0219998529542747e-06,1.8108219085433216e-05,3.0283300773567006,2.3179366180618384e-06,0.08513044699427397,2.8150106721203353e+31,5406184975.3318,0.1501650749306419,True,1.65135997973069e-06,0.1,0.09759000729485331
True,1.5265295482753287,2.1527014875529114e-32,8.130121749723175e-22,2.5980500914943576,2.6166858759000383e-21,1.8036737009277207e-21,2.4632439188355744e+31,0.8872145925500748,0.8449662786191189,2.0219998529542747e-06,1.664507546749452e-05,2.783641088075552,2.3179366180618384e-06,0.08513044699427397,3.3316547399279356e+31,5406184975.3318,0.1501650749306419,True,1.5179301375213046e-06,0.1,0.09759000729485331
True,1.6607153001222132,1.8188792460175033e-32,6.869373112654351e-22,2.5980500914943576,2.210912967051466e-21,1.523975655786031e-21,3.450383005267837e+31,1.0500467127452255,1.0000444883287862,2.021999852954274e-06,1.53001538147648e-05,2.5587229625860046,2.3179366180618384e-06,0.08513044699427397,3.9431194403691353e+31,5406184975.3318,0.1501650749306419,True,1.3952814229948882e-06,0.1,0.09759000729485336
True,1.8066963139861723,1.5368232570666122e-32,5.804130419383365e-22,2.5980500914943576,1.8680637950839228e-21,1.2876507531455862e-21,4.83311571055006e+31,1.242763710387038,1.1835844860828932,2.0219998529542743e-06,1.4063901795616123e-05,2.351978215622318,2.3179366180618384e-06,0.08513044699427397,4.666807377931755e+31,5406184975.3318,0.1501650749306419,True,1.2825427213229149e-06,0.1,0.09759000729485333
True,1.9655094227957095,1.2985060600543627e-32,4.904076306927269e-22,2.5980500914943576,1.5783806936359277e-21,1.0879730629432007e-21,6.769975227649367e+31,1.4708504118041905,1.4008099160039909,2.0219998529542747e-06,1.2927538906560681e-05,2.1619384386855116,2.3179366180618384e-06,0.08513044699427397,5.5233150889995175e+31,5406184975.3318,0.1501650749306419,True,1.1789133037317142e-06,0.1,0.09759000729485331
True,2.138282599677844,1.0971450231799905e-32,4.14359476552224e-22,2.5980500914943576,1.3336191304594607e-21,9.19259653907237e-22,9.48302654598977e+31,1.740798283553684,1.6579031271939846,2.0219998529542743e-06,1.1882994108557652e-05,1.9872538706440497,2.3179366180618384e-06,0.08513044699427397,6.537019230026596e+31,5406184975.3318,0.1501650749306419,True,1.083657140311113e-06,0.1,0.09759000729485333
True,2.3262429694086837,9.270093062470792e-33,3.50104209361723e-22,2.5980500914943576,1.1268130637295358e-21,7.767088543678129e-22,1.3283326666347481e+32,2.0602901829468157,1.962181126616015,2.0219998529542743e-06,1.0922848502304993e-05,1.82668381102975,2.3179366180618384e-06,0.08513044699427397,7.736770349901945e+31,5406184975.3318,0.1501650749306419,True,9.960976723480066e-07,0.1,0.09759000729485333
True,2.53072552409051,7.83256757960713e-33,2.958130906832262e-22,2.5980500914943576,9.520766848583677e-22,6.562635941751415e-22,1.860658793573818e+32,2.4384190161778267,2.3223038249312635,2.0219998529542743e-06,1.0040282635365878e-05,1.679087807939081,2.3179366180618384e-06,0.08513044699427397,9.156713991627396e+31,5406184975.3318,0.1501650749306419,True,9.156130070552181e-07,0.1,0.09759000729485333
True,2.753182604958582,6.617961057745961e-33,2.4994096694551086e-22,2.5980500914943576,8.044369053112708e-22,5.544959383657599e-22,2.606313337813545e+32,2.8859465271796263,2.7485205020758343,2.0219998529542747e-06,9.229028066878045e-06,1.5434175579518243,2.3179366180618384e-06,0.08513044699427397,1.083726249229145e+32,5406184975.3318,0.1501650749306419,True,8.416315005661469e-07,0.1,0.09759000729485331
True,2.9951942176623927,5.591705161392151e-33,2.1118229356710225e-22,2.5980500914943576,6.796918199115868e-22,4.685095263444846e-22,3.65078715040361e+32,3.4156095824724977,3.252961507116664,2.0219998529542743e-06,8.483322845833295e-06,1.4187094605360857,2.3179366180618384e-06,0.08513044699427397,1.2826245139273342e+32,5406184975.3318,0.1501650749306419,True,7.736276978233292e-07,0.1,0.09759000729485333
True,3.2584792542858563,4.7245921121495765e-33,1.7843397847614354e-22,2.5980500914943576,5.742911184264539e-22,3.958571399503104e-22,5.1138313356955275e+32,4.042482669032422,3.849983494316592,2.0219998529542743e-06,7.797870586710844e-06,1.3040777740571854,2.3179366180618384e-06,0.08513044699427397,1.5180269416723171e+32,5406184975.3318,0.1501650749306419,True,7.111186005238955e-07,0.1,0.09759000729485333
True,3.5449077018110318,3.991943420104921e-33,1.5076398753434511e-22,2.5980500914943576,4.852350418847329e-22,3.344710543503878e-22,7.163186965597298e+32,4.7844069220575225,4.556578021007164,2.0219998529542747e-06,7.167802851798382e-06,1.198708324780845,2.3179366180618384e-06,0.08513044699427397,1.7966332084103215e+32,5406184975.3318,0.1501650749306419,True,6.536602366149351e-07,0.1,0.09759000729485331
True,1e-06,1.1766961788258347e-20,7.578224570620827e-10,2.5980500914943576,1.4303164136608733e-09,6.724939565987907e-10,4536141.137535527,6.091696091268281e-14,5.80161532501741e-14,8.087999411817098e-07,10.163679813761267,1699724.149096247,2.3179366180618384e-06,0.08513044699427397,8.935720501298568e+19,5406184975.3318,0.1501650749306419,True,2.317165207143905,0.25,0.2439750182371333
True,1.0879024922894468e-06,9.942243599075908e-21,6.403059352567728e-10,2.5980500914943576,1.2085153724696374e-09,5.682094372128647e-10,6353988.807510243,7.209716239330428e-14,6.866396418409931e-14,8.087999411817097e-07,9.342454756558386,1562386.4832952502,2.3179366180618384e-06,0.08513044699427397,1.0575709661661263e+20,5406184975.3318,0.1501650749306419,True,2.1299383203613442,0.25,0.24397501823713333
True,1.1835318327295895e-06,8.400486851414914e-21,5.410128545338997e-10,2.5980500914943576,1.0211093094829807e-09,4.800964549490812e-10,8900334.566728234,8.532928674195024e-14,8.126598737328594e-14,8.087999411817098e-07,8.587584662020188,1436145.6972189406,2.3179366180618384e-06,0.08513044699427397,1.2516689038281977e+20,5406184975.3318,0.1501650749306419,True,1.9578393610248799,0.25,0.2439750182371333
True,1.287567230530417e-06,7.097812343619689e-21,4.5711728199668036e-10,2.5980500914943576,8.627645503441911e-10,4.056472683475108e-10,12467122.275391234,1.00989927123209e-13,9.618088297448477e-14,8.087999411817096e-07,7.893708050937508,1320105.1632822624,2.3179366180618384e-06,0.08513044699427397,1.4813899917184234e+20,5406184975.3318,0.1501650749306419,True,1.7996459930013455,0.25,0.24397501823713336
True,1.4007475990842613e-06,5.9971452793542055e-21,3.8623150586700047e-10,2.5980500914943576,7.289745205706803e-10,3.4274301470367985e-10,17463291.594744194,1.1952479353535932e-13,1.138331367003422e-13,8.087999411817098e-07,7.255896651477947,1213440.7013850615,2.3179366180618384e-06,0.08513044699427397,1.7532722118857772e+20,5406184975.3318,0.1501650749306419,True,1.654234644884454,0.25,0.2439750182371333
True,1.5238768041122235e-06,5.067160099549635e-21,3.26338079962102e-10,2.5980500914943576,6.15931486092303e-10,2.8959340613020107e-10,24461663.773446083,1.41461397949529e-13,1.3472514090431333e-13,8.087999411817097e-07,6.669620396041395,1115394.72515724,2.3179366180618384e-06,0.08513044699427397,2.075053474207027e+20,5406184975.3318,0.1501650749306419,True,1.5205725298075086,0.25,0.24397501823713333
True,1.6578293731357647e-06,4.281388940644884e-21,2.757324061233451e-10,2.5980500914943576,5.204181831525182e-10,2.4468577702917316e-10,34264616.80026105,1.674240675756959e-13,1.594514929292342e-13,8.087999411817099e-07,6.130715246368682,1025270.8611871433,2.3179366180618384e-06,0.08513044699427397,2.4558918413401444e+20,5406184975.3318,0.1501650749306419,True,1.3977103100550172,0.25,0.24397501823713327
True,1.8035567068250495e-06,3.617468345376634e-21,2.3297422046301957e-10,2.5980500914943576,4.397162533028565e-10,2.067420328398369e-10,47996079.716507904,1.9815171354090598e-13,1.887159176580057e-13,8.087999411817097e-07,5.635353618380668,942429.0030161636,2.3179366180618384e-06,0.08513044699427397,2.906626171966948e+20,5406184975.3318,0.1501650749306419,True,1.2847753543735272,0.25,0.24397501823713333
True,1.9620938363403183e-06,3.0565027871144257e-21,1.968466027024463e-10,2.5980500914943576,3.7152887750280044e-10,1.7468227480035418e-10,67230393.42835523,2.345188606855771e-13,2.233512958910258e-13,8.087999411817098e-07,5.180017196689471,866280.7647704346,2.3179366180618384e-06,0.08513044699427397,3.440084600367833e+20,5406184975.3318,0.1501650749306419,True,1.1809655400915293,0.25,0.2439750182371333
True,2.134566774660394e-06,2.58252689331151e-21,1.6632134198575565e-10,2.5980500914943576,3.1391540745122173e-10,1.4759406546546608e-10,94172812.18025894,2.7756053699685653e-13,2.6434336856843475e-13,8.087999411817098e-07,4.761471945696471,796285.3021389646,2.3179366180618384e-06,0.08513044699427397,4.071449631818178e+20,5406184975.3318,0.1501650749306419,True,1.0855435560279258,0.25,0.2439750182371333
True,2.322200514111288e-06,2.1820510626701155e-21,1.405296734623245e-10,2.5980500914943576,2.652361337229401e-10,1.2470646026061563e-10,131912340.56051074,3.285017310452984e-13,3.1285879147171276e-13,8.087999411817097e-07,4.3767451397929475,731945.4710166298,2.3179366180618384e-06,0.08513044699427397,4.8186902446119826e+20,5406184975.3318,0.1501650749306419,True,0.9978316657253388,0.25,0.24397501823713333
True,2.526327726897505e-06,1.843677544048505e-21,1.187375527857326e-10,2.5980500914943576,2.2410561878274432e-10,1.053680659970117e-10,184775894.32972082,3.887922557988849e-13,3.7027833885608084e-13,8.087999411817098e-07,4.023104249519886,672804.2965287084,2.3179366180618384e-06,0.08513044699427397,5.703073296561812e+20,5406184975.3318,0.1501650749306419,True,0.9172068938140241,0.25,0.2439750182371333
True,2.7483982304317225e-06,1.5577760505151967e-21,1.0032476482857892e-10,2.5980500914943576,1.893532667101049e-10,8.902850188152594e-11,258824390.35100144,4.601480110567236e-13,4.3823620100640343e-13,8.087999411817097e-07,3.698037533725503,618441.7273581389,2.3179366180618384e-06,0.08513044699427397,6.749768790870958e+20,5406184975.3318,0.1501650749306419,True,0.8430966013174593,0.25,0.24397501823713333
True,2.989989284690576e-06,1.3162096763569798e-21,8.476727203627387e-11,2.5980500914943576,1.599900074283577e-10,7.522273539208381e-11,362547643.36861306,5.445998188528395e-13,5.186664941455614e-13,8.087999411817096e-07,3.3992361998759026,568471.6523230434,2.3179366180618384e-06,0.08513044699427397,7.988566227560493e+20,5406184975.3318,0.1501650749306419,True,0.7749744184731084,0.25,0.24397501823713336
True,3.2528167947336175e-06,1.1121033164958431e-21,7.1622300044752e-11,2.5980500914943576,1.3518014725414812e-10,6.355784720939613e-11,507837741.0022417,6.445512217111038e-13,6.138583063915275e-13,8.087999411817098e-07,3.1245780058122206,522539.15801472066,2.3179366180618384e-06,0.08513044699427397,9.454722428186371e+20,5406184975.3318,0.1501650749306419,True,0.7123565061811801,0.25,0.2439750182371333
True,3.5387474979516724e-06,9.396479974104199e-22,6.051573609099202e-11,2.5980500914943576,1.1421758461906424e-10,5.370184852807221e-11,711352496.4332652,7.628468887198389e-13,7.265208463998465e-13,8.087999411817097e-07,2.872112186485272,480318.00801840064,2.3179366180618384e-06,0.08513044699427397,1.1189964963380974e+21,5406184975.3318,0.1501650749306419,True,0.6547981195282075,0.25,0.24397501823713333
True,3.849812222604668e-06,7.939355507179746e-22,5.1131481568538894e-11,2.5980500914943576,9.65057140504986e-11,4.5374232481959706e-11,996425301.4814911,9.02853576298656e-13,8.598605488558627e-13,8.087999411817098e-07,2.6400455986096967,441508.3258129054,2.3179366180618384e-06,0.08513044699427397,1.3243679741290173e+21,5406184975.3318,0.1501650749306419,True,0.6018904489778414,0.25,0.2439750182371333
True,4.188220311817992e-06,6.708189241407336e-22,4.320245569619694e-11,2.5980500914943576,8.154044646853864e-11,3.833799077234171e-11,1395740348.7170103,1.0685559478432127e-12,1.0176723312792502e-12,8.087999411817097e-07,2.4267299848296395,405834.464891949,2.3179366180618384e-06,0.08513044699427397,1.56743165562929e+21,5406184975.3318,0.1501650749306419,True,0.553257716793338,0.25,0.24397501823713333
True,4.556375315484077e-06,5.667941542337889e-22,3.6502994259612574e-11,2.5980500914943576,6.889586254767753e-11,3.2392868288064956e-11,1955079942.4103816,1.2646699793249814e-12,1.204447599357125e-12,8.087999411817098e-07,2.230650266939535,373043.05097958446,2.3179366180618384e-06,0.08513044699427397,1.8551052600653085e+21,5406184975.3318,0.1501650749306419,True,0.5085545080690362,0.25,0.2439750182371333
True,4.956892061521242e-06,4.789006417567887e-22,3.084242708996293e-11,2.5980500914943576,5.821209083052916e-11,2.7369663740566237e-11,2738573535.3491387,1.4967771784285877e-12,1.425502074693893e-12,8.087999411817098e-07,2.050413785012315,342901.1824345861,2.3179366180618384e-06,0.08513044699427397,2.1955761283513967e+21,5406184975.3318,0.1501650749306419,True,0.4674633174144163,0.25,0.2439750182371333
True,5.392615227738732e-06,4.0463689147447445e-22,2.6059651491443858e-11,2.5980500914943576,4.9185065598340626e-11,2.3125414106896765e-11,3836050304.5560026,1.77148343717341e-12,1.6871270830222953e-12,8.087999411817098e-07,1.8847404060057829,315194.77606211236,2.3179366180618384e-06,0.08513044699427397,2.5985342390850657e+21,5406184975.3318,0.1501650749306419,True,0.42969229386602353,0.25,0.2439750182371333
True,5.866639546214977e-06,3.4188931829679515e-22,2.2018547174470463e-11,2.5980500914943576,4.155787300194949e-11,1.9539325827479024e-11,5373338254.073227,2.09660703904795e-12,1.9967686086170952e-12,8.087999411817096e-07,1.7324534315933282,289727.04658374144,2.3179366180618384e-06,0.08513044699427397,3.075447990394925e+21,5406184975.3318,0.1501650749306419,True,0.3949731680104477,0.25,0.24397501823713336
True,6.3823317836911014e-06,2.888720935441956e-22,1.8604102201196318e-11,2.5980500914943576,3.5113439159557056e-11,1.6509336958360734e-11,7526690658.460686,2.481401171438178e-12,2.3632392108935024e-12,8.087999411817096e-07,1.5924712406416592,266317.1089662849,2.3179366180618384e-06,0.08513044699427397,3.639890596536639e+21,5406184975.3318,0.1501650749306419,True,0.36305934659570704,0.25,0.24397501823713336
True,6.943354654095699e-06,2.4407631933140945e-22,1.5719139685740023e-11,2.5980500914943576,2.9668352120766054e-11,1.3949212435026026e-11,10542993868.888744,2.936817276169578e-12,2.796968834447217e-12,8.087999411817097e-07,1.4637996069761439,244798.69368240103,2.3179366180618384e-06,0.08513044699427397,4.3079263886542064e+21,5406184975.3318,0.1501650749306419,True,0.33372416109798897,0.25,0.24397501823713333
True,7.55369283304024e-06,2.0622708454617075e-22,1.328155208929771e-11,2.5980500914943576,2.5067641866752063e-11,1.1786089777454351e-11,14768073349.005995,3.4758167332569017e-12,3.3103016507208587e-12,8.087999411817098e-07,1.3455246378704744,225018.9657781114,2.3179366180618384e-06,0.08513044699427397,5.098568014028075e+21,5406184975.3318,0.1501650749306419,True,0.30675925780414387,0.25,0.2439750182371333
True,8.217681259053408e-06,1.7424718021360476e-22,1.1221964396738153e-11,2.5980500914943576,2.1180369782651594e-11,9.958405385913441e-12,20686343286.720413,4.1137397485437175e-12,3.917847379565445e-12,8.087999411817099e-07,1.2368062831061932,206837.43935963244,2.3179366180618384e-06,0.08513044699427397,6.034317545939109e+21,5406184975.3318,0.1501650749306419,True,0.28197311797547353,0.25,0.24397501823713327
True,8.940035922564481e-06,1.4722644156662607e-22,9.481759667466518e-12,2.5980500914943576,1.789590207624845e-11,8.414142408781931e-12,28976345692.706444,4.868741943966506e-12,4.63689708949191e-12,8.087999411817098e-07,1.1368723685000337,190124.97978964215,2.3179366180618384e-06,0.08513044699427397,7.141806904417634e+21,5406184975.3318,0.1501650749306419,True,0.25918969758224614,0.25,0.2439750182371333
True,9.725887361315082e-06,1.2439584428166705e-22,8.011410766703803e-12,2.5980500914943576,1.5120761082509268e-11,7.109350315805465e-12,40588546659.29413,5.762311076030103e-12,5.48791531050486e-12,8.087999411817098e-07,1.0450131115220922,174762.88650606162,2.3179366180618384e-06,0.08513044699427397,8.452555814586242e+21,5406184975.3318,0.1501650749306419,True,0.23824717694762507,0.25,0.2439750182371333
True,1.0580817100101087e-05,1.0510561764508887e-22,6.7690707973836645e-12,2.5980500914943576,1.2775964840452313e-11,6.006894043068649e-12,56854309283.32531,6.819878588571893e-12,6.495122465306564e-12,8.087999411817097e-07,0.9605760800519048,160642.04994905432,2.3179366180618384e-06,0.08513044699427397,1.0003868874486365e+22,5406184975.3318,0.1501650749306419,True,0.21899681142033606,0.25,0.24397501823713333
True,1.1510897293658791e-05,8.880675173956452e-23,5.719382115622588e-12,2.5980500914943576,1.0794779225318297e-11,5.07539710969571e-12,79638537226.2126,8.071543404925814e-12,7.68718419516744e-12,8.087999411817098e-07,0.8829615584668894,147662.1766083,2.3179366180618384e-06,0.08513044699427397,1.1839897263407391e+22,5406184975.3318,0.1501650749306419,True,0.20130187491294896,0.25,0.2439750182371333
True,1.252273385425922e-05,7.5035372335317e-23,4.8324700337226675e-12,2.5980500914943576,9.120818660552838e-12,4.288348626830171e-12,111553489814.19896,9.552928558988244e-12,9.098027199036423e-12,8.087999411817098e-07,0.8116182881507463,135731.07668643285,2.3179366180618384e-06,0.08513044699427397,1.401289530749054e+22,5406184975.3318,0.1501650749306419,True,0.18503668880224525,0.25,0.2439750182371333
True,1.3623513370326033e-05,6.339953878744629e-23,4.0830925709682866e-12,2.5980500914943576,7.706441354870377e-12,3.62334878390209e-12,156258283026.70972,1.1306195045354185e-11,1.0767804805099224e-11,8.087999411817097e-07,0.7460395521686217,124764.00931924724,2.3179366180618384e-06,0.08513044699427397,1.658470766512215e+22,5406184975.3318,0.1501650749306419,True,0.1700857292943994,0.25,0.24397501823713333
True,1.4821054149316291e-05,5.356808920063214e-23,3.449922053681831e-12,2.5980500914943576,6.511393392011219e-12,3.0614713383293886e-12,218878414786.6926,1.3381241743226246e-11,1.2744039755453568e-11,8.087999411817097e-07,0.6857595763004566,114683.08070210084,2.3179366180618384e-06,0.08513044699427397,1.962852945818649e+22,5406184975.3318,0.1501650749306419,True,0.15634280691503968,0.25,0.24397501823713333
True,1.612386174739804e-05,4.526121538876365e-23,2.914938118500155e-12,2.5980500914943576,5.501663083276719e-12,2.586724964776563e-12,306593414003.8289,1.5837125564558256e-11,1.508297672815072e-11,8.087999411817098e-07,0.6303502208707173,105416.69084768336,2.3179366180618384e-06,0.08513044699427397,2.32309894434342e+22,5406184975.3318,0.1501650749306419,True,0.143710312296484,0.25,0.2439750182371333
True,1.75411893803248e-05,3.824249938793561e-23,2.4629148434287637e-12,2.5980500914943576,4.64851297711882e-12,2.185598133690056e-12,429459988560.9103,1.8743742244590273e-11,1.7851183090085972e-11,8.087999411817098e-07,0.5794179398782063,96899.02504574489,2.3179366180618384e-06,0.08513044699427397,2.749461551210942e+22,5406184975.3318,0.1501650749306419,True,0.13209852290534924,0.25,0.2439750182371333
True,1.9083103644576486e-05,3.231218487781336e-23,2.080987410155697e-12,2.5980500914943576,3.927661976271424e-12,1.8466745661157265e-12,601565047879.4443,2.218381561095086e-11,2.112744343900082e-11,8.087999411817098e-07,0.5326009858281011,89069.58641286408,2.3179366180618384e-06,0.08513044699427397,3.2540752687242133e+22,5406184975.3318,0.1501650749306419,True,0.1214249657865509,0.25,0.2439750182371333
True,2.0760556015552625e-05,2.7301492012505784e-23,1.7582859646083952e-12,2.5980500914943576,3.3185942850502016e-12,1.5603083204418062e-12,842640796510.1471,2.6255251946964056e-11,2.500500185425148e-11,8.087999411817097e-07,0.4895668404134848,81872.7662121819,2.3179366180618384e-06,0.08513044699427397,3.851301666633216e+22,5406184975.3318,0.1501650749306419,True,0.11161383179756923,0.25,0.24397501823713333
True,2.2585460630634318e-05,2.3067813858069398e-23,1.4856262552340928e-12,2.5980500914943576,2.8039755191007524e-12,1.3183492638666594e-12,1180327072602.028,3.1073926455567364e-11,2.9594215671968916e-11,8.087999411817099e-07,0.4500098527977562,75257.44889129189,2.3179366180618384e-06,0.08513044699427397,4.558138119904913e+22,5406184975.3318,0.1501650749306419,True,0.1025954371725748,0.25,0.24397501823713327
True,2.4570778909572255e-05,1.94906577247423e-23,1.255248244407402e-12,2.5980500914943576,2.3691593597731276e-12,1.1139111153657261e-12,1653340313081.446,3.677698112806212e-11,3.502569631244011e-11,8.087999411817097e-07,0.4136490687237314,69176.64903305407,2.3179366180618384e-06,0.08513044699427397,5.39470156288567e+22,5406184975.3318,0.1501650749306419,True,0.09430572859215246,0.25,0.24397501823713333
True,2.673061161321663e-05,1.646821588211179e-23,1.0605952537097478e-12,2.5980500914943576,2.0017707122495516e-12,9.411754585398038e-13,2315912474018.0566,4.3526727876756896e-11,4.145402654929228e-11,8.087999411817097e-07,0.38022623503069997,63587.1776407779,2.3179366180618384e-06,0.08513044699427397,6.384801027751259e+22,5406184975.3318,0.1501650749306419,True,0.08668582824338408,0.25,0.24397501823713333
True,2.9080298994439595e-05,1.3914468057974418e-23,8.961273574397133e-13,2.5980500914943576,1.6913535038874717e-12,7.952261464477581e-13,3244008837670.0835,5.151526801670021e-11,4.906216001590496e-11,8.087999411817098e-07,0.3495039654064303,58449.33538755048,2.3179366180618384e-06,0.08513044699427397,7.556615261988213e+22,5406184975.3318,0.1501650749306419,True,0.07968161563906088,0.25,0.2439750182371333
True,3.163652975257313e-05,1.1756733256496664e-23,7.571637134363907e-13,2.5980500914943576,1.429073098935318e-12,6.719093854989275e-13,4544037590774.495,6.09699595693612e-11,5.806662816129638e-11,8.087999411817097e-07,0.3212640543463719,53726.63065101195,2.3179366180618384e-06,0.08513044699427397,8.943494710253297e+22,5406184975.3318,0.1501650749306419,True,0.07324334322589349,0.25,0.24397501823713333
True,3.4417459565213534e-05,9.933601219142552e-24,6.39749343868629e-13,2.5980500914943576,1.2074648601883696e-12,5.677155163197405e-13,6365049745426.001,7.215988799057501e-11,6.872370284816668e-11,8.087999411817097e-07,0.29530592734490824,49385.52033091352,2.3179366180618384e-06,0.08513044699427397,1.0584910685433475e+23,5406184975.3318,0.1501650749306419,True,0.06732528305156821,0.25,0.24397501823713333
True,3.744284003926706e-05,8.393184656666647e-24,5.405425745019208e-13,2.5980500914943576,1.0202217015182285e-12,4.796791270163078e-13,8915828148957.361,8.540352448304717e-11,8.133668998385445e-11,8.087999411817097e-07,0.2714452163111134,45395.1716086096,2.3179366180618384e-06,0.08513044699427397,1.2527578742810099e+23,5406184975.3318,0.1501650749306419,True,0.061885401981095635,0.25,0.24397501823713333
True,4.073415899711364e-05,7.091642509783118e-24,4.567199289057269e-13,2.5980500914943576,8.620145849100539e-13,4.0529465600432705e-13,12488824873499.799,1.0107778985298681e-10,9.626456176474934e-11,8.087999411817097e-07,0.24951245009087944,41727.2429563769,2.3179366180618384e-06,0.08513044699427397,1.4826788229142221e+23,5406184975.3318,0.1501650749306419,True,0.0568850631556698,0.25,0.24397501823713333
True,4.43147930942746e-05,5.991932209738351e-24,3.8589577084072857e-13,2.5980500914943576,7.283408532595012e-13,3.424450824187727e-13,17493691456938.783,1.1962878187296223e-10,1.1393217321234499e-10,8.087999411817098e-07,0.22935185079481724,38355.68284117406,2.3179366180618384e-06,0.08513044699427397,1.7547975846330273e+23,5406184975.3318,0.1501650749306419,True,0.05228875157364277,0.25,0.2439750182371333
True,4.8210173852552404e-05,5.062755427472646e-24,3.2605440780645107e-13,2.5980500914943576,6.153960824017091e-13,2.89341674595258e-13,24504246307427.656,1.415844714573148e-10,1.3484235376887123e-10,8.087999411817098e-07,0.21082022738283834,35256.54469313344,2.3179366180618384e-06,0.08513044699427397,2.0768588014101746e+23,5406184975.3318,0.1501650749306419,True,0.048063821844550894,0.25,0.2439750182371333
True,5.244796828789928e-05,4.27766730684072e-24,2.7549272338072143e-13,2.5980500914943576,5.199658052140564e-13,2.4447308183333493e-13,34324264182498.668,1.6756972898992596e-10,1.5959021808564377e-10,8.087999411817097e-07,0.1937859586470619,32407.816824591937,2.3179366180618384e-06,0.08513044699427397,2.4580285035535644e+23,5406184975.3318,0.1501650749306419,True,0.044180266324606476,0.25,0.24397501823713333
True,5.705827541592349e-05,3.614323830204971e-24,2.327717056374818e-13,2.5980500914943576,4.3933402620430985e-13,2.0656232056682808e-13,48079630643968.914,1.9832410846144778e-10,1.8888010329661692e-10,8.087999411817097e-07,0.17812805836968645,29789.2660916614,2.3179366180618384e-06,0.08513044699427397,2.9091549797123194e+23,5406184975.3318,0.1501650749306419,True,0.040610501986837896,0.25,0.24397501823713333
True,6.207384003072083e-05,3.053845896032407e-24,1.9667549211637037e-13,2.5980500914943576,3.712059228614662e-13,1.7453043074509586e-13,67347427189397.55,2.347228955618392e-10,2.235456148207992e-10,8.087999411817097e-07,0.1637353160160734,27382.294187938747,2.3179366180618384e-06,0.08513044699427397,3.443077524833334e+23,5406184975.3318,0.1501650749306419,True,0.037329174512115273,0.25,0.24397501823713333
True,6.753028527539761e-05,2.580282009812357e-24,1.6617676574256227e-13,2.5980500914943576,3.1364253380946323e-13,1.4746576806690094e-13,94336746940050.69,2.7780201876789966e-10,2.6457335120752346e-10,8.087999411817099e-07,0.1505055068598098,25169.80554968105,2.3179366180618384e-06,0.08513044699427397,4.074991853196053e+23,5406184975.3318,0.1501650749306419,True,0.034312978209616506,0.25,0.24397501823713327
True,7.346636565612223e-05,2.1801542961978823e-24,1.4040751684668092e-13,2.5980500914943576,2.650055749545056e-13,1.2459805810782464e-13,132141971781694.42,3.287875324083507e-10,3.1313098324604827e-10,8.087999411817098e-07,0.1383446659296435,23136.0859342387,2.3179366180618384e-06,0.08513044699427397,4.822882576371252e+23,5406184975.3318,0.1501650749306419,True,0.03154049048771486,0.25,0.2439750182371333
True,7.992424229674335e-05,1.8420749116394816e-24,1.1863433915660487e-13,2.5980500914943576,2.2391081306475697e-13,1.0527647390815209e-13,185097549711470.25,3.891305108098962e-10,3.706004864856154e-10,8.087999411817097e-07,0.12716642062148645,21266.6908093479,2.3179366180618384e-06,0.08513044699427397,5.708035054652298e+23,5406184975.3318,0.1501650749306419,True,0.028992019699613986,0.25,0.24397501823713333
True,8.694978238897252e-05,1.5564219404146452e-24,1.0023755667221725e-13,2.5980500914943576,1.891886697701662e-13,8.895111309794896e-14,259274948354719.44,4.605483466298359e-10,4.386174729807961e-10,8.087999411817097e-07,0.11689137723535328,19548.342760565847,2.3179366180618384e-06,0.08513044699427397,6.755641189517349e+23,5406184975.3318,0.1501650749306419,True,0.026649465283052634,0.25,0.24397501823713333
True,9.459288496498826e-05,1.3150655498847509e-24,8.469358736303568e-14,2.5980500914943576,1.5985093475165658e-13,7.51573473886209e-14,363178761410569.3,5.450736287473922e-10,5.191177416641831e-10,8.087999411817097e-07,0.10744655708009282,17968.837188181406,2.3179366180618384e-06,0.08513044699427397,7.995516398292975e+23,5406184975.3318,0.1501650749306419,True,0.024496189200715876,0.25,0.24397501823713333
True,0.00010290783530625965,1.1111366112154365e-24,7.15600417503821e-14,2.5980500914943576,1.3506264075972592e-13,6.350259900934384e-14,508721778084250.56,6.451119908039689e-10,6.143923721942561e-10,8.087999411817097e-07,0.09876487814084872,16516.955623813967,2.3179366180618384e-06,0.08513044699427397,9.46294817649117e+23,5406184975.3318,0.1501650749306419,True,0.022516897768259214,0.25,0.24397501823713333
True,0.00011195369050579179,9.388312003850482e-25,6.046313227194115e-14,2.5980500914943576,1.1411830001076509e-13,5.3655167738823926e-14,712590809253390.4,7.635105767920555e-10,7.271529302781481e-10,8.087999411817097e-07,0.09078467862777118,15182.386051028068,2.3179366180618384e-06,0.08513044699427397,1.1199700398347724e+24,5406184975.3318,0.1501650749306419,True,0.0206975330306242,0.25,0.24397501823713333
True,0.00012179469892225225,7.932454154780222e-25,5.108703509266374e-14,2.5980500914943576,9.64218256365552e-14,4.5334790543891463e-14,998159865191197.0,9.036390722591273e-10,8.606086402467879e-10,8.087999411817097e-07,0.08344927902198156,13955.649664040526,2.3179366180618384e-06,0.08513044699427397,1.3255201938478792e+24,5406184975.3318,0.1501650749306419,True,0.019025172915145258,0.25,0.24397501823713333
True,0.000132500756505161,6.702358090771023e-25,4.316490159359826e-14,2.5980500914943576,8.146956674091031e-14,3.8304665147312054e-14,1398170034668838.8,1.069485607316911e-09,1.0185577212542008e-09,8.087999411817097e-07,0.07670657950821119,12828.033544322,2.3179366180618384e-06,0.08513044699427397,1.5687953443448617e+24,5406184975.3318,0.1501650749306419,True,0.01748793945228267,0.25,0.24397501823713333
True,0.00014414790323220164,5.663014635874501e-25,3.647126372093159e-14,2.5980500914943576,6.883597423232506e-14,3.236471051139347e-14,1958483319173927.5,1.2657702609056997e-09,1.2054954865768568e-09,8.087999411817098e-07,0.07050868993487219,11791.528776927367,2.3179366180618384e-06,0.08513044699427397,1.856719229070118e+24,5406184975.3318,0.1501650749306419,True,0.01607491441211797,0.25,0.2439750182371333
True,0.00015681886318461014,4.784843532948192e-25,3.081561704750905e-14,2.5980500914943576,5.816148947474276e-14,2.73458724272337e-14,2743340807179453.0,1.498079396704333e-09,1.4267422825755553e-09,8.087999411817096e-07,0.06481158967334424,10838.773567024899,2.3179366180618384e-06,0.08513044699427397,2.1974863120456276e+24,5406184975.3318,0.1501650749306419,True,0.014776061757418135,0.25,0.24397501823713336
True,0.00017060363209653513,4.042851574099928e-25,2.6036998917417155e-14,2.5980500914943576,4.914231106112663e-14,2.3105312143709477e-14,3842728049126498.5,1.7730246539559176e-09,1.6885949085294453e-09,8.087999411817098e-07,0.0595748149606229,9963.000952608485,2.3179366180618384e-06,0.08513044699427397,2.6007950022935475e+24,5406184975.3318,0.1501650749306419,True,0.013582156362490275,0.25,0.2439750182371333
True,0.0001856001165514522,3.4159212809476127e-25,2.199940736479208e-14,2.5980500914943576,4.152174846686581e-14,1.952234110207373e-14,5382692088747667.0,2.0984311181711886e-09,1.9985058268297035e-09,8.087999411817097e-07,0.05476117150467242,9157.990742021155,2.3179366180618384e-06,0.08513044699427397,3.078123675618434e+24,5406184975.3318,0.1501650749306419,True,0.01248471849155083,0.25,0.24397501823713333
True,0.00020191482936553665,2.8862098901636172e-25,1.8587930426894105e-14,2.5980500914943576,3.508291650348251e-14,1.6494986076588403e-14,7539793019923143.0,2.4835600271459506e-09,2.3652952639485244e-09,8.087999411817098e-07,0.05033647031125902,8418.025334925502,2.3179366180618384e-06,0.08513044699427397,3.643057355173024e+24,5406184975.3318,0.1501650749306419,True,0.011475953571240788,0.25,0.2439750182371333
True,0.00021966364609696568,2.438641539118662e-25,1.5705475689677566e-14,2.5980500914943576,2.9642562652979494e-14,1.3937086963301928e-14,1.0561346970249614e+16,2.9393723506219954e-09,2.7994022386876144e-09,8.087999411817098e-07,0.04626928485596899,7737.84911293852,2.3179366180618384e-06,0.08513044699427397,4.311674348306942e+24,5406184975.3318,0.1501650749306419,True,0.01054869682952018,0.25,0.2439750182371333
True,0.00023897262805427596,2.060478198963522e-25,1.3270006987016045e-14,2.5980500914943576,2.5045851605541177e-14,1.1775844618525131e-14,1.4793781411672988e+16,3.478840745206332e-09,3.3131816621012686e-09,8.087999411817097e-07,0.042530727876720964,7112.6311115020335,2.3179366180618384e-06,0.08513044699427397,5.103003843584875e+24,5406184975.3318,0.1501650749306419,True,0.009696362407738284,0.25,0.24397501823713333
True,0.00025997891764920577,1.7409571436802194e-25,1.121220960860116e-14,2.5980500914943576,2.116195856581036e-14,9.9497489572092e-15,2.072235379377831e+16,4.11731876294842e-09,3.921255964712781e-09,8.087999411817096e-07,0.03909424620143737,6537.930707864992,2.3179366180618384e-06,0.08513044699427397,6.03956749142415e+24,5406184975.3318,0.1501650749306419,True,0.008912896584447272,0.25,0.24397501823713336
True,0.0002828317124532835,1.4709846372826651e-25,9.473517567112976e-15,2.5980500914943576,1.7880345910937098e-14,8.406828343824122e-15,2.902678732400948e+16,4.872977821444261e-09,4.640931258518344e-09,8.087999411817096e-07,0.035935432153634615,6009.666081475913,2.3179366180618384e-06,0.08513044699427397,7.148020382019257e+24,5406184975.3318,0.1501650749306419,True,0.008192734778730447,0.25,0.24397501823713336
True,0.0003076933248764192,1.242877121344612e-25,8.004446779656211e-15,2.5980500914943576,1.510761723214449e-14,7.103170452488281e-15,4.065920265323574e+16,5.767324371864569e-09,5.4926898779662556e-09,8.087999411817097e-07,0.03303185019643623,5524.085222774715,2.3179366180618384e-06,0.08513044699427397,8.459909663119713e+24,5406184975.3318,0.1501650749306419,True,0.007530762027660373,0.25,0.24397501823713333
True,0.0003347403349938829,1.0501425369169445e-25,6.763186724936233e-15,2.5980500914943576,1.276485922419312e-14,6.001672499256887e-15,5.69532804972004e+16,6.825811983778902e-09,6.500773317884668e-09,8.087999411817097e-07,0.030362877583745614,5077.739284473464,2.3179366180618384e-06,0.08513044699427397,1.001257238831884e+25,5406184975.3318,0.1501650749306419,True,0.006922276657177418,0.25,0.24397501823713333
True,0.00036416484470964906,8.87295557141876e-26,5.714410494002727e-15,2.5980500914943576,1.0785395771530237e-14,5.07098527752751e-15,7.97771709164256e+16,8.078565767029424e-09,7.693872159075641e-09,8.087999411817097e-07,0.0279095578867994,4667.45808605289,2.3179366180618384e-06,0.08513044699427397,1.1850198149084652e+25,5406184975.3318,0.1501650749306419,True,0.006362956888360256,0.25,0.24397501823713333
True,0.00039617584216382654,7.497014719878711e-26,4.828269367984412e-15,2.5980500914943576,9.112890311243922e-15,4.284620943259509e-15,1.1174768062291789e+17,9.561239748078856e-09,9.105942617217959e-09,8.087999411817098e-07,0.025654466355771344,4290.327597494896,2.3179366180618384e-06,0.08513044699427397,1.4025086733594947e+25,5406184975.3318,0.1501650749306419,True,0.005848830141908832,0.25,0.2439750182371333
True,0.0004310006860748974,6.33444281983382e-26,4.079543307972489e-15,2.5980500914943576,7.69974246508164e-15,3.6201991571091515e-15,1.565302953357871e+17,1.131603160221077e-08,1.0777172954486447e-08,8.087999411817098e-07,0.023581586160155363,3943.6692423289473,2.3179366180618384e-06,0.08513044699427397,1.6599136606003084e+25,5406184975.3318,0.1501650749306419,True,0.005376244822824338,0.25,0.2439750182371333
True,0.0004688867205593423,5.352152468281854e-26,3.446923179551328e-15,2.5980500914943576,6.505733307843234e-15,3.058810128291906e-15,2.1925943537555414e+17,1.3392883621390466e-08,1.275512725846711e-08,8.087999411817097e-07,0.021676194628921997,3625.0208729917094,2.3179366180618384e-06,0.08513044699427397,1.9645606569031652e+25,5406184975.3318,0.1501650749306419,True,0.0049418443848862304,0.25,0.24397501823713333
True,0.0005101030318979338,4.522187169176633e-26,2.9124042837121343e-15,2.5980500914943576,5.496880715780165e-15,2.5844764320680312e-15,3.07127127678878e+17,1.585090409795836e-08,1.5096099140912725e-08,8.087999411817098e-07,0.01992475868246733,3332.1192833771347,2.3179366180618384e-06,0.08513044699427397,2.3251200747730482e+25,5406184975.3318,0.1501650749306419,True,0.004542543490718842,0.25,0.2439750182371333
True,0.0005549423597261648,3.820925676960528e-26,2.4607739337227932e-15,2.5980500914943576,4.644472217618914e-15,2.183698283896121e-15,4.3020758670983226e+17,1.876004957747759e-08,1.786671388331199e-08,8.087999411817098e-07,0.0183148387136576,3062.884134372032,2.3179366180618384e-06,0.08513044699427397,2.7518536234125016e+25,5406184975.3318,0.1501650749306419,True,0.004175506098123966,0.25,0.2439750182371333
True,0.0006037231762230813,3.2284097235883344e-26,2.0791784941242262e-15,2.5980500914943576,3.924247822643967e-15,1.8450693285197403e-15,6.026122441916316e+17,2.2203115858530014e-08,2.114582462717144e-08,8.087999411817099e-07,0.016835000235282824,2815.4031782079264,2.3179366180618384e-06,0.08513044699427397,3.2569063623209594e+25,5406184975.3318,0.1501650749306419,True,0.003838125317037176,0.25,0.24397501823713327
True,0.0006567919480659909,2.727775995802854e-26,1.7567575595571422e-15,2.5980500914943576,3.3157095687011974e-15,1.558952009144055e-15,8.441076542302065e+17,2.627809440435343e-08,2.5026756575574695e-08,8.087999411817097e-07,0.015474732666393883,2587.918676684915,2.3179366180618384e-06,0.08513044699427397,3.8546523560263874e+25,5406184975.3318,0.1501650749306419,True,0.0035280048940415577,0.25,0.24397501823713333
True,0.0007145255972166317,2.304776196438896e-26,1.484334861957638e-15,2.5980500914943576,2.801538139497401e-15,1.3172032775397633e-15,1.182381770031605e+18,3.1100961231025536e-08,2.9619963077167174e-08,8.087999411817097e-07,0.014224374680701347,2378.8149168026516,2.3179366180618384e-06,0.08513044699427397,4.56210376746333e+25,5406184975.3318,0.1501650749306419,True,0.0032429421929322157,0.25,0.24397501823713333
True,0.0007773341780165789,1.9473715304499847e-26,1.2541571091791454e-15,2.5980500914943576,2.3670999478198994e-15,1.1129428386407542e-15,1.6562184255727695e+18,3.6808977645407565e-08,3.505616918610244e-08,8.087999411817098e-07,0.0130750455868216,2186.6067351280103,2.3179366180618384e-06,0.08513044699427397,5.399395033008441e+25,5406184975.3318,0.1501650749306419,True,0.0029809125504507076,0.25,0.2439750182371333
True,0.0008456637896060046,1.6453900745185244e-26,1.0596733222516478e-15,2.5980500914943576,2.0000306560074832e-15,9.40357333755835e-16,2.319943983180172e+18,4.356459677357169e-08,4.149009216530637e-08,8.087999411817097e-07,0.012018582252997413,2009.928969393557,2.3179366180618384e-06,0.08513044699427397,6.390355899047524e+25,5406184975.3318,0.1501650749306419,True,0.0027400548960757488,0.25,0.24397501823713333
True,0.0009199997443513106,1.390237278809601e-26,8.953483911013312e-16,2.5980500914943576,1.6898832804478063e-15,7.945348893464751e-16,3.2496559644496026e+18,5.1560087061550864e-08,4.910484482052463e-08,8.087999411817097e-07,0.011047481128299277,1847.5267624065673,2.3179366180618384e-06,0.08513044699427397,7.563189628994059e+25,5406184975.3318,0.1501650749306419,True,0.002518658533734411,0.25,0.24397501823713333
True,0.0010008700147854446,1.1746513615973342e-26,7.565055424292067e-16,2.5980500914943576,1.4278308649716787e-15,6.713253225424721e-16,4.55194779005263e+18,6.102300433565449e-08,5.811714698633761e-08,8.087999411817097e-07,0.01015484494851216,1698.2466494019352,2.3179366180618384e-06,0.08513044699427397,8.951275682884765e+25,5406184975.3318,0.1501650749306419,True,0.002315150991550719,0.25,0.24397501823713333
True,0.0010888489835428595,9.924966351671574e-27,6.391932363022912e-16,2.5980500914943576,1.2064152610738516e-15,5.672220247715605e-16,6.376129938073105e+18,7.222266816004272e-08,6.878349348575496e-08,8.087999411817098e-07,0.009334333748185202,1561.0283655367366,2.3179366180618384e-06,0.08513044699427397,1.059411971423239e+26,5406184975.3318,0.1501650749306419,True,0.0021280868533342357,0.25,0.2439750182371333
True,0.0011845615229231076,8.385888809413379e-27,5.400727032648661e-16,2.5980500914943576,1.0193348651142618e-15,4.792621618493956e-16,8.931348702205186e+18,8.547782681207634e-08,8.140745410673937e-08,8.087999411817097e-07,0.008580119830906419,1434.8973153390018,2.3179366180618384e-06,0.08513044699427397,1.2538477921542142e+26,5406184975.3318,0.1501650749306419,True,0.001956137492484058,0.25,0.24397501823713333
True,0.0012886874330582312,7.08547803912712e-27,4.563229212173297e-16,2.5980500914943576,8.612652713897532e-16,4.049423501724235e-16,1.2510565251198239e+19,1.0116572902463913e-07,9.634831335679918e-08,8.087999411817097e-07,0.007886846377978145,1318.9576506248447,2.3179366180618384e-06,0.08513044699427397,1.4839687754122262e+26,5406184975.3318,0.1501650749306419,True,0.001798081635393119,0.25,0.24397501823713333
True,0.0014019662702061378,5.986723671627686e-27,3.855603276549892e-16,2.5980500914943576,7.277077367690324e-16,3.421474091140432e-16,1.7524144238802854e+19,1.19732860681956e-07,1.1403129588757713e-07,8.087999411817097e-07,0.007249589401510244,1212.3859077196828,2.3179366180618384e-06,0.08513044699427397,1.7563242844771133e+26,5406184975.3318,0.1501650749306419,True,0.0016527966873291472,0.25,0.24397501823713333
True,0.0015252025994629973,5.058354584194373e-27,3.257709822352375e-16,2.5980500914943576,6.148611441153331e-16,2.890901618800956e-16,2.454690296850939e+19,1.41707652040872e-07,1.3495966861035429e-07,8.087999411817097e-07,0.006663822771702432,1114.4251587918195,2.3179366180618384e-06,0.08513044699427397,2.0786656992746833e+26,5406184975.3318,0.1501650749306419,True,0.0015192507591842202,0.25,0.24397501823713333
True,0.0016592717092021373,4.273948908098439e-27,2.752532489843633e-16,2.5980500914943576,5.195138205089707e-16,2.4426057152460736e-16,3.4384015398093836e+19,1.6771551713174016e-07,1.5972906393499063e-07,8.087999411817097e-07,0.006125386069921292,1024.3796357581248,2.3179366180618384e-06,0.08513044699427397,2.4601670246946994e+26,5406184975.3318,0.1501650749306419,True,0.0013964953384627502,0.25,0.24397501823713333
True,0.0018051258278263752,3.611182048429905e-27,2.3256936684968113e-16,2.5980500914943576,4.389521313599243e-16,2.0638276451024318e-16,4.816332701575623e+19,1.9849665336811937e-07,1.890444317791613e-07,8.087999411817098e-07,0.005630455039247742,941.6097885779815,2.3179366180618384e-06,0.08513044699427397,2.9116859875578185e+26,5406184975.3318,0.1501650749306419,True,0.0012836585524534302,0.25,0.2439750182371333
True,0.001963800886988364,3.0511913144755944e-27,1.9650453026962904e-16,2.5980500914943576,3.708832489512051e-16,1.7437871868157602e-16,6.746466468123067e+19,2.3492710795146034e-07,2.237401028109146e-07,8.087999411817098e-07,0.0051755144226195106,865.527742836954,2.3179366180618384e-06,0.08513044699427397,3.446073053187371e+26,5406184975.3318,0.1501650749306419,True,0.001179938975736716,0.25,0.2439750182371333
True,0.0021364238793148654,2.5780390776973103e-27,1.660323151735e-16,2.5980500914943576,3.1336989736544254e-16,1.4733758219194255e-16,9.450096707525827e+19,2.780437106316535e-07,2.648035339349081e-07,8.087999411817097e-07,0.004757332995650974,795.593124357576,2.3179366180618384e-06,0.08513044699427397,4.0785371563588936e+26,5406184975.3318,0.1501650749306419,True,0.001084599938045535,0.25,0.24397501823713333
True,0.00232422086289333,2.1782591785060458e-27,1.4028546641671501e-16,2.5980500914943576,2.647752166012425e-16,1.2448975018452748e-16,1.3237200274180882e+20,3.290735824228165e-07,3.134034118312538e-07,8.087999411817097e-07,0.004372940616800464,731.3092211814705,2.3179366180618384e-06,0.08513044699427397,4.82707855552117e+26,5406184975.3318,0.1501650749306419,True,0.0009969642920506952,0.25,0.24397501823713333
True,0.0025285256693727822,1.8404736723323347e-27,1.185312152468037e-16,2.5980500914943576,2.2371617668329986e-16,1.0518496143649616e-16,1.85419765026564e+20,3.8946906010776783e-07,3.709229143883503e-07,8.087999411817098e-07,0.004019607131883473,672.2194556632186,2.3179366180618384e-06,0.08513044699427397,5.71300112954567e+26,5406184975.3318,0.1501650749306419,True,0.0009164096039091005,0.25,0.2439750182371333
True,0.002750789377528488,1.5550690073858333e-27,1.0015042432228832e-16,2.5980500914943576,1.8902421590751963e-16,8.887379158523132e-17,2.5972629068372617e+20,4.6094903050081605e-07,4.3899907666744384e-07,8.087999411817098e-07,0.0036948229831006056,617.9041416189431,2.3179366180618384e-06,0.08513044699427397,6.761518697237386e+26,5406184975.3318,0.1501650749306419,True,0.0008423637324155355,0.25,0.2439750182371333
True,0.002992590619576578,1.3139224179542043e-27,8.461996674082737e-17,2.5980500914943576,1.5971198296506437e-16,7.509201622423701e-17,3.638109780942904e+20,5.455478508635583e-07,5.195693817748174e-07,8.087999411817098e-07,0.0033962813848555495,567.9775034972012,2.3179366180618384e-06,0.08513044699427397,8.002472615776751e+26,5406184975.3318,0.1501650749306419,True,0.0007743007653588652,0.25,0.2439750182371333
True,0.0032556467934393785,1.1101707462518296e-27,7.149783757456493e-17,2.5980500914943576,1.3494523640882496e-16,6.344739883426001e-17,5.096073540860741e+20,6.456732477742358e-07,6.149269026421293e-07,8.087999411817096e-07,0.0031218619397665056,522.0849364007938,2.3179366180618384e-06,0.08513044699427397,9.471181081318615e+26,5406184975.3318,0.1501650749306419,True,0.000711737284220556,0.25,0.24397501823713336
True,0.0035418262605968454,9.380151133674483e-28,6.041057417920806e-17,2.5980500914943576,1.140191017064574e-16,5.3608527527249324e-17,7.138312777117512e+20,7.641748422827079e-07,7.277855640787694e-07,8.087999411817098e-07,0.0028696155785034325,479.9004874987348,2.3179366180618384e-06,0.08513044699427397,1.1209444303286834e+27,5406184975.3318,0.1501650749306419,True,0.0006542289306854457,0.25,0.2439750182371333
True,0.0038531616161595196,7.925558801440058e-28,5.104262725226632e-17,2.5980500914943576,9.633801014333019e-17,4.529538289106387e-17,9.998974484059864e+20,9.044252516126987e-07,8.613573824882844e-07,8.087999411817098e-07,0.002637750716486036,441.124540940065,2.3179366180618384e-06,0.08513044699427397,1.3266734160149322e+27,5406184975.3318,0.1501650749306419,True,0.0006013672505783559,0.25,0.2439750182371333
True,0.004191864125413969,6.6965320089120775e-28,4.31273801352232e-17,2.5980500914943576,8.139874862608906e-17,3.8271368490865865e-17,1.4006039501851583e+21,1.0704160756080948e-06,1.0194438815315189e-06,8.087999411817097e-07,0.002424620529120215,405.48168982657324,2.3179366180618384e-06,0.08513044699427397,1.5701602194897753e+27,5406184975.3318,0.1501650749306419,True,0.0005527767928105427,0.25,0.24397501823713333
True,0.004560339429376579,5.658092012166509e-28,3.6439560764291536e-17,2.5980500914943576,6.877613797540067e-17,3.233657721110914e-17,1.9618926204897927e+21,1.2668714997476639e-06,1.2065442854739656e-06,8.087999411817098e-07,0.002228711255195031,372.7187801300588,2.3179366180618384e-06,0.08513044699427397,1.8583346022518274e+27,5406184975.3318,0.1501650749306419,True,0.0005081124427311922,0.25,0.2439750182371333
True,0.004961204630904614,4.7806842669514025e-28,3.0788830309912886e-17,2.5980500914943576,5.811093210461578e-17,2.7322101794702893e-17,2.7481163778122087e+21,1.4993827479292364e-06,1.4279835694564156e-06,8.087999411817098e-07,0.0020486314453649224,342.60311266103196,2.3179366180618384e-06,0.08513044699427397,2.1993981576279195e+27,5406184975.3318,0.1501650749306419,True,0.00046705697094405046,0.25,0.2439750182371333
True,0.005397306882719067,4.039337290933425e-28,2.6014366034333366e-17,2.5980500914943576,4.909959368865826e-17,2.30852276543249e-17,3.849417418224569e+21,1.774567211619813e-06,1.6900640110664886e-06,8.087999411817097e-07,0.001883102079354247,314.9207903182922,2.3179366180618384e-06,0.08513044699427397,2.603057732399448e+27,5406184975.3318,0.1501650749306419,True,0.00042931878017959913,0.25,0.24397501823713333
True,0.005871743609361058,3.412951962278418e-28,2.1980284192556283e-17,2.5980500914943576,4.148565533334194e-17,1.950537114078566e-17,5.392062206451202e+21,2.1002567842702344e-06,2.000244556447842e-06,8.087999411817097e-07,0.001730947481691429,289.4751988806958,2.3179366180618384e-06,0.08513044699427397,3.08080168872765e+27,5406184975.3318,0.1501650749306419,True,0.00039462983421989885,0.25,0.24397501823713333
True,0.006387884506708527,2.8837010276327736e-28,1.8571772710044444e-17,2.5980500914943576,3.505242037948672e-17,1.6480647669442277e-17,7.552918189799507e+21,2.4857207610901053e-06,2.3673531058001e-06,8.087999411817097e-07,0.001591086971451568,266.0856105509115,2.3179366180618384e-06,0.08513044699427397,3.646226868936251e+27,5406184975.3318,0.1501650749306419,True,0.0003627437541662547,0.25,0.24397501823713333
True,0.006949395475305349,2.4365217291892097e-28,1.5691823571160065e-17,2.5980500914943576,2.961679560290747e-17,1.3924972031747406e-17,1.0579732020441505e+22,2.9419296480269637e-06,2.8018377600256797e-06,8.087999411817098e-07,0.0014625271866996008,244.58590033280026,2.3179366180618384e-06,0.08513044699427397,4.3154255687399917e+27,5406184975.3318,0.1501650749306419,True,0.0003334340685283983,0.25,0.2439750182371333
True,0.007560264657489693,2.0586871107385756e-28,1.3258471920412887e-17,2.5980500914943576,2.5024080285700472e-17,1.1765608365287583e-17,1.4819534226588317e+22,3.481867388090868e-06,3.31606417913416e-06,8.087999411817097e-07,0.0013443550291182542,224.82336612546874,2.3179366180618384e-06,0.08513044699427397,5.107443532378976e+27,5406184975.3318,0.1501650749306419,True,0.0003064926047064198,0.25,0.24397501823713333
True,0.008224830763250849,1.7394438018541597e-28,1.1202463299896868e-17,2.5980500914943576,2.114356335307624e-17,9.94110005317937e-18,2.0758426987440544e+22,4.120900891148567e-06,3.9246675153795875e-06,8.087999411817096e-07,0.0012357311787098812,206.65764415369367,2.3179366180618384e-06,0.08513044699427397,6.044822004439367e+27,5406184975.3318,0.1501650749306419,True,0.0002817280104409163,0.25,0.24397501823713336
True,0.008947813885999509,1.4697059713573283e-28,9.465282631275357e-18,2.5980500914943576,1.786480326795492e-17,8.399520636679565e-18,2.9077316763423252e+22,4.87721738419806e-06,4.644968937331485e-06,8.087999411817096e-07,0.0011358841325101988,189.95971203153607,2.3179366180618384e-06,0.08513044699427397,7.154239265438272e+27,5406184975.3318,0.1501650749306419,True,0.00025896439472992765,0.25,0.24397501823713336
True,0.009734349027120986,1.2417967398204515e-28,7.997488846113665e-18,2.5980500914943576,1.5094484807183575e-17,7.096995961069909e-18,4.072998164417768e+22,5.7723420293405476e-06,5.4974685993719495e-06,8.087999411817098e-07,0.0010441047249738135,174.61097237839175,2.3179366180618384e-06,0.08513044699427397,8.467269909610151e+27,5406184975.3318,0.1501650749306419,True,0.00023804007855974992,0.25,0.2439750182371333
True,0.01059002256742026,1.049229691571952e-28,6.7573077672689255e-18,2.5980500914943576,1.275376326158551e-17,5.996455494316586e-18,5.7052423998827655e+22,6.8317505411274425e-06,6.50642908678804e-06,8.087999411817098e-07,0.0009597410911124384,160.50241047883824,2.3179366180618384e-06,0.08513044699427397,1.0021283474336985e+28,5406184975.3318,0.1501650749306419,True,0.00021880644657666377,0.25,0.2439750182371333
True,0.011520911944497985,8.865242679211294e-29,5.709443194007285e-18,2.5980500914943576,1.0776020474389267e-17,5.066577280381981e-18,7.991604593829515e+22,8.085594238691929e-06,7.70056594161136e-06,8.087999411817099e-07,0.0008821940366114083,147.53382000354412,2.3179366180618384e-06,0.08513044699427397,1.1860507996684801e+28,5406184975.3318,0.1501650749306419,True,0.00020112689154355595,0.25,0.24397501823713327
True,0.012533628817866614,7.490497875976268e-29,4.8240723537106285e-18,2.5980500914943576,9.104968853720171e-18,4.280896500009542e-18,1.1194220947637446e+23,9.569558168026865e-06,9.113864921930347e-06,8.087999411817097e-07,0.0008109127820406648,135.613091291909,2.3179366180618384e-06,0.08513044699427397,1.4037288766420324e+28,5406184975.3318,0.1501650749306419,True,0.00018487584408442026,0.25,0.24397501823713333
True,0.01363536602838792,6.328936551457911e-29,4.075997130203781e-18,2.5980500914943576,7.693049398359912e-18,3.61705226815613e-18,1.56802781160219e+23,1.1325876717017254e-05,1.0786549254302147e-05,8.087999411817099e-07,0.0007453910509333718,124.65555714144638,2.3179366180618384e-06,0.08513044699427397,1.6613578100275916e+28,5406184975.3318,0.1501650749306419,True,0.0001699378808254741,0.25,0.24397501823713327
True,0.014833948685562074,5.347500064160867e-29,3.4439269122177083e-18,2.5980500914943576,6.500078143751625e-18,3.0561512315339163e-18,2.1964111923991163e+23,1.3404535628160815e-05,1.2766224407772205e-05,8.087999411817097e-07,0.0006851634739476754,114.58339145736652,2.3179366180618384e-06,0.08513044699427397,1.966269853721574e+28,5406184975.3318,0.1501650749306419,True,0.00015620690459845047,0.25,0.24397501823713333
True,0.01613788974551674,4.5182562194612737e-29,2.9098726514815832e-18,2.5980500914943576,5.4921025053972906e-18,2.5822298539157077e-18,3.0766177043548606e+23,1.5864694618886247e-05,1.5109232970367855e-05,8.087999411817097e-07,0.0006298022835721028,105.32505649125817,2.3179366180618384e-06,0.08513044699427397,2.327142963616036e+28,5406184975.3318,0.1501650749306419,True,0.00014358539088344158,0.25,0.24397501823713333
True,0.017556450474439968,3.817604304770392e-29,2.45863488502081e-18,2.5980500914943576,4.640434970583602e-18,2.181800085562792e-18,4.309564862675203e+23,1.8776371097985706e-05,1.7882258188557813e-05,8.087999411817097e-07,0.0005789142758986694,96.81479474286878,2.3179366180618384e-06,0.08513044699427397,2.7542477767522554e+28,5406184975.3318,0.1501650749306419,True,0.00013198369513914057,0.25,0.24397501823713333
True,0.01909970622689944,3.2256034009375425e-29,2.077371150508431e-18,2.5980500914943576,3.920836636798644e-18,1.843465486290214e-18,6.036612634490136e+23,2.2222432897609827e-05,2.1164221807247454e-05,8.087999411817097e-07,0.0005321380178846441,88.99216191620827,2.3179366180618384e-06,0.08513044699427397,3.2597399190109816e+28,5406184975.3318,0.1501650749306419,True,0.0001213194161007817,0.25,0.24397501823713333
True,0.020778618006240163,2.7254048532841807e-29,1.7552304830849993e-18,2.5980500914943576,3.3128273599164523e-18,1.5575968768314531e-18,8.45577065436377e+23,2.6300956735018475e-05,2.504853022382712e-05,8.087999411817098e-07,0.0004891412802674819,81.80159761278597,2.3179366180618384e-06,0.08513044699427397,3.8580059605688696e+28,5406184975.3318,0.1501650749306419,True,0.00011151681052358832,0.25,0.2439750182371333
True,0.02260511031531905,2.3027727500987914e-29,1.4830445912357894e-18,2.5980500914943576,2.799102878607033e-18,1.3160582873712435e-18,1.1844400442507208e+24,3.112801952713806e-05,2.9645732882988633e-05,8.087999411817097e-07,0.0004496186779001708,75.19203071282409,2.3179366180618384e-06,0.08513044699427397,4.566072865193757e+28,5406184975.3318,0.1501650749306419,True,0.00010250625521493723,0.25,0.24397501823713333
True,0.024592155850513473,1.94567876116005e-29,1.2530669224294805e-18,2.5980500914943576,2.3650423260280528e-18,1.1119754035985725e-18,1.6591015482434533e+24,3.6841002000196173e-05,3.5086668571615404e-05,8.087999411817098e-07,0.00041328950074741224,69.11651664165741,2.3179366180618384e-06,0.08513044699427397,5.404092586519614e+28,5406184975.3318,0.1501650749306419,True,9.422375253430753e-05,0.25,0.2439750182371333
True,0.026753867640544104,1.6439598051813391e-29,1.05875219219032e-18,2.5980500914943576,1.998292112324123e-18,9.39539920133803e-19,2.323982510338998e+24,4.360249861688664e-05,4.152618915893965e-05,8.087999411817097e-07,0.0003798957201372534,63.53190394499831,2.3179366180618384e-06,0.08513044699427397,6.395915603163948e+28,5406184975.3318,0.1501650749306419,True,8.661047584882122e-05,0.25,0.24397501823713333
True,0.02910559928452991,1.3890288032133964e-29,8.945701018860735e-19,2.5980500914943576,1.6884143350123883e-18,7.9384423312631515e-19,3.255312921671165e+24,5.1604945099633234e-05,4.914756676155546e-05,8.087999411817097e-07,0.0003492001561075371,58.398527804912,2.3179366180618384e-06,0.08513044699427397,7.569769715796407e+28,5406184975.3318,0.1501650749306419,True,7.961235171596398e-05,0.25,0.24397501823713333
True,0.03166405400121802,1.1736302858959592e-29,7.558479435427766e-19,2.5980500914943576,1.4265897108304932e-18,6.707417672877167e-19,4.5598717592988553e+24,6.107609525167877e-05,5.8167709763503586e-05,8.087999411817098e-07,0.0003209847928307064,53.679928319692216,2.3179366180618384e-06,0.08513044699427397,8.959063425077463e+28,5406184975.3318,0.1501650749306419,True,7.317967582593089e-05,0.25,0.2439750182371333
True,0.03444740326391264,9.916338990132698e-30,6.3863761213719215e-19,2.5980500914943576,1.2053665743323042e-18,5.667289621951122e-19,6.387229418969946e+24,7.228550294918606e-05,6.884333614208196e-05,8.087999411817098e-07,0.00029504923015224234,49.342591546715816,2.3179366180618384e-06,0.08513044699427397,1.060333675502252e+29,5406184975.3318,0.1501650749306419,True,6.726675997582042e-05,0.25,0.2439750182371333
True,0.037475415863710185,8.37859930413748e-30,5.396032404673869e-19,2.5980500914943576,1.0184487996003932e-18,4.788455591330063e-19,8.946896273422515e+24,8.555219378523032e-05,8.147827979545744e-05,8.087999411817097e-07,0.0002712092602447515,45.35571146902727,2.3179366180618384e-06,0.08513044699427397,1.2549386582720829e+29,5406184975.3318,0.1501650749306419,True,6.183160756830353e-05,0.25,0.24397501823713333
True,0.04076959831771378,7.079318926989775e-30,4.559262586312488e-19,2.5980500914943576,8.605166092166156e-19,4.045903505853668e-19,1.2532343474252516e+25,0.00010125374470467069,9.643213781397208e-05,8.087999411817097e-07,0.00024929555926837024,41.69097119501768,2.3179366180618384e-06,0.08513044699427397,1.4852598501879702e+29,5406184975.3318,0.1501650749306419,True,5.6835615329992865e-05,0.25,0.24397501823713333
True,0.044353347619480454,5.981519661083119e-30,3.852251760560951e-19,2.5980500914943576,7.270751706204633e-19,3.4184999456436817e-19,1.7554650032458513e+25,0.00011983703004105287,0.00011413050480100272,8.087999411817098e-07,0.0002291524847449682,38.32234183716294,2.3179366180618384e-06,0.08513044699427397,1.7578523125726437e+29,5406184975.3318,0.1501650749306419,True,5.224329913095853e-05,0.25,0.2439750182371333
True,0.048252117416612984,5.053957566386605e-30,3.2548780303411586e-19,2.5980500914943576,6.14326670828619e-19,2.8883886779450313e-19,2.458963388573072e+25,0.0001418309397933582,0.00013507708551748398,8.087999411817097e-07,0.00021063697010448613,35.22589764135489,2.3179366180618384e-06,0.08513044699427397,2.0804741691670494e+29,5406184975.3318,0.1501650749306419,True,4.802204195802017e-05,0.25,0.24397501823713333
True,0.05249359879577628,4.2702337416059365e-30,2.7501398275316406e-19,2.5980500914943576,5.190622286954398e-19,2.440482459422758e-19,3.444387062779829e+25,0.0001678614321113933,0.00015986803058227933,8.087999411817097e-07,0.0001936175085519008,32.379646053777684,2.3179366180618384e-06,0.08513044699427397,2.462307406380847e+29,5406184975.3318,0.1501650749306419,True,4.414186225179036e-05,0.25,0.24397501823713333
True,0.05710791695916732,3.6080429976754066e-30,2.3236720394659513e-19,2.5980500914943576,4.38570568480885e-19,2.0620336453428993e-19,4.824716908505738e+25,0.00019866934839141097,0.00018920890322991519,8.087999411817098e-07,0.0001779732190377105,29.763371518375735,2.3179366180618384e-06,0.08513044699427397,2.9142191974175666e+29,5406184975.3318,0.1501650749306419,True,4.05752009620785e-05,0.25,0.2439750182371333
True,0.06212784518933688,3.0485390404364082e-30,1.9633371703292897e-19,2.5980500914943576,3.705608555279886e-19,1.742271384950596e-19,6.758210625850652e+25,0.00023513149800887995,0.0002239347600084571,8.087999411817097e-07,0.00016359298769798113,27.358491895482214,2.3179366180618384e-06,0.08513044699427397,3.449071187695366e+29,5406184975.3318,0.1501650749306419,True,3.729672580921258e-05,0.25,0.24397501823713333
True,0.0675890376220525,2.575798095270102e-30,1.6588799016932477e-19,2.5980500914943576,3.1309749791297214e-19,1.4720950774364737e-19,9.466547308266037e+25,0.00027828561277090343,0.00026503391692466995,8.087999411817098e-07,0.00015037467866601387,25.14792648181859,2.3179366180618384e-06,0.08513044699427397,4.082085543987918e+29,5406184975.3318,0.1501650749306419,True,3.428315136104077e-05,0.25,0.2439750182371333
True,0.07353028248047594,2.176365708161416e-30,1.4016352208012568e-19,2.5980500914943576,2.6454505848894146e-19,1.2438153640881579e-19,1.3260243413671122e+26,0.0003293598813050229,0.0003136760774333552,8.087999411817098e-07,0.00013822440865040832,23.11597469447455,2.3179366180618384e-06,0.08513044699427397,4.831278185234965e+29,5406184975.3318,0.1501650749306419,True,3.1513073647706546e-05,0.25,0.2439750182371333
True,0.07999377756925682,1.838873824916094e-30,1.1842818097833946e-19,2.5980500914943576,2.235217094911751e-19,1.0509352851283564e-19,1.8574254124972724e+26,0.00038980790394853396,0.0003712456228081276,8.087999411817098e-07,0.00012705588012719839,21.248204557219015,2.3179366180618384e-06,0.08513044699427397,5.717971524997626e+29,5406184975.3318,0.1501650749306419,True,2.8966818139545352e-05,0.25,0.2439750182371333
True,0.08702542998524213,1.5537172504055799e-30,1.0006336771289672e-19,2.5980500914943576,1.8885990499779387e-19,8.879653728489718e-20,2.601784187033646e+26,0.0004613500629726882,0.0004393810123549411,8.087999411817098e-07,0.0001167897684100479,19.531350197114662,2.3179366180618384e-06,0.08513044699427397,6.767401318476044e+29,5406184975.3318,0.1501650749306419,True,2.6626300008363674e-05,0.25,0.2439750182371333
True,0.09467518217350566,1.312780279700824e-30,8.454641011397193e-20,2.5980500914943576,1.5957315196349608e-19,7.502674184952415e-20,3.644442953322778e+26,0.0005460224855599772,0.0005200214148190259,8.087999411817098e-07,0.00010735315824515537,17.953217623402743,2.3179366180618384e-06,0.08513044699427397,8.009434885272597e+29,5406184975.3318,0.1501650749306419,True,2.447489567960241e-05,0.25,0.2439750182371333
True,0.1029973666445142,1.1092057208745688e-30,7.143568747025739e-20,2.5980500914943576,1.3482793411265598e-19,6.339224664239858e-20,5.1049447168664355e+26,0.0006462349930463657,0.0006154618981393958,8.087999411817097e-07,9.867902592927698e-05,16.50259811945179,2.3179366180618384e-06,0.08513044699427397,9.479421148894984e+29,5406184975.3318,0.1501650749306419,True,2.249732476308238e-05,0.25,0.24397501823713333
True,0.11205109187181692,9.37199735740439e-31,6.035806177304472e-20,2.5980500914943576,1.1391998963112058e-19,5.356192785807585e-20,7.150739055608542e+26,0.0007648396856941586,0.000728418748280151,8.087999411817097e-07,9.070576327259898e-05,15.169188632634478,2.3179366180618384e-06,0.08513044699427397,1.1219196685567311e+30,5406184975.3318,0.1501650749306419,True,2.067954152374233e-05,0.25,0.24397501823713333
True,0.1219006621111034,7.918669441944517e-31,5.099825801376242e-20,2.5980500914943576,9.625426750743655e-20,4.525600949367414e-20,1.0016380563821727e+27,0.0009052121149539311,0.000862106776146601,8.087999411817098e-07,8.33767400253973e-05,13.943518596700276,2.3179366180618384e-06,0.08513044699427397,1.327827641502322e+30,5406184975.3318,0.1501650749306419,True,1.9008635121538395e-05,0.25,0.2439750182371333
True,0.13261603412240283,6.690710991424417e-31,4.308989129269545e-20,2.5980500914943576,8.132799207051738e-20,3.8238100777821914e-20,1.4030421026287424e+27,0.0010713473534204494,0.0010203308127813805,8.087999411817098e-07,7.663990166061161e-05,12.816882666898517,2.3179366180618384e-06,0.08513044699427397,1.5715262820962452e+30,5406184975.3318,0.1501650749306419,True,1.7472737911957102e-05,0.25,0.2439750182371333
True,0.14427331403930435,5.6531736674911154e-31,3.640788536571666e-20,2.5980500914943576,6.871635373165241e-20,3.230846836593575e-20,1.9653078566713453e+27,0.0012679736966836998,0.0012075939968416189,8.087999411817097e-07,7.044739965557578e-05,11.781278890101543,2.3179366180618384e-06,0.08513044699427397,1.8599513808320878e+30,5406184975.3318,0.1501650749306419,True,1.6060941155844246e-05,0.25,0.24397501823713333
True,0.15695529791421722,4.776528616432016e-31,3.0762066856916595e-20,2.5980500914943576,5.806041868191352e-20,2.729835182499693e-20,2.752900261693821e+27,0.001500687233088972,0.0014292259362752113,8.087999411817097e-07,6.475525164697626e-05,10.829351870780549,2.3179366180618384e-06,0.08513044699427397,2.201311666544131e+30,5406184975.3318,0.1501650749306419,True,1.476321753987772e-05,0.25,0.24397501823713333
True,0.1707520597789095,4.0358260625874925e-31,2.599175282507593e-20,2.5980500914943576,4.9056913448629684e-20,2.3065160623553756e-20,3.8561184320860553e+27,0.0017761111113316881,0.0016915343917444647,8.087999411817098e-07,5.9523029045279114e-05,9.954340529168768,2.3179366180618384e-06,0.08513044699427397,2.6053224311140024e+30,5406184975.3318,0.1501650749306419,True,1.3570349957383707e-05,0.25,0.2439750182371333
True,0.18576159139703224,3.409985224714767e-31,2.1961177643300824e-20,2.5980500914943576,4.14495935740818e-20,1.9488415930780977e-20,5.401448635529109e+27,0.002102084038725781,0.002001984798786458,8.087999411817097e-07,5.471356988990374e-05,9.1500300805638,2.3179366180618384e-06,0.08513044699427397,3.0834820317478654e+30,5406184975.3318,0.1501650749306419,True,1.2473866043661187e-05,0.25,0.24397501823713333
True,0.2020904982524852,2.881194345952057e-31,1.855562903842779e-20,2.5980500914943576,3.50219507645065e-20,1.6466321726078707e-20,7.566066207794356e+27,0.0024878833749047416,0.0023694127380045156,8.087999411817098e-07,5.029271490569091e-05,8.410707894701055,2.3179366180618384e-06,0.08513044699427397,3.649399140223308e+30,5406184975.3318,0.1501650749306419,True,1.1465978000850465e-05,0.25,0.2439750182371333
True,0.21985475671689472,2.434403761922595e-31,1.5678183319862872e-20,2.5980500914943576,2.95910509510632e-20,1.3912867631200326e-20,1.0598149075080506e+28,0.002944489170318485,0.002804275400303319,8.087999411817097e-07,4.6229064886000883e-05,7.73112292168856,2.3179366180618384e-06,0.08513044699427397,4.319180052790281e+30,5406184975.3318,0.1501650749306419,True,1.0539527284950676e-05,0.25,0.24397501823713333
True,0.23918053777399972,2.056897579432324e-31,1.3246946880764621e-20,2.5980500914943576,2.5002327890764967e-20,1.1755381010000347e-20,1.48453318716561e+28,0.0034848966641994653,0.0033189492039994908,8.087999411817097e-07,4.249375767925091e-05,7.106448396325231,2.3179366180618384e-06,0.08513044699427397,5.111887083767967e+30,5406184975.3318,0.1501650749306419,True,9.687933762124828e-06,0.25,0.24397501823713333
True,0.26020510315146445,1.7379317755133664e-31,1.1192725463254401e-20,2.5980500914943576,2.11251841305374e-20,9.932458667283001e-21,2.079456297683134e+28,0.004124486135853226,0.003928082034145929,8.087999411817098e-07,3.9060263194934436e-05,6.532247555909169,2.3179366180618384e-06,0.08513044699427397,6.050081088958618e+30,5406184975.3318,0.1501650749306419,True,8.905148973174024e-06,0.25,0.2439750182371333
True,0.28307778022491015,1.4684284169232416e-31,9.457054853725877e-21,2.5980500914943576,1.7849274135547584e-20,8.392219281821707e-21,2.9127934163802726e+28,0.004881460635434132,0.004649010128984887,8.087999411817099e-07,3.590419497314855e-05,6.004442128046176,2.3179366180618384e-06,0.08513044699427397,7.160463559377794e+30,5406184975.3318,0.1501650749306419,True,8.185613174240936e-06,0.25,0.24397501823713327
True,0.307961022618444,1.2407172974271354e-31,7.990536960814131e-21,2.5980500914943576,1.508136379769494e-20,7.090826836880809e-21,4.080088384623112e+28,0.005777364052252704,0.005502251478335909,8.087999411817097e-07,3.300313697929822e-05,5.519283364642423,2.3179366180618384e-06,0.08513044699427397,8.474636559623844e+30,5406184975.3318,0.1501650749306419,True,7.524215848623202e-06,0.25,0.24397501823713333
True,0.33503156403461193,1.048317639725548e-31,6.751433919935627e-21,2.5980500914943576,1.2742676944237874e-20,5.991243024302248e-21,5.715174008812408e+28,0.006837694265108693,0.006512089776293993,8.087999411817098e-07,3.0336484393784644e-05,5.073325416349873,2.3179366180618384e-06,0.08513044699427397,1.0030002139128795e+31,5406184975.3318,0.1501650749306419,True,6.916259409231423e-06,0.25,0.2439750182371333
True,0.36448167350888566,8.857536491501066e-32,5.704480211879672e-21,2.5980500914943576,1.0766653326805183e-20,5.062173114925512e-21,8.005516271192751e+28,0.008092628825228694,0.007707265547836851,8.087999411817097e-07,2.788529726588156e-05,4.663400858355665,2.3179366180618384e-06,0.08513044699427397,1.187082681400481e+31,5406184975.3318,0.1501650749306419,True,6.357425833887406e-06,0.25,0.24397501823713333
True,0.3965205210041451,7.483986696895897e-32,4.819878987727251e-21,2.5980500914943576,9.097054281990845e-21,4.277175294263595e-21,1.1213707696303235e+29,0.009577883825123222,0.009121794119164974,8.087999411817097e-07,2.5632165992374998e-05,4.2865981936871265,2.3179366180618384e-06,0.08513044699427397,1.4049501415194667e+31,5406184975.3318,0.1501650749306419,True,5.843745996489503e-06,0.25,0.24397501823713333
True,0.43137566304431935,6.323435069452686e-32,4.072454034980305e-21,2.5980500914943576,7.686362149643437e-21,3.6139081146631336e-21,1.5707574132429457e+29,0.01133573039721918,0.010795933711637314,8.087999411817098e-07,2.3561087665525196e-05,3.9402411742491323,2.3179366180618384e-06,0.08513044699427397,1.6628032158862303e+31,5406184975.3318,0.1501650749306419,True,5.3715714762189544e-06,0.25,0.2439750182371333
True,0.4692946589389276,5.342851704181792e-32,3.440933249414988e-21,2.5980500914943576,6.494427895459572e-21,3.0534946460445825e-21,2.2002346753438612e+29,0.013416197772349337,0.012777331211761273,8.087999411817097e-07,2.1657352412109876e-05,3.621869792721087,2.3179366180618384e-06,0.08513044699427397,1.9679805375664857e+31,5406184975.3318,0.1501650749306419,True,4.9375486445616095e-06,0.25,0.24397501823713333
True,0.5105468290777841,4.514328686757456e-32,2.907343219893925e-21,2.5980500914943576,5.487328448514514e-21,2.579985228620589e-21,3.081973438909828e+29,0.01587849713777119,0.01512237822644875,8.087999411817098e-07,1.9907438916269877e-05,3.3292228103081336,2.3179366180618384e-06,0.08513044699427397,2.3291676124022155e+31,5406184975.3318,0.1501650749306419,True,4.538594846097602e-06,0.25,0.2439750182371333
True,0.5554251677841955,3.8142858197113495e-32,2.4564976957051465e-21,2.5980500914943576,4.636401232959695e-21,2.179903537254548e-21,4.317066894994405e+29,0.018792706818457877,0.01789781601757893,8.087999411817099e-07,1.8298918384105807e-05,3.06022169624956,2.3179366180618384e-06,0.08513044699427397,2.7566440130407964e+31,5406184975.3318,0.1501650749306419,True,4.171876503882544e-06,0.25,0.24397501823713327
True,0.6042484243127103,3.2227995177066163e-32,2.0755653779414658e-21,2.5980500914943576,3.917428416155671e-21,1.8418630382142045e-21,6.047121088249557e+29,0.022241766742799294,0.021182634993142185,8.087999411817098e-07,1.6820366267933143e-05,2.812955865014563,2.3179366180618384e-06,0.08513044699427397,3.2625759409372245e+31,5406184975.3318,0.1501650749306419,True,3.834788993913415e-06,0.25,0.2439750182371333
True,0.6573633667717687,2.7230357719013316e-32,1.7537047340370824e-21,2.5980500914943576,3.3099476565162352e-21,1.5562429224791526e-21,8.470490345737372e+29,0.026323838956249287,0.02507032281547551,8.087999411817098e-07,1.5461281123214788e-05,2.5856691063321415,2.3179366180618384e-06,0.08513044699427397,3.8613624827968984e+31,5406184975.3318,0.1501650749306419,True,3.5249381457369925e-06,0.25,0.2439750182371333
True,0.7151472450507887,2.3007710452714823e-32,1.4817554420927556e-21,2.5980500914943576,2.7966697345879358e-21,1.3149142924951804e-21,1.1865019014858035e+30,0.031155101364368273,0.029671525108922164,8.087999411817097e-07,1.4212010021851449e-05,2.3767471116742325,2.3179366180618384e-06,0.08513044699427397,4.570045416097893e+31,5406184975.3318,0.1501650749306419,True,3.24012323780866e-06,0.25,0.24397501823713333
True,0.7780104702446848,1.9439874633242383e-32,1.251977683333933e-21,2.5980500914943576,2.362986492841474e-21,1.1110088095075413e-21,1.6619896898151514e+30,0.036873054216646946,0.03511719449204471,8.087999411817099e-07,1.3063679992076178e-05,2.18470600859868,2.3179366180618384e-06,0.08513044699427397,5.408794226971799e+31,5406184975.3318,0.1501650749306419,True,2.9783213668257632e-06,0.25,0.24397501823713327
True,0.846399529606477,1.6425307791179588e-32,1.0578318628291443e-21,2.5980500914943576,1.996555079884669e-21,9.387232170555248e-22,2.3280280677113686e+30,0.04364043343536567,0.04156231755749112,8.087999411817098e-07,1.2008134998003535e-05,2.008181821516976,2.3179366180618384e-06,0.08513044699427397,6.401480144305156e+31,5406184975.3318,0.1501650749306419,True,2.7376730800184186e-06,0.25,0.2439750182371333
True,0.9208001577315016,1.387821378094898e-32,8.937924892053455e-22,2.5980500914943576,1.6869466664703032e-21,7.931541772649575e-22,3.26097972644747e+30,0.05164984216487197,0.04919032587130664,8.087999411817097e-07,1.1037878011229573e-05,1.8459207840317002,2.3179366180618384e-06,0.08513044699427397,7.576355527371561e+31,5406184975.3318,0.1501650749306419,True,2.51646916835083e-06,0.25,0.24397501823713333
True,1.0017407864966161,1.1726100977733347e-32,7.551909162797796e-22,2.5980500914943576,1.4253496355731164e-21,6.701587192933368e-22,4.567809522483744e+30,0.06112923235758495,0.058218316531033286,8.087999411817097e-07,1.0146017763044928e-05,1.696770434036818,2.3179366180618384e-06,0.08513044699427397,8.966857942721017e+31,5406184975.3318,0.1501650749306419,True,2.3131385268315938e-06,0.25,0.24397501823713333
True,1.089796298257657,9.907719128001299e-33,6.380824709531295e-22,2.5980500914943576,1.2043187991706361e-21,5.662363282175068e-22,6.398348221693281e+30,0.07234839240552518,0.06890323086240493,8.087999411817097e-07,9.326219799067714e-06,1.5596714283336521,2.3179366180618384e-06,0.08513044699427397,1.061256181477444e+32,5406184975.3318,0.1501650749306419,True,2.12623699571061e-06,0.25,0.24397501823713333
True,1.1855921089623183,8.371316135326117e-33,5.391341857544419e-22,2.5980500914943576,1.0175635043065178e-21,4.784293185520759e-22,8.962470909641915e+30,0.08562662545875077,0.08154916710357216,8.087999411817099e-07,8.572661488660685e-06,1.4336500186256467,2.3179366180618384e-06,0.08513044699427397,1.256030473459605e+32,5406184975.3318,0.1501650749306419,True,1.9544371033069612e-06,0.25,0.24397501823713327
True,1.2898086101788073,7.073165168713103e-33,4.555299408474987e-22,2.5980500914943576,8.597685978244473e-22,4.042386569769485e-22,1.2554159608543452e+31,0.1013418369596454,0.09651603519966227,8.087999411817097e-07,7.879990669586447e-06,1.3178111354525788,2.3179366180618384e-06,0.08513044699427397,1.4865520482178612e+32,5406184975.3318,0.1501650749306419,True,1.7965186376160676e-06,0.25,0.24397501823713333
True,1.4031860015899118,5.97632017416904e-33,3.848903157905827e-22,2.5980500914943576,7.2644315433540635e-22,3.4155283854482363e-22,1.7585208930187843e+31,0.11994129002903241,0.1142298000276499,8.087999411817099e-07,7.243287634173288e-06,1.2113320309426805,2.3179366180618384e-06,0.08513044699427397,1.7593816700752095e+32,5406184975.3318,0.1501650749306419,True,1.65135997973069e-06,0.25,0.24397501823713327
True,1.5265295482753287,5.049564370724021e-33,3.252048699889269e-22,2.5980500914943576,6.137926621373621e-22,2.8858779214843527e-22,2.4632439188355744e+31,0.14195433480801195,0.135194604579059,8.087999411817097e-07,6.658030186997807e-06,1.1134564352302208,2.3179366180618384e-06,0.08513044699427397,2.0822842124549602e+32,5406184975.3318,0.1501650749306419,True,1.5179301375213046e-06,0.25,0.24397501823713333
True,1.6607153001222132,4.266521804553552e-33,2.747749245061741e-22,2.5980500914943576,5.1861102943193925e-22,2.4383610492576514e-22,3.450383005267837e+31,0.1680074740392362,0.16000711813260587,8.087999411817097e-07,6.120061525905922e-06,1.0234891850344021,2.3179366180618384e-06,0.08513044699427397,2.4644496502307082e+32,5406184975.3318,0.1501650749306419,True,1.3952814229948882e-06,0.25,0.24397501823713333
False,1.8066963139861723,3.6049066755675155e-33,2.3216521677533466e-22,2.5980500914943576,4.381893372786285e-22,2.060241205032938e-22,4.83311571055006e+31,0.1988421936619261,0.18937351777326294,8.087999411817098e-07,5.62556071824645e-06,0.9407912862489273,2.3179366180618384e-06,0.08513044699427397,2.9167546112073466e+32,5406184975.3318,0.1501650749306419,False,1.2825427213229149e-06,0.25,0.2439750182371333
False,1.9655094227957095,3.045889071909035e-33,1.9616305227709074e-22,2.5980500914943576,3.7023874234800285e-22,1.740756900709121e-22,6.769975227649367e+31,0.23533606588867045,0.22412958656063853,8.087999411817097e-07,5.171015562624272e-06,0.8647753754742046,2.3179366180618384e-06,0.08513044699427397,3.452071930624699e+32,5406184975.3318,0.1501650749306419,False,1.1789133037317142e-06,0.25,0.24397501823713333
False,2.138282599677844,2.5735590608359694e-33,1.657437906208896e-22,2.5980500914943576,3.128253352460476e-22,1.47081544625158e-22,9.48302654598977e+31,0.27852772536858955,0.26526450035103766,8.087999411817098e-07,4.753197643423061e-06,0.79490154825762,2.3179366180618384e-06,0.08513044699427397,4.0856370187666204e+32,5406184975.3318,0.1501650749306419,False,1.083657140311113e-06,0.25,0.2439750182371333
False,2.3262429694086837,2.174473883732006e-33,1.4004168374468924e-22,2.5980500914943576,2.6431510044353927e-22,1.2427341669885006e-22,1.3283326666347481e+32,0.32964642927149057,0.31394898025856244,8.087999411817098e-07,4.369139400921998e-06,0.7306735244119001,2.3179366180618384e-06,0.08513044699427397,4.835481468688715e+32,5406184975.3318,0.1501650749306419,False,9.960976723480066e-07,0.25,0.2439750182371333
False,2.53072552409051,1.837275368180844e-33,1.1832523627329048e-22,2.5980500914943576,2.233274113413131e-22,1.0500217506802264e-22,1.860658793573818e+32,0.39014704258845223,0.3715686119890021,8.087999411817097e-07,4.016113054146352e-06,0.6716351231756325,2.3179366180618384e-06,0.08513044699427397,5.722946244767124e+32,5406184975.3318,0.1501650749306419,False,9.156130070552181e-07,0.25,0.24397501823713333
False,2.753182604958582,1.5523666684515953e-33,9.997638677820431e-23,2.5980500914943576,1.886957369167259e-22,8.871935013852159e-23,2.606313337813545e+32,0.46175144434874016,0.43976328033213347,8.087999411817097e-07,3.6916112267512176e-06,0.6173670231807297,2.3179366180618384e-06,0.08513044699427397,6.773289057682158e+32,5406184975.3318,0.1501650749306419,False,8.416315005661469e-07,0.25,0.24397501823713333
False,2.9951942176623927,1.3116391342608491e-33,8.447291742684091e-23,2.5980500914943576,1.5943444164195845e-22,7.496152421511754e-23,3.65078715040361e+32,0.5464975331955997,0.5204738411386663,8.087999411817097e-07,3.3933291383333183e-06,0.5674837842144344,2.3179366180618384e-06,0.08513044699427397,8.016403212045838e+32,5406184975.3318,0.1501650749306419,False,7.736276978233292e-07,0.25,0.24397501823713333
False,3.2584792542858563,1.1082415343538373e-33,7.137359139045743e-23,2.5980500914943576,1.347107337825071e-22,6.333714239204968e-23,5.1138313356955275e+32,0.6467972270451877,0.6159973590906549,8.087999411817097e-07,3.119148234684337e-06,0.5216311096228742,2.3179366180618384e-06,0.08513044699427397,9.487668385451979e+32,5406184975.3318,0.1501650749306419,False,7.111186005238955e-07,0.25,0.24397501823713333
False,3.5449077018110318,9.363850668873823e-34,6.030559501373805e-23,2.5980500914943576,1.138209637098001e-22,5.351536869606204e-23,7.163186965597298e+32,0.7655051075292036,0.7290524833611463,8.087999411817098e-07,2.867121140719353e-06,0.479483329912338,2.3179366180618384e-06,0.08513044699427397,1.122895755256451e+33,5406184975.3318,0.1501650749306419,False,6.536602366149351e-07,0.25,0.2439750182371333
True,1e-06,4.500358492932838e-21,3.7891122853104137e-10,2.5980500914943576,5.470347176807391e-10,1.6812348914969767e-10,4536141.137535527,1.5229240228170702e-14,1.4504038312543526e-14,4.043999705908549e-07,5.081839906880633,849862.0745481235,2.3179366180618384e-06,0.08513044699427397,3.574288200519427e+20,5406184975.3318,0.1501650749306419,True,2.317165207143905,0.5,0.4879500364742666
True,1.0879024922894468e-06,3.8024820021558856e-21,3.201529676283864e-10,2.5980500914943576,4.6220532693160255e-10,1.4205235930321617e-10,6353988.807510243,1.802429059832607e-14,1.7165991046024827e-14,4.0439997059085487e-07,4.671227378279193,781193.2416476251,2.3179366180618384e-06,0.08513044699427397,4.230283864664505e+20,5406184975.3318,0.1501650749306419,True,2.1299383203613442,0.5,0.48795003647426666
True,1.1835318327295895e-06,3.2128261336124697e-21,2.7050642726694986e-10,2.5980500914943576,3.905305410042201e-10,1.200241137372703e-10,8900334.566728234,2.133232168548756e-14,2.0316496843321485e-14,4.043999705908549e-07,4.293792331010094,718072.8486094703,2.3179366180618384e-06,0.08513044699427397,5.006675615312791e+20,5406184975.3318,0.1501650749306419,True,1.9578393610248799,0.5,0.4879500364742666
True,1.287567230530417e-06,2.7146089735522376e-21,2.2855864099834018e-10,2.5980500914943576,3.2997045808521784e-10,1.014118170868777e-10,12467122.275391234,2.524748178080225e-14,2.404522074362119e-14,4.043999705908548e-07,3.946854025468754,660052.5816411312,2.3179366180618384e-06,0.08513044699427397,5.925559966873694e+20,5406184975.3318,0.1501650749306419,True,1.7996459930013455,0.5,0.4879500364742667
True,1.4007475990842613e-06,2.2936510015886194e-21,1.9311575293350024e-10,2.5980500914943576,2.788015066094202e-10,8.568575367591996e-11,17463291.594744194,2.988119838383983e-14,2.845828417508555e-14,4.043999705908549e-07,3.6279483257389735,606720.3506925307,2.3179366180618384e-06,0.08513044699427397,7.013088847543109e+20,5406184975.3318,0.1501650749306419,True,1.654234644884454,0.5,0.4879500364742666
True,1.5238768041122235e-06,1.9379715341485675e-21,1.63169039981051e-10,2.5980500914943576,2.3556739151360124e-10,7.239835153255027e-11,24461663.773446083,3.536534948738225e-14,3.368128522607833e-14,4.0439997059085487e-07,3.3348101980206977,557697.36257862,2.3179366180618384e-06,0.08513044699427397,8.300213896828108e+20,5406184975.3318,0.1501650749306419,True,1.5205725298075086,0.5,0.48795003647426666
True,1.6578293731357647e-06,1.6374477479655174e-21,1.3786620306167254e-10,2.5980500914943576,1.9903764731896584e-10,6.117144425729329e-11,34264616.80026105,4.185601689392398e-14,3.986287323230855e-14,4.0439997059085497e-07,3.065357623184341,512635.4305935716,2.3179366180618384e-06,0.08513044699427397,9.823567365360577e+20,5406184975.3318,0.1501650749306419,True,1.3977103100550172,0.5,0.48795003647426655
True,1.8035567068250495e-06,1.3835265792463373e-21,1.1648711023150979e-10,2.5980500914943576,1.6817261844146903e-10,5.1685508209959225e-11,47996079.716507904,4.9537928385226494e-14,4.7178979414501423e-14,4.0439997059085487e-07,2.817676809190334,471214.5015080818,2.3179366180618384e-06,0.08513044699427397,1.1626504687867792e+21,5406184975.3318,0.1501650749306419,True,1.2847753543735272,0.5,0.48795003647426666
True,1.9620938363403183e-06,1.1689812990120412e-21,9.842330135122314e-11,2.5980500914943576,1.420938700513117e-10,4.3670568700088545e-11,67230393.42835523,5.862971517139427e-14,5.583782397275645e-14,4.043999705908549e-07,2.5900085983447356,433140.3823852173,2.3179366180618384e-06,0.08513044699427397,1.376033840147133e+21,5406184975.3318,0.1501650749306419,True,1.1809655400915293,0.5,0.4879500364742666
True,2.134566774660394e-06,9.877058366195432e-22,8.316067099287783e-11,2.5980500914943576,1.2005918735924433e-10,3.689851636636652e-11,94172812.18025894,6.939013424921413e-14,6.608584214210869e-14,4.043999705908549e-07,2.3807359728482353,398142.6510694823,2.3179366180618384e-06,0.08513044699427397,1.6285798527272713e+21,5406184975.3318,0.1501650749306419,True,1.0855435560279258,0.5,0.4879500364742666
True,2.322200514111288e-06,8.345409978045027e-22,7.026483673116225e-11,2.5980500914943576,1.0144145179631614e-10,3.117661506515391e-11,131912340.56051074,8.21254327613246e-14,7.821469786792819e-14,4.0439997059085487e-07,2.1883725698964738,365972.7355083149,2.3179366180618384e-06,0.08513044699427397,1.927476097844793e+21,5406184975.3318,0.1501650749306419,True,0.9978316657253388,0.5,0.48795003647426666
True,2.526327726897505e-06,7.051276313200582e-22,5.93687763928663e-11,2.5980500914943576,8.571079289211923e-11,2.6342016499252924e-11,184775894.32972082,9.719806394972122e-14,9.256958471402021e-14,4.043999705908549e-07,2.011552124759943,336402.1482643542,2.3179366180618384e-06,0.08513044699427397,2.281229318624725e+21,5406184975.3318,0.1501650749306419,True,0.9172068938140241,0.5,0.4879500364742666
True,2.7483982304317225e-06,5.957825652173791e-22,5.016238241428946e-11,2.5980500914943576,7.241950788467094e-11,2.2257125470381484e-11,258824390.35100144,1.150370027641809e-13,1.0955905025160086e-13,4.0439997059085487e-07,1.8490187668627516,309220.86367906944,2.3179366180618384e-06,0.08513044699427397,2.699907516348383e+21,5406184975.3318,0.1501650749306419,True,0.8430966013174593,0.5,0.48795003647426666
True,2.989989284690576e-06,5.033937818498051e-22,4.2383636018136935e-11,2.5980500914943576,6.118931986615789e-11,1.8805683848020953e-11,362547643.36861306,1.3614995471320988e-13,1.2966662353639035e-13,4.043999705908548e-07,1.6996180999379513,284235.8261615217,2.3179366180618384e-06,0.08513044699427397,3.1954264910241973e+21,5406184975.3318,0.1501650749306419,True,0.7749744184731084,0.5,0.4879500364742667
True,3.2528167947336175e-06,4.253318482265271e-22,3.5811150022376e-11,2.5980500914943576,5.170061182472503e-11,1.5889461802349034e-11,507837741.0022417,1.6113780542777596e-13,1.5346457659788186e-13,4.043999705908549e-07,1.5622890029061103,261269.57900736033,2.3179366180618384e-06,0.08513044699427397,3.7818889712745484e+21,5406184975.3318,0.1501650749306419,True,0.7123565061811801,0.5,0.4879500364742666
True,3.5387474979516724e-06,3.593750809774e-22,3.025786804549601e-11,2.5980500914943576,4.3683330177514066e-11,1.3425462132018053e-11,711352496.4332652,1.9071172217995973e-13,1.8163021159996163e-13,4.0439997059085487e-07,1.436056093242636,240159.00400920032,2.3179366180618384e-06,0.08513044699427397,4.4759859853523896e+21,5406184975.3318,0.1501650749306419,True,0.6547981195282075,0.5,0.48795003647426666
True,3.849812222604668e-06,3.036463160847735e-22,2.5565740784269447e-11,2.5980500914943576,3.6909298904759375e-11,1.1343558120489926e-11,996425301.4814911,2.25713394074664e-13,2.1496513721396569e-13,4.043999705908549e-07,1.3200227993048483,220754.1629064527,2.3179366180618384e-06,0.08513044699427397,5.297471896516069e+21,5406184975.3318,0.1501650749306419,True,0.6018904489778414,0.5,0.4879500364742666
True,4.188220311817992e-06,2.565594838158862e-22,2.160122784809847e-11,2.5980500914943576,3.1185725541183897e-11,9.584497693085427e-12,1395740348.7170103,2.671389869608032e-13,2.5441808281981255e-13,4.0439997059085487e-07,1.2133649924148198,202917.2324459745,2.3179366180618384e-06,0.08513044699427397,6.26972662251716e+21,5406184975.3318,0.1501650749306419,True,0.553257716793338,0.5,0.48795003647426666
True,4.556375315484077e-06,2.16774468350531e-22,1.8251497129806287e-11,2.5980500914943576,2.634971420182253e-11,8.098217072016239e-12,1955079942.4103816,3.1616749483124534e-13,3.0111189983928124e-13,4.043999705908549e-07,1.1153251334697676,186521.52548979223,2.3179366180618384e-06,0.08513044699427397,7.420421040261234e+21,5406184975.3318,0.1501650749306419,True,0.5085545080690362,0.5,0.4879500364742666
True,4.956892061521242e-06,1.8315896738542482e-22,1.5421213544981464e-11,2.5980500914943576,2.2263629480123025e-11,6.842415935141559e-12,2738573535.3491387,3.7419429460714693e-13,3.5637551867347325e-13,4.043999705908549e-07,1.0252068925061575,171450.59121729305,2.3179366180618384e-06,0.08513044699427397,8.782304513405587e+21,5406184975.3318,0.1501650749306419,True,0.4674633174144163,0.5,0.4879500364742666
True,5.392615227738732e-06,1.5475626621972956e-22,1.3029825745721929e-11,2.5980500914943576,1.881117927244612e-11,5.781353526724191e-12,3836050304.5560026,4.428708592933525e-13,4.217817707555738e-13,4.043999705908549e-07,0.9423702030028914,157597.38803105618,2.3179366180618384e-06,0.08513044699427397,1.0394136956340263e+22,5406184975.3318,0.1501650749306419,True,0.42969229386602353,0.5,0.4879500364742666
True,5.866639546214977e-06,1.3075800915537222e-22,1.1009273587235232e-11,2.5980500914943576,1.5894105044104987e-11,4.884831456869756e-12,5373338254.073227,5.241517597619875e-13,4.991921521542738e-13,4.043999705908548e-07,0.8662267157966641,144863.52329187072,2.3179366180618384e-06,0.08513044699427397,1.23017919615797e+22,5406184975.3318,0.1501650749306419,True,0.3949731680104477,0.5,0.4879500364742667
True,6.3823317836911014e-06,1.1048119327200854e-22,9.302051100598159e-12,2.5980500914943576,1.3429385340188344e-11,4.1273342395901836e-12,7526690658.460686,6.203502928595445e-13,5.908098027233756e-13,4.043999705908548e-07,0.7962356203208296,133158.55448314245,2.3179366180618384e-06,0.08513044699427397,1.4559562386146555e+22,5406184975.3318,0.1501650749306419,True,0.36305934659570704,0.5,0.4879500364742667
True,6.943354654095699e-06,9.334872980746516e-23,7.859569842870011e-12,2.5980500914943576,1.1346872951626518e-11,3.4873031087565066e-12,10542993868.888744,7.342043190423945e-13,6.992422086118042e-13,4.0439997059085487e-07,0.7318998034880719,122399.34684120052,2.3179366180618384e-06,0.08513044699427397,1.7231705554616825e+22,5406184975.3318,0.1501650749306419,True,0.33372416109798897,0.5,0.48795003647426666
True,7.55369283304024e-06,7.88730199103933e-23,6.640776044648855e-12,2.5980500914943576,9.587298489012442e-12,2.9465224443635877e-12,14768073349.005995,8.689541833142254e-13,8.275754126802147e-13,4.043999705908549e-07,0.6727623189352372,112509.4828890557,2.3179366180618384e-06,0.08513044699427397,2.03942720561123e+22,5406184975.3318,0.1501650749306419,True,0.30675925780414387,0.5,0.4879500364742666
True,8.217681259053408e-06,6.664207732248973e-23,5.6109821983690765e-12,2.5980500914943576,8.100583544847436e-12,2.4896013464783603e-12,20686343286.720413,1.0284349371359294e-12,9.794618448913612e-13,4.0439997059085497e-07,0.6184031415530966,103418.71967981622,2.3179366180618384e-06,0.08513044699427397,2.4137270183756437e+22,5406184975.3318,0.1501650749306419,True,0.28197311797547353,0.5,0.48795003647426655
True,8.940035922564481e-06,5.630780303457706e-23,4.740879833733259e-12,2.5980500914943576,6.844415435928742e-12,2.1035356021954828e-12,28976345692.706444,1.2171854859916265e-12,1.1592242723729776e-12,4.043999705908549e-07,0.5684361842500169,95062.48989482108,2.3179366180618384e-06,0.08513044699427397,2.856722761767054e+22,5406184975.3318,0.1501650749306419,True,0.25918969758224614,0.5,0.4879500364742666
True,9.725887361315082e-06,4.7576078207135234e-23,4.005705383351901e-12,2.5980500914943576,5.783042962303267e-12,1.7773375789513662e-12,40588546659.29413,1.4405777690075258e-12,1.371978827626215e-12,4.043999705908549e-07,0.5225065557610461,87381.44325303081,2.3179366180618384e-06,0.08513044699427397,3.381022325834497e+22,5406184975.3318,0.1501650749306419,True,0.23824717694762507,0.5,0.4879500364742666
True,1.0580817100101087e-05,4.0198393394633336e-23,3.3845353986918322e-12,2.5980500914943576,4.8862589094589945e-12,1.5017235107671622e-12,56854309283.32531,1.7049696471429732e-12,1.623780616326641e-12,4.0439997059085487e-07,0.4802880400259524,80321.02497452716,2.3179366180618384e-06,0.08513044699427397,4.001547549794546e+22,5406184975.3318,0.1501650749306419,True,0.21899681142033606,0.5,0.48795003647426666
True,1.1510897293658791e-05,3.396477583701596e-23,2.859691057811294e-12,2.5980500914943576,4.128540335235221e-12,1.2688492774239276e-12,79638537226.2126,2.0178858512314534e-12,1.92179604879186e-12,4.043999705908549e-07,0.4414807792334447,73831.08830415,2.3179366180618384e-06,0.08513044699427397,4.7359589053629565e+22,5406184975.3318,0.1501650749306419,True,0.20130187491294896,0.5,0.4879500364742666
True,1.252273385425922e-05,2.8697813525372483e-23,2.4162350168613338e-12,2.5980500914943576,3.488322173568877e-12,1.0720871567075427e-12,111553489814.19896,2.388232139747061e-12,2.274506799759106e-12,4.043999705908549e-07,0.40580914407537316,67865.53834321642,2.3179366180618384e-06,0.08513044699427397,5.605158122996216e+22,5406184975.3318,0.1501650749306419,True,0.18503668880224525,0.5,0.4879500364742666
True,1.3623513370326033e-05,2.4247605963573002e-23,2.0415462854841433e-12,2.5980500914943576,2.9473834814596657e-12,9.058371959755225e-13,156258283026.70972,2.8265487613385463e-12,2.691951201274806e-12,4.0439997059085487e-07,0.37301977608431086,62382.00465962362,2.3179366180618384e-06,0.08513044699427397,6.63388306604886e+22,5406184975.3318,0.1501650749306419,True,0.1700857292943994,0.5,0.48795003647426666
True,1.4821054149316291e-05,2.0487497921919466e-23,1.7249610268409154e-12,2.5980500914943576,2.4903288614232626e-12,7.653678345823471e-13,218878414786.6926,3.3453104358065616e-12,3.186009938863392e-12,4.0439997059085487e-07,0.3428797881502283,57341.54035105042,2.3179366180618384e-06,0.08513044699427397,7.851411783274595e+22,5406184975.3318,0.1501650749306419,True,0.15634280691503968,0.5,0.48795003647426666
True,1.612386174739804e-05,1.73104747632085e-23,1.4574690592500776e-12,2.5980500914943576,2.104150300444218e-12,6.466812411941408e-13,306593414003.8289,3.959281391139564e-12,3.77074418203768e-12,4.043999705908549e-07,0.3151751104353587,52708.34542384168,2.3179366180618384e-06,0.08513044699427397,9.29239577737368e+22,5406184975.3318,0.1501650749306419,True,0.143710312296484,0.5,0.4879500364742666
True,1.75411893803248e-05,1.4626116750307598e-23,1.2314574217143819e-12,2.5980500914943576,1.777856955136896e-12,5.46399533422514e-13,429459988560.9103,4.685935561147568e-12,4.462795772521493e-12,4.043999705908549e-07,0.28970896993910317,48449.51252287244,2.3179366180618384e-06,0.08513044699427397,1.0997846204843768e+23,5406184975.3318,0.1501650749306419,True,0.13209852290534924,0.5,0.4879500364742666
True,1.9083103644576486e-05,1.2358025653247804e-23,1.0404937050778486e-12,2.5980500914943576,1.50216234660678e-12,4.616686415289316e-13,601565047879.4443,5.545953902737715e-12,5.281860859750205e-12,4.043999705908549e-07,0.26630049291405056,44534.79320643204,2.3179366180618384e-06,0.08513044699427397,1.3016301074896853e+23,5406184975.3318,0.1501650749306419,True,0.1214249657865509,0.5,0.4879500364742666
True,2.0760556015552625e-05,1.0441650415727587e-23,8.791429823041976e-13,2.5980500914943576,1.269220062414649e-12,3.9007708011045154e-13,842640796510.1471,6.563812986741014e-12,6.25125046356287e-12,4.0439997059085487e-07,0.2447834202067424,40936.38310609095,2.3179366180618384e-06,0.08513044699427397,1.5405206666532862e+23,5406184975.3318,0.1501650749306419,True,0.11161383179756923,0.5,0.48795003647426666
True,2.2585460630634318e-05,8.822449998362921e-24,7.428131276170464e-13,2.5980500914943576,1.0724004435837113e-12,3.2958731596666485e-13,1180327072602.028,7.768481613891841e-12,7.398553917992229e-12,4.0439997059085497e-07,0.2250049263988781,37628.724445645945,2.3179366180618384e-06,0.08513044699427397,1.823255247961965e+23,5406184975.3318,0.1501650749306419,True,0.1025954371725748,0.5,0.48795003647426655
True,2.4570778909572255e-05,7.454341112241676e-24,6.27624122203701e-13,2.5980500914943576,9.061019010451324e-13,2.7847777884143153e-13,1653340313081.446,9.19424528201553e-12,8.756424078110028e-12,4.0439997059085487e-07,0.2068245343618657,34588.324516527035,2.3179366180618384e-06,0.08513044699427397,2.157880625154268e+23,5406184975.3318,0.1501650749306419,True,0.09430572859215246,0.5,0.48795003647426666
True,2.673061161321663e-05,6.2983866644715964e-24,5.302976268548739e-13,2.5980500914943576,7.655914914898248e-13,2.3529386463495095e-13,2315912474018.0566,1.0881681969189224e-11,1.036350663732307e-11,4.0439997059085487e-07,0.19011311751534998,31793.58882038895,2.3179366180618384e-06,0.08513044699427397,2.5539204111005034e+23,5406184975.3318,0.1501650749306419,True,0.08668582824338408,0.5,0.48795003647426666
True,2.9080298994439595e-05,5.3216875881957264e-24,4.4806367871985667e-13,2.5980500914943576,6.468702153317962e-13,1.9880653661193953e-13,3244008837670.0835,1.2878817004175053e-11,1.226554000397624e-11,4.043999705908549e-07,0.17475198270321515,29224.66769377524,2.3179366180618384e-06,0.08513044699427397,3.022646104795285e+23,5406184975.3318,0.1501650749306419,True,0.07968161563906088,0.5,0.4879500364742666
True,3.163652975257313e-05,4.496446517980233e-24,3.7858185671819533e-13,2.5980500914943576,5.465592030929273e-13,1.6797734637473187e-13,4544037590774.495,1.52424898923403e-11,1.4516657040324095e-11,4.0439997059085487e-07,0.16063202717318595,26863.315325505973,2.3179366180618384e-06,0.08513044699427397,3.577397884101319e+23,5406184975.3318,0.1501650749306419,True,0.07324334322589349,0.5,0.48795003647426666
True,3.4417459565213534e-05,3.799176662287183e-24,3.198746719343145e-13,2.5980500914943576,4.618035510142497e-13,1.4192887907993512e-13,6365049745426.001,1.8039971997643753e-11,1.718092571204167e-11,4.0439997059085487e-07,0.14765296367245412,24692.76016545676,2.3179366180618384e-06,0.08513044699427397,4.23396427417339e+23,5406184975.3318,0.1501650749306419,True,0.06732528305156821,0.5,0.48795003647426666
True,3.744284003926706e-05,3.2100333571299965e-24,2.702712872509604e-13,2.5980500914943576,3.9019106900503733e-13,1.1991978175407695e-13,8915828148957.361,2.135088112076179e-11,2.033417249596361e-11,4.0439997059085487e-07,0.1357226081555567,22697.5858043048,2.3179366180618384e-06,0.08513044699427397,5.0110314971240395e+23,5406184975.3318,0.1501650749306419,True,0.061885401981095635,0.5,0.48795003647426666
True,4.073415899711364e-05,2.7122492765798124e-24,2.2835996445286344e-13,2.5980500914943576,3.296836284539452e-13,1.0132366400108176e-13,12488824873499.799,2.5269447463246703e-11,2.4066140441187335e-11,4.0439997059085487e-07,0.12475622504543972,20863.62147818845,2.3179366180618384e-06,0.08513044699427397,5.9307152916568884e+23,5406184975.3318,0.1501650749306419,True,0.0568850631556698,0.5,0.48795003647426666
True,4.43147930942746e-05,2.291657225918899e-24,1.9294788542036428e-13,2.5980500914943576,2.785591560250574e-13,8.561127060469317e-14,17493691456938.783,2.990719546824056e-11,2.8483043303086247e-11,4.043999705908549e-07,0.11467592539740862,19177.84142058703,2.3179366180618384e-06,0.08513044699427397,7.019190338532109e+23,5406184975.3318,0.1501650749306419,True,0.05228875157364277,0.5,0.4879500364742666
True,4.8210173852552404e-05,1.9362869358854842e-24,1.6302720390322553e-13,2.5980500914943576,2.3536262255204003e-13,7.23354186488145e-14,24504246307427.656,3.53961178643287e-11,3.371058844221781e-11,4.043999705908549e-07,0.10541011369141917,17628.27234656672,2.3179366180618384e-06,0.08513044699427397,8.307435205640698e+23,5406184975.3318,0.1501650749306419,True,0.048063821844550894,0.5,0.4879500364742666
True,5.244796828789928e-05,1.6360243825633392e-24,1.3774636169036071e-13,2.5980500914943576,1.9886463214869445e-13,6.111827045833373e-14,34324264182498.668,4.189243224748149e-11,3.989755452141094e-11,4.0439997059085487e-07,0.09689297932353096,16203.908412295968,2.3179366180618384e-06,0.08513044699427397,9.832114014214258e+23,5406184975.3318,0.1501650749306419,True,0.044180266324606476,0.5,0.48795003647426666
True,5.705827541592349e-05,1.3823239369828884e-24,1.163858528187409e-13,2.5980500914943576,1.6802643296044795e-13,5.164058014170702e-14,48079630643968.914,4.9581027115361946e-11,4.722002582415423e-11,4.0439997059085487e-07,0.08906402918484323,14894.6330458307,2.3179366180618384e-06,0.08513044699427397,1.1636619918849278e+24,5406184975.3318,0.1501650749306419,True,0.040610501986837896,0.5,0.48795003647426666
True,6.207384003072083e-05,1.1679651520608637e-24,9.833774605818518e-14,2.5980500914943576,1.4197035374445915e-13,4.3632607686273965e-14,67347427189397.55,5.86807238904598e-11,5.58864037051998e-11,4.0439997059085487e-07,0.0818676580080367,13691.147093969374,2.3179366180618384e-06,0.08513044699427397,1.3772310099333337e+24,5406184975.3318,0.1501650749306419,True,0.037329174512115273,0.5,0.48795003647426666
True,6.753028527539761e-05,9.86847264908098e-25,8.308838287128113e-14,2.5980500914943576,1.1995482488800638e-13,3.6866442016725235e-14,94336746940050.69,6.945050469197491e-11,6.614333780188086e-11,4.0439997059085497e-07,0.0752527534299049,12584.902774840524,2.3179366180618384e-06,0.08513044699427397,1.6299967412784212e+24,5406184975.3318,0.1501650749306419,True,0.034312978209616506,0.5,0.48795003647426655
True,7.346636565612223e-05,8.338155659338102e-25,7.020375842334046e-14,2.5980500914943576,1.0135327295029663e-13,3.114951452695616e-14,132141971781694.42,8.219688310208767e-11,7.828274581151207e-11,4.043999705908549e-07,0.06917233296482175,11568.04296711935,2.3179366180618384e-06,0.08513044699427397,1.929153030548501e+24,5406184975.3318,0.1501650749306419,True,0.03154049048771486,0.5,0.4879500364742666
True,7.992424229674335e-05,7.045146931204802e-25,5.931716957830244e-14,2.5980500914943576,8.563628805534046e-14,2.6319118477038022e-14,185097549711470.25,9.728262770247405e-11,9.265012162140384e-11,4.0439997059085487e-07,0.06358321031074322,10633.34540467395,2.3179366180618384e-06,0.08513044699427397,2.2832140218609192e+24,5406184975.3318,0.1501650749306419,True,0.028992019699613986,0.5,0.48795003647426666
True,8.694978238897252e-05,5.952646761478776e-25,5.0118778336108626e-14,2.5980500914943576,7.235655661059587e-14,2.223777827448724e-14,259274948354719.44,1.1513708665745897e-10,1.0965436824519902e-10,4.0439997059085487e-07,0.05844568861767664,9774.171380282924,2.3179366180618384e-06,0.08513044699427397,2.7022564758069396e+24,5406184975.3318,0.1501650749306419,True,0.026649465283052634,0.5,0.48795003647426666
True,9.459288496498826e-05,5.02956202517184e-25,4.234679368151784e-14,2.5980500914943576,6.113613052867307e-14,1.8789336847155225e-14,363178761410569.3,1.3626840718684806e-10,1.2977943541604577e-10,4.0439997059085487e-07,0.05372327854004641,8984.418594090703,2.3179366180618384e-06,0.08513044699427397,3.19820655931719e+24,5406184975.3318,0.1501650749306419,True,0.024496189200715876,0.5,0.48795003647426666
True,0.00010290783530625965,4.249621248946146e-25,3.578002087519105e-14,2.5980500914943576,5.1655670627527006e-14,1.587564975233596e-14,508721778084250.56,1.6127799770099223e-10,1.5359809304856403e-10,4.0439997059085487e-07,0.04938243907042436,8258.477811906983,2.3179366180618384e-06,0.08513044699427397,3.785179270596468e+24,5406184975.3318,0.1501650749306419,True,0.022516897768259214,0.5,0.48795003647426666
True,0.00011195369050579179,3.5906269112721787e-25,3.0231566135970574e-14,2.5980500914943576,4.364535807067656e-14,1.3413791934705982e-14,712590809253390.4,1.9087764419801388e-10,1.8178823256953703e-10,4.0439997059085487e-07,0.04539233931388559,7591.193025514034,2.3179366180618384e-06,0.08513044699427397,4.4798801593390895e+24,5406184975.3318,0.1501650749306419,True,0.0206975330306242,0.5,0.48795003647426666
True,0.00012179469892225225,3.03382368938154e-25,2.554351754633187e-14,2.5980500914943576,3.687721518230473e-14,1.1333697635972866e-14,998159865191197.0,2.2590976806478183e-10,2.1515216006169698e-10,4.0439997059085487e-07,0.04172463951099078,6977.824832020263,2.3179366180618384e-06,0.08513044699427397,5.302080775391517e+24,5406184975.3318,0.1501650749306419,True,0.019025172915145258,0.5,0.48795003647426666
True,0.000132500756505161,2.5633646729928724e-25,2.158245079679913e-14,2.5980500914943576,3.115861708362714e-14,9.576166286828013e-15,1398170034668838.8,2.6737140182922773e-10,2.546394303135502e-10,4.0439997059085487e-07,0.038353289754105596,6414.016772161,2.3179366180618384e-06,0.08513044699427397,6.275181377379447e+24,5406184975.3318,0.1501650749306419,True,0.01748793945228267,0.5,0.48795003647426666
True,0.00014414790323220164,2.1658603529750173e-25,1.8235631860465794e-14,2.5980500914943576,2.632680948831416e-14,8.091177627848367e-15,1958483319173927.5,3.164425652264249e-10,3.013738716442142e-10,4.043999705908549e-07,0.035254344967436096,5895.764388463684,2.3179366180618384e-06,0.08513044699427397,7.426876916280472e+24,5406184975.3318,0.1501650749306419,True,0.01607491441211797,0.5,0.4879500364742666
True,0.00015681886318461014,1.8299975489293554e-25,1.5407808523754524e-14,2.5980500914943576,2.2244276630562953e-14,6.836468106808425e-15,2743340807179453.0,3.7451984917608325e-10,3.566855706438888e-10,4.043999705908548e-07,0.03240579483667212,5419.386783512449,2.3179366180618384e-06,0.08513044699427397,8.789945248182511e+24,5406184975.3318,0.1501650749306419,True,0.014776061757418135,0.5,0.4879500364742667
True,0.00017060363209653513,1.5462174301715374e-25,1.3018499458708578e-14,2.5980500914943576,1.8794827494635944e-14,5.776328035927369e-15,3842728049126498.5,4.432561634889794e-10,4.2214872713236134e-10,4.043999705908549e-07,0.02978740748031145,4981.5004763042425,2.3179366180618384e-06,0.08513044699427397,1.040318000917419e+25,5406184975.3318,0.1501650749306419,True,0.013582156362490275,0.5,0.4879500364742666
True,0.0001856001165514522,1.306443466421588e-25,1.099970368239604e-14,2.5980500914943576,1.5880288957914472e-14,4.880585275518432e-15,5382692088747667.0,5.246077795427972e-10,4.996264567074259e-10,4.0439997059085487e-07,0.02738058575233621,4578.995371010577,2.3179366180618384e-06,0.08513044699427397,1.2312494702473736e+25,5406184975.3318,0.1501650749306419,True,0.01248471849155083,0.5,0.48795003647426666
True,0.00020191482936553665,1.1038515655371321e-25,9.293965213447052e-15,2.5980500914943576,1.3417711732594155e-14,4.123746519147101e-15,7539793019923143.0,6.208900067864876e-10,5.913238159871311e-10,4.043999705908549e-07,0.02516823515562951,4209.012667462751,2.3179366180618384e-06,0.08513044699427397,1.4572229420692096e+25,5406184975.3318,0.1501650749306419,True,0.011475953571240788,0.5,0.4879500364742666
True,0.00021966364609696568,9.326758562896525e-26,7.852737844838783e-15,2.5980500914943576,1.1337009585664264e-14,3.484271740825482e-15,1.0561346970249614e+16,7.348430876554989e-10,6.998505596719036e-10,4.043999705908549e-07,0.023134642427984495,3868.92455646926,2.3179366180618384e-06,0.08513044699427397,1.7246697393227767e+25,5406184975.3318,0.1501650749306419,True,0.01054869682952018,0.5,0.4879500364742666
True,0.00023897262805427596,7.880445886602087e-26,6.635003493508023e-15,2.5980500914943576,9.578964648139306e-15,2.943961154631283e-15,1.4793781411672988e+16,8.69710186301583e-10,8.282954155253171e-10,4.0439997059085487e-07,0.021265363938360482,3556.3155557510167,2.3179366180618384e-06,0.08513044699427397,2.04120153743395e+25,5406184975.3318,0.1501650749306419,True,0.009696362407738284,0.5,0.48795003647426666
True,0.00025997891764920577,6.658414812914112e-26,5.60610480430058e-15,2.5980500914943576,8.09354204360288e-15,2.4874372393023e-15,2.072235379377831e+16,1.029329690737105e-09,9.803139911781952e-10,4.043999705908548e-07,0.019547123100718686,3268.965353932496,2.3179366180618384e-06,0.08513044699427397,2.41582699656966e+25,5406184975.3318,0.1501650749306419,True,0.008912896584447272,0.5,0.4879500364742667
True,0.0002828317124532835,5.62588569971774e-26,4.736758783556488e-15,2.5980500914943576,6.838465869512519e-15,2.1017070859560305e-15,2.902678732400948e+16,1.2182444553610652e-09,1.160232814629586e-09,4.043999705908548e-07,0.017967716076817308,3004.8330407379567,2.3179366180618384e-06,0.08513044699427397,2.859208152807703e+25,5406184975.3318,0.1501650749306419,True,0.008192734778730447,0.5,0.4879500364742667
True,0.0003076933248764192,4.7534722295915874e-26,4.0022233898281056e-15,2.5980500914943576,5.7780160029501756e-15,1.7757926131220702e-15,4.065920265323574e+16,1.4418310929661422e-09,1.3731724694915639e-09,4.0439997059085487e-07,0.016515925098218115,2762.0426113873573,2.3179366180618384e-06,0.08513044699427397,3.3839638652478854e+25,5406184975.3318,0.1501650749306419,True,0.007530762027660373,0.5,0.48795003647426666
True,0.0003347403349938829,4.016345059877784e-26,3.3815933624681166e-15,2.5980500914943576,4.882011487282338e-15,1.5004181248142217e-15,5.69532804972004e+16,1.7064529959447255e-09,1.625193329471167e-09,4.0439997059085487e-07,0.015181438791872807,2538.869642236732,2.3179366180618384e-06,0.08513044699427397,4.005028955327536e+25,5406184975.3318,0.1501650749306419,True,0.006922276657177418,0.5,0.48795003647426666
True,0.00036416484470964906,3.3935251666318614e-26,2.8572052470013636e-15,2.5980500914943576,4.124951566383241e-15,1.2677463193818776e-15,7.97771709164256e+16,2.019641441757356e-09,1.9234680397689103e-09,4.0439997059085487e-07,0.0139547789433997,2333.729043026445,2.3179366180618384e-06,0.08513044699427397,4.740079259633861e+25,5406184975.3318,0.1501650749306419,True,0.006362956888360256,0.5,0.48795003647426666
True,0.00039617584216382654,2.8672867706526705e-26,2.414134683992206e-15,2.5980500914943576,3.485289919807083e-15,1.0711552358148772e-15,1.1174768062291789e+17,2.390309937019714e-09,2.2764856543044896e-09,4.043999705908549e-07,0.012827233177885672,2145.163798747448,2.3179366180618384e-06,0.08513044699427397,5.610034693437979e+25,5406184975.3318,0.1501650749306419,True,0.005848830141908832,0.5,0.4879500364742666
True,0.0004310006860748974,2.4226528525555773e-26,2.0397716539862444e-15,2.5980500914943576,2.9448214432635323e-15,9.050497892772879e-16,1.565302953357871e+17,2.8290079005526924e-09,2.6942932386216116e-09,4.043999705908549e-07,0.011790793080077681,1971.8346211644737,2.3179366180618384e-06,0.08513044699427397,6.639654642401234e+25,5406184975.3318,0.1501650749306419,True,0.005376244822824338,0.5,0.4879500364742666
True,0.0004688867205593423,2.0469688989844843e-26,1.723461589775664e-15,2.5980500914943576,2.4881641218486405e-15,7.647025320729765e-16,2.1925943537555414e+17,3.3482209053476165e-09,3.1887818146167773e-09,4.0439997059085487e-07,0.010838097314460999,1812.5104364958547,2.3179366180618384e-06,0.08513044699427397,7.858242627612661e+25,5406184975.3318,0.1501650749306419,True,0.0049418443848862304,0.5,0.48795003647426666
True,0.0005101030318979338,1.729542748557547e-26,1.4562021418560671e-15,2.5980500914943576,2.102321249873075e-15,6.461191080170078e-16,3.07127127678878e+17,3.96272602448959e-09,3.774024785228181e-09,4.043999705908549e-07,0.009962379341233665,1666.0596416885674,2.3179366180618384e-06,0.08513044699427397,9.300480299092193e+25,5406184975.3318,0.1501650749306419,True,0.004542543490718842,0.5,0.4879500364742666
True,0.0005549423597261648,1.4613402873741814e-26,1.2303869668613966e-15,2.5980500914943576,1.776311537835427e-15,5.459245709740303e-16,4.3020758670983226e+17,4.690012394369397e-09,4.466678470827997e-09,4.043999705908549e-07,0.0091574193568288,1531.442067186016,2.3179366180618384e-06,0.08513044699427397,1.1007414493650006e+26,5406184975.3318,0.1501650749306419,True,0.004175506098123966,0.5,0.4879500364742666
True,0.0006037231762230813,1.2347283334186965e-26,1.0395892470621131e-15,2.5980500914943576,1.5008565791920482e-15,4.612673321299351e-16,6.026122441916316e+17,5.5507789646325035e-09,5.28645615679286e-09,4.0439997059085497e-07,0.008417500117641412,1407.7015891039632,2.3179366180618384e-06,0.08513044699427397,1.3027625449283838e+26,5406184975.3318,0.1501650749306419,True,0.003838125317037176,0.5,0.48795003647426655
True,0.0006567919480659909,1.043257392216508e-26,8.783787797785711e-16,2.5980500914943576,1.2681167820645848e-15,3.8973800228601375e-16,8.441076542302065e+17,6.569523601088358e-09,6.256689143893674e-09,4.0439997059085487e-07,0.007737366333196941,1293.9593383424576,2.3179366180618384e-06,0.08513044699427397,1.541860942410555e+26,5406184975.3318,0.1501650749306419,True,0.0035280048940415577,0.5,0.48795003647426666
True,0.0007145255972166317,8.814781008555017e-27,7.42167430978819e-16,2.5980500914943576,1.0714682503637597e-15,3.2930081938494083e-16,1.182381770031605e+18,7.775240307756384e-09,7.404990769291794e-09,4.0439997059085487e-07,0.007112187340350674,1189.4074584013258,2.3179366180618384e-06,0.08513044699427397,1.824841506985332e+26,5406184975.3318,0.1501650749306419,True,0.0032429421929322157,0.5,0.48795003647426666
True,0.0007773341780165789,7.447861362736154e-27,6.270785545895727e-16,2.5980500914943576,9.053142642497613e-16,2.7823570966018855e-16,1.6562184255727695e+18,9.202244411351891e-09,8.76404229652561e-09,4.043999705908549e-07,0.0065375227934108,1093.3033675640052,2.3179366180618384e-06,0.08513044699427397,2.1597580132033765e+26,5406184975.3318,0.1501650749306419,True,0.0029809125504507076,0.5,0.4879500364742666
True,0.0008456637896060046,6.292911738215852e-27,5.298366611258239e-16,2.5980500914943576,7.649259945647827e-16,2.3508933343895876e-16,2.319943983180172e+18,1.0891149193392922e-08,1.0372523041326592e-08,4.0439997059085487e-07,0.006009291126498706,1004.9644846967785,2.3179366180618384e-06,0.08513044699427397,2.5561423596190097e+26,5406184975.3318,0.1501650749306419,True,0.0027400548960757488,0.5,0.48795003647426666
True,0.0009199997443513106,5.317061665931246e-27,4.476741955506656e-16,2.5980500914943576,6.463079178872844e-16,1.9863372233661878e-16,3.2496559644496026e+18,1.2890021765387716e-08,1.2276211205131158e-08,4.0439997059085487e-07,0.0055237405641496385,923.7633812032836,2.3179366180618384e-06,0.08513044699427397,3.0252758515976236e+26,5406184975.3318,0.1501650749306419,True,0.002518658533734411,0.5,0.48795003647426666
True,0.0010008700147854446,4.492537943545178e-27,3.7825277121460334e-16,2.5980500914943576,5.460841018502213e-16,1.6783133063561803e-16,4.55194779005263e+18,1.5255751083913623e-08,1.4529286746584403e-08,4.0439997059085487e-07,0.00507742247425608,849.1233247009676,2.3179366180618384e-06,0.08513044699427397,3.580510273153906e+26,5406184975.3318,0.1501650749306419,True,0.002315150991550719,0.5,0.48795003647426666
True,0.0010888489835428595,3.795874195613319e-27,3.195966181511456e-16,2.5980500914943576,4.614021243440357e-16,1.4180550619289012e-16,6.376129938073105e+18,1.805566704001068e-08,1.719587337143874e-08,4.043999705908549e-07,0.004667166874092601,780.5141827683683,2.3179366180618384e-06,0.08513044699427397,4.237647885692956e+26,5406184975.3318,0.1501650749306419,True,0.0021280868533342357,0.5,0.4879500364742666
True,0.0011845615229231076,3.2072430082922736e-27,2.7003635163243307e-16,2.5980500914943576,3.8985189209478194e-16,1.198155404623489e-16,8.931348702205186e+18,2.1369456703019086e-08,2.0351863526684844e-08,4.0439997059085487e-07,0.0042900599154532095,717.4486576695009,2.3179366180618384e-06,0.08513044699427397,5.015391168616857e+26,5406184975.3318,0.1501650749306419,True,0.001956137492484058,0.5,0.48795003647426666
True,0.0012886874330582312,2.7098916307940635e-27,2.2816146060866484e-16,2.5980500914943576,3.2939704815177066e-16,1.0123558754310587e-16,1.2510565251198239e+19,2.5291432256159783e-08,2.4087078339199794e-08,4.0439997059085487e-07,0.003943423188989072,659.4788253124224,2.3179366180618384e-06,0.08513044699427397,5.9358751016489047e+26,5406184975.3318,0.1501650749306419,True,0.001798081635393119,0.5,0.48795003647426666
True,0.0014019662702061378,2.2896651833556707e-27,1.927801638274946e-16,2.5980500914943576,2.783170161060054e-16,8.55368522785108e-17,1.7524144238802854e+19,2.9933215170489e-08,2.8507823971894282e-08,4.0439997059085487e-07,0.003624794700755122,606.1929538598414,2.3179366180618384e-06,0.08513044699427397,7.025297137908453e+26,5406184975.3318,0.1501650749306419,True,0.0016527966873291472,0.5,0.48795003647426666
True,0.0015252025994629973,1.934603801973789e-27,1.6288549111761876e-16,2.5980500914943576,2.3515803158764264e-16,7.22725404700239e-17,2.454690296850939e+19,3.5426913010218e-08,3.373991715258857e-08,4.0439997059085487e-07,0.003331911385851216,557.2125793959098,2.3179366180618384e-06,0.08513044699427397,8.314662797098733e+26,5406184975.3318,0.1501650749306419,True,0.0015192507591842202,0.5,0.48795003647426666
True,0.0016592717092021373,1.6346022544336608e-27,1.3762662449218166e-16,2.5980500914943576,1.986917673733335e-16,6.106514288115184e-17,3.4384015398093836e+19,4.192887928293504e-08,3.9932265983747656e-08,4.0439997059085487e-07,0.003062693034960646,512.1898178790624,2.3179366180618384e-06,0.08513044699427397,9.840668098778798e+26,5406184975.3318,0.1501650749306419,True,0.0013964953384627502,0.5,0.48795003647426666
True,0.0018051258278263752,1.3811223401264703e-27,1.1628468342484057e-16,2.5980500914943576,1.6788037455240137e-16,5.1595691127560796e-17,4.816332701575623e+19,4.962416334202984e-08,4.726110794479032e-08,4.043999705908549e-07,0.002815227519623871,470.80489428899074,2.3179366180618384e-06,0.08513044699427397,1.1646743950231274e+27,5406184975.3318,0.1501650749306419,True,0.0012836585524534302,0.5,0.4879500364742666
True,0.001963800886988364,1.1669498884040798e-27,9.825226513481452e-17,2.5980500914943576,1.4184694480520853e-16,4.3594679670394006e-17,6.746466468123067e+19,5.8731776987865086e-08,5.593502570272865e-08,4.043999705908549e-07,0.0025877572113097553,432.763871418477,2.3179366180618384e-06,0.08513044699427397,1.3784292212749485e+27,5406184975.3318,0.1501650749306419,True,0.001179938975736716,0.5,0.4879500364742666
True,0.0021364238793148654,9.859894395174272e-28,8.301615758675e-17,2.5980500914943576,1.1985055313473564e-16,3.683439554798564e-17,9.450096707525827e+19,6.951092765791338e-08,6.620088348372703e-08,4.0439997059085487e-07,0.002378666497825487,397.796562178788,2.3179366180618384e-06,0.08513044699427397,1.6314148625435575e+27,5406184975.3318,0.1501650749306419,True,0.001084599938045535,0.5,0.48795003647426666
True,0.00232422086289333,8.330907646509443e-28,7.014273320835751e-17,2.5980500914943576,1.0126517075448938e-16,3.112243754613187e-17,1.3237200274180882e+20,8.226839560570412e-08,7.835085295781345e-08,4.0439997059085487e-07,0.002186470308400232,365.6546105907353,2.3179366180618384e-06,0.08513044699427397,1.930831422208468e+27,5406184975.3318,0.1501650749306419,True,0.0009969642920506952,0.5,0.48795003647426666
True,0.0025285256693727822,7.0390228772265466e-28,5.926560762340185e-17,2.5980500914943576,8.556184798252588e-17,2.629624035912404e-17,1.85419765026564e+20,9.736726502694196e-08,9.273072859708757e-08,4.043999705908549e-07,0.0020098035659417363,336.1097278316093,2.3179366180618384e-06,0.08513044699427397,2.285200451818268e+27,5406184975.3318,0.1501650749306419,True,0.0009164096039091005,0.5,0.4879500364742666
True,0.002750789377528488,5.9474723725786095e-28,5.007521216114416e-17,2.5980500914943576,7.229366005745198e-17,2.221844789630783e-17,2.5972629068372617e+20,1.1523725762520401e-07,1.0974976916686096e-07,4.043999705908549e-07,0.0018474114915503028,308.95207080947154,2.3179366180618384e-06,0.08513044699427397,2.7046074788949546e+27,5406184975.3318,0.1501650749306419,True,0.0008423637324155355,0.5,0.4879500364742666
True,0.002992590619576578,5.0251900355412535e-28,4.2309983370413685e-17,2.5980500914943576,6.108298742647294e-17,1.8773004056059252e-17,3.638109780942904e+20,1.3638696271588957e-07,1.2989234544370436e-07,4.043999705908549e-07,0.0016981406924277747,283.9887517486006,2.3179366180618384e-06,0.08513044699427397,3.2009890463107005e+27,5406184975.3318,0.1501650749306419,True,0.0007743007653588652,0.5,0.4879500364742666
True,0.0032556467934393785,4.2459272294785785e-28,3.5748918787282465e-17,2.5980500914943576,5.161076849584747e-17,1.5861849708565002e-17,5.096073540860741e+20,1.6141831194355896e-07,1.5373172566053233e-07,4.043999705908548e-07,0.0015609309698832528,261.0424682003969,2.3179366180618384e-06,0.08513044699427397,3.788472432527446e+27,5406184975.3318,0.1501650749306419,True,0.000711737284220556,0.5,0.4879500364742667
True,0.0035418262605968454,3.5875057282457385e-28,3.020528708960403e-17,2.5980500914943576,4.360741897141636e-17,1.3402131881812331e-17,7.138312777117512e+20,1.9104371057067697e-07,1.8194639101969235e-07,4.043999705908549e-07,0.0014348077892517162,239.9502437493674,2.3179366180618384e-06,0.08513044699427397,4.483777721314734e+27,5406184975.3318,0.1501650749306419,True,0.0006542289306854457,0.5,0.4879500364742666
True,0.0038531616161595196,3.0311865122984e-28,2.552131362613316e-17,2.5980500914943576,3.6845159348899125e-17,1.1323845722765967e-17,9.998974484059864e+20,2.2610631290317468e-07,2.153393456220711e-07,4.043999705908549e-07,0.001318875358243018,220.5622704700325,2.3179366180618384e-06,0.08513044699427397,5.306693664059729e+27,5406184975.3318,0.1501650749306419,True,0.0006013672505783559,0.5,0.4879500364742666
True,0.004191864125413969,2.5611364464169536e-28,2.15636900676116e-17,2.5980500914943576,3.113153219032807e-17,9.567842122716466e-18,1.4006039501851583e+21,2.676040189020237e-07,2.548609703828797e-07,4.0439997059085487e-07,0.0012123102645601074,202.74084491328662,2.3179366180618384e-06,0.08513044699427397,6.280640877959101e+27,5406184975.3318,0.1501650749306419,True,0.0005527767928105427,0.5,0.48795003647426666
True,0.004560339429376579,2.163977660415084e-28,1.8219780382145768e-17,2.5980500914943576,2.6303924684923053e-17,8.084144302777285e-18,1.9618926204897927e+21,3.1671787493691596e-07,3.016360713684914e-07,4.043999705908549e-07,0.0011143556275975154,186.3593900650294,2.3179366180618384e-06,0.08513044699427397,7.43333840900731e+27,5406184975.3318,0.1501650749306419,True,0.0005081124427311922,0.5,0.4879500364742666
True,0.004961204630904614,1.8284068079726118e-28,1.5394415154956443e-17,2.5980500914943576,2.2224940603632166e-17,6.830525448675723e-18,2.7481163778122087e+21,3.748456869823091e-07,3.569958923641039e-07,4.043999705908549e-07,0.0010243157226824612,171.30155633051598,2.3179366180618384e-06,0.08513044699427397,8.797592630511678e+27,5406184975.3318,0.1501650749306419,True,0.00046705697094405046,0.5,0.4879500364742666
True,0.005397306882719067,1.5448733675001758e-28,1.3007183017166683e-17,2.5980500914943576,1.8778489930747908e-17,5.771306913581225e-18,3.849417418224569e+21,4.4364180290495326e-07,4.2251600276662215e-07,4.0439997059085487e-07,0.0009415510396771235,157.4603951591461,2.3179366180618384e-06,0.08513044699427397,1.0412230929597793e+28,5406184975.3318,0.1501650749306419,True,0.00042931878017959913,0.5,0.48795003647426666
True,0.005871743609361058,1.3053078293105315e-28,1.0990142096278142e-17,2.5980500914943576,1.5866484881474556e-17,4.876342785196415e-18,5.392062206451202e+21,5.250641960675586e-07,5.000611391119605e-07,4.0439997059085487e-07,0.0008654737408457145,144.7375994403479,2.3179366180618384e-06,0.08513044699427397,1.23232067549106e+28,5406184975.3318,0.1501650749306419,True,0.00039462983421989885,0.5,0.48795003647426666
True,0.006387884506708527,1.102892033161532e-28,9.285886355022222e-18,2.5980500914943576,1.340604827238279e-17,4.120161917360569e-18,7.552918189799507e+21,6.214301902725263e-07,5.91838276450025e-07,4.0439997059085487e-07,0.000795543485725784,133.04280527545575,2.3179366180618384e-06,0.08513044699427397,1.4584907475745004e+28,5406184975.3318,0.1501650749306419,True,0.0003627437541662547,0.5,0.48795003647426666
True,0.006949395475305349,9.318651198573365e-29,7.845911785580033e-18,2.5980500914943576,1.1327154793516884e-17,3.4812430079368515e-18,1.0579732020441505e+22,7.354824120067409e-07,7.004594400064199e-07,4.043999705908549e-07,0.0007312635933498004,122.29295016640013,2.3179366180618384e-06,0.08513044699427397,1.7261702274959967e+28,5406184975.3318,0.1501650749306419,True,0.0003334340685283983,0.5,0.4879500364742666
True,0.007560264657489693,7.873595741892028e-29,6.6292359602064435e-18,2.5980500914943576,9.57063805152834e-18,2.941402091321896e-18,1.4819534226588317e+22,8.70466847022717e-07,8.2901604478354e-07,4.0439997059085487e-07,0.0006721775145591271,112.41168306273437,2.3179366180618384e-06,0.08513044699427397,2.0429774129515904e+28,5406184975.3318,0.1501650749306419,True,0.0003064926047064198,0.5,0.48795003647426666
True,0.008224830763250849,6.652626929123738e-29,5.601231649948434e-18,2.5980500914943576,8.086506663243277e-18,2.4852750132948424e-18,2.0758426987440544e+22,1.0302252227871417e-06,9.811668788448969e-07,4.043999705908548e-07,0.0006178655893549406,103.32882207684683,2.3179366180618384e-06,0.08513044699427397,2.4179288017757466e+28,5406184975.3318,0.1501650749306419,True,0.0002817280104409163,0.5,0.4879500364742667
True,0.008947813885999509,5.620995350653756e-29,4.7326413156376786e-18,2.5980500914943576,6.832521474807569e-18,2.0998801591698912e-18,2.9077316763423252e+22,1.219304346049515e-06,1.1612422343328713e-06,4.043999705908548e-07,0.0005679420662550994,94.97985601576804,2.3179366180618384e-06,0.08513044699427397,2.8616957061753086e+28,5406184975.3318,0.1501650749306419,True,0.00025896439472992765,0.5,0.4879500364742667
True,0.009734349027120986,4.74934023336745e-29,3.998744423056832e-18,2.5980500914943576,5.772993413324309e-18,1.7742489902674772e-18,4.072998164417768e+22,1.4430855073351369e-06,1.3743671498429874e-06,4.043999705908549e-07,0.0005220523624869068,87.30548618919588,2.3179366180618384e-06,0.08513044699427397,3.3869079638440603e+28,5406184975.3318,0.1501650749306419,True,0.00023804007855974992,0.5,0.4879500364742666
True,0.01059002256742026,4.012853817724545e-29,3.3786538836344627e-18,2.5980500914943576,4.877767757213609e-18,1.4991138735791465e-18,5.7052423998827655e+22,1.7079376352818606e-06,1.62660727169701e-06,4.043999705908549e-07,0.0004798705455562192,80.25120523941912,2.3179366180618384e-06,0.08513044699427397,4.008513389734794e+28,5406184975.3318,0.1501650749306419,True,0.00021880644657666377,0.5,0.4879500364742666
True,0.011520911944497985,3.3905753159757996e-29,2.8547215970036427e-18,2.5980500914943576,4.121365917099138e-18,1.2666443200954953e-18,7.991604593829515e+22,2.0213985596729823e-06,1.92514148540284e-06,4.0439997059085497e-07,0.00044109701830570417,73.76691000177206,2.3179366180618384e-06,0.08513044699427397,4.744203198673921e+28,5406184975.3318,0.1501650749306419,True,0.00020112689154355595,0.5,0.48795003647426655
True,0.012533628817866614,2.864794357204644e-29,2.4120361768553142e-18,2.5980500914943576,3.4822603018577e-18,1.0702241250023855e-18,1.1194220947637446e+23,2.3923895420067163e-06,2.278466230482587e-06,4.0439997059085487e-07,0.0004054563910203324,67.8065456459545,2.3179366180618384e-06,0.08513044699427397,5.6149155065681295e+28,5406184975.3318,0.1501650749306419,True,0.00018487584408442026,0.5,0.48795003647426666
True,0.01363536602838792,2.4205469409281072e-29,2.0379985651018904e-18,2.5980500914943576,2.942261632140923e-18,9.042630670390326e-19,1.56802781160219e+23,2.8314691792543136e-06,2.6966373135755367e-06,4.0439997059085497e-07,0.0003726955254666859,62.32777857072319,2.3179366180618384e-06,0.08513044699427397,6.6454312401103664e+28,5406184975.3318,0.1501650749306419,True,0.0001699378808254741,0.5,0.48795003647426655
True,0.014833948685562074,2.045189553833612e-29,1.7219634561088542e-18,2.5980500914943576,2.486001263992333e-18,7.640378078834791e-19,2.1964111923991163e+23,3.351133907040204e-06,3.1915561019430513e-06,4.0439997059085487e-07,0.0003425817369738377,57.29169572868326,2.3179366180618384e-06,0.08513044699427397,7.865079414886296e+28,5406184975.3318,0.1501650749306419,True,0.00015620690459845047,0.5,0.48795003647426666
True,0.01613788974551674,1.728039328791668e-29,1.4549363257407916e-18,2.5980500914943576,2.1004937892197187e-18,6.455574634789269e-19,3.0766177043548606e+23,3.966173654721562e-06,3.7773082425919637e-06,4.0439997059085487e-07,0.0003149011417860514,52.66252824562908,2.3179366180618384e-06,0.08513044699427397,9.308571854464145e+28,5406184975.3318,0.1501650749306419,True,0.00014358539088344158,0.5,0.48795003647426666
True,0.017556450474439968,1.4600700048821462e-29,1.229317442510405e-18,2.5980500914943576,1.774767463901103e-18,5.45450021390698e-19,4.309564862675203e+23,4.6940927744964264e-06,4.470564547139453e-06,4.0439997059085487e-07,0.0002894571379493347,48.40739737143439,2.3179366180618384e-06,0.08513044699427397,1.1016991107009022e+29,5406184975.3318,0.1501650749306419,True,0.00013198369513914057,0.5,0.48795003647426666
True,0.01909970622689944,1.2336550352978509e-29,1.0386855752542154e-18,2.5980500914943576,1.4995519468267689e-18,4.608663715725535e-19,6.036612634490136e+23,5.555608224402457e-06,5.291055451811864e-06,4.0439997059085487e-07,0.00026606900894232205,44.49608095810414,2.3179366180618384e-06,0.08513044699427397,1.3038959676043927e+29,5406184975.3318,0.1501650749306419,True,0.0001213194161007817,0.5,0.48795003647426666
True,0.020778618006240163,1.0423505318421917e-29,8.776152415424997e-19,2.5980500914943576,1.267014460750363e-18,3.893992192078633e-19,8.45577065436377e+23,6.575239183754619e-06,6.26213255595678e-06,4.043999705908549e-07,0.00024457064013374093,40.900798806392984,2.3179366180618384e-06,0.08513044699427397,1.5432023842275478e+29,5406184975.3318,0.1501650749306419,True,0.00011151681052358832,0.5,0.4879500364742666
True,0.02260511031531905,8.807118685081833e-30,7.415222956178947e-19,2.5980500914943576,1.0705368674607056e-18,3.2901457184281087e-19,1.1844400442507208e+24,7.782004881784516e-06,7.411433220747158e-06,4.0439997059085487e-07,0.0002248093389500854,37.596015356412046,2.3179366180618384e-06,0.08513044699427397,1.8264291460775028e+29,5406184975.3318,0.1501650749306419,True,0.00010250625521493723,0.5,0.48795003647426666
True,0.024592155850513473,7.441387245808083e-30,6.265334612147402e-19,2.5980500914943576,9.045273121143833e-19,2.779938508996431e-19,1.6591015482434533e+24,9.210250500049043e-06,8.771667142903851e-06,4.043999705908549e-07,0.00020664475037370612,34.558258320828706,2.3179366180618384e-06,0.08513044699427397,2.1616370346078456e+29,5406184975.3318,0.1501650749306419,True,9.422375253430753e-05,0.5,0.4879500364742666
True,0.026753867640544104,6.287441571086386e-30,5.2937609609516e-19,2.5980500914943576,7.642610761286108e-19,2.3488498003345074e-19,2.323982510338998e+24,1.090062465422166e-05,1.0381547289734913e-05,4.0439997059085487e-07,0.0001899478600686267,31.765951972499156,2.3179366180618384e-06,0.08513044699427397,2.5583662412655793e+29,5406184975.3318,0.1501650749306419,True,8.661047584882122e-05,0.5,0.48795003647426666
True,0.02910559928452991,5.312439764789095e-30,4.472850509430367e-19,2.5980500914943576,6.4574610922461555e-19,1.9846105828157879e-19,3.255312921671165e+24,1.2901236274908308e-05,1.2286891690388865e-05,4.0439997059085487e-07,0.00017460007805376854,29.199263902456,2.3179366180618384e-06,0.08513044699427397,3.0279078863185627e+29,5406184975.3318,0.1501650749306419,True,7.961235171596398e-05,0.5,0.48795003647426666
True,0.03166405400121802,4.488632766671743e-30,3.779239717713883e-19,2.5980500914943576,5.456094135933174e-19,1.6768544182192918e-19,4.5598717592988553e+24,1.5269023812919693e-05,1.4541927440875897e-05,4.043999705908549e-07,0.0001604923964153532,26.839964159846108,2.3179366180618384e-06,0.08513044699427397,3.583625370030985e+29,5406184975.3318,0.1501650749306419,True,7.317967582593089e-05,0.5,0.4879500364742666
True,0.03444740326391264,3.792574599636741e-30,3.1931880606859607e-19,2.5980500914943576,4.610010466173741e-19,1.4168224054877804e-19,6.387229418969946e+24,1.8071375737296515e-05,1.721083403552049e-05,4.043999705908549e-07,0.00014752461507612117,24.671295773357908,2.3179366180618384e-06,0.08513044699427397,4.241334702009008e+29,5406184975.3318,0.1501650749306419,True,6.726675997582042e-05,0.5,0.4879500364742666
True,0.037475415863710185,3.204455084989047e-30,2.6980162023369343e-19,2.5980500914943576,3.8951301001694503e-19,1.1971138978325157e-19,8.946896273422515e+24,2.138804844630758e-05,2.036956994886436e-05,4.0439997059085487e-07,0.00013560463012237574,22.677855734513635,2.3179366180618384e-06,0.08513044699427397,5.0197546330883315e+29,5406184975.3318,0.1501650749306419,True,6.183160756830353e-05,0.5,0.48795003647426666
True,0.04076959831771378,2.707536034412006e-30,2.279631293156244e-19,2.5980500914943576,3.291107169619661e-19,1.011475876463417e-19,1.2532343474252516e+25,2.5313436176167673e-05,2.410803445349302e-05,4.0439997059085487e-07,0.00012464777963418512,20.84548559750884,2.3179366180618384e-06,0.08513044699427397,5.941039400751881e+29,5406184975.3318,0.1501650749306419,True,5.6835615329992865e-05,0.5,0.48795003647426666
True,0.044353347619480454,2.2876748723924003e-30,1.9261258802804755e-19,2.5980500914943576,2.780750866691396e-19,8.546249864109204e-20,1.7554650032458513e+25,2.9959257510263217e-05,2.853262620025068e-05,4.043999705908549e-07,0.0001145762423724841,19.16117091858147,2.3179366180618384e-06,0.08513044699427397,7.031409250290575e+29,5406184975.3318,0.1501650749306419,True,5.224329913095853e-05,0.5,0.4879500364742666
True,0.048252117416612984,1.932922131140583e-30,1.6274390151705793e-19,2.5980500914943576,2.349536184656837e-19,7.220971694862578e-20,2.458963388573072e+25,3.545773494833955e-05,3.3769271379370996e-05,4.0439997059085487e-07,0.00010531848505224306,17.612948820677445,2.3179366180618384e-06,0.08513044699427397,8.321896676668198e+29,5406184975.3318,0.1501650749306419,True,4.802204195802017e-05,0.5,0.48795003647426666
True,0.05249359879577628,1.6331813625009726e-30,1.3750699137658203e-19,2.5980500914943576,1.98519052862151e-19,6.101206148556896e-20,3.444387062779829e+25,4.1965358027848324e-05,3.996700764556983e-05,4.0439997059085487e-07,9.68087542759504e-05,16.189823026888842,2.3179366180618384e-06,0.08513044699427397,9.849229625523388e+29,5406184975.3318,0.1501650749306419,True,4.414186225179036e-05,0.5,0.48795003647426666
True,0.05710791695916732,1.3799217877683545e-30,1.1618360197329757e-19,2.5980500914943576,1.6773444310687005e-19,5.155084113357248e-20,4.824716908505738e+25,4.966733709785274e-05,4.7302225807478797e-05,4.043999705908549e-07,8.898660951885525e-05,14.881685759187867,2.3179366180618384e-06,0.08513044699427397,1.1656876789670266e+30,5406184975.3318,0.1501650749306419,True,4.05752009620785e-05,0.5,0.4879500364742666
True,0.06212784518933688,1.165935507273876e-30,9.816685851646449e-20,2.5980500914943576,1.4172364314022938e-19,4.35567846237649e-20,6.758210625850652e+25,5.878287450221999e-05,5.598369000211427e-05,4.0439997059085487e-07,8.179649384899057e-05,13.679245947741107,2.3179366180618384e-06,0.08513044699427397,1.3796284750781465e+30,5406184975.3318,0.1501650749306419,True,3.729672580921258e-05,0.5,0.48795003647426666
True,0.0675890376220525,9.85132359798781e-31,8.294399508466239e-20,2.5980500914943576,1.1974637202057423e-19,3.680237693591184e-20,9.466547308266037e+25,6.957140319272586e-05,6.625847923116749e-05,4.043999705908549e-07,7.518733933300694e-05,12.573963240909295,2.3179366180618384e-06,0.08513044699427397,1.6328342175951672e+30,5406184975.3318,0.1501650749306419,True,3.428315136104077e-05,0.5,0.4879500364742666
True,0.07353028248047594,8.323665934077714e-31,7.008176104006284e-20,2.5980500914943576,1.0117714514226679e-19,3.1095384102203947e-20,1.3260243413671122e+26,8.233997032625573e-05,7.84190193583388e-05,4.043999705908549e-07,6.911220432520416e-05,11.557987347237274,2.3179366180618384e-06,0.08513044699427397,1.932511274093986e+30,5406184975.3318,0.1501650749306419,True,3.1513073647706546e-05,0.5,0.4879500364742666
True,0.07999377756925682,7.032904146634374e-31,5.921409048916973e-20,2.5980500914943576,8.548747261737864e-20,2.627338212820891e-20,1.8574254124972724e+26,9.745197598713349e-05,9.28114057020319e-05,4.043999705908549e-07,6.352794006359919e-05,10.624102278609508,2.3179366180618384e-06,0.08513044699427397,2.2871886099990505e+30,5406184975.3318,0.1501650749306419,True,2.8966818139545352e-05,0.5,0.4879500364742666
True,0.08702542998524213,5.942302481560069e-31,5.003168385644836e-20,2.5980500914943576,7.223081817767266e-20,2.2199134321224295e-20,2.601784187033646e+26,0.00011533751574317204,0.00010984525308873527,4.043999705908549e-07,5.839488420502395e-05,9.765675098557331,2.3179366180618384e-06,0.08513044699427397,2.7069605273904174e+30,5406184975.3318,0.1501650749306419,True,2.6626300008363674e-05,0.5,0.4879500364742666
True,0.09467518217350566,5.020821846299887e-31,4.2273205056985965e-20,2.5980500914943576,6.1029890519367e-20,1.875668546238104e-20,3.644442953322778e+26,0.0001365056213899943,0.00013000535370475647,4.043999705908549e-07,5.3676579122577685e-05,8.976608811701372,2.3179366180618384e-06,0.08513044699427397,3.2037739541090387e+30,5406184975.3318,0.1501650749306419,True,2.447489567960241e-05,0.5,0.4879500364742666
True,0.1029973666445142,4.242236421068896e-31,3.5717843735128694e-20,2.5980500914943576,5.156590539572834e-20,1.5848061660599645e-20,5.1049447168664355e+26,0.00016155874826159143,0.00015386547453484896,4.0439997059085487e-07,4.933951296463849e-05,8.251299059725895,2.3179366180618384e-06,0.08513044699427397,3.7917684595579936e+30,5406184975.3318,0.1501650749306419,True,2.249732476308238e-05,0.5,0.48795003647426666
True,0.11205109187181692,3.5843872583342275e-31,3.017903088652236e-20,2.5980500914943576,4.356951285104132e-20,1.3390481964518963e-20,7.150739055608542e+26,0.00019120992142353965,0.00018210468707003776,4.0439997059085487e-07,4.535288163629949e-05,7.584594316317239,2.3179366180618384e-06,0.08513044699427397,4.4876786742269246e+30,5406184975.3318,0.1501650749306419,True,2.067954152374233e-05,0.5,0.48795003647426666
True,0.1219006621111034,3.0285516276039017e-31,2.549912900688121e-20,2.5980500914943576,3.6813131380299745e-20,1.1314002373418535e-20,1.0016380563821727e+27,0.00022630302873848278,0.00021552669403665026,4.043999705908549e-07,4.168837001269865e-05,6.971759298350138,2.3179366180618384e-06,0.08513044699427397,5.311310566009288e+30,5406184975.3318,0.1501650749306419,True,1.9008635121538395e-05,0.5,0.4879500364742666
True,0.13261603412240283,2.5589101567459657e-31,2.1544945646347725e-20,2.5980500914943576,3.1104470840803204e-20,9.559525194455479e-21,1.4030421026287424e+27,0.00026783683835511236,0.0002550827031953451,4.043999705908549e-07,3.8319950830305804e-05,6.408441333449258,2.3179366180618384e-06,0.08513044699427397,6.286105128384981e+30,5406184975.3318,0.1501650749306419,True,1.7472737911957102e-05,0.5,0.4879500364742666
True,0.14427331403930435,2.162096604401699e-31,1.820394268285833e-20,2.5980500914943576,2.628105977434227e-20,8.077117091483938e-21,1.9653078566713453e+27,0.00031699342417092495,0.0003018984992104047,4.0439997059085487e-07,3.522369982778789e-05,5.8906394450507715,2.3179366180618384e-06,0.08513044699427397,7.439805523328351e+30,5406184975.3318,0.1501650749306419,True,1.6060941155844246e-05,0.5,0.48795003647426666
True,0.15695529791421722,1.8268174497809975e-31,1.5381033428458297e-20,2.5980500914943576,2.2205621384707528e-20,6.824587956249232e-21,2.752900261693821e+27,0.000375171808272243,0.00035730648406880283,4.0439997059085487e-07,3.237762582348813e-05,5.4146759353902745,2.3179366180618384e-06,0.08513044699427397,8.805246666176524e+30,5406184975.3318,0.1501650749306419,True,1.476321753987772e-05,0.5,0.48795003647426666
True,0.1707520597789095,1.5435304731667367e-31,1.2995876412537965e-20,2.5980500914943576,1.8762166568426406e-20,5.766290155888439e-21,3.8561184320860553e+27,0.00044402777783292204,0.0004228835979361162,4.043999705908549e-07,2.9761514522639557e-05,4.977170264584384,2.3179366180618384e-06,0.08513044699427397,1.042128972445601e+31,5406184975.3318,0.1501650749306419,True,1.3570349957383707e-05,0.5,0.4879500364742666
True,0.18576159139703224,1.3041731793617056e-31,1.0980588821650412e-20,2.5980500914943576,1.5852692804345655e-20,4.872103982695244e-21,5.401448635529109e+27,0.0005255210096814452,0.0005004961996966145,4.0439997059085487e-07,2.735678494495187e-05,4.5750150402819,2.3179366180618384e-06,0.08513044699427397,1.2333928126991462e+31,5406184975.3318,0.1501650749306419,True,1.2473866043661187e-05,0.5,0.48795003647426666
True,0.2020904982524852,1.1019333348676232e-31,9.277814519213895e-21,2.5980500914943576,1.3394394950733573e-20,4.116580431519677e-21,7.566066207794356e+27,0.0006219708437261854,0.0005923531845011289,4.043999705908549e-07,2.5146357452845456e-05,4.2053539473505275,2.3179366180618384e-06,0.08513044699427397,1.4597596560893232e+31,5406184975.3318,0.1501650749306419,True,1.1465978000850465e-05,0.5,0.4879500364742666
True,0.21985475671689472,9.310550881645698e-32,7.839091659931436e-21,2.5980500914943576,1.1317308567731518e-20,3.4782169078000816e-21,1.0598149075080506e+28,0.0007361222925796212,0.0007010688500758297,4.0439997059085487e-07,2.3114532443000442e-05,3.86556146084428,2.3179366180618384e-06,0.08513044699427397,1.7276720211161125e+31,5406184975.3318,0.1501650749306419,True,1.0539527284950676e-05,0.5,0.48795003647426666
True,0.23918053777399972,7.866751551728604e-32,6.6234734403823105e-21,2.5980500914943576,9.562318692882398e-21,2.938845252500087e-21,1.48453318716561e+28,0.0008712241660498663,0.0008297373009998727,4.0439997059085487e-07,2.1246878839625456e-05,3.5532241981626154,2.3179366180618384e-06,0.08513044699427397,2.044754833507187e+31,5406184975.3318,0.1501650749306419,True,9.687933762124828e-06,0.5,0.48795003647426666
True,0.26020510315146445,6.646844076500629e-32,5.596362731627201e-21,2.5980500914943576,8.079477398447951e-21,2.4831146668207503e-21,2.079456297683134e+28,0.0010311215339633066,0.0009820205085364824,4.043999705908549e-07,1.9530131597467218e-05,3.2661237779545846,2.3179366180618384e-06,0.08513044699427397,2.420032435583447e+31,5406184975.3318,0.1501650749306419,True,8.905148973174024e-06,0.5,0.4879500364742666
True,0.28307778022491015,5.616109252567365e-32,4.7285274268629384e-21,2.5980500914943576,6.826582247318366e-21,2.098054820455427e-21,2.9127934163802726e+28,0.001220365158858533,0.0011622525322462218,4.0439997059085497e-07,1.7952097486574274e-05,3.002221064023088,2.3179366180618384e-06,0.08513044699427397,2.8641854237511176e+31,5406184975.3318,0.1501650749306419,True,8.185613174240936e-06,0.5,0.48795003647426655
True,0.307961022618444,4.7452118289162365e-32,3.9952684804070654e-21,2.5980500914943576,5.7679751896272676e-21,1.772706709220202e-21,4.080088384623112e+28,0.001444341013063176,0.0013755628695839772,4.0439997059085487e-07,1.650156848964911e-05,2.7596416823212113,2.3179366180618384e-06,0.08513044699427397,3.3898546238495377e+31,5406184975.3318,0.1501650749306419,True,7.524215848623202e-06,0.5,0.48795003647426666
True,0.33503156403461193,4.009365610363275e-32,3.3757169599678136e-21,2.5980500914943576,4.873527716043376e-21,1.497810756075562e-21,5.715174008812408e+28,0.0017094235662771732,0.0016280224440734983,4.043999705908549e-07,1.5168242196892322e-05,2.5366627081749367,2.3179366180618384e-06,0.08513044699427397,4.012000855651518e+31,5406184975.3318,0.1501650749306419,True,6.916259409231423e-06,0.5,0.4879500364742666
True,0.36448167350888566,3.3876280295025443e-32,2.852240105939836e-21,2.5980500914943576,4.117783384671215e-21,1.265543278731378e-21,8.005516271192751e+28,0.0020231572063071734,0.0019268163869592128,4.0439997059085487e-07,1.394264863294078e-05,2.3317004291778325,2.3179366180618384e-06,0.08513044699427397,4.748330725601924e+31,5406184975.3318,0.1501650749306419,True,6.357425833887406e-06,0.5,0.48795003647426666
True,0.3965205210041451,2.8623041103082364e-32,2.4099394938636255e-21,2.5980500914943576,3.479233317429524e-21,1.0692938235658987e-21,1.1213707696303235e+29,0.0023944709562808055,0.0022804485297912435,4.0439997059085487e-07,1.2816082996187499e-05,2.1432990968435632,2.3179366180618384e-06,0.08513044699427397,5.619800566077867e+31,5406184975.3318,0.1501650749306419,True,5.843745996489503e-06,0.5,0.48795003647426666
True,0.43137566304431935,2.4184428598822564e-32,2.0362270174901523e-21,2.5980500914943576,2.939704046155936e-21,9.034770286657834e-22,1.5707574132429457e+29,0.002833932599304795,0.0026989834279093285,4.043999705908549e-07,1.1780543832762598e-05,1.9701205871245662,2.3179366180618384e-06,0.08513044699427397,6.651212863544921e+31,5406184975.3318,0.1501650749306419,True,5.3715714762189544e-06,0.5,0.4879500364742666
True,0.4692946589389276,2.0434117553936684e-32,1.720466624707494e-21,2.5980500914943576,2.4838402862186403e-21,7.633736615111456e-22,2.2002346753438612e+29,0.003354049443087334,0.003194332802940318,4.0439997059085487e-07,1.0828676206054938e-05,1.8109348963605434,2.3179366180618384e-06,0.08513044699427397,7.871922150265943e+31,5406184975.3318,0.1501650749306419,True,4.9375486445616095e-06,0.5,0.48795003647426666
True,0.5105468290777841,1.7265372158862335e-32,1.4536716099469625e-21,2.5980500914943576,2.09866791710211e-21,6.4499630715514725e-22,3.081973438909828e+29,0.003969624284442797,0.0037805945566121873,4.043999705908549e-07,9.953719458134938e-06,1.6646114051540668,2.3179366180618384e-06,0.08513044699427397,9.316670449608862e+31,5406184975.3318,0.1501650749306419,True,4.538594846097602e-06,0.5,0.4879500364742666
True,0.5554251677841955,1.4588008265939973e-32,1.2282488478525732e-21,2.5980500914943576,1.7732247321662103e-21,5.44975884313637e-22,4.317066894994405e+29,0.004698176704614469,0.004474454004394732,4.0439997059085497e-07,9.149459192052904e-06,1.53011084812478,2.3179366180618384e-06,0.08513044699427397,1.1026576052163186e+32,5406184975.3318,0.1501650749306419,True,4.171876503882544e-06,0.5,0.48795003647426655
True,0.6042484243127103,1.2325826701505378e-32,1.0377826889707329e-21,2.5980500914943576,1.498248448524284e-21,4.604657595535511e-22,6.047121088249557e+29,0.0055604416856998235,0.005295658748285546,4.043999705908549e-07,8.410183133966571e-06,1.4064779325072816,2.3179366180618384e-06,0.08513044699427397,1.3050303763748898e+32,5406184975.3318,0.1501650749306419,True,3.834788993913415e-06,0.5,0.4879500364742666
True,0.6573633667717687,1.0414444597639774e-32,8.768523670185412e-22,2.5980500914943576,1.2659130976383293e-21,3.8906073061978816e-22,8.470490345737372e+29,0.006580959739062322,0.006267580703868877,4.043999705908549e-07,7.730640561607394e-06,1.2928345531660708,2.3179366180618384e-06,0.08513044699427397,1.5445449931187593e+32,5406184975.3318,0.1501650749306419,True,3.5249381457369925e-06,0.5,0.4879500364742666
True,0.7151472450507887,8.79946302214859e-33,7.408777210463778e-22,2.5980500914943576,1.0696062941701728e-21,3.287285731237951e-22,1.1865019014858035e+30,0.007788775341092068,0.007417881277230541,4.0439997059085487e-07,7.106005010925724e-06,1.1883735558371162,2.3179366180618384e-06,0.08513044699427397,1.8280181664391573e+32,5406184975.3318,0.1501650749306419,True,3.24012323780866e-06,0.5,0.48795003647426666
True,0.7780104702446848,7.434918756561293e-33,6.259888416669665e-22,2.5980500914943576,9.037410440438518e-22,2.777522023768853e-22,1.6619896898151514e+30,0.009218263554161736,0.008779298623011177,4.0439997059085497e-07,6.531839996038089e-06,1.09235300429934,2.3179366180618384e-06,0.08513044699427397,2.1635176907887196e+32,5406184975.3318,0.1501650749306419,True,2.9783213668257632e-06,0.5,0.48795003647426655
True,0.846399529606477,6.281976158946293e-33,5.289159314145721e-22,2.5980500914943576,7.635967356784534e-22,2.346808042638812e-22,2.3280280677113686e+30,0.010910108358841418,0.01039057938937278,4.043999705908549e-07,6.0040674990017675e-06,1.004090910758488,2.3179366180618384e-06,0.08513044699427397,2.5605920577220625e+32,5406184975.3318,0.1501650749306419,True,2.7376730800184186e-06,0.5,0.4879500364742666
False,0.9208001577315016,5.307821881273881e-33,4.468962446026728e-22,2.5980500914943576,6.451847889189122e-22,1.9828854431623938e-22,3.26097972644747e+30,0.012912460541217993,0.01229758146782666,4.0439997059085487e-07,5.518939005614786e-06,0.9229603920158501,2.3179366180618384e-06,0.08513044699427397,3.0305422109486242e+32,5406184975.3318,0.1501650749306419,False,2.51646916835083e-06,0.5,0.48795003647426666
False,1.0017407864966161,4.484730984406567e-33,3.775954581398898e-22,2.5980500914943576,5.45135137963224e-22,1.675396798233342e-22,4.567809522483744e+30,0.015282308089396238,0.014554579132758321,4.0439997059085487e-07,5.073008881522464e-06,0.848385217018409,2.3179366180618384e-06,0.08513044699427397,3.586743177088407e+32,5406184975.3318,0.1501650749306419,False,2.3131385268315938e-06,0.5,0.48795003647426666
False,1.089796298257657,3.789277871862061e-33,3.1904123547656475e-22,2.5980500914943576,4.606003175309414e-22,1.415590820543767e-22,6.398348221693281e+30,0.018087098101381295,0.017225807715601234,4.0439997059085487e-07,4.663109899533857e-06,0.7798357141668261,2.3179366180618384e-06,0.08513044699427397,4.245024725909776e+32,5406184975.3318,0.1501650749306419,False,2.12623699571061e-06,0.5,0.48795003647426666
False,1.1855921089623183,3.201669585111892e-33,2.6956709287722096e-22,2.5980500914943576,3.8917442251523995e-22,1.1960732963801897e-22,8.962470909641915e+30,0.021406656364687693,0.02038729177589304,4.0439997059085497e-07,4.2863307443303425e-06,0.7168250093128233,2.3179366180618384e-06,0.08513044699427397,5.02412189383842e+32,5406184975.3318,0.1501650749306419,False,1.9544371033069612e-06,0.5,0.48795003647426655
False,1.2898086101788073,2.7051824856521623e-33,2.2776497042374936e-22,2.5980500914943576,3.2882463466798646e-22,1.0105966424423713e-22,1.2554159608543452e+31,0.02533545923991135,0.024129008799915568,4.0439997059085487e-07,3.939995334793223e-06,0.6589055677262894,2.3179366180618384e-06,0.08513044699427397,5.946208192871445e+32,5406184975.3318,0.1501650749306419,False,1.7965186376160676e-06,0.5,0.48795003647426666
False,1.4031860015899118,2.285686291523886e-33,1.9244515789529136e-22,2.5980500914943576,2.778333675314973e-22,8.538820963620591e-23,1.7585208930187843e+31,0.029985322507258102,0.028557450006912476,4.0439997059085497e-07,3.621643817086644e-06,0.6056660154713402,2.3179366180618384e-06,0.08513044699427397,7.037526680300838e+32,5406184975.3318,0.1501650749306419,False,1.65135997973069e-06,0.5,0.48795003647426655
False,1.5265295482753287,1.9312419221140735e-33,1.6260243499446345e-22,2.5980500914943576,2.3474938303157224e-22,7.214694803710882e-23,2.4632439188355744e+31,0.03548858370200299,0.03379865114476475,4.0439997059085487e-07,3.3290150934989035e-06,0.5567282176151104,2.3179366180618384e-06,0.08513044699427397,8.329136849819841e+32,5406184975.3318,0.1501650749306419,False,1.5179301375213046e-06,0.5,0.48795003647426666
False,1.6607153001222132,1.6317617056906983e-33,1.3738746225308705e-22,2.5980500914943576,1.9834648848452834e-22,6.095902623144128e-23,3.450383005267837e+31,0.04200186850980905,0.04000177953315147,4.0439997059085487e-07,3.060030762952961e-06,0.5117445925172011,2.3179366180618384e-06,0.08513044699427397,9.857798600922833e+32,5406184975.3318,0.1501650749306419,False,1.3952814229948882e-06,0.5,0.48795003647426666
False,1.8066963139861723,1.3787222790006022e-33,1.1608260838766733e-22,2.5980500914943576,1.675886385134908e-22,5.150603012582345e-23,4.83311571055006e+31,0.049710548415481524,0.047343379443315736,4.043999705908549e-07,2.812780359123225e-06,0.47039564312446364,2.3179366180618384e-06,0.08513044699427397,1.1667018444829386e+33,5406184975.3318,0.1501650749306419,False,1.2825427213229149e-06,0.5,0.4879500364742666
False,1.9655094227957095,1.1649220079031151e-33,9.808152613854537e-23,2.5980500914943576,1.416004486562734e-22,4.351892251772802e-23,6.769975227649367e+31,0.05883401647216761,0.05603239664015963,4.0439997059085487e-07,2.585507781312136e-06,0.4323876877371023,2.3179366180618384e-06,0.08513044699427397,1.3808287722498796e+33,5406184975.3318,0.1501650749306419,False,1.1789133037317142e-06,0.5,0.48795003647426666
False,2.138282599677844,9.842760251039857e-34,8.28718953104448e-23,2.5980500914943576,1.196422814667343e-22,3.67703861562895e-23,9.48302654598977e+31,0.06963193134214739,0.06631612508775941,4.043999705908549e-07,2.3765988217115306e-06,0.39745077412881,2.3179366180618384e-06,0.08513044699427397,1.6342548075066482e+33,5406184975.3318,0.1501650749306419,False,1.083657140311113e-06,0.5,0.4879500364742666
False,2.3262429694086837,8.316430516566179e-34,7.002084187234462e-23,2.5980500914943576,1.0108919604705714e-22,3.1068354174712514e-23,1.3283326666347481e+32,0.08241160731787264,0.07848724506464061,4.043999705908549e-07,2.184569700460999e-06,0.36533676220595007,2.3179366180618384e-06,0.08513044699427397,1.934192587475486e+33,5406184975.3318,0.1501650749306419,False,9.960976723480066e-07,0.5,0.4879500364742666
False,2.53072552409051,7.026790734800873e-34,5.916261813664524e-23,2.5980500914943576,8.541316190365089e-23,2.625054376700566e-23,1.860658793573818e+32,0.09753676064711306,0.09289215299725052,4.0439997059085487e-07,2.008056527073176e-06,0.3358175615878162,2.3179366180618384e-06,0.08513044699427397,2.2891784979068495e+33,5406184975.3318,0.1501650749306419,False,9.156130070552181e-07,0.5,0.48795003647426666
False,2.753182604958582,5.937137084513327e-34,4.9988193389102155e-23,2.5980500914943576,7.216803092373255e-23,2.2179837534630397e-23,2.606313337813545e+32,0.11543786108718504,0.10994082008303337,4.0439997059085487e-07,1.8458056133756088e-06,0.30868351159036483,2.3179366180618384e-06,0.08513044699427397,2.709315623072863e+33,5406184975.3318,0.1501650749306419,False,8.416315005661469e-07,0.5,0.48795003647426666
False,2.9951942176623927,5.016457454144227e-34,4.2236458713420456e-23,2.5980500914943576,6.097683976719984e-23,1.8740381053779385e-23,3.65078715040361e+32,0.13662438329889992,0.1301184602846666,4.0439997059085487e-07,1.6966645691666591e-06,0.2837418921072172,2.3179366180618384e-06,0.08513044699427397,3.206561284818335e+33,5406184975.3318,0.1501650749306419,False,7.736276978233292e-07,0.5,0.48795003647426666
False,3.2584792542858563,4.238548820925863e-34,3.568679569522871e-23,2.5980500914943576,5.1521081293241133e-23,1.583428559801242e-23,5.1138313356955275e+32,0.16169930676129693,0.15399933977266372,4.0439997059085487e-07,1.5595741173421686e-06,0.2608155548114371,2.3179366180618384e-06,0.08513044699427397,3.7950673541807914e+33,5406184975.3318,0.1501650749306419,False,7.111186005238955e-07,0.5,0.48795003647426666
False,3.5449077018110318,3.581271499179269e-34,3.0152797506869025e-23,2.5980500914943576,4.3531639680884535e-23,1.337884217401551e-23,7.163186965597298e+32,0.1913762768823009,0.18226312084028656,4.043999705908549e-07,1.4335605703596765e-06,0.239741664956169,2.3179366180618384e-06,0.08513044699427397,4.491583021025804e+33,5406184975.3318,0.1501650749306419,False,6.536602366149351e-07,0.5,0.4879500364742666
True,1e-06,8.079311118031411e-20,2.6939486301583804e-09,3.0980500914943576,9.820692470272338e-09,7.1267438401139585e-09,2356135.917133528,3.8073100570426745e-13,3.6260095781358803e-13,2.0219998529542743e-06,25.40919953440316,4249310.372740617,2.3179366180618384e-06,0.08513044699427397,7.426143545441596e+18,3896258760.096889,0.1501650749306419,True,2.317165207143905,0.1,0.09759000729485333
True,1.0879024922894468e-06,6.826441752223956e-20,2.27619448472738e-09,3.0980500914943576,8.297784815489745e-09,6.021590330762365e-09,3300351.7290409845,4.5060726495815174e-13,4.2914977615062067e-13,2.0219998529542743e-06,23.356136891395963,3905966.2082381253,2.3179366180618384e-06,0.08513044699427397,8.789077280449504e+18,3896258760.096889,0.1501650749306419,True,2.1299383203613442,0.1,0.09759000729485333
True,1.1835318327295895e-06,5.767856481291321e-20,1.923222022239802e-09,3.0980500914943576,7.011036447032012e-09,5.087814424792211e-09,4622959.760587747,5.33308042137189e-13,5.079124210830372e-13,2.0219998529542743e-06,21.468961655050467,3590364.243047351,2.3179366180618384e-06,0.08513044699427397,1.0402152741732395e+19,3896258760.096889,0.1501650749306419,True,1.9578393610248799,0.1,0.09759000729485333
True,1.287567230530417e-06,4.873427415964693e-20,1.624985462202786e-09,3.0980500914943576,5.923825834800235e-09,4.298840372597448e-09,6475599.785306438,6.311870445200562e-13,6.011305185905297e-13,2.0219998529542743e-06,19.734270127343773,3300262.9082056563,2.3179366180618384e-06,0.08513044699427397,1.2311278898755672e+19,3896258760.096889,0.1501650749306419,True,1.7996459930013455,0.1,0.09759000729485333
True,1.4007475990842613e-06,4.117698638257211e-20,1.372996836472972e-09,3.0980500914943576,5.005210397373143e-09,3.6322135609001714e-09,9070680.851898557,7.470299595959957e-13,7.114571043771387e-13,2.0219998529542743e-06,18.139741628694864,3033601.753462653,2.3179366180618384e-06,0.08513044699427397,1.457079047828942e+19,3896258760.096889,0.1501650749306419,True,1.654234644884454,0.1,0.09759000729485333
True,1.5238768041122235e-06,3.479161712753044e-20,1.1600844172534198e-09,3.0980500914943576,4.22904585999145e-09,3.06896144273803e-09,12705734.425356377,8.841337371845561e-13,8.420321306519582e-13,2.0219998529542743e-06,16.67405099010349,2788486.8128930996,2.3179366180618384e-06,0.08513044699427397,1.7244994359088665e+19,3896258760.096889,0.1501650749306419,True,1.5205725298075086,0.1,0.09759000729485333
True,1.6578293731357647e-06,2.939643545310499e-20,9.801886059776756e-10,3.0980500914943576,3.5732421748538564e-09,2.593053568876181e-09,17797526.99092019,1.046400422348099e-12,9.965718308077133e-13,2.0219998529542743e-06,15.3267881159217,2563177.152967857,2.3179366180618384e-06,0.08513044699427397,2.040999977922364e+19,3896258760.096889,0.1501650749306419,True,1.3977103100550172,0.1,0.09759000729485333
True,1.8035567068250495e-06,2.4837891673186134e-20,8.281894739722024e-10,3.0980500914943576,3.019134826828323e-09,2.19094535285612e-09,24929843.202168792,1.2384482096306623e-12,1.1794744853625356e-12,2.0219998529542743e-06,14.08838404595167,2356072.507540409,2.3179366180618384e-06,0.08513044699427397,2.4155884444715074e+19,3896258760.096889,0.1501650749306419,True,1.2847753543735272,0.1,0.09759000729485333
True,1.9620938363403183e-06,2.09862472527691e-20,6.997610466143034e-10,3.0980500914943576,2.5509536316106224e-09,1.851192584996319e-09,34920418.01098502,1.4657428792848564e-12,1.3959455993189107e-12,2.021999852954274e-06,12.950042991723674,2165701.911926086,2.3179366180618384e-06,0.08513044699427397,2.8589258188057817e+19,3896258760.096889,0.1501650749306419,True,1.1809655400915293,0.1,0.09759000729485336
True,2.134566774660394e-06,1.7731882381539618e-20,5.912481838367108e-10,3.0980500914943576,2.155373908048875e-09,1.564125724212164e-09,48914691.68790609,1.734753356230353e-12,1.652146053552717e-12,2.0219998529542747e-06,11.903679864241175,1990713.2553474111,2.3179366180618384e-06,0.08513044699427397,3.3836297139691483e+19,3896258760.096889,0.1501650749306419,True,1.0855435560279258,0.1,0.09759000729485331
True,2.322200514111288e-06,1.4982176136863536e-20,4.995625529337137e-10,3.0980500914943576,1.8211372507640274e-09,1.3215746978303136e-09,68517136.94178128,2.0531358190331148e-12,1.9553674466982045e-12,2.0219998529542743e-06,10.941862849482368,1829863.6775415742,2.3179366180618384e-06,0.08513044699427397,4.004633476652204e+19,3896258760.096889,0.1501650749306419,True,0.9978316657253388,0.1,0.09759000729485333
True,2.526327726897505e-06,1.2658870443991365e-20,4.2209473300060575e-10,3.0980500914943576,1.5387311100571945e-09,1.1166363770565886e-09,95975215.06732768,2.4299515987430303e-12,2.314239617850505e-12,2.0219998529542747e-06,10.057760623799714,1682010.7413217712,2.3179366180618384e-06,0.08513044699427397,4.7396111980324495e+19,3896258760.096889,0.1501650749306419,True,0.9172068938140241,0.1,0.09759000729485331
True,2.7483982304317225e-06,1.0695842810409378e-20,3.566399494529241e-10,3.0980500914943576,1.3001180597807935e-09,9.434781103278694e-10,134437052.07715374,2.8759250691045224e-12,2.738976256290021e-12,2.0219998529542743e-06,9.245093834313758,1546104.3183953473,2.3179366180618384e-06,0.08513044699427397,5.60948072763301e+19,3896258760.096889,0.1501650749306419,True,0.8430966013174593,0.1,0.09759000729485333
True,2.989989284690576e-06,9.037224445194231e-21,3.013353249911346e-10,3.0980500914943576,1.0985070479957603e-09,7.971717230046257e-10,188312377.92503896,3.4037488678302473e-12,3.241665588409759e-12,2.0219998529542743e-06,8.498090499689757,1421179.1308076086,2.3179366180618384e-06,0.08513044699427397,6.63899900623681e+19,3896258760.096889,0.1501650749306419,True,0.7749744184731084,0.1,0.09759000729485333
True,3.2528167947336175e-06,7.635810204066588e-21,2.5460686114049195e-10,3.0980500914943576,9.281601200892619e-10,6.735532589487699e-10,263778111.25634632,4.028445135694398e-12,3.836614414947046e-12,2.0219998529542743e-06,7.81144501453055,1306347.8950368015,2.3179366180618384e-06,0.08513044699427397,7.857466661341374e+19,3896258760.096889,0.1501650749306419,True,0.7123565061811801,0.1,0.09759000729485333
True,3.5387474979516724e-06,6.451715106349148e-21,2.15124641432998e-10,3.0980500914943576,7.842291135918482e-10,5.691044721588503e-10,369486556.03330845,4.7677930544989925e-12,4.54075528999904e-12,2.0219998529542743e-06,7.180280466213181,1200795.0200460018,2.3179366180618384e-06,0.08513044699427397,9.299561918309006e+19,3896258760.096889,0.1501650749306419,True,0.6547981195282075,0.1,0.09759000729485333
True,3.849812222604668e-06,5.451239187601322e-21,1.8176498129066315e-10,3.0980500914943576,6.626176769434029e-10,4.808526956527398e-10,517557406.2575688,5.642834851866598e-12,5.3741284303491405e-12,2.0219998529542743e-06,6.60011399652424,1103770.8145322632,2.3179366180618384e-06,0.08513044699427397,1.1006327560758555e+20,3896258760.096889,0.1501650749306419,True,0.6018904489778414,0.1,0.09759000729485333
True,4.188220311817992e-06,4.605908381043779e-21,1.5357844737598395e-10,3.0980500914943576,5.598646851899217e-10,4.0628623781393773e-10,724967294.2035674,6.678474674020081e-12,6.3604520704953145e-12,2.0219998529542747e-06,6.0668249620741,1014586.1622298727,2.3179366180618384e-06,0.08513044699427397,1.3026339029606764e+20,3896258760.096889,0.1501650749306419,True,0.553257716793338,0.1,0.09759000729485331
True,4.556375315484077e-06,3.891664130757796e-21,1.2976283622366512e-10,3.0980500914943576,4.730457345610223e-10,3.432828983373572e-10,1015496196.7702601,7.904187370781133e-12,7.52779749598203e-12,2.0219998529542747e-06,5.5766256673488375,932607.6274489611,2.3179366180618384e-06,0.08513044699427397,1.541708690546748e+20,3896258760.096889,0.1501650749306419,True,0.5085545080690362,0.1,0.09759000729485331
True,4.956892061521242e-06,3.2881786726280245e-21,1.0964034311133986e-10,3.0980500914943576,3.996899124124383e-10,2.9004956930109845e-10,1422453859.5051413,9.354857365178672e-12,8.90938796683683e-12,2.0219998529542747e-06,5.126034462530787,857252.9560864652,2.3179366180618384e-06,0.08513044699427397,1.8246613120579286e+20,3896258760.096889,0.1501650749306419,True,0.4674633174144163,0.1,0.09759000729485331
True,5.392615227738732e-06,2.778276495567061e-21,9.263827138343663e-11,3.0980500914943576,3.3770947376263645e-10,2.450712023791998e-10,1992498828.509967,1.1071771482333812e-11,1.0544544268889344e-11,2.0219998529542743e-06,4.711851015014457,787986.9401552809,2.3179366180618384e-06,0.08513044699427397,2.159544746770698e+20,3896258760.096889,0.1501650749306419,True,0.42969229386602353,0.1,0.09759000729485333
True,5.866639546214977e-06,2.347445517506284e-21,7.82727332054809e-11,3.0980500914943576,2.8534042298108327e-10,2.0706768977560238e-10,2790987950.213517,1.310379399404969e-11,1.2479803803856848e-11,2.0219998529542747e-06,4.331133578983322,724317.6164593538,2.3179366180618384e-06,0.08513044699427397,2.5558899520070707e+20,3896258760.096889,0.1501650749306419,True,0.3949731680104477,0.1,0.09759000729485331
True,6.3823317836911014e-06,1.983424063966535e-21,6.613487786379166e-11,3.0980500914943576,2.410923095519959e-10,1.7495743168820425e-10,3909469670.334686,1.550875732148861e-11,1.477024506808439e-11,2.0219998529542743e-06,3.981178101604149,665792.7724157124,2.3179366180618384e-06,0.08513044699427397,3.024977119154071e+20,3896258760.096889,0.1501650749306419,True,0.36305934659570704,0.1,0.09759000729485333
True,6.943354654095699e-06,1.6758518944033354e-21,5.587925566079976e-11,3.0980500914943576,2.0370580907482866e-10,1.4782655341402888e-10,5476180254.414051,1.8355107976059857e-11,1.7481055215295102e-11,2.021999852954274e-06,3.6594990174403588,611996.7342060024,2.3179366180618384e-06,0.08513044699427397,3.5801567137974924e+20,3896258760.096889,0.1501650749306419,True,0.33372416109798897,0.1,0.09759000729485336
True,7.55369283304024e-06,1.4159753443541138e-21,4.72139862363693e-11,3.0980500914943576,1.7211688223460816e-10,1.2490289599823888e-10,7670746343.52312,2.172385458285563e-11,2.0689385317005362e-11,2.0219998529542743e-06,3.3638115946761853,562547.4144452784,2.3179366180618384e-06,0.08513044699427397,4.237229436939891e+20,3896258760.096889,0.1501650749306419,True,0.30675925780414387,0.1,0.09759000729485333
True,8.217681259053408e-06,1.1963981915792139e-21,3.98924515004208e-11,3.0980500914943576,1.4542649168772546e-10,1.0553404018730466e-10,10744779523.874386,2.5710873428398226e-11,2.4486546122284023e-11,2.0219998529542743e-06,3.092015707765482,517093.598399081,2.3179366180618384e-06,0.08513044699427397,5.014895921197235e+20,3896258760.096889,0.1501650749306419,True,0.28197311797547353,0.1,0.09759000729485333
True,8.940035922564481e-06,1.0108711557169955e-21,3.3706276753381867e-11,3.0980500914943576,1.2287501498994507e-10,8.916873823656321e-11,15050724120.75678,3.042963714979066e-11,2.8980606809324436e-11,2.0219998529542743e-06,2.8421809212500837,475312.4494741053,2.3179366180618384e-06,0.08513044699427397,5.935288960562708e+20,3896258760.096889,0.1501650749306419,True,0.25918969758224614,0.1,0.09759000729485333
True,9.725887361315082e-06,8.541140405033422e-22,2.847940023348995e-11,3.0980500914943576,1.0382062534520712e-10,7.534122511171716e-11,21082265676.62964,3.601444422518815e-11,3.4299470690655375e-11,2.0219998529542743e-06,2.6125327788052304,436907.216265154,2.3179366180618384e-06,0.08513044699427397,7.024603421274483e+20,3896258760.096889,0.1501650749306419,True,0.23824717694762507,0.1,0.09759000729485333
True,1.0580817100101087e-05,7.216654566303426e-22,2.4063062307169028e-11,3.0980500914943576,8.77210248800534e-11,6.365796257288437e-11,29530933029.795258,4.262424117857433e-11,4.059451540816603e-11,2.0219998529542743e-06,2.4014402001297617,401605.1248726357,2.3179366180618384e-06,0.08513044699427397,8.313841761379501e+20,3896258760.096889,0.1501650749306419,True,0.21899681142033606,0.1,0.09759000729485333
True,1.1510897293658791e-05,6.097558482782475e-22,2.0331571692222326e-11,3.0980500914943576,7.411801056313062e-11,5.378643887090828e-11,41365383540.204155,5.044714628078633e-11,4.80449012197965e-11,2.0219998529542743e-06,2.2074038961672233,369155.44152074994,2.3179366180618384e-06,0.08513044699427397,9.83969637686932e+20,3896258760.096889,0.1501650749306419,True,0.20130187491294896,0.1,0.09759000729485333
True,1.252273385425922e-05,5.152002095896016e-22,1.7178728218345876e-11,3.0980500914943576,6.262443350779328e-11,4.544570528944741e-11,57942461679.140114,5.970580349367652e-11,5.686266999397763e-11,2.0219998529542747e-06,2.0290457203768657,339327.6917160821,2.3179366180618384e-06,0.08513044699427397,1.1645593886418799e+21,3896258760.096889,0.1501650749306419,True,0.18503668880224525,0.1,0.09759000729485331
True,1.3623513370326033e-05,4.3530743774030215e-22,1.4514800314856276e-11,3.0980500914943576,5.291318051273873e-11,3.8398380197882456e-11,81162764082.08728,7.066371903346366e-11,6.729878003187014e-11,2.021999852954274e-06,1.8650988804215538,311910.02329811803,2.3179366180618384e-06,0.08513044699427397,1.3782931075617747e+21,3896258760.096889,0.1501650749306419,True,0.1700857292943994,0.1,0.09759000729485336
True,1.4821054149316291e-05,3.678037427488106e-22,1.2263971203360599e-11,3.0980500914943576,4.4707864249586455e-11,3.244389304622585e-11,113688546923.02611,8.363276089516404e-11,7.96502484715848e-11,2.0219998529542743e-06,1.7143989407511415,286707.7017552521,2.3179366180618384e-06,0.08513044699427397,1.6312537676311484e+21,3896258760.096889,0.1501650749306419,True,0.15634280691503968,0.1,0.09759000729485333
True,1.612386174739804e-05,3.1076793422661193e-22,1.0362181112675351e-11,3.0980500914943576,3.7774957135268866e-11,2.7412776022593516e-11,159248959145.80725,9.898203477848909e-11,9.426860455094199e-11,2.0219998529542743e-06,1.575875552176793,263541.7271192084,2.3179366180618384e-06,0.08513044699427397,1.9306407612515413e+21,3896258760.096889,0.1501650749306419,True,0.143710312296484,0.1,0.09759000729485333
True,1.75411893803248e-05,2.6257674329712383e-22,8.75530410430699e-12,3.0980500914943576,3.19171450151435e-11,2.316184091083651e-11,223067597180.15717,1.1714838902868923e-10,1.1156989431303735e-10,2.0219998529542747e-06,1.4485448496955158,242247.56261436222,2.3179366180618384e-06,0.08513044699427397,2.2849747985064856e+21,3896258760.096889,0.1501650749306419,True,0.13209852290534924,0.1,0.09759000729485331
True,1.9083103644576486e-05,2.2185862351631216e-22,7.397607619994974e-12,3.0980500914943576,2.6967711499176873e-11,1.95701038791819e-11,312461401183.5976,1.386488475684429e-10,1.3204652149375515e-10,2.0219998529542747e-06,1.3315024645702527,222673.9660321602,2.3179366180618384e-06,0.08513044699427397,2.7043404110172945e+21,3896258760.096889,0.1501650749306419,True,0.1214249657865509,0.1,0.09759000729485331
True,2.0760556015552625e-05,1.8745471594510203e-22,6.2504509092364486e-12,3.0980500914943576,2.2785793126477128e-11,1.6535342217240678e-11,437679557514.432,1.6409532466852535e-10,1.5628126158907176e-10,2.0219998529542747e-06,1.2239171010337122,204681.91553045477,2.3179366180618384e-06,0.08513044699427397,3.200672962976004e+21,3896258760.096889,0.1501650749306419,True,0.11161383179756923,0.1,0.09759000729485331
True,2.2585460630634318e-05,1.583858674191926e-22,5.281185293361317e-12,3.0980500914943576,1.925237031768394e-11,1.3971185024322623e-11,613078589356.5973,1.9421204034729603e-10,1.8496384794980572e-10,2.0219998529542747e-06,1.1250246319943904,188143.6222282297,2.3179366180618384e-06,0.08513044699427397,3.78809833783902e+21,3896258760.096889,0.1501650749306419,True,0.1025954371725748,0.1,0.09759000729485331
True,2.4570778909572255e-05,1.33824763338985e-22,4.462224967098074e-12,3.0980500914943576,1.6266880015624102e-11,1.1804655048526028e-11,858768362091.2197,2.298561320503882e-10,2.1891060195275066e-10,2.0219998529542743e-06,1.0341226718093286,172941.62258263517,2.3179366180618384e-06,0.08513044699427397,4.48333496834253e+21,3896258760.096889,0.1501650749306419,True,0.09430572859215246,0.1,0.09759000729485333
True,2.673061161321663e-05,1.130723818643254e-22,3.770261892159508e-12,3.0980500914943576,1.3744353608223329e-11,9.97409171606382e-12,1202917721368.7998,2.720420492297306e-10,2.5908766593307676e-10,2.0219998529542743e-06,0.9505655875767499,158967.94410194477,2.3179366180618384e-06,0.08513044699427397,5.30616965182309e+21,3896258760.096889,0.1501650749306419,True,0.08668582824338408,0.1,0.09759000729485333
True,2.9080298994439595e-05,9.553809938812172e-23,3.185602438308838e-12,3.0980500914943576,1.161299867746236e-11,8.427396239153524e-12,1684984110103.256,3.2197042510437624e-10,3.0663850009940594e-10,2.0219998529542743e-06,0.8737599135160756,146123.3384688762,2.3179366180618384e-06,0.08513044699427397,6.28002069279631e+21,3896258760.096889,0.1501650749306419,True,0.07968161563906088,0.1,0.09759000729485333
True,3.163652975257313e-05,8.072288108025059e-23,2.6916068923654177e-12,3.0980500914943576,9.812155749693019e-12,7.120548857327603e-12,2360237446722.2666,3.8106224730850744e-10,3.629164260081023e-10,2.0219998529542743e-06,0.8031601358659297,134316.57662752987,2.3179366180618384e-06,0.08513044699427397,7.432604400124965e+21,3896258760.096889,0.1501650749306419,True,0.07324334322589349,0.1,0.09759000729485333
True,3.4417459565213534e-05,6.82050780958538e-23,2.274215883283631e-12,3.0980500914943576,8.290571895360994e-12,6.016356012077363e-12,3306096936764.9805,4.509992999410939e-10,4.295231428010418e-10,2.0219998529542743e-06,0.7382648183622705,123463.80082728378,2.3179366180618384e-06,0.08513044699427397,8.796723907633907e+21,3896258760.096889,0.1501650749306419,True,0.06732528305156821,0.1,0.09759000729485333
True,3.744284003926706e-05,5.762842722916193e-23,1.9215502451155766e-12,3.0980500914943576,7.004942043882653e-12,5.083391798767076e-12,4631007346513.378,5.337720280190449e-10,5.083543123990903e-10,2.0219998529542743e-06,0.6786130407777834,113487.92902152397,2.3179366180618384e-06,0.08513044699427397,1.0411202768418156e+22,3896258760.096889,0.1501650749306419,True,0.061885401981095635,0.1,0.09759000729485333
True,4.073415899711364e-05,4.8691911476730786e-23,1.6235729297486627e-12,3.0980500914943576,5.918676498736092e-12,4.29510356898743e-12,6486872421970.139,6.317361865811673e-10,6.016535110296831e-10,2.021999852954274e-06,0.6237811252271984,104318.10739094221,2.3179366180618384e-06,0.08513044699427397,1.2321989893425272e+22,3896258760.096889,0.1501650749306419,True,0.0568850631556698,0.1,0.09759000729485336
True,4.43147930942746e-05,4.114119293642659e-23,1.3718033472781182e-12,3.0980500914943576,5.000859575602437e-12,3.6290562283243187e-12,9086470970640.65,7.476798867060138e-10,7.120760825771561e-10,2.0219998529542743e-06,0.573379626987043,95889.20710293514,2.3179366180618384e-06,0.08513044699427397,1.458346728144115e+22,3896258760.096889,0.1501650749306419,True,0.05228875157364277,0.1,0.09759000729485333
True,4.8210173852552404e-05,3.4761374217998406e-23,1.1590760039924923e-12,3.0980500914943576,4.225369725855985e-12,3.066293721863493e-12,12727852396273.625,8.849029466082174e-10,8.427647110554451e-10,2.0219998529542743e-06,0.5270505684570957,88141.36173283358,2.3179366180618384e-06,0.08513044699427397,1.7259997759155974e+22,3896258760.096889,0.1501650749306419,True,0.048063821844550894,0.1,0.09759000729485333
True,5.244796828789928e-05,2.93708823511979e-23,9.79336568682995e-13,3.0980500914943576,3.570136103657625e-12,2.5907995349746305e-12,17828508685579.145,1.0473108061870372e-09,9.974388630352734e-10,2.0219998529542743e-06,0.4844648966176548,81019.54206147985,2.3179366180618384e-06,0.08513044699427397,2.042775678080249e+22,3896258760.096889,0.1501650749306419,True,0.044180266324606476,0.1,0.09759000729485333
True,5.705827541592349e-05,2.4816301124287956e-23,8.274695632176976e-13,3.0980500914943576,3.0165104181640723e-12,2.1890408549463747e-12,24973240736577.887,1.2395256778840486e-09,1.1805006456038558e-09,2.0219998529542743e-06,0.4453201459242161,74473.16522915348,2.3179366180618384e-06,0.08513044699427397,2.4176900421337464e+22,3896258760.096889,0.1501650749306419,True,0.040610501986837896,0.1,0.09759000729485333
True,6.207384003072083e-05,2.0968004778590457e-23,6.99152773364192e-13,3.0980500914943576,2.548736193438134e-12,1.8495834200739418e-12,34981207003114.75,1.467018097261495e-09,1.397160092629995e-09,2.0219998529542743e-06,0.40933829004018357,68455.73546984687,2.3179366180618384e-06,0.08513044699427397,2.8614131265386324e+22,3896258760.096889,0.1501650749306419,True,0.037329174512115273,0.1,0.09759000729485333
True,6.753028527539761e-05,1.7716468791744925e-23,5.907342363168465e-13,3.0980500914943576,2.1535003309205136e-12,1.562766094603667e-12,48999841722682.52,1.736262617299372e-09,1.6535834450470208e-09,2.0219998529542743e-06,0.37626376714952436,62924.5138742026,2.3179366180618384e-06,0.08513044699427397,3.386573521848773e+22,3896258760.096889,0.1501650749306419,True,0.034312978209616506,0.1,0.09759000729485333
True,7.346636565612223e-05,1.496915275264322e-23,4.991283039294632e-13,3.0980500914943576,1.8195542116969408e-12,1.3204259077674775e-12,68636410648555.77,2.0549220775521918e-09,1.9570686452878016e-09,2.0219998529542743e-06,0.34586166482410874,57840.21483559675,2.3179366180618384e-06,0.08513044699427397,4.008117566987161e+22,3896258760.096889,0.1501650749306419,True,0.03154049048771486,0.1,0.09759000729485333
True,7.992424229674335e-05,1.2647866613033686e-23,4.217278235586761e-13,3.0980500914943576,1.5373935549333543e-12,1.1156657313746783e-12,96142287425726.73,2.4320656925618506e-09,2.3162530405350957e-09,2.021999852954274e-06,0.31791605155371605,53166.727023369735,2.3179366180618384e-06,0.08513044699427397,4.7437347298520005e+22,3896258760.096889,0.1501650749306419,True,0.028992019699613986,0.1,0.09759000729485336
True,8.694978238897252e-05,1.0686545357942643e-23,3.563299371391165e-13,3.0980500914943576,1.2989879210833369e-12,9.426579839442203e-13,134671078282054.56,2.8784271664364745e-09,2.7413592061299757e-09,2.0219998529542743e-06,0.2922284430883832,48870.85690141461,2.3179366180618384e-06,0.08513044699427397,5.614361058804717e+22,3896258760.096889,0.1501650749306419,True,0.026649465283052634,0.1,0.09759000729485333
True,9.459288496498826e-05,9.029368760869041e-24,3.010733866932076e-13,3.0980500914943576,1.0975521613875561e-12,7.964787746943485e-13,188640189569676.62,3.406710179671202e-09,3.2444858854011445e-09,2.0219998529542747e-06,0.2686163927002321,44922.092970453516,2.3179366180618384e-06,0.08513044699427397,6.644775033532787e+22,3896258760.096889,0.1501650749306419,True,0.024496189200715876,0.1,0.09759000729485331
True,0.00010290783530625965,7.6291727110073e-24,2.5438554195778536e-13,3.0980500914943576,9.273533089991016e-13,6.729677670413163e-13,264237292630524.38,4.031949942524805e-09,3.8399523262141e-09,2.0219998529542743e-06,0.2469121953521218,41292.389059534915,2.3179366180618384e-06,0.08513044699427397,7.86430277351288e+22,3896258760.096889,0.1501650749306419,True,0.022516897768259214,0.1,0.09759000729485333
True,0.00011195369050579179,6.446106898039298e-24,2.1493764250606911e-13,3.0980500914943576,7.835474157550445e-13,5.686097732489754e-13,370129753240732.44,4.771941104950346e-09,4.5447058142384245e-09,2.0219998529542743e-06,0.22696169656942794,37955.96512757017,2.3179366180618384e-06,0.08513044699427397,9.307652674676097e+22,3896258760.096889,0.1501650749306419,True,0.0206975330306242,0.1,0.09759000729485333
True,0.00012179469892225225,5.446500651505577e-24,1.8160698053245994e-13,3.0980500914943576,6.620416908837531e-13,4.804347103512931e-13,518458363201605.75,5.647744201619544e-09,5.378804001542423e-09,2.0219998529542743e-06,0.2086231975549539,34889.12416010132,2.3179366180618384e-06,0.08513044699427397,1.1015903228469866e+23,3896258760.096889,0.1501650749306419,True,0.019025172915145258,0.1,0.09759000729485333
True,0.000132500756505161,4.6019046559518955e-24,1.5344494800247002e-13,3.0980500914943576,5.593780180435711e-13,4.0593307004110113e-13,726229307479805.0,6.684285045730693e-09,6.365985757838755e-09,2.0219998529542743e-06,0.19176644877052798,32070.083860804996,2.3179366180618384e-06,0.08513044699427397,1.3037672137162738e+23,3896258760.096889,0.1501650749306419,True,0.01748793945228267,0.1,0.09759000729485333
True,0.00014414790323220164,3.8882812685641855e-24,1.296500387729994e-13,3.0980500914943576,4.726345355270031e-13,3.4298449675400367e-13,1017263958836959.1,7.911064130660623e-09,7.534346791105355e-09,2.0219998529542747e-06,0.17627172483718045,29478.821942318413,2.3179366180618384e-06,0.08513044699427397,1.5430499999023686e+23,3896258760.096889,0.1501650749306419,True,0.01607491441211797,0.1,0.09759000729485331
True,0.00015681886318461014,3.2853203953091885e-24,1.0954503730920898e-13,3.0980500914943576,3.9934247855164295e-13,2.89797441242434e-13,1424930047975821.0,9.36299622940208e-09,8.917139266097218e-09,2.0219998529542743e-06,0.16202897418336065,27096.93391756225,2.3179366180618384e-06,0.08513044699427397,1.8262487943778446e+23,3896258760.096889,0.1501650749306419,True,0.014776061757418135,0.1,0.09759000729485333
True,0.00017060363209653513,2.7758614550588192e-24,9.255774477697345e-14,3.0980500914943576,3.3741591692606706e-13,2.4485817214909363e-13,1995967343565152.5,1.1081404087224485e-08,1.0553718178309032e-08,2.0219998529542747e-06,0.14893703740155725,24907.50238152121,2.3179366180618384e-06,0.08513044699427397,2.1614235826302128e+23,3896258760.096889,0.1501650749306419,True,0.013582156362490275,0.1,0.09759000729485331
True,0.0001856001165514522,2.3454049804953968e-24,7.820469396543979e-14,3.0980500914943576,2.8509238838796795e-13,2.0688769442252815e-13,2795846464349466.0,1.3115194488569927e-08,1.2490661417685645e-08,2.0219998529542743e-06,0.13690292876168106,22894.97685505289,2.3179366180618384e-06,0.08513044699427397,2.5581136140552865e+23,3896258760.096889,0.1501650749306419,True,0.01248471849155083,0.1,0.09759000729485333
True,0.00020191482936553665,1.9816999557047563e-24,6.60773895578927e-14,3.0980500914943576,2.408827380083702e-13,1.7480534845047749e-13,3916275222345735.5,1.5522250169662184e-08,1.478309539967827e-08,2.0219998529542743e-06,0.12584117577814752,21045.063337313746,2.3179366180618384e-06,0.08513044699427397,3.0276088939733664e+23,3896258760.096889,0.1501650749306419,True,0.011475953571240788,0.1,0.09759000729485333
True,0.00021966364609696568,1.6743951458697524e-24,5.58306821418549e-14,3.0980500914943576,2.0352873606518916e-13,1.4769805392333426e-13,5485713115053971.0,1.837107719138747e-08,1.749626399179759e-08,2.0219998529542747e-06,0.11567321213992247,19344.6227823463,2.3179366180618384e-06,0.08513044699427397,3.583271503072705e+23,3896258760.096889,0.1501650749306419,True,0.01054869682952018,0.1,0.09759000729485331
True,0.00023897262805427596,1.414744495725206e-24,4.717294507667962e-14,3.0980500914943576,1.7196726816868884e-13,1.247943230920092e-13,7684099475176896.0,2.174275465753957e-08,2.070738538813292e-08,2.0219998529542743e-06,0.10632681969180241,17781.577778755083,2.3179366180618384e-06,0.08513044699427397,4.2409158891993506e+23,3896258760.096889,0.1501650749306419,True,0.009696362407738284,0.1,0.09759000729485333
True,0.00025997891764920577,1.1953582122606442e-24,3.985777464716284e-14,3.0980500914943576,1.4530007847112929e-13,1.0544230382396645e-13,1.076348389097867e+16,2.573324226842763e-08,2.4507849779454884e-08,2.0219998529542743e-06,0.09773561550359346,16344.826769662484,2.3179366180618384e-06,0.08513044699427397,5.019258954796144e+23,3896258760.096889,0.1501650749306419,True,0.008912896584447272,0.1,0.09759000729485333
True,0.0002828317124532835,1.0099924473546116e-24,3.3676977285214714e-14,3.0980500914943576,1.2276820483655502e-13,8.90912275513403e-14,1.507692421807043e+16,3.045611138402663e-08,2.9005820365739646e-08,2.0219998529542743e-06,0.08983858038408656,15024.165203689787,2.3179366180618384e-06,0.08513044699427397,5.9404527497142724e+23,3896258760.096889,0.1501650749306419,True,0.008192734778730447,0.1,0.09759000729485333
True,0.0003076933248764192,8.533715945985645e-25,2.845464427225858e-14,3.0980500914943576,1.0373037838231492e-13,7.527573411005634e-14,2.1118965400037508e+16,3.604577732415355e-08,3.4329311737289095e-08,2.0219998529542743e-06,0.08257962549109057,13810.213056936786,2.3179366180618384e-06,0.08513044699427397,7.030714930112864e+23,3896258760.096889,0.1501650749306419,True,0.007530762027660373,0.1,0.09759000729485333
True,0.0003347403349938829,7.210381427852485e-25,2.404214528529696e-14,3.0980500914943576,8.764477263199646e-14,6.36026273466995e-14,2.9582340079246124e+16,4.2661324898618145e-08,4.0629833236779183e-08,2.0219998529542743e-06,0.07590719395936403,12694.34821118366,2.3179366180618384e-06,0.08513044699427397,8.321074926635764e+23,3896258760.096889,0.1501650749306419,True,0.006922276657177418,0.1,0.09759000729485333
True,0.00036416484470964906,6.092258128134276e-25,2.0313898300351083e-14,3.0980500914943576,7.405358285113527e-14,5.3739684550784186e-14,4.1437391841297944e+16,5.049103604393389e-08,4.808670099422275e-08,2.0219998529542743e-06,0.06977389471699849,11668.645215132225,2.3179366180618384e-06,0.08513044699427397,9.848257058201442e+23,3896258760.096889,0.1501650749306419,True,0.006362956888360256,0.1,0.09759000729485333
True,0.00039617584216382654,5.147523674191044e-25,1.7163795462519137e-14,3.0980500914943576,6.256999668555164e-14,4.54062012230325e-14,5.804332713401185e+16,5.975774842549285e-08,5.691214135761223e-08,2.0219998529542743e-06,0.06413616588942835,10725.818993737237,2.3179366180618384e-06,0.08513044699427397,1.1655725725285268e+24,3896258760.096889,0.1501650749306419,True,0.005848830141908832,0.1,0.09759000729485333
True,0.0004310006860748974,4.349290430422361e-25,1.4502183201050134e-14,3.0980500914943576,5.286718527988039e-14,3.836500207883026e-14,8.130405112582947e+16,7.072519751381729e-08,6.735733096554027e-08,2.0219998529542743e-06,0.05895396540038839,9859.173105822367,2.3179366180618384e-06,0.08513044699427397,1.37949224294403e+24,3896258760.096889,0.1501650749306419,True,0.005376244822824338,0.1,0.09759000729485333
True,0.0004688867205593423,3.6748402621259085e-25,1.2253310641931468e-14,3.0980500914943576,4.4669001557780124e-14,3.241569091584865e-14,1.1388645441032966e+17,8.370552263369041e-08,7.971954536541943e-08,2.0219998529542743e-06,0.05419048657230499,9062.552182479274,2.3179366180618384e-06,0.08513044699427397,1.6326729825278e+24,3896258760.096889,0.1501650749306419,True,0.0049418443848862304,0.1,0.09759000729485333
True,0.0005101030318979338,3.1049779655276305e-25,1.03531736984814e-14,3.0980500914943576,3.7742120932023965e-14,2.7388947233542565e-14,1.5952617758348835e+17,9.906815061223971e-08,9.435061963070448e-08,2.0219998529542743e-06,0.04981189670616832,8330.298208442837,2.3179366180618384e-06,0.08513044699427397,1.932320447259212e+24,3896258760.096889,0.1501650749306419,True,0.004542543490718842,0.1,0.09759000729485333
True,0.0005549423597261648,2.623484962264681e-25,8.747693481639443e-15,3.0980500914943576,3.188940076497905e-14,2.3141707283339606e-14,2.234559102411601e+17,1.172503098592349e-07,1.116669617706999e-07,2.0219998529542743e-06,0.045787096784144,7657.210335930079,2.3179366180618384e-06,0.08513044699427397,2.2869627603655517e+24,3896258760.096889,0.1501650749306419,True,0.004175506098123966,0.1,0.09759000729485333
True,0.0006037231762230813,2.2166577101809893e-25,7.391177186560808e-15,3.0980500914943576,2.6944269586253765e-14,1.9553092399692958e-14,3.130053297714931e+17,1.3876947411581255e-07,1.3216140391982147e-07,2.0219998529542747e-06,0.04208750058820705,7038.507945519816,2.3179366180618384e-06,0.08513044699427397,2.7066932271597617e+24,3896258760.096889,0.1501650749306419,True,0.003838125317037176,0.1,0.09759000729485331
True,0.0006567919480659909,1.8729176933658745e-25,6.245017651544255e-15,3.0980500914943576,2.276598638171984e-14,1.6520968730175584e-14,4.384414641779964e+17,1.6423809002720895e-07,1.5641722859734185e-07,2.0219998529542747e-06,0.03868683166598471,6469.7966917122885,2.3179366180618384e-06,0.08513044699427397,3.2034575957771605e+24,3896258760.096889,0.1501650749306419,True,0.0035280048940415577,0.1,0.09759000729485331
True,0.0007145255972166317,1.5824818915485794e-25,5.276594578061604e-15,3.0980500914943576,1.9235635030799716e-14,1.3959040452738113e-14,6.141458282863141e+17,1.9438100769390956e-07,1.851247692322948e-07,2.0219998529542743e-06,0.035560936701753365,5947.037292006629,2.3179366180618384e-06,0.08513044699427397,3.79139403940166e+24,3896258760.096889,0.1501650749306419,True,0.0032429421929322157,0.1,0.09759000729485333
True,0.0007773341780165789,1.3370843502357586e-25,4.45834614003761e-15,3.0980500914943576,1.6252739891614414e-14,1.1794393751576802e-14,8.602632944596695e+17,2.3005611028379723e-07,2.191010574131402e-07,2.0219998529542743e-06,0.032687613967054,5466.516837820024,2.3179366180618384e-06,0.08513044699427397,4.487235536053089e+24,3896258760.096889,0.1501650749306419,True,0.0029809125504507076,0.1,0.09759000729485333
True,0.0008456637896060046,1.1297409273327524e-25,3.766984559895858e-15,3.0980500914943576,1.3732406211779351e-14,9.965421651883492e-15,1.2050117442946985e+18,2.7227872983482307e-07,2.5931307603316483e-07,2.0219998529542743e-06,0.03004645563249353,5024.822423483893,2.3179366180618384e-06,0.08513044699427397,5.310786097874254e+24,3896258760.096889,0.1501650749306419,True,0.0027400548960757488,0.1,0.09759000729485333
True,0.0009199997443513106,9.545505208146547e-26,3.1828333262553904e-15,3.0980500914943576,1.160290397944615e-14,8.42007065319076e-15,1.687917307689136e+18,3.222505441346929e-07,3.069052801282789e-07,2.0219998529542743e-06,0.027618702820748194,4618.816906016418,2.3179366180618384e-06,0.08513044699427397,6.285484403651941e+24,3896258760.096889,0.1501650749306419,True,0.002518658533734411,0.1,0.09759000729485333
True,0.0010008700147854446,8.065271202829979e-26,2.689267190147978e-15,3.0980500914943576,9.803626449730781e-15,7.114359259582801e-15,2.364346116198328e+18,3.813937770978405e-07,3.6323216866461e-07,2.0219998529542743e-06,0.025387112371280402,4245.616623504838,2.3179366180618384e-06,0.08513044699427397,7.439070875847434e+24,3896258760.096889,0.1501650749306419,True,0.002315150991550719,0.1,0.09759000729485333
True,0.0010888489835428595,6.814579025076993e-26,2.272239001756043e-15,3.0980500914943576,8.28336524512451e-15,6.011126243368467e-15,3.3118521456689935e+18,4.5139167600026683e-07,4.298968342859684e-07,2.021999852954274e-06,0.023335834370462993,3902.57091384184,2.3179366180618384e-06,0.08513044699427397,8.804377187497011e+24,3896258760.096889,0.1501650749306419,True,0.0021280868533342357,0.1,0.09759000729485336
True,0.0011845615229231076,5.757833322793249e-26,1.9198799211978604e-15,3.0980500914943576,6.998852938345155e-15,5.0789730171472944e-15,4.639068941567903e+18,5.342364175754773e-07,5.087965881671212e-07,2.0219998529542747e-06,0.02145029957726605,3587.2432883475053,2.3179366180618384e-06,0.08513044699427397,1.042026066876092e+25,3896258760.096889,0.1501650749306419,True,0.001956137492484058,0.1,0.09759000729485331
True,0.0012886874330582312,4.8649585617937356e-26,1.6221616251503985e-15,3.0980500914943576,5.9135316387761535e-15,4.291370013625755e-15,6.498164681887601e+18,6.322858064039947e-07,6.021769584799949e-07,2.0219998529542743e-06,0.019717115944945365,3297.3941265621124,2.3179366180618384e-06,0.08513044699427397,1.233271020681867e+25,3896258760.096889,0.1501650749306419,True,0.001798081635393119,0.1,0.09759000729485333
True,0.0014019662702061378,4.1105430604039164e-26,1.3706108955339175e-15,3.0980500914943576,4.996512535820633e-15,3.625901640286716e-15,9.102288576608165e+18,7.48330379262225e-07,7.12695599297357e-07,2.0219998529542743e-06,0.018123973503775613,3030.9647692992075,2.3179366180618384e-06,0.08513044699427397,1.4596155113598993e+25,3896258760.096889,0.1501650749306419,True,0.0016527966873291472,0.1,0.09759000729485333
True,0.0015252025994629973,3.4731157597373075e-26,1.1580684673033811e-15,3.0980500914943576,4.2216967872314285e-15,3.063628319928048e-15,1.2750008869855988e+19,8.856728252554498e-07,8.43497928814714e-07,2.0219998529542743e-06,0.01665955692925608,2786.062896979549,2.3179366180618384e-06,0.08513044699427397,1.7275014212403192e+25,3896258760.096889,0.1501650749306419,True,0.0015192507591842202,0.1,0.09759000729485333
True,0.0016592717092021373,2.9345351461542285e-26,9.784852720289898e-16,3.0980500914943576,3.567032732440237e-15,2.5885474604112477e-15,1.78595443127538e+19,1.048221982073376e-06,9.983066495936914e-07,2.0219998529542743e-06,0.01531346517480323,2560.949089395312,2.3179366180618384e-06,0.08513044699427397,2.044552923123525e+25,3896258760.096889,0.1501650749306419,True,0.0013964953384627502,0.1,0.09759000729485333
True,0.0018051258278263752,2.4794729343158314e-26,8.267502782517483e-16,3.0980500914943576,3.0138882907894076e-15,2.1871380125376593e-15,2.5016713816828867e+19,1.2406040835507462e-06,1.1815276986197583e-06,2.0219998529542747e-06,0.014076137598119353,2354.0244714449536,2.3179366180618384e-06,0.08513044699427397,2.4197934682170248e+25,3896258760.096889,0.1501650749306419,True,0.0012836585524534302,0.1,0.09759000729485331
True,0.001963800886988364,2.0949778161837877e-26,6.985450288607844e-16,3.0980500914943576,2.5465206827926643e-15,1.84797565393188e-15,3.50421018159011e+19,1.4682944246966275e-06,1.3983756425682166e-06,2.0219998529542747e-06,0.012938786056548775,2163.819357092385,2.3179366180618384e-06,0.08513044699427397,2.863902598265985e+25,3896258760.096889,0.1501650749306419,True,0.001179938975736716,0.1,0.09759000729485331
True,0.0021364238793148654,1.7701068600344495e-26,5.90220735550243e-16,3.0980500914943576,2.1516283824150347e-15,1.5614076468647915e-15,4.908513998548951e+19,1.7377731914478345e-06,1.6550220870931757e-06,2.0219998529542743e-06,0.011893332489127436,1988.98281089394,2.3179366180618384e-06,0.08513044699427397,3.389519890884769e+25,3896258760.096889,0.1501650749306419,True,0.001084599938045535,0.1,0.09759000729485333
True,0.00232422086289333,1.4956140689110467e-26,4.986944323998552e-16,3.0980500914943576,1.8179725487000347e-15,1.3192781163001796e-15,6.875589198538929e+19,2.0567098901426033e-06,1.9587713239453362e-06,2.0219998529542743e-06,0.010932351542001159,1828.2730529536764,2.3179366180618384e-06,0.08513044699427397,4.011604688532249e+25,3896258760.096889,0.1501650749306419,True,0.0009969642920506952,0.1,0.09759000729485333
True,0.0025285256693727822,1.2636872347249836e-26,4.213612330559053e-16,3.0980500914943576,1.5360571624907033e-15,1.114695929434798e-15,9.630965062143086e+19,2.4341816256735492e-06,2.31826821492719e-06,2.0219998529542747e-06,0.01004901782970868,1680.5486391580464,2.3179366180618384e-06,0.08513044699427397,4.747861849205186e+25,3896258760.096889,0.1501650749306419,True,0.0009164096039091005,0.1,0.09759000729485331
True,0.002750789377528488,1.067725598736566e-26,3.560201943061534e-16,3.0980500914943576,1.2978587647685697e-15,9.418385704624165e-16,1.3490551187661269e+20,2.8809314406301005e-06,2.743744229171524e-06,2.021999852954275e-06,0.009237057457751515,1544.7603540473579,2.3179366180618384e-06,0.08513044699427397,5.6192456359367e+25,3896258760.096889,0.1501650749306419,True,0.0008423637324155355,0.1,0.09759000729485329
True,0.002992590619576578,9.021519905164368e-27,3.0081167608737726e-16,3.0980500914943576,1.09659810482267e-15,7.957864287352928e-16,1.8896857186439853e+20,3.4096740678972385e-06,3.247308636092608e-06,2.0219998529542743e-06,0.008490703462138871,1419.9437587430025,2.3179366180618384e-06,0.08513044699427397,6.650556086057913e+25,3896258760.096889,0.1501650749306419,True,0.0007743007653588652,0.1,0.09759000729485333
True,0.0032556467934393785,7.62254098764539e-27,2.541644151586634e-16,3.0980500914943576,9.265471992363536e-16,6.723827840776901e-16,2.6469727334143797e+20,4.0354577985889735e-06,3.843293141513308e-06,2.021999852954274e-06,0.007804654849416263,1305.2123410019844,2.3179366180618384e-06,0.08513044699427397,7.87114483320305e+25,3896258760.096889,0.1501650749306419,True,0.000711737284220556,0.1,0.09759000729485336
True,0.0035418262605968454,6.4405035647122906e-27,2.147508061295503e-16,3.0980500914943576,7.82866310489892e-16,5.681155043603418e-16,3.707740701171696e+20,4.776092764266923e-06,4.548659775492308e-06,2.0219998529542743e-06,0.00717403894625858,1199.7512187468367,2.3179366180618384e-06,0.08513044699427397,9.315750470120844e+25,3896258760.096889,0.1501650749306419,True,0.0006542289306854457,0.1,0.09759000729485333
True,0.0038531616161595196,5.441766234422695e-27,1.8144911711776155e-16,3.0980500914943576,6.614662055048918e-16,4.800170883871303e-16,5.193608885193251e+20,5.652657822579366e-06,5.383483640551777e-06,2.0219998529542747e-06,0.00659437679121509,1102.8113523501625,2.3179366180618384e-06,0.08513044699427397,1.102548722715366e+26,3896258760.096889,0.1501650749306419,True,0.0006013672505783559,0.1,0.09759000729485331
True,0.004191864125413969,4.5979044111321556e-27,1.5331156467442388e-16,3.0980500914943576,5.588917739367836e-16,4.055802092623597e-16,7.274935176517102e+20,6.6901004725505915e-06,6.371524259571992e-06,2.021999852954274e-06,0.0060615513228005355,1013.7042245664328,2.3179366180618384e-06,0.08513044699427397,1.3049015104689826e+26,3896258760.096889,0.1501650749306419,True,0.0005527767928105427,0.1,0.09759000729485336
True,0.004560339429376579,3.884901346952342e-27,1.2953733937247815e-16,3.0980500914943576,4.722236939312455e-16,3.4268635455876734e-16,1.0190347981999965e+21,7.917946873422897e-06,7.540901784212282e-06,2.0219998529542743e-06,0.0055717781379875765,931.7969503251469,2.3179366180618384e-06,0.08513044699427397,1.5443924762169639e+26,3896258760.096889,0.1501650749306419,True,0.0005081124427311922,0.1,0.09759000729485333
True,0.004961204630904614,3.282464602572253e-27,1.0944981435245818e-16,3.0980500914943576,3.9899534670068987e-16,2.895455323482317e-16,1.4274105469619604e+21,9.371142174557728e-06,8.924897309102597e-06,2.0219998529542747e-06,0.005121578613412306,856.5077816525799,2.3179366180618384e-06,0.08513044699427397,1.827837657830853e+26,3896258760.096889,0.1501650749306419,True,0.00046705697094405046,0.1,0.09759000729485331
True,0.005397306882719067,2.7734485138451105e-27,9.247728816894884e-17,3.0980500914943576,3.3712261526627834e-16,2.446453270973295e-16,1.9994418965645086e+21,1.109104507262383e-05,1.0562900069165551e-05,2.0219998529542743e-06,0.004707755198385617,787.3019757957304,2.3179366180618384e-06,0.08513044699427397,2.163304053104705e+26,3896258760.096889,0.1501650749306419,True,0.00042931878017959913,0.1,0.09759000729485333
True,0.005871743609361058,2.3433662172386885e-27,7.813671386908765e-17,3.0980500914943576,2.8484456940103554e-16,2.067078555319479e-16,2.800713436121218e+21,1.3126604901688968e-05,1.2501528477799016e-05,2.0219998529542743e-06,0.004327368704228572,723.6879972017394,2.3179366180618384e-06,0.08513044699427397,2.5603392107223613e+26,3896258760.096889,0.1501650749306419,True,0.00039462983421989885,0.1,0.09759000729485333
True,0.006387884506708527,1.9799773461387705e-27,6.601995122419331e-17,3.0980500914943576,2.406733486365939e-16,1.746533974124006e-16,3.923092621369829e+21,1.553575475681316e-05,1.4795956911250628e-05,2.0219998529542743e-06,0.00397771742862892,665.2140263772787,2.3179366180618384e-06,0.08513044699427397,3.0302429584756683e+26,3896258760.096889,0.1501650749306419,True,0.0003627437541662547,0.1,0.09759000729485333
True,0.006949395475305349,1.67293966362724e-27,5.57821508458551e-17,3.0980500914943576,2.0335181697777145e-16,1.4756966613191633e-16,5.495262570368969e+21,1.8387060300168516e-05,1.751148600016049e-05,2.0219998529542743e-06,0.0036563179667490012,611.4647508320005,2.3179366180618384e-06,0.08513044699427397,3.586389002260641e+26,3896258760.096889,0.1501650749306419,True,0.0003334340685283983,0.1,0.09759000729485333
True,0.007560264657489693,1.4135147170219536e-27,4.7131939592367575e-17,3.0980500914943576,1.7181778415607074e-16,1.2468584456370317e-16,7.697475851781937e+21,2.176167117556792e-05,2.0725401119588495e-05,2.0219998529542743e-06,0.0033608875727956355,562.0584153136718,2.3179366180618384e-06,0.08513044699427397,4.244605548726781e+26,3896258760.096889,0.1501650749306419,True,0.0003064926047064198,0.1,0.09759000729485333
True,0.008224830763250849,1.1943191369529578e-27,3.9823127937055026e-17,3.0980500914943576,1.4517377514029868e-16,1.0535064720324365e-16,1.0782220818392591e+22,2.5755630569678544e-05,2.4529171971122423e-05,2.0219998529542743e-06,0.0030893279467747036,516.6441103842342,2.3179366180618384e-06,0.08513044699427397,5.023625784298782e+26,3896258760.096889,0.1501650749306419,True,0.0002817280104409163,0.1,0.09759000729485333
True,0.008947813885999509,1.0091145028169545e-27,3.364770328585977e-17,3.0980500914943576,1.2266148752880036e-16,8.901378424294058e-17,1.5103169924159746e+22,3.048260865123788e-05,2.903105585832179e-05,2.0219998529542747e-06,0.0028397103312754975,474.89928007884026,2.3179366180618384e-06,0.08513044699427397,5.945621031438757e+26,3896258760.096889,0.1501650749306419,True,0.00025896439472992765,0.1,0.09759000729485331
True,0.009734349027120986,8.52629794071212e-28,2.842990983035731e-17,3.0980500914943576,1.0364020986736376e-16,7.521030003700644e-17,2.11557290098284e+22,3.6077137683378425e-05,3.435917874607469e-05,2.0219998529542747e-06,0.0026102618124345337,436.52743094597935,2.3179366180618384e-06,0.08513044699427397,7.036831756054307e+26,3896258760.096889,0.1501650749306419,True,0.00023804007855974992,0.1,0.09759000729485331
True,0.01059002256742026,7.204113742380604e-28,2.4021246445724434e-17,3.0980500914943576,8.7568586666856e-17,6.354734022113158e-17,2.9633836617394253e+22,4.269844088204652e-05,4.0665181792425254e-05,2.0219998529542747e-06,0.002399352727781096,401.2560261970956,2.3179366180618384e-06,0.08513044699427397,8.328314384852709e+26,3896258760.096889,0.1501650749306419,True,0.00021880644657666377,0.1,0.09759000729485331
True,0.011520911944497985,6.086962380864478e-28,2.029624027122618e-17,3.0980500914943576,7.398921114347704e-17,5.3692970872250866e-17,4.1509525493470275e+22,5.053496399182453e-05,4.812853713507098e-05,2.0219998529542743e-06,0.00220548509152852,368.83455000886016,2.3179366180618384e-06,0.08513044699427397,9.856825187452938e+26,3896258760.096889,0.1501650749306419,True,0.00020112689154355595,0.1,0.09759000729485333
True,0.012533628817866614,5.143049145392283e-28,1.714887568711759e-17,3.0980500914943576,6.251560718298139e-17,4.536673149586379e-17,5.814436817410543e+22,5.98097385501679e-05,5.6961655762064664e-05,2.0219998529542743e-06,0.002027281955101662,339.03272822977254,2.3179366180618384e-06,0.08513044699427397,1.1665866379001359e+27,3896258760.096889,0.1501650749306419,True,0.00018487584408442026,0.1,0.09759000729485333
True,0.01363536602838792,4.345509772669846e-28,1.448957705477764e-17,3.0980500914943576,5.2821230028770005e-17,3.833165297399236e-17,8.14455841201495e+22,7.078672948135782e-05,6.74159328393884e-05,2.0219998529542743e-06,0.0018634776273334288,311.63889285361586,2.3179366180618384e-06,0.08513044699427397,1.3806924215917973e+27,3896258760.096889,0.1501650749306419,True,0.0001699378808254741,0.1,0.09759000729485333
True,0.014833948685562074,3.6716458759269346e-28,1.2242659347286165e-17,3.0980500914943576,4.463017264769967e-17,3.23875133004135e-17,1.1408470641231469e+23,8.377834767600509e-05,7.978890254857627e-05,2.0219998529542743e-06,0.0017129086848691887,286.4584786434163,2.3179366180618384e-06,0.08513044699427397,1.6340934321623956e+27,3896258760.096889,0.1501650749306419,True,0.00015620690459845047,0.1,0.09759000729485333
True,0.01613788974551674,3.102278936983881e-28,1.0344174114058951e-17,3.0980500914943576,3.7709313271928426e-17,2.7365139157869473e-17,1.5980387859928254e+23,9.915434136803903e-05,9.443270606479907e-05,2.0219998529542743e-06,0.0015745057089302569,263.3126412281454,2.3179366180618384e-06,0.08513044699427397,1.9340015946185453e+27,3896258760.096889,0.1501650749306419,True,0.00014358539088344158,0.1,0.09759000729485333
True,0.017556450474439968,2.6212044756152165e-28,8.740089474570442e-18,3.0980500914943576,3.1861680631740257e-17,2.3121591157169813e-17,2.2384489927229787e+23,0.00011735231936241065,0.00011176411367848632,2.0219998529542743e-06,0.0014472856897466734,242.03698685717194,2.3179366180618384e-06,0.08513044699427397,2.288952451780835e+27,3896258760.096889,0.1501650749306419,True,0.00013198369513914057,0.1,0.09759000729485333
True,0.01909970622689944,2.214730861585633e-28,7.384752342835707e-18,3.0980500914943576,2.6920848050413244e-17,1.9536095707577537e-17,3.13550205222927e+23,0.00013889020561006141,0.00013227638629529658,2.0219998529542743e-06,0.0013303450447116104,222.4804047905207,2.3179366180618384e-06,0.08513044699427397,2.7090480902870486e+27,3896258760.096889,0.1501650749306419,True,0.0001213194161007817,0.1,0.09759000729485333
True,0.020778618006240163,1.8712896437080037e-28,6.23958911675759e-18,3.0980500914943576,2.2746196854144158e-17,1.6506607737386566e-17,4.392046971583921e+23,0.0001643809795938655,0.0001565533138989195,2.0219998529542747e-06,0.0012228532006687048,204.50399403196494,2.3179366180618384e-06,0.08513044699427397,3.206244651250023e+27,3896258760.096889,0.1501650749306419,True,0.00011151681052358832,0.1,0.09759000729485331
True,0.02260511031531905,1.5811063056852742e-28,5.27200785328027e-18,3.0980500914943576,1.921891429120618e-17,1.3946906437925908e-17,6.15214925051148e+23,0.0001945501220446129,0.00018528583051867893,2.0219998529542743e-06,0.001124046694750427,187.98007678206022,2.3179366180618384e-06,0.08513044699427397,3.7946926082733856e+27,3896258760.096889,0.1501650749306419,True,0.00010250625521493723,0.1,0.09759000729485333
True,0.024592155850513473,1.3359220782754568e-28,4.454470684680608e-18,3.0980500914943576,1.623861205902796e-17,1.178414137434735e-17,8.617608291861993e+23,0.00023025626250122602,0.0002192916785725962,2.0219998529542743e-06,0.0010332237518685303,172.79129160414348,2.3179366180618384e-06,0.08513044699427397,4.491139497315227e+27,3896258760.096889,0.1501650749306419,True,9.422375253430753e-05,0.1,0.09759000729485333
True,0.026753867640544104,1.1287588904088944e-28,3.763710076481191e-18,3.0980500914943576,1.372046920071149e-17,9.956759124230298e-18,1.2071094124674309e+24,0.00027251561635554145,0.0002595386822433728,2.0219998529542743e-06,0.0009497393003431336,158.8297598624958,2.3179366180618384e-06,0.08513044699427397,5.31540656030174e+27,3896258760.096889,0.1501650749306419,True,8.661047584882122e-05,0.1,0.09759000729485333
True,0.02910559928452991,9.537207696438785e-29,3.1800666212761806e-18,3.0980500914943576,1.1592818056332168e-17,8.41275143505599e-18,1.6908556113457666e+24,0.00032253090687270764,0.00030717229225972156,2.0219998529542743e-06,0.0008730003902688427,145.99631951228,2.3179366180618384e-06,0.08513044699427397,6.290952868016801e+27,3896258760.096889,0.1501650749306419,True,7.961235171596398e-05,0.1,0.09759000729485333
True,0.03166405400121802,8.058260397139508e-29,2.6869295217366202e-18,3.0980500914943576,9.795104563935184e-18,7.108175042198563e-18,2.3684619379907327e+24,0.00038172559532299237,0.0003635481860218975,2.0219998529542747e-06,0.0008024619820767659,134.19982079923054,2.3179366180618384e-06,0.08513044699427397,7.445542977499389e+27,3896258760.096889,0.1501650749306419,True,7.317967582593089e-05,0.1,0.09759000729485331
True,0.03444740326391264,6.808655394215045e-29,2.2702638386495632e-18,3.0980500914943576,8.276164859330136e-18,6.005901020680573e-18,3.3176173731629486e+24,0.0004517843934324129,0.00043027085088801224,2.0219998529542743e-06,0.0007376230753806058,123.35647886678954,2.3179366180618384e-06,0.08513044699427397,8.812037125826742e+27,3896258760.096889,0.1501650749306419,True,6.726675997582042e-05,0.1,0.09759000729485333
True,0.037475415863710185,5.752828277134028e-29,1.9182110492234367e-18,3.0980500914943576,6.992769125814507e-18,5.074558076591071e-18,4.647144570138235e+24,0.0005347012111576895,0.000509239248721609,2.0219998529542743e-06,0.0006780231506118787,113.38927867256818,2.3179366180618384e-06,0.08513044699427397,1.0429326449610913e+28,3896258760.096889,0.1501650749306419,True,6.183160756830353e-05,0.1,0.09759000729485333
True,0.04076959831771378,4.860729655125735e-29,1.6207515473406826e-18,3.0980500914943576,5.908391251029576e-18,4.287639703688894e-18,6.509476599218597e+24,0.0006328359044041918,0.0006027008613373255,2.0219998529542743e-06,0.0006232388981709256,104.2274279875442,2.3179366180618384e-06,0.08513044699427397,1.2343439847043189e+28,3896258760.096889,0.1501650749306419,True,5.6835615329992865e-05,0.1,0.09759000729485333
True,0.044353347619480454,4.106969935836362e-29,1.3694194803385467e-18,3.0980500914943576,4.992169274740167e-18,3.62274979440162e-18,9.118133717650626e+24,0.0007489814377565801,0.0007133156550062667,2.021999852954274e-06,0.0005728812118624202,95.8058545929073,2.3179366180618384e-06,0.08513044699427397,1.460885398435847e+28,3896258760.096889,0.1501650749306419,True,5.224329913095853e-05,0.1,0.09759000729485336
True,0.048252117416612984,3.47009672428026e-29,1.1570618064241182e-18,3.0980500914943576,4.218027041340056e-18,3.060965234915938e-18,1.2772203913128369e+25,0.0008864433737084886,0.0008442317844842748,2.021999852954274e-06,0.0005265924252612152,88.06474410338721,2.3179366180618384e-06,0.08513044699427397,1.7290043730186748e+28,3896258760.096889,0.1501650749306419,True,4.802204195802017e-05,0.1,0.09759000729485336
True,0.05249359879577628,2.9319842764829974e-29,9.776347153718523e-19,3.0980500914943576,3.563932058854713e-18,2.586297343482861e-18,1.7890633966329163e+25,0.001049133950696208,0.0009991751911392456,2.0219998529542743e-06,0.00048404377137975204,80.94911513444423,2.3179366180618384e-06,0.08513044699427397,2.0463317143962668e+28,3896258760.096889,0.1501650749306419,True,4.414186225179036e-05,0.1,0.09759000729485333
True,0.05710791695916732,2.477317631348315e-29,8.260316185303816e-19,3.0980500914943576,3.0112684427212964e-18,2.1852368241909147e-18,2.5060262574430915e+25,0.0012416834274463183,0.0011825556451869697,2.0219998529542743e-06,0.0004449330475942761,74.40842879593932,2.3179366180618384e-06,0.08513044699427397,2.421898724312097e+28,3896258760.096889,0.1501650749306419,True,4.05752009620785e-05,0.1,0.09759000729485333
True,0.06212784518933688,2.0931567388727148e-29,6.979378126444627e-19,3.0980500914943576,2.544307097998693e-18,1.84636928535423e-18,3.5103102633555276e+25,0.0014695718625555,0.001399592250052857,2.0219998529542747e-06,0.00040898246924495285,68.39622973870554,2.3179366180618384e-06,0.08513044699427397,2.86639423587055e+28,3896258760.096889,0.1501650749306419,True,3.729672580921258e-05,0.1,0.09759000729485331
True,0.0675890376220525,1.7685681795691549e-29,5.897076811485527e-19,3.0980500914943576,2.1497580611167313e-18,1.5600503799681786e-18,4.9170586734360935e+25,0.0017392850798181462,0.0016564619807791867,2.0219998529542747e-06,0.00037593669666503463,62.869816204546474,2.3179366180618384e-06,0.08513044699427397,3.3924688233054036e+28,3896258760.096889,0.1501650749306419,True,3.428315136104077e-05,0.1,0.09759000729485331
True,0.07353028248047594,1.4943139936424842e-29,4.982609380167722e-19,3.0980500914943576,1.8163922605771693e-18,1.3181313225603968e-18,6.887558131371995e+25,0.002058499258156393,0.0019604754839584694,2.0219998529542743e-06,0.0003455610216260207,57.789936736186355,2.3179366180618384e-06,0.08513044699427397,4.0150948439246225e+28,3896258760.096889,0.1501650749306419,True,3.1513073647706546e-05,0.1,0.09759000729485333
True,0.07999377756925682,1.2625887638325153e-29,4.209949612150513e-19,3.0980500914943576,1.5347219317185646e-18,1.1137269705035134e-18,9.647730516072608e+25,0.002436299399678337,0.002320285142550797,2.0219998529542747e-06,0.00031763970031799596,53.120511393047536,2.3179366180618384e-06,0.08513044699427397,4.751992559213236e+28,3896258760.096889,0.1501650749306419,True,2.8966818139545352e-05,0.1,0.09759000729485331
True,0.08702542998524213,1.0667974691653171e-29,3.557107207197859e-19,3.0980500914943576,1.2967305899825463e-18,9.410198692627604e-19,1.351403535700066e+26,0.002883437893579301,0.0027461313272183815,2.0219998529542747e-06,0.00029197442102511974,48.828375492786655,2.3179366180618384e-06,0.08513044699427397,5.624134462723012e+28,3896258760.096889,0.1501650749306419,True,2.6626300008363674e-05,0.1,0.09759000729485331
True,0.09467518217350566,9.013677872144361e-30,3.0055019297572006e-19,3.0980500914943576,1.0956448775795785e-18,7.950946846038586e-19,1.89297525802585e+26,0.003412640534749856,0.0032501338426189105,2.021999852954274e-06,0.0002683828956128883,44.88304405850683,2.3179366180618384e-06,0.08513044699427397,6.6563421681842155e+28,3896258760.096889,0.1501650749306419,True,2.447489567960241e-05,0.1,0.09759000729485336
True,0.1029973666445142,7.615915028965502e-30,2.5394348057589517e-19,3.0980500914943576,9.257417901913833e-19,6.71798309615488e-19,2.651580547805619e+26,0.0040389687065397846,0.003846636863371223,2.0219998529542743e-06,0.00024669756482319244,41.256495298629474,2.3179366180618384e-06,0.08513044699427397,7.8779928455863125e+28,3896258760.096889,0.1501650749306419,True,2.249732476308238e-05,0.1,0.09759000729485333
True,0.11205109187181692,6.434905102130505e-30,2.1456413216214318e-19,3.0980500914943576,7.821857972812926e-19,5.676216651191494e-19,3.71419508611725e+26,0.004780248035588492,0.004552617176750945,2.0219998529542747e-06,0.00022676440818149746,37.9229715815862,2.3179366180618384e-06,0.08513044699427397,9.32385531076736e+28,3896258760.096889,0.1501650749306419,True,2.067954152374233e-05,0.1,0.09759000729485331
True,0.1219006621111034,5.4370359327721896e-30,1.8129139092718105e-19,3.0980500914943576,6.608912203715979e-19,4.795998294444169e-19,5.202649849409302e+26,0.005657575718462068,0.005388167350916255,2.0219998529542743e-06,0.0002084418500634932,34.85879649175068,2.3179366180618384e-06,0.08513044699427397,1.1035079564058016e+29,3896258760.096889,0.1501650749306419,True,1.9008635121538395e-05,0.1,0.09759000729485333
True,0.13261603412240283,4.593907643559302e-30,1.5317829729097182e-19,3.0980500914943576,5.584059525018279e-19,4.05227655210856e-19,7.287599285436112e+26,0.006695920958877807,0.006377067579883626,2.0219998529542743e-06,0.00019159975415152897,32.04220666724628,2.3179366180618384e-06,0.08513044699427397,1.3060367940766372e+29,3896258760.096889,0.1501650749306419,True,1.7472737911957102e-05,0.1,0.09759000729485333
True,0.14427331403930435,3.881524363366159e-30,1.2942473793687102e-19,3.0980500914943576,4.718132094630455e-19,3.4238847152617447e-19,1.0208087202162812e+27,0.007924835604273124,0.007547462480260118,2.0219998529542743e-06,0.00017611849913893942,29.453197225253852,2.3179366180618384e-06,0.08513044699427397,1.5457361205057998e+29,3896258760.096889,0.1501650749306419,True,1.6060941155844246e-05,0.1,0.09759000729485333
True,0.15695529791421722,3.279611292257484e-30,1.0935467416907381e-19,3.0980500914943576,3.9864851659705567e-19,2.892938424279819e-19,1.4298953639672333e+27,0.009379295206806077,0.008932662101720073,2.0219998529542743e-06,0.00016188812911744065,27.073379676951372,2.3179366180618384e-06,0.08513044699427397,1.8294279036185547e+29,3896258760.096889,0.1501650749306419,True,1.476321753987772e-05,0.1,0.09759000729485333
True,0.1707520597789095,2.771037670101098e-30,9.239690149851585e-20,3.0980500914943576,3.368295685614549e-19,2.444326670629391e-19,2.0029224980188176e+27,0.011100694445823048,0.010572089948402903,2.0219998529542743e-06,0.00014880757261319776,24.885851322921912,2.3179366180618384e-06,0.08513044699427397,2.1651861596163193e+29,3896258760.096889,0.1501650749306419,True,1.3570349957383707e-05,0.1,0.09759000729485333
True,0.18576159139703224,2.3413292261943048e-30,7.806879286501326e-20,3.0980500914943576,2.8459696583286816e-19,2.0652817296785487e-19,2.805588880251711e+27,0.013138025242036132,0.012512404992415363,2.0219998529542747e-06,0.00013678392472475935,22.8750752014095,2.3179366180618384e-06,0.08513044699427397,2.5625667436914442e+29,3896258760.096889,0.1501650749306419,True,1.2473866043661187e-05,0.1,0.09759000729485331
True,0.2020904982524852,1.9782562339658224e-30,6.596256281925476e-20,3.0980500914943576,2.4046414127831256e-19,1.7450157845905776e-19,3.9299218880300836e+27,0.015549271093154632,0.01480882961252822,2.0219998529542747e-06,0.00012573178726422727,21.026769736752634,2.3179366180618384e-06,0.08513044699427397,3.0328793146530305e+29,3896258760.096889,0.1501650749306419,True,1.1465978000850465e-05,0.1,0.09759000729485331
True,0.21985475671689472,1.6714854465750647e-30,5.573366173609774e-20,3.0980500914943576,2.0317505167877752e-19,1.4744138994267978e-19,5.504828649246827e+27,0.01840305731449053,0.017526721251895742,2.0219998529542747e-06,0.00011557266221500222,19.327807304221402,2.3179366180618384e-06,0.08513044699427397,3.589509213718963e+29,3896258760.096889,0.1501650749306419,True,1.0539527284950676e-05,0.1,0.09759000729485331
True,0.23918053777399972,1.4122860073143134e-30,4.709096975242205e-20,3.0980500914943576,1.7166843008370384e-19,1.245774603312818e-19,7.710875513802748e+27,0.021780604151246653,0.020743432524996813,2.0219998529542743e-06,0.00010623439419812729,17.76612099081308,2.3179366180618384e-06,0.08513044699427397,4.2482984183125524e+29,3896258760.096889,0.1501650749306419,True,9.687933762124828e-06,0.1,0.09759000729485333
True,0.26020510315146445,1.1932809648703294e-30,3.978851134389495e-20,3.0980500914943576,1.4504758159971375e-19,1.0525907025581878e-19,1.0800990362796818e+28,0.02577803834908266,0.02455051271341206,2.0219998529542747e-06,9.76506579873361e-05,16.330618889772925,2.3179366180618384e-06,0.08513044699427397,5.027996413007671e+29,3896258760.096889,0.1501650749306419,True,8.905148973174024e-06,0.1,0.09759000729485331
True,0.28307778022491015,1.0082373214400664e-30,3.361845473317817e-20,3.0980500914943576,1.2255486298597465e-19,8.893640825279648e-20,1.5129461318419759e+28,0.030509128971463313,0.029056313306155535,2.0219998529542743e-06,8.976048743287134e-05,15.011105320115435,2.3179366180618384e-06,0.08513044699427397,5.950793809644748e+29,3896258760.096889,0.1501650749306419,True,8.185613174240936e-06,0.1,0.09759000729485333
True,0.307961022618444,8.51888638360288e-31,2.840519688908041e-20,3.0980500914943576,1.0355011973216243e-19,7.514492284308201e-20,2.119255661721469e+28,0.036108525326579405,0.03438907173959943,2.0219998529542743e-06,8.250784244824555e-05,13.798208411606057,2.3179366180618384e-06,0.08513044699427397,7.042953903724744e+29,3896258760.096889,0.1501650749306419,True,7.524215848623202e-06,0.1,0.09759000729485333
True,0.33503156403461193,7.197851505147688e-31,2.400036577264614e-20,3.0980500914943576,8.749246692701444e-20,6.349210115436831e-20,2.968542280002076e+28,0.042735589156929335,0.04070056110183746,2.0219998529542747e-06,7.584121098446161e-05,12.683313540874684,2.3179366180618384e-06,0.08513044699427397,8.335560141505367e+29,3896258760.096889,0.1501650749306419,True,6.916259409231423e-06,0.1,0.09759000729485331
True,0.36448167350888566,6.081671236968101e-31,2.0278597591493495e-20,3.0980500914943576,7.392489539147401e-20,5.3646297799980514e-20,4.158178471493027e+28,0.05057893015767933,0.04817040967398031,2.0219998529542743e-06,6.97132431647039e-05,11.658502145889162,2.3179366180618384e-06,0.08513044699427397,9.865400771103566e+29,3896258760.096889,0.1501650749306419,True,6.357425833887406e-06,0.1,0.09759000729485333
True,0.3965205210041451,5.138578506115795e-31,1.7133968880857894e-20,3.0980500914943576,6.246126495894952e-20,4.532729607809163e-20,5.82455851050772e+28,0.05986177390702014,0.05701121324478108,2.0219998529542743e-06,6.40804149809375e-05,10.716495484217816,2.3179366180618384e-06,0.08513044699427397,1.1676015855236108e+30,3896258760.096889,0.1501650749306419,True,5.843745996489503e-06,0.1,0.09759000729485333
True,0.43137566304431935,4.341732401286282e-31,1.447698186650517e-20,3.0980500914943576,5.277531472465306e-20,3.8298332858147887e-20,8.15873634931949e+28,0.07084831498261987,0.06747458569773321,2.0219998529542743e-06,5.890271916381298e-05,9.85060293562283,2.3179366180618384e-06,0.08513044699427397,1.3818936444127339e+30,3896258760.096889,0.1501650749306419,True,5.3715714762189544e-06,0.1,0.09759000729485333
True,0.4692946589389276,3.668454266475374e-31,1.223201731136946e-20,3.0980500914943576,4.459137748998005e-20,3.235936017861059e-20,1.1428330352870766e+29,0.08385123607718334,0.07985832007350793,2.0219998529542743e-06,5.414338103027469e-05,9.054674481802717,2.3179366180618384e-06,0.08513044699427397,1.6355151176091747e+30,3896258760.096889,0.1501650749306419,True,4.9375486445616095e-06,0.1,0.09759000729485333
True,0.5105468290777841,3.0995822545936944e-31,1.033518235260196e-20,3.0980500914943576,3.767653413017101e-20,2.734135177756905e-20,1.6008206303325386e+29,0.09924060711106991,0.09451486391530467,2.0219998529542743e-06,4.9768597290674685e-05,8.323057025770332,2.3179366180618384e-06,0.08513044699427397,1.9356842046009287e+30,3896258760.096889,0.1501650749306419,True,4.538594846097602e-06,0.1,0.09759000729485333
True,0.5554251677841955,2.6189259712982134e-31,8.732492077349405e-21,3.0980500914943576,3.183398459446359e-20,2.3101492517114185e-20,2.2423456545028564e+29,0.11745441761536167,0.11186135010986825,2.0219998529542743e-06,4.57472959602645e-05,7.650554240623897,2.3179366180618384e-06,0.08513044699427397,2.290943874257055e+30,3896258760.096889,0.1501650749306419,True,4.171876503882544e-06,0.1,0.09759000729485333
True,0.6042484243127103,2.2128056879198275e-31,7.378333083960728e-21,3.0980500914943576,2.6897446873942214e-20,1.9519113789981486e-20,3.1409602918619015e+29,0.13901104214249557,0.13239146870713864,2.0219998529542743e-06,4.205091566983285e-05,7.032389662536406,2.3179366180618384e-06,0.08513044699427397,2.711405002180078e+30,3896258760.096889,0.1501650749306419,True,3.834788993913415e-06,0.1,0.09759000729485333
True,0.6573633667717687,1.8696630092461597e-31,6.2341653007710116e-21,3.0980500914943576,2.2726424528783814e-20,1.6492259228012804e-20,4.39969258764456e+29,0.164523993476558,0.1566895175967219,2.0219998529542743e-06,3.865320280803696e-05,6.464172765830353,2.3179366180618384e-06,0.08513044699427397,3.209034131502365e+30,3896258760.096889,0.1501650749306419,True,3.5249381457369925e-06,0.1,0.09759000729485333
True,0.7151472450507887,1.5797319155616967e-31,5.267425115548522e-21,3.0980500914943576,1.920220808625795e-20,1.3934782970709427e-20,6.162858828851936e+29,0.1947193835273017,0.1854470319307635,2.0219998529542743e-06,3.5530025054628626e-05,5.941867779185581,2.3179366180618384e-06,0.08513044699427397,3.797994046948801e+30,3896258760.096889,0.1501650749306419,True,3.24012323780866e-06,0.1,0.09759000729485333
True,0.7780104702446848,1.3347608166299562e-31,4.450598598096185e-21,3.0980500914943576,1.6224496507180313e-20,1.177389790908413e-20,8.632609708009597e+29,0.23045658885404338,0.2194824655752794,2.0219998529542743e-06,3.2659199980190434e-05,5.4617650214966975,2.3179366180618384e-06,0.08513044699427397,4.4950468550813857e+30,3896258760.096889,0.1501650749306419,True,2.9783213668257632e-06,0.1,0.09759000729485333
True,0.846399529606477,1.1277777071289972e-31,3.760438439439125e-21,3.0980500914943576,1.370854256599218e-20,9.948104126553055e-21,1.2092107322325926e+30,0.2727527089710354,0.2597644847343194,2.0219998529542743e-06,3.0020337495008832e-05,5.020454553792439,2.3179366180618384e-06,0.08513044699427397,5.320031042599852e+30,3896258760.096889,0.1501650749306419,True,2.7376730800184186e-06,0.1,0.09759000729485333
True,0.9208001577315016,9.528917397413759e-32,3.177302321278841e-21,3.0980500914943576,1.158274090049277e-20,8.405438579213929e-21,1.6937990299617247e+30,0.32281151353044985,0.3074395366956665,2.0219998529542743e-06,2.7594695028073933e-05,4.614801960079251,2.3179366180618384e-06,0.08513044699427397,6.296426090026509e+30,3896258760.096889,0.1501650749306419,True,2.51646916835083e-06,0.1,0.09759000729485333
True,1.0017407864966161,8.051255685651592e-32,2.6845938853634392e-21,3.0980500914943576,9.786590085861394e-21,7.101996200497955e-21,2.3725849245501367e+30,0.3820577022349058,0.3638644783189579,2.021999852954274e-06,2.5365044407612314e-05,4.241926085092044,2.3179366180618384e-06,0.08513044699427397,7.452020709975482e+30,3896258760.096889,0.1501650749306419,True,2.3131385268315938e-06,0.1,0.09759000729485336
True,1.089796298257657,6.802736912519661e-32,2.2682903924704312e-21,3.0980500914943576,8.268970732532421e-21,6.00068034006199e-21,3.323392636687091e+30,0.45217745253453234,0.4306451928900308,2.0219998529542743e-06,2.3315549497669283e-05,3.89917857083413,2.3179366180618384e-06,0.08513044699427397,8.819703728416101e+30,3896258760.096889,0.1501650749306419,True,2.12623699571061e-06,0.1,0.09759000729485333
True,1.1855921089623183,5.747827582153368e-32,1.9165436279301878e-21,3.0980500914943576,6.98669060168971e-21,5.0701469737595236e-21,4.655234256653755e+30,0.5351664091171924,0.509682294397326,2.021999852954275e-06,2.1431653721651713e-05,3.584125046564117,2.3179366180618384e-06,0.08513044699427397,1.0438400117824296e+31,3896258760.096889,0.1501650749306419,True,1.9544371033069612e-06,0.1,0.09759000729485329
True,1.2898086101788073,4.8565044244708653e-32,1.6193426952531098e-21,3.0980500914943576,5.903255331608818e-21,4.283912636355709e-21,6.520808208182555e+30,0.6333864809977835,0.603225219997889,2.021999852954274e-06,1.969997667396611e-05,3.294527838631446,2.3179366180618384e-06,0.08513044699427397,1.2354178822213366e+31,3896258760.096889,0.1501650749306419,True,1.7965186376160676e-06,0.1,0.09759000729485336
True,1.4031860015899118,4.103399917237775e-32,1.3682291007909834e-21,3.0980500914943576,4.987829789076392e-21,3.619600688285408e-21,9.134006441700655e+30,0.7496330626814525,0.7139362501728118,2.0219998529542747e-06,1.8108219085433216e-05,3.0283300773567006,2.3179366180618384e-06,0.08513044699427397,1.4621563903323256e+31,3896258760.096889,0.1501650749306419,True,1.65135997973069e-06,0.1,0.09759000729485331
True,1.5265295482753287,3.4670803131455006e-32,1.1560560205934002e-21,3.0980500914943576,4.214360485406561e-21,3.0583044648131604e-21,1.2794437593232374e+31,0.8872145925500748,0.8449662786191189,2.0219998529542747e-06,1.664507546749452e-05,2.783641088075552,2.3179366180618384e-06,0.08513044699427397,1.730508632387299e+31,3896258760.096889,0.1501650749306419,True,1.5179301375213046e-06,0.1,0.09759000729485331
True,1.6607153001222132,2.9294356241769533e-32,9.767848980683331e-22,3.0980500914943576,3.5608340805561124e-21,2.584049182487779e-21,1.792177774035366e+31,1.0500467127452255,1.0000444883287862,2.021999852954274e-06,1.53001538147648e-05,2.5587229625860046,2.3179366180618384e-06,0.08513044699427397,2.0481120532437164e+31,3896258760.096889,0.1501650749306419,True,1.3952814229948882e-06,0.1,0.09759000729485336
True,1.8066963139861723,2.475164201896262e-32,8.253135835100997e-22,3.0980500914943576,3.0086508719784345e-21,2.1833372884683345e-21,2.5103887141122143e+31,1.242763710387038,1.1835844860828932,2.0219998529542743e-06,1.4063901795616123e-05,2.351978215622318,2.3179366180618384e-06,0.08513044699427397,2.424005812011098e+31,3896258760.096889,0.1501650749306419,True,1.2825427213229149e-06,0.1,0.09759000729485333
True,1.9655094227957095,2.091337244548615e-32,6.97331124256012e-22,3.0980500914943576,2.5420954373821693e-21,1.8447643131261573e-21,3.516420964060882e+31,1.4708504118041905,1.4008099160039909,2.0219998529542747e-06,1.2927538906560681e-05,2.1619384386855116,2.3179366180618384e-06,0.08513044699427397,2.8688880412366596e+31,3896258760.096889,0.1501650749306419,True,1.1789133037317142e-06,0.1,0.09759000729485331
True,2.138282599677844,1.7670308366149693e-32,5.89195072723774e-22,3.0980500914943576,2.1478893656111577e-21,1.5586942928873836e-21,4.925618222777841e+31,1.740798283553684,1.6579031271939846,2.0219998529542743e-06,1.1882994108557652e-05,1.9872538706440497,2.3179366180618384e-06,0.08513044699427397,3.3954203213408266e+31,3896258760.096889,0.1501650749306419,True,1.083657140311113e-06,0.1,0.09759000729485333
True,2.3262429694086837,1.493015048475419e-32,4.978278204523731e-22,3.0980500914943576,1.814813346133211e-21,1.316985525680838e-21,6.8995478995617465e+31,2.0602901829468157,1.962181126616015,2.0219998529542743e-06,1.0922848502304993e-05,1.82668381102975,2.3179366180618384e-06,0.08513044699427397,4.0185880358038e+31,3896258760.096889,0.1501650749306419,True,9.960976723480066e-07,0.1,0.09759000729485333
True,2.53072552409051,1.2614912477952248e-32,4.20629007759114e-22,3.0980500914943576,1.5333878616071455e-21,1.1127588538480315e-21,9.664525155077974e+31,2.4384190161778267,2.3223038249312635,2.0219998529542743e-06,1.0040282635365878e-05,1.679087807939081,2.3179366180618384e-06,0.08513044699427397,4.7561268630000725e+31,3896258760.096889,0.1501650749306419,True,9.156130070552181e-07,0.1,0.09759000729485333
True,2.753182604958582,1.0658701463786038e-32,3.5540151614596944e-22,3.0980500914943576,1.2956033958720654e-21,9.402018797260957e-22,1.3537560407264926e+32,2.8859465271796263,2.7485205020758343,2.0219998529542747e-06,9.229028066878045e-06,1.5434175579518243,2.3179366180618384e-06,0.08513044699427397,5.62902754286091e+31,3896258760.096889,0.1501650749306419,True,8.416315005661469e-07,0.1,0.09759000729485331
True,2.9951942176623927,9.005842655878361e-33,3.00288937160485e-22,3.0980500914943576,1.0946924789373882e-21,7.944035417769033e-22,1.8962705237934497e+32,3.4156095824724977,3.252961507116664,2.0219998529542743e-06,8.483322845833295e-06,1.4187094605360857,2.3179366180618384e-06,0.08513044699427397,6.6621332842875125e+31,3896258760.096889,0.1501650749306419,True,7.736276978233292e-07,0.1,0.09759000729485333
True,3.2584792542858563,7.60929482995663e-33,2.5372273804239477e-22,3.0980500914943576,9.249370812550852e-22,6.712143432126904e-22,2.6561963834179287e+32,4.042482669032422,3.849983494316592,2.0219998529542743e-06,7.797870586710844e-06,1.3040777740571854,2.3179366180618384e-06,0.08513044699427397,7.8848468158416e+31,3896258760.096889,0.1501650749306419,True,7.111186005238955e-07,0.1,0.09759000729485333
True,3.5449077018110318,6.429311506060036e-33,2.143776204626733e-22,3.0980500914943576,7.815058756146e-22,5.671282551519267e-22,3.720660706768923e+32,4.7844069220575225,4.556578021007164,2.0219998529542747e-06,7.167802851798382e-06,1.198708324780845,2.3179366180618384e-06,0.08513044699427397,9.331967202745026e+31,3896258760.096889,0.1501650749306419,True,6.536602366149351e-07,0.1,0.09759000729485331
True,1e-06,1.8245931863466513e-20,1.0775794520633524e-09,3.0980500914943576,2.217858466481586e-09,1.140279014418234e-09,2356135.917133528,6.091696091268281e-14,5.80161532501741e-14,8.087999411817098e-07,10.163679813761267,1699724.149096247,2.3179366180618384e-06,0.08513044699427397,4.641339715900996e+19,3896258760.096889,0.1501650749306419,True,2.317165207143905,0.25,0.2439750182371333
True,1.0879024922894468e-06,1.5416511291788205e-20,9.10477793890952e-10,3.0980500914943576,1.8739322468129304e-09,9.634544529219785e-10,3300351.7290409845,7.209716239330428e-14,6.866396418409931e-14,8.087999411817097e-07,9.342454756558386,1562386.4832952502,2.3179366180618384e-06,0.08513044699427397,5.49317330028094e+19,3896258760.096889,0.1501650749306419,True,2.1299383203613442,0.25,0.24397501823713333
True,1.1835318327295895e-06,1.302585267709528e-20,7.692888088959208e-10,3.0980500914943576,1.5833391168626744e-09,8.140503079667537e-10,4622959.760587747,8.532928674195024e-14,8.126598737328594e-14,8.087999411817098e-07,8.587584662020188,1436145.6972189406,2.3179366180618384e-06,0.08513044699427397,6.501345463582747e+19,3896258760.096889,0.1501650749306419,True,1.9578393610248799,0.25,0.2439750182371333
True,1.287567230530417e-06,1.100591662756856e-20,6.499941848811143e-10,3.0980500914943576,1.3378086444967061e-09,6.878144596155917e-10,6475599.785306438,1.00989927123209e-13,9.618088297448477e-14,8.087999411817096e-07,7.893708050937508,1320105.1632822624,2.3179366180618384e-06,0.08513044699427397,7.694549311722294e+19,3896258760.096889,0.1501650749306419,True,1.7996459930013455,0.25,0.24397501823713336
True,1.4007475990842613e-06,9.299214709067451e-21,5.491987345891889e-10,3.0980500914943576,1.1303529043332163e-09,5.811541697440275e-10,9070680.851898557,1.1952479353535932e-13,1.138331367003422e-13,8.087999411817098e-07,7.255896651477947,1213440.7013850615,2.3179366180618384e-06,0.08513044699427397,9.106744048930888e+19,3896258760.096889,0.1501650749306419,True,1.654234644884454,0.25,0.2439750182371333
True,1.5238768041122235e-06,7.857173294292078e-21,4.640337669013679e-10,3.0980500914943576,9.550675977394529e-10,4.910338308380848e-10,12705734.425356377,1.41461397949529e-13,1.3472514090431333e-13,8.087999411817097e-07,6.669620396041395,1115394.72515724,2.3179366180618384e-06,0.08513044699427397,1.0778121474430414e+20,3896258760.096889,0.1501650749306419,True,1.5205725298075086,0.25,0.24397501823713333
True,1.6578293731357647e-06,6.6387511320004074e-21,3.9207544239107026e-10,3.0980500914943576,8.069640134112594e-10,4.148885710201891e-10,17797526.99092019,1.674240675756959e-13,1.594514929292342e-13,8.087999411817099e-07,6.130715246368682,1025270.8611871433,2.3179366180618384e-06,0.08513044699427397,1.2756249862014771e+20,3896258760.096889,0.1501650749306419,True,1.3977103100550172,0.25,0.24397501823713327
True,1.8035567068250495e-06,5.609271291579372e-21,3.3127578958888093e-10,3.0980500914943576,6.818270460458603e-10,3.5055125645697923e-10,24929843.202168792,1.9815171354090598e-13,1.887159176580057e-13,8.087999411817097e-07,5.635353618380668,942429.0030161636,2.3179366180618384e-06,0.08513044699427397,1.509742777794692e+20,3896258760.096889,0.1501650749306419,True,1.2847753543735272,0.25,0.24397501823713333
True,1.9620938363403183e-06,4.739434239502171e-21,2.7990441864572147e-10,3.0980500914943576,5.760952322451326e-10,2.9619081359941117e-10,34920418.01098502,2.345188606855771e-13,2.233512958910258e-13,8.087999411817098e-07,5.180017196689471,866280.7647704346,2.3179366180618384e-06,0.08513044699427397,1.7868286367536133e+20,3896258760.096889,0.1501650749306419,True,1.1809655400915293,0.25,0.2439750182371333
True,2.134566774660394e-06,4.0044839593131786e-21,2.3649927353468427e-10,3.0980500914943576,4.867593894086305e-10,2.5026011587394627e-10,48914691.68790609,2.7756053699685653e-13,2.6434336856843475e-13,8.087999411817098e-07,4.761471945696471,796285.3021389646,2.3179366180618384e-06,0.08513044699427397,2.1147685712307175e+20,3896258760.096889,0.1501650749306419,True,1.0855435560279258,0.25,0.2439750182371333
True,2.322200514111288e-06,3.383503382479882e-21,1.9982502117348545e-10,3.0980500914943576,4.112769728263357e-10,2.114519516528502e-10,68517136.94178128,3.285017310452984e-13,3.1285879147171276e-13,8.087999411817097e-07,4.3767451397929475,731945.4710166298,2.3179366180618384e-06,0.08513044699427397,2.5028959229076272e+20,3896258760.096889,0.1501650749306419,True,0.9978316657253388,0.25,0.24397501823713333
True,2.526327726897505e-06,2.8588190777061557e-21,1.688378932002423e-10,3.0980500914943576,3.474997135292965e-10,1.7866182032905418e-10,95975215.06732768,3.887922557988849e-13,3.7027833885608084e-13,8.087999411817098e-07,4.023104249519886,672804.2965287084,2.3179366180618384e-06,0.08513044699427397,2.9622569987702804e+20,3896258760.096889,0.1501650749306419,True,0.9172068938140241,0.25,0.2439750182371333
True,2.7483982304317225e-06,2.4154982558541314e-21,1.4265597978116963e-10,3.0980500914943576,2.9361247743362874e-10,1.509564976524591e-10,134437052.07715374,4.601480110567236e-13,4.3823620100640343e-13,8.087999411817097e-07,3.698037533725503,618441.7273581389,2.3179366180618384e-06,0.08513044699427397,3.505925454770631e+20,3896258760.096889,0.1501650749306419,True,0.8430966013174593,0.25,0.24397501823713333
True,2.989989284690576e-06,2.040923774972107e-21,1.2053412999645384e-10,3.0980500914943576,2.480816056771939e-10,1.2754747568074008e-10,188312377.92503896,5.445998188528395e-13,5.186664941455614e-13,8.087999411817096e-07,3.3992361998759026,568471.6523230434,2.3179366180618384e-06,0.08513044699427397,4.149374378898006e+20,3896258760.096889,0.1501650749306419,True,0.7749744184731084,0.25,0.24397501823713336
True,3.2528167947336175e-06,1.7244350498499966e-21,1.018427444561968e-10,3.0980500914943576,2.09611265888e-10,1.0776852143180322e-10,263778111.25634632,6.445512217111038e-13,6.138583063915275e-13,8.087999411817098e-07,3.1245780058122206,522539.15801472066,2.3179366180618384e-06,0.08513044699427397,4.910916663338357e+20,3896258760.096889,0.1501650749306419,True,0.7123565061811801,0.25,0.2439750182371333
True,3.5387474979516724e-06,1.4570246462006153e-21,8.60498565731992e-11,3.0980500914943576,1.7710657211861525e-10,9.105671554541606e-11,369486556.03330845,7.628468887198389e-13,7.265208463998465e-13,8.087999411817097e-07,2.872112186485272,480318.00801840064,2.3179366180618384e-06,0.08513044699427397,5.8122261989431286e+20,3896258760.096889,0.1501650749306419,True,0.6547981195282075,0.25,0.24397501823713333
True,3.849812222604668e-06,1.2310819243790579e-21,7.270599251626526e-11,3.0980500914943576,1.4964242382070366e-10,7.693643130443839e-11,517557406.2575688,9.02853576298656e-13,8.598605488558627e-13,8.087999411817098e-07,2.6400455986096967,441508.3258129054,2.3179366180618384e-06,0.08513044699427397,6.878954725474094e+20,3896258760.096889,0.1501650749306419,True,0.6018904489778414,0.25,0.2439750182371333
True,4.188220311817992e-06,1.0401764366065274e-21,6.143137895039357e-11,3.0980500914943576,1.264371770006236e-10,6.500579805023002e-11,724967294.2035674,1.0685559478432127e-12,1.0176723312792502e-12,8.087999411817097e-07,2.4267299848296395,405834.464891949,2.3179366180618384e-06,0.08513044699427397,8.141461893504228e+20,3896258760.096889,0.1501650749306419,True,0.553257716793338,0.25,0.24397501823713333
True,4.556375315484077e-06,8.788749130706182e-22,5.1905134489466046e-11,3.0980500914943576,1.068303982234432e-10,5.492526373397716e-11,1015496196.7702601,1.2646699793249814e-12,1.204447599357125e-12,8.087999411817098e-07,2.230650266939535,373043.05097958446,2.3179366180618384e-06,0.08513044699427397,9.635679315917172e+20,3896258760.096889,0.1501650749306419,True,0.5085545080690362,0.25,0.2439750182371333
True,4.956892061521242e-06,7.425866282309125e-22,4.3856137244535944e-11,3.0980500914943576,9.02640683327117e-11,4.640793108817576e-11,1422453859.5051413,1.4967771784285877e-12,1.425502074693893e-12,8.087999411817098e-07,2.050413785012315,342901.1824345861,2.3179366180618384e-06,0.08513044699427397,1.1404133200362052e+21,3896258760.096889,0.1501650749306419,True,0.4674633174144163,0.25,0.2439750182371333
True,5.392615227738732e-06,6.274327463742809e-22,3.705530855337465e-11,3.0980500914943576,7.626670093404663e-11,3.921139238067197e-11,1992498828.509967,1.77148343717341e-12,1.6871270830222953e-12,8.087999411817098e-07,1.8847404060057829,315194.77606211236,2.3179366180618384e-06,0.08513044699427397,1.3497154667316862e+21,3896258760.096889,0.1501650749306419,True,0.42969229386602353,0.25,0.2439750182371333
True,5.866639546214977e-06,5.301359279261883e-22,3.1309093282192355e-11,3.0980500914943576,6.443992364628872e-11,3.313083036409637e-11,2790987950.213517,2.09660703904795e-12,1.9967686086170952e-12,8.087999411817096e-07,1.7324534315933282,289727.04658374144,2.3179366180618384e-06,0.08513044699427397,1.5974312200044195e+21,3896258760.096889,0.1501650749306419,True,0.3949731680104477,0.25,0.24397501823713336
True,6.3823317836911014e-06,4.479270546560048e-22,2.6453951145516663e-11,3.0980500914943576,5.4447140215629345e-11,2.7993189070112683e-11,3909469670.334686,2.481401171438178e-12,2.3632392108935024e-12,8.087999411817096e-07,1.5924712406416592,266317.1089662849,2.3179366180618384e-06,0.08513044699427397,1.8906106994712946e+21,3896258760.096889,0.1501650749306419,True,0.36305934659570704,0.25,0.24397501823713336
True,6.943354654095699e-06,3.784664191270182e-22,2.2351702264319906e-11,3.0980500914943576,4.6003950810564546e-11,2.3652248546244633e-11,5476180254.414051,2.936817276169578e-12,2.796968834447217e-12,8.087999411817097e-07,1.4637996069761439,244798.69368240103,2.3179366180618384e-06,0.08513044699427397,2.2375979461234322e+21,3896258760.096889,0.1501650749306419,True,0.33372416109798897,0.25,0.24397501823713333
True,7.55369283304024e-06,3.197771354017221e-22,1.8885594494547725e-11,3.0980500914943576,3.887005785426595e-11,1.9984463359718223e-11,7670746343.52312,3.4758167332569017e-12,3.3103016507208587e-12,8.087999411817098e-07,1.3455246378704744,225018.9657781114,2.3179366180618384e-06,0.08513044699427397,2.6482683980874315e+21,3896258760.096889,0.1501650749306419,True,0.30675925780414387,0.25,0.2439750182371333
True,8.217681259053408e-06,2.701888758363324e-22,1.5956980600168326e-11,3.0980500914943576,3.284242703013707e-11,1.688544642996875e-11,10744779523.874386,4.1137397485437175e-12,3.917847379565445e-12,8.087999411817099e-07,1.2368062831061932,206837.43935963244,2.3179366180618384e-06,0.08513044699427397,3.1343099507482705e+21,3896258760.096889,0.1501650749306419,True,0.28197311797547353,0.25,0.24397501823713327
True,8.940035922564481e-06,2.282903326843297e-22,1.3482510701352747e-11,3.0980500914943576,2.7749508819202864e-11,1.4266998117850114e-11,15050724120.75678,4.868741943966506e-12,4.63689708949191e-12,8.087999411817098e-07,1.1368723685000337,190124.97978964215,2.3179366180618384e-06,0.08513044699427397,3.709555600351692e+21,3896258760.096889,0.1501650749306419,True,0.25918969758224614,0.25,0.2439750182371333
True,9.725887361315082e-06,1.928890515414543e-22,1.1391760093395981e-11,3.0980500914943576,2.344635611127073e-11,1.2054596017874746e-11,21082265676.62964,5.762311076030103e-12,5.48791531050486e-12,8.087999411817098e-07,1.0450131115220922,174762.88650606162,2.3179366180618384e-06,0.08513044699427397,4.3903771382965516e+21,3896258760.096889,0.1501650749306419,True,0.23824717694762507,0.25,0.2439750182371333
True,1.0580817100101087e-05,1.6297749347104026e-22,9.625224922867611e-12,3.0980500914943576,1.9810498934529108e-11,1.0185274011661498e-11,29530933029.795258,6.819878588571893e-12,6.495122465306564e-12,8.087999411817097e-07,0.9605760800519048,160642.04994905432,2.3179366180618384e-06,0.08513044699427397,5.196151100862188e+21,3896258760.096889,0.1501650749306419,True,0.21899681142033606,0.25,0.24397501823713333
True,1.1510897293658791e-05,1.3770435992005662e-22,8.132628676888931e-12,3.0980500914943576,1.6738458896234258e-11,8.605830219345326e-12,41365383540.204155,8.071543404925814e-12,7.68718419516744e-12,8.087999411817098e-07,0.8829615584668894,147662.1766083,2.3179366180618384e-06,0.08513044699427397,6.149810235543324e+21,3896258760.096889,0.1501650749306419,True,0.20130187491294896,0.25,0.2439750182371333
True,1.252273385425922e-05,1.1635036431801623e-22,6.87149128733835e-12,3.0980500914943576,1.4142804133649939e-11,7.2713128463115876e-12,57942461679.140114,9.552928558988244e-12,9.098027199036423e-12,8.087999411817098e-07,0.8116182881507463,135731.07668643285,2.3179366180618384e-06,0.08513044699427397,7.278496179011748e+21,3896258760.096889,0.1501650749306419,True,0.18503668880224525,0.25,0.2439750182371333
True,1.3623513370326033e-05,9.830776080578786e-23,5.805920125942512e-12,3.0980500914943576,1.1949660957603705e-11,6.1437408316611945e-12,81162764082.08728,1.1306195045354185e-11,1.0767804805099224e-11,8.087999411817097e-07,0.7460395521686217,124764.00931924724,2.3179366180618384e-06,0.08513044699427397,8.61433192226109e+21,3896258760.096889,0.1501650749306419,True,0.1700857292943994,0.25,0.24397501823713333
True,1.4821054149316291e-05,8.306304747127911e-23,4.90558848134424e-12,3.0980500914943576,1.0096611368740376e-11,5.191022887396136e-12,113688546923.02611,1.3381241743226246e-11,1.2744039755453568e-11,8.087999411817097e-07,0.6857595763004566,114683.08070210084,2.3179366180618384e-06,0.08513044699427397,1.0195336047694677e+22,3896258760.096889,0.1501650749306419,True,0.15634280691503968,0.25,0.24397501823713333
True,1.612386174739804e-05,7.018235181702725e-23,4.1448724450701406e-12,3.0980500914943576,8.530916608685103e-12,4.386044163614963e-12,159248959145.80725,1.5837125564558256e-11,1.508297672815072e-11,8.087999411817098e-07,0.6303502208707173,105416.69084768336,2.3179366180618384e-06,0.08513044699427397,1.2066504757822133e+22,3896258760.096889,0.1501650749306419,True,0.143710312296484,0.25,0.2439750182371333
True,1.75411893803248e-05,5.929908252249124e-23,3.502121641722796e-12,3.0980500914943576,7.208016187456635e-12,3.70589454573384e-12,223067597180.15717,1.8743742244590273e-11,1.7851183090085972e-11,8.087999411817098e-07,0.5794179398782063,96899.02504574489,2.3179366180618384e-06,0.08513044699427397,1.4281092490665539e+22,3896258760.096889,0.1501650749306419,True,0.13209852290534924,0.25,0.2439750182371333
True,1.9083103644576486e-05,5.0103496063751436e-23,2.959043047997989e-12,3.0980500914943576,6.090259668667094e-12,3.1312166206691038e-12,312461401183.5976,2.218381561095086e-11,2.112744343900082e-11,8.087999411817098e-07,0.5326009858281011,89069.58641286408,2.3179366180618384e-06,0.08513044699427397,1.6902127568858097e+22,3896258760.096889,0.1501650749306419,True,0.1214249657865509,0.25,0.2439750182371333
True,2.0760556015552625e-05,4.2333881251167615e-23,2.500180363694579e-12,3.0980500914943576,5.145835118453088e-12,2.645654754758509e-12,437679557514.432,2.6255251946964056e-11,2.500500185425148e-11,8.087999411817097e-07,0.4895668404134848,81872.7662121819,2.3179366180618384e-06,0.08513044699427397,2.0004206018600026e+22,3896258760.096889,0.1501650749306419,True,0.11161383179756923,0.25,0.24397501823713333
True,2.2585460630634318e-05,3.57691107923416e-23,2.1124741173445268e-12,3.0980500914943576,4.347863721236147e-12,2.235389603891619e-12,613078589356.5973,3.1073926455567364e-11,2.9594215671968916e-11,8.087999411817099e-07,0.4500098527977562,75257.44889129189,2.3179366180618384e-06,0.08513044699427397,2.3675614611493878e+22,3896258760.096889,0.1501650749306419,True,0.1025954371725748,0.25,0.24397501823713327
True,2.4570778909572255e-05,3.022234789397002e-23,1.7848899868392292e-12,3.0980500914943576,3.6736347946033944e-12,1.888744807764165e-12,858768362091.2197,3.677698112806212e-11,3.502569631244011e-11,8.087999411817097e-07,0.4136490687237314,69176.64903305407,2.3179366180618384e-06,0.08513044699427397,2.802084355214081e+22,3896258760.096889,0.1501650749306419,True,0.09430572859215246,0.25,0.24397501823713333
True,2.673061161321663e-05,2.553572878920202e-23,1.5081047568638029e-12,3.0980500914943576,3.103959431434014e-12,1.595854674570211e-12,1202917721368.7998,4.3526727876756896e-11,4.145402654929228e-11,8.087999411817097e-07,0.38022623503069997,63587.1776407779,2.3179366180618384e-06,0.08513044699427397,3.3163560323894317e+22,3896258760.096889,0.1501650749306419,True,0.08668582824338408,0.25,0.24397501823713333
True,2.9080298994439595e-05,2.1575869852447275e-23,1.2742409753235352e-12,3.0980500914943576,2.622624373588099e-12,1.3483833982645639e-12,1684984110103.256,5.151526801670021e-11,4.906216001590496e-11,8.087999411817098e-07,0.3495039654064303,58449.33538755048,2.3179366180618384e-06,0.08513044699427397,3.925012932997693e+22,3896258760.096889,0.1501650749306419,True,0.07968161563906088,0.25,0.2439750182371333
True,3.163652975257313e-05,1.8230071431781152e-23,1.0766427569461671e-12,3.0980500914943576,2.215930574118584e-12,1.1392878171724168e-12,2360237446722.2666,6.09699595693612e-11,5.806662816129638e-11,8.087999411817097e-07,0.3212640543463719,53726.63065101195,2.3179366180618384e-06,0.08513044699427397,4.645377750078102e+22,3896258760.096889,0.1501650749306419,True,0.07324334322589349,0.25,0.24397501823713333
True,3.4417459565213534e-05,1.5403110358034886e-23,9.096863533134523e-13,3.0980500914943576,1.8723033152458304e-12,9.62616961932378e-13,3306096936764.9805,7.215988799057501e-11,6.872370284816668e-11,8.087999411817097e-07,0.29530592734490824,49385.52033091352,2.3179366180618384e-06,0.08513044699427397,5.497952442271194e+22,3896258760.096889,0.1501650749306419,True,0.06732528305156821,0.25,0.24397501823713333
True,3.744284003926706e-05,1.3014529843705646e-23,7.686200980462307e-13,3.0980500914943576,1.5819627858489627e-12,8.133426878027321e-13,4631007346513.378,8.540352448304717e-11,8.133668998385445e-11,8.087999411817097e-07,0.2714452163111134,45395.1716086096,2.3179366180618384e-06,0.08513044699427397,6.5070017302613495e+22,3896258760.096889,0.1501650749306419,True,0.061885401981095635,0.25,0.24397501823713333
True,4.073415899711364e-05,1.0996349640795194e-23,6.494291718994652e-13,3.0980500914943576,1.3366457429374543e-12,6.872165710379891e-13,6486872421970.139,1.0107778985298681e-10,9.626456176474934e-11,8.087999411817097e-07,0.24951245009087944,41727.2429563769,2.3179366180618384e-06,0.08513044699427397,7.701243683390793e+22,3896258760.096889,0.1501650749306419,True,0.0568850631556698,0.25,0.24397501823713333
True,4.43147930942746e-05,9.291131287473846e-24,5.487213389112472e-13,3.0980500914943576,1.1293703354431385e-12,5.806489965318912e-13,9086470970640.65,1.1962878187296223e-10,1.1393217321234499e-10,8.087999411817098e-07,0.22935185079481724,38355.68284117406,2.3179366180618384e-06,0.08513044699427397,9.114667050900717e+22,3896258760.096889,0.1501650749306419,True,0.05228875157364277,0.25,0.2439750182371333
True,4.8210173852552404e-05,7.850343379481114e-24,4.636304015969969e-13,3.0980500914943576,9.54237397095156e-13,4.90606995498159e-13,12727852396273.625,1.415844714573148e-10,1.3484235376887123e-10,8.087999411817098e-07,0.21082022738283834,35256.54469313344,2.3179366180618384e-06,0.08513044699427397,1.0787498599472481e+23,3896258760.096889,0.1501650749306419,True,0.048063821844550894,0.25,0.2439750182371333
True,5.244796828789928e-05,6.632980341032144e-24,3.917346274731979e-13,3.0980500914943576,8.062625530691388e-13,4.1452792559594083e-13,17828508685579.145,1.6756972898992596e-10,1.5959021808564377e-10,8.087999411817097e-07,0.1937859586470619,32407.816824591937,2.3179366180618384e-06,0.08513044699427397,1.2767347988001557e+23,3896258760.096889,0.1501650749306419,True,0.044180266324606476,0.25,0.24397501823713333
True,5.705827541592349e-05,5.6043953847311786e-24,3.30987825287079e-13,3.0980500914943576,6.812343620784991e-13,3.5024653679142e-13,24973240736577.887,1.9832410846144778e-10,1.8888010329661692e-10,8.087999411817097e-07,0.17812805836968645,29789.2660916614,2.3179366180618384e-06,0.08513044699427397,1.5110562763335917e+23,3896258760.096889,0.1501650749306419,True,0.040610501986837896,0.25,0.24397501823713333
True,6.207384003072083e-05,4.735314445920489e-24,2.796611093456768e-13,3.0980500914943576,5.755944565575074e-13,2.959333472118307e-13,34981207003114.75,2.347228955618392e-10,2.235456148207992e-10,8.087999411817097e-07,0.1637353160160734,27382.294187938747,2.3179366180618384e-06,0.08513044699427397,1.788383204086645e+23,3896258760.096889,0.1501650749306419,True,0.037329174512115273,0.25,0.24397501823713333
True,6.753028527539761e-05,4.001003027522625e-24,2.3629369452673866e-13,3.0980500914943576,4.863362696633254e-13,2.500425751365868e-13,48999841722682.52,2.7780201876789966e-10,2.6457335120752346e-10,8.087999411817099e-07,0.1505055068598098,25169.80554968105,2.3179366180618384e-06,0.08513044699427397,2.1166084511554823e+23,3896258760.096889,0.1501650749306419,True,0.034312978209616506,0.25,0.24397501823713327
True,7.346636565612223e-05,3.380562243345069e-24,1.996513215717853e-13,3.0980500914943576,4.1091946681458167e-13,2.1126814524279638e-13,68636410648555.77,3.287875324083507e-10,3.1313098324604827e-10,8.087999411817098e-07,0.1383446659296435,23136.0859342387,2.3179366180618384e-06,0.08513044699427397,2.5050734793669757e+23,3896258760.096889,0.1501650749306419,True,0.03154049048771486,0.25,0.2439750182371333
True,7.992424229674335e-05,2.8563340248723475e-24,1.6869112942347048e-13,3.0980500914943576,3.4719764644341905e-13,1.7850651701994854e-13,96142287425726.73,3.891305108098962e-10,3.706004864856154e-10,8.087999411817097e-07,0.12716642062148645,21266.6908093479,2.3179366180618384e-06,0.08513044699427397,2.9648342061574993e+23,3896258760.096889,0.1501650749306419,True,0.028992019699613986,0.25,0.24397501823713333
True,8.694978238897252e-05,2.413398563420784e-24,1.4253197485564659e-13,3.0980500914943576,2.933572522867218e-13,1.5082527743107526e-13,134671078282054.56,4.605483466298359e-10,4.386174729807961e-10,8.087999411817097e-07,0.11689137723535328,19548.342760565847,2.3179366180618384e-06,0.08513044699427397,3.508975661752948e+23,3896258760.096889,0.1501650749306419,True,0.026649465283052634,0.25,0.24397501823713333
True,9.459288496498826e-05,2.039149684596773e-24,1.20429354677283e-13,3.0980500914943576,2.4786595862837874e-13,1.2743660395109574e-13,188640189569676.62,5.450736287473922e-10,5.191177416641831e-10,8.087999411817097e-07,0.10744655708009282,17968.837188181406,2.3179366180618384e-06,0.08513044699427397,4.152984395957992e+23,3896258760.096889,0.1501650749306419,True,0.024496189200715876,0.25,0.24397501823713333
True,0.00010290783530625965,1.7229360699947254e-24,1.0175421678311414e-13,3.0980500914943576,2.0942905950972478e-13,1.0767484272661063e-13,264237292630524.38,6.451119908039689e-10,6.143923721942561e-10,8.087999411817097e-07,0.09876487814084872,16516.955623813967,2.3179366180618384e-06,0.08513044699427397,4.9151892334455494e+23,3896258760.096889,0.1501650749306419,True,0.022516897768259214,0.25,0.24397501823713333
True,0.00011195369050579179,1.4557581151164331e-24,8.597505700242765e-14,3.0980500914943576,1.7695262072226373e-13,9.097756371983609e-14,370129753240732.44,7.635105767920555e-10,7.271529302781481e-10,8.087999411817097e-07,0.09078467862777118,15182.386051028068,2.3179366180618384e-06,0.08513044699427397,5.817282921672558e+23,3896258760.096889,0.1501650749306419,True,0.0206975330306242,0.25,0.24397501823713333
True,0.00012179469892225225,1.2300117959303268e-24,7.264279221298397e-14,3.0980500914943576,1.495123458691909e-13,7.686955365620692e-14,518458363201605.75,9.036390722591273e-10,8.606086402467879e-10,8.087999411817097e-07,0.08344927902198156,13955.649664040526,2.3179366180618384e-06,0.08513044699427397,6.884939517793663e+23,3896258760.096889,0.1501650749306419,True,0.019025172915145258,0.25,0.24397501823713333
True,0.000132500756505161,1.0392722543791155e-24,6.1377979200988e-14,3.0980500914943576,1.263272704075642e-13,6.494929120657618e-14,726229307479805.0,1.069485607316911e-09,1.0185577212542008e-09,8.087999411817097e-07,0.07670657950821119,12828.033544322,2.3179366180618384e-06,0.08513044699427397,8.14854508572671e+23,3896258760.096889,0.1501650749306419,True,0.01748793945228267,0.25,0.24397501823713333
True,0.00014414790323220164,8.781109435664565e-25,5.1860015509199765e-14,3.0980500914943576,1.0673753498984035e-13,5.487751948064058e-14,1017263958836959.1,1.2657702609056997e-09,1.2054954865768568e-09,8.087999411817098e-07,0.07050868993487219,11791.528776927367,2.3179366180618384e-06,0.08513044699427397,9.644062499389805e+23,3896258760.096889,0.1501650749306419,True,0.01607491441211797,0.25,0.2439750182371333
True,0.00015681886318461014,7.419411284792073e-25,4.3818014923683583e-14,3.0980500914943576,9.018560552247302e-14,4.6367590598789446e-14,1424930047975821.0,1.498079396704333e-09,1.4267422825755553e-09,8.087999411817096e-07,0.06481158967334424,10838.773567024899,2.3179366180618384e-06,0.08513044699427397,1.1414054964861527e+24,3896258760.096889,0.1501650749306419,True,0.014776061757418135,0.25,0.24397501823713336
True,0.00017060363209653513,6.268873451152239e-25,3.702309791078938e-14,3.0980500914943576,7.620040545464437e-14,3.9177307543854985e-14,1995967343565152.5,1.7730246539559176e-09,1.6885949085294453e-09,8.087999411817098e-07,0.0595748149606229,9963.000952608485,2.3179366180618384e-06,0.08513044699427397,1.350889739143883e+24,3896258760.096889,0.1501650749306419,True,0.013582156362490275,0.25,0.2439750182371333
True,0.0001856001165514522,5.296751027553095e-25,3.1281877586175916e-14,3.0980500914943576,6.438390869378044e-14,3.3102031107604514e-14,2795846464349466.0,2.0984311181711886e-09,1.9985058268297035e-09,8.087999411817097e-07,0.05476117150467242,9157.990742021155,2.3179366180618384e-06,0.08513044699427397,1.5988210087845538e+24,3896258760.096889,0.1501650749306419,True,0.01248471849155083,0.25,0.24397501823713333
True,0.00020191482936553665,4.475376902484451e-25,2.6430955823157083e-14,3.0980500914943576,5.43998115752335e-14,2.796885575207642e-14,3916275222345735.5,2.4835600271459506e-09,2.3652952639485244e-09,8.087999411817098e-07,0.05033647031125902,8418.025334925502,2.3179366180618384e-06,0.08513044699427397,1.892255558733353e+24,3896258760.096889,0.1501650749306419,True,0.011475953571240788,0.25,0.2439750182371333
True,0.00021966364609696568,3.781374339685355e-25,2.2332272856741962e-14,3.0980500914943576,4.596396148447545e-14,2.3631688627733486e-14,5485713115053971.0,2.9393723506219954e-09,2.7994022386876144e-09,8.087999411817098e-07,0.04626928485596899,7737.84911293852,2.3179366180618384e-06,0.08513044699427397,2.23954468942044e+24,3896258760.096889,0.1501650749306419,True,0.01054869682952018,0.25,0.2439750182371333
True,0.00023897262805427596,3.1949916640301406e-25,1.8869178030671842e-14,3.0980500914943576,3.883626972539332e-14,1.9967091694721478e-14,7684099475176896.0,3.478840745206332e-09,3.3131816621012686e-09,8.087999411817097e-07,0.042530727876720964,7112.6311115020335,2.3179366180618384e-06,0.08513044699427397,2.6505724307495934e+24,3896258760.096889,0.1501650749306419,True,0.009696362407738284,0.25,0.24397501823713333
True,0.00025997891764920577,2.6995401185462867e-25,1.5943109858865136e-14,3.0980500914943576,3.281387847069976e-14,1.6870768611834626e-14,1.076348389097867e+16,4.11731876294842e-09,3.921255964712781e-09,8.087999411817096e-07,0.03909424620143737,6537.930707864992,2.3179366180618384e-06,0.08513044699427397,3.1370368467475907e+24,3896258760.096889,0.1501650749306419,True,0.008912896584447272,0.25,0.24397501823713336
True,0.0002828317124532835,2.280918893681398e-25,1.3470790914085884e-14,3.0980500914943576,2.772538732230033e-14,1.4254596408214445e-14,1.507692421807043e+16,4.872977821444261e-09,4.640931258518344e-09,8.087999411817096e-07,0.035935432153634615,6009.666081475913,2.3179366180618384e-06,0.08513044699427397,3.712782968571421e+24,3896258760.096889,0.1501650749306419,True,0.008192734778730447,0.25,0.24397501823713336
True,0.0003076933248764192,1.9272138109043465e-25,1.1381857708903431e-14,3.0980500914943576,2.3425975166512447e-14,1.2044117457609018e-14,2.1118965400037508e+16,5.767324371864569e-09,5.4926898779662556e-09,8.087999411817097e-07,0.03303185019643623,5524.085222774715,2.3179366180618384e-06,0.08513044699427397,4.394196831320539e+24,3896258760.096889,0.1501650749306419,True,0.007530762027660373,0.25,0.24397501823713333
True,0.0003347403349938829,1.628358238966498e-25,9.616858114118785e-15,3.0980500914943576,1.9793278489590703e-14,1.0176420375471918e-14,2.9582340079246124e+16,6.825811983778902e-09,6.500773317884668e-09,8.087999411817097e-07,0.030362877583745614,5077.739284473464,2.3179366180618384e-06,0.08513044699427397,5.200671829147353e+24,3896258760.096889,0.1501650749306419,True,0.006922276657177418,0.25,0.24397501823713333
True,0.00036416484470964906,1.3758465923227474e-25,8.125559320140433e-15,3.0980500914943576,1.6723908848265906e-14,8.598349528125472e-15,4.1437391841297944e+16,8.078565767029424e-09,7.693872159075641e-09,8.087999411817097e-07,0.0279095578867994,4667.45808605289,2.3179366180618384e-06,0.08513044699427397,6.155160661375899e+24,3896258760.096889,0.1501650749306419,True,0.006362956888360256,0.25,0.24397501823713333
True,0.00039617584216382654,1.162492257727974e-25,6.865518185007655e-15,3.0980500914943576,1.4130510380692857e-14,7.264992195685202e-15,5.804332713401185e+16,9.561239748078856e-09,9.105942617217959e-09,8.087999411817098e-07,0.025654466355771344,4290.327597494896,2.3179366180618384e-06,0.08513044699427397,7.284828578303292e+24,3896258760.096889,0.1501650749306419,True,0.005848830141908832,0.25,0.2439750182371333
True,0.0004310006860748974,9.822230594735319e-26,5.800873280420055e-15,3.0980500914943576,1.1939273613032898e-14,6.138400332612843e-15,8.130405112582947e+16,1.131603160221077e-08,1.0777172954486447e-08,8.087999411817098e-07,0.023581586160155363,3943.6692423289473,2.3179366180618384e-06,0.08513044699427397,8.621826518400185e+24,3896258760.096889,0.1501650749306419,True,0.005376244822824338,0.25,0.2439750182371333
True,0.0004688867205593423,8.299084420976006e-26,4.901324256772587e-15,3.0980500914943576,1.0087834803308372e-14,5.186510546535784e-15,1.1388645441032966e+17,1.3392883621390466e-08,1.275512725846711e-08,8.087999411817097e-07,0.021676194628921997,3625.0208729917094,2.3179366180618384e-06,0.08513044699427397,1.020420614079875e+25,3896258760.096889,0.1501650749306419,True,0.0049418443848862304,0.25,0.24397501823713333
True,0.0005101030318979338,7.012134520991939e-26,4.14126947939256e-15,3.0980500914943576,8.523501036759374e-15,4.382231557366813e-15,1.5952617758348835e+17,1.585090409795836e-08,1.5096099140912725e-08,8.087999411817098e-07,0.01992475868246733,3332.1192833771347,2.3179366180618384e-06,0.08513044699427397,1.207700279537007e+25,3896258760.096889,0.1501650749306419,True,0.004542543490718842,0.25,0.2439750182371333
True,0.0005549423597261648,5.924753628991797e-26,3.499077392655778e-15,3.0980500914943576,7.201750557990116e-15,3.702673165334338e-15,2.234559102411601e+17,1.876004957747759e-08,1.786671388331199e-08,8.087999411817098e-07,0.0183148387136576,3062.884134372032,2.3179366180618384e-06,0.08513044699427397,1.4293517252284695e+25,3896258760.096889,0.1501650749306419,True,0.004175506098123966,0.25,0.2439750182371333
True,0.0006037231762230813,5.005994317303226e-26,2.956470874624323e-15,3.0980500914943576,6.0849656585751965e-15,3.1284947839508738e-15,3.130053297714931e+17,2.2203115858530014e-08,2.114582462717144e-08,8.087999411817099e-07,0.016835000235282824,2815.4031782079264,2.3179366180618384e-06,0.08513044699427397,1.6916832669748509e+25,3896258760.096889,0.1501650749306419,True,0.003838125317037176,0.25,0.24397501823713327
True,0.0006567919480659909,4.2297082164303574e-26,2.4980070606177016e-15,3.0980500914943576,5.141362057445795e-15,2.6433549968280934e-15,4.384414641779964e+17,2.627809440435343e-08,2.5026756575574695e-08,8.087999411817097e-07,0.015474732666393883,2587.918676684915,2.3179366180618384e-06,0.08513044699427397,2.0021609973607255e+25,3896258760.096889,0.1501650749306419,True,0.0035280048940415577,0.25,0.24397501823713333
True,0.0007145255972166317,3.5738018188115435e-26,2.1106378312246414e-15,3.0980500914943576,4.34408430366274e-15,2.233446472438098e-15,6.141458282863141e+17,3.1100961231025536e-08,2.9619963077167174e-08,8.087999411817097e-07,0.014224374680701347,2378.8149168026516,2.3179366180618384e-06,0.08513044699427397,2.369621274626037e+25,3896258760.096889,0.1501650749306419,True,0.0032429421929322157,0.25,0.24397501823713333
True,0.0007773341780165789,3.019607686063884e-26,1.7833384560150445e-15,3.0980500914943576,3.670441456267333e-15,1.887103000252289e-15,8.602632944596695e+17,3.6808977645407565e-08,3.505616918610244e-08,8.087999411817098e-07,0.0130750455868216,2186.6067351280103,2.3179366180618384e-06,0.08513044699427397,2.8045222100331802e+25,3896258760.096889,0.1501650749306419,True,0.0029809125504507076,0.25,0.2439750182371333
True,0.0008456637896060046,2.5513531639446798e-26,1.506793823958343e-15,3.0980500914943576,3.101261288259702e-15,1.5944674643013589e-15,1.2050117442946985e+18,4.356459677357169e-08,4.149009216530637e-08,8.087999411817097e-07,0.012018582252997413,2009.928969393557,2.3179366180618384e-06,0.08513044699427397,3.319241311171409e+25,3896258760.096889,0.1501650749306419,True,0.0027400548960757488,0.25,0.24397501823713333
True,0.0009199997443513106,2.1557114843801645e-26,1.2731333305021561e-15,3.0980500914943576,2.620344635012678e-15,1.3472113045105219e-15,1.687917307689136e+18,5.1560087061550864e-08,4.910484482052463e-08,8.087999411817097e-07,0.011047481128299277,1847.5267624065673,2.3179366180618384e-06,0.08513044699427397,3.928427752282462e+25,3896258760.096889,0.1501650749306419,True,0.002518658533734411,0.25,0.24397501823713333
True,0.0010008700147854446,1.8214224786911125e-26,1.0757068760591912e-15,3.0980500914943576,2.2140043575924396e-15,1.1382974815332484e-15,2.364346116198328e+18,6.102300433565449e-08,5.811714698633761e-08,8.087999411817097e-07,0.01015484494851216,1698.2466494019352,2.3179366180618384e-06,0.08513044699427397,4.649419297404645e+25,3896258760.096889,0.1501650749306419,True,0.002315150991550719,0.25,0.24397501823713333
True,0.0010888489835428595,1.53897210731574e-26,9.088956007024176e-16,3.0980500914943576,1.8706757996413726e-15,9.61780198938955e-16,3.3118521456689935e+18,7.222266816004272e-08,6.878349348575496e-08,8.087999411817098e-07,0.009334333748185202,1561.0283655367366,2.3179366180618384e-06,0.08513044699427397,5.50273574218563e+25,3896258760.096889,0.1501650749306419,True,0.0021280868533342357,0.25,0.2439750182371333
True,0.0011845615229231076,1.3003216852785405e-26,7.679519684791439e-16,3.0980500914943576,1.5805876512227107e-15,8.126356827435668e-16,4.639068941567903e+18,8.547782681207634e-08,8.140745410673937e-08,8.087999411817097e-07,0.008580119830906419,1434.8973153390018,2.3179366180618384e-06,0.08513044699427397,6.512662917975578e+25,3896258760.096889,0.1501650749306419,True,0.001956137492484058,0.25,0.24397501823713333
True,0.0012886874330582312,1.09867909702065e-26,6.488646500601593e-16,3.0980500914943576,1.3354838522402798e-15,6.866192021801207e-16,6.498164681887601e+18,1.0116572902463913e-07,9.634831335679918e-08,8.087999411817097e-07,0.007886846377978145,1318.9576506248447,2.3179366180618384e-06,0.08513044699427397,7.707943879261671e+25,3896258760.096889,0.1501650749306419,True,0.001798081635393119,0.25,0.24397501823713333
True,0.0014019662702061378,9.283054892463343e-27,5.482443582135669e-16,3.0980500914943576,1.1283886206594416e-15,5.801442624458746e-16,9.102288576608165e+18,1.19732860681956e-07,1.1403129588757713e-07,8.087999411817097e-07,0.007249589401510244,1212.3859077196828,2.3179366180618384e-06,0.08513044699427397,9.122596945999369e+25,3896258760.096889,0.1501650749306419,True,0.0016527966873291472,0.25,0.24397501823713333
True,0.0015252025994629973,7.843519401631771e-27,4.632273869213525e-16,3.0980500914943576,9.534079181098402e-16,4.901805311884878e-16,1.2750008869855988e+19,1.41707652040872e-07,1.3495966861035429e-07,8.087999411817097e-07,0.006663822771702432,1114.4251587918195,2.3179366180618384e-06,0.08513044699427397,1.0796883882751993e+26,3896258760.096889,0.1501650749306419,True,0.0015192507591842202,0.25,0.24397501823713333
True,0.0016592717092021373,6.627214566373087e-27,3.9139410881159587e-16,3.0980500914943576,8.055617024773956e-16,4.141675936657996e-16,1.78595443127538e+19,1.6771551713174016e-07,1.5972906393499063e-07,8.087999411817097e-07,0.006125386069921292,1024.3796357581248,2.3179366180618384e-06,0.08513044699427397,1.2778455769522031e+26,3896258760.096889,0.1501650749306419,True,0.0013964953384627502,0.25,0.24397501823713333
True,0.0018051258278263752,5.599523716306544e-27,3.307001113006993e-16,3.0980500914943576,6.806421933067248e-16,3.499420820060255e-16,2.5016713816828867e+19,1.9849665336811937e-07,1.890444317791613e-07,8.087999411817098e-07,0.005630455039247742,941.6097885779815,2.3179366180618384e-06,0.08513044699427397,1.5123709176356406e+26,3896258760.096889,0.1501650749306419,True,0.0012836585524534302,0.25,0.2439750182371333
True,0.001963800886988364,4.731198233504472e-27,2.7941801154431377e-16,3.0980500914943576,5.750941161734145e-16,2.9567610462910074e-16,3.50421018159011e+19,2.3492710795146034e-07,2.237401028109146e-07,8.087999411817098e-07,0.0051755144226195106,865.527742836954,2.3179366180618384e-06,0.08513044699427397,1.789939123916241e+26,3896258760.096889,0.1501650749306419,True,0.001179938975736716,0.25,0.2439750182371333
True,0.0021364238793148654,3.997525121561687e-27,2.3608829422009717e-16,3.0980500914943576,4.859135177184638e-16,2.498252234983666e-16,4.908513998548951e+19,2.780437106316535e-07,2.648035339349081e-07,8.087999411817097e-07,0.004757332995650974,795.593124357576,2.3179366180618384e-06,0.08513044699427397,2.1184499318029808e+26,3896258760.096889,0.1501650749306419,True,0.001084599938045535,0.25,0.24397501823713333
True,0.00232422086289333,3.37762366082048e-27,1.994777729599421e-16,3.0980500914943576,4.105622715679708e-16,2.1108449860802868e-16,6.875589198538929e+19,3.290735824228165e-07,3.134034118312538e-07,8.087999411817097e-07,0.004372940616800464,731.3092211814705,2.3179366180618384e-06,0.08513044699427397,2.5072529303326556e+26,3896258760.096889,0.1501650749306419,True,0.0009969642920506952,0.25,0.24397501823713333
True,0.0025285256693727822,2.8538511321918892e-27,1.6854449322236213e-16,3.0980500914943576,3.468958419319298e-16,1.7835134870956766e-16,9.630965062143086e+19,3.8946906010776783e-07,3.709229143883503e-07,8.087999411817098e-07,0.004019607131883473,672.2194556632186,2.3179366180618384e-06,0.08513044699427397,2.9674136557532414e+26,3896258760.096889,0.1501650749306419,True,0.0009164096039091005,0.25,0.2439750182371333
True,0.002750789377528488,2.41130069616297e-27,1.4240807772246132e-16,3.0980500914943576,2.9310224899644795e-16,1.5069417127398662e-16,1.3490551187661269e+20,4.6094903050081605e-07,4.3899907666744384e-07,8.087999411817098e-07,0.0036948229831006056,617.9041416189431,2.3179366180618384e-06,0.08513044699427397,3.512028522460438e+26,3896258760.096889,0.1501650749306419,True,0.0008423637324155355,0.25,0.2439750182371333
True,0.002992590619576578,2.0373771363646102e-27,1.2032467043495093e-16,3.0980500914943576,2.4765049903259783e-16,1.2732582859764688e-16,1.8896857186439853e+20,5.455478508635583e-07,5.195693817748174e-07,8.087999411817098e-07,0.0033962813848555495,567.9775034972012,2.3179366180618384e-06,0.08513044699427397,4.1565975537861946e+26,3896258760.096889,0.1501650749306419,True,0.0007743007653588652,0.25,0.2439750182371333
True,0.0032556467934393785,1.7214383931404607e-27,1.0166576606346538e-16,3.0980500914943576,2.092470115158958e-16,1.0758124545243044e-16,2.6469727334143797e+20,6.456732477742358e-07,6.149269026421293e-07,8.087999411817096e-07,0.0031218619397665056,522.0849364007938,2.3179366180618384e-06,0.08513044699427397,4.9194655207519056e+26,3896258760.096889,0.1501650749306419,True,0.000711737284220556,0.25,0.24397501823713336
True,0.0035418262605968454,1.4544926849751841e-27,8.590032245182014e-17,3.0980500914943576,1.7679880314947483e-16,9.089848069765469e-17,3.707740701171696e+20,7.641748422827079e-07,7.277855640787694e-07,8.087999411817098e-07,0.0028696155785034325,479.9004874987348,2.3179366180618384e-06,0.08513044699427397,5.822344043825527e+26,3896258760.096889,0.1501650749306419,True,0.0006542289306854457,0.25,0.2439750182371333
True,0.0038531616161595196,1.228942597699865e-27,7.257964684710462e-17,3.0980500914943576,1.493823809890455e-16,7.680273414194086e-17,5.193608885193251e+20,9.044252516126987e-07,8.613573824882844e-07,8.087999411817098e-07,0.002637750716486036,441.124540940065,2.3179366180618384e-06,0.08513044699427397,6.890929516971035e+26,3896258760.096889,0.1501650749306419,True,0.0006013672505783559,0.25,0.2439750182371333
True,0.004191864125413969,1.0383688581198079e-27,6.132462586976956e-17,3.0980500914943576,1.2621745935174714e-16,6.489283348197757e-17,7.274935176517102e+20,1.0704160756080948e-06,1.0194438815315189e-06,8.087999411817097e-07,0.002424620529120215,405.48168982657324,2.3179366180618384e-06,0.08513044699427397,8.15563444043114e+26,3896258760.096889,0.1501650749306419,True,0.0005527767928105427,0.25,0.24397501823713333
True,0.004560339429376579,8.773476381492917e-28,5.181493574899127e-17,3.0980500914943576,1.0664475247839406e-16,5.482981672940279e-17,1.0190347981999965e+21,1.2668714997476639e-06,1.2065442854739656e-06,8.087999411817098e-07,0.002228711255195031,372.7187801300588,2.3179366180618384e-06,0.08513044699427397,9.652452976356023e+26,3896258760.096889,0.1501650749306419,True,0.0005081124427311922,0.25,0.2439750182371333
True,0.004961204630904614,7.412961898336585e-28,4.3779925740983274e-17,3.0980500914943576,9.010721091670035e-17,4.6327285175717067e-17,1.4274105469619604e+21,1.4993827479292364e-06,1.4279835694564156e-06,8.087999411817098e-07,0.0020486314453649224,342.60311266103196,2.3179366180618384e-06,0.08513044699427397,1.142398536144283e+27,3896258760.096889,0.1501650749306419,True,0.00046705697094405046,0.25,0.2439750182371333
True,0.005397306882719067,6.263424179508568e-28,3.6990915267579536e-17,3.0980500914943576,7.613416760315226e-17,3.914325233557272e-17,1.9994418965645086e+21,1.774567211619813e-06,1.6900640110664886e-06,8.087999411817097e-07,0.001883102079354247,314.9207903182922,2.3179366180618384e-06,0.08513044699427397,1.3520650331904405e+27,3896258760.096889,0.1501650749306419,True,0.00042931878017959913,0.25,0.24397501823713333
True,0.005871743609361058,5.292146781606353e-28,3.125468554763506e-17,3.0980500914943576,6.43279424327467e-17,3.3073256885111656e-17,2.800713436121218e+21,2.1002567842702344e-06,2.000244556447842e-06,8.087999411817097e-07,0.001730947481691429,289.4751988806958,2.3179366180618384e-06,0.08513044699427397,1.6002120067014763e+27,3896258760.096889,0.1501650749306419,True,0.00039462983421989885,0.25,0.24397501823713333
True,0.006387884506708527,4.471486642992127e-28,2.6407980489677328e-17,3.0980500914943576,5.4352524075661417e-17,2.794454358598409e-17,3.923092621369829e+21,2.4857207610901053e-06,2.3673531058001e-06,8.087999411817097e-07,0.001591086971451568,266.0856105509115,2.3179366180618384e-06,0.08513044699427397,1.8939018490472932e+27,3896258760.096889,0.1501650749306419,True,0.0003627437541662547,0.25,0.24397501823713333
True,0.006949395475305349,3.77808734783204e-28,2.2312860338342047e-17,3.0980500914943576,4.5924006919448665e-17,2.3611146581106622e-17,5.495262570368969e+21,2.9419296480269637e-06,2.8018377600256797e-06,8.087999411817098e-07,0.0014625271866996008,244.58590033280026,2.3179366180618384e-06,0.08513044699427397,2.2414931264129003e+27,3896258760.096889,0.1501650749306419,True,0.0003334340685283983,0.25,0.2439750182371333
True,0.007560264657489693,3.1922143903122603e-28,1.8852775836947028e-17,3.0980500914943576,3.880251096713953e-17,1.994973513019251e-17,7.697475851781937e+21,3.481867388090868e-06,3.31606417913416e-06,8.087999411817097e-07,0.0013443550291182542,224.82336612546874,2.3179366180618384e-06,0.08513044699427397,2.652878467954238e+27,3896258760.096889,0.1501650749306419,True,0.0003064926047064198,0.25,0.24397501823713333
True,0.008224830763250849,2.6971935203044217e-28,1.592925117482201e-17,3.0980500914943576,3.278535472734099e-17,1.6856103552518983e-17,1.0782220818392591e+22,4.120900891148567e-06,3.9246675153795875e-06,8.087999411817096e-07,0.0012357311787098812,206.65764415369367,2.3179366180618384e-06,0.08513044699427397,3.1397661151867394e+27,3896258760.096889,0.1501650749306419,True,0.0002817280104409163,0.25,0.24397501823713336
True,0.008947813885999509,2.2789361855049246e-28,1.3459081314343905e-17,3.0980500914943576,2.7701286793214397e-17,1.424220547887049e-17,1.5103169924159746e+22,4.87721738419806e-06,4.644968937331485e-06,8.087999411817096e-07,0.0011358841325101988,189.95971203153607,2.3179366180618384e-06,0.08513044699427397,3.716013144649224e+27,3896258760.096889,0.1501650749306419,True,0.00025896439472992765,0.25,0.24397501823713336
True,0.009734349027120986,1.9255385638838242e-28,1.1371963932142926e-17,3.0980500914943576,2.340561193806396e-17,1.2033648005921031e-17,2.11557290098284e+22,5.7723420293405476e-06,5.4974685993719495e-06,8.087999411817098e-07,0.0010441047249738135,174.61097237839175,2.3179366180618384e-06,0.08513044699427397,4.3980198475339416e+27,3896258760.096889,0.1501650749306419,True,0.00023804007855974992,0.25,0.2439750182371333
True,0.01059002256742026,1.6269427746974432e-28,9.608498578289774e-18,3.0980500914943576,1.9776073013670827e-17,1.0167574435381053e-17,2.9633836617394253e+22,6.8317505411274425e-06,6.50642908678804e-06,8.087999411817098e-07,0.0009597410911124384,160.50241047883824,2.3179366180618384e-06,0.08513044699427397,5.205196490532943e+27,3896258760.096889,0.1501650749306419,True,0.00021880644657666377,0.25,0.2439750182371333
True,0.011520911944497985,1.3746506259533475e-28,8.118496108490474e-18,3.0980500914943576,1.6709371448050618e-17,8.590875339560144e-18,4.1509525493470275e+22,8.085594238691929e-06,7.70056594161136e-06,8.087999411817099e-07,0.0008821940366114083,147.53382000354412,2.3179366180618384e-06,0.08513044699427397,6.160515742158083e+27,3896258760.096889,0.1501650749306419,True,0.00020112689154355595,0.25,0.24397501823713327
True,0.012533628817866614,1.1614817514312046e-28,6.859550274847036e-18,3.0980500914943576,1.4118227314185244e-17,7.258677039338209e-18,5.814436817410543e+22,9.569558168026865e-06,9.113864921930347e-06,8.087999411817097e-07,0.0008109127820406648,135.613091291909,2.3179366180618384e-06,0.08513044699427397,7.291166486875848e+27,3896258760.096889,0.1501650749306419,True,0.00018487584408442026,0.25,0.24397501823713333
True,0.01363536602838792,9.813692537128213e-29,5.795830821911057e-18,3.0980500914943576,1.1928895297749838e-17,6.1330644758387795e-18,8.14455841201495e+22,1.1325876717017254e-05,1.0786549254302147e-05,8.087999411817099e-07,0.0007453910509333718,124.65555714144638,2.3179366180618384e-06,0.08513044699427397,8.62932763494873e+27,3896258760.096889,0.1501650749306419,True,0.0001699378808254741,0.25,0.24397501823713327
True,0.014833948685562074,8.291870371154111e-29,4.897063738914466e-18,3.0980500914943576,1.0079065866980627e-17,5.18200212806616e-18,1.1408470641231469e+23,1.3404535628160815e-05,1.2766224407772205e-05,8.087999411817097e-07,0.0006851634739476754,114.58339145736652,2.3179366180618384e-06,0.08513044699427397,1.0213083951014972e+28,3896258760.096889,0.1501650749306419,True,0.00015620690459845047,0.25,0.24397501823713333
True,0.01613788974551674,7.006039163332431e-29,4.137669645623581e-18,3.0980500914943576,8.516091910882696e-18,4.378422265259116e-18,1.5980387859928254e+23,1.5864694618886247e-05,1.5109232970367855e-05,8.087999411817097e-07,0.0006298022835721028,105.32505649125817,2.3179366180618384e-06,0.08513044699427397,1.2087509966365904e+28,3896258760.096889,0.1501650749306419,True,0.00014358539088344158,0.25,0.24397501823713333
True,0.017556450474439968,5.919603486434617e-29,3.496035789828176e-18,3.0980500914943576,7.195490374975348e-18,3.699454585147171e-18,2.2384489927229787e+23,1.8776371097985706e-05,1.7882258188557813e-05,8.087999411817097e-07,0.0005789142758986694,96.81479474286878,2.3179366180618384e-06,0.08513044699427397,1.4305952823630218e+28,3896258760.096889,0.1501650749306419,True,0.00013198369513914057,0.25,0.24397501823713333
True,0.01909970622689944,5.001642814103452e-29,2.953900937134283e-18,3.0980500914943576,6.079676250346689e-18,3.1257753132124055e-18,3.13550205222927e+23,2.2222432897609827e-05,2.1164221807247454e-05,8.087999411817097e-07,0.0005321380178846441,88.99216191620827,2.3179366180618384e-06,0.08513044699427397,1.6931550564294052e+28,3896258760.096889,0.1501650749306419,True,0.0001213194161007817,0.25,0.24397501823713333
True,0.020778618006240163,4.2260315065359277e-29,2.495835646703036e-18,3.0980500914943576,5.136892884684887e-18,2.6410572379818507e-18,4.392046971583921e+23,2.6300956735018475e-05,2.504853022382712e-05,8.087999411817098e-07,0.0004891412802674819,81.80159761278597,2.3179366180618384e-06,0.08513044699427397,2.0039029070312647e+28,3896258760.096889,0.1501650749306419,True,0.00011151681052358832,0.25,0.2439750182371333
True,0.02260511031531905,3.570695261140035e-29,2.1088031413121083e-18,3.0980500914943576,4.3403081713802534e-18,2.231505030068145e-18,6.15214925051148e+23,3.112801952713806e-05,2.9645732882988633e-05,8.087999411817097e-07,0.0004496186779001708,75.19203071282409,2.3179366180618384e-06,0.08513044699427397,2.3716828801708664e+28,3896258760.096889,0.1501650749306419,True,0.00010250625521493723,0.25,0.24397501823713333
True,0.024592155850513473,3.0169828663627156e-29,1.7817882738722437e-18,3.0980500914943576,3.66725089376782e-18,1.8854626198955766e-18,8.617608291861993e+23,3.6841002000196173e-05,3.5086668571615404e-05,8.087999411817098e-07,0.00041328950074741224,69.11651664165741,2.3179366180618384e-06,0.08513044699427397,2.806962185822016e+28,3896258760.096889,0.1501650749306419,True,9.422375253430753e-05,0.25,0.2439750182371333
True,0.026753867640544104,2.5491353784753055e-29,1.5054840305924763e-18,3.0980500914943576,3.098565490469324e-18,1.5930814598768478e-18,1.2071094124674309e+24,4.360249861688664e-05,4.152618915893965e-05,8.087999411817097e-07,0.0003798957201372534,63.53190394499831,2.3179366180618384e-06,0.08513044699427397,3.322129100188587e+28,3896258760.096889,0.1501650749306419,True,8.661047584882122e-05,0.25,0.24397501823713333
True,0.02910559928452991,2.1538376138107018e-29,1.2720266485104722e-18,3.0980500914943576,2.6180668781194304e-18,1.3460402296089584e-18,1.6908556113457666e+24,5.1604945099633234e-05,4.914756676155546e-05,8.087999411817097e-07,0.0003492001561075371,58.398527804912,2.3179366180618384e-06,0.08513044699427397,3.9318455425105004e+28,3896258760.096889,0.1501650749306419,True,7.961235171596398e-05,0.25,0.24397501823713333
True,0.03166405400121802,1.8198391916872134e-29,1.074771808694648e-18,3.0980500914943576,2.212079815446418e-18,1.13730800675177e-18,2.3684619379907327e+24,6.107609525167877e-05,5.8167709763503586e-05,8.087999411817098e-07,0.0003209847928307064,53.679928319692216,2.3179366180618384e-06,0.08513044699427397,4.653464360937118e+28,3896258760.096889,0.1501650749306419,True,7.317967582593089e-05,0.25,0.2439750182371333
True,0.03444740326391264,1.5376343427029843e-29,9.081055354598256e-19,3.0980500914943576,1.869049698768717e-18,9.609441633088917e-19,3.3176173731629486e+24,7.228550294918606e-05,6.884333614208196e-05,8.087999411817098e-07,0.00029504923015224234,49.342591546715816,2.3179366180618384e-06,0.08513044699427397,5.507523203641714e+28,3896258760.096889,0.1501650749306419,True,6.726675997582042e-05,0.25,0.2439750182371333
True,0.037475415863710185,1.2991913695778884e-29,7.672844196893745e-19,3.0980500914943576,1.5792137119439458e-18,8.119292922545713e-19,4.647144570138235e+24,8.555219378523032e-05,8.147827979545744e-05,8.087999411817097e-07,0.0002712092602447515,45.35571146902727,2.3179366180618384e-06,0.08513044699427397,6.518329031006821e+28,3896258760.096889,0.1501650749306419,True,6.183160756830353e-05,0.25,0.24397501823713333
True,0.04076959831771378,1.097724060857368e-29,6.483006189362731e-19,3.0980500914943576,1.334322971526496e-18,6.86022352590223e-19,6.509476599218597e+24,0.00010125374470467069,9.643213781397208e-05,8.087999411817097e-07,0.00024929555926837024,41.69097119501768,2.3179366180618384e-06,0.08513044699427397,7.714649904401992e+28,3896258760.096889,0.1501650749306419,True,5.6835615329992865e-05,0.25,0.24397501823713333
True,0.044353347619480454,9.274985517927962e-30,5.477677921354189e-19,3.0980500914943576,1.1274077592396783e-18,5.796399671042594e-19,9.118133717650626e+24,0.00011983703004105287,0.00011413050480100272,8.087999411817098e-07,0.0002291524847449682,38.32234183716294,2.3179366180618384e-06,0.08513044699427397,9.13053374022404e+28,3896258760.096889,0.1501650749306419,True,5.224329913095853e-05,0.25,0.2439750182371333
True,0.048252117416612984,7.836701355583296e-30,4.628247225696473e-19,3.0980500914943576,9.525791601561976e-19,4.897544375865502e-19,1.2772203913128369e+25,0.0001418309397933582,0.00013507708551748398,8.087999411817097e-07,0.00021063697010448613,35.22589764135489,2.3179366180618384e-06,0.08513044699427397,1.0806277331366718e+29,3896258760.096889,0.1501650749306419,True,4.802204195802017e-05,0.25,0.24397501823713333
True,0.05249359879577628,6.621453803662761e-30,3.910538861487409e-19,3.0980500914943576,8.048614611059987e-19,4.1380757495725787e-19,1.7890633966329163e+25,0.0001678614321113933,0.00015986803058227933,8.087999411817097e-07,0.0001936175085519008,32.379646053777684,2.3179366180618384e-06,0.08513044699427397,1.2789573214976664e+29,3896258760.096889,0.1501650749306419,True,4.414186225179036e-05,0.25,0.24397501823713333
True,0.05710791695916732,5.5946562826211816e-30,3.3041264741215273e-19,3.0980500914943576,6.80050539282699e-19,3.496378918705464e-19,2.5060262574430915e+25,0.00019866934839141097,0.00018920890322991519,8.087999411817098e-07,0.0001779732190377105,29.763371518375735,2.3179366180618384e-06,0.08513044699427397,1.5136867026950602e+29,3896258760.096889,0.1501650749306419,True,4.05752009620785e-05,0.25,0.2439750182371333
True,0.06212784518933688,4.7270855991411554e-30,2.7917512505778506e-19,3.0980500914943576,5.745942107144619e-19,2.9541908565667683e-19,3.5103102633555276e+25,0.00023513149800887995,0.0002239347600084571,8.087999411817097e-07,0.00016359298769798113,27.358491895482214,2.3179366180618384e-06,0.08513044699427397,1.791496397419094e+29,3896258760.096889,0.1501650749306419,True,3.729672580921258e-05,0.25,0.24397501823713333
True,0.0675890376220525,3.9940502388001184e-30,2.358830724594211e-19,3.0980500914943576,4.854911332543298e-19,2.496080607949086e-19,4.9170586734360935e+25,0.00027828561277090343,0.00026503391692466995,8.087999411817098e-07,0.00015037467866601387,25.14792648181859,2.3179366180618384e-06,0.08513044699427397,2.1202930145658767e+29,3896258760.096889,0.1501650749306419,True,3.428315136104077e-05,0.25,0.2439750182371333
True,0.07353028248047594,3.374687632683795e-30,1.993043752067089e-19,3.0980500914943576,4.102053868163724e-19,2.1090101160966355e-19,6.887558131371995e+25,0.0003293598813050229,0.0003136760774333552,8.087999411817098e-07,0.00013822440865040832,23.11597469447455,2.3179366180618384e-06,0.08513044699427397,2.5094342774528886e+29,3896258760.096889,0.1501650749306419,True,3.1513073647706546e-05,0.25,0.2439750182371333
True,0.07999377756925682,2.85137039778704e-30,1.6839798448602052e-19,3.0980500914943576,3.4659429976658266e-19,1.7819631528056212e-19,9.647730516072608e+25,0.00038980790394853396,0.0003712456228081276,8.087999411817098e-07,0.00012705588012719839,21.248204557219015,2.3179366180618384e-06,0.08513044699427397,2.969995349508272e+29,3896258760.096889,0.1501650749306419,True,2.8966818139545352e-05,0.25,0.2439750182371333
True,0.08702542998524213,2.409204652494138e-30,1.4228428828791436e-19,3.0980500914943576,2.9284746736995605e-19,1.505631790820417e-19,1.351403535700066e+26,0.0004613500629726882,0.0004393810123549411,8.087999411817098e-07,0.0001167897684100479,19.531350197114662,2.3179366180618384e-06,0.08513044699427397,3.515084039201882e+29,3896258760.096889,0.1501650749306419,True,2.6626300008363674e-05,0.25,0.2439750182371333
True,0.09467518217350566,2.035606128935094e-30,1.2022007719028805e-19,3.0980500914943576,2.4743522672690545e-19,1.2721514953661743e-19,1.89297525802585e+26,0.0005460224855599772,0.0005200214148190259,8.087999411817098e-07,0.00010735315824515537,17.953217623402743,2.3179366180618384e-06,0.08513044699427397,4.1602138551151335e+29,3896258760.096889,0.1501650749306419,True,2.447489567960241e-05,0.25,0.2439750182371333
True,0.1029973666445142,1.7199420181545587e-30,1.0157739223035804e-19,3.0980500914943576,2.0906512176883612e-19,1.074877295384781e-19,2.651580547805619e+26,0.0006462349930463657,0.0006154618981393958,8.087999411817097e-07,9.867902592927698e-05,16.50259811945179,2.3179366180618384e-06,0.08513044699427397,4.923745528491444e+29,3896258760.096889,0.1501650749306419,True,2.249732476308238e-05,0.25,0.24397501823713333
True,0.11205109187181692,1.453228354819863e-30,8.582565286485726e-20,3.0980500914943576,1.7664511928392114e-19,9.08194664190639e-20,3.71419508611725e+26,0.0007648396856941586,0.000728418748280151,8.087999411817097e-07,9.070576327259898e-05,15.169188632634478,2.3179366180618384e-06,0.08513044699427397,5.8274095692296e+29,3896258760.096889,0.1501650749306419,True,2.067954152374233e-05,0.25,0.24397501823713333
True,0.1219006621111034,1.2278743288790722e-30,7.251655637087242e-20,3.0980500914943576,1.4925252908197913e-19,7.67359727111067e-20,5.202649849409302e+26,0.0009052121149539311,0.000862106776146601,8.087999411817098e-07,8.33767400253973e-05,13.943518596700276,2.3179366180618384e-06,0.08513044699427397,6.896924727536259e+29,3896258760.096889,0.1501650749306419,True,1.9008635121538395e-05,0.25,0.2439750182371333
True,0.13261603412240283,1.0374662471453938e-30,6.127131891638874e-20,3.0980500914943576,1.2610774375012573e-19,6.483642483373698e-20,7.287599285436112e+26,0.0010713473534204494,0.0010203308127813805,8.087999411817098e-07,7.663990166061161e-05,12.816882666898517,2.3179366180618384e-06,0.08513044699427397,8.16272996297898e+29,3896258760.096889,0.1501650749306419,True,1.7472737911957102e-05,0.25,0.2439750182371333
True,0.14427331403930435,8.765849962418637e-31,5.1769895174748416e-20,3.0980500914943576,1.0655205061893631e-19,5.47821554441879e-20,1.0208087202162812e+27,0.0012679736966836998,0.0012075939968416189,8.087999411817097e-07,7.044739965557578e-05,11.781278890101543,2.3179366180618384e-06,0.08513044699427397,9.660850753161249e+29,3896258760.096889,0.1501650749306419,True,1.6060941155844246e-05,0.25,0.24397501823713333
True,0.15695529791421722,7.4065181180652185e-31,4.374186966762952e-20,3.0980500914943576,9.002888445610662e-20,4.6287014788477087e-20,1.4298953639672333e+27,0.001500687233088972,0.0014292259362752113,8.087999411817097e-07,6.475525164697626e-05,10.829351870780549,2.3179366180618384e-06,0.08513044699427397,1.1433924397615967e+30,3896258760.096889,0.1501650749306419,True,1.476321753987772e-05,0.25,0.24397501823713333
True,0.1707520597789095,6.257979644690674e-31,3.695876059940634e-20,3.0980500914943576,7.606798732947659e-20,3.9109226730070255e-20,2.0029224980188176e+27,0.0017761111113316881,0.0016915343917444647,8.087999411817098e-07,5.9523029045279114e-05,9.954340529168768,2.3179366180618384e-06,0.08513044699427397,1.3532413497601993e+30,3896258760.096889,0.1501650749306419,True,1.3570349957383707e-05,0.25,0.2439750182371333
True,0.18576159139703224,5.287546537939617e-31,3.1227517146005293e-20,3.0980500914943576,6.427202482086208e-20,3.3044507674856777e-20,2.805588880251711e+27,0.002102084038725781,0.002001984798786458,8.087999411817097e-07,5.471356988990374e-05,9.1500300805638,2.3179366180618384e-06,0.08513044699427397,1.6016042148071526e+30,3896258760.096889,0.1501650749306419,True,1.2473866043661187e-05,0.25,0.24397501823713333
True,0.2020904982524852,4.467599765141007e-31,2.63850251277019e-20,3.0980500914943576,5.430527768115115e-20,2.7920252553449254e-20,3.9299218880300836e+27,0.0024878833749047416,0.0023694127380045156,8.087999411817098e-07,5.029271490569091e-05,8.410707894701055,2.3179366180618384e-06,0.08513044699427397,1.8955495716581439e+30,3896258760.096889,0.1501650749306419,True,1.1465978000850465e-05,0.25,0.2439750182371333
True,0.21985475671689472,3.77480321322439e-31,2.2293464694439092e-20,3.0980500914943576,4.5884087085267845e-20,2.359062239082876e-20,5.504828649246827e+27,0.002944489170318485,0.002804275400303319,8.087999411817097e-07,4.6229064886000883e-05,7.73112292168856,2.3179366180618384e-06,0.08513044699427397,2.2434432585743518e+30,3896258760.096889,0.1501650749306419,True,1.0539527284950676e-05,0.25,0.24397501823713333
True,0.23918053777399972,3.189439530763215e-31,1.8836387900968815e-20,3.0980500914943576,3.8768781553973906e-20,1.9932393653005092e-20,7.710875513802748e+27,0.0034848966641994653,0.0033189492039994908,8.087999411817097e-07,4.249375767925091e-05,7.106448396325231,2.3179366180618384e-06,0.08513044699427397,2.655186511445345e+30,3896258760.096889,0.1501650749306419,True,9.687933762124828e-06,0.25,0.24397501823713333
True,0.26020510315146445,2.6948489618630566e-31,1.591540453755798e-20,3.0980500914943576,3.275685577848898e-20,1.6841451240931005e-20,1.0800990362796818e+28,0.004124486135853226,0.003928082034145929,8.087999411817098e-07,3.9060263194934436e-05,6.532247555909169,2.3179366180618384e-06,0.08513044699427397,3.142497758129794e+30,3896258760.096889,0.1501650749306419,True,8.905148973174024e-06,0.25,0.2439750182371333
True,0.28307778022491015,2.2769552008144264e-31,1.344738189327127e-20,3.0980500914943576,2.7677207213718716e-20,1.422982532044744e-20,1.5129461318419759e+28,0.004881460635434132,0.004649010128984887,8.087999411817099e-07,3.590419497314855e-05,6.004442128046176,2.3179366180618384e-06,0.08513044699427397,3.719246131027966e+30,3896258760.096889,0.1501650749306419,True,8.185613174240936e-06,0.25,0.24397501823713327
True,0.307961022618444,1.9238647730860465e-31,1.1362078755632161e-20,3.0980500914943576,2.338526641052528e-20,1.2023187654893121e-20,2.119255661721469e+28,0.005777364052252704,0.005502251478335909,8.087999411817097e-07,3.300313697929822e-05,5.519283364642423,2.3179366180618384e-06,0.08513044699427397,4.401846189827966e+30,3896258760.096889,0.1501650749306419,True,7.524215848623202e-06,0.25,0.24397501823713333
True,0.33503156403461193,1.6255285408327555e-31,9.600146309058457e-21,3.0980500914943576,1.9758882493757384e-20,1.0158736184698927e-20,2.968542280002076e+28,0.006837694265108693,0.006512089776293993,8.087999411817098e-07,3.0336484393784644e-05,5.073325416349873,2.3179366180618384e-06,0.08513044699427397,5.209725088440854e+30,3896258760.096889,0.1501650749306419,True,6.916259409231423e-06,0.25,0.2439750182371333
True,0.36448167350888566,1.3734556991878998e-31,8.111439036597398e-21,3.0980500914943576,1.6694846684594278e-20,8.583407647996883e-21,4.158178471493027e+28,0.008092628825228694,0.007707265547836851,8.087999411817097e-07,2.788529726588156e-05,4.663400858355665,2.3179366180618384e-06,0.08513044699427397,6.165875481939728e+30,3896258760.096889,0.1501650749306419,True,6.357425833887406e-06,0.25,0.24397501823713333
True,0.3965205210041451,1.1604721235256408e-31,6.853587552343157e-21,3.0980500914943576,1.4105954924837818e-20,7.252367372494662e-21,5.82455851050772e+28,0.009577883825123222,0.009121794119164974,8.087999411817097e-07,2.5632165992374998e-05,4.2865981936871265,2.3179366180618384e-06,0.08513044699427397,7.297509909522568e+30,3896258760.096889,0.1501650749306419,True,5.843745996489503e-06,0.25,0.24397501823713333
True,0.43137566304431935,9.8051619013004e-32,5.790792746602068e-21,3.0980500914943576,1.191852600390573e-20,6.127733257303663e-21,8.15873634931949e+28,0.01133573039721918,0.010795933711637314,8.087999411817098e-07,2.3561087665525196e-05,3.9402411742491323,2.3179366180618384e-06,0.08513044699427397,8.636835277579586e+30,3896258760.096889,0.1501650749306419,True,5.3715714762189544e-06,0.25,0.2439750182371333
True,0.4692946589389276,8.284662592206472e-32,4.892806924547784e-21,3.0980500914943576,1.0070304553125478e-20,5.177497628577695e-21,1.1428330352870766e+29,0.013416197772349337,0.012777331211761273,8.087999411817097e-07,2.1657352412109876e-05,3.621869792721087,2.3179366180618384e-06,0.08513044699427397,1.022196948505734e+31,3896258760.096889,0.1501650749306419,True,4.9375486445616095e-06,0.25,0.24397501823713333
True,0.5105468290777841,6.999949104114519e-32,4.134072941040784e-21,3.0980500914943576,8.508689225451833e-21,4.374616284411049e-21,1.6008206303325386e+29,0.01587849713777119,0.01512237822644875,8.087999411817098e-07,1.9907438916269877e-05,3.3292228103081336,2.3179366180618384e-06,0.08513044699427397,1.20980262787558e+31,3896258760.096889,0.1501650749306419,True,4.538594846097602e-06,0.25,0.2439750182371333
True,0.5554251677841955,5.91445782068276e-32,3.4929968309397624e-21,3.0980500914943576,7.189235633678033e-21,3.696238802738272e-21,2.2423456545028564e+29,0.018792706818457877,0.01789781601757893,8.087999411817099e-07,1.8298918384105807e-05,3.06022169624956,2.3179366180618384e-06,0.08513044699427397,1.4318399214106585e+31,3896258760.096889,0.1501650749306419,True,4.171876503882544e-06,0.25,0.24397501823713327
True,0.6042484243127103,4.997295093484893e-32,2.9513332335842917e-21,3.0980500914943576,6.0743914399813305e-21,3.123058206397038e-21,3.1409602918619015e+29,0.022241766742799294,0.021182634993142185,8.087999411817098e-07,1.6820366267933143e-05,2.812955865014563,2.3179366180618384e-06,0.08513044699427397,1.6946281263625484e+31,3896258760.096889,0.1501650749306419,True,3.834788993913415e-06,0.25,0.2439750182371333
True,0.6573633667717687,4.2223579926528784e-32,2.493666120308405e-21,3.0980500914943576,5.1324275967904544e-21,2.6387614764820494e-21,4.39969258764456e+29,0.026323838956249287,0.02507032281547551,8.087999411817098e-07,1.5461281123214788e-05,2.5856691063321415,2.3179366180618384e-06,0.08513044699427397,2.005646332188978e+31,3896258760.096889,0.1501650749306419,True,3.5249381457369925e-06,0.25,0.2439750182371333
True,0.7151472450507887,3.567591403870243e-32,2.1069700462194086e-21,3.0980500914943576,4.336535321532917e-21,2.2295652753135084e-21,6.162858828851936e+29,0.031155101364368273,0.029671525108922164,8.087999411817097e-07,1.4212010021851449e-05,2.3767471116742325,2.3179366180618384e-06,0.08513044699427397,2.3737462793430007e+31,3896258760.096889,0.1501650749306419,True,3.24012323780866e-06,0.25,0.24397501823713333
True,0.7780104702446848,3.0143603283084286e-32,1.780239439238474e-21,3.0980500914943576,3.664063104691935e-21,1.883823665453461e-21,8.632609708009597e+29,0.036873054216646946,0.03511719449204471,8.087999411817099e-07,1.3063679992076178e-05,2.18470600859868,2.3179366180618384e-06,0.08513044699427397,2.809404284425866e+31,3896258760.096889,0.1501650749306419,True,2.9783213668257632e-06,0.25,0.24397501823713327
True,0.846399529606477,2.5469195208348423e-32,1.5041753757756502e-21,3.0980500914943576,3.0958720360241393e-21,1.591696660248489e-21,1.2092107322325926e+30,0.04364043343536567,0.04156231755749112,8.087999411817098e-07,1.2008134998003535e-05,2.008181821516976,2.3179366180618384e-06,0.08513044699427397,3.325019401624906e+31,3896258760.096889,0.1501650749306419,True,2.7376730800184186e-06,0.25,0.2439750182371333
True,0.9208001577315016,2.1519653721191936e-32,1.2709209285115365e-21,3.0980500914943576,2.6157911011857646e-21,1.3448701726742287e-21,1.6937990299617247e+30,0.05164984216487197,0.04919032587130664,8.087999411817097e-07,1.1037878011229573e-05,1.8459207840317002,2.3179366180618384e-06,0.08513044699427397,3.9352663062665687e+31,3896258760.096889,0.1501650749306419,True,2.51646916835083e-06,0.25,0.24397501823713333
True,1.0017407864966161,1.818257280969028e-32,1.0738375541453758e-21,3.0980500914943576,2.210156946225049e-21,1.1363193920796732e-21,2.3725849245501367e+30,0.06112923235758495,0.058218316531033286,8.087999411817097e-07,1.0146017763044928e-05,1.696770434036818,2.3179366180618384e-06,0.08513044699427397,4.657512943734674e+31,3896258760.096889,0.1501650749306419,True,2.3131385268315938e-06,0.25,0.24397501823713333
True,1.089796298257657,1.536297740953509e-32,9.073161569881724e-22,3.0980500914943576,1.867425011398091e-21,9.601088544099183e-22,3.323392636687091e+30,0.07234839240552518,0.06890323086240493,8.087999411817097e-07,9.326219799067714e-06,1.5596714283336521,2.3179366180618384e-06,0.08513044699427397,5.5123148302600625e+31,3896258760.096889,0.1501650749306419,True,2.12623699571061e-06,0.25,0.24397501823713333
True,1.1855921089623183,1.2980620364137838e-32,7.666174511720748e-22,3.0980500914943576,1.5778409669735985e-21,8.112235158015237e-22,4.655234256653755e+30,0.08562662545875077,0.08154916710357216,8.087999411817099e-07,8.572661488660685e-06,1.4336500186256467,2.3179366180618384e-06,0.08513044699427397,6.524000073640187e+31,3896258760.096889,0.1501650749306419,True,1.9544371033069612e-06,0.25,0.24397501823713327
True,1.2898086101788073,1.0967698548674031e-32,6.477370781012441e-22,3.0980500914943576,1.3331630999181577e-21,6.854260218169136e-22,6.520808208182555e+30,0.1013418369596454,0.09651603519966227,8.087999411817097e-07,7.879990669586447e-06,1.3178111354525788,2.3179366180618384e-06,0.08513044699427397,7.721361763883351e+31,3896258760.096889,0.1501650749306419,True,1.7965186376160676e-06,0.25,0.24397501823713333
True,1.4031860015899118,9.266923157765128e-33,5.472916403163934e-22,3.0980500914943576,1.1264277504420586e-21,5.791361101256654e-22,9.134006441700655e+30,0.11994129002903241,0.1142298000276499,8.087999411817099e-07,7.243287634173288e-06,1.2113320309426805,2.3179366180618384e-06,0.08513044699427397,9.138477439577035e+31,3896258760.096889,0.1501650749306419,True,1.65135997973069e-06,0.25,0.24397501823713327
True,1.5265295482753287,7.829889236179427e-33,4.6242240823736e-22,3.0980500914943576,9.517511226074656e-22,4.893287143701057e-22,1.2794437593232374e+31,0.14195433480801195,0.135194604579059,8.087999411817097e-07,6.658030186997807e-06,1.1134564352302208,2.3179366180618384e-06,0.08513044699427397,1.081567895242062e+32,3896258760.096889,0.1501650749306419,True,1.5179301375213046e-06,0.25,0.24397501823713333
True,1.6607153001222132,6.615698048544488e-33,3.9071395922733333e-22,3.0980500914943576,8.041618284253781e-22,4.134478691980449e-22,1.792177774035366e+31,0.1680074740392362,0.16000711813260587,8.087999411817097e-07,6.120061525905922e-06,1.0234891850344021,2.3179366180618384e-06,0.08513044699427397,1.2800700332773223e+32,3896258760.096889,0.1501650749306419,True,1.3952814229948882e-06,0.25,0.24397501823713333
False,1.8066963139861723,5.589793079994012e-33,3.3012543340403996e-22,3.0980500914943576,6.794593995589735e-22,3.493339661549336e-22,2.5103887141122143e+31,0.1988421936619261,0.18937351777326294,8.087999411817098e-07,5.62556071824645e-06,0.9407912862489273,2.3179366180618384e-06,0.08513044699427397,1.5150036325069362e+32,3896258760.096889,0.1501650749306419,False,1.2825427213229149e-06,0.25,0.2439750182371333
False,1.9655094227957095,4.7229765397203084e-33,2.7893244970240474e-22,3.0980500914943576,5.740947398025898e-22,2.9516229010018513e-22,3.516420964060882e+31,0.23533606588867045,0.22412958656063853,8.087999411817097e-07,5.171015562624272e-06,0.8647753754742046,2.3179366180618384e-06,0.08513044699427397,1.7930550257729124e+32,3896258760.096889,0.1501650749306419,False,1.1789133037317142e-06,0.25,0.24397501823713333
False,2.138282599677844,3.9905783766100065e-33,2.3567802908950964e-22,3.0980500914943576,4.850691159514912e-22,2.493910868619815e-22,4.925618222777841e+31,0.27852772536858955,0.26526450035103766,8.087999411817098e-07,4.753197643423061e-06,0.79490154825762,2.3179366180618384e-06,0.08513044699427397,2.122137700838016e+32,3896258760.096889,0.1501650749306419,False,1.083657140311113e-06,0.25,0.2439750182371333
False,2.3262429694086837,3.37175415671457e-33,1.9913112818094924e-22,3.0980500914943576,4.0984881228988337e-22,2.107176841089341e-22,6.8995478995617465e+31,0.32964642927149057,0.31394898025856244,8.087999411817098e-07,4.369139400921998e-06,0.7306735244119001,2.3179366180618384e-06,0.08513044699427397,2.5116175223773744e+32,3896258760.096889,0.1501650749306419,False,9.960976723480066e-07,0.25,0.2439750182371333
False,2.53072552409051,2.848891819781698e-33,1.682516031036456e-22,3.0980500914943576,3.4629301971933057e-22,1.7804141661568502e-22,9.664525155077974e+31,0.39014704258845223,0.3715686119890021,8.087999411817097e-07,4.016113054146352e-06,0.6716351231756325,2.3179366180618384e-06,0.08513044699427397,2.9725792893750453e+32,3896258760.096889,0.1501650749306419,False,9.156130070552181e-07,0.25,0.24397501823713333
False,2.753182604958582,2.4071104308291183e-33,1.4216060645838777e-22,3.0980500914943576,2.925929072145631e-22,1.504323007561753e-22,1.3537560407264926e+32,0.46175144434874016,0.43976328033213347,8.087999411817097e-07,3.6916112267512176e-06,0.6173670231807297,2.3179366180618384e-06,0.08513044699427397,3.518142214288069e+32,3896258760.096889,0.1501650749306419,False,8.416315005661469e-07,0.25,0.24397501823713333
False,2.9951942176623927,2.0338366609688714e-33,1.2011557486419396e-22,3.0980500914943576,2.472201415484985e-22,1.2710456668430456e-22,1.8962705237934497e+32,0.5464975331955997,0.5204738411386663,8.087999411817097e-07,3.3933291383333183e-06,0.5674837842144344,2.3179366180618384e-06,0.08513044699427397,4.163833302679695e+32,3896258760.096889,0.1501650749306419,False,7.736276978233292e-07,0.25,0.24397501823713333
False,3.2584792542858563,1.718446943905359e-33,1.014890952169579e-22,3.0980500914943576,2.0888339013098837e-22,1.073942949140305e-22,2.6561963834179287e+32,0.6467972270451877,0.6159973590906549,8.087999411817097e-07,3.119148234684337e-06,0.5216311096228742,2.3179366180618384e-06,0.08513044699427397,4.928029259900998e+32,3896258760.096889,0.1501650749306419,False,7.111186005238955e-07,0.25,0.24397501823713333
False,3.5449077018110318,1.4519651236943069e-33,8.575104818506932e-23,3.0980500914943576,1.764915690093776e-22,9.074052082430827e-23,3.720660706768923e+32,0.7655051075292036,0.7290524833611463,8.087999411817098e-07,2.867121140719353e-06,0.479483329912338,2.3179366180618384e-06,0.08513044699427397,5.832479501715642e+32,3896258760.096889,0.1501650749306419,False,6.536602366149351e-07,0.25,0.2439750182371333
True,1e-06,6.777747163623401e-21,5.387897260316762e-10,3.0980500914943576,8.238594796362347e-10,2.850697536045585e-10,2356135.917133528,1.5229240228170702e-14,1.4504038312543526e-14,4.043999705908549e-07,5.081839906880633,849862.0745481235,2.3179366180618384e-06,0.08513044699427397,1.8565358863603984e+20,3896258760.096889,0.1501650749306419,True,2.317165207143905,0.5,0.4879500364742666
True,1.0879024922894468e-06,5.726713026376165e-21,4.55238896945476e-10,3.0980500914943576,6.961025101759706e-10,2.408636132304946e-10,3300351.7290409845,1.802429059832607e-14,1.7165991046024827e-14,4.0439997059085487e-07,4.671227378279193,781193.2416476251,2.3179366180618384e-06,0.08513044699427397,2.197269320112376e+20,3896258760.096889,0.1501650749306419,True,2.1299383203613442,0.5,0.48795003647426666
True,1.1835318327295895e-06,4.838664130535974e-21,3.846444044479604e-10,3.0980500914943576,5.881569814396489e-10,2.0351257699168842e-10,4622959.760587747,2.133232168548756e-14,2.0316496843321485e-14,4.043999705908549e-07,4.293792331010094,718072.8486094703,2.3179366180618384e-06,0.08513044699427397,2.6005381854330988e+20,3896258760.096889,0.1501650749306419,True,1.9578393610248799,0.5,0.4879500364742666
True,1.287567230530417e-06,4.088326141069245e-21,3.2499709244055713e-10,3.0980500914943576,4.969507073444551e-10,1.7195361490389793e-10,6475599.785306438,2.524748178080225e-14,2.404522074362119e-14,4.043999705908548e-07,3.946854025468754,660052.5816411312,2.3179366180618384e-06,0.08513044699427397,3.077819724688918e+20,3896258760.096889,0.1501650749306419,True,1.7996459930013455,0.5,0.4879500364742667
True,1.4007475990842613e-06,3.454344047206827e-21,2.7459936729459445e-10,3.0980500914943576,4.1988790973060126e-10,1.4528854243600687e-10,9070680.851898557,2.988119838383983e-14,2.845828417508555e-14,4.043999705908549e-07,3.6279483257389735,606720.3506925307,2.3179366180618384e-06,0.08513044699427397,3.642697619572355e+20,3896258760.096889,0.1501650749306419,True,1.654234644884454,0.5,0.4879500364742666
True,1.5238768041122235e-06,2.9186743876926894e-21,2.3201688345068396e-10,3.0980500914943576,3.5477534116020514e-10,1.227584577095212e-10,12705734.425356377,3.536534948738225e-14,3.368128522607833e-14,4.0439997059085487e-07,3.3348101980206977,557697.36257862,2.3179366180618384e-06,0.08513044699427397,4.3112485897721656e+20,3896258760.096889,0.1501650749306419,True,1.5205725298075086,0.5,0.48795003647426666
True,1.6578293731357647e-06,2.466071724459938e-21,1.9603772119553513e-10,3.0980500914943576,2.997598639505824e-10,1.0372214275504727e-10,17797526.99092019,4.185601689392398e-14,3.986287323230855e-14,4.0439997059085497e-07,3.065357623184341,512635.4305935716,2.3179366180618384e-06,0.08513044699427397,5.1024999448059085e+20,3896258760.096889,0.1501650749306419,True,1.3977103100550172,0.5,0.48795003647426655
True,1.8035567068250495e-06,2.083654749507172e-21,1.6563789479444046e-10,3.0980500914943576,2.5327570890868526e-10,8.763781411424481e-11,24929843.202168792,4.9537928385226494e-14,4.7178979414501423e-14,4.0439997059085487e-07,2.817676809190334,471214.5015080818,2.3179366180618384e-06,0.08513044699427397,6.038971111178768e+20,3896258760.096889,0.1501650749306419,True,1.2847753543735272,0.5,0.48795003647426666
True,1.9620938363403183e-06,1.7605396761501735e-21,1.3995220932286074e-10,3.0980500914943576,2.1399991272271355e-10,7.404770339985279e-11,34920418.01098502,5.862971517139427e-14,5.583782397275645e-14,4.043999705908549e-07,2.5900085983447356,433140.3823852173,2.3179366180618384e-06,0.08513044699427397,7.147314547014453e+20,3896258760.096889,0.1501650749306419,True,1.1809655400915293,0.5,0.4879500364742666
True,2.134566774660394e-06,1.4875304807728115e-21,1.1824963676734214e-10,3.0980500914943576,1.8081466573582872e-10,6.256502896848657e-11,48914691.68790609,6.939013424921413e-14,6.608584214210869e-14,4.043999705908549e-07,2.3807359728482353,398142.6510694823,2.3179366180618384e-06,0.08513044699427397,8.45907428492287e+20,3896258760.096889,0.1501650749306419,True,1.0855435560279258,0.5,0.4879500364742666
True,2.322200514111288e-06,1.2568571791956852e-21,9.991251058674273e-11,3.0980500914943576,1.5277549849995526e-10,5.286298791321255e-11,68517136.94178128,8.21254327613246e-14,7.821469786792819e-14,4.0439997059085487e-07,2.1883725698964738,365972.7355083149,2.3179366180618384e-06,0.08513044699427397,1.0011583691630509e+21,3896258760.096889,0.1501650749306419,True,0.9978316657253388,0.5,0.48795003647426666
True,2.526327726897505e-06,1.061954688871346e-21,8.441894660012115e-11,3.0980500914943576,1.290844016823847e-10,4.4665455082263544e-11,95975215.06732768,9.719806394972122e-14,9.256958471402021e-14,4.043999705908549e-07,2.011552124759943,336402.1482643542,2.3179366180618384e-06,0.08513044699427397,1.1849027995081121e+21,3896258760.096889,0.1501650749306419,True,0.9172068938140241,0.5,0.4879500364742666
True,2.7483982304317225e-06,8.972759832087958e-22,7.132798989058482e-11,3.0980500914943576,1.0906711430369961e-10,3.7739124413114776e-11,134437052.07715374,1.150370027641809e-13,1.0955905025160086e-13,4.0439997059085487e-07,1.8490187668627516,309220.86367906944,2.3179366180618384e-06,0.08513044699427397,1.4023701819082523e+21,3896258760.096889,0.1501650749306419,True,0.8430966013174593,0.5,0.48795003647426666
True,2.989989284690576e-06,7.581342203017895e-22,6.026706499822692e-11,3.0980500914943576,9.215393391841193e-11,3.188686892018502e-11,188312377.92503896,1.3614995471320988e-13,1.2966662353639035e-13,4.043999705908548e-07,1.6996180999379513,284235.8261615217,2.3179366180618384e-06,0.08513044699427397,1.6597497515592023e+21,3896258760.096889,0.1501650749306419,True,0.7749744184731084,0.5,0.4879500364742667
True,3.2528167947336175e-06,6.405693529622251e-22,5.09213722280984e-11,3.0980500914943576,7.78635025860492e-11,2.6942130357950805e-11,263778111.25634632,1.6113780542777596e-13,1.5346457659788186e-13,4.043999705908549e-07,1.5622890029061103,261269.57900736033,2.3179366180618384e-06,0.08513044699427397,1.964366665335343e+21,3896258760.096889,0.1501650749306419,True,0.7123565061811801,0.5,0.4879500364742666
True,3.5387474979516724e-06,5.41235423710467e-22,4.30249282865996e-11,3.0980500914943576,6.578910717295361e-11,2.2764178886354014e-11,369486556.03330845,1.9071172217995973e-13,1.8163021159996163e-13,4.0439997059085487e-07,1.436056093242636,240159.00400920032,2.3179366180618384e-06,0.08513044699427397,2.3248904795772514e+21,3896258760.096889,0.1501650749306419,True,0.6547981195282075,0.5,0.48795003647426666
True,3.849812222604668e-06,4.573053370792837e-22,3.635299625813263e-11,3.0980500914943576,5.5587104084242226e-11,1.9234107826109598e-11,517557406.2575688,2.25713394074664e-13,2.1496513721396569e-13,4.043999705908549e-07,1.3200227993048483,220754.1629064527,2.3179366180618384e-06,0.08513044699427397,2.7515818901896377e+21,3896258760.096889,0.1501650749306419,True,0.6018904489778414,0.5,0.4879500364742666
True,4.188220311817992e-06,3.8639039900143305e-22,3.0715689475196784e-11,3.0980500914943576,4.696713898775429e-11,1.6251449512557505e-11,724967294.2035674,2.671389869608032e-13,2.5441808281981255e-13,4.0439997059085487e-07,1.2133649924148198,202917.2324459745,2.3179366180618384e-06,0.08513044699427397,3.2565847574016914e+21,3896258760.096889,0.1501650749306419,True,0.553257716793338,0.5,0.48795003647426666
True,4.556375315484077e-06,3.2647233332989245e-22,2.5952567244733023e-11,3.0980500914943576,3.968388317822731e-11,1.373131593349429e-11,1015496196.7702601,3.1616749483124534e-13,3.0111189983928124e-13,4.043999705908549e-07,1.1153251334697676,186521.52548979223,2.3179366180618384e-06,0.08513044699427397,3.8542717263668686e+21,3896258760.096889,0.1501650749306419,True,0.5085545080690362,0.5,0.4879500364742666
True,4.956892061521242e-06,2.7584584064540667e-22,2.1928068622267972e-11,3.0980500914943576,3.3530051394311915e-11,1.160198277204394e-11,1422453859.5051413,3.7419429460714693e-13,3.5637551867347325e-13,4.043999705908549e-07,1.0252068925061575,171450.59121729305,2.3179366180618384e-06,0.08513044699427397,4.561653280144821e+21,3896258760.096889,0.1501650749306419,True,0.4674633174144163,0.5,0.4879500364742666
True,5.392615227738732e-06,2.3307006454504987e-22,1.8527654276687326e-11,3.0980500914943576,2.833050237185532e-11,9.802848095167993e-12,1992498828.509967,4.428708592933525e-13,4.217817707555738e-13,4.043999705908549e-07,0.9423702030028914,157597.38803105618,2.3179366180618384e-06,0.08513044699427397,5.398861866926745e+21,3896258760.096889,0.1501650749306419,True,0.42969229386602353,0.5,0.4879500364742666
True,5.866639546214977e-06,1.9692758411704e-22,1.5654546641096178e-11,3.0980500914943576,2.3937254232120268e-11,8.282707591024092e-12,2790987950.213517,5.241517597619875e-13,4.991921521542738e-13,4.043999705908548e-07,0.8662267157966641,144863.52329187072,2.3179366180618384e-06,0.08513044699427397,6.389724880017678e+21,3896258760.096889,0.1501650749306419,True,0.3949731680104477,0.5,0.4879500364742667
True,6.3823317836911014e-06,1.6638976550623422e-22,1.3226975572758331e-11,3.0980500914943576,2.02252728402865e-11,6.998297267528171e-12,3909469670.334686,6.203502928595445e-13,5.908098027233756e-13,4.043999705908548e-07,0.7962356203208296,133158.55448314245,2.3179366180618384e-06,0.08513044699427397,7.562442797885178e+21,3896258760.096889,0.1501650749306419,True,0.36305934659570704,0.5,0.4879500364742667
True,6.943354654095699e-06,1.4058748645778973e-22,1.1175851132159953e-11,3.0980500914943576,1.7088913268721114e-11,5.913062136561158e-12,5476180254.414051,7.342043190423945e-13,6.992422086118042e-13,4.0439997059085487e-07,0.7318998034880719,122399.34684120052,2.3179366180618384e-06,0.08513044699427397,8.950391784493729e+21,3896258760.096889,0.1501650749306419,True,0.33372416109798897,0.5,0.48795003647426666
True,7.55369283304024e-06,1.1878640064420712e-22,9.442797247273862e-12,3.0980500914943576,1.4438913087203417e-11,4.996115839929556e-12,7670746343.52312,8.689541833142254e-13,8.275754126802147e-13,4.043999705908549e-07,0.6727623189352372,112509.4828890557,2.3179366180618384e-06,0.08513044699427397,1.0593073592349726e+22,3896258760.096889,0.1501650749306419,True,0.30675925780414387,0.5,0.4879500364742666
True,8.217681259053408e-06,1.0036603778560737e-22,7.978490300084163e-12,3.0980500914943576,1.2199851907576351e-11,4.221361607492188e-12,10744779523.874386,1.0284349371359294e-12,9.794618448913612e-13,4.0439997059085497e-07,0.6184031415530966,103418.71967981622,2.3179366180618384e-06,0.08513044699427397,1.2537239802993082e+22,3896258760.096889,0.1501650749306419,True,0.28197311797547353,0.5,0.48795003647426655
True,8.940035922564481e-06,8.480214474175342e-23,6.741255350676374e-12,3.0980500914943576,1.0308004880138902e-11,3.5667495294625284e-12,15050724120.75678,1.2171854859916265e-12,1.1592242723729776e-12,4.043999705908549e-07,0.5684361842500169,95062.48989482108,2.3179366180618384e-06,0.08513044699427397,1.4838222401406767e+22,3896258760.096889,0.1501650749306419,True,0.25918969758224614,0.5,0.4879500364742666
True,9.725887361315082e-06,7.165176499408004e-23,5.6958800466979905e-12,3.0980500914943576,8.709529051166678e-12,3.0136490044686866e-12,21082265676.62964,1.4405777690075258e-12,1.371978827626215e-12,4.043999705908549e-07,0.5225065557610461,87381.44325303081,2.3179366180618384e-06,0.08513044699427397,1.7561508553186207e+22,3896258760.096889,0.1501650749306419,True,0.23824717694762507,0.5,0.4879500364742666
True,1.0580817100101087e-05,6.054063187200403e-23,4.812612461433806e-12,3.0980500914943576,7.35893096434918e-12,2.5463185029153746e-12,29530933029.795258,1.7049696471429732e-12,1.623780616326641e-12,4.0439997059085487e-07,0.4802880400259524,80321.02497452716,2.3179366180618384e-06,0.08513044699427397,2.0784604403448754e+22,3896258760.096889,0.1501650749306419,True,0.21899681142033606,0.5,0.48795003647426666
True,1.1510897293658791e-05,5.1152516728154593e-23,4.066314338444466e-12,3.0980500914943576,6.217771893280798e-12,2.1514575548363316e-12,41365383540.204155,2.0178858512314534e-12,1.92179604879186e-12,4.043999705908549e-07,0.4414807792334447,73831.08830415,2.3179366180618384e-06,0.08513044699427397,2.4599240942173297e+22,3896258760.096889,0.1501650749306419,True,0.20130187491294896,0.5,0.4879500364742666
True,1.252273385425922e-05,4.322022890603737e-23,3.435745643669175e-12,3.0980500914943576,5.253573855247072e-12,1.8178282115778969e-12,57942461679.140114,2.388232139747061e-12,2.274506799759106e-12,4.043999705908549e-07,0.40580914407537316,67865.53834321642,2.3179366180618384e-06,0.08513044699427397,2.911398471604699e+22,3896258760.096889,0.1501650749306419,True,0.18503668880224525,0.5,0.4879500364742666
True,1.3623513370326033e-05,3.651801135450509e-23,2.902960062971256e-12,3.0980500914943576,4.4388952708865545e-12,1.5359352079152986e-12,81162764082.08728,2.8265487613385463e-12,2.691951201274806e-12,4.0439997059085487e-07,0.37301977608431086,62382.00465962362,2.3179366180618384e-06,0.08513044699427397,3.445732768904436e+22,3896258760.096889,0.1501650749306419,True,0.1700857292943994,0.5,0.48795003647426666
True,1.4821054149316291e-05,3.085511546426537e-23,2.45279424067212e-12,3.0980500914943576,3.750549962521154e-12,1.297755721849034e-12,113688546923.02611,3.3453104358065616e-12,3.186009938863392e-12,4.0439997059085487e-07,0.3428797881502283,57341.54035105042,2.3179366180618384e-06,0.08513044699427397,4.078134419077871e+22,3896258760.096889,0.1501650749306419,True,0.15634280691503968,0.5,0.48795003647426666
True,1.612386174739804e-05,2.6070372262910704e-23,2.0724362225350703e-12,3.0980500914943576,3.168947263438811e-12,1.0965110409037407e-12,159248959145.80725,3.959281391139564e-12,3.77074418203768e-12,4.043999705908549e-07,0.3151751104353587,52708.34542384168,2.3179366180618384e-06,0.08513044699427397,4.826601903128853e+22,3896258760.096889,0.1501650749306419,True,0.143710312296484,0.5,0.4879500364742666
True,1.75411893803248e-05,2.202760546185258e-23,1.751060820861398e-12,3.0980500914943576,2.677534457294858e-12,9.2647363643346e-13,223067597180.15717,4.685935561147568e-12,4.462795772521493e-12,4.043999705908549e-07,0.28970896993910317,48449.51252287244,2.3179366180618384e-06,0.08513044699427397,5.7124369962662156e+22,3896258760.096889,0.1501650749306419,True,0.13209852290534924,0.5,0.4879500364742666
True,1.9083103644576486e-05,1.861175580808014e-23,1.4795215239989945e-12,3.0980500914943576,2.2623256791662705e-12,7.828041551672759e-13,312461401183.5976,5.545953902737715e-12,5.281860859750205e-12,4.043999705908549e-07,0.26630049291405056,44534.79320643204,2.3179366180618384e-06,0.08513044699427397,6.760851027543239e+22,3896258760.096889,0.1501650749306419,True,0.1214249657865509,0.5,0.4879500364742666
True,2.0760556015552625e-05,1.5725606437771607e-23,1.2500901818472895e-12,3.0980500914943576,1.9115038705369166e-12,6.614136886896272e-13,437679557514.432,6.563812986741014e-12,6.25125046356287e-12,4.0439997059085487e-07,0.2447834202067424,40936.38310609095,2.3179366180618384e-06,0.08513044699427397,8.00168240744001e+22,3896258760.096889,0.1501650749306419,True,0.11161383179756923,0.5,0.48795003647426666
True,2.2585460630634318e-05,1.3287016033614892e-23,1.0562370586722634e-12,3.0980500914943576,1.6150844596451682e-12,5.588474009729048e-13,613078589356.5973,7.768481613891841e-12,7.398553917992229e-12,4.0439997059085497e-07,0.2250049263988781,37628.724445645945,2.3179366180618384e-06,0.08513044699427397,9.470245844597551e+22,3896258760.096889,0.1501650749306419,True,0.1025954371725748,0.5,0.48795003647426655
True,2.4570778909572255e-05,1.1226581040047675e-23,8.924449934196146e-13,3.0980500914943576,1.3646311953606559e-12,4.721862019410413e-13,858768362091.2197,9.19424528201553e-12,8.756424078110028e-12,4.0439997059085487e-07,0.2068245343618657,34588.324516527035,2.3179366180618384e-06,0.08513044699427397,1.1208337420856324e+23,3896258760.096889,0.1501650749306419,True,0.09430572859215246,0.5,0.48795003647426666
True,2.673061161321663e-05,9.485660401846323e-24,7.540523784319014e-13,3.0980500914943576,1.1530160470744542e-12,3.9896366864255275e-13,1202917721368.7998,1.0881681969189224e-11,1.036350663732307e-11,4.0439997059085487e-07,0.19011311751534998,31793.58882038895,2.3179366180618384e-06,0.08513044699427397,1.3265424129557727e+23,3896258760.096889,0.1501650749306419,True,0.08668582824338408,0.5,0.48795003647426666
True,2.9080298994439595e-05,8.01470660909007e-24,6.371204876617676e-13,3.0980500914943576,9.742163372279084e-13,3.3709584956614097e-13,1684984110103.256,1.2878817004175053e-11,1.226554000397624e-11,4.043999705908549e-07,0.17475198270321515,29224.66769377524,2.3179366180618384e-06,0.08513044699427397,1.5700051731990774e+23,3896258760.096889,0.1501650749306419,True,0.07968161563906088,0.5,0.4879500364742666
True,3.163652975257313e-05,6.771855549170727e-24,5.383213784730836e-13,3.0980500914943576,8.231433327661878e-13,2.848219542931042e-13,2360237446722.2666,1.52424898923403e-11,1.4516657040324095e-11,4.0439997059085487e-07,0.16063202717318595,26863.315325505973,2.3179366180618384e-06,0.08513044699427397,1.8581511000312408e+23,3896258760.096889,0.1501650749306419,True,0.07324334322589349,0.5,0.48795003647426666
True,3.4417459565213534e-05,5.7217350322996715e-24,4.548431766567262e-13,3.0980500914943576,6.954974171398208e-13,2.406542404830945e-13,3306096936764.9805,1.8039971997643753e-11,1.718092571204167e-11,4.0439997059085487e-07,0.14765296367245412,24692.76016545676,2.3179366180618384e-06,0.08513044699427397,2.1991809769084776e+23,3896258760.096889,0.1501650749306419,True,0.06732528305156821,0.5,0.48795003647426666
True,3.744284003926706e-05,4.834458080526304e-24,3.8431004902311533e-13,3.0980500914943576,5.876457209737984e-13,2.0333567195068303e-13,4631007346513.378,2.135088112076179e-11,2.033417249596361e-11,4.0439997059085487e-07,0.1357226081555567,22697.5858043048,2.3179366180618384e-06,0.08513044699427397,2.6028006921045398e+23,3896258760.096889,0.1501650749306419,True,0.061885401981095635,0.5,0.48795003647426666
True,4.073415899711364e-05,4.084772328748075e-24,3.247145859497326e-13,3.0980500914943576,4.965187287092299e-13,1.7180414275949726e-13,6486872421970.139,2.5269447463246703e-11,2.4066140441187335e-11,4.0439997059085487e-07,0.12475622504543972,20863.62147818845,2.3179366180618384e-06,0.08513044699427397,3.080497473356317e+23,3896258760.096889,0.1501650749306419,True,0.0568850631556698,0.5,0.48795003647426666
True,4.43147930942746e-05,3.45134132922079e-24,2.743606694556236e-13,3.0980500914943576,4.195229185885964e-13,1.451622491329728e-13,9086470970640.65,2.990719546824056e-11,2.8483043303086247e-11,4.043999705908549e-07,0.11467592539740862,19177.84142058703,2.3179366180618384e-06,0.08513044699427397,3.645866820360287e+23,3896258760.096889,0.1501650749306419,True,0.05228875157364277,0.5,0.4879500364742666
True,4.8210173852552404e-05,2.916137305120848e-24,2.3181520079849846e-13,3.0980500914943576,3.5446694967303824e-13,1.2265174887453976e-13,12727852396273.625,3.53961178643287e-11,3.371058844221781e-11,4.043999705908549e-07,0.10541011369141917,17628.27234656672,2.3179366180618384e-06,0.08513044699427397,4.3149994397889924e+23,3896258760.096889,0.1501650749306419,True,0.048063821844550894,0.5,0.4879500364742666
True,5.244796828789928e-05,2.4639280706082368e-24,1.9586731373659896e-13,3.0980500914943576,2.994992951355842e-13,1.0363198139898521e-13,17828508685579.145,4.189243224748149e-11,3.989755452141094e-11,4.0439997059085487e-07,0.09689297932353096,16203.908412295968,2.3179366180618384e-06,0.08513044699427397,5.106939195200623e+23,3896258760.096889,0.1501650749306419,True,0.044180266324606476,0.5,0.48795003647426666
True,5.705827541592349e-05,2.081843514868255e-24,1.654939126435395e-13,3.0980500914943576,2.530555468413945e-13,8.7561634197855e-14,24973240736577.887,4.9581027115361946e-11,4.722002582415423e-11,4.0439997059085487e-07,0.08906402918484323,14894.6330458307,2.3179366180618384e-06,0.08513044699427397,6.044225105334367e+23,3896258760.096889,0.1501650749306419,True,0.040610501986837896,0.5,0.48795003647426666
True,6.207384003072083e-05,1.7590093120409626e-24,1.398305546728384e-13,3.0980500914943576,2.138138914757961e-13,7.398333680295767e-14,34981207003114.75,5.86807238904598e-11,5.58864037051998e-11,4.0439997059085487e-07,0.0818676580080367,13691.147093969374,2.3179366180618384e-06,0.08513044699427397,7.15353281634658e+23,3896258760.096889,0.1501650749306419,True,0.037329174512115273,0.5,0.48795003647426666
True,6.753028527539761e-05,1.486237432232088e-24,1.1814684726336933e-13,3.0980500914943576,1.8065749104751602e-13,6.25106437841467e-14,48999841722682.52,6.945050469197491e-11,6.614333780188086e-11,4.0439997059085497e-07,0.0752527534299049,12584.902774840524,2.3179366180618384e-06,0.08513044699427397,8.466433804621929e+23,3896258760.096889,0.1501650749306419,True,0.034312978209616506,0.5,0.48795003647426655
True,7.346636565612223e-05,1.2557646453871651e-24,9.982566078589266e-14,3.0980500914943576,1.5264269709659175e-13,5.2817036310699096e-14,68636410648555.77,8.219688310208767e-11,7.828274581151207e-11,4.043999705908549e-07,0.06917233296482175,11568.04296711935,2.3179366180618384e-06,0.08513044699427397,1.0020293917467903e+24,3896258760.096889,0.1501650749306419,True,0.03154049048771486,0.5,0.4879500364742666
True,7.992424229674335e-05,1.061031575712652e-24,8.434556471173524e-14,3.0980500914943576,1.2897219396672236e-13,4.4626629254987135e-14,96142287425726.73,9.728262770247405e-11,9.265012162140384e-11,4.0439997059085487e-07,0.06358321031074322,10633.34540467395,2.3179366180618384e-06,0.08513044699427397,1.1859336824629997e+24,3896258760.096889,0.1501650749306419,True,0.028992019699613986,0.5,0.48795003647426666
True,8.694978238897252e-05,8.964960184176798e-25,7.126598742782329e-14,3.0980500914943576,1.089723067855921e-13,3.7706319357768815e-14,134671078282054.56,1.1513708665745897e-10,1.0965436824519902e-10,4.0439997059085487e-07,0.05844568861767664,9774.171380282924,2.3179366180618384e-06,0.08513044699427397,1.4035902647011792e+24,3896258760.096889,0.1501650749306419,True,0.026649465283052634,0.5,0.48795003647426666
True,9.459288496498826e-05,7.57475205673246e-25,6.02146773386415e-14,3.0980500914943576,9.207382832641544e-14,3.1859150987773935e-14,188640189569676.62,1.3626840718684806e-10,1.2977943541604577e-10,4.0439997059085487e-07,0.05372327854004641,8984.418594090703,2.3179366180618384e-06,0.08513044699427397,1.6611937583831968e+24,3896258760.096889,0.1501650749306419,True,0.024496189200715876,0.5,0.48795003647426666
True,0.00010290783530625965,6.400125325959968e-25,5.087710839155707e-14,3.0980500914943576,7.779581907320973e-14,2.6918710681652656e-14,264237292630524.38,1.6127799770099223e-10,1.5359809304856403e-10,4.0439997059085487e-07,0.04938243907042436,8258.477811906983,2.3179366180618384e-06,0.08513044699427397,1.9660756933782198e+24,3896258760.096889,0.1501650749306419,True,0.022516897768259214,0.5,0.48795003647426666
True,0.00011195369050579179,5.407649502083355e-25,4.2987528501213825e-14,3.0980500914943576,6.573191943117284e-14,2.2744390929959023e-14,370129753240732.44,1.9087764419801388e-10,1.8178823256953703e-10,4.0439997059085487e-07,0.04539233931388559,7591.193025514034,2.3179366180618384e-06,0.08513044699427397,2.3269131686690233e+24,3896258760.096889,0.1501650749306419,True,0.0206975330306242,0.5,0.48795003647426666
True,0.00012179469892225225,4.56907820519846e-25,3.6321396106491986e-14,3.0980500914943576,5.5538784520543715e-14,1.921738841405173e-14,518458363201605.75,2.2590976806478183e-10,2.1515216006169698e-10,4.0439997059085487e-07,0.04172463951099078,6977.824832020263,2.3179366180618384e-06,0.08513044699427397,2.753975807117465e+24,3896258760.096889,0.1501650749306419,True,0.019025172915145258,0.5,0.48795003647426666
True,0.000132500756505161,3.8605452585595062e-25,3.0688989600494e-14,3.0980500914943576,4.692631240213805e-14,1.6237322801644044e-14,726229307479805.0,2.6737140182922773e-10,2.546394303135502e-10,4.0439997059085487e-07,0.038353289754105596,6414.016772161,2.3179366180618384e-06,0.08513044699427397,3.259418034290684e+24,3896258760.096889,0.1501650749306419,True,0.01748793945228267,0.5,0.48795003647426666
True,0.00014414790323220164,3.2618854447335865e-25,2.5930007754599883e-14,3.0980500914943576,3.9649387624760025e-14,1.3719379870160145e-14,1017263958836959.1,3.164425652264249e-10,3.013738716442142e-10,4.043999705908549e-07,0.035254344967436096,5895.764388463684,2.3179366180618384e-06,0.08513044699427397,3.857624999755922e+24,3896258760.096889,0.1501650749306419,True,0.01607491441211797,0.5,0.4879500364742666
True,0.00015681886318461014,2.75606059298859e-25,2.1909007461841792e-14,3.0980500914943576,3.3500905111539155e-14,1.1591897649697362e-14,1424930047975821.0,3.7451984917608325e-10,3.566855706438888e-10,4.043999705908548e-07,0.03240579483667212,5419.386783512449,2.3179366180618384e-06,0.08513044699427397,4.565621985944611e+24,3896258760.096889,0.1501650749306419,True,0.014776061757418135,0.5,0.4879500364742667
True,0.00017060363209653513,2.328674664062279e-25,1.851154895539469e-14,3.0980500914943576,2.8305875841358437e-14,9.794326885963746e-15,1995967343565152.5,4.432561634889794e-10,4.2214872713236134e-10,4.043999705908549e-07,0.02978740748031145,4981.5004763042425,2.3179366180618384e-06,0.08513044699427397,5.403558956575532e+24,3896258760.096889,0.1501650749306419,True,0.013582156362490275,0.5,0.4879500364742666
True,0.0001856001165514522,1.9675640313717978e-25,1.5640938793087958e-14,3.0980500914943576,2.3916446569989087e-14,8.275507776901129e-15,2795846464349466.0,5.246077795427972e-10,4.996264567074259e-10,4.0439997059085487e-07,0.02738058575233621,4578.995371010577,2.3179366180618384e-06,0.08513044699427397,6.395284035138215e+24,3896258760.096889,0.1501650749306419,True,0.01248471849155083,0.5,0.48795003647426666
True,0.00020191482936553665,1.6624512978531289e-25,1.3215477911578542e-14,3.0980500914943576,2.0207691849597647e-14,6.992213938019105e-15,3916275222345735.5,6.208900067864876e-10,5.913238159871311e-10,4.043999705908549e-07,0.02516823515562951,4209.012667462751,2.3179366180618384e-06,0.08513044699427397,7.569022234933412e+24,3896258760.096889,0.1501650749306419,True,0.011475953571240788,0.5,0.4879500364742666
True,0.00021966364609696568,1.4046527958770681e-25,1.1166136428370981e-14,3.0980500914943576,1.7074058585304353e-14,5.9079221569333714e-15,5485713115053971.0,7.348430876554989e-10,6.998505596719036e-10,4.043999705908549e-07,0.023134642427984495,3868.92455646926,2.3179366180618384e-06,0.08513044699427397,8.95817875768176e+24,3896258760.096889,0.1501650749306419,True,0.01054869682952018,0.5,0.4879500364742666
True,0.00023897262805427596,1.186831445536623e-25,9.434589015335921e-15,3.0980500914943576,1.442636193901629e-14,4.9917729236803695e-15,7684099475176896.0,8.69710186301583e-10,8.282954155253171e-10,4.0439997059085487e-07,0.021265363938360482,3556.3155557510167,2.3179366180618384e-06,0.08513044699427397,1.0602289722998374e+25,3896258760.096889,0.1501650749306419,True,0.009696362407738284,0.5,0.48795003647426666
True,0.00025997891764920577,1.0027879375237618e-25,7.971554929432568e-15,3.0980500914943576,1.2189247082391225e-14,4.2176921529586565e-15,1.076348389097867e+16,1.029329690737105e-09,9.803139911781952e-10,4.043999705908548e-07,0.019547123100718686,3268.965353932496,2.3179366180618384e-06,0.08513044699427397,1.2548147386990363e+25,3896258760.096889,0.1501650749306419,True,0.008912896584447272,0.5,0.4879500364742667
True,0.0002828317124532835,8.47284297551191e-26,6.735395457042942e-15,3.0980500914943576,1.0299044559096553e-14,3.563649102053611e-15,1.507692421807043e+16,1.2182444553610652e-09,1.160232814629586e-09,4.043999705908548e-07,0.017967716076817308,3004.8330407379567,2.3179366180618384e-06,0.08513044699427397,1.4851131874285684e+25,3896258760.096889,0.1501650749306419,True,0.008192734778730447,0.5,0.4879500364742667
True,0.0003076933248764192,7.158948108705214e-26,5.6909288544517154e-15,3.0980500914943576,8.701958218853969e-15,3.0110293644022545e-15,2.1118965400037508e+16,1.4418310929661422e-09,1.3731724694915639e-09,4.0439997059085487e-07,0.016515925098218115,2762.0426113873573,2.3179366180618384e-06,0.08513044699427397,1.7576787325282156e+25,3896258760.096889,0.1501650749306419,True,0.007530762027660373,0.5,0.48795003647426666
True,0.0003347403349938829,6.048800641208332e-26,4.8084290570593925e-15,3.0980500914943576,7.352534150927372e-15,2.5441050938679794e-15,2.9582340079246124e+16,1.7064529959447255e-09,1.625193329471167e-09,4.0439997059085487e-07,0.015181438791872807,2538.869642236732,2.3179366180618384e-06,0.08513044699427397,2.0802687316589413e+25,3896258760.096889,0.1501650749306419,True,0.006922276657177418,0.5,0.48795003647426666
True,0.00036416484470964906,5.110805196728797e-26,4.062779660070217e-15,3.0980500914943576,6.212367042101584e-15,2.149587382031368e-15,4.1437391841297944e+16,2.019641441757356e-09,1.9234680397689103e-09,4.0439997059085487e-07,0.0139547789433997,2333.729043026445,2.3179366180618384e-06,0.08513044699427397,2.4620642645503597e+25,3896258760.096889,0.1501650749306419,True,0.006362956888360256,0.5,0.48795003647426666
True,0.00039617584216382654,4.318265935392464e-26,3.4327590925038275e-15,3.0980500914943576,5.249007141425128e-15,1.8162480489213004e-15,5.804332713401185e+16,2.390309937019714e-09,2.2764856543044896e-09,4.043999705908549e-07,0.012827233177885672,2145.163798747448,2.3179366180618384e-06,0.08513044699427397,2.913931431321317e+25,3896258760.096889,0.1501650749306419,True,0.005848830141908832,0.5,0.4879500364742666
True,0.0004310006860748974,3.648626776208638e-26,2.9004366402100276e-15,3.0980500914943576,4.4350367233632384e-15,1.5346000831532107e-15,8.130405112582947e+16,2.8290079005526924e-09,2.6942932386216116e-09,4.043999705908549e-07,0.011790793080077681,1971.8346211644737,2.3179366180618384e-06,0.08513044699427397,3.448730607360074e+25,3896258760.096889,0.1501650749306419,True,0.005376244822824338,0.5,0.4879500364742666
True,0.0004688867205593423,3.0828294392333984e-26,2.4506621283862934e-15,3.0980500914943576,3.747289765020239e-15,1.296627636633946e-15,1.1388645441032966e+17,3.3482209053476165e-09,3.1887818146167773e-09,4.0439997059085487e-07,0.010838097314460999,1812.5104364958547,2.3179366180618384e-06,0.08513044699427397,4.0816824563195e+25,3896258760.096889,0.1501650749306419,True,0.0049418443848862304,0.5,0.48795003647426666
True,0.0005101030318979338,2.604771036976204e-26,2.07063473969628e-15,3.0980500914943576,3.1661926290379827e-15,1.0955578893417032e-15,1.5952617758348835e+17,3.96272602448959e-09,3.774024785228181e-09,4.043999705908549e-07,0.009962379341233665,1666.0596416885674,2.3179366180618384e-06,0.08513044699427397,4.830801118148028e+25,3896258760.096889,0.1501650749306419,True,0.004542543490718842,0.5,0.4879500364742666
True,0.0005549423597261648,2.2008457778180775e-26,1.749538696327889e-15,3.0980500914943576,2.6752069876614736e-15,9.256682913335846e-16,2.234559102411601e+17,4.690012394369397e-09,4.466678470827997e-09,4.043999705908549e-07,0.0091574193568288,1531.442067186016,2.3179366180618384e-06,0.08513044699427397,5.717406900913878e+25,3896258760.096889,0.1501650749306419,True,0.004175506098123966,0.5,0.4879500364742666
True,0.0006037231762230813,1.8595577380814916e-26,1.4782354373121615e-15,3.0980500914943576,2.26035913329988e-15,7.821236959877184e-16,3.130053297714931e+17,5.5507789646325035e-09,5.28645615679286e-09,4.0439997059085497e-07,0.008417500117641412,1407.7015891039632,2.3179366180618384e-06,0.08513044699427397,6.7667330678994034e+25,3896258760.096889,0.1501650749306419,True,0.003838125317037176,0.5,0.48795003647426655
True,0.0006567919480659909,1.571193682042989e-26,1.2490035303088508e-15,3.0980500914943576,1.909842279515874e-15,6.608387492070233e-16,4.384414641779964e+17,6.569523601088358e-09,6.256689143893674e-09,4.0439997059085487e-07,0.007737366333196941,1293.9593383424576,2.3179366180618384e-06,0.08513044699427397,8.008643989442902e+25,3896258760.096889,0.1501650749306419,True,0.0035280048940415577,0.5,0.48795003647426666
True,0.0007145255972166317,1.3275466181753091e-26,1.0553189156123207e-15,3.0980500914943576,1.6136805337218453e-15,5.583616181095245e-16,6.141458282863141e+17,7.775240307756384e-09,7.404990769291794e-09,4.0439997059085487e-07,0.007112187340350674,1189.4074584013258,2.3179366180618384e-06,0.08513044699427397,9.478485098504149e+25,3896258760.096889,0.1501650749306419,True,0.0032429421929322157,0.5,0.48795003647426666
True,0.0007773341780165789,1.1216822238854169e-26,8.916692280075222e-16,3.0980500914943576,1.3634449780705943e-15,4.717757500630722e-16,8.602632944596695e+17,9.202244411351891e-09,8.76404229652561e-09,4.043999705908549e-07,0.0065375227934108,1093.3033675640052,2.3179366180618384e-06,0.08513044699427397,1.1218088840132721e+26,3896258760.096889,0.1501650749306419,True,0.0029809125504507076,0.5,0.4879500364742666
True,0.0008456637896060046,9.477414910746183e-27,7.533969119791715e-16,3.0980500914943576,1.1520137780545113e-15,3.986168660753397e-16,1.2050117442946985e+18,1.0891149193392922e-08,1.0372523041326592e-08,4.0439997059085487e-07,0.006009291126498706,1004.9644846967785,2.3179366180618384e-06,0.08513044699427397,1.3276965244685636e+26,3896258760.096889,0.1501650749306419,True,0.0027400548960757488,0.5,0.48795003647426666
True,0.0009199997443513106,8.007739757103399e-27,6.365666652510781e-16,3.0980500914943576,9.733694913787085e-16,3.3680282612763047e-16,1.687917307689136e+18,1.2890021765387716e-08,1.2276211205131158e-08,4.0439997059085487e-07,0.0055237405641496385,923.7633812032836,2.3179366180618384e-06,0.08513044699427397,1.571371100912985e+26,3896258760.096889,0.1501650749306419,True,0.002518658533734411,0.5,0.48795003647426666
True,0.0010008700147854446,6.765969056054097e-27,5.378534380295956e-16,3.0980500914943576,8.224278084129076e-16,2.845743703833121e-16,2.364346116198328e+18,1.5255751083913623e-08,1.4529286746584403e-08,4.0439997059085487e-07,0.00507742247425608,849.1233247009676,2.3179366180618384e-06,0.08513044699427397,1.859767718961858e+26,3896258760.096889,0.1501650749306419,True,0.002315150991550719,0.5,0.48795003647426666
True,0.0010888489835428595,5.716761365386937e-27,4.544478003512088e-16,3.0980500914943576,6.948928500859476e-16,2.4044504973473876e-16,3.3118521456689935e+18,1.805566704001068e-08,1.719587337143874e-08,4.043999705908549e-07,0.004667166874092601,780.5141827683683,2.3179366180618384e-06,0.08513044699427397,2.201094296874252e+26,3896258760.096889,0.1501650749306419,True,0.0021280868533342357,0.5,0.4879500364742666
True,0.0011845615229231076,4.830255686661439e-27,3.8397598423957197e-16,3.0980500914943576,5.871349049254636e-16,2.031589206858917e-16,4.639068941567903e+18,2.1369456703019086e-08,2.0351863526684844e-08,4.0439997059085487e-07,0.0042900599154532095,717.4486576695009,2.3179366180618384e-06,0.08513044699427397,2.6050651671902313e+26,3896258760.096889,0.1501650749306419,True,0.001956137492484058,0.5,0.48795003647426666
True,0.0012886874330582312,4.0812216056085116e-27,3.2443232503007966e-16,3.0980500914943576,4.960871255751098e-16,1.7165480054503017e-16,6.498164681887601e+18,2.5291432256159783e-08,2.4087078339199794e-08,4.0439997059085487e-07,0.003943423188989072,659.4788253124224,2.3179366180618384e-06,0.08513044699427397,3.0831775517046684e+26,3896258760.096889,0.1501650749306419,True,0.001798081635393119,0.5,0.48795003647426666
True,0.0014019662702061378,3.4483412213729504e-27,2.7412217910678345e-16,3.0980500914943576,4.1915824471825213e-16,1.4503606561146865e-16,9.102288576608165e+18,2.9933215170489e-08,2.8507823971894282e-08,4.0439997059085487e-07,0.003624794700755122,606.1929538598414,2.3179366180618384e-06,0.08513044699427397,3.6490387783997475e+26,3896258760.096889,0.1501650749306419,True,0.0016527966873291472,0.5,0.48795003647426666
True,0.0015252025994629973,2.9136024279296416e-27,2.3161369346067625e-16,3.0980500914943576,3.5415882625779817e-16,1.2254513279712195e-16,1.2750008869855988e+19,3.5426913010218e-08,3.373991715258857e-08,4.0439997059085487e-07,0.003331911385851216,557.2125793959098,2.3179366180618384e-06,0.08513044699427397,4.318753553100797e+26,3896258760.096889,0.1501650749306419,True,0.0015192507591842202,0.5,0.48795003647426666
True,0.0016592717092021373,2.461786280145905e-27,1.9569705440579794e-16,3.0980500914943576,2.9923895282224785e-16,1.035418984164499e-16,1.78595443127538e+19,4.192887928293504e-08,3.9932265983747656e-08,4.0439997059085487e-07,0.003062693034960646,512.1898178790624,2.3179366180618384e-06,0.08513044699427397,5.1113823078088124e+26,3896258760.096889,0.1501650749306419,True,0.0013964953384627502,0.5,0.48795003647426666
True,0.0018051258278263752,2.0800338546604752e-27,1.6535005565034966e-16,3.0980500914943576,2.5283557615185603e-16,8.748552050150637e-17,2.5016713816828867e+19,4.962416334202984e-08,4.726110794479032e-08,4.043999705908549e-07,0.002815227519623871,470.80489428899074,2.3179366180618384e-06,0.08513044699427397,6.049483670542562e+26,3896258760.096889,0.1501650749306419,True,0.0012836585524534302,0.5,0.4879500364742666
True,0.001963800886988364,1.7574802782137892e-27,1.3970900577215689e-16,3.0980500914943576,2.1362803192943206e-16,7.391902615727519e-17,3.50421018159011e+19,5.8731776987865086e-08,5.593502570272865e-08,4.043999705908549e-07,0.0025877572113097553,432.763871418477,2.3179366180618384e-06,0.08513044699427397,7.159756495664964e+26,3896258760.096889,0.1501650749306419,True,0.001179938975736716,0.5,0.4879500364742666
True,0.0021364238793148654,1.4849455076848252e-27,1.1804414711004859e-16,3.0980500914943576,1.8050045298464024e-16,6.245630587459165e-17,4.908513998548951e+19,6.951092765791338e-08,6.620088348372703e-08,4.0439997059085487e-07,0.002378666497825487,397.796562178788,2.3179366180618384e-06,0.08513044699427397,8.473799727211923e+26,3896258760.096889,0.1501650749306419,True,0.001084599938045535,0.5,0.48795003647426666
True,0.00232422086289333,1.2546730612729555e-27,9.973888647997105e-17,3.0980500914943576,1.525100111319782e-16,5.277112465200717e-17,6.875589198538929e+19,8.226839560570412e-08,7.835085295781345e-08,4.0439997059085487e-07,0.002186470308400232,365.6546105907353,2.3179366180618384e-06,0.08513044699427397,1.0029011721330623e+27,3896258760.096889,0.1501650749306419,True,0.0009969642920506952,0.5,0.48795003647426666
True,0.0025285256693727822,1.0601092649779368e-27,8.427224661118106e-17,3.0980500914943576,1.2886008378857298e-16,4.4587837177391914e-17,9.630965062143086e+19,9.736726502694196e-08,9.273072859708757e-08,4.043999705908549e-07,0.0020098035659417363,336.1097278316093,2.3179366180618384e-06,0.08513044699427397,1.1869654623012966e+27,3896258760.096889,0.1501650749306419,True,0.0009164096039091005,0.5,0.4879500364742666
True,0.002750789377528488,8.957167316176027e-28,7.120403886123066e-17,3.0980500914943576,1.0887758167972732e-16,3.7673542818496656e-17,1.3490551187661269e+20,1.1523725762520401e-07,1.0974976916686096e-07,4.043999705908549e-07,0.0018474114915503028,308.95207080947154,2.3179366180618384e-06,0.08513044699427397,1.4048114089841752e+27,3896258760.096889,0.1501650749306419,True,0.0008423637324155355,0.5,0.4879500364742666
True,0.002992590619576578,7.5681676389878205e-28,6.016233521747547e-17,3.0980500914943576,9.199379236688718e-17,3.183145714941172e-17,1.8896857186439853e+20,1.3638696271588957e-07,1.2989234544370436e-07,4.043999705908549e-07,0.0016981406924277747,283.9887517486006,2.3179366180618384e-06,0.08513044699427397,1.6626390215144779e+27,3896258760.096889,0.1501650749306419,True,0.0007743007653588652,0.5,0.4879500364742666
True,0.0032556467934393785,6.3945619625061445e-28,5.083288303173269e-17,3.0980500914943576,7.77281943948403e-17,2.689531136310761e-17,2.6469727334143797e+20,1.6141831194355896e-07,1.5373172566053233e-07,4.043999705908548e-07,0.0015609309698832528,261.0424682003969,2.3179366180618384e-06,0.08513044699427397,1.9677862083007622e+27,3896258760.096889,0.1501650749306419,True,0.000711737284220556,0.5,0.4879500364742667
True,0.0035418262605968454,5.402948856693034e-28,4.295016122591007e-17,3.0980500914943576,6.567478140032375e-17,2.2724620174413673e-17,3.707740701171696e+20,1.9104371057067697e-07,1.8194639101969235e-07,4.043999705908549e-07,0.0014348077892517162,239.9502437493674,2.3179366180618384e-06,0.08513044699427397,2.3289376175302107e+27,3896258760.096889,0.1501650749306419,True,0.0006542289306854457,0.5,0.4879500364742666
True,0.0038531616161595196,4.565106495050635e-28,3.628982342355231e-17,3.0980500914943576,5.549050695903752e-17,1.9200683535485214e-17,5.193608885193251e+20,2.2610631290317468e-07,2.153393456220711e-07,4.043999705908549e-07,0.001318875358243018,220.5622704700325,2.3179366180618384e-06,0.08513044699427397,2.756371806788414e+27,3896258760.096889,0.1501650749306419,True,0.0006013672505783559,0.5,0.4879500364742666
True,0.004191864125413969,3.8571894467106133e-28,3.066231293488478e-17,3.0980500914943576,4.6885521305379165e-17,1.6223208370494392e-17,7.274935176517102e+20,2.676040189020237e-07,2.548609703828797e-07,4.0439997059085487e-07,0.0012123102645601074,202.74084491328662,2.3179366180618384e-06,0.08513044699427397,3.262253776172456e+27,3896258760.096889,0.1501650749306419,True,0.0005527767928105427,0.5,0.48795003647426666
True,0.004560339429376579,3.259050023027049e-28,2.5907467874495634e-17,3.0980500914943576,3.961492205684633e-17,1.3707454182350697e-17,1.0190347981999965e+21,3.1671787493691596e-07,3.016360713684914e-07,4.043999705908549e-07,0.0011143556275975154,186.3593900650294,2.3179366180618384e-06,0.08513044699427397,3.8609811905424093e+27,3896258760.096889,0.1501650749306419,True,0.0005081124427311922,0.5,0.4879500364742666
True,0.004961204630904614,2.7536648638428873e-28,2.1889962870491637e-17,3.0980500914943576,3.34717841644209e-17,1.1581821293929267e-17,1.4274105469619604e+21,3.748456869823091e-07,3.569958923641039e-07,4.043999705908549e-07,0.0010243157226824612,171.30155633051598,2.3179366180618384e-06,0.08513044699427397,4.569594144577132e+27,3896258760.096889,0.1501650749306419,True,0.00046705697094405046,0.5,0.4879500364742666
True,0.005397306882719067,2.3266504437756383e-28,1.8495457633789768e-17,3.0980500914943576,2.8281270717682953e-17,9.78581308389318e-18,1.9994418965645086e+21,4.4364180290495326e-07,4.2251600276662215e-07,4.0439997059085487e-07,0.0009415510396771235,157.4603951591461,2.3179366180618384e-06,0.08513044699427397,5.408260132761762e+27,3896258760.096889,0.1501650749306419,True,0.00042931878017959913,0.5,0.48795003647426666
True,0.005871743609361058,1.9658537095784438e-28,1.562734277381753e-17,3.0980500914943576,2.3895656995095445e-17,8.268314221277914e-18,2.800713436121218e+21,5.250641960675586e-07,5.000611391119605e-07,4.0439997059085487e-07,0.0008654737408457145,144.7375994403479,2.3179366180618384e-06,0.08513044699427397,6.400848026805905e+27,3896258760.096889,0.1501650749306419,True,0.00039462983421989885,0.5,0.48795003647426666
True,0.006387884506708527,1.661006197902238e-28,1.3203990244838664e-17,3.0980500914943576,2.0190126141334685e-17,6.986135896496022e-18,3.923092621369829e+21,6.214301902725263e-07,5.91838276450025e-07,4.0439997059085487e-07,0.000795543485725784,133.04280527545575,2.3179366180618384e-06,0.08513044699427397,7.575607396189173e+27,3896258760.096889,0.1501650749306419,True,0.0003627437541662547,0.5,0.48795003647426666
True,0.006949395475305349,1.4034317894698662e-28,1.1156430169171023e-17,3.0980500914943576,1.7059216814447677e-17,5.9027866452766554e-18,5.495262570368969e+21,7.354824120067409e-07,7.004594400064199e-07,4.043999705908549e-07,0.0007312635933498004,122.29295016640013,2.3179366180618384e-06,0.08513044699427397,8.965972505651601e+27,3896258760.096889,0.1501650749306419,True,0.0003334340685283983,0.5,0.4879500364742666
True,0.007560264657489693,1.185799782193538e-28,9.426387918473514e-18,3.0980500914943576,1.441382170102164e-17,4.987433782548128e-18,7.697475851781937e+21,8.70466847022717e-07,8.2901604478354e-07,4.0439997059085487e-07,0.0006721775145591271,112.41168306273437,2.3179366180618384e-06,0.08513044699427397,1.0611513871816952e+28,3896258760.096889,0.1501650749306419,True,0.0003064926047064198,0.5,0.48795003647426666
True,0.008224830763250849,1.0019162555676425e-28,7.964625587411004e-18,3.0980500914943576,1.2178651475540751e-17,4.214025888129746e-18,1.0782220818392591e+22,1.0302252227871417e-06,9.811668788448969e-07,4.043999705908548e-07,0.0006178655893549406,103.32882207684683,2.3179366180618384e-06,0.08513044699427397,1.2559064460746958e+28,3896258760.096889,0.1501650749306419,True,0.0002817280104409163,0.5,0.4879500364742667
True,0.008947813885999509,8.465477884586467e-29,6.7295406571719524e-18,3.0980500914943576,1.0290092026889575e-17,3.560551369717622e-18,1.5103169924159746e+22,1.219304346049515e-06,1.1612422343328713e-06,4.043999705908548e-07,0.0005679420662550994,94.97985601576804,2.3179366180618384e-06,0.08513044699427397,1.4864052578596895e+28,3896258760.096889,0.1501650749306419,True,0.00025896439472992765,0.5,0.4879500364742667
True,0.009734349027120986,7.152725132084079e-29,5.685981966071463e-18,3.0980500914943576,8.69439396755172e-18,3.008412001480258e-18,2.11557290098284e+22,1.4430855073351369e-06,1.3743671498429874e-06,4.043999705908549e-07,0.0005220523624869068,87.30548618919588,2.3179366180618384e-06,0.08513044699427397,1.7592079390135766e+28,3896258760.096889,0.1501650749306419,True,0.00023804007855974992,0.5,0.4879500364742666
True,0.01059002256742026,6.043542669729217e-29,4.804249289144887e-18,3.0980500914943576,7.34614289799015e-18,2.541893608845263e-18,2.9633836617394253e+22,1.7079376352818606e-06,1.62660727169701e-06,4.043999705908549e-07,0.0004798705455562192,80.25120523941912,2.3179366180618384e-06,0.08513044699427397,2.0820785962131773e+28,3896258760.096889,0.1501650749306419,True,0.00021880644657666377,0.5,0.4879500364742666
True,0.011520911944497985,5.10636258577933e-29,4.059248054245237e-18,3.0980500914943576,6.206966889135273e-18,2.147718834890036e-18,4.1509525493470275e+22,2.0213985596729823e-06,1.92514148540284e-06,4.0439997059085497e-07,0.00044109701830570417,73.76691000177206,2.3179366180618384e-06,0.08513044699427397,2.464206296863233e+28,3896258760.096889,0.1501650749306419,True,0.00020112689154355595,0.5,0.48795003647426655
True,0.012533628817866614,4.3145122459465074e-29,3.429775137423518e-18,3.0980500914943576,5.2444443972580695e-18,1.814669259834552e-18,5.814436817410543e+22,2.3923895420067163e-06,2.278466230482587e-06,4.0439997059085487e-07,0.0004054563910203324,67.8065456459545,2.3179366180618384e-06,0.08513044699427397,2.916466594750339e+28,3896258760.096889,0.1501650749306419,True,0.00018487584408442026,0.5,0.48795003647426666
True,0.01363536602838792,3.645455176305577e-29,2.8979154109555284e-18,3.0980500914943576,4.431181529915223e-18,1.5332661189596949e-18,8.14455841201495e+22,2.8314691792543136e-06,2.6966373135755367e-06,4.0439997059085497e-07,0.0003726955254666859,62.32777857072319,2.3179366180618384e-06,0.08513044699427397,3.451731053979492e+28,3896258760.096889,0.1501650749306419,True,0.0001699378808254741,0.5,0.48795003647426655
True,0.014833948685562074,3.0801496634847846e-29,2.448531869457233e-18,3.0980500914943576,3.744032401473773e-18,1.29550053201654e-18,1.1408470641231469e+23,3.351133907040204e-06,3.1915561019430513e-06,4.0439997059085487e-07,0.0003425817369738377,57.29169572868326,2.3179366180618384e-06,0.08513044699427397,4.085233580405989e+28,3896258760.096889,0.1501650749306419,True,0.00015620690459845047,0.5,0.48795003647426666
True,0.01613788974551674,2.6025068175657e-29,2.0688348228117904e-18,3.0980500914943576,3.163440389126569e-18,1.094605566314779e-18,1.5980387859928254e+23,3.966173654721562e-06,3.7773082425919637e-06,4.0439997059085487e-07,0.0003149011417860514,52.66252824562908,2.3179366180618384e-06,0.08513044699427397,4.835003986546362e+28,3896258760.096889,0.1501650749306419,True,0.00014358539088344158,0.5,0.48795003647426666
True,0.017556450474439968,2.1989326738795997e-29,1.748017894914088e-18,3.0980500914943576,2.6728815412008804e-18,9.248636462867928e-19,2.2384489927229787e+23,4.6940927744964264e-06,4.470564547139453e-06,4.0439997059085487e-07,0.0002894571379493347,48.40739737143439,2.3179366180618384e-06,0.08513044699427397,5.722381129452087e+28,3896258760.096889,0.1501650749306419,True,0.00013198369513914057,0.5,0.48795003647426666
True,0.01909970622689944,1.857941301678546e-29,1.4769504685671414e-18,3.0980500914943576,2.2583942968702427e-18,7.814438283031014e-19,3.13550205222927e+23,5.555608224402457e-06,5.291055451811864e-06,4.0439997059085487e-07,0.00026606900894232205,44.49608095810414,2.3179366180618384e-06,0.08513044699427397,6.772620225717621e+28,3896258760.096889,0.1501650749306419,True,0.0001213194161007817,0.5,0.48795003647426666
True,0.020778618006240163,1.5698279085519494e-29,1.247917823351518e-18,3.0980500914943576,1.908182132846981e-18,6.602643094954627e-19,4.392046971583921e+23,6.575239183754619e-06,6.26213255595678e-06,4.043999705908549e-07,0.00024457064013374093,40.900798806392984,2.3179366180618384e-06,0.08513044699427397,8.015611628125059e+28,3896258760.096889,0.1501650749306419,True,0.00011151681052358832,0.5,0.4879500364742666
True,0.02260511031531905,1.3263926369698406e-29,1.0544015706560541e-18,3.0980500914943576,1.6122778281730904e-18,5.578762575170363e-19,6.15214925051148e+23,7.782004881784516e-06,7.411433220747158e-06,4.0439997059085487e-07,0.0002248093389500854,37.596015356412046,2.3179366180618384e-06,0.08513044699427397,9.486731520683465e+28,3896258760.096889,0.1501650749306419,True,0.00010250625521493723,0.5,0.48795003647426666
True,0.024592155850513473,1.1207071920581723e-29,8.908941369361218e-19,3.0980500914943576,1.362259791910016e-18,4.713656549738941e-19,8.617608291861993e+23,9.210250500049043e-06,8.771667142903851e-06,4.043999705908549e-07,0.00020664475037370612,34.558258320828706,2.3179366180618384e-06,0.08513044699427397,1.1227848743288064e+29,3896258760.096889,0.1501650749306419,True,9.422375253430753e-05,0.5,0.4879500364742666
True,0.026753867640544104,9.469176587109406e-30,7.527420152962381e-19,3.0980500914943576,1.15101238026545e-18,3.9827036496921196e-19,1.2071094124674309e+24,1.090062465422166e-05,1.0381547289734913e-05,4.0439997059085487e-07,0.0001899478600686267,31.765951972499156,2.3179366180618384e-06,0.08513044699427397,1.3288516400754347e+29,3896258760.096889,0.1501650749306419,True,8.661047584882122e-05,0.5,0.48795003647426666
True,0.02910559928452991,8.000778961112155e-30,6.360133242552361e-19,3.0980500914943576,9.725233816574756e-19,3.365100574022396e-19,1.6908556113457666e+24,1.2901236274908308e-05,1.2286891690388865e-05,4.0439997059085487e-07,0.00017460007805376854,29.199263902456,2.3179366180618384e-06,0.08513044699427397,1.5727382170042002e+29,3896258760.096889,0.1501650749306419,True,7.961235171596398e-05,0.5,0.48795003647426666
True,0.03166405400121802,6.760087679821753e-30,5.37385904347324e-19,3.0980500914943576,8.217129060352665e-19,2.843270016879425e-19,2.3684619379907327e+24,1.5269023812919693e-05,1.4541927440875897e-05,4.043999705908549e-07,0.0001604923964153532,26.839964159846108,2.3179366180618384e-06,0.08513044699427397,1.8613857443748473e+29,3896258760.096889,0.1501650749306419,True,7.317967582593089e-05,0.5,0.4879500364742666
True,0.03444740326391264,5.711792021876533e-30,4.540527677299128e-19,3.0980500914943576,6.942888085571357e-19,2.4023604082722294e-19,3.3176173731629486e+24,1.8071375737296515e-05,1.721083403552049e-05,4.043999705908549e-07,0.00014752461507612117,24.671295773357908,2.3179366180618384e-06,0.08513044699427397,2.2030092814566857e+29,3896258760.096889,0.1501650749306419,True,6.726675997582042e-05,0.5,0.4879500364742666
True,0.037475415863710185,4.826056945763237e-30,3.8364220984468725e-19,3.0980500914943576,5.866245329083301e-19,2.0298232306364282e-19,4.647144570138235e+24,2.138804844630758e-05,2.036956994886436e-05,4.0439997059085487e-07,0.00013560463012237574,22.677855734513635,2.3179366180618384e-06,0.08513044699427397,2.6073316124027283e+29,3896258760.096889,0.1501650749306419,True,6.183160756830353e-05,0.5,0.48795003647426666
True,0.04076959831771378,4.077673968965296e-30,3.2415030946813653e-19,3.0980500914943576,4.956558976156922e-19,1.7150558814755576e-19,6.509476599218597e+24,2.5313436176167673e-05,2.410803445349302e-05,4.0439997059085487e-07,0.00012464777963418512,20.84548559750884,2.3179366180618384e-06,0.08513044699427397,3.085859961760797e+29,3896258760.096889,0.1501650749306419,True,5.6835615329992865e-05,0.5,0.48795003647426666
True,0.044353347619480454,3.4453437213943994e-30,2.7388389606770945e-19,3.0980500914943576,4.1879388784377435e-19,1.4490999177606485e-19,9.118133717650626e+24,2.9959257510263217e-05,2.853262620025068e-05,4.043999705908549e-07,0.0001145762423724841,19.16117091858147,2.3179366180618384e-06,0.08513044699427397,3.652213496089616e+29,3896258760.096889,0.1501650749306419,True,5.224329913095853e-05,0.5,0.4879500364742666
True,0.048252117416612984,2.9110697542020243e-30,2.3141236128482367e-19,3.0980500914943576,3.5385097068146127e-19,1.2243860939663755e-19,1.2772203913128369e+25,3.545773494833955e-05,3.3769271379370996e-05,4.0439997059085487e-07,0.00010531848505224306,17.612948820677445,2.3179366180618384e-06,0.08513044699427397,4.322510932546687e+29,3896258760.096889,0.1501650749306419,True,4.802204195802017e-05,0.5,0.48795003647426666
True,0.05249359879577628,2.4596463514531757e-30,1.9552694307437045e-19,3.0980500914943576,2.989788368136849e-19,1.0345189373931447e-19,1.7890633966329163e+25,4.1965358027848324e-05,3.996700764556983e-05,4.0439997059085487e-07,9.68087542759504e-05,16.189823026888842,2.3179366180618384e-06,0.08513044699427397,5.1158292859906656e+29,3896258760.096889,0.1501650749306419,True,4.414186225179036e-05,0.5,0.48795003647426666
True,0.05710791695916732,2.0782257675152443e-30,1.6520632370607636e-19,3.0980500914943576,2.5261579667371295e-19,8.74094729676366e-20,2.5060262574430915e+25,4.966733709785274e-05,4.7302225807478797e-05,4.043999705908549e-07,8.898660951885525e-05,14.881685759187867,2.3179366180618384e-06,0.08513044699427397,6.054746810780241e+29,3896258760.096889,0.1501650749306419,True,4.05752009620785e-05,0.5,0.4879500364742666
True,0.06212784518933688,1.755952573512294e-30,1.3958756252889253e-19,3.0980500914943576,2.1344233394306175e-19,7.385477141416921e-20,3.5103102633555276e+25,5.878287450221999e-05,5.598369000211427e-05,4.0439997059085487e-07,8.179649384899057e-05,13.679245947741107,2.3179366180618384e-06,0.08513044699427397,7.165985589676376e+29,3896258760.096889,0.1501650749306419,True,3.729672580921258e-05,0.5,0.48795003647426666
True,0.0675890376220525,1.4836547061539752e-30,1.1794153622971055e-19,3.0980500914943576,1.803435514284377e-19,6.240201519872715e-20,4.9170586734360935e+25,6.957140319272586e-05,6.625847923116749e-05,4.043999705908549e-07,7.518733933300694e-05,12.573963240909295,2.3179366180618384e-06,0.08513044699427397,8.481172058263507e+29,3896258760.096889,0.1501650749306419,True,3.428315136104077e-05,0.5,0.4879500364742666
True,0.07353028248047594,1.253582426027541e-30,9.965218760335445e-20,3.0980500914943576,1.5237744050577035e-19,5.2725252902415887e-20,6.887558131371995e+25,8.233997032625573e-05,7.84190193583388e-05,4.043999705908549e-07,6.911220432520416e-05,11.557987347237274,2.3179366180618384e-06,0.08513044699427397,1.0037737109811554e+30,3896258760.096889,0.1501650749306419,True,3.1513073647706546e-05,0.5,0.4879500364742666
True,0.07999377756925682,1.0591877559696833e-30,8.419899224301026e-20,3.0980500914943576,1.287480710631508e-19,4.454907882014053e-20,9.647730516072608e+25,9.745197598713349e-05,9.28114057020319e-05,4.043999705908549e-07,6.352794006359919e-05,10.624102278609508,2.3179366180618384e-06,0.08513044699427397,1.1879981398033088e+30,3896258760.096889,0.1501650749306419,True,2.8966818139545352e-05,0.5,0.4879500364742666
True,0.08702542998524213,8.94938122219214e-31,7.114214414395718e-20,3.0980500914943576,1.0878293891446762e-19,3.7640794770510423e-20,1.351403535700066e+26,0.00011533751574317204,0.00010984525308873527,4.043999705908549e-07,5.839488420502395e-05,9.765675098557331,2.3179366180618384e-06,0.08513044699427397,1.4060336156807528e+30,3896258760.096889,0.1501650749306419,True,2.6626300008363674e-05,0.5,0.4879500364742666
True,0.09467518217350566,7.561588944804384e-31,6.011003859514402e-20,3.0980500914943576,9.191382597929838e-20,3.1803787384154357e-20,1.89297525802585e+26,0.0001365056213899943,0.00013000535370475647,4.043999705908549e-07,5.3676579122577685e-05,8.976608811701372,2.3179366180618384e-06,0.08513044699427397,1.6640855420460534e+30,3896258760.096889,0.1501650749306419,True,2.447489567960241e-05,0.5,0.4879500364742666
True,0.1029973666445142,6.3890034350533915e-31,5.078869611517902e-20,3.0980500914943576,7.766062849979855e-20,2.6871932384619526e-20,2.651580547805619e+26,0.00016155874826159143,0.00015386547453484896,4.0439997059085487e-07,4.933951296463849e-05,8.251299059725895,2.3179366180618384e-06,0.08513044699427397,1.9694982113965776e+30,3896258760.096889,0.1501650749306419,True,2.249732476308238e-05,0.5,0.48795003647426666
True,0.11205109187181692,5.398252297378752e-31,4.291282643242863e-20,3.0980500914943576,6.561769303719461e-20,2.2704866604765975e-20,3.71419508611725e+26,0.00019120992142353965,0.00018210468707003776,4.0439997059085487e-07,4.535288163629949e-05,7.584594316317239,2.3179366180618384e-06,0.08513044699427397,2.33096382769184e+30,3896258760.096889,0.1501650749306419,True,2.067954152374233e-05,0.5,0.48795003647426666
True,0.1219006621111034,4.5611382373456875e-31,3.625827818543621e-20,3.0980500914943576,5.54422713632129e-20,1.9183993177776674e-20,5.202649849409302e+26,0.00022630302873848278,0.00021552669403665026,4.043999705908549e-07,4.168837001269865e-05,6.971759298350138,2.3179366180618384e-06,0.08513044699427397,2.7587698910145036e+30,3896258760.096889,0.1501650749306419,True,1.9008635121538395e-05,0.5,0.4879500364742666
True,0.13261603412240283,3.853836551929756e-31,3.063565945819437e-20,3.0980500914943576,4.6844765666628615e-20,1.6209106208434245e-20,7.287599285436112e+26,0.00026783683835511236,0.0002550827031953451,4.043999705908549e-07,3.8319950830305804e-05,6.408441333449258,2.3179366180618384e-06,0.08513044699427397,3.265091985191592e+30,3896258760.096889,0.1501650749306419,True,1.7472737911957102e-05,0.5,0.4879500364742666
True,0.14427331403930435,3.256217066034987e-31,2.5884947587374208e-20,3.0980500914943576,3.958048644842118e-20,1.3695538861046975e-20,1.0208087202162812e+27,0.00031699342417092495,0.0003018984992104047,4.0439997059085487e-07,3.522369982778789e-05,5.8906394450507715,2.3179366180618384e-06,0.08513044699427397,3.8643403012644995e+30,3896258760.096889,0.1501650749306419,True,1.6060941155844246e-05,0.5,0.48795003647426666
True,0.15695529791421722,2.751271217205156e-31,2.187093483381476e-20,3.0980500914943576,3.3442688530934035e-20,1.1571753697119272e-20,1.4298953639672333e+27,0.000375171808272243,0.00035730648406880283,4.0439997059085487e-07,3.237762582348813e-05,5.4146759353902745,2.3179366180618384e-06,0.08513044699427397,4.573569759046387e+30,3896258760.096889,0.1501650749306419,True,1.476321753987772e-05,0.5,0.48795003647426666
True,0.1707520597789095,2.3246279830597177e-31,1.847938029970317e-20,3.0980500914943576,2.8256686982220736e-20,9.777306682517564e-21,2.0029224980188176e+27,0.00044402777783292204,0.0004228835979361162,4.043999705908549e-07,2.9761514522639557e-05,4.977170264584384,2.3179366180618384e-06,0.08513044699427397,5.412965399040797e+30,3896258760.096889,0.1501650749306419,True,1.3570349957383707e-05,0.5,0.4879500364742666
True,0.18576159139703224,1.9641448744968751e-31,1.5613758573002647e-20,3.0980500914943576,2.387488549171684e-20,8.261126918714194e-21,2.805588880251711e+27,0.0005255210096814452,0.0005004961996966145,4.0439997059085487e-07,2.735678494495187e-05,4.5750150402819,2.3179366180618384e-06,0.08513044699427397,6.406416859228611e+30,3896258760.096889,0.1501650749306419,True,1.2473866043661187e-05,0.5,0.48795003647426666
True,0.2020904982524852,1.6595623541167896e-31,1.319251256385095e-20,3.0980500914943576,2.0172575702213263e-20,6.980063138362314e-21,3.9299218880300836e+27,0.0006219708437261854,0.0005923531845011289,4.043999705908549e-07,2.5146357452845456e-05,4.2053539473505275,2.3179366180618384e-06,0.08513044699427397,7.582198286632575e+30,3896258760.096889,0.1501650749306419,True,1.1465978000850465e-05,0.5,0.4879500364742666
True,0.21985475671689472,1.4022118444328839e-31,1.1146732347219546e-20,3.0980500914943576,1.7044387944926734e-20,5.89765559770719e-21,5.504828649246827e+27,0.0007361222925796212,0.0007010688500758297,4.0439997059085487e-07,2.3114532443000442e-05,3.86556146084428,2.3179366180618384e-06,0.08513044699427397,8.973773034297407e+30,3896258760.096889,0.1501650749306419,True,1.0539527284950676e-05,0.5,0.48795003647426666
True,0.23918053777399972,1.184769015632601e-31,9.418193950484407e-21,3.0980500914943576,1.440129236373568e-20,4.983098413251273e-21,7.710875513802748e+27,0.0008712241660498663,0.0008297373009998727,4.0439997059085487e-07,2.1246878839625456e-05,3.5532241981626154,2.3179366180618384e-06,0.08513044699427397,1.062074604578138e+31,3896258760.096889,0.1501650749306419,True,9.687933762124828e-06,0.5,0.48795003647426666
True,0.26020510315146445,1.001045331328485e-31,7.95770226877899e-21,3.0980500914943576,1.216806507901174e-20,4.210362810232751e-21,1.0800990362796818e+28,0.0010311215339633066,0.0009820205085364824,4.043999705908549e-07,1.9530131597467218e-05,3.2661237779545846,2.3179366180618384e-06,0.08513044699427397,1.2569991032519177e+31,3896258760.096889,0.1501650749306419,True,8.905148973174024e-06,0.5,0.4879500364742666
True,0.28307778022491015,8.458119195829063e-32,6.723690946635635e-21,3.0980500914943576,1.0281147276747496e-20,3.55745633011186e-21,1.5129461318419759e+28,0.001220365158858533,0.0011622525322462218,4.0439997059085497e-07,1.7952097486574274e-05,3.002221064023088,2.3179366180618384e-06,0.08513044699427397,1.4876984524111863e+31,3896258760.096889,0.1501650749306419,True,8.185613174240936e-06,0.5,0.48795003647426655
True,0.307961022618444,7.146507564838393e-32,5.6810393778160804e-21,3.0980500914943576,8.686836291539361e-21,3.0057969137232803e-21,2.119255661721469e+28,0.001444341013063176,0.0013755628695839772,4.0439997059085487e-07,1.650156848964911e-05,2.7596416823212113,2.3179366180618384e-06,0.08513044699427397,1.7607384759311865e+31,3896258760.096889,0.1501650749306419,True,7.524215848623202e-06,0.5,0.48795003647426666
True,0.33503156403461193,6.038289268786577e-32,4.800073154529228e-21,3.0980500914943576,7.339757200703959e-21,2.5396840461747318e-21,2.968542280002076e+28,0.0017094235662771732,0.0016280224440734983,4.043999705908549e-07,1.5168242196892322e-05,2.5366627081749367,2.3179366180618384e-06,0.08513044699427397,2.0838900353763417e+31,3896258760.096889,0.1501650749306419,True,6.916259409231423e-06,0.5,0.4879500364742666
True,0.36448167350888566,5.101923836607265e-32,4.055719518298699e-21,3.0980500914943576,6.201571430297919e-21,2.145851911999221e-21,4.158178471493027e+28,0.0020231572063071734,0.0019268163869592128,4.0439997059085487e-07,1.394264863294078e-05,2.3317004291778325,2.3179366180618384e-06,0.08513044699427397,2.4663501927758913e+31,3896258760.096889,0.1501650749306419,True,6.357425833887406e-06,0.5,0.48795003647426666
True,0.3965205210041451,4.3107618194270765e-32,3.4267937761715786e-21,3.0980500914943576,5.239885619295245e-21,1.8130918431236655e-21,5.82455851050772e+28,0.0023944709562808055,0.0022804485297912435,4.0439997059085487e-07,1.2816082996187499e-05,2.1432990968435632,2.3179366180618384e-06,0.08513044699427397,2.919003963809027e+31,3896258760.096889,0.1501650749306419,True,5.843745996489503e-06,0.5,0.48795003647426666
True,0.43137566304431935,3.6422863333427456e-32,2.895396373301034e-21,3.0980500914943576,4.42732968762695e-21,1.5319333143259157e-21,8.15873634931949e+28,0.002833932599304795,0.0026989834279093285,4.043999705908549e-07,1.1780543832762598e-05,1.9701205871245662,2.3179366180618384e-06,0.08513044699427397,3.4547341110318343e+31,3896258760.096889,0.1501650749306419,True,5.3715714762189544e-06,0.5,0.4879500364742666
True,0.4692946589389276,3.077472217154065e-32,2.446403462273892e-21,3.0980500914943576,3.740777869418315e-21,1.2943744071444237e-21,1.1428330352870766e+29,0.003354049443087334,0.003194332802940318,4.0439997059085487e-07,1.0828676206054938e-05,1.8109348963605434,2.3179366180618384e-06,0.08513044699427397,4.088787794022936e+31,3896258760.096889,0.1501650749306419,True,4.9375486445616095e-06,0.5,0.48795003647426666
True,0.5105468290777841,2.6002445663472167e-32,2.067036470520392e-21,3.0980500914943576,3.1606905416231542e-21,1.0936540711027622e-21,1.6008206303325386e+29,0.003969624284442797,0.0037805945566121873,4.043999705908549e-07,9.953719458134938e-06,1.6646114051540668,2.3179366180618384e-06,0.08513044699427397,4.83921051150232e+31,3896258760.096889,0.1501650749306419,True,4.538594846097602e-06,0.5,0.4879500364742666
True,0.5554251677841955,2.1970212329230307e-32,1.7464984154698812e-21,3.0980500914943576,2.6705581161544488e-21,9.24059700684568e-22,2.2423456545028564e+29,0.004698176704614469,0.004474454004394732,4.0439997059085497e-07,9.149459192052904e-06,1.53011084812478,2.3179366180618384e-06,0.08513044699427397,5.727359685642634e+31,3896258760.096889,0.1501650749306419,True,4.171876503882544e-06,0.5,0.48795003647426655
True,0.6042484243127103,1.85632627037671e-32,1.4756666167921458e-21,3.0980500914943576,2.2564311683914055e-21,7.807645515992595e-22,3.1409602918619015e+29,0.0055604416856998235,0.005295658748285546,4.043999705908549e-07,8.410183133966571e-06,1.4064779325072816,2.3179366180618384e-06,0.08513044699427397,6.778512505450194e+31,3896258760.096889,0.1501650749306419,True,3.834788993913415e-06,0.5,0.4879500364742666
True,0.6573633667717687,1.5684633222711455e-32,1.2468330601542025e-21,3.0980500914943576,1.906523429274715e-21,6.596903691205124e-22,4.39969258764456e+29,0.006580959739062322,0.006267580703868877,4.043999705908549e-07,7.730640561607394e-06,1.2928345531660708,2.3179366180618384e-06,0.08513044699427397,8.022585328755912e+31,3896258760.096889,0.1501650749306419,True,3.5249381457369925e-06,0.5,0.4879500364742666
True,0.7151472450507887,1.3252396588723643e-32,1.0534850231097043e-21,3.0980500914943576,1.6108763419380814e-21,5.573913188283771e-22,6.162858828851936e+29,0.007788775341092068,0.007417881277230541,4.0439997059085487e-07,7.106005010925724e-06,1.1883735558371162,2.3179366180618384e-06,0.08513044699427397,9.494985117372003e+31,3896258760.096889,0.1501650749306419,True,3.24012323780866e-06,0.5,0.48795003647426666
True,0.7780104702446848,1.1197330077856481e-32,8.90119719619237e-22,3.0980500914943576,1.3610756359826024e-21,4.709559163633653e-22,8.632609708009597e+29,0.009218263554161736,0.008779298623011177,4.0439997059085497e-07,6.531839996038089e-06,1.09235300429934,2.3179366180618384e-06,0.08513044699427397,1.1237617137703464e+32,3896258760.096889,0.1501650749306419,True,2.9783213668257632e-06,0.5,0.48795003647426655
True,0.846399529606477,9.460945424705632e-33,7.520876878878251e-22,3.0980500914943576,1.1500118529499474e-21,3.9792416506212226e-22,1.2092107322325926e+30,0.010910108358841418,0.01039057938937278,4.043999705908549e-07,6.0040674990017675e-06,1.004090910758488,2.3179366180618384e-06,0.08513044699427397,1.3300077606499625e+32,3896258760.096889,0.1501650749306419,True,2.7376730800184186e-06,0.5,0.4879500364742666
False,0.9208001577315016,7.993824215852121e-33,6.3546046425576825e-22,3.0980500914943576,9.716780074243255e-22,3.3621754316855718e-22,1.6937990299617247e+30,0.012912460541217993,0.01229758146782666,4.0439997059085487e-07,5.518939005614786e-06,0.9229603920158501,2.3179366180618384e-06,0.08513044699427397,1.5741065225066275e+32,3896258760.096889,0.1501650749306419,False,2.51646916835083e-06,0.5,0.48795003647426666
False,1.0017407864966161,6.754211416025791e-33,5.369187770726879e-22,3.0980500914943576,8.209986250926062e-22,2.840798480199183e-22,2.3725849245501367e+30,0.015282308089396238,0.014554579132758321,4.0439997059085487e-07,5.073008881522464e-06,0.848385217018409,2.3179366180618384e-06,0.08513044699427397,1.8630051774938695e+32,3896258760.096889,0.1501650749306419,False,2.3131385268315938e-06,0.5,0.48795003647426666
False,1.089796298257657,5.706826998010285e-33,4.536580784940862e-22,3.0980500914943576,6.936852920965657e-22,2.4002721360247957e-22,3.323392636687091e+30,0.018087098101381295,0.017225807715601234,4.0439997059085487e-07,4.663109899533857e-06,0.7798357141668261,2.3179366180618384e-06,0.08513044699427397,2.204925932104025e+32,3896258760.096889,0.1501650749306419,False,2.12623699571061e-06,0.5,0.48795003647426666
False,1.1855921089623183,4.821861854656315e-33,3.833087255860374e-22,3.0980500914943576,5.861146045364184e-22,2.0280587895038092e-22,4.655234256653755e+30,0.021406656364687693,0.02038729177589304,4.0439997059085497e-07,4.2863307443303425e-06,0.7168250093128233,2.3179366180618384e-06,0.08513044699427397,2.6096000294560747e+32,3896258760.096889,0.1501650749306419,False,1.9544371033069612e-06,0.5,0.48795003647426655
False,1.2898086101788073,4.074129416135444e-33,3.2386853905062206e-22,3.0980500914943576,4.952250445048505e-22,1.713565054542284e-22,6.520808208182555e+30,0.02533545923991135,0.024129008799915568,4.0439997059085487e-07,3.939995334793223e-06,0.6589055677262894,2.3179366180618384e-06,0.08513044699427397,3.0885447055533405e+32,3896258760.096889,0.1501650749306419,False,1.7965186376160676e-06,0.5,0.48795003647426666
False,1.4031860015899118,3.442348827018235e-33,2.736458201581967e-22,3.0980500914943576,4.1842984768961303e-22,1.4478402753141634e-22,9.134006441700655e+30,0.029985322507258102,0.028557450006912476,4.0439997059085497e-07,3.621643817086644e-06,0.6056660154713402,2.3179366180618384e-06,0.08513044699427397,3.655390975830814e+32,3896258760.096889,0.1501650749306419,False,1.65135997973069e-06,0.5,0.48795003647426655
False,1.5265295482753287,2.908539282022618e-33,2.3121120411868e-22,3.0980500914943576,3.535433827112064e-22,1.2233217859252642e-22,1.2794437593232374e+31,0.03548858370200299,0.03379865114476475,4.0439997059085487e-07,3.3290150934989035e-06,0.5567282176151104,2.3179366180618384e-06,0.08513044699427397,4.326271580968248e+32,3896258760.096889,0.1501650749306419,False,1.5179301375213046e-06,0.5,0.48795003647426666
False,1.6607153001222132,2.457508282911689e-33,1.9535697961366667e-22,3.0980500914943576,2.987189469131779e-22,1.0336196729951122e-22,1.792177774035366e+31,0.04200186850980905,0.04000177953315147,4.0439997059085487e-07,3.060030762952961e-06,0.5117445925172011,2.3179366180618384e-06,0.08513044699427397,5.1202801331092894e+32,3896258760.096889,0.1501650749306419,False,1.3952814229948882e-06,0.5,0.48795003647426666
False,1.8066963139861723,2.0764192520651664e-33,1.6506271670201998e-22,3.0980500914943576,2.5239620824075337e-22,8.73334915387334e-23,2.5103887141122143e+31,0.049710548415481524,0.047343379443315736,4.043999705908549e-07,2.812780359123225e-06,0.47039564312446364,2.3179366180618384e-06,0.08513044699427397,6.060014530027745e+32,3896258760.096889,0.1501650749306419,False,1.2825427213229149e-06,0.5,0.4879500364742666
False,1.9655094227957095,1.7544261967811294e-33,1.3946622485120237e-22,3.0980500914943576,2.1325679737624863e-22,7.379057252504628e-23,3.516420964060882e+31,0.05883401647216761,0.05603239664015963,4.0439997059085487e-07,2.585507781312136e-06,0.4323876877371023,2.3179366180618384e-06,0.08513044699427397,7.17222010309165e+32,3896258760.096889,0.1501650749306419,False,1.1789133037317142e-06,0.5,0.48795003647426666
False,2.138282599677844,1.4823650266633573e-33,1.1783901454475482e-22,3.0980500914943576,1.801867862602502e-22,6.234777171549538e-23,4.925618222777841e+31,0.06963193134214739,0.06631612508775941,4.043999705908549e-07,2.3765988217115306e-06,0.39745077412881,2.3179366180618384e-06,0.08513044699427397,8.488550803352064e+32,3896258760.096889,0.1501650749306419,False,1.083657140311113e-06,0.5,0.4879500364742666
False,2.3262429694086837,1.2524927388261003e-33,9.956556409047462e-23,3.0980500914943576,1.5224498511770816e-22,5.2679421027233527e-23,6.8995478995617465e+31,0.08241160731787264,0.07848724506464061,4.043999705908549e-07,2.184569700460999e-06,0.36533676220595007,2.3179366180618384e-06,0.08513044699427397,1.0046470089509498e+33,3896258760.096889,0.1501650749306419,False,9.960976723480066e-07,0.5,0.4879500364742666
False,2.53072552409051,1.0582670479909824e-33,8.41258015518228e-23,3.0980500914943576,1.2863615570574405e-22,4.4510354153921255e-23,9.664525155077974e+31,0.09753676064711306,0.09289215299725052,4.0439997059085487e-07,2.008056527073176e-06,0.3358175615878162,2.3179366180618384e-06,0.08513044699427397,1.1890317157500181e+33,3896258760.096889,0.1501650749306419,False,9.156130070552181e-07,0.5,0.48795003647426666
False,2.753182604958582,8.941601896336764e-34,7.108030322919388e-23,3.0980500914943576,1.0868837841823772e-22,3.760807518904383e-23,1.3537560407264926e+32,0.11543786108718504,0.10994082008303337,4.0439997059085487e-07,1.8458056133756088e-06,0.30868351159036483,2.3179366180618384e-06,0.08513044699427397,1.4072568857152276e+33,3896258760.096889,0.1501650749306419,False,8.416315005661469e-07,0.5,0.48795003647426666
False,2.9951942176623927,7.5550159692069015e-34,6.005778743209698e-23,3.0980500914943576,9.183392910317312e-23,3.177614167107614e-23,1.8962705237934497e+32,0.13662438329889992,0.1301184602846666,4.0439997059085487e-07,1.6966645691666591e-06,0.2837418921072172,2.3179366180618384e-06,0.08513044699427397,1.665533321071878e+33,3896258760.096889,0.1501650749306419,False,7.736276978233292e-07,0.5,0.48795003647426666
False,3.2584792542858563,6.383449739397973e-34,5.074454760847895e-23,3.0980500914943576,7.759312133698657e-23,2.6848573728507623e-23,2.6561963834179287e+32,0.16169930676129693,0.15399933977266372,4.0439997059085487e-07,1.5595741173421686e-06,0.2608155548114371,2.3179366180618384e-06,0.08513044699427397,1.9712117039603992e+33,3896258760.096889,0.1501650749306419,False,7.111186005238955e-07,0.5,0.48795003647426666
False,3.5449077018110318,5.393559820588687e-34,4.287552409253466e-23,3.0980500914943576,6.556065429861172e-23,2.2685130206077067e-23,3.720660706768923e+32,0.1913762768823009,0.18226312084028656,4.043999705908549e-07,1.4335605703596765e-06,0.239741664956169,2.3179366180618384e-06,0.08513044699427397,2.3329918006862567e+33,3896258760.096889,0.1501650749306419,False,6.536602366149351e-07,0.5,0.4879500364742666
