surface_mu,source_radius_m,projected_jordan_accel_mps2
-1.0,1.3980500914943574,15.858400145220235
-0.9995,1.3981036668775784,15.85620254733561
-0.999,1.3981572402078672,15.854005430681623
-0.9985,1.3982108114854603,15.85180879511428
-0.998,1.3982643807105932,15.84961264048966
-0.9975,1.398317947883502,15.847416966663873
-0.997,1.3983715130044225,15.845221773493074
-0.9965,1.3984250760735903,15.843027060833487
-0.996,1.3984786370912416,15.840832828541338
-0.9955,1.3985321960576116,15.838639076472987
-0.995,1.3985857529729364,15.836445804484756
-0.9945,1.3986393078374513,15.834253012433058
-0.994,1.398692860651392,15.832060700174354
-0.9935,1.3987464114149941,15.829868867565125
-0.993,1.3987999601284928,15.827677514461962
-0.9925,1.398853506792124,15.825486640721516
-0.992,1.3989070514061226,15.823296246200707
-0.9915,1.3989605939707241,15.82110633075645
-0.991,1.3990141344861642,15.81891689424574
-0.9905,1.3990676729526776,15.816727936525641
-0.99,1.3991212093704999,15.814539457453224
-0.9895,1.3991747437398658,15.81235145688564
-0.989,1.399228276061011,15.810163934680057
-0.9885,1.39928180633417,15.807976890693737
-0.988,1.3993353345595785,15.805790324783946
-0.9875,1.3993888607374712,15.803604236807999
-0.987,1.3994423848680826,15.801418626623308
-0.9865,1.3994959069516482,15.799233494087272
-0.986,1.3995494269884023,15.797048839057405
-0.9855,1.3996029449785803,15.79486466139119
-0.985,1.3996564609224167,15.792680960946214
-0.9845,1.399709974820146,15.79049773758012
-0.984,1.3997634866720032,15.788314991150541
-0.9835,1.3998169964782226,15.78613272151523
-0.983,1.3998705042390391,15.783950928531915
-0.9825,1.3999240099546872,15.781769612058435
-0.982,1.3999775136254013,15.779588771952634
-0.9815,1.400031015251416,15.777408408072429
-0.981,1.4000845148329653,15.775228520275776
-0.9805,1.4001380123702838,15.773049108420697
-0.98,1.400191507863606,15.770870172365209
-0.9795,1.400245001313166,15.768691711967444
-0.979,1.400298492719198,15.766513727085535
-0.9785,1.4003519820819361,15.76433621757769
-0.978,1.4004054694016146,15.762159183302145
-0.9775,1.4004589546784674,15.759982624117198
-0.977,1.400512437912729,15.757806539881168
-0.9765,1.4005659191046327,15.755630930452487
-0.976,1.400619398254413,15.753455795689547
-0.9755,1.4006728753623037,15.751281135450858
-0.975,1.4007263504285385,15.749106949594937
-0.9745,1.4007798234533515,15.746933237980365
-0.974,1.4008332944369761,15.744760000465787
-0.9735,1.4008867633796462,15.742587236909868
-0.973,1.4009402302815959,15.740414947171304
-0.9725,1.4009936951430582,15.738243131108897
-0.972,1.401047157964267,15.736071788581464
-0.9715,1.4011006187454558,15.73390091944786
-0.971,1.4011540774868583,15.731730523566988
-0.9705,1.4012075341887076,15.729560600797905
-0.97,1.4012609888512373,15.727391150999841
-0.9695,1.4013144414746808,15.725222174032075
-0.969,1.4013678920592716,15.723053669753957
-0.9685,1.4014213406052427,15.720885638024887
-0.968,1.4014747871128275,15.71871807870433
-0.9675,1.401528231582259,15.716550991651733
-0.967,1.4015816740137708,15.714384376726647
-0.9665,1.4016351144075956,15.712218233788674
-0.966,1.4016885527639664,15.710052562697424
-0.9655,1.4017419890831166,15.707887363312576
-0.965,1.401795423365279,15.705722635493858
-0.9645,1.4018488556106865,15.703558379101045
-0.964,1.4019022858195718,15.701394593993966
-0.9635,1.4019557139921681,15.699231280032468
-0.963,1.402009140128708,15.697068437076474
-0.9625,1.4020625642294244,15.69490606498594
-0.962,1.4021159862945498,15.692744163620892
-0.9615,1.402169406324317,15.690582732841357
-0.961,1.4022228243189587,15.688421772507473
-0.9605,1.4022762402787072,15.686261282479359
-0.96,1.4023296542037953,15.684101262617228
-0.9595,1.4023830660944554,15.681941712781313
-0.959,1.4024364759509198,15.679782632831921
-0.9585,1.4024898837734212,15.677624022629367
-0.958,1.4025432895621917,15.67546588203406
-0.9575,1.4025966933174636,15.673308210906429
-0.957,1.4026500950394694,15.67115100910693
-0.9565,1.4027034947284411,15.668994276496111
-0.956,1.4027568923846112,15.666838012934521
-0.9555,1.4028102880082114,15.664682218282817
-0.955,1.402863681599474,15.66252689240164
-0.9545,1.4029170731586311,15.660372035151696
-0.954,1.4029704626859145,15.658217646393778
-0.9535,1.4030238501815564,15.656063725988659
-0.953,1.4030772356457888,15.653910273797202
-0.9525,1.403130619078843,15.651757289680326
-0.952,1.4031840004809515,15.649604773498965
-0.9515,1.4032373798523456,15.647452725114116
-0.951,1.4032907571932576,15.645301144386796
-0.9505,1.4033441325039184,15.643150031178141
-0.95,1.4033975057845602,15.640999385349241
-0.9495,1.4034508770354146,15.638849206761298
-0.949,1.4035042462567129,15.636699495275549
-0.9485,1.4035576134486867,15.6345502507533
-0.948,1.4036109786115676,15.632401473056081
-0.9475,1.403664341745587,15.630253162045504
-0.947,1.4037177028509762,15.628105317583211
-0.9465,1.4037710619279666,15.625957939530911
-0.946,1.4038244189767894,15.62381102775035
-0.9455,1.403877773997676,15.621664582103334
-0.945,1.4039311269908574,15.619518602451675
-0.9445,1.4039844779565651,15.617373088657274
-0.944,1.40403782689503,15.61522804058205
-0.9435,1.404091173806483,15.613083458088012
-0.943,1.4041445186911556,15.610939341037142
-0.9425,1.4041978615492783,15.608795689291547
-0.942,1.4042512023810825,15.606652502713315
-0.9415,1.4043045411867987,15.604509781164639
-0.941,1.404357877966658,15.60236752450772
-0.9405,1.404411212720891,15.60022573260479
-0.94,1.4044645454497289,15.598084405318176
-0.9395,1.4045178761534018,15.595943542510225
-0.9390000000000001,1.404571204832141,15.593803144043312
-0.9385,1.404624531486177,15.5916632097799
-0.938,1.4046778561157398,15.589523739582475
-0.9375,1.4047311787210608,15.587384733313542
-0.937,1.40478449930237,15.585246190835715
-0.9365,1.404837817859898,15.583108112011603
-0.9359999999999999,1.404891134393875,15.580970496703886
-0.9355,1.4049444489045317,15.57883334477526
-0.935,1.4049977613920983,15.576696656088524
-0.9345,1.4050510718568052,15.574560430506448
-0.9339999999999999,1.4051043802988825,15.572424667891909
-0.9335,1.4051576867185605,15.570289368107812
-0.933,1.4052109911160693,15.56815453101709
-0.9325,1.4052642934916388,15.566020156482749
-0.9319999999999999,1.4053175938454996,15.563886244367815
-0.9315,1.4053708921778811,15.561752794535401
-0.931,1.405424188489014,15.55961980684859
-0.9305,1.4054774827791277,15.557487281170593
-0.9299999999999999,1.405530775048452,15.555355217364642
-0.9295,1.4055840652972171,15.55322361529399
-0.929,1.4056373535256528,15.55109247482195
-0.9285,1.4056906397339888,15.548961795811877
-0.9279999999999999,1.4057439239224547,15.54683157812718
-0.9275,1.4057972060912802,15.544701821631326
-0.927,1.405850486240695,15.542572526187813
-0.9265,1.405903764370929,15.540443691660176
-0.926,1.405957040482211,15.538315317912206
-0.9255,1.406010314574771,15.536187404807754
-0.925,1.4060635866488387,15.534059952210754
-0.9245,1.4061168567046431,15.531932959985136
-0.924,1.4061701247424137,15.529806427994936
-0.9235,1.4062233907623798,15.527680356104195
-0.923,1.4062766547647707,15.525554744177008
-0.9225,1.4063299167498158,15.52342959207752
-0.922,1.406383176717744,15.521304899669927
-0.9215,1.4064364346687845,15.519180666818448
-0.921,1.406489690603167,15.517056893387359
-0.9205,1.4065429445211197,15.514933579241012
-0.92,1.4065961964228721,15.51281072424375
-0.9195,1.4066494463086532,15.510688328260006
-0.919,1.4067026941786918,15.508566391154218
-0.9185,1.4067559400332168,15.506444912790922
-0.918,1.406809183872457,15.504323893034643
-0.9175,1.4068624256966415,15.502203331749989
-0.917,1.406915665505999,15.500083228801596
-0.9165,1.4069689033007577,15.497963584054162
-0.916,1.4070221390811468,15.495844397372412
-0.9155,1.407075372847395,15.493725668621114
-0.915,1.4071286045997307,15.491607397665112
-0.9145,1.4071818343383824,15.489489584369263
-0.914,1.4072350620635787,15.487372228598467
-0.9135,1.407288287775548,15.485255330217706
-0.913,1.4073415114745187,15.483138889091961
-0.9125,1.4073947331607193,15.481022905086295
-0.912,1.4074479528343782,15.478907378065792
-0.9115,1.4075011704957234,15.476792307895598
-0.911,1.4075543861449833,15.474677694440905
-0.9105,1.407607599782386,15.472563537566923
-0.91,1.4076608114081601,15.470449837138936
-0.9095,1.4077140210225332,15.46833659302226
-0.909,1.4077672286257337,15.466223805082251
-0.9085,1.4078204342179894,15.46411147318433
-0.908,1.4078736377995282,15.461999597193964
-0.9075,1.4079268393705786,15.459888176976607
-0.907,1.407980038931368,15.45777721239785
-0.9065,1.4080332364821242,15.455666703323251
-0.906,1.4080864320230755,15.453556649618461
-0.9055,1.4081396255544492,15.45144705114914
-0.905,1.4081928170764733,15.449337907781027
-0.9045,1.4082460065893754,15.447229219379897
-0.904,1.4082991940933833,15.445120985811648
-0.9035,1.4083523795887243,15.44301320694241
-0.903,1.4084055630756263,15.44090588263828
-0.9025,1.4084587445543164,15.438799012765461
-0.902,1.4085119240250223,15.436692597190168
-0.9015,1.4085651014879716,15.434586635778652
-0.901,1.4086182769433915,15.432481128397242
-0.9005,1.4086714503915094,15.43037607491228
-0.9,1.4087246218325526,15.428271475190177
-0.8995,1.4087777912667483,15.426167329097375
-0.899,1.4088309586943237,15.424063636500366
-0.8985,1.4088841241155061,15.421960397265682
-0.898,1.4089372875305224,15.419857611259912
-0.8975,1.4089904489396001,15.417755278349654
-0.897,1.4090436083429656,15.415653398401602
-0.8965,1.4090967657408466,15.413551971282454
-0.896,1.4091499211334697,15.411450996858962
-0.8955,1.4092030745210617,15.409350474997943
-0.895,1.40925622590385,15.407250405566213
-0.8945,1.4093093752820607,15.405150788430696
-0.894,1.409362522655921,15.403051623458323
-0.8935,1.4094156680256578,15.400952910516034
-0.893,1.4094688113914973,15.3988546494709
-0.8925,1.4095219527536667,15.396756840189957
-0.892,1.4095750921123924,15.394659482540304
-0.8915,1.4096282294679008,15.392562576389135
-0.891,1.4096813648204187,15.390466121603643
-0.8905,1.4097344981701723,15.388370118051041
-0.89,1.4097876295173883,15.386274565598642
-0.8895,1.4098407588622932,15.384179464113767
-0.889,1.409893886205113,15.382084813463816
-0.8885,1.4099470115460742,15.379990613516165
-0.888,1.410000134885403,15.377896864138332
-0.8875,1.410053256223326,15.375803565197778
-0.887,1.4101063755600687,15.373710716562092
-0.8865,1.4101594928958578,15.371618318098843
-0.886,1.4102126082309194,15.36952636967568
-0.8855,1.4102657215654792,15.367434871160306
-0.885,1.4103188328997636,15.365343822420426
-0.8845,1.4103719422339984,15.363253223323829
-0.884,1.4104250495684094,15.361163073738322
-0.8835,1.4104781549032228,15.359073373531777
-0.883,1.4105312582386642,15.35698412257209
-0.8825,1.4105843595749594,15.354895320727216
-0.882,1.4106374589123345,15.352806967865185
-0.8815,1.4106905562510148,15.350719063854264
-0.881,1.4107436515912262,15.348631608562744
-0.8805,1.4107967449331942,15.346544601858984
-0.88,1.4108498362771447,15.34445804361136
-0.8795,1.4109029256233028,15.342371933688337
-0.879,1.4109560129718943,15.340286271958385
-0.8785000000000001,1.411009098323145,15.33820105829001
-0.878,1.4110621816772795,15.336116292551823
-0.8775,1.4111152630345236,15.334031974612413
-0.877,1.411168342395103,15.331948104340439
-0.8765000000000001,1.4112214197592423,15.329864681604608
-0.876,1.4112744951271674,15.327781706273653
-0.8755,1.4113275684991031,15.325699178216372
-0.875,1.4113806398752748,15.323617097301598
-0.8745,1.4114337092559075,15.321535463398192
-0.874,1.4114867766412262,15.319454276375097
-0.8734999999999999,1.4115398420314562,15.31737353610125
-0.873,1.4115929054268224,15.315293242445668
-0.8725,1.4116459668275496,15.3132133952774
-0.872,1.411699026233863,15.311133994465548
-0.8714999999999999,1.4117520836459871,15.309055039879226
-0.871,1.411805139064147,15.306976531387646
-0.8705,1.4118581924885676,15.304898468859992
-0.87,1.4119112439194732,15.302820852165565
-0.8694999999999999,1.411964293357089,15.300743681173653
-0.869,1.4120173408016394,15.298666955753623
-0.8685,1.4120703862533492,15.296590675774848
-0.868,1.4121234297124428,15.294514841106798
-0.8674999999999999,1.4121764711791447,15.292439451618945
-0.867,1.4122295106536795,15.290364507180811
-0.8665,1.4122825481362715,15.28829000766197
-0.866,1.4123355836271456,15.286215952932029
-0.8654999999999999,1.4123886171265256,15.284142342860653
-0.865,1.412441648634636,15.282069177317535
-0.8645,1.4124946781517014,15.27999645617242
-0.864,1.4125477056779454,15.277924179295107
-0.8634999999999999,1.4126007312135929,15.27585234655539
-0.863,1.4126537547588676,15.273780957823183
-0.8625,1.4127067763139936,15.271710012968386
-0.862,1.4127597958791953,15.269639511860928
-0.8614999999999999,1.4128128134546964,15.267569454370863
-0.861,1.4128658290407212,15.265499840368204
-0.8605,1.4129188426374932,15.263430669723059
-0.86,1.412971854245237,15.26136194230553
-0.8594999999999999,1.4130248638641758,15.259293657985973
-0.859,1.4130778714945338,15.257225816634792
-0.8585,1.4131308771365345,15.255158418122514
-0.858,1.4131838807904018,15.253091462319627
-0.8574999999999999,1.4132368824563597,15.25102494909671
-0.857,1.4132898821346311,15.248958878324386
-0.8565,1.4133428798254404,15.2468932498733
-0.856,1.4133958755290106,15.244828063614154
-0.8555,1.4134488692455656,15.24276331941767
-0.855,1.4135018609753287,15.240699017154645
-0.8545,1.4135548507185234,15.238635156695917
-0.854,1.4136078384753732,15.23657173791232
-0.8535,1.413660824246101,15.234508760674808
-0.853,1.4137138080309308,15.232446224854307
-0.8525,1.4137667898300854,15.23038413032182
-0.852,1.4138197696437882,15.2283224769484
-0.8515,1.4138727474722623,15.2262612646051
-0.851,1.413925723315731,15.224200493163075
-0.8505,1.4139786971744173,15.222140162493464
-0.85,1.4140316690485442,15.220080272467502
-0.8495,1.414084638938335,15.218020822956415
-0.849,1.4141376068440126,15.215961813831521
-0.8485,1.4141905727657995,15.213903244964149
-0.848,1.4142435367039192,15.211845116225682
-0.8475,1.4142964986585942,15.209787427487537
-0.847,1.4143494586300476,15.207730178621194
-0.8465,1.4144024166185019,15.20567336949814
-0.846,1.4144553726241798,15.203616999989938
-0.8455,1.4145083266473044,15.201561069968166
-0.845,1.4145612786880977,15.1995055793045
-0.8445,1.4146142287467829,15.197450527870572
-0.844,1.4146671768235823,15.19539591553812
-0.8435,1.4147201229187187,15.193341742178896
-0.843,1.4147730670324143,15.19128800766472
-0.8425,1.4148260091648914,15.18923471186744
-0.842,1.4148789493163727,15.187181854658938
-0.8415,1.4149318874870804,15.185129435911147
-0.841,1.414984823677237,15.183077455496036
-0.8405,1.4150377578870648,15.18102591328563
-0.84,1.4150906901167857,15.178974809151988
-0.8395,1.415143620366622,15.176924142967218
-0.839,1.4151965486367961,15.174873914603426
-0.8385,1.4152494749275297,15.17282412393286
-0.838,1.4153023992390454,15.170774770827679
-0.8375,1.4153553215715649,15.16872585516026
-0.837,1.4154082419253102,15.16667737680308
-0.8365,1.4154611603005032,15.164629335628739
-0.836,1.4155140766973657,15.162581731509833
-0.8355,1.4155669911161202,15.160534564319018
-0.835,1.4156199035569876,15.158487833929001
-0.8345,1.4156728140201902,15.156441540212533
-0.834,1.4157257225059499,15.15439568304238
-0.8335,1.415778629014488,15.152350262291366
-0.833,1.4158315335460263,15.150305277832384
-0.8325,1.4158844361007865,15.148260729538311
-0.832,1.41593733667899,15.146216617282123
-0.8315,1.4159902352808584,15.14417294093681
-0.831,1.4160431319066134,15.142129700375387
-0.8305,1.4160960265564762,15.140086895470944
-0.83,1.4161489192306682,15.13804452609662
-0.8295,1.4162018099294107,15.13600259212555
-0.829,1.4162546986529254,15.133961093430935
-0.8285,1.416307585401433,15.131920029886036
-0.828,1.4163604701751553,15.129879401364136
-0.8275,1.4164133529743133,15.127839207738552
-0.827,1.416466233799128,15.125799448882661
-0.8265,1.4165191126498207,15.123760124669877
-0.826,1.4165719895266125,15.121721234973649
-0.8255,1.4166248644297241,15.11968277966748
-0.825,1.4166777373593769,15.117644758624893
-0.8245,1.4167306083157918,15.115607171719462
-0.8240000000000001,1.4167834772991894,15.113570018824833
-0.8235,1.4168363443097907,15.111533299814662
-0.823,1.4168892093478167,15.109497014562631
-0.8225,1.4169420724134882,15.107461162942485
-0.8220000000000001,1.4169949335070258,15.105425744828036
-0.8215,1.4170477926286502,15.103390760093083
-0.821,1.417100649778582,15.101356208611522
-0.8205,1.4171535049570418,15.099322090257271
-0.8200000000000001,1.4172063581642504,15.09728840490425
-0.8195,1.4172592094004284,15.095255152426459
-0.819,1.4173120586657961,15.093222332697938
-0.8185,1.417364905960574,15.091189945592786
-0.8180000000000001,1.4174177512849822,15.0891579909851
-0.8175,1.4174705946392416,15.087126468749048
-0.817,1.4175234360235722,15.085095378758822
-0.8165,1.4175762754381946,15.083064720888668
-0.8160000000000001,1.4176291128833287,15.081034495012876
-0.8155,1.417681948359195,15.079004701005774
-0.815,1.4177347818660133,15.076975338741851
-0.8145,1.4177876134040042,15.074946408095707
-0.8140000000000001,1.4178404429733873,15.072917908942022
-0.8135,1.4178932705743832,15.070889841155493
-0.813,1.4179460962072115,15.068862204610873
-0.8125,1.417998919872092,15.066834999182962
-0.812,1.418051741569245,15.06480822474657
-0.8115,1.4181045612988903,15.062781881176578
-0.8109999999999999,1.4181573790612478,15.060755968347893
-0.8105,1.4182101948565373,15.058730486135468
-0.81,1.4182630086849783,15.05670543441431
-0.8095,1.4183158205467907,15.054680813059443
-0.8089999999999999,1.418368630442194,15.052656621945948
-0.8085,1.4184214383714084,15.050632860948928
-0.808,1.418474244334653,15.048609529943558
-0.8075,1.4185270483321473,15.04658662880504
-0.8069999999999999,1.418579850364111,15.044564157408606
-0.8065,1.4186326504307634,15.042542115629544
-0.806,1.4186854485323244,15.040520503343165
-0.8055,1.4187382446690129,15.038499320424833
-0.8049999999999999,1.4187910388410483,15.03647856674998
-0.8045,1.4188438310486502,15.034458242194022
-0.804,1.4188966212920375,15.032438346632452
-0.8035,1.41894940957143,15.03041887994079
-0.8029999999999999,1.4190021958870462,15.028399841994624
-0.8025,1.4190549802391055,15.026381232669562
-0.802,1.4191077626278272,15.024363051841238
-0.8015,1.4191605430534302,15.02234529938535
-0.8009999999999999,1.4192133215161336,15.020327975177624
-0.8005,1.4192660980161564,15.018311079093841
-0.8,1.4193188725537174,15.016294611009807
-0.7995,1.4193716451290357,15.014278570801373
-0.7989999999999999,1.41942441574233,15.012262958344456
-0.7985,1.4194771843938188,15.010247773514973
-0.798,1.4195299510837216,15.008233016188901
-0.7975,1.4195827158122567,15.006218686242262
-0.7969999999999999,1.419635478579643,15.004204783551094
-0.7965,1.419688239386099,15.002191307991525
-0.796,1.4197409982318432,15.000178259439675
-0.7955,1.4197937551170945,14.998165637771736
-0.7949999999999999,1.4198465100420714,14.99615344286391
-0.7945,1.419899263006992,14.994141674592484
-0.794,1.4199520140120754,14.99213033283372
-0.7935,1.4200047630575392,14.99011941746401
-0.7929999999999999,1.4200575101436024,14.988108928359717
-0.7925,1.4201102552704832,14.98609886539743
-0.792,1.4201629984383999,14.984089228453843
-0.7915,1.4202157396475705,14.982080017405655
-0.791,1.4202684788982136,14.980071232129633
-0.7905,1.420321216190547,14.97806287250256
-0.79,1.420373951524789,14.97605493840129
-0.7895,1.420426684901158,14.974047429702676
-0.789,1.4204794163198715,14.972040346283656
-0.7885,1.420532145781148,14.970033688021172
-0.788,1.4205848732852049,14.96802745479225
-0.7875,1.4206375988322606,14.966021646473893
-0.787,1.420690322422533,14.964016262943208
-0.7865,1.4207430440562396,14.962011304077294
-0.786,1.4207957637335986,14.960006769753313
-0.7855,1.4208484814548274,14.958002659848475
-0.785,1.420901197220144,14.955998974240025
-0.7845,1.420953911029766,14.95399571280522
-0.784,1.4210066228839109,14.951992875421396
-0.7835,1.4210593327827965,14.949990461965912
-0.783,1.4211120407266404,14.94798847231616
-0.7825,1.42116474671566,14.945986906349592
-0.782,1.4212174507500726,14.943985763943695
-0.7815,1.421270152830096,14.941985044975961
-0.781,1.4213228529559476,14.93998474932396
-0.7805,1.4213755511278445,14.937984876865322
-0.78,1.421428247346004,14.935985427477656
-0.7795,1.4214809416106438,14.933986401038648
-0.779,1.4215336339219806,14.93198779742604
-0.7785,1.421586324280232,14.929989616517565
-0.778,1.421639012685615,14.927991858191042
-0.7775,1.421691699138347,14.925994522324292
-0.777,1.4217443836386445,14.92399760879523
-0.7765,1.4217970661867252,14.922001117481738
-0.776,1.4218497467828055,14.92000504826182
-0.7755,1.4219024254271029,14.918009401013437
-0.775,1.421955102119834,14.916014175614638
-0.7745,1.4220077768612156,14.914019371943525
-0.774,1.4220604496514646,14.912024989878214
-0.7735,1.4221131204907982,14.910031029296837
-0.773,1.4221657893794328,14.908037490077612
-0.7725,1.422218456317585,14.906044372098789
-0.772,1.4222711213054717,14.90405167523864
-0.7715,1.4223237843433094,14.902059399375478
-0.771,1.422376445431315,14.900067544387674
-0.7705,1.4224291045697048,14.898076110153655
-0.77,1.4224817617586953,14.896085096552065
-0.7695,1.422534416998503,14.89409450346157
-0.769,1.4225870702893444,14.89210433076091
-0.7685,1.422639721631436,14.890114578328845
-0.768,1.4226923710249941,14.888125246044167
-0.7675,1.4227450184702348,14.886136333785753
-0.767,1.4227976639673747,14.884147841432451
-0.7665,1.4228503075166297,14.882159768863218
-0.766,1.4229029491182161,14.880172115956995
-0.7655,1.4229555887723504,14.878184882592793
-0.765,1.4230082264792485,14.876198068649654
-0.7645,1.4230608622391263,14.87421167400667
-0.764,1.4231134960522,14.87222569854294
-0.7635,1.4231661279186854,14.87024014213765
-0.763,1.423218757838799,14.868255004669978
-0.7625,1.4232713858127561,14.866270286019176
-0.762,1.4233240118407728,14.864285986064528
-0.7615,1.4233766359230653,14.862302104685336
-0.761,1.4234292580598489,14.860318641760971
-0.7605,1.4234818782513392,14.858335597170841
-0.76,1.4235344964977528,14.856352970794358
-0.7595000000000001,1.4235871127993045,14.854370762511012
-0.759,1.4236397271562105,14.852388972200307
-0.7585,1.423692339568686,14.850407599741825
-0.758,1.4237449500369468,14.848426645015124
-0.7575000000000001,1.4237975585612084,14.846446107899864
-0.757,1.4238501651416862,14.844465988275704
-0.7565,1.4239027697785958,14.842486286022362
-0.756,1.4239553724721523,14.84050700101959
-0.7555000000000001,1.4240079732225714,14.838528133147168
-0.755,1.424060572030068,14.836549682284945
-0.7545,1.4241131688948578,14.83457164831277
-0.754,1.424165763817156,14.832594031110558
-0.7535000000000001,1.4242183567971778,14.83061683055825
-0.753,1.424270947835138,14.828640046535842
-0.7525,1.4243235369312521,14.826663678923355
-0.752,1.424376124085735,14.824687727600859
-0.7515000000000001,1.424428709298802,14.82271219244844
-0.751,1.4244812925706678,14.82073707334626
-0.7505,1.4245338739015474,14.818762370174488
-0.75,1.424586453291656,14.816788082813353
-0.7495,1.4246390307412078,14.814814211143117
-0.749,1.4246916062504187,14.812840755044052
-0.7484999999999999,1.4247441798195026,14.81086771439653
-0.748,1.4247967514486748,14.808895089080975
-0.7475,1.4248493211381499,14.806922878977995
-0.747,1.4249018888881422,14.804951083968263
-0.7464999999999999,1.4249544546988668,14.802979703932467
-0.746,1.4250070185705384,14.801008738751321
-0.7455,1.425059580503371,14.799038188305639
-0.745,1.4251121404975797,14.797068052476202
-0.7444999999999999,1.4251646985533788,14.79509833114389
-0.744,1.4252172546709825,14.793129024189588
-0.7435,1.4252698088506055,14.791160131494202
-0.743,1.4253223610924621,14.789191652938731
-0.7424999999999999,1.4253749113967666,14.787223588404167
-0.742,1.4254274597637335,14.785255937771561
-0.7415,1.4254800061935766,14.783288700922016
-0.741,1.4255325506865106,14.78132187773662
-0.7404999999999999,1.4255850932427494,14.77935546809655
-0.74,1.4256376338625072,14.777389471883017
-0.7395,1.4256901725459978,14.775423888977265
-0.739,1.4257427092934358,14.773458719260562
-0.7384999999999999,1.4257952441050348,14.77149396261422
-0.738,1.4258477769810092,14.769529618919597
-0.7375,1.4259003079215724,14.767565688058095
-0.737,1.4259528369269387,14.76560216991113
-0.7364999999999999,1.4260053639973218,14.763639064360202
-0.736,1.4260578891329352,14.76167637128681
-0.7355,1.4261104123339934,14.759714090572487
-0.735,1.4261629336007096,14.757752222098832
-0.7344999999999999,1.4262154529332978,14.75579076574746
-0.734,1.4262679703319714,14.753829721400049
-0.7335,1.426320485796944,14.751869088938294
-0.733,1.4263729993284293,14.74990886824395
-0.7324999999999999,1.426425510926641,14.74794905919876
-0.732,1.4264780205917926,14.745989661684584
-0.7315,1.4265305283240974,14.74403067558324
-0.731,1.4265830341237686,14.742072100776657
-0.7304999999999999,1.4266355379910198,14.740113937146758
-0.73,1.4266880399260646,14.738156184575491
-0.7295,1.4267405399291162,14.736198842944876
-0.729,1.4267930380003875,14.734241912136985
-0.7284999999999999,1.426845534140092,14.732285392033878
-0.728,1.426898028348443,14.730329282517694
-0.7275,1.4269505206256534,14.72837358347058
-0.727,1.4270030109719367,14.726418294774739
-0.7264999999999999,1.4270554993875055,14.724463416312425
-0.726,1.427107985872573,14.722508947965915
-0.7255,1.4271604704273522,14.720554889617597
-0.725,1.427212953052056,14.718601241150004
-0.7244999999999999,1.4272654337468977,14.71664800244575
-0.724,1.4273179125120898,14.714695173387447
-0.7235,1.427370389347845,14.712742753857786
-0.723,1.4274228642543767,14.710790743739457
-0.7224999999999999,1.4274753372318971,14.708839142915206
-0.722,1.4275278082806189,14.706887951267827
-0.7215,1.427580277400755,14.704937168680134
-0.721,1.4276327445925183,14.702986795034974
-0.7204999999999999,1.4276852098561208,14.701036830215278
-0.72,1.4277376731917755,14.699087274103949
-0.7195,1.4277901345996948,14.69713812658396
-0.719,1.4278425940800912,14.695189387538337
-0.7184999999999999,1.4278950516331772,14.693241056850123
-0.718,1.427947507259165,14.691293134402416
-0.7175,1.4279999609582672,14.689345620078322
-0.717,1.4280524127306957,14.687398513761025
-0.7164999999999999,1.4281048625766635,14.685451815333696
-0.716,1.4281573104963825,14.683505524679592
-0.7155,1.4282097564900649,14.681559641681982
-0.715,1.4282622005579226,14.67961416622419
-0.7144999999999999,1.4283146427001683,14.677669098189556
-0.714,1.4283670829170134,14.675724437461486
-0.7135,1.4284195212086706,14.673780183923391
-0.713,1.4284719575753517,14.671836337458739
-0.7124999999999999,1.4285243920172686,14.669892897951035
-0.712,1.4285768245346333,14.667949865283811
-0.7115,1.4286292551276574,14.666007239340667
-0.7110000000000001,1.4286816837965535,14.664065020005188
-0.7105,1.4287341105415325,14.662123207161072
-0.71,1.428786535362807,14.660181800691957
-0.7095,1.4288389582605885,14.658240800481602
-0.7090000000000001,1.4288913792350881,14.656300206413782
-0.7085,1.4289437982865183,14.654360018372275
-0.708,1.4289962154150904,14.652420236240948
-0.7075,1.429048630621016,14.650480859903658
-0.7070000000000001,1.4291010439045067,14.648541889244326
-0.7065,1.4291534552657739,14.646603324146911
-0.706,1.4292058647050288,14.644665164495429
-0.7055,1.4292582722224836,14.642727410173869
-0.7050000000000001,1.429310677818349,14.640790061066314
-0.7045,1.4293630814928366,14.63885311705688
-0.704,1.4294154832461579,14.6369165780297
-0.7035,1.429467883078524,14.634980443868953
-0.7030000000000001,1.429520280990146,14.633044714458942
-0.7025,1.4295726769812354,14.631109389684093
-0.702,1.429625071052003,14.629174469428923
-0.7015,1.4296774632026603,14.62723995357795
-0.7010000000000001,1.4297298534334184,14.625305842015715
-0.7005,1.4297822417444879,14.623372134626857
-0.7,1.42983462813608,14.621438831295993
-0.6995,1.429887012608406,14.619505931907801
-0.6990000000000001,1.4299393951616766,14.617573436346992
-0.6985,1.4299917757961027,14.615641344498307
-0.698,1.430044154511895,14.61370965624657
-0.6975,1.4300965313092644,14.611778371476571
-0.6970000000000001,1.4301489061884218,14.609847490073179
-0.6965,1.430201279149578,14.607917011921302
-0.696,1.4302536501929433,14.605986936905886
-0.6955,1.4303060193187287,14.60405726491188
-0.6950000000000001,1.4303583865271448,14.602127995824297
-0.6945,1.4304107518184022,14.600199129528207
-0.694,1.4304631151927112,14.598270665908675
-0.6935,1.4305154766502826,14.596342604850824
-0.6930000000000001,1.4305678361913268,14.594414946239823
-0.6925,1.430620193816054,14.59248768996087
-0.692,1.430672549524675,14.590560835899188
-0.6915,1.4307249033173999,14.588634383940054
-0.6910000000000001,1.4307772551944389,14.586708333968772
-0.6905,1.4308296051560025,14.584782685870685
-0.69,1.430881953202301,14.582857439531189
-0.6895,1.430934299333544,14.580932594835687
-0.6890000000000001,1.4309866435499425,14.57900815166963
-0.6885,1.431038985851706,14.577084109918527
-0.688,1.4310913262390452,14.575160469467889
-0.6875,1.4311436647121696,14.5732372302033
-0.687,1.4311960012712892,14.571314392010361
-0.6865,1.4312483359166142,14.569391954774709
-0.6859999999999999,1.4313006686483545,14.567469918382015
-0.6855,1.43135299946672,14.565548282717993
-0.685,1.4314053283719206,14.563627047668403
-0.6845,1.431457655364166,14.561706213119018
-0.6839999999999999,1.4315099804436657,14.559785778955689
-0.6835,1.4315623036106302,14.55786574506425
-0.683,1.4316146248652686,14.555946111330606
-0.6825,1.4316669442077905,14.554026877640705
-0.6819999999999999,1.431719261638406,14.55210804388049
-0.6815,1.4317715771573243,14.550189609936007
-0.681,1.431823890764755,14.548271575693285
-0.6805,1.4318762024609077,14.546353941038472
-0.6799999999999999,1.431928512245992,14.544436705857875
-0.6795,1.431980820120217,14.542519870037834
-0.679,1.4320331260837924,14.540603433464756
-0.6785,1.4320854301369272,14.538687396025058
-0.6779999999999999,1.4321377322798312,14.536771757605182
-0.6775,1.4321900325127135,14.53485651809164
-0.677,1.432242330835783,14.532941677370957
-0.6765,1.4322946272492494,14.531027235329699
-0.6759999999999999,1.4323469217533213,14.529113191854494
-0.6755,1.4323992143482085,14.527199546831959
-0.675,1.4324515050341196,14.525286300148784
-0.6745,1.432503793811264,14.523373451691667
-0.6739999999999999,1.4325560806798503,14.521461001347385
-0.6735,1.4326083656400874,14.519548949002717
-0.673,1.432660648692185,14.517637294544487
-0.6725,1.4327129298363512,14.515726037859542
-0.6719999999999999,1.4327652090727954,14.513815178834792
-0.6715,1.432817486401726,14.51190471735717
-0.671,1.4328697618233521,14.509994653313647
-0.6705,1.4329220353378822,14.508084986591228
-0.6699999999999999,1.4329743069455254,14.506175717076939
-0.6695,1.4330265766464898,14.504266844657893
-0.669,1.4330788444409845,14.502358369221179
-0.6685,1.433131110329218,14.50045029065395
-0.6679999999999999,1.4331833743113986,14.498542608843414
-0.6675,1.433235636387735,14.496635323676765
-0.667,1.4332878965584357,14.494728435041297
-0.6665,1.4333401548237092,14.492821942824284
-0.6659999999999999,1.433392411183764,14.490915846913053
-0.6655,1.4334446656388078,14.489010147195003
-0.665,1.4334969181890498,14.48710484355751
-0.6645,1.4335491688346977,14.485199935888025
-0.6639999999999999,1.43360141757596,14.483295424074038
-0.6635,1.4336536644130449,14.481391308003042
-0.663,1.4337059093461606,14.4794875875626
-0.6625,1.433758152375515,14.4775842626403
-0.6619999999999999,1.4338103935013164,14.475681333123758
-0.6615,1.433862632723773,14.47377879890064
-0.661,1.4339148700430924,14.47187665985863
-0.6605,1.4339671054594831,14.469974915885457
-0.6599999999999999,1.4340193389731526,14.468073566868913
-0.6595,1.434071570584309,14.466172612696775
-0.659,1.4341238002931602,14.464272053256886
-0.6585,1.434176028099914,14.462371888437138
-0.6579999999999999,1.4342282540047784,14.460472118125463
-0.6575,1.434280478007961,14.458572742210006
-0.657,1.434332700109669,14.456673760578951
-0.6565,1.434384920310111,14.45477517312049
-0.6559999999999999,1.434437138609494,14.452876979722863
-0.6555,1.434489355008026,14.45097918027437
-0.655,1.4345415695059143,14.44908177466331
-0.6545,1.4345937821033663,14.447184762778065
-0.6539999999999999,1.43464599280059,14.445288144506986
-0.6535,1.4346982015977925,14.44339191973852
-0.653,1.4347504084951812,14.441496088361127
-0.6525,1.4348026134929637,14.439600650263296
-0.6519999999999999,1.4348548165913473,14.437705605333557
-0.6515,1.4349070177905388,14.43581095346051
-0.651,1.4349592170907461,14.433916694532714
-0.6505,1.4350114144921764,14.43202282843882
-0.6499999999999999,1.4350636099950365,14.43012935506753
-0.6495,1.435115803599534,14.428236274307514
-0.649,1.4351679953058754,14.426343586047558
-0.6485,1.4352201851142683,14.424451290176425
-0.648,1.4352723730249195,14.422559386582936
-0.6475,1.4353245590380364,14.420667875155926
-0.647,1.4353767431538254,14.418776755784316
-0.6465000000000001,1.4354289253724937,14.416886028357009
-0.646,1.4354811056942482,14.414995692762975
-0.6455,1.4355332841192958,14.413105748891203
-0.645,1.4355854606478433,14.411216196630729
-0.6445000000000001,1.4356376352800975,14.40932703587062
-0.644,1.435689808016265,14.407438266499973
-0.6435,1.4357419788565522,14.405549888407961
-0.643,1.4357941478011667,14.403661901483687
-0.6425000000000001,1.4358463148503142,14.401774305616424
-0.642,1.4358984800042018,14.399887100695388
-0.6415,1.435950643263036,14.39800028660986
-0.641,1.436002804627023,14.396113863249175
-0.6405000000000001,1.4360549640963696,14.394227830502665
-0.64,1.4361071216712822,14.39234218825972
-0.6395,1.4361592773519671,14.390456936409771
-0.639,1.4362114311386307,14.388572074842255
-0.6385000000000001,1.4362635830314792,14.386687603446694
-0.638,1.4363157330307192,14.38480352211259
-0.6375,1.4363678811365568,14.382919830729524
-0.637,1.4364200273491983,14.38103652918707
-0.6365000000000001,1.4364721716688496,14.379153617374914
-0.636,1.4365243140957171,14.37727109518266
-0.6355,1.4365764546300068,14.375388962500097
-0.635,1.4366285932719247,14.373507219217094
-0.6345000000000001,1.436680730021677,14.37162586522362
-0.634,1.4367328648794695,14.369744900409676
-0.6335,1.4367849978455085,14.367864324665286
-0.633,1.4368371289199995,14.365984137880533
-0.6325000000000001,1.4368892581031485,14.364104339945522
-0.632,1.4369413853951614,14.362224930750383
-0.6315,1.4369935107962442,14.360345910185272
-0.631,1.4370456343066023,14.358467278140438
-0.6305000000000001,1.4370977559264415,14.356589034506099
-0.63,1.4371498756559677,14.354711179172549
-0.6295,1.4372019934953866,14.352833712030085
-0.629,1.4372541094449034,14.350956632969067
-0.6285000000000001,1.437306223504724,14.349079941879888
-0.628,1.437358335675054,14.347203638652948
-0.6275,1.4374104459560988,14.345327723178723
-0.627,1.4374625543480637,14.343452195347696
-0.6265000000000001,1.4375146608511544,14.341577055050383
-0.626,1.4375667654655762,14.339702302177344
-0.6255,1.4376188681915345,14.337827936619188
-0.625,1.4376709690292344,14.335953958266531
-0.6245,1.4377230679788815,14.33408036701005
-0.624,1.4377751650406807,14.332207162740433
-0.6234999999999999,1.4378272602148376,14.330334345348415
-0.623,1.437879353501557,14.328461914724782
-0.6225,1.4379314449010443,14.326589870760314
-0.622,1.4379835344135043,14.324718213345879
-0.6214999999999999,1.4380356220391426,14.322846942372319
-0.621,1.4380877077781637,14.320976057730556
-0.6205,1.438139791630773,14.319105559311545
-0.62,1.438191873597175,14.31723544700625
-0.6194999999999999,1.4382439536775748,14.315365720705692
-0.619,1.4382960318721771,14.313496380300933
-0.6185,1.4383481081811873,14.311627425683026
-0.618,1.4384001826048098,14.3097588567431
-0.6174999999999999,1.4384522551432493,14.307890673372318
-0.617,1.4385043257967107,14.306022875461851
-0.6165,1.4385563945653983,14.304155462902951
-0.616,1.4386084614495174,14.302288435586842
-0.6154999999999999,1.4386605264492722,14.300421793404825
-0.615,1.4387125895648674,14.298555536248239
-0.6145,1.4387646507965075,14.296689664008413
-0.614,1.438816710144397,14.294824176576785
-0.6134999999999999,1.4388687676087402,14.292959073844768
-0.613,1.438920823189742,14.291094355703823
-0.6125,1.4389728768876062,14.289230022045588
-0.612,1.4390249287025376,14.28736607276177
-0.6114999999999999,1.4390769786347404,14.285502507744129
-0.611,1.4391290266844186,14.283639326884465
-0.6105,1.4391810728517769,14.281776530074566
-0.61,1.4392331171370192,14.279914117206319
-0.6094999999999999,1.43928515954035,14.278052088171599
-0.609,1.439337200061973,14.276190442862346
-0.6085,1.4393892387020926,14.274329181170508
-0.608,1.4394412754609125,14.27246830298809
-0.6074999999999999,1.4394933103386371,14.270607808207105
-0.607,1.4395453433354706,14.268747696719625
-0.6065,1.4395973744516164,14.266887968417738
-0.606,1.4396494036872785,14.265028623193619
-0.6054999999999999,1.439701431042661,14.263169660939367
-0.605,1.4397534565179677,14.261311081547221
-0.6045,1.4398054801134024,14.259452884909424
-0.604,1.4398575018291686,14.257595070918224
-0.6034999999999999,1.4399095216654705,14.255737639465927
-0.603,1.4399615396225114,14.253880590444878
-0.6025,1.440013555700495,14.252023923747466
-0.602,1.440065569899625,14.250167639266067
-0.6014999999999999,1.440117582220105,14.248311736893127
-0.601,1.440169592662139,14.246456216521134
-0.6005,1.4402216012259295,14.244601078042601
-0.6,1.4402736079116807,14.242746321350051
-0.5994999999999999,1.4403256127195958,14.24089194633607
-0.599,1.4403776156498784,14.239037952893277
-0.5985,1.4404296167027315,14.237184340914311
-0.598,1.4404816158783589,14.235331110291847
-0.5974999999999999,1.4405336131769633,14.233478260918622
-0.597,1.4405856085987483,14.23162579268737
-0.5965,1.4406376021439173,14.229773705490857
-0.596,1.4406895938126731,14.227921999221927
-0.5954999999999999,1.440741583605219,14.226070673773414
-0.595,1.4407935715217584,14.224219729038206
-0.5945,1.4408455575624937,14.222369164909239
-0.594,1.4408975417276284,14.220518981279428
-0.5934999999999999,1.4409495240173655,14.218669178041795
-0.593,1.441001504431908,14.216819755089352
-0.5925,1.4410534829714585,14.214970712315145
-0.592,1.44110545963622,14.21312204961227
-0.5914999999999999,1.4411574344263953,14.211273766873864
-0.591,1.4412094073421875,14.209425863993054
-0.5905,1.4412613783837993,14.207578340863053
-0.59,1.4413133475514333,14.205731197377157
-0.5894999999999999,1.441365314845292,14.203884433428797
-0.589,1.4414172802655785,14.202038048911449
-0.5885,1.4414692438124952,14.200192043718612
-0.588,1.4415212054862447,14.198346417743839
-0.5874999999999999,1.4415731652870296,14.196501170880696
-0.587,1.4416251232150525,14.194656303022791
-0.5865,1.4416770792705156,14.192811814063797
-0.586,1.4417290334536215,14.190967703897362
-0.5854999999999999,1.441780985764573,14.189123972417189
-0.585,1.4418329362035718,14.187280619517038
-0.5845,1.4418848847708206,14.1854376450907
-0.584,1.4419368314665215,14.18359504903197
-0.5835,1.441988776290877,14.181752831234695
-0.583,1.4420407192440894,14.179910991592754
-0.5825,1.4420926603263606,14.178069530000064
-0.5820000000000001,1.442144599537893,14.176228446350574
-0.5815,1.4421965368788885,14.174387740538261
-0.581,1.4422484723495492,14.172547412457133
-0.5805,1.4423004059500772,14.17070746200126
-0.5800000000000001,1.4423523376806748,14.168867889064696
-0.5795,1.4424042675415436,14.167028693541571
-0.579,1.4424561955328856,14.165189875326034
-0.5785,1.4425081216549025,14.163351434312274
-0.5780000000000001,1.4425600459077967,14.161513370394477
-0.5775,1.4426119682917697,14.15967568346692
-0.577,1.4426638888070236,14.157838373423871
-0.5765,1.4427158074537596,14.156001440159663
-0.5760000000000001,1.4427677242321797,14.154164883568637
-0.5755,1.4428196391424855,14.15232870354518
-0.575,1.4428715521848787,14.150492899983705
-0.5745,1.4429234633595611,14.14865747277866
-0.5740000000000001,1.4429753726667343,14.146822421824524
-0.5735,1.4430272801065993,14.144987747015842
-0.573,1.4430791856793581,14.143153448247121
-0.5725,1.4431310893852118,14.14131952541299
-0.5720000000000001,1.4431829912243623,14.139485978408041
-0.5715,1.4432348911970108,14.137652807126932
-0.571,1.4432867893033585,14.135820011464334
-0.5705,1.4433386855436068,14.133987591314987
-0.5700000000000001,1.443390579917957,14.13215554657364
-0.5695,1.4434424724266102,14.130323877135064
-0.569,1.4434943630697679,14.12849258289409
-0.5685,1.443546251847631,14.126661663745553
-0.5680000000000001,1.4435981387604009,14.124831119584345
-0.5675,1.4436500238082783,14.123000950305425
-0.567,1.443701906991465,14.121171155803863
-0.5665,1.4437537883101612,14.119341735974832
-0.5660000000000001,1.4438056677645685,14.117512690713536
-0.5655,1.4438575453548874,14.115684019915195
-0.565,1.4439094210813193,14.113855723475066
-0.5645,1.4439612949440646,14.112027801288471
-0.5640000000000001,1.4440131669433243,14.110200253250706
-0.5635,1.4440650370792996,14.108373079257138
-0.563,1.4441169053521907,14.106546279203178
-0.5625,1.4441687717621987,14.104719852984257
-0.562,1.444220636309524,14.10289380049582
-0.5615,1.4442724989943678,14.101068121633368
-0.5609999999999999,1.4443243598169304,14.099242816292415
-0.5605,1.4443762187774123,14.09741788436854
-0.56,1.4444280758760142,14.095593325757333
-0.5595,1.4444799311129366,14.093769140354414
-0.5589999999999999,1.44453178448838,14.091945328055454
-0.5585,1.4445836360025448,14.090121888756135
-0.558,1.4446354856556316,14.088298822352176
-0.5575,1.4446873334478405,14.086476128739342
-0.5569999999999999,1.444739179379372,14.084653807813442
-0.5565,1.4447910234504264,14.082831859470277
-0.556,1.444842865661204,14.08101028360571
-0.5555,1.444894706011905,14.079189080115636
-0.5549999999999999,1.4449465445027296,14.077368248895972
-0.5545,1.4449983811338782,14.07554778984267
-0.554,1.4450502159055505,14.073727702851738
-0.5535,1.4451020488179467,14.071907987819195
-0.5529999999999999,1.445153879871267,14.070088644641077
-0.5525,1.4452057090657116,14.06826967321347
-0.552,1.4452575364014801,14.066451073432523
-0.5515,1.4453093618787727,14.064632845194362
-0.5509999999999999,1.445361185497789,14.06281498839519
-0.5505,1.4454130072587295,14.060997502931217
-0.55,1.4454648271617934,14.059180388698696
-0.5495,1.4455166452071808,14.057363645593913
-0.5489999999999999,1.4455684613950917,14.055547273513168
-0.5485,1.4456202757257253,14.053731272352836
-0.548,1.4456720881992815,14.051915642009305
-0.5475,1.4457238988159602,14.050100382378963
-0.5469999999999999,1.4457757075759607,14.048285493358279
-0.5465,1.445827514479483,14.046470974843716
-0.546,1.4458793195267263,14.044656826731808
-0.5455,1.4459311227178901,14.042843048919094
-0.5449999999999999,1.445982924053174,14.041029641302153
-0.5445,1.4460347235327777,14.039216603777653
-0.544,1.4460865211569005,14.037403936242447
-0.5435,1.4461383169257414,14.035591638593377
-0.5429999999999999,1.4461901108395,14.033779710727314
-0.5425,1.4462419028983757,14.031968152541197
-0.542,1.4462936931025676,14.03015696393195
-0.5415,1.4463454814522752,14.028346144796572
-0.5409999999999999,1.4463972679476975,14.026535695032061
-0.5405,1.4464490525890337,14.02472561453548
-0.54,1.4465008353764826,14.022915903203929
-0.5395,1.4465526163102438,14.021106560934477
-0.5389999999999999,1.446604395390516,14.019297587624283
-0.5385,1.4466561726174987,14.017488983170535
-0.538,1.4467079479913905,14.015680747470435
-0.5375,1.4467597215123904,14.013872880421227
-0.5369999999999999,1.4468114931806972,14.012065381920179
-0.5365,1.44686326299651,14.010258251864611
-0.536,1.4469150309600276,14.008451490151845
-0.5355,1.4469667970714488,14.006645096679256
-0.5349999999999999,1.4470185613309723,14.00483907134426
-0.5345,1.4470703237387967,14.003033414044296
-0.534,1.447122084295121,14.001228124676814
-0.5335,1.4471738430001437,13.999423203139317
-0.5329999999999999,1.4472255998540635,13.997618649329354
-0.5325,1.4472773548570792,13.995814463144463
-0.532,1.4473291080093886,13.99401064448228
-0.5315,1.4473808593111912,13.992207193240397
-0.5309999999999999,1.447432608762685,13.990404109316495
-0.5305,1.4474843563640685,13.988601392608262
-0.53,1.44753610211554,13.986799043013429
-0.5295,1.447587846017298,13.98499706042976
-0.5289999999999999,1.4476395880695407,13.983195444755037
-0.5285,1.4476913282724668,13.981394195887084
-0.528,1.447743066626274,13.979593313723768
-0.5275,1.4477948031311614,13.977792798162948
-0.5269999999999999,1.4478465377873262,13.975992649102578
-0.5265,1.4478982705949672,13.97419286644058
-0.526,1.4479500015542823,13.972393450074968
-0.5255,1.4480017306654698,13.970594399903728
-0.5249999999999999,1.4480534579287276,13.96879571582492
-0.5245,1.4481051833442538,13.966997397736641
-0.524,1.4481569069122462,13.965199445536976
-0.5235,1.448208628632903,13.963401859124088
-0.5229999999999999,1.448260348506422,13.961604638396146
-0.5225,1.4483120665330012,13.959807783251359
-0.522,1.4483637827128384,13.958011293587987
-0.5215,1.4484154970461312,13.956215169304441
-0.5209999999999999,1.4484672095330775,13.954419410299195
-0.5205,1.4485189201738753,13.952624016470747
-0.52,1.4485706289687221,13.95082898771763
-0.5195000000000001,1.4486223359178156,13.949034323938443
-0.519,1.4486740410213537,13.947240025031771
-0.5185,1.4487257442795332,13.945446090896276
-0.518,1.4487774456925526,13.943652521430588
-0.5175000000000001,1.448829145260609,13.941859316533435
-0.517,1.4488808429838997,13.940066476103548
-0.5165,1.4489325388626226,13.938274000039682
-0.516,1.448984232896975,13.936481888240618
-0.5155000000000001,1.449035925087154,13.934690140605216
-0.515,1.4490876154333574,13.932898757032318
-0.5145,1.4491393039357823,13.93110773742081
-0.514,1.4491909905946259,13.929317081669627
-0.5135000000000001,1.4492426754100856,13.927526789677708
-0.513,1.4492943583823583,13.925736861344069
-0.5125,1.4493460395116415,13.923947296567698
-0.512,1.4493977187981326,13.922158095247644
-0.5115000000000001,1.449449396242028,13.920369257283015
-0.511,1.4495010718435255,13.918580782572896
-0.5105,1.4495527456028219,13.91679267101643
-0.51,1.4496044175201137,13.915004922512834
-0.5095000000000001,1.4496560875955986,13.91321753696128
-0.509,1.449707755829473,13.911430514261015
-0.5085,1.4497594222219343,13.909643854311303
-0.508,1.4498110867731788,13.907857557011477
-0.5075000000000001,1.4498627494834038,13.906071622260844
-0.507,1.4499144103528059,13.90428604995877
-0.5065,1.449966069381582,13.902500840004668
-0.506,1.4500177265699283,13.900715992297966
-0.5055000000000001,1.4500693819180424,13.898931506738098
-0.505,1.45012103542612,13.897147383224592
-0.5045,1.4501726870943583,13.895363621656958
-0.504,1.450224336922954,13.89358022193474
-0.5035000000000001,1.4502759849121032,13.891797183957543
-0.503,1.4503276310620026,13.890014507624986
-0.5025,1.4503792753728488,13.888232192836702
-0.502,1.450430917844838,13.886450239492381
-0.5015000000000001,1.4504825584781669,13.88466864749175
-0.501,1.4505341972730315,13.882887416734542
-0.5005,1.4505858342296285,13.88110654712052
-0.5,1.4506374693481543,13.879326038549493
-0.49949999999999994,1.4506891026288047,13.877545890921335
-0.499,1.450740734071776,13.87576610413594
-0.49849999999999994,1.4507923636772648,13.873986678093365
-0.498,1.4508439914454672,13.872207612693705
-0.49749999999999994,1.450895617376579,13.87042890783712
-0.497,1.4509472414707965,13.868650563423762
-0.49649999999999994,1.4509988637283155,13.866872579353819
-0.496,1.4510504841493326,13.865094955527518
-0.49549999999999994,1.4511021027340432,13.863317691845143
-0.495,1.4511537194826436,13.861540788206954
-0.49449999999999994,1.4512053343953297,13.859764244513288
-0.494,1.4512569474722974,13.85798806066449
-0.49349999999999994,1.4513085587137422,13.85621223656096
-0.493,1.4513601681198602,13.854436772103092
-0.49249999999999994,1.4514117756908473,13.85266166719134
-0.492,1.4514633814268991,13.850886921726195
-0.49149999999999994,1.4515149853282112,13.849112535608144
-0.491,1.4515665873949795,13.847338508737739
-0.49049999999999994,1.4516181876273995,13.845564841015552
-0.49,1.4516697860256669,13.843791532342172
-0.48949999999999994,1.4517213825899773,13.842018582618238
-0.489,1.4517729773205261,13.840245991744426
-0.48849999999999993,1.4518245702175088,13.838473759621428
-0.488,1.4518761612811208,13.836701886149964
-0.48750000000000004,1.451927750511558,13.834930371230781
-0.487,1.4519793379090153,13.833159214764683
-0.48650000000000004,1.4520309234736881,13.831388416652496
-0.486,1.4520825072057721,13.82961797679505
-0.48550000000000004,1.4521340891054622,13.827847895093246
-0.485,1.452185669172954,13.826078171447982
-0.48450000000000004,1.4522372474084424,13.824308805760202
-0.484,1.4522888238121228,13.822539797930897
-0.48350000000000004,1.4523403983841903,13.820771147861054
-0.483,1.4523919711248399,13.81900285545172
-0.48250000000000004,1.4524435420342667,13.817234920603973
-0.482,1.4524951111126663,13.815467343218877
-0.48150000000000004,1.452546678360233,13.813700123197581
-0.481,1.452598243777162,13.811933260441261
-0.48050000000000004,1.4526498073636485,13.810166754851089
-0.48,1.452701369119887,13.808400606328307
-0.47950000000000004,1.4527529290460728,13.806634814774133
-0.479,1.4528044871424004,13.80486938008988
-0.47850000000000004,1.452856043409065,13.803104302176852
-0.478,1.452907597846261,13.801339580936398
-0.47750000000000004,1.452959150454183,13.7995752162699
-0.477,1.4530107012330262,13.797811208078747
-0.47650000000000003,1.4530622501829853,13.79604755626439
-0.476,1.4531137973042545,13.794284260728391
-0.47550000000000003,1.4531653425970286,13.792521321372412
-0.475,1.453216886061502,13.790758738098138
-0.47450000000000003,1.4532684276978696,13.788996510807305
-0.474,1.4533199675063257,13.787234639401658
-0.47350000000000003,1.4533715054870648,13.785473123783008
-0.473,1.4534230416402811,13.783711963853168
-0.47250000000000003,1.4534745759661694,13.781951159513975
-0.472,1.4535261084649238,13.780190710667316
-0.47150000000000003,1.4535776391367385,13.77843061721512
-0.471,1.4536291679818083,13.776670879059306
-0.47050000000000003,1.453680695000327,13.774911496101856
-0.47,1.453732220192489,13.77315246824478
-0.46950000000000003,1.4537837435584882,13.7713937953901
-0.469,1.4538352650985193,13.76963547743989
-0.4685,1.4538867848127761,13.767877514296236
-0.46799999999999997,1.4539383027014525,13.766119905861283
-0.4675,1.453989818764743,13.764362652037164
-0.46699999999999997,1.4540413330028414,13.762605752726072
-0.4665,1.4540928454159414,13.76084920783025
-0.46599999999999997,1.4541443560042375,13.759093017251901
-0.4655,1.4541958647679232,13.75733718089334
-0.46499999999999997,1.4542473717071926,13.755581698656853
-0.4645,1.4542988768222394,13.753826570444799
-0.46399999999999997,1.4543503801132573,13.752071796159536
-0.4635,1.4544018815804405,13.750317375703466
-0.46299999999999997,1.4544533812239824,13.748563308979017
-0.4625,1.4545048790440769,13.746809595888653
-0.46199999999999997,1.4545563750409174,13.74505623633487
-0.4615,1.454607869214698,13.743303230220176
-0.46099999999999997,1.4546593615656116,13.741550577447155
-0.4605,1.4547108520938525,13.739798277918347
-0.45999999999999996,1.4547623407996138,13.738046331536399
-0.4595,1.4548138276830893,13.736294738203927
-0.45899999999999996,1.4548653127444722,13.734543497823628
-0.4585,1.454916795983956,13.732792610298205
-0.45799999999999996,1.454968277401734,13.731042075530382
-0.4575,1.455019756998,13.729291893422925
-0.45699999999999996,1.4550712347729469,13.727542063878621
-0.4565,1.4551227107267681,13.725792586800315
-0.45599999999999996,1.455174184859657,13.72404346209084
-0.4555,1.4552256571718067,13.722294689653111
-0.45499999999999996,1.4552771276634104,13.720546269390024
-0.4545,1.4553285963346614,13.718798201204523
-0.45399999999999996,1.4553800631857525,13.717050484999605
-0.4535,1.4554315282168773,13.71530312067826
-0.45299999999999996,1.4554829914282281,13.713556108143655
-0.4525,1.4555344528199987,13.711809447299007
-0.45199999999999996,1.4555859123923818,13.710063138047575
-0.4515,1.4556373701455703,13.708317180292658
-0.45099999999999996,1.4556888260797574,13.706571573937566
-0.4505,1.4557402801951353,13.704826318885674
-0.44999999999999996,1.4557917324918974,13.703081415040351
-0.4495,1.4558431829702365,13.701336862304998
-0.44899999999999995,1.4558946316303454,13.699592660583065
-0.4485,1.4559460784724167,13.697848809778018
-0.44799999999999995,1.4559975234966434,13.696105309793372
-0.4475,1.4560489667032175,13.694362160532664
-0.44699999999999995,1.4561004080923323,13.692619361899435
-0.4465,1.4561518476641804,13.69087691379728
-0.44599999999999995,1.4562032854189542,13.689134816129828
-0.4455,1.4562547213568462,13.687393068800727
-0.44499999999999995,1.456306155478049,13.685651671713666
-0.4445,1.4563575877827548,13.683910624772361
-0.44399999999999995,1.4564090182711564,13.682169927880535
-0.4435,1.4564604469434463,13.680429580941965
-0.44299999999999995,1.4565118737998166,13.678689583860468
-0.4425,1.4565632988404598,13.676949936539852
-0.44199999999999995,1.4566147220655679,13.675210638884
-0.4415,1.4566661434753334,13.673471690796795
-0.44099999999999995,1.456717563069949,13.671733092182148
-0.4405,1.456768980849606,13.669994842944025
-0.43999999999999995,1.4568203968144973,13.668256942986401
-0.4395,1.4568718109648147,13.666519392213287
-0.43899999999999995,1.4569232233007503,13.664782190528717
-0.4385,1.4569746338224965,13.663045337836763
-0.43799999999999994,1.4570260425302448,13.661308834041535
-0.4375,1.4570774494241878,13.659572679047155
-0.43699999999999994,1.4571288545045171,13.65783687275778
-0.4365,1.4571802577714246,13.656101415077616
-0.43599999999999994,1.4572316592251022,13.654366305910862
-0.4355,1.4572830588657422,13.652631545161784
-0.43499999999999994,1.457334456693536,13.650897132734631
-0.4345,1.4573858527086754,13.649163068533753
-0.43399999999999994,1.4574372469113526,13.64742935246345
-0.4335,1.4574886393017585,13.645695984428126
-0.43299999999999994,1.4575400298800858,13.64396296433215
-0.4325,1.4575914186465255,13.642230292079956
-0.43199999999999994,1.4576428056012696,13.640497967576009
-0.4315,1.4576941907445091,13.6387659907248
-0.43099999999999994,1.4577455740764362,13.637034361430826
-0.4305,1.4577969555972425,13.635303079598645
-0.42999999999999994,1.457848335307119,13.633572145132984
-0.4295,1.4578997132062574,13.631841557938582
-0.42899999999999994,1.457951089294849,13.630111317920242
-0.4285,1.4580024635730853,13.628381424982809
-0.42799999999999994,1.458053836041158,13.626651879031098
-0.4275,1.4581052066992577,13.62492267997002
-0.42699999999999994,1.4581565755475763,13.623193827704474
-0.4265,1.4582079425863048,13.621465322139414
-0.42599999999999993,1.4582593078156345,13.619737163179824
-0.4255,1.4583106712357565,13.618009350730691
-0.42499999999999993,1.458362032846862,13.616281884697043
-0.4245,1.4584133926491425,13.614554764983938
-0.42399999999999993,1.4584647506427886,13.61282799149649
-0.4235,1.4585161068279915,13.6111015641398
-0.42300000000000004,1.458567461204942,13.609375482819031
-0.4225,1.4586188137738314,13.607649747439345
-0.42200000000000004,1.4586701645348508,13.605924357905957
-0.4215,1.458721513488191,13.604199314124099
-0.42100000000000004,1.4587728606340427,13.602474615999055
-0.4205,1.4588242059725967,13.600750263436106
-0.42000000000000004,1.458875549504044,13.59902625634059
-0.4195,1.4589268912285756,13.597302594617853
-0.41900000000000004,1.458978231146382,13.59557927817327
-0.4185,1.4590295692576538,13.593856306912276
-0.41800000000000004,1.4590809055625822,13.592133680740286
-0.4175,1.459132240061357,13.590411399562813
-0.41700000000000004,1.4591835727541698,13.588689463285323
-0.4165,1.4592349036412104,13.58696787181336
-0.41600000000000004,1.4592862327226699,13.585246625052479
-0.4155,1.4593375599987386,13.583525722908277
-0.41500000000000004,1.4593888854696067,13.581805165286383
-0.4145,1.4594402091354652,13.58008495209241
-0.41400000000000003,1.4594915309965042,13.57836508323206
-0.4135,1.4595428510529143,13.576645558611032
-0.41300000000000003,1.4595941693048855,13.57492637813507
-0.4125,1.4596454857526084,13.573207541709925
-0.41200000000000003,1.4596968003962731,13.571489049241414
-0.4115,1.4597481132360703,13.56977090063532
-0.41100000000000003,1.4597994242721897,13.568053095797541
-0.4105,1.4598507335048216,13.566335634633925
-0.41000000000000003,1.4599020409341565,13.564618517050386
-0.4095,1.459953346560384,13.562901742952876
-0.40900000000000003,1.4600046503836945,13.561185312247364
-0.4085,1.4600559524042782,13.55946922483983
-0.40800000000000003,1.4601072526223247,13.557753480636332
-0.4075,1.4601585510380244,13.556038079542901
-0.40700000000000003,1.4602098476515668,13.554323021465787
-0.4065,1.4602611424631422,13.552608306311233
-0.406,1.4603124354729404,13.550893933985552
-0.40549999999999997,1.4603637266811513,13.549179904395066
-0.405,1.4604150160879645,13.547466217446154
-0.40449999999999997,1.4604663036935701,13.545752873045178
-0.404,1.4605175894981575,13.54403987109858
-0.40349999999999997,1.4605688735019167,13.542327211512793
-0.403,1.4606201557050373,13.540614894194277
-0.40249999999999997,1.4606714361077089,13.538902919049566
-0.402,1.4607227147101214,13.537191285985159
-0.40149999999999997,1.460773991512464,13.535479994907654
-0.401,1.4608252665149262,13.533769045723627
-0.40049999999999997,1.460876539717698,13.532058438339682
-0.4,1.4609278111209685,13.53034817266248
-0.39949999999999997,1.4609790807249272,13.528638248598703
-0.399,1.4610303485297638,13.526928666055044
-0.39849999999999997,1.4610816145356673,13.525219424938259
-0.398,1.4611328787428273,13.523510525155082
-0.39749999999999996,1.461184141151433,13.521801966612324
-0.397,1.461235401761674,13.520093749216795
-0.39649999999999996,1.4612866605737391,13.518385872875362
-0.396,1.4613379175878176,13.516678337494897
-0.39549999999999996,1.461389172804099,13.51497114298229
-0.395,1.4614404262227723,13.513264289244495
-0.39449999999999996,1.4614916778440266,13.511557776188472
-0.394,1.461542927668051,13.509851603721213
-0.39349999999999996,1.4615941756950344,13.508145771749748
-0.393,1.4616454219251658,13.506440280181124
-0.39249999999999996,1.4616966663586346,13.504735128922402
-0.392,1.4617479089956296,13.503030317880718
-0.39149999999999996,1.4617991498363394,13.501325846963194
-0.391,1.461850388880953,13.499621716077007
-0.39049999999999996,1.4619016261296598,13.49791792512933
-0.39,1.4619528615826478,13.496214474027408
-0.38949999999999996,1.4620040952401063,13.494511362678475
-0.389,1.462055327102224,13.492808590989828
-0.38849999999999996,1.4621065571691898,13.491106158868755
-0.388,1.462157785441192,13.489404066222612
-0.38749999999999996,1.4622090119184192,13.487702312958762
-0.387,1.4622602366010604,13.48600089898459
-0.38649999999999995,1.462311459489304,13.484299824207532
-0.386,1.462362680583339,13.482599088535016
-0.38549999999999995,1.4624138998833531,13.480898691874541
-0.385,1.462465117389535,13.479198634133628
-0.38449999999999995,1.4625163331020739,13.477498915219812
-0.384,1.4625675470211577,13.475799535040768
-0.38349999999999995,1.4626187591469746,13.474100493504265
-0.383,1.4626699694797132,13.47240179051807
-0.38249999999999995,1.4627211780195617,13.470703425990003
-0.382,1.4627723847667085,13.469005399827893
-0.38149999999999995,1.462823589721342,13.467307711939592
-0.381,1.4628747928836503,13.465610362233004
-0.38049999999999995,1.4629259942538215,13.463913350616046
-0.38,1.462977193832044,13.462216676996666
-0.37949999999999995,1.4630283916185054,13.460520341282846
-0.379,1.4630795876133944,13.458824343382584
-0.37849999999999995,1.4631307818168988,13.457128683203926
-0.378,1.463181974229207,13.455433360654903
-0.37749999999999995,1.4632331648505064,13.453738375643644
-0.377,1.463284353680985,13.452043728078253
-0.37649999999999995,1.4633355407208313,13.450349417866871
-0.376,1.4633867259702327,13.448655444917675
-0.37549999999999994,1.4634379094293772,13.446961809138875
-0.375,1.463489091098453,13.445268510438673
-0.37449999999999994,1.4635402709776473,13.443575548725375
-0.374,1.4635914490671482,13.441882923907244
-0.37349999999999994,1.4636426253671433,13.440190635892609
-0.373,1.4636937998778206,13.438498684589794
-0.37249999999999994,1.4637449725993674,13.436807069907186
-0.372,1.4637961435319717,13.435115791753168
-0.37149999999999994,1.4638473126758207,13.433424850036202
-0.371,1.4638984800311021,13.431734244664732
-0.37049999999999994,1.4639496455980037,13.430043975547223
-0.37,1.4640008093767127,13.428354042592217
-0.36949999999999994,1.464051971367417,13.426664445708232
-0.369,1.4641031315703035,13.424975184803856
-0.36849999999999994,1.4641542899855597,13.423286259787675
-0.368,1.4642054466133734,13.421597670568323
-0.36749999999999994,1.4642566014539313,13.419909417054463
-0.367,1.4643077545074215,13.418221499154745
-0.36649999999999994,1.4643589057740307,13.41653391677791
-0.366,1.464410055253946,13.414846669832688
-0.36549999999999994,1.4644612029473554,13.413159758227838
-0.365,1.4645123488544454,13.411473181872163
-0.36449999999999994,1.4645634929754032,13.409786940674481
-0.364,1.4646146353104161,13.408101034543655
-0.36349999999999993,1.4646657758596713,13.406415463388548
-0.363,1.4647169146233556,13.404730227118069
-0.36249999999999993,1.4647680516016561,13.403045325641154
-0.362,1.4648191867947598,13.401360758866774
-0.36149999999999993,1.4648703202028535,13.399676526703928
-0.361,1.4649214518261244,13.397992629061722
-0.36049999999999993,1.4649725816647592,13.396309065849389
-0.36,1.4650237097189447,13.39462583697614
-0.35950000000000004,1.465074835988868,13.392942942351223
-0.359,1.4651259604747155,13.391260381883919
-0.35850000000000004,1.4651770831766744,13.389578155483557
-0.358,1.465228204094931,13.387896263059476
-0.35750000000000004,1.4652793232296721,13.386214704521027
-0.357,1.4653304405810845,13.384533479777614
-0.35650000000000004,1.4653815561493548,13.382852588738656
-0.356,1.4654326699346696,13.381172031313607
-0.35550000000000004,1.4654837819372155,13.379491807411934
-0.355,1.4655348921571787,13.377811916943163
-0.35450000000000004,1.4655860005947459,13.376132359816811
-0.354,1.4656371072501038,13.374453135942451
-0.35350000000000004,1.4656882121234385,13.372774245229662
-0.353,1.4657393152149365,13.37109568758806
-0.35250000000000004,1.4657904165247841,13.369417462927302
-0.352,1.465841516053168,13.367739571157049
-0.35150000000000003,1.465892613800274,13.366062012187005
-0.351,1.4659437097662886,13.364384785926894
-0.35050000000000003,1.4659948039513981,13.362707892286474
-0.35,1.4660458963557887,13.361031331175525
-0.34950000000000003,1.4660969869796463,13.359355102503876
-0.349,1.4661480758231573,13.357679206181343
-0.34850000000000003,1.4661991628865076,13.3560036421178
-0.348,1.4662502481698836,13.354328410223138
-0.34750000000000003,1.4663013316734712,13.352653510407276
-0.347,1.4663524133974564,13.350978942580168
-0.34650000000000003,1.4664034933420247,13.349304706651807
-0.346,1.466454571507363,13.347630802532171
-0.34550000000000003,1.4665056478936562,13.3459572301313
-0.345,1.466556722501091,13.34428398935925
-0.34450000000000003,1.4666077953298529,13.342611080126114
-0.344,1.4666588663801274,13.340938502342011
-0.3435,1.466709935652101,13.339266255917066
-0.34299999999999997,1.466761003145959,13.337594340761457
-0.3425,1.466812068861887,13.33592275678539
-0.34199999999999997,1.466863132800071,13.334251503899088
-0.3415,1.4669141949606963,13.332580582012794
-0.34099999999999997,1.466965255343949,13.330909991036789
-0.3405,1.4670163139500143,13.32923973088138
-0.33999999999999997,1.4670673707790778,13.327569801456905
-0.3395,1.4671184258313252,13.325900202673717
-0.33899999999999997,1.467169479106942,13.324230934442213
-0.3385,1.4672205306061132,13.322561996672837
-0.33799999999999997,1.4672715803290248,13.320893389276083
-0.3375,1.467322628275862,13.319225112162577
-0.33699999999999997,1.4673736744468102,13.317557165242988
-0.3365,1.4674247188420544,13.315889548428
-0.33599999999999997,1.4674757614617802,13.314222261628291
-0.3355,1.467526802306173,13.312555304754605
-0.33499999999999996,1.4675778413754177,13.310888677717688
-0.3345,1.4676288786696998,13.30922238042834
-0.33399999999999996,1.467679914189204,13.307556412797389
-0.3335,1.467730947934116,13.30589077473565
-0.33299999999999996,1.4677819799046208,13.304225466153992
-0.3325,1.4678330101009032,13.302560486963335
-0.33199999999999996,1.4678840385231482,13.300895837074581
-0.3315,1.4679350651715413,13.29923151639868
-0.33099999999999996,1.467986090046267,13.29756752484661
-0.3305,1.46803711314751,13.295903862329395
-0.32999999999999996,1.4680881344754562,13.294240528758037
-0.3295,1.4681391540302897,13.29257752404361
-0.32899999999999996,1.4681901718121955,13.290914848097204
-0.3285,1.4682411878213584,13.289252500829923
-0.32799999999999996,1.4682922020579634,13.287590482152906
-0.3275,1.4683432145221949,13.28592879197733
-0.32699999999999996,1.4683942252142377,13.284267430214397
-0.3265,1.4684452341342769,13.282606396775304
-0.32599999999999996,1.4684962412824967,13.280945691571308
-0.3255,1.4685472466590819,13.27928531451369
-0.32499999999999996,1.4685982502642168,13.277625265513777
-0.3245,1.4686492520980865,13.275965544482844
-0.32399999999999995,1.4687002521608752,13.274306151332292
-0.3235,1.4687512504527673,13.272647085973494
-0.32299999999999995,1.4688022469739477,13.270988348317854
-0.3225,1.4688532417246,13.269329938276831
-0.32199999999999995,1.4689042347049095,13.267671855761867
-0.3215,1.4689552259150602,13.266014100684464
-0.32099999999999995,1.4690062153552363,13.264356672956136
-0.3205,1.4690572030256224,13.262699572488446
-0.31999999999999995,1.4691081889264024,13.26104279919295
-0.3195,1.4691591730577607,13.259386352981263
-0.31899999999999995,1.4692101554198815,13.257730233765006
-0.3185,1.4692611360129493,13.256074441455825
-0.31799999999999995,1.4693121148371477,13.25441897596542
-0.3175,1.4693630918926612,13.252763837205485
-0.31699999999999995,1.4694140671796736,13.251109025087763
-0.3165,1.4694650406983691,13.249454539524008
-0.31599999999999995,1.469516012448932,13.247800380426018
-0.3155,1.4695669824315456,13.24614654770561
-0.31499999999999995,1.4696179506463944,13.244493041274676
-0.3145,1.4696689170936623,13.242839861045253
-0.31399999999999995,1.4697198817735326,13.241187006929371
-0.3135,1.46977084468619,13.239534478839095
-0.31299999999999994,1.4698218058318178,13.23788227668652
-0.3125,1.4698727652105998,13.236230400383787
-0.31199999999999994,1.4699237228227202,13.234578849843047
-0.3115,1.469974678668362,13.232927624976478
-0.31099999999999994,1.4700256327477095,13.231276725696285
-0.3105,1.470076585060946,13.229626151914696
-0.30999999999999994,1.4701275356082555,13.227975903543975
-0.3095,1.4701784843898213,13.226325980496394
-0.30899999999999994,1.470229431405827,13.224676382684297
-0.3085,1.4702803766564563,13.22302711002
-0.30799999999999994,1.4703313201418924,13.221378162415876
-0.3075,1.4703822618623192,13.219729539784316
-0.30699999999999994,1.4704332018179198,13.21808124203775
-0.3065,1.4704841400088777,13.216433269088604
-0.30599999999999994,1.4705350764353762,13.21478562084938
-0.3055,1.470586011097599,13.21313829723254
-0.30499999999999994,1.470636943995729,13.211491298150646
-0.3045,1.4706878751299497,13.209844623516235
-0.30399999999999994,1.4707388045004441,13.208198273241889
-0.3035,1.470789732107396,13.206552247240213
-0.30299999999999994,1.4708406579509876,13.204906545423853
-0.3025,1.4708915820314032,13.203261167705433
-0.30199999999999994,1.4709425043488251,13.201616113997686
-0.3015,1.4709934249034369,13.199971384213287
-0.30099999999999993,1.4710443436954213,13.198326978264996
-0.3005,1.4710952607249612,13.196682896065585
-0.29999999999999993,1.4711461759922402,13.195039137527823
-0.2995,1.4711970894974407,13.193395702564558
-0.29899999999999993,1.471248001240746,13.1917525910886
-0.2985,1.471298911222339,13.190109803012843
-0.29799999999999993,1.4713498194424022,13.188467338250186
-0.2975,1.4714007259011184,13.18682519671357
-0.29699999999999993,1.4714516305986711,13.18518337831591
-0.2965,1.4715025335352425,13.18354188297021
-0.29600000000000004,1.4715534347110155,13.181900710589458
-0.2955,1.4716043341261729,13.180259861086705
-0.29500000000000004,1.4716552317808969,13.17861933437501
-0.2945,1.471706127675371,13.17697913036743
-0.29400000000000004,1.471757021809777,13.175339248977094
-0.2935,1.4718079141842981,13.173699690117134
-0.29300000000000004,1.4718588047991163,13.172060453700734
-0.2925,1.4719096936544145,13.170421539641051
-0.29200000000000004,1.4719605807503753,13.168782947851344
-0.2915,1.4720114660871808,13.167144678244993
-0.29100000000000004,1.4720623496650138,13.165506730735379
-0.2905,1.4721132314840562,13.163869105235987
-0.29000000000000004,1.4721641115444908,13.162231801660255
-0.2895,1.4722149898464998,13.160594819921684
-0.28900000000000003,1.4722658663902655,13.15895815993379
-0.2885,1.4723167411759701,13.15732182161013
-0.28800000000000003,1.4723676142037958,13.155685804864271
-0.2875,1.472418485473925,13.154050109609809
-0.28700000000000003,1.4724693549865397,13.15241473576037
-0.2865,1.4725202227418224,13.150779683229603
-0.28600000000000003,1.4725710887399546,13.149144951931198
-0.2855,1.4726219529811189,13.147510541778844
-0.28500000000000003,1.472672815465497,13.145876452686275
-0.2845,1.4727236761932714,13.14424268456725
-0.28400000000000003,1.4727745351646235,13.142609237335554
-0.2835,1.4728253923797356,13.140976110904992
-0.28300000000000003,1.4728762478387898,13.139343305189389
-0.2825,1.4729271015419676,13.137710820102614
-0.28200000000000003,1.472977953489451,13.136078655558569
-0.2815,1.4730288036814216,13.134446811471156
-0.281,1.4730796521180618,13.132815287754292
-0.28049999999999997,1.4731304987995528,13.131184084321974
-0.28,1.4731813437260766,13.129553201088182
-0.27949999999999997,1.4732321868978149,13.127922637966924
-0.279,1.4732830283149492,13.126292394872275
-0.27849999999999997,1.4733338679776613,13.124662471718265
-0.278,1.473384705886133,13.123032868419012
-0.27749999999999997,1.4734355420405454,13.121403584888627
-0.277,1.4734863764410804,13.11977462104127
-0.27649999999999997,1.4735372090879195,13.118145976791116
-0.276,1.4735880399812438,13.116517652052359
-0.27549999999999997,1.4736388691212354,13.11488964673922
-0.275,1.4736896965080752,13.113261960765966
-0.27449999999999997,1.4737405221419448,13.11163459404686
-0.274,1.4737913460230259,13.110007546496204
-0.27349999999999997,1.4738421681514988,13.108380818028358
-0.273,1.473892988527546,13.106754408557634
-0.27249999999999996,1.473943807151348,13.10512831799845
-0.272,1.4739946240230863,13.103502546265196
-0.27149999999999996,1.474045439142942,13.101877093272313
-0.271,1.4740962525110965,13.100251958934258
-0.27049999999999996,1.4741470641277308,13.09862714316552
-0.27,1.474197873993026,13.097002645880613
-0.26949999999999996,1.474248682107163,13.095378466994068
-0.269,1.474299488470323,13.093754606420461
-0.26849999999999996,1.4743502930826873,13.092131064074454
-0.268,1.4744010959444362,13.090507839870853
-0.26749999999999996,1.4744518970557514,13.088884933724387
-0.267,1.4745026964168135,13.087262345549885
-0.26649999999999996,1.4745534940278036,13.085640075262186
-0.266,1.474604289888902,13.084018122776158
-0.26549999999999996,1.47465508400029,13.082396488006683
-0.265,1.4747058763621481,13.08077517086869
-0.26449999999999996,1.4747566669746577,13.079154171277075
-0.264,1.4748074558379987,13.077533489146857
-0.26349999999999996,1.4748582429523525,13.075913124392985
-0.263,1.4749090283178992,13.074293076930509
-0.26249999999999996,1.4749598119348197,13.072673346674446
-0.262,1.4750105938032947,13.071053933539881
-0.26149999999999995,1.4750613739235048,13.069434837441893
-0.261,1.4751121522956305,13.067816058295604
-0.26049999999999995,1.4751629289198522,13.066197596016167
-0.26,1.4752137037963504,13.064579450518758
-0.25949999999999995,1.4752644769253056,13.062961621718564
-0.259,1.4753152483068983,13.061344109530802
-0.25849999999999995,1.4753660179413088,13.059726913870735
-0.258,1.4754167858287175,13.058110034653623
-0.25749999999999995,1.4754675519693048,13.056493471794766
-0.257,1.4755183163632508,13.054877225209506
-0.25649999999999995,1.475569079010736,13.053261294813169
-0.256,1.4756198399119407,13.051645680521144
-0.25549999999999995,1.475670599067045,13.050030382248831
-0.255,1.4757213564762288,13.04841539991165
-0.25449999999999995,1.4757721121396725,13.04680073342508
-0.254,1.475822866057556,13.045186382704573
-0.25349999999999995,1.47587361823006,13.043572347665638
-0.253,1.475924368657364,13.041958628223805
-0.25249999999999995,1.475975117339648,13.040345224294647
-0.252,1.4760258642770923,13.038732135793712
-0.25149999999999995,1.4760766094698765,13.037119362636636
-0.251,1.4761273529181809,13.035506904739037
-0.25049999999999994,1.4761780946221852,13.033894762016564
-0.25,1.4762288345820693,13.032282934384913
-0.24949999999999994,1.4762795727980131,13.030671421759783
-0.249,1.4763303092701963,13.029060224056918
-0.24849999999999994,1.4763810439987988,13.027449341192066
-0.248,1.4764317769840003,13.025838773081015
-0.24749999999999994,1.4764825082259803,13.024228519639585
-0.247,1.4765332377249187,13.022618580783599
-0.24649999999999994,1.4765839654809954,13.021008956428922
-0.246,1.4766346914943893,13.019399646491447
-0.24549999999999994,1.4766854157652807,13.01779065088711
-0.245,1.4767361382938486,13.016181969532
-0.24449999999999994,1.4767868590802733,13.014573602342185
-0.244,1.4768375781247334,13.012965549233831
-0.24349999999999994,1.476888295427409,13.01135781012307
-0.243,1.476939010988479,13.009750384926095
-0.24249999999999994,1.4769897248081234,13.008143273559096
-0.242,1.4770404368865213,13.00653647593831
-0.24149999999999994,1.477091147223852,13.00492999198
-0.241,1.477141855820295,13.003323821600423
-0.24049999999999994,1.477192562676029,13.001717964715924
-0.24,1.477243267791234,13.000112421242797
-0.23949999999999994,1.4772939711660888,12.998507191097406
-0.239,1.4773446728007729,12.996902274196149
-0.23849999999999993,1.477395372695465,12.995297670455425
-0.238,1.4774460708503445,12.993693379791656
-0.23749999999999993,1.4774967672655905,12.992089402121312
-0.237,1.4775474619413822,12.990485737360862
-0.23649999999999993,1.4775981548778983,12.988882385426832
-0.236,1.477648846075318,12.98727934623573
-0.23549999999999993,1.4776995355338205,12.985676619704146
-0.235,1.4777502232535842,12.984074205748636
-0.23449999999999993,1.4778009092347884,12.982472104285824
-0.23399999999999999,1.477851593477612,12.980870315232327
-0.23349999999999993,1.4779022759822336,12.979268838504831
-0.23299999999999998,1.4779529567488323,12.977667674019983
-0.23249999999999993,1.4780036357775865,12.976066821694529
-0.23199999999999998,1.4780543130686756,12.974466281445173
-0.23150000000000004,1.4781049886222777,12.972866053188696
-0.23099999999999998,1.4781556624385719,12.971266136841862
-0.23050000000000004,1.4782063345177368,12.96966653232149
-0.22999999999999998,1.4782570048599506,12.968067239544427
-0.22950000000000004,1.4783076734653926,12.966468258427504
-0.22899999999999998,1.4783583403342409,12.964869588887632
-0.22850000000000004,1.478409005466674,12.963271230841716
-0.22799999999999998,1.478459668862871,12.961673184206663
-0.22750000000000004,1.4785103305230098,12.960075448899472
-0.22699999999999998,1.478560990447269,12.95847802483711
-0.22650000000000003,1.478611648635827,12.956880911936588
-0.22599999999999998,1.4786623050888623,12.955284110114933
-0.22550000000000003,1.4787129598065534,12.953687619289205
-0.22499999999999998,1.4787636127890782,12.952091439376504
-0.22450000000000003,1.478814264036615,12.95049557029394
-0.22399999999999998,1.4788649135493428,12.948900011958619
-0.22350000000000003,1.4789155613274392,12.947304764287724
-0.22299999999999998,1.4789662073710828,12.945709827198423
-0.22250000000000003,1.4790168516804512,12.944115200607953
-0.22199999999999998,1.4790674942557231,12.942520884433621
-0.22150000000000003,1.4791181350970761,12.940926878592842
-0.22099999999999997,1.4791687742046888,12.939333183003004
-0.22050000000000003,1.4792194115787392,12.937739797581575
-0.21999999999999997,1.4792700472194051,12.93614672224603
-0.21950000000000003,1.4793206811268647,12.934553956913852
-0.21899999999999997,1.4793713133012953,12.932961501502596
-0.21850000000000003,1.479421943742876,12.931369355929775
-0.21799999999999997,1.4794725724517839,12.929777520112957
-0.21750000000000003,1.479523199428197,12.92818599396977
-0.21699999999999997,1.4795738246722931,12.926594777417812
-0.21650000000000003,1.4796244481842502,12.925003870374745
-0.21599999999999997,1.479675069964246,12.923413272758216
-0.21550000000000002,1.4797256900124582,12.921822984485942
-0.21499999999999997,1.4797763083290647,12.92023300547563
-0.21450000000000002,1.479826924914243,12.918643335645033
-0.21399999999999997,1.479877539768171,12.917053974911909
-0.21350000000000002,1.4799281528910257,12.915464923194085
-0.21299999999999997,1.4799787642829856,12.913876180409337
-0.21250000000000002,1.4800293739442276,12.912287746475537
-0.21199999999999997,1.4800799818749295,12.910699621310544
-0.21150000000000002,1.4801305880752689,12.909111804832245
-0.21099999999999997,1.4801811925454231,12.907524296958574
-0.21050000000000002,1.4802317952855695,12.905937097607461
-0.20999999999999996,1.4802823962958858,12.904350206696877
-0.20950000000000002,1.480332995576549,12.90276362414482
-0.20899999999999996,1.4803835931277367,12.901177349869297
-0.20850000000000002,1.4804341889496264,12.899591383788348
-0.20799999999999996,1.4804847830423948,12.898005725820052
-0.20750000000000002,1.48053537540622,12.896420375882476
-0.20699999999999996,1.4805859660412786,12.894835333893768
-0.20650000000000002,1.480636554947748,12.893250599772038
-0.20599999999999996,1.4806871421258054,12.891666173435464
-0.20550000000000002,1.480737727575628,12.890082054802232
-0.20499999999999996,1.4807883112973927,12.888498243790556
-0.20450000000000002,1.4808388932912768,12.886914740318677
-0.20399999999999996,1.4808894735574574,12.885331544304847
-0.20350000000000001,1.4809400520961111,12.883748655667368
-0.20299999999999996,1.4809906289074155,12.88216607432453
-0.2025,1.481041203991547,12.880583800194705
-0.20199999999999996,1.481091777348683,12.87900183319622
-0.2015,1.481142348979,12.877420173247472
-0.20099999999999996,1.4811929188826753,12.875838820266866
-0.2005,1.4812434870598854,12.87425777417285
-0.19999999999999996,1.4812940535108075,12.872677034883862
-0.1995,1.4813446182356176,12.871096602318412
-0.19899999999999995,1.4813951812344932,12.869516476394999
-0.1985,1.4814457425076109,12.86793665703231
-0.19799999999999995,1.4814963020551473,12.866357144149
-0.1975,1.481546859877279,12.864777937663806
-0.19699999999999995,1.4815974159741825,12.863199037495477
-0.1965,1.4816479703460348,12.861620443562758
-0.19599999999999995,1.4816985229930122,12.860042155784457
-0.1955,1.4817490739152912,12.858464174079376
-0.19499999999999995,1.4817996231130486,12.856886498366363
-0.1945,1.4818501705864604,12.855309128564294
-0.19399999999999995,1.4819007163357036,12.85373206459202
-0.1935,1.4819512603609544,12.852155306368477
-0.19299999999999995,1.482001802662389,12.8505788538126
-0.1925,1.482052343240184,12.84900270684335
-0.19199999999999995,1.4821028820945157,12.847426865379708
-0.1915,1.48215341922556,12.845851329340688
-0.19099999999999995,1.4822039546334937,12.844276098645318
-0.1905,1.4822544883184932,12.842701173212651
-0.18999999999999995,1.482305020280734,12.841126552961779
-0.1895,1.4823555505203927,12.839552237811798
-0.18899999999999995,1.4824060790376454,12.83797822768186
-0.1885,1.4824566058326683,12.836404522491097
-0.18799999999999994,1.4825071309056375,12.834831122158693
-0.1875,1.482557654256729,12.833258026603849
-0.18699999999999994,1.4826081758861185,12.831685235745802
-0.1865,1.4826586957939825,12.830112749503797
-0.18599999999999994,1.4827092139804967,12.828540567797111
-0.1855,1.4827597304458373,12.826968690545032
-0.18499999999999994,1.48281024519018,12.825397117666903
-0.1845,1.4828607582137006,12.823825849082066
-0.18399999999999994,1.4829112695165751,12.822254884709889
-0.1835,1.482961779098979,12.820684224469774
-0.18299999999999994,1.4830122869610889,12.819113868281132
-0.1825,1.4830627931030798,12.817543816063411
-0.18199999999999994,1.4831132975251278,12.81597406773609
-0.1815,1.4831638002274083,12.814404623218651
-0.18099999999999994,1.4832143012100973,12.812835482430607
-0.1805,1.48326480047337,12.811266645291528
-0.17999999999999994,1.4833152980174025,12.809698111720936
-0.1795,1.4833657938423703,12.80812988163844
-0.17899999999999994,1.4834162879484487,12.80656195496366
-0.1785,1.4834667803358133,12.804994331616236
-0.17799999999999994,1.4835172710046396,12.803427011515817
-0.1775,1.4835677599551031,12.801859994582088
-0.17699999999999994,1.4836182471873796,12.80029328073476
-0.1765,1.4836687327016438,12.798726869893576
-0.17599999999999993,1.4837192164980715,12.797160761978283
-0.1755,1.4837696985768378,12.795594956908731
-0.17499999999999993,1.4838201789381185,12.794029454604832
-0.1745,1.4838706575820884,12.79246425498656
-0.17399999999999993,1.483921134508923,12.790899357973906
-0.1735,1.4839716097187974,12.789334763486874
-0.17299999999999993,1.4840220832118867,12.787770471445512
-0.1725,1.4840725549883662,12.786206481769865
-0.17199999999999993,1.4841230250484112,12.784642794380009
-0.17149999999999999,1.4841734933921964,12.78307940919608
-0.17099999999999993,1.4842239600198972,12.781516326138194
-0.17049999999999998,1.4842744249316888,12.779953545126485
-0.16999999999999993,1.4843248881277455,12.778391066081168
-0.16949999999999998,1.484375349608243,12.776828888922422
-0.16899999999999993,1.484425809373356,12.775267013570478
-0.16849999999999998,1.4844762674232597,12.773705439945575
-0.16799999999999993,1.4845267237581283,12.772144167968012
-0.16749999999999998,1.4845771783781374,12.77058319755807
-0.16700000000000004,1.4846276312834612,12.769022528636077
-0.16649999999999998,1.4846780824742751,12.767462161122364
-0.16600000000000004,1.4847285319507537,12.765902094937314
-0.16549999999999998,1.4847789797130715,12.764342330001323
-0.16500000000000004,1.4848294257614034,12.762782866234796
-0.16449999999999998,1.484879870095924,12.76122370355818
-0.16400000000000003,1.484930312716808,12.75966484189194
-0.16349999999999998,1.4849807536242303,12.758106281156557
-0.16300000000000003,1.4850311928183653,12.756548021272543
-0.16249999999999998,1.4850816302993874,12.754990062160434
-0.16200000000000003,1.4851320660674712,12.753432403740804
-0.16149999999999998,1.4851825001227912,12.751875045934222
-0.16100000000000003,1.4852329324655222,12.750317988661289
-0.16049999999999998,1.4852833630958382,12.748761231842654
-0.16000000000000003,1.485333792013914,12.747204775398945
-0.15949999999999998,1.4853842192199238,12.745648619250858
-0.15900000000000003,1.4854346447140419,12.744092763319095
-0.15849999999999997,1.485485068496443,12.742537207524364
-0.15800000000000003,1.4855354905673008,12.740981951787433
-0.15749999999999997,1.48558591092679,12.739426996029065
-0.15700000000000003,1.4856363295750847,12.737872340170055
-0.15649999999999997,1.4856867465123593,12.736317984131222
-0.15600000000000003,1.4857371617387878,12.734763927833415
-0.15549999999999997,1.4857875752545442,12.733210171197499
-0.15500000000000003,1.485837987059803,12.731656714144354
-0.15449999999999997,1.4858883971547383,12.730103556594896
-0.15400000000000003,1.4859388055395237,12.728550698470077
-0.15349999999999997,1.4859892122143337,12.726998139690847
-0.15300000000000002,1.486039617179342,12.725445880178196
-0.15249999999999997,1.4860900204347227,12.723893919853124
-0.15200000000000002,1.48614042198065,12.722342258636747
-0.15149999999999997,1.4861908218172974,12.720790896450259
-0.15100000000000002,1.486241219944839,12.719239833214854
-0.15049999999999997,1.4862916163634485,12.717689068851776
-0.15000000000000002,1.4863420110733,12.716138603282282
-0.14949999999999997,1.486392404074567,12.714588436427649
-0.14900000000000002,1.4864427953674237,12.713038568209187
-0.14849999999999997,1.4864931849520435,12.711488998548216
-0.14800000000000002,1.4865435728286,12.709939727366088
-0.14749999999999996,1.4865939589972674,12.708390754584181
-0.14700000000000002,1.4866443434582188,12.706842080123897
-0.14649999999999996,1.4866947262116281,12.70529370390666
-0.14600000000000002,1.486745107257669,12.703745625853893
-0.14549999999999996,1.4867954865965145,12.702197845887099
-0.14500000000000002,1.4868458642283389,12.700650363927728
-0.14449999999999996,1.4868962401533155,12.699103179897321
-0.14400000000000002,1.4869466143716172,12.69755629371743
-0.14349999999999996,1.4869969868834183,12.696009705309576
-0.14300000000000002,1.4870473576888916,12.69446341459538
-0.14249999999999996,1.4870977267882106,12.692917421496443
-0.14200000000000002,1.487148094181549,12.691371725934381
-0.14149999999999996,1.4871984598690795,12.689826327830865
-0.14100000000000001,1.4872488238509762,12.688281227107558
-0.14049999999999996,1.4872991861274119,12.686736423686185
-0.14,1.4873495466985596,12.685191917488455
-0.13949999999999996,1.487399905564593,12.683647708436114
-0.139,1.4874502627256851,12.682103796450937
-0.13849999999999996,1.487500618182009,12.680560181454723
-0.138,1.487550971933738,12.679016863369274
-0.13749999999999996,1.487601323981045,12.677473842116463
-0.137,1.487651674324103,12.675931117618134
-0.13649999999999995,1.4877020229630853,12.67438868979617
-0.136,1.487752369898165,12.672846558572495
-0.13549999999999995,1.4878027151295146,12.671304723869032
-0.135,1.4878530586573075,12.669763185607724
-0.13449999999999995,1.4879034004817162,12.668221943710599
-0.134,1.487953740602914,12.666680998099626
-0.13349999999999995,1.4880040790210736,12.66514034869684
-0.133,1.4880544157363678,12.663599995424285
-0.13249999999999995,1.4881047507489693,12.662059938204036
-0.132,1.4881550840590512,12.660520176958196
-0.13149999999999995,1.4882054156667859,12.65898071160888
-0.131,1.4882557455723464,12.657441542078237
-0.13049999999999995,1.488306073775905,12.655902668288425
-0.13,1.488356400277635,12.654364090161634
-0.12949999999999995,1.4884067250777084,12.652825807620083
-0.129,1.488457048176298,12.651287820586019
-0.12849999999999995,1.4885073695735764,12.64975012898178
-0.128,1.4885576892697163,12.648212732729778
-0.12749999999999995,1.48860800726489,12.646675631752446
-0.127,1.48865832355927,12.645138825972245
-0.12649999999999995,1.4887086381530288,12.643602315311671
-0.126,1.4887589510463386,12.642066099693203
-0.12549999999999994,1.4888092622393723,12.640530179039379
-0.125,1.488859571732302,12.638994553272727
-0.12449999999999994,1.4889098795253,12.637459222315858
-0.124,1.4889601856185386,12.635924186091335
-0.12349999999999994,1.4890104900121899,12.634389444521803
-0.123,1.4890607927064266,12.63285499752989
-0.12249999999999994,1.4891110937014205,12.631320845038248
-0.122,1.4891613929973442,12.62978698696958
-0.12149999999999994,1.4892116905943695,12.628253423246585
-0.121,1.4892619864926684,12.626720153792025
-0.12049999999999994,1.4893122806924135,12.625187178528625
-0.12,1.4893625731937767,12.62365449737916
-0.11949999999999994,1.48941286399693,12.622122110266458
-0.119,1.4894631531020455,12.62059001711332
-0.11849999999999994,1.489513440509295,12.619058217842612
-0.118,1.4895637262188501,12.61752671237721
-0.11749999999999994,1.4896140102308837,12.615995500639979
-0.11699999999999999,1.489664292545567,12.614464582553838
-0.11649999999999994,1.489714573163072,12.612933958041765
-0.11599999999999999,1.489764852083571,12.611403627026668
-0.11549999999999994,1.4898151293072348,12.609873589431587
-0.11499999999999999,1.4898654048342361,12.608343845179489
-0.11449999999999994,1.4899156786647465,12.60681439419342
-0.11399999999999999,1.4899659507989373,12.605285236396425
-0.11349999999999993,1.4900162212369807,12.603756371711594
-0.11299999999999999,1.4900664899790481,12.60222780006201
-0.11249999999999993,1.4901167570253109,12.600699521370817
-0.11199999999999999,1.4901670223759413,12.59917153556113
-0.11149999999999993,1.4902172860311105,12.597643842556138
-0.11099999999999999,1.4902675479909901,12.596116442279023
-0.11049999999999993,1.4903178082557518,12.594589334652992
-0.10999999999999999,1.4903680668255666,12.59306251960131
-0.10949999999999993,1.4904183237006066,12.591535997047195
-0.10899999999999999,1.490468578881043,12.590009766913948
-0.10849999999999993,1.490518832367047,12.58848382912487
-0.10799999999999998,1.4905690841587902,12.586958183603294
-0.10749999999999993,1.490619334256444,12.585432830272554
-0.10699999999999998,1.4906695826601795,12.58390776905604
-0.10649999999999993,1.490719829370168,12.582382999877133
-0.10599999999999998,1.490770074386581,12.580858522659256
-0.10549999999999993,1.4908203177095896,12.579334337325866
-0.10499999999999998,1.4908705593393652,12.577810443800503
-0.10449999999999993,1.4909207992760785,12.576286842006802
-0.10399999999999998,1.490971037519901,12.574763531868388
-0.10350000000000004,1.4910212740710038,12.573240513308924
-0.10299999999999998,1.491071508929558,12.571717786252083
-0.10250000000000004,1.4911217420957346,12.570195350621574
-0.10199999999999998,1.4911719735697044,12.56867320634113
-0.10150000000000003,1.4912222033516391,12.567151353334479
-0.10099999999999998,1.491272431441709,12.565629791525408
-0.10050000000000003,1.4913226578400853,12.564108520837697
-0.09999999999999998,1.491372882546939,12.562587541195178
-0.09950000000000003,1.4914231055624407,12.561066852521684
-0.09899999999999998,1.4914733268867615,12.55954645474108
-0.09850000000000003,1.491523546520072,12.55802634777725
-0.09799999999999998,1.4915737644625435,12.55650653155408
-0.09750000000000003,1.4916239807143463,12.55498700599552
-0.09699999999999998,1.4916741952756514,12.553467771025508
-0.09650000000000003,1.4917244081466292,12.551948826568042
-0.09599999999999997,1.4917746193274508,12.550430172547081
-0.09550000000000003,1.4918248288182867,12.548911808886672
-0.09499999999999997,1.4918750366193074,12.547393735510843
-0.09450000000000003,1.4919252427306837,12.545875952343664
-0.09399999999999997,1.491975447152586,12.54435845930922
-0.09350000000000003,1.4920256498851847,12.542841256331617
-0.09299999999999997,1.492075850928651,12.541324343334985
-0.09250000000000003,1.4921260502831546,12.539807720243482
-0.09199999999999997,1.4921762479488663,12.538291386981275
-0.09150000000000003,1.4922264439259565,12.536775343472572
-0.09099999999999997,1.4922766382145956,12.535259589641601
-0.09050000000000002,1.4923268308149542,12.533744125412568
-0.08999999999999997,1.4923770217272023,12.532228950709776
-0.08950000000000002,1.4924272109515102,12.5307140654575
-0.08899999999999997,1.4924773984880486,12.529199469580039
-0.08850000000000002,1.4925275843369872,12.527685163001756
-0.08799999999999997,1.4925777684984967,12.526171145646977
-0.08750000000000002,1.4926279509727471,12.52465741744008
-0.08699999999999997,1.4926781317599085,12.523143978305484
-0.08650000000000002,1.4927283108601512,12.521630828167591
-0.08599999999999997,1.4927784882736452,12.52011796695086
-0.08550000000000002,1.4928286640005608,12.518605394579737
-0.08499999999999996,1.4928788380410678,12.517093110978731
-0.08450000000000002,1.4929290103953363,12.515581116072346
-0.08399999999999996,1.4929791810635362,12.514069409785119
-0.08350000000000002,1.4930293500458378,12.5125579920416
-0.08299999999999996,1.493079517342411,12.511046862766356
-0.08250000000000002,1.493129682953425,12.509536021884017
-0.08199999999999996,1.4931798468790507,12.508025469319188
-0.08150000000000002,1.4932300091194572,12.506515204996631
-0.08099999999999996,1.493280169674815,12.505005228841116
-0.08050000000000002,1.4933303285452932,12.503495540777486
-0.07999999999999996,1.493380485731062,12.501986140730553
-0.07950000000000002,1.493430641232291,12.500477028625186
-0.07899999999999996,1.4934807950491502,12.498968204386253
-0.07850000000000001,1.493530947181809,12.497459667938683
-0.07799999999999996,1.493581097630437,12.495951419207374
-0.07750000000000001,1.4936312463952037,12.494443458117301
-0.07699999999999996,1.4936813934762794,12.49293578459341
-0.07650000000000001,1.4937315388738328,12.491428398560709
-0.07599999999999996,1.4937816825880341,12.489921299944195
-0.07550000000000001,1.4938318246190527,12.488414488668907
-0.07499999999999996,1.4938819649670578,12.486907964659919
-0.07450000000000001,1.4939321036322188,12.48540172784231
-0.07399999999999995,1.4939822406147056,12.483895778141157
-0.07350000000000001,1.4940323759146874,12.482390115481609
-0.07299999999999995,1.4940825095323333,12.480884739788808
-0.07250000000000001,1.494132641467813,12.479379650987914
-0.07199999999999995,1.4941827717212957,12.477874849004118
-0.07150000000000001,1.4942329002929506,12.476370333762643
-0.07099999999999995,1.4942830271829473,12.474866105188708
-0.07050000000000001,1.4943331523914547,12.473362163207577
-0.06999999999999995,1.494383275918642,12.471858507744535
-0.0695,1.4944333977646784,12.470355138724866
-0.06899999999999995,1.4944835179297329,12.46885205607393
-0.0685,1.4945336364139752,12.467349259717018
-0.06799999999999995,1.4945837532175739,12.465846749579535
-0.0675,1.494633868340698,12.464344525586863
-0.06699999999999995,1.494683981783517,12.46284258766439
-0.0665,1.494734093546199,12.46134093573759
-0.06599999999999995,1.494784203628914,12.459839569731875
-0.0655,1.4948343120318306,12.458338489572748
-0.06499999999999995,1.4948844187551178,12.456837695185682
-0.0645,1.494934523798944,12.455337186496228
-0.06399999999999995,1.4949846271634786,12.45383696342991
-0.0635,1.49503472884889,12.452337025912302
-0.06299999999999994,1.4950848288553475,12.450837373868977
-0.0625,1.4951349271830197,12.449338007225553
-0.061999999999999944,1.495185023832075,12.447838925907662
-0.0615,1.4952351188026827,12.446340129840939
-0.06099999999999994,1.4952852120950109,12.444841618951074
-0.0605,1.4953353037092285,12.443343393163767
-0.05999999999999994,1.4953853936455044,12.441845452404719
-0.0595,1.495435481904007,12.44034779659967
-0.05899999999999994,1.4954855684849049,12.438850425674389
-0.058499999999999996,1.4955356533883666,12.437353339554669
-0.05799999999999994,1.4955857366145606,12.4358565381664
-0.057499999999999996,1.4956358181636555,12.434360021435534
-0.05699999999999994,1.4956858980358199,12.43286378928803
-0.056499999999999995,1.495735976231222,12.431367841649905
-0.05599999999999994,1.4957860527500302,12.429872178447162
-0.055499999999999994,1.4958361275924128,12.428376799605847
-0.05499999999999994,1.4958862007585385,12.426881705052
-0.05449999999999999,1.4959362722485754,12.425386894711705
-0.05399999999999994,1.495986342062692,12.423892368511074
-0.05349999999999999,1.4960364102010564,12.422398126376235
-0.052999999999999936,1.4960864766638367,12.420904168233323
-0.05249999999999999,1.4961365414512011,12.41941049400852
-0.051999999999999935,1.4961866045633183,12.417917103627985
-0.05149999999999999,1.4962366660003559,12.416423997017967
-0.050999999999999934,1.4962867257624823,12.41493117410467
-0.05049999999999999,1.4963367838498658,12.413438634814346
-0.04999999999999993,1.4963868402626739,12.411946379073294
-0.04949999999999999,1.4964368950010751,12.410454406807789
-0.04899999999999993,1.4964869480652372,12.40896271794417
-0.04849999999999999,1.4965369994553284,12.407471312408761
-0.04799999999999993,1.4965870491715165,12.405980190127927
-0.04749999999999999,1.4966370972139693,12.404489351028074
-0.04699999999999993,1.496687143582855,12.402998795035575
-0.046499999999999986,1.4967371882783413,12.40150852207687
-0.04599999999999993,1.4967872313005963,12.400018532078406
-0.045499999999999985,1.4968372726497874,12.398528824966666
-0.04499999999999993,1.4968873123260829,12.397039400668122
-0.044499999999999984,1.49693735032965,12.395550259109307
-0.04399999999999993,1.4969873866606567,12.394061400216739
-0.04349999999999998,1.4970374213192708,12.392572823916986
-0.04299999999999993,1.4970874543056598,12.391084530136629
-0.04249999999999998,1.4971374856199917,12.389596518802243
-0.041999999999999926,1.4971875152624337,12.38810878984049
-0.04149999999999998,1.4972375432331535,12.386621343177977
-0.040999999999999925,1.497287569532319,12.385134178741382
-0.04049999999999998,1.4973375941600973,12.383647296457395
-0.040000000000000036,1.4973876171166562,12.3821606962527
-0.03949999999999998,1.497437638402163,12.380674378054069
-0.039000000000000035,1.4974876580167853,12.379188341788206
-0.03849999999999998,1.4975376759606904,12.377702587381913
-0.038000000000000034,1.4975876922340459,12.37621711476198
-0.03749999999999998,1.497637706837019,12.374731923855213
-0.03700000000000003,1.497687719769777,12.373247014588445
-0.03649999999999998,1.4977377310324875,12.37176238688854
-0.03600000000000003,1.4977877406253175,12.370278040682383
-0.035499999999999976,1.4978377485484342,12.36879397589688
-0.03500000000000003,1.4978877548020053,12.367310192458925
-0.034499999999999975,1.4979377593861976,12.365826690295568
-0.03400000000000003,1.4979877623011781,12.364343469333898
-0.033499999999999974,1.4980377635471145,12.362860529501003
-0.03300000000000003,1.4980877631241736,12.361377870724018
-0.03249999999999997,1.4981377610325224,12.359895492930105
-0.03200000000000003,1.4981877572723283,12.358413396046416
-0.03149999999999997,1.4982377518437582,12.356931580000158
-0.031000000000000028,1.4982877447469787,12.355450044718554
-0.03049999999999997,1.4983377359821572,12.353968790128821
-0.030000000000000027,1.4983877255494609,12.352487816158227
-0.02949999999999997,1.4984377134490563,12.351007122734039
-0.029000000000000026,1.4984876996811103,12.349526709783568
-0.02849999999999997,1.4985376842457898,12.348046577234134
-0.028000000000000025,1.498587667143262,12.346566725013068
-0.02749999999999997,1.4986376483736934,12.345087153047754
-0.027000000000000024,1.4986876279372507,12.34360786126556
-0.026499999999999968,1.4987376058341009,12.34212884959389
-0.026000000000000023,1.4987875820644105,12.340650117960186
-0.025499999999999967,1.4988375566283463,12.339171666291891
-0.025000000000000022,1.498887529526075,12.337693494516468
-0.024499999999999966,1.4989375007577634,12.336215602561417
-0.02400000000000002,1.4989874703235782,12.334737990354228
-0.023499999999999965,1.4990374382236853,12.333260657822475
-0.02300000000000002,1.4990874044582518,12.331783604893685
-0.022499999999999964,1.4991373690274443,12.330306831495433
-0.02200000000000002,1.4991873319314293,12.328830337555317
-0.021499999999999964,1.499237293170373,12.327354123000955
-0.02100000000000002,1.499287252744442,12.32587818776001
-0.020499999999999963,1.4993372106538028,12.32440253176011
-0.020000000000000018,1.4993871668986216,12.322927154928959
-0.019499999999999962,1.4994371214790652,12.321452057194241
-0.019000000000000017,1.4994870743952995,12.319977238483693
-0.01849999999999996,1.499537025647491,12.31850269872506
-0.018000000000000016,1.4995869752358058,12.31702843784611
-0.01749999999999996,1.4996369231604103,12.315554455774626
-0.017000000000000015,1.499686869421471,12.314080752438407
-0.01649999999999996,1.4997368140191536,12.312607327765301
-0.016000000000000014,1.4997867569536247,12.31113418168314
-0.015499999999999958,1.4998366982250502,12.309661314119815
-0.015000000000000013,1.4998866378335964,12.308188725003207
-0.014499999999999957,1.499936575779429,12.306716414261246
-0.014000000000000012,1.4999865120627147,12.305244381821822
-0.013499999999999956,1.5000364466836191,12.303772627612945
-0.013000000000000012,1.5000863796423083,12.302301151562569
-0.012499999999999956,1.5001363109389483,12.300829953598685
-0.01200000000000001,1.500186240573705,12.29935903364933
-0.011499999999999955,1.5002361685467445,12.297888391642532
-0.01100000000000001,1.5002860948582324,12.29641802750642
-0.010499999999999954,1.5003360195083348,12.294947941169184
-0.010000000000000009,1.5003859424972177,12.293478132559049
-0.009499999999999953,1.5004358638250466,12.292008601604257
-0.009000000000000008,1.5004857834919871,12.290539348233073
-0.008499999999999952,1.5005357014982057,12.28907037237379
-0.008000000000000007,1.5005856178438675,12.287601673954711
-0.007499999999999951,1.5006355325291385,12.286133252904158
-0.007000000000000006,1.5006854455541843,12.284665109150483
-0.00649999999999995,1.5007353569191704,12.283197242622068
-0.006000000000000005,1.5007852666242627,12.28172965324728
-0.005499999999999949,1.5008351746696267,12.28026234095454
-0.0050000000000000044,1.500885081055428,12.278795305672288
-0.0044999999999999485,1.500934985781832,12.277328547328969
-0.0040000000000000036,1.500984888849004,12.275862065853062
-0.0034999999999999476,1.5010347902571102,12.274395861173053
-0.0030000000000000027,1.5010846900063155,12.272929933217474
-0.0024999999999999467,1.5011345880967855,12.27146428191484
-0.0020000000000000018,1.5011844845286855,12.269998907193733
-0.0014999999999999458,1.501234379302181,12.26853380898271
-0.0010000000000000009,1.5012842724174371,12.267068987210381
-0.0004999999999999449,1.5013341638746196,12.265604441805365
0.0,1.5013840536738934,12.264140172696292
0.0004999999999999449,1.5014339418154241,12.262676179811836
0.001000000000000112,1.5014838282993765,12.261212463080675
0.0015000000000000568,1.501533713125916,12.25974902243152
0.0020000000000000018,1.501583596295208,12.258285857793089
0.0024999999999999467,1.5016334778074174,12.256822969094118
0.0030000000000001137,1.5016833576627096,12.255360356263374
0.0035000000000000586,1.5017332358612494,12.253898019229656
0.0040000000000000036,1.501783112403202,12.252435957921758
0.0044999999999999485,1.5018329872887322,12.25097417226853
0.0050000000000001155,1.5018828605180055,12.249512662198793
0.00550000000000006,1.5019327320911868,12.24805142764142
0.006000000000000005,1.5019826020084408,12.246590468525312
0.00649999999999995,1.5020324702699324,12.245129784779385
0.007000000000000117,1.502082336875827,12.243669376332553
0.007500000000000062,1.5021322018262886,12.242209243113793
0.008000000000000007,1.502182065121483,12.240749385052046
0.008499999999999952,1.5022319267615747,12.239289802076328
0.009000000000000119,1.5022817867467284,12.237830494115641
0.009500000000000064,1.502331645077109,12.236371461099026
0.010000000000000009,1.5023815017528808,12.234912702955551
0.010499999999999954,1.5024313567742091,12.233454219614272
0.01100000000000012,1.5024812101412583,12.231996011004293
0.011500000000000066,1.5025310618541934,12.230538077054728
0.01200000000000001,1.5025809119131786,12.229080417694723
0.012499999999999956,1.5026307603183786,12.227623032853467
0.013000000000000123,1.502680607069958,12.226165922460247
0.013500000000000068,1.5027304521680818,12.224709086444372
0.014000000000000012,1.502780295612914,12.223252524735187
0.014499999999999957,1.5028301374046191,12.221796237262053
0.015000000000000124,1.502879977543362,12.220340223954354
0.01550000000000007,1.5029298160293065,12.218884484741473
0.016000000000000014,1.5029796528626176,12.217429019552847
0.01649999999999996,1.5030294880434596,12.215973828317908
0.017000000000000126,1.5030793215719966,12.21451891096612
0.01750000000000007,1.5031291534483933,12.21306426742696
0.018000000000000016,1.5031789836728133,12.211609897629955
0.01849999999999996,1.5032288122454218,12.210155801504596
0.019000000000000128,1.5032786391663826,12.20870197898044
0.019500000000000073,1.50332846443586,12.20724842998705
0.020000000000000018,1.503378288054018,12.205795154454012
0.020499999999999963,1.503428110021021,12.204342152310943
0.02100000000000013,1.5034779303370331,12.202889423487443
0.021500000000000075,1.5035277490022185,12.201436967913171
0.02200000000000002,1.5035775660167412,12.199984785517795
0.022499999999999964,1.5036273813807652,12.198532876231008
0.02300000000000013,1.5036771950944547,12.197081239982497
0.023500000000000076,1.5037270071579734,12.195629876702021
0.02400000000000002,1.5037768175714858,12.194178786319288
0.024499999999999966,1.5038266263351554,12.192727968764107
0.02499999999999991,1.5038764334491463,12.191277423966248
0.025500000000000078,1.5039262389136223,12.189827151855514
0.026000000000000023,1.5039760427287474,12.18837715236175
0.026499999999999968,1.5040258448946855,12.186927425414796
0.026999999999999913,1.5040756454116004,12.185477970944522
0.02750000000000008,1.5041254442796557,12.184028788880825
0.028000000000000025,1.5041752414990153,12.18257987915361
0.02849999999999997,1.5042250370698431,12.181131241692817
0.028999999999999915,1.5042748309923024,12.17968287642839
0.02950000000000008,1.5043246232665572,12.178234783290321
0.030000000000000027,1.5043744138927713,12.17678696220857
0.03049999999999997,1.504424202871108,12.175339413113175
0.030999999999999917,1.5044739902017308,12.173892135934157
0.031500000000000083,1.5045237758848036,12.172445130601579
0.03200000000000003,1.5045735599204901,12.17099839704551
0.03249999999999997,1.5046233423089534,12.169551935196045
0.03299999999999992,1.5046731230503572,12.168105744983306
0.033500000000000085,1.504722902144865,12.166659826337412
0.03400000000000003,1.5047726795926402,12.165214179188531
0.034499999999999975,1.504822455393846,12.163768803466834
0.03499999999999992,1.504872229548646,12.162323699102528
0.03550000000000009,1.5049220020572038,12.160878866025808
0.03600000000000003,1.5049717729196823,12.15943430416694
0.03649999999999998,1.5050215421362452,12.157990013456251
0.03699999999999992,1.5050713097070554,12.156545993824144
0.03750000000000009,1.5051210756322762,12.155102245201038
0.038000000000000034,1.5051708399120711,12.153658767517346
0.03849999999999998,1.5052206025466033,12.152215560703528
0.038999999999999924,1.5052703635360356,12.150772624690074
0.03950000000000009,1.5053201228805315,12.14932995940745
0.040000000000000036,1.5053698805802538,12.147887564786203
0.04049999999999998,1.5054196366353658,12.14644544075684
0.040999999999999925,1.5054693910460306,12.145003587249928
0.04150000000000009,1.5055191438124114,12.14356200419602
0.04200000000000004,1.5055688949346706,12.142120691525738
0.04249999999999998,1.5056186444129718,12.140679649169687
0.04299999999999993,1.5056683922474776,12.139238877058498
0.043500000000000094,1.5057181384383511,12.137798375122825
0.04400000000000004,1.5057678829857553,12.136358143293347
0.044499999999999984,1.5058176258898528,12.134918181500762
0.04499999999999993,1.5058673671508065,12.133478489675777
0.045500000000000096,1.5059171067687793,12.132039067749128
0.04600000000000004,1.5059668447439343,12.130599915651562
0.046499999999999986,1.5060165810764337,12.129161033313876
0.04699999999999993,1.5060663157664405,12.127722420666851
0.0475000000000001,1.5061160488141174,12.126284077641312
0.04800000000000004,1.506165780219627,12.124846004168079
0.04849999999999999,1.5062155099831325,12.12340820017801
0.04899999999999993,1.5062652381047958,12.121970665601985
0.0495000000000001,1.50631496458478,12.120533400370912
0.050000000000000044,1.5063646894232474,12.119096404415675
0.05049999999999999,1.5064144126203605,12.117659677667246
0.050999999999999934,1.506464134176282,12.116223220056552
0.0515000000000001,1.5065138540911744,12.114787031514592
0.052000000000000046,1.5065635723652002,12.113351111972337
0.05249999999999999,1.5066132889985218,12.11191546136082
0.052999999999999936,1.5066630039913016,12.110480079611067
0.0535000000000001,1.5067127173437018,12.109044966654146
0.05400000000000005,1.5067624290558852,12.107610122421114
0.05449999999999999,1.5068121391280138,12.106175546843074
0.05499999999999994,1.5068618475602502,12.104741239851137
0.055500000000000105,1.5069115543527565,12.103307201376447
0.05600000000000005,1.5069612595056945,12.101873431350176
0.056499999999999995,1.5070109630192272,12.100439929703462
0.05699999999999994,1.5070606648935165,12.099006696367521
0.05750000000000011,1.5071103651287248,12.097573731273545
0.05800000000000005,1.5071600637250138,12.096141034352806
0.058499999999999996,1.5072097606825459,12.094708605536534
0.05899999999999994,1.507259456001483,12.093276444756018
0.05950000000000011,1.5073091496819873,12.09184455194254
0.06000000000000005,1.507358841724221,12.090412927027474
0.0605,1.507408532128346,12.08898156994225
0.06099999999999994,1.5074582208945242,12.087550480618342
0.06150000000000011,1.5075079080229175,12.08611965898725
0.062000000000000055,1.5075575935136882,12.08468910498045
0.0625,1.507607277366998,12.083258818529496
0.06299999999999994,1.5076569595830085,12.081828799565935
0.06350000000000011,1.5077066401618822,12.080399048021327
0.06400000000000006,1.5077563191037804,12.078969563827249
0.0645,1.5078059964088648,12.077540346915349
0.06499999999999995,1.5078556720772978,12.076111397217193
0.06550000000000011,1.5079053461092407,12.074682714664457
0.06600000000000006,1.5079550185048551,12.073254299188815
0.0665,1.5080046892643033,12.071826150721934
0.06699999999999995,1.5080543583877462,12.07039826919554
0.06750000000000012,1.508104025875346,12.06897065454134
0.06800000000000006,1.5081536917272642,12.067543306691082
0.0685,1.5082033559436623,12.066116225576538
0.06899999999999995,1.508253018524702,12.064689411129478
0.06950000000000012,1.5083026794705445,12.063262863281732
0.07000000000000006,1.5083523387813518,12.061836581965096
0.07050000000000001,1.508401996457285,12.060410567111424
0.07099999999999995,1.5084516524985057,12.058984818652588
0.07150000000000012,1.5085013069051754,12.057559336520441
0.07200000000000006,1.5085509596774553,12.056134120646924
0.07250000000000001,1.508600610815507,12.054709170963937
0.07299999999999995,1.5086502603194918,12.053284487403415
0.07350000000000012,1.508699908189571,12.051860069897339
0.07400000000000007,1.5087495544259057,12.05043591837768
0.07450000000000001,1.5087991990286576,12.049012032776433
0.07499999999999996,1.5088488419979875,12.047588413025627
0.07550000000000012,1.5088984833340569,12.046165059057302
0.07600000000000007,1.508948123037027,12.04474197080351
0.07650000000000001,1.5089977611070589,12.043319148196328
0.07699999999999996,1.5090473975443137,12.041896591167857
0.07750000000000012,1.5090970323489525,12.040474299650231
0.07800000000000007,1.5091466655211363,12.039052273575582
0.07850000000000001,1.5091962970610264,12.037630512876042
0.07899999999999996,1.509245926968784,12.036209017483811
0.07950000000000013,1.5092955552445695,12.034787787331078
0.08000000000000007,1.5093451818885442,12.033366822350075
0.08050000000000002,1.509394806900869,12.031946122473016
0.08099999999999996,1.5094444302817052,12.030525687632162
0.08150000000000013,1.509494052031213,12.029105517759799
0.08200000000000007,1.509543672149554,12.0276856127882
0.08250000000000002,1.5095932906368887,12.0262659726497
0.08299999999999996,1.5096429074933777,12.024846597276625
0.08350000000000013,1.5096925227191822,12.023427486601335
0.08400000000000007,1.5097421363144627,12.022008640556297
0.08450000000000002,1.5097917482793801,12.02059005907401
0.08499999999999996,1.5098413586140953,12.01917174208699
0.08550000000000013,1.5098909673187684,12.017753689527801
0.08600000000000008,1.5099405743935606,12.016335901328988
0.08650000000000002,1.5099901798386322,12.014918377423141
0.08699999999999997,1.5100397836541442,12.01350111774285
0.08750000000000013,1.5100893858402569,12.012084122220742
0.08800000000000008,1.5101389863971308,12.010667390789461
0.08850000000000002,1.5101885853249266,12.009250923381659
0.08899999999999997,1.5102381826238045,12.007834719930027
0.08949999999999991,1.5102877782939255,12.00641878036725
0.09000000000000008,1.5103373723354498,12.005003104626047
0.09050000000000002,1.5103869647485377,12.003587692639154
0.09099999999999997,1.5104365555333499,12.002172544339336
0.09149999999999991,1.5104861446900462,12.000757659659373
0.09200000000000008,1.5105357322187876,11.999343038532041
0.09250000000000003,1.5105853181197342,11.997928680890155
0.09299999999999997,1.510634902393046,11.996514586666562
0.09349999999999992,1.5106844850388836,11.995100755794123
0.09400000000000008,1.5107340660574073,11.993687188205676
0.09450000000000003,1.510783645448777,11.992273883834152
0.09499999999999997,1.5108332232131532,11.990860842612436
0.09549999999999992,1.510882799350696,11.989448064473455
0.09600000000000009,1.5109323738615652,11.988035549350183
0.09650000000000003,1.5109819467459213,11.986623297175573
0.09699999999999998,1.511031518003924,11.985211307882624
0.09749999999999992,1.511081087635734,11.983799581404321
0.09800000000000009,1.5111306556415107,11.98238811767371
0.09850000000000003,1.5111802220214146,11.98097691662382
0.09899999999999998,1.5112297867756053,11.979565978187743
0.09949999999999992,1.5112793499042425,11.978155302298553
0.10000000000000009,1.511328911407487,11.976744888889325
0.10050000000000003,1.511378471285498,11.975334737893224
0.10099999999999998,1.5114280295384357,11.97392484924337
0.10149999999999992,1.51147758616646,11.972515222872914
0.10200000000000009,1.5115271411697302,11.97110585871507
0.10250000000000004,1.5115766945484066,11.969696756703017
0.10299999999999998,1.5116262463026489,11.968287916769969
0.10349999999999993,1.5116757964326166,11.966879338849173
0.10400000000000009,1.5117253449384698,11.965471022873889
0.10450000000000004,1.511774891820368,11.964062968777382
0.10499999999999998,1.5118244370784704,11.962655176492968
0.10549999999999993,1.5118739807129373,11.961247645953943
0.1060000000000001,1.5119235227239283,11.959840377093643
0.10650000000000004,1.5119730631116026,11.958433369845425
0.10699999999999998,1.51202260187612,11.957026624142665
0.10749999999999993,1.51207213901764,11.9556201399188
0.1080000000000001,1.512121674536322,11.954213917107326
0.10850000000000004,1.5121712084323258,11.952807955641802
0.10899999999999999,1.5122207407058104,11.951402255455776
0.10949999999999993,1.5122702713569354,11.949996816482837
0.1100000000000001,1.5123198003858604,11.94859163865657
0.11050000000000004,1.5123693277927446,11.947186721910603
0.11099999999999999,1.5124188535777472,11.94578206617856
0.11149999999999993,1.512468377741028,11.944377671394102
0.1120000000000001,1.5125179002827458,11.942973537490904
0.11250000000000004,1.5125674212030602,11.941569664402653
0.11299999999999999,1.5126169405021301,11.940166052063079
0.11349999999999993,1.5126664581801152,11.938762700405896
0.1140000000000001,1.5127159742371745,11.937359609364842
0.11450000000000005,1.512765488673467,11.935956778873708
0.11499999999999999,1.512815001489152,11.93455420886627
0.11549999999999994,1.5128645126843885,11.933151899276345
0.1160000000000001,1.5129140222593356,11.931749850037749
0.11650000000000005,1.5129635302141526,11.930348061084329
0.11699999999999999,1.5130130365489984,11.928946532349949
0.11749999999999994,1.513062541264032,11.927545263768495
0.1180000000000001,1.5131120443594122,11.926144255273872
0.11850000000000005,1.513161545835298,11.924743506799993
0.119,1.5132110456918486,11.923343018280807
0.11949999999999994,1.513260543929223,11.921942789650249
0.1200000000000001,1.5133100405475797,11.920542820842327
0.12050000000000005,1.5133595355470777,11.91914311179102
0.121,1.5134090289278759,11.917743662430347
0.12149999999999994,1.513458520690133,11.916344472694341
0.12200000000000011,1.5135080108340078,11.914945542517062
0.12250000000000005,1.513557499359659,11.913546871832573
0.123,1.5136069862672457,11.912148460574967
0.12349999999999994,1.513656471556926,11.910750308678374
0.12400000000000011,1.5137059552288592,11.909352416076882
0.12450000000000006,1.5137554372832034,11.907954782704676
0.125,1.5138049177201174,11.906557408495908
0.12549999999999994,1.51385439653976,11.905160293384762
0.1260000000000001,1.5139038737422896,11.903763437305445
0.12650000000000006,1.513953349327865,11.902366840192178
0.127,1.514002823296644,11.900970501979216
0.12749999999999995,1.5140522956487859,11.899574422600798
0.1280000000000001,1.514101766384449,11.898178601991214
0.12850000000000006,1.5141512355037914,11.896783040084772
0.129,1.5142007030069717,11.89538773681578
0.12949999999999995,1.514250168894148,11.893992692118585
0.13000000000000012,1.5142996331654794,11.89259790592752
0.13050000000000006,1.5143490958211239,11.891203378176971
0.131,1.5143985568612395,11.889809108801348
0.13149999999999995,1.5144480162859848,11.888415097735106
0.13200000000000012,1.514497474095518,11.887021344912798
0.13250000000000006,1.514546930289997,11.885627850268987
0.133,1.5145963848695805,11.884234613738242
0.13349999999999995,1.5146458378344265,11.88284163525515
0.13400000000000012,1.5146952891846932,11.881448914754328
0.13450000000000006,1.5147447389205388,11.880056452170411
0.135,1.5147941870421209,11.878664247438076
0.13549999999999995,1.5148436335495983,11.87727230049195
0.13600000000000012,1.5148930784431287,11.875880611266739
0.13650000000000007,1.51494252172287,11.874489179697152
0.137,1.5149919633889806,11.873098005717914
0.13749999999999996,1.515041403441618,11.87170708926378
0.13800000000000012,1.5150908418809403,11.870316430269504
0.13850000000000007,1.5151402787071058,11.868926028669854
0.139,1.5151897139202721,11.867535884399643
0.13949999999999996,1.5152391475205969,11.866145997393698
0.14000000000000012,1.5152885795082385,11.86475636758684
0.14050000000000007,1.515338009883354,11.863366994913957
0.14100000000000001,1.515387438646102,11.861977879309892
0.14149999999999996,1.51543686579664,11.860589020709542
0.14200000000000013,1.5154862913351255,11.859200419047834
0.14250000000000007,1.5155357152617164,11.857812074259693
0.14300000000000002,1.51558513757657,11.85642398628007
0.14349999999999996,1.515634558279845,11.855036155043923
0.14400000000000013,1.5156839773716981,11.853648580486245
0.14450000000000007,1.5157333948522873,11.85226126254205
0.14500000000000002,1.51578281072177,11.85087420114636
0.14549999999999996,1.515832224980304,11.849487396234199
0.14600000000000013,1.5158816376280464,11.848100847740657
0.14650000000000007,1.5159310486651552,11.846714555600794
0.14700000000000002,1.5159804580917877,11.845328519749707
0.14749999999999996,1.5160298659081015,11.843942740122518
0.14800000000000013,1.516079272114254,11.842557216654363
0.14850000000000008,1.5161286767104023,11.841171949280396
0.14900000000000002,1.516178079696704,11.8397869379358
0.14949999999999997,1.5162274810733163,11.838402182555749
0.15000000000000013,1.516276880840397,11.837017683075459
0.15050000000000008,1.5163262789981031,11.835633439430154
0.15100000000000002,1.5163756755465918,11.834249451555083
0.15149999999999997,1.5164250704860203,11.832865719385525
0.15200000000000014,1.5164744638165462,11.831482242856744
0.15250000000000008,1.5165238555383265,11.830099021904042
0.15300000000000002,1.5165732456515182,11.828716056462756
0.15349999999999997,1.5166226341562787,11.827333346468208
0.15399999999999991,1.5166720210527649,11.825950891855783
0.15450000000000008,1.5167214063411343,11.824568692560817
0.15500000000000003,1.5167707900215437,11.82318674851874
0.15549999999999997,1.51682017209415,11.82180505966505
0.15599999999999992,1.5168695525591107,11.820423625935286
0.15650000000000008,1.5169189314165825,11.819042447264989
0.15700000000000003,1.516968308666722,11.817661523589768
0.15749999999999997,1.517017684309687,11.816280854845184
0.15799999999999992,1.5170670583456336,11.814900440966854
0.15850000000000009,1.5171164307747194,11.81352028189041
0.15900000000000003,1.5171658015971008,11.81214037755151
0.15949999999999998,1.5172151708129347,11.81076072788581
0.15999999999999992,1.5172645384223782,11.809381332829
0.1605000000000001,1.5173139044255877,11.808002192316787
0.16100000000000003,1.5173632688227203,11.806623306284875
0.16149999999999998,1.5174126316139327,11.805244674669023
0.16199999999999992,1.5174619927993813,11.80386629740498
0.1625000000000001,1.5175113523792232,11.802488174428534
0.16300000000000003,1.517560710353615,11.801110305675454
0.16349999999999998,1.5176100667227133,11.799732691081585
0.16399999999999992,1.5176594214866745,11.798355330582732
0.1645000000000001,1.5177087746456555,11.796978224114763
0.16500000000000004,1.5177581261998125,11.795601371613545
0.16549999999999998,1.5178074761493026,11.794224773014948
0.16599999999999993,1.5178568244942818,11.792848428254887
0.1665000000000001,1.5179061712349071,11.791472337269285
0.16700000000000004,1.5179555163713343,11.79009649999409
0.16749999999999998,1.5180048599037204,11.788720916365246
0.16799999999999993,1.5180542018322214,11.787345586318752
0.1685000000000001,1.5181035421569942,11.785970509790578
0.16900000000000004,1.5181528808781948,11.784595686716761
0.16949999999999998,1.5182022179959795,11.783221117033317
0.16999999999999993,1.5182515535105048,11.781846800676309
0.1705000000000001,1.5183008874219266,11.780472737581807
0.17100000000000004,1.518350219730402,11.77909892768588
0.17149999999999999,1.5183995504360863,11.777725370924648
0.17199999999999993,1.5184488795391364,11.776352067234228
0.1725000000000001,1.5184982070397082,11.774979016550763
0.17300000000000004,1.5185475329379576,11.773606218810425
0.1735,1.5185968572340411,11.772233673949385
0.17399999999999993,1.5186461799281148,11.770861381903828
0.1745000000000001,1.518695501020335,11.769489342609967
0.17500000000000004,1.5187448205108571,11.76811755600405
0.1755,1.5187941383998376,11.76674602202233
0.17599999999999993,1.518843454687432,11.765374740601073
0.1765000000000001,1.5188927693737972,11.764003711676546
0.17700000000000005,1.5189420824590887,11.762632935185069
0.1775,1.5189913939434623,11.76126241106297
0.17799999999999994,1.519040703827074,11.75989213924658
0.1785000000000001,1.5190900121100794,11.758522119672273
0.17900000000000005,1.5191393187926348,11.75715235227644
0.1795,1.519188623874896,11.755782836995571
0.17999999999999994,1.5192379273570185,11.75441357376619
0.1805000000000001,1.5192872292391584,11.753044562524831
0.18100000000000005,1.5193365295214714,11.751675803208034
0.1815,1.5193858282041128,11.750307295752398
0.18199999999999994,1.519435125287239,11.748939040094507
0.1825000000000001,1.519484420771005,11.747571036170964
0.18300000000000005,1.519533714655567,11.746203283918396
0.1835,1.5195830069410805,11.744835783273446
0.18399999999999994,1.5196322976277008,11.743468534172782
0.1845000000000001,1.5196815867155837,11.74210153655309
0.18500000000000005,1.519730874204885,11.74073479035106
0.1855,1.51978016009576,11.739368295503407
0.18599999999999994,1.519829444388364,11.738002051946873
0.1865000000000001,1.5198787270828527,11.736636059618217
0.18700000000000006,1.5199280081793813,11.735270318454202
0.1875,1.5199772876781057,11.733904828391614
0.18799999999999994,1.5200265655791811,11.732539589367255
0.1885000000000001,1.5200758418827627,11.73117460131797
0.18900000000000006,1.5201251165890062,11.729809864180586
0.1895,1.5201743896980664,11.72844537789198
0.18999999999999995,1.520223661210099,11.727081142389014
0.1905000000000001,1.5202729311252594,11.725717157608578
0.19100000000000006,1.5203221994437026,11.724353423487601
0.1915,1.5203714661655838,11.722989939963023
0.19199999999999995,1.520420731291058,11.721626706971792
0.19250000000000012,1.520469994820281,11.72026372445086
0.19300000000000006,1.5205192567534076,11.71890099233721
0.1935,1.5205685170905927,11.71753851056787
0.19399999999999995,1.5206177758319919,11.716176279079848
0.19450000000000012,1.5206670329777598,11.714814297810186
0.19500000000000006,1.5207162885280516,11.713452566695954
0.1955,1.5207655424830226,11.712091085674201
0.19599999999999995,1.5208147948428274,11.710729854682045
0.19650000000000012,1.5208640456076215,11.709368873656581
0.19700000000000006,1.5209132947775592,11.708008142534952
0.1975,1.5209625423527957,11.7066476612543
0.19799999999999995,1.521011788333486,11.705287429751792
0.19850000000000012,1.5210610327197849,11.703927447964597
0.19900000000000007,1.5211102755118473,11.70256771582993
0.1995,1.521159516709828,11.701208233285016
0.19999999999999996,1.5212087563138816,11.699849000267072
0.20050000000000012,1.5212579943241633,11.698490016713363
0.20100000000000007,1.5213072307408277,11.697131282561154
0.2015,1.5213564655640293,11.695772797747743
0.20199999999999996,1.5214056987939228,11.69441456221044
0.20250000000000012,1.5214549304306633,11.693056575886553
0.20300000000000007,1.5215041604744048,11.691698838713492
0.20350000000000001,1.5215533889253026,11.690341350628671
0.20399999999999996,1.5216026157835107,11.688984111569606
0.20450000000000013,1.5216518410491842,11.687627121473783
0.20500000000000007,1.5217010647224773,11.68627038027871
0.20550000000000002,1.5217502868035448,11.684913887921939
0.20599999999999996,1.5217995072925408,11.683557644341018
0.20650000000000013,1.52184872618962,11.68220164947352
0.20700000000000007,1.5218979434949371,11.680845903257019
0.20750000000000002,1.5219471592086462,11.679490405629139
0.20799999999999996,1.5219963733309019,11.678135156527487
0.20850000000000013,1.5220455858618582,11.676780155889716
0.20900000000000007,1.5220947968016698,11.675425403653488
0.20950000000000002,1.5221440061504912,11.674070899756467
0.20999999999999996,1.5221932139084762,11.67271664413635
0.21050000000000013,1.5222424200757794,11.671362636730857
0.21100000000000008,1.5222916246525549,11.670008877477715
0.21150000000000002,1.5223408276389567,11.66865536631467
0.21199999999999997,1.5223900290351398,11.667302103179473
0.21250000000000013,1.5224392288412576,11.665949088009935
0.21300000000000008,1.5224884270574646,11.664596320743836
0.21350000000000002,1.5225376236839148,11.663243801318997
0.21399999999999997,1.522586818720762,11.661891529673253
0.21450000000000014,1.522636012168161,11.660539505744461
0.21500000000000008,1.5226852040262655,11.659187729470483
0.21550000000000002,1.5227343942952296,11.657836200789216
0.21599999999999997,1.522783582975207,11.656484919638563
0.21649999999999991,1.5228327700663518,11.655133885956454
0.21700000000000008,1.522881955568818,11.653783099680815
0.21750000000000003,1.5229311394827598,11.652432560749604
0.21799999999999997,1.5229803218083307,11.65108226910082
0.21849999999999992,1.5230295025456848,11.64973222467243
0.21900000000000008,1.523078681694976,11.64838242740246
0.21950000000000003,1.5231278592563577,11.64703287722894
0.21999999999999997,1.523177035229984,11.645683574089915
0.22049999999999992,1.523226209616009,11.644334517923427
0.22100000000000009,1.5232753824145862,11.642985708667577
0.22150000000000003,1.523324553625869,11.64163714626047
0.22199999999999998,1.5233737232500113,11.640288830640229
0.22249999999999992,1.523422891287167,11.638940761744953
0.2230000000000001,1.5234720577374896,11.63759293951282
0.22350000000000003,1.5235212226011328,11.636245363881992
0.22399999999999998,1.52357038587825,11.634898034790652
0.22449999999999992,1.523619547568995,11.633550952177009
0.2250000000000001,1.5236687076735214,11.63220411597928
0.22550000000000003,1.5237178661919824,11.630857526135708
0.22599999999999998,1.523767023124532,11.629511182584539
0.22649999999999992,1.5238161784713231,11.628165085264062
0.2270000000000001,1.5238653322325095,11.626819234112592
0.22750000000000004,1.5239144844082446,11.625473629068548
0.22799999999999998,1.5239636349986818,11.624128270070345
0.22849999999999993,1.5240127840039743,11.622783157056428
0.2290000000000001,1.5240619314242758,11.621438289965264
0.22950000000000004,1.5241110772597395,11.620093668735333
0.22999999999999998,1.5241602215105188,11.618749293305116
0.23049999999999993,1.5242093641767664,11.617405163613165
0.2310000000000001,1.5242585052586362,11.61606127959798
0.23150000000000004,1.5243076447562813,11.614717641198109
0.23199999999999998,1.5243567826698547,11.613374248352141
0.23249999999999993,1.52440591899951,11.612031100998637
0.2330000000000001,1.5244550537453998,11.610688199076224
0.23350000000000004,1.5245041869076776,11.609345542523492
0.23399999999999999,1.5245533184864963,11.60800313127911
0.23449999999999993,1.5246024484820093,11.606660965281693
0.2350000000000001,1.5246515768943696,11.605319044469931
0.23550000000000004,1.52470070372373,11.603977368782516
0.236,1.5247498289702432,11.60263593815816
0.23649999999999993,1.524798952634063,11.601294752535562
0.2370000000000001,1.5248480747153421,11.599953811853478
0.23750000000000004,1.524897195214233,11.59861311605066
0.238,1.524946314130889,11.597272665065892
0.23849999999999993,1.5249954314654628,11.595932458837952
0.2390000000000001,1.5250445472181076,11.594592497305648
0.23950000000000005,1.5250936613889758,11.59325278040783
0.24,1.5251427739782206,11.59191330808331
0.24049999999999994,1.5251918849859947,11.590574080270962
0.2410000000000001,1.5252409944124505,11.589235096909668
0.24150000000000005,1.525290102257741,11.58789635793834
0.242,1.525339208522019,11.586557863295857
0.24249999999999994,1.5253883132054373,11.58521961292116
0.2430000000000001,1.525437416308148,11.583881606753206
0.24350000000000005,1.5254865178303045,11.58254384473095
0.244,1.525535617772059,11.581206326793378
0.24449999999999994,1.5255847161335638,11.579869052879491
0.2450000000000001,1.5256338129149722,11.578532022928293
0.24550000000000005,1.525682908116436,11.57719523687884
0.246,1.5257320017381084,11.575858694670147
0.24649999999999994,1.5257810937801413,11.57452239624131
0.2470000000000001,1.5258301842426876,11.573186341531406
0.24750000000000005,1.5258792731258994,11.571850530479534
0.248,1.5259283604299294,11.570514963024827
0.24849999999999994,1.52597744615493,11.569179639106387
0.2490000000000001,1.5260265303010534,11.567844558663403
0.24950000000000006,1.5260756128684518,11.566509721635038
0.25,1.526124693857278,11.565175127960469
0.25049999999999994,1.5261737732676839,11.563840777578903
0.2510000000000001,1.526222851099822,11.5625066704296
0.25150000000000006,1.5262719273538445,11.561172806451884
0.252,1.5263210020299034,11.559839185585131
0.25249999999999995,1.526370075128151,11.558505807768702
0.2530000000000001,1.5264191466487398,11.55717267294198
0.25350000000000006,1.5264682165918217,11.555839781044376
0.254,1.5265172849575488,11.554507132015331
0.25449999999999995,1.526566351746073,11.553174725794271
0.2550000000000001,1.526615416957547,11.551842562320644
0.25550000000000006,1.5266644805921221,11.550510641533956
0.256,1.526713542649951,11.549178963373668
0.25649999999999995,1.5267626031311854,11.547847527779313
0.2570000000000001,1.526811662035977,11.546516334690413
0.25750000000000006,1.5268607193644783,11.545185384046498
0.258,1.5269097751168408,11.54385467578715
0.25849999999999995,1.5269588292932168,11.542524209851923
0.2590000000000001,1.5270078818937578,11.541193986180428
0.25950000000000006,1.5270569329186159,11.539864004712271
0.26,1.5271059823679427,11.53853426538709
0.26049999999999995,1.5271550302418901,11.537204768144528
0.2610000000000001,1.5272040765406103,11.535875512924243
0.26150000000000007,1.5272531212642544,11.534546499665908
0.262,1.5273021644129747,11.53321772830922
0.26249999999999996,1.5273512059869225,11.53188919879391
0.2630000000000001,1.5274002459862497,11.530560911059695
0.26350000000000007,1.5274492844111078,11.529232865046328
0.264,1.5274983212616486,11.52790506069357
0.26449999999999996,1.5275473565380238,11.526577497941206
0.2650000000000001,1.5275963902403846,11.525250176729033
0.26550000000000007,1.527645422368883,11.523923096996867
0.266,1.5276944529236702,11.522596258684542
0.26649999999999996,1.527743481904898,11.521269661731898
0.2670000000000001,1.527792509312718,11.5199433060788
0.26750000000000007,1.5278415351472812,11.518617191665149
0.268,1.5278905594087393,11.517291318430829
0.26849999999999996,1.5279395820972437,11.515965686315768
0.26900000000000013,1.5279886032129457,11.514640295259898
0.2695000000000001,1.528037622755997,11.513315145203153
0.27,1.5280866407265485,11.51199023608552
0.27049999999999996,1.528135657124752,11.510665567846978
0.27100000000000013,1.5281846719507584,11.50934114042752
0.2715000000000001,1.528233685204719,11.508016953767184
0.272,1.5282826968867853,11.506693007805985
0.27249999999999996,1.5283317069971083,11.505369302483983
0.27300000000000013,1.5283807155358395,11.50404583774124
0.2735000000000001,1.5284297225031298,11.502722613517845
0.274,1.5284787278991303,11.501399629753907
0.27449999999999997,1.5285277317239923,11.500076886389547
0.27500000000000013,1.5285767339778669,11.498754383364915
0.2755000000000001,1.5286257346609051,11.497432120620253
0.276,1.528674733773258,11.496110098095844
0.27649999999999997,1.5287237313150766,11.494788315731967
0.27700000000000014,1.528772727286512,11.493466773468914
0.2775000000000001,1.5288217216877151,11.492145471247017
0.278,1.528870714518837,11.490824409006592
0.27849999999999997,1.5289197057800283,11.489503586688011
0.27900000000000014,1.5289686954714403,11.488183004231637
0.2795000000000001,1.5290176835932237,11.486862661577849
0.28,1.529066670145529,11.48554255866707
0.28049999999999997,1.529115655128508,11.484222695439678
0.2809999999999999,1.5291646385423108,11.482903071836143
0.2815000000000001,1.529213620387088,11.481583687796899
0.28200000000000003,1.5292626006629908,11.480264543262434
0.2825,1.52931157937017,11.47894563817322
0.2829999999999999,1.529360556508776,11.477626972469759
0.2835000000000001,1.5294095320789598,11.476308546092573
0.28400000000000003,1.5294585060808719,11.474990358982193
0.2845,1.5295074785146627,11.47367241107919
0.2849999999999999,1.5295564493804832,11.47235470232411
0.2855000000000001,1.529605418678484,11.47103723265754
0.28600000000000003,1.5296543864088155,11.469720002020102
0.2865,1.5297033525716284,11.468403010352395
0.2869999999999999,1.5297523171670728,11.467086257595072
0.2875000000000001,1.5298012801952998,11.465769743688762
0.28800000000000003,1.5298502416564594,11.464453468574161
0.2885,1.5298992015507025,11.463137432191946
0.2889999999999999,1.5299481598781792,11.461821634482796
0.2895000000000001,1.52999711663904,11.460506075387459
0.29000000000000004,1.5300460718334352,11.459190754846663
0.2905,1.530095025461515,11.45787567280116
0.2909999999999999,1.5301439775234305,11.456560829191709
0.2915000000000001,1.5301929280193312,11.455246223959108
0.29200000000000004,1.5302418769493675,11.453931857044154
0.2925,1.53029082431369,11.452617728387663
0.2929999999999999,1.5303397701124486,11.451303837930473
0.2935000000000001,1.5303887143457937,11.449990185613432
0.29400000000000004,1.5304376570138756,11.448676771377409
0.2945,1.530486598116844,11.447363595163297
0.29499999999999993,1.5305355376548497,11.44605065691199
0.2955000000000001,1.5305844756280425,11.444737956564401
0.29600000000000004,1.530633412036572,11.44342549406148
0.2965,1.530682346880589,11.442113269344166
0.29699999999999993,1.5307312801602433,11.440801282353437
0.2975000000000001,1.530780211875685,11.439489533030242
0.29800000000000004,1.5308291420270639,11.43817802131563
0.2985,1.53087807061453,11.436866747150598
0.29899999999999993,1.5309269976382334,11.435555710476192
0.2995000000000001,1.5309759230983238,11.434244911233549
0.30000000000000004,1.5310248469949514,11.432934349363823
0.3005,1.5310737693282659,11.4316240248082
0.30099999999999993,1.531122690098417,11.430313937507888
0.3015000000000001,1.5311716093055547,11.429004087404081
0.30200000000000005,1.531220526949829,11.427694474438029
0.3025,1.5312694430313893,11.42638509855096
0.30299999999999994,1.5313183575503857,11.425075959684133
0.3035000000000001,1.5313672705069676,11.423767057778845
0.30400000000000005,1.531416181901285,11.422458392776381
0.3045,1.5314650917334873,11.421149964618058
0.30499999999999994,1.5315140000037246,11.419841773245187
0.3055000000000001,1.5315629067121461,11.418533818599133
0.30600000000000005,1.5316118118589017,11.417226100621242
0.3065,1.5316607154441406,11.415918619252912
0.30699999999999994,1.5317096174680127,11.414611374435516
0.3075000000000001,1.5317585179306676,11.413304366110465
0.30800000000000005,1.5318074168322549,11.411997594219189
0.3085,1.5318563141729236,11.410691058703142
0.30899999999999994,1.5319052099528234,11.409384759503773
0.3095000000000001,1.5319541041721039,11.408078696562558
0.31000000000000005,1.5320029968309143,11.406772869820989
0.3105,1.5320518879294045,11.405467279220566
0.31099999999999994,1.532100777467723,11.404161924702832
0.3115000000000001,1.53214966544602,11.402856806209314
0.31200000000000006,1.5321985518644443,11.401551923681582
0.3125,1.5322474367231456,11.400247277061185
0.31299999999999994,1.5322963200222728,11.398942866289728
0.3135000000000001,1.5323452017619754,11.39763869130883
0.31400000000000006,1.5323940819424025,11.396334752060095
0.3145,1.532442960563703,11.395031048485173
0.31499999999999995,1.532491837626027,11.393727580525708
0.3155000000000001,1.532540713129523,11.39242434812337
0.31600000000000006,1.53258958707434,11.39112135121987
0.3165,1.5326384594606275,11.389818589756889
0.31699999999999995,1.5326873302885344,11.388516063676152
0.3175000000000001,1.5327361995582098,11.3872137729194
0.31800000000000006,1.5327850672698027,11.385911717428398
0.3185,1.5328339334234622,11.38460989714488
0.31899999999999995,1.5328827980193374,11.383308312010666
0.3195000000000001,1.532931661057577,11.382006961967539
0.32000000000000006,1.53298052253833,11.380705846957328
0.3205,1.5330293824617456,11.379404966921852
0.32099999999999995,1.5330782408279724,11.378104321802974
0.3215000000000001,1.5331270976371594,11.376803911542561
0.32200000000000006,1.5331759528894553,11.375503736082488
0.3225,1.5332248065850091,11.374203795364657
0.32299999999999995,1.5332736587239697,11.372904089330993
0.3235000000000001,1.5333225093064855,11.371604617923504
0.32400000000000007,1.5333713583327058,11.3703053810842
0.3245,1.5334202058027788,11.369006378755168
0.32499999999999996,1.5334690517168537,11.36770761087847
0.3255000000000001,1.5335178960750784,11.366409077396225
0.32600000000000007,1.5335667388776024,11.365110778250504
0.3265,1.533615580124574,11.363812713383439
0.32699999999999996,1.533664419816142,11.362514882737186
0.3275000000000001,1.5337132579524548,11.361217286253892
0.32800000000000007,1.533762094533661,11.359919923875728
0.3285,1.533810929559909,11.358622795544889
0.32899999999999996,1.5338597630313475,11.357325901203561
0.3295000000000001,1.533908594948125,11.356029240793989
0.33000000000000007,1.5339574253103898,11.354732814258403
0.3305,1.5340062541182906,11.353436621539043
0.33099999999999996,1.5340550813719758,11.352140662578188
0.33150000000000013,1.5341039070715936,11.350844937318122
0.3320000000000001,1.5341527312172925,11.349549445701138
0.3325,1.5342015538092209,11.348254187669568
0.33299999999999996,1.534250374847527,11.346959163165746
0.33350000000000013,1.5342991943323592,11.345664372132006
0.3340000000000001,1.5343480122638657,11.344369814510715
0.3345,1.534396828642195,11.343075490244264
0.33499999999999996,1.534445643467495,11.34178139927505
0.33550000000000013,1.5344944567399141,11.340487541545482
0.3360000000000001,1.5345432684596005,11.33919391699799
0.3365,1.5345920786267022,11.337900525575026
0.33699999999999997,1.5346408872413677,11.336607367219031
0.33750000000000013,1.534689694303745,11.335314441872505
0.3380000000000001,1.5347384998139817,11.334021749477943
0.3385,1.5347873037722266,11.33272928997783
0.33899999999999997,1.534836106178627,11.331437063314725
0.33950000000000014,1.5348849070333317,11.330145069431143
0.3400000000000001,1.5349337063364883,11.328853308269649
0.3405,1.5349825040882448,11.32756177977282
0.34099999999999997,1.5350313002887492,11.326270483883246
0.34150000000000014,1.5350800949381493,11.324979420543523
0.3420000000000001,1.535128888036593,11.3236885896963
0.3425,1.5351776795842285,11.322397991284191
0.34299999999999997,1.5352264695812035,11.321107625249839
0.34350000000000014,1.5352752580276656,11.319817491535941
0.3440000000000001,1.5353240449237628,11.318527590085173
0.34450000000000003,1.535372830269643,11.317237920840226
0.345,1.5354216140654537,11.315948483743828
0.3454999999999999,1.535470396311343,11.314659278738711
0.3460000000000001,1.5355191770074583,11.31337030576762
0.34650000000000003,1.5355679561539475,11.312081564773328
0.347,1.535616733750958,11.310793055698618
0.3474999999999999,1.5356655097986378,11.309504778486318
0.3480000000000001,1.5357142842971345,11.30821673307933
0.34850000000000003,1.5357630572465955,11.306928919420585
0.349,1.5358118286471683,11.305641337453036
0.3494999999999999,1.5358605984990006,11.304353987119608
0.3500000000000001,1.5359093668022399,11.303066868363299
0.35050000000000003,1.5359581335570338,11.301779981127074
0.351,1.5360068987635298,11.30049332535395
0.3514999999999999,1.5360556624218753,11.299206900986933
0.3520000000000001,1.5361044245322177,11.297920707969064
0.35250000000000004,1.5361531850947043,11.296634746243397
0.353,1.5362019441094827,11.295349015752986
0.3534999999999999,1.5362507015767002,11.294063516440922
0.3540000000000001,1.5362994574965043,11.29277824825029
0.35450000000000004,1.536348211869042,11.291493211124212
0.355,1.5363969646944609,11.290208405005815
0.3554999999999999,1.536445715972908,11.288923829838247
0.3560000000000001,1.5364944657045305,11.28763948556467
0.35650000000000004,1.5365432138894761,11.286355372128243
0.357,1.5365919605278917,11.285071489472173
0.35749999999999993,1.5366407056199245,11.283787837539663
0.3580000000000001,1.5366894491657217,11.28250441627394
0.35850000000000004,1.53673819116543,11.281221225618243
0.359,1.5367869316191973,11.279938265515824
0.35949999999999993,1.5368356705271702,11.27865553590995
0.3600000000000001,1.5368844078894959,11.277373036743915
0.36050000000000004,1.5369331437063214,11.276090767961003
0.361,1.5369818779777935,11.274808729504569
0.36149999999999993,1.5370306107040597,11.273526921317911
0.3620000000000001,1.5370793418852666,11.272245343344387
0.36250000000000004,1.5371280715215612,11.270963995527381
0.363,1.5371767996130905,11.269682877810247
0.36349999999999993,1.5372255261600012,11.268401990136402
0.3640000000000001,1.5372742511624404,11.26712133244925
0.36450000000000005,1.537322974620555,11.265840904692212
0.365,1.5373716965344915,11.264560706808748
0.36549999999999994,1.5374204169043972,11.263280738742298
0.3660000000000001,1.5374691357304184,11.26200100043635
0.36650000000000005,1.537517853012702,11.260721491834401
0.367,1.537566568751395,11.259442212879938
0.36749999999999994,1.5376152829466438,11.258163163516498
0.3680000000000001,1.5376639955985956,11.256884343687602
0.36850000000000005,1.5377127067073963,11.255605753336823
0.369,1.537761416273193,11.254327392407733
0.36949999999999994,1.5378101242961322,11.2530492608439
0.3700000000000001,1.5378588307763608,11.251771358588917
0.37050000000000005,1.5379075357140248,11.250493685586436
0.371,1.5379562391092714,11.249216241780044
0.37149999999999994,1.5380049409622465,11.247939027113448
0.3720000000000001,1.538053641273097,11.246662041530358
0.37250000000000005,1.5381023400419696,11.245385284974555
0.373,1.5381510372690101,11.244108757389833
0.37349999999999994,1.5381997329543655,11.24283245871998
0.3740000000000001,1.538248427098182,11.241556388908828
0.37450000000000006,1.5382971197006057,11.240280547900207
0.375,1.5383458107617836,11.239004935637958
0.37549999999999994,1.5383945002818618,11.237729552065936
0.3760000000000001,1.5384431882609864,11.236454397128051
0.37650000000000006,1.5384918746993037,11.235179470768175
0.377,1.5385405595969601,11.233904772930233
0.37749999999999995,1.538589242954102,11.23263030355814
0.3780000000000001,1.5386379247708755,11.231356062595843
0.37850000000000006,1.5386866050474266,11.230082049987297
0.379,1.538735283783902,11.228808265676484
0.37949999999999995,1.5387839609804472,11.227534709607374
0.3800000000000001,1.5388326366372087,11.22626138172399
0.38050000000000006,1.5388813107543327,11.224988281970349
0.381,1.5389299833319652,11.22371541029048
0.38149999999999995,1.5389786543702522,11.222442766628431
0.3820000000000001,1.5390273238693397,11.221170350928265
0.38250000000000006,1.539075991829374,11.219898163134078
0.383,1.5391246582505007,11.218626203189961
0.38349999999999995,1.539173323132866,11.217354471040027
0.3840000000000001,1.539221986476616,11.216082966628395
0.38450000000000006,1.539270648281896,11.214811689899228
0.385,1.5393193085488528,11.213540640796655
0.38549999999999995,1.5393679672776317,11.212269819264886
0.3860000000000001,1.5394166244683787,11.210999225248083
0.38650000000000007,1.5394652801212396,11.209728858690463
0.387,1.5395139342363602,11.208458719536248
0.38749999999999996,1.5395625868138865,11.207188807729661
0.3880000000000001,1.539611237853964,11.205919123214978
0.38850000000000007,1.5396598873567384,11.204649665936435
0.389,1.5397085353223556,11.203380435838346
0.38949999999999996,1.5397571817509614,11.202111432864987
0.3900000000000001,1.5398058266427013,11.20084265696068
0.39050000000000007,1.539854469997721,11.199574108069744
0.391,1.539903111816166,11.198305786136544
0.39149999999999996,1.539951752098182,11.197037691105418
0.3920000000000001,1.5400003908439148,11.195769822920745
0.39250000000000007,1.5400490280535097,11.194502181526925
0.393,1.5400976637271122,11.193234766868361
0.39349999999999996,1.540146297864868,11.191967578889466
0.39400000000000013,1.5401949304669225,11.190700617534675
0.3945000000000001,1.5402435615334211,11.189433882748457
0.395,1.5402921910645093,11.188167374475261
0.39549999999999996,1.5403408190603327,11.18690109265958
0.39600000000000013,1.5403894455210365,11.185635037245962
0.3965000000000001,1.5404380704467657,11.184369208179016
0.397,1.5404866938376665,11.18310360540334
0.39749999999999996,1.5405353156938837,11.181838228863592
0.39800000000000013,1.5405839360155629,11.1805730785044
0.3985000000000001,1.5406325548028488,11.17930815427046
0.399,1.5406811720558873,11.178043456106419
0.39949999999999997,1.5407297877748232,11.176778983956995
0.40000000000000013,1.540778401959802,11.175514737766886
0.4005000000000001,1.5408270146109688,11.174250717480831
0.401,1.5408756257284688,11.172986923043558
0.40149999999999997,1.540924235312447,11.17172335439983
0.40200000000000014,1.5409728433630487,11.170460011494429
0.4025000000000001,1.541021449880419,11.169196894272122
0.403,1.5410700548647027,11.167934002677727
0.40349999999999997,1.5411186583160452,11.16667133665606
0.40400000000000014,1.5411672602345914,11.165408896151948
0.4045000000000001,1.5412158606204862,11.164146681110246
0.405,1.541264459473875,11.162884691475805
0.40549999999999997,1.541313056794902,11.161622927193516
0.40600000000000014,1.5413616525837128,11.160361388208278
0.4065000000000001,1.5414102468404522,11.159100074464982
0.40700000000000003,1.5414588395652649,11.157838985908569
0.4075,1.5415074307582959,11.156578122483966
0.4079999999999999,1.54155602041969,11.155317484136129
0.4085000000000001,1.5416046085495922,11.154057070810044
0.40900000000000003,1.5416531951481471,11.152796882450673
0.4095,1.5417017802154995,11.15153691900303
0.4099999999999999,1.5417503637517942,11.150277180412129
0.4105000000000001,1.541798945757176,11.149017666623
0.41100000000000003,1.5418475262317894,11.147758377580685
0.4115,1.5418961051757796,11.146499313230239
0.4119999999999999,1.5419446825892906,11.14524047351675
0.4125000000000001,1.5419932584724674,11.14398185838532
0.41300000000000003,1.5420418328254544,11.14272346778104
0.4135,1.5420904056483964,11.141465301649028
0.4139999999999999,1.5421389769414382,11.140207359934417
0.4145000000000001,1.542187546704724,11.138949642582377
0.41500000000000004,1.5422361149383983,11.137692149538063
0.4155,1.5422846816426057,11.136434880746664
0.4159999999999999,1.5423332468174908,11.13517783615336
0.4165000000000001,1.542381810463198,11.133921015703383
0.41700000000000004,1.5424303725798718,11.13266441934195
0.4175,1.5424789331676565,11.131408047014302
0.4179999999999999,1.5425274922266963,11.13015189866571
0.4185000000000001,1.5425760497571361,11.128895974241425
0.41900000000000004,1.5426246057591197,11.127640273686762
0.4195,1.5426731602327919,11.126384796946997
0.41999999999999993,1.5427217131782966,11.125129543967477
0.4205000000000001,1.5427702645957784,11.12387451469361
0.42100000000000004,1.5428188144853814,11.122619709070829
0.4215,1.5428673628472498,11.12136512704459
0.42199999999999993,1.5429159096815277,11.120110768560368
0.4225000000000001,1.5429644549883597,11.118856633563631
0.42300000000000004,1.5430129987678898,11.117602721999873
0.4235,1.5430615410202617,11.116349033814632
0.42399999999999993,1.54311008174562,11.115095568953414
0.4245000000000001,1.5431586209441088,11.113842327361764
0.42500000000000004,1.543207158615872,11.11258930898525
0.4255,1.5432556947610536,11.11133651376943
0.42599999999999993,1.5433042293797978,11.110083941659909
0.4265000000000001,1.5433527624722487,11.108831592602266
0.42700000000000005,1.54340129403855,11.107579466542132
0.4275,1.543449824078846,11.10632756342515
0.42799999999999994,1.5434983525932802,11.105075883196948
0.4285000000000001,1.5435468795819969,11.103824425803195
0.42900000000000005,1.5435954050451395,11.10257319118958
0.4295,1.5436439289828525,11.101322179301775
0.42999999999999994,1.5436924513952794,11.100071390085494
0.4305000000000001,1.5437409722825643,11.098820823486463
0.43100000000000005,1.5437894916448507,11.097570479450416
0.4315,1.5438380094822823,11.096320357923117
0.43199999999999994,1.5438865257950032,11.095070458850316
0.4325000000000001,1.543935040583157,11.0938207821778
0.43300000000000005,1.5439835538468873,11.092571327851372
0.4335,1.544032065586338,11.091322095816833
0.43399999999999994,1.5440805758016525,11.090073086020018
0.4345000000000001,1.5441290844929747,11.088824298406758
0.43500000000000005,1.544177591660448,11.08757573292292
0.4355,1.5442260973042163,11.086327389514368
0.43599999999999994,1.544274601424423,11.085079268126995
0.4365000000000001,1.5443231040212118,11.083831368706694
0.43700000000000006,1.5443716050947258,11.082583691199389
0.4375,1.5444201046451087,11.081336235551008
0.43799999999999994,1.5444686026725045,11.080089001707485
0.4385000000000001,1.544517099177056,11.078841989614798
0.43900000000000006,1.544565594158907,11.077595199218916
0.4395,1.5446140876182008,11.076348630465823
0.43999999999999995,1.5446625795550808,11.075102283301524
0.4405000000000001,1.5447110699696902,11.07385615767205
0.44100000000000006,1.544759558862173,11.072610253523424
0.4415,1.5448080462326716,11.071364570801697
0.44199999999999995,1.5448565320813301,11.070119109452945
0.4425000000000001,1.5449050164082916,11.06887386942322
0.44300000000000006,1.5449534992136988,11.067628850658654
0.4435,1.5450019804976958,11.066384053105322
0.44399999999999995,1.5450504602604251,11.065139476709366
0.4445000000000001,1.5450989385020304,11.063895121416955
0.44500000000000006,1.5451474152226545,11.062650987174331
0.4455,1.5451958904224408,11.061407073927754
0.44599999999999995,1.5452443641015323,11.060163381623486
0.4465000000000001,1.5452928362600724,11.0589199102078
0.44700000000000006,1.5453413068982038,11.057676659627017
0.4475,1.5453897760160695,11.056433629827461
0.44799999999999995,1.545438243613813,11.055190820755431
0.4485000000000001,1.545486709691577,11.053948232357293
0.44900000000000007,1.5455351742495045,11.052705864579405
0.4495,1.5455836372877385,11.051463717368124
0.44999999999999996,1.545632098806422,11.050221790669857
0.4505000000000001,1.5456805588056979,11.048980084431003
0.45100000000000007,1.545729017285709,11.047738598597974
0.4515,1.5457774742465984,11.046497333117207
0.45199999999999996,1.5458259296885088,11.045256287935143
0.4525000000000001,1.5458743836115831,11.044015462998251
0.45300000000000007,1.5459228360159643,11.042774858252999
0.4535,1.5459712869017945,11.041534473645898
0.45399999999999996,1.5460197362692174,11.040294309123428
0.4545000000000001,1.546068184118375,11.039054364632134
0.45500000000000007,1.5461166304494105,11.037814640118524
0.4555,1.5461650752624665,11.036575135529173
0.45599999999999996,1.5462135185576855,11.035335850810638
0.45650000000000013,1.5462619603352104,11.034096785909489
0.4570000000000001,1.5463104005951835,11.032857940772326
0.4575,1.5463588393377479,11.03161931534576
0.45799999999999996,1.5464072765630457,11.030380909576417
0.45850000000000013,1.5464557122712197,11.029142723410922
0.4590000000000001,1.5465041464624123,11.027904756795955
0.4595,1.5465525791367665,11.026667009678144
0.45999999999999996,1.546601010294424,11.025429482004196
0.46050000000000013,1.5466494399355282,11.024192173720804
0.4610000000000001,1.546697868060221,11.022955084774667
0.4615,1.5467462946686446,11.021718215112541
0.46199999999999997,1.546794719760942,11.02048156468113
0.46250000000000013,1.5468431433372554,11.019245133427194
0.4630000000000001,1.5468915653977269,11.018008921297533
0.4635,1.5469399859424993,11.016772928238892
0.46399999999999997,1.5469884049717144,11.015537154198096
0.46450000000000014,1.5470368224855149,11.014301599121945
0.4650000000000001,1.5470852384840428,11.013066262957281
0.4655,1.5471336529674407,11.011831145650923
0.46599999999999997,1.5471820659358506,11.010596247149742
0.46650000000000014,1.5472304773894148,11.009361567400608
0.4670000000000001,1.5472788873282752,11.008127106350413
0.4675,1.5473272957525745,11.006892863946046
0.46799999999999997,1.5473757026624544,11.005658840134423
0.46850000000000014,1.5474241080580573,11.004425034862486
0.4690000000000001,1.5474725119395252,11.00319144807723
0.46950000000000003,1.547520914307,11.001958079725705
0.47,1.5475693151606238,11.00072492975497
0.47050000000000014,1.547617714500539,10.999491998112092
0.4710000000000001,1.5476661123268873,10.998259284744156
0.47150000000000003,1.5477145086398107,10.997026789598277
0.472,1.5477629034394513,10.99579451262157
0.4724999999999999,1.5478112967259507,10.994562453761173
0.4730000000000001,1.5478596884994513,10.993330612964222
0.47350000000000003,1.547908078760095,10.992098990177873
0.474,1.5479564675080233,10.99086758534931
0.4744999999999999,1.5480048547433782,10.989636398425725
0.4750000000000001,1.5480532404663017,10.988405429354318
0.47550000000000003,1.548101624676935,10.987174678082315
0.476,1.5481500073754209,10.985944144556935
0.4764999999999999,1.5481983885619004,10.984713828725434
0.4770000000000001,1.5482467682365155,10.983483730535076
0.47750000000000004,1.548295146399408,10.98225384993313
0.478,1.5483435230507192,10.98102418686691
0.4784999999999999,1.5483918981905913,10.979794741283683
0.4790000000000001,1.5484402718191659,10.97856551313079
0.47950000000000004,1.5484886439365844,10.97733650235557
0.48,1.5485370145429882,10.976107708905365
0.4804999999999999,1.5485853836385193,10.974879132727537
0.4810000000000001,1.5486337512233193,10.973650773769455
0.48150000000000004,1.5486821172975296,10.972422631978526
0.482,1.5487304818612917,10.971194707302146
0.48249999999999993,1.548778844914747,10.969966999687742
0.4830000000000001,1.5488272064580373,10.968739509082736
0.48350000000000004,1.5488755664913036,10.967512235434597
0.484,1.5489239250146878,10.966285178690777
0.48449999999999993,1.5489722820283311,10.965058338798745
0.4850000000000001,1.549020637532375,10.963831715706002
0.48550000000000004,1.5490689915269606,10.962605309360065
0.486,1.5491173440122294,10.96137911970844
0.48649999999999993,1.549165694988323,10.96015314669866
0.4870000000000001,1.5492140444553821,10.958927390278289
0.48750000000000004,1.5492623924135487,10.957701850394875
0.488,1.5493107388629637,10.956476526996003
0.48849999999999993,1.5493590838037679,10.955251420029276
0.4890000000000001,1.5494074272361034,10.954026529442283
0.48950000000000005,1.5494557691601107,10.952801855182651
0.49,1.5495041095759312,10.951577397198015
0.49049999999999994,1.5495524484837062,10.950353155436034
0.4910000000000001,1.5496007858835767,10.949129129844348
0.49150000000000005,1.5496491217756838,10.947905320370667
0.492,1.5496974561601684,10.946681726962664
0.49249999999999994,1.549745789037172,10.945458349568042
0.4930000000000001,1.5497941204068353,10.944235188134549
0.49350000000000005,1.5498424502692993,10.94301224260997
0.494,1.5498907786247051,10.941789512942163
0.49449999999999994,1.549939105473194,10.940566999078957
0.4950000000000001,1.5499874308149064,10.939344700968226
0.49550000000000005,1.5500357546499834,10.938122618557841
0.496,1.550084076978566,10.936900751795703
0.49649999999999994,1.550132397800795,10.935679100629713
0.4970000000000001,1.5501807171168116,10.934457665007775
0.49750000000000005,1.550229034926756,10.933236444877856
0.498,1.5502773512307695,10.932015440187884
0.49849999999999994,1.5503256660289928,10.930794650885815
0.4990000000000001,1.5503739793215667,10.929574076919634
0.49950000000000006,1.5504222911086318,10.928353718237348
0.5,1.5504706013903289,10.927133574786948
0.5005,1.5505189101667989,10.92591364651644
0.5010000000000001,1.5505672174381824,10.924693933373876
0.5015000000000001,1.5506155232046197,10.923474435307304
0.502,1.550663827466252,10.922255152264766
0.5025,1.5507121302232196,10.921036084194363
0.5030000000000001,1.5507604314756631,10.919817231044174
0.5035000000000001,1.5508087312237233,10.918598592762297
0.504,1.5508570294675406,10.917380169296866
0.5045,1.5509053262072554,10.916161960596002
0.5050000000000001,1.5509536214430086,10.914943966607847
0.5055000000000001,1.5510019151749401,10.913726187280586
0.506,1.5510502074031909,10.912508622562362
0.5065,1.5510984981279012,10.911291272401392
0.5070000000000001,1.5511467873492117,10.910074136745854
0.5075000000000001,1.5511950750672625,10.908857215543978
0.508,1.5512433612821939,10.907640508744002
0.5085,1.5512916459941466,10.906424016294162
0.5090000000000001,1.5513399292032608,10.905207738142726
0.5095000000000001,1.5513882109096768,10.903991674237949
0.51,1.5514364911135348,10.90277582452814
0.5105,1.5514847698149752,10.901560188961593
0.5110000000000001,1.5515330470141382,10.900344767486619
0.5115000000000001,1.5515813227111641,10.89912956005156
0.512,1.551629596906193,10.897914566604745
0.5125,1.5516778695993652,10.896699787094542
0.5130000000000001,1.5517261407908207,10.895485221469317
0.5135000000000001,1.5517744104806996,10.894270869677468
0.514,1.5518226786691425,10.89305673166738
0.5145,1.5518709453562889,10.891842807387482
0.5150000000000001,1.5519192105422794,10.89062909678618
0.5155000000000001,1.5519674742272536,10.889415599811947
0.516,1.5520157364113516,10.888202316413219
0.5165,1.5520639970947139,10.886989246538462
0.5170000000000001,1.5521122562774798,10.885776390136177
0.5175000000000001,1.5521605139597898,10.884563747154866
0.518,1.5522087701417835,10.88335131754313
0.5185,1.5522570248236012,10.88213910124956
0.5190000000000001,1.552305278005382,10.880927098222816
0.5195000000000001,1.552353529687267,10.879715308411493
0.52,1.5524017798693952,10.878503731764265
0.5205,1.5524500285519065,10.877292368229805
0.5210000000000001,1.552498275734941,10.876081217756779
0.5215000000000001,1.5525465214186382,10.87487028029389
0.522,1.5525947656031382,10.873659555789837
0.5225,1.5526430082885805,10.872449044193356
0.5230000000000001,1.5526912494751048,10.871238745453173
0.5235000000000001,1.5527394891628512,10.870028659518036
0.524,1.552787727351959,10.868818786336707
0.5245,1.5528359640425677,10.867609125857987
0.5250000000000001,1.5528841992348175,10.866399678030639
0.5255000000000001,1.5529324329288476,10.865190442803485
0.526,1.5529806651247977,10.863981420125336
0.5265,1.5530288958228076,10.862772609945026
0.5270000000000001,1.5530771250230162,10.861564012211417
0.5275000000000001,1.553125352725564,10.860355626873345
0.528,1.5531735789305898,10.859147453879697
0.5285,1.5532218036382333,10.857939493179373
0.5290000000000001,1.553270026848634,10.85673174472126
0.5295000000000001,1.5533182485619312,10.855524208454284
0.53,1.5533664687782642,10.854316884327384
0.5305,1.553414687497773,10.853109772289482
0.5310000000000001,1.5534629047205966,10.851902872289543
0.5315000000000001,1.5535111204468743,10.850696184276549
0.532,1.5535593346767456,10.849489708199474
0.5325,1.5536075474103497,10.848283444007333
0.5330000000000001,1.5536557586478257,10.847077391649128
0.5335000000000001,1.5537039683893135,10.845871551073888
0.534,1.5537521766349518,10.844665922230652
0.5345,1.55380038338488,10.843460505068485
0.5350000000000001,1.553848588639237,10.842255299536458
0.5355000000000001,1.5538967923981626,10.841050305583629
0.536,1.5539449946617956,10.839845523159125
0.5365,1.553993195430275,10.838640952212037
0.5369999999999999,1.5540413947037404,10.837436592691502
0.5375000000000001,1.5540895924823306,10.83623244454664
0.538,1.5541377887661845,10.83502850772663
0.5385,1.5541859835554415,10.83382478218061
0.5389999999999999,1.5542341768502403,10.832621267857773
0.5395000000000001,1.5542823686507203,10.831417964707315
0.54,1.5543305589570204,10.83021487267843
0.5405,1.5543787477692792,10.829011991720362
0.5409999999999999,1.554426935087636,10.827809321782324
0.5415000000000001,1.5544751209122298,10.826606862813568
0.542,1.5545233052431993,10.825404614763391
0.5425,1.5545714880806836,10.824202577581117
0.5429999999999999,1.5546196694248209,10.823000751216169
0.5435000000000001,1.554667849275751,10.821799135617873
0.544,1.5547160276336123,10.820597730735663
0.5445,1.5547642044985432,10.819396536518958
0.5449999999999999,1.5548123798706832,10.818195552917166
0.5455000000000001,1.5548605537501707,10.816994779879728
0.546,1.5549087261371441,10.815794217356121
0.5465,1.5549568970317427,10.814593865295787
0.5469999999999999,1.555005066434105,10.813393723648218
0.5475000000000001,1.5550532343443697,10.812193792362907
0.548,1.5551014007626751,10.81099407138938
0.5485,1.55514956568916,10.809794560677148
0.5489999999999999,1.5551977291239636,10.808595260175734
0.5495000000000001,1.5552458910672236,10.807396169834712
0.55,1.5552940515190792,10.806197289603624
0.5505,1.5553422104796686,10.804998619432064
0.5509999999999999,1.5553903679491303,10.803800159269617
0.5515000000000001,1.555438523927603,10.802601909065892
0.552,1.555486678415225,10.801403868770498
0.5525,1.5555348314121349,10.80020603833308
0.5529999999999999,1.5555829829184713,10.799008417703263
0.5535000000000001,1.5556311329343722,10.797811006830733
0.554,1.555679281459976,10.796613805665151
0.5545,1.5557274284954214,10.795416814156196
0.5549999999999999,1.5557755740408468,10.79422003225358
0.5555000000000001,1.55582371809639,10.793023459907017
0.556,1.55587186066219,10.791827097066223
0.5565,1.5559200017383847,10.79063094368094
0.5569999999999999,1.555968141325112,10.789434999700942
0.5575000000000001,1.556016279422511,10.788239265075978
0.558,1.556064416030719,10.787043739755834
0.5585,1.556112551149875,10.785848423690314
0.5589999999999999,1.5561606847801168,10.784653316829216
0.5595000000000001,1.5562088169215824,10.783458419122365
0.56,1.5562569475744101,10.782263730519611
0.5605,1.5563050767387383,10.781069250970779
0.5609999999999999,1.5563532044147048,10.779874980425742
0.5615000000000001,1.5564013306024476,10.778680918834395
0.562,1.5564494553021049,10.777487066146602
0.5625,1.5564975785138144,10.77629342231229
0.563,1.5565457002377145,10.775099987281363
0.5635000000000001,1.5565938204739433,10.773906761003749
0.5640000000000001,1.5566419392226385,10.772713743429403
0.5645,1.5566900564839379,10.771520934508274
0.565,1.5567381722579796,10.770328334190344
0.5655000000000001,1.5567862865449016,10.76913594242559
0.5660000000000001,1.5568343993448417,10.767943759164014
0.5665,1.5568825106579376,10.766751784355659
0.567,1.5569306204843274,10.7655600179506
0.5675000000000001,1.5569787288241488,10.764368459898977
0.5680000000000001,1.5570268356775394,10.763177110150936
0.5685,1.5570749410446374,10.761985968656598
0.569,1.5571230449255802,10.76079503536614
0.5695000000000001,1.5571711473205057,10.759604310229724
0.5700000000000001,1.5572192482295515,10.758413793197553
0.5705,1.5572673476528551,10.757223484219834
0.571,1.5573154455905547,10.756033383246756
0.5715000000000001,1.5573635420427876,10.754843490228561
0.5720000000000001,1.5574116370096915,10.75365380511549
0.5725,1.557459730491404,10.752464327857801
0.573,1.5575078224880625,10.751275058405772
0.5735000000000001,1.5575559129998047,10.75008599670967
0.5740000000000001,1.5576040020267683,10.748897142719787
0.5745,1.5576520895690906,10.74770849638644
0.575,1.5577001756269093,10.74652005765995
0.5755000000000001,1.5577482602003616,10.74533182649066
0.5760000000000001,1.557796343289585,10.744143802828912
0.5765,1.5578444248947172,10.742955986625061
0.577,1.5578925050158954,10.741768377829505
0.5775000000000001,1.557940583653257,10.740580976392605
0.5780000000000001,1.5579886608069393,10.739393782264784
0.5785,1.55803673647708,10.738206795396454
0.579,1.5580848106638159,10.73702001573804
0.5795000000000001,1.5581328833672847,10.735833443239985
0.5800000000000001,1.5581809545876237,10.734647077852754
0.5805,1.55822902432497,10.733460919526804
0.581,1.5582770925794607,10.73227496821263
0.5815000000000001,1.5583251593512333,10.73108922386071
0.5820000000000001,1.5583732246404247,10.729903686421581
0.5825,1.5584212884471724,10.728718355845743
0.583,1.5584693507716136,10.727533232083735
0.5835000000000001,1.5585174116138851,10.726348315086115
0.5840000000000001,1.5585654709741243,10.725163604803438
0.5845,1.5586135288524678,10.723979101186309
0.585,1.5586615852490535,10.722794804185266
0.5855000000000001,1.558709640164018,10.721610713750943
0.5860000000000001,1.558757693597498,10.72042682983396
0.5865,1.558805745549631,10.719243152384939
0.587,1.5588537960205537,10.71805968135452
0.5875000000000001,1.5589018450104033,10.716876416693362
0.5880000000000001,1.5589498925193168,10.715693358352132
0.5885,1.5589979385474309,10.71451050628152
0.589,1.5590459830948824,10.71332786043221
0.5895000000000001,1.5590940261618085,10.71214542075493
0.5900000000000001,1.5591420677483456,10.710963187200392
0.5905,1.559190107854631,10.709781159719325
0.591,1.5592381464808016,10.708599338262507
0.5915000000000001,1.5592861836269938,10.707417722780763
0.5920000000000001,1.5593342192933446,10.70623631322496
0.5925,1.5593822534799906,10.705055109545965
0.593,1.5594302861870688,10.70387411169465
0.5935000000000001,1.5594783174147158,10.702693319621917
0.5940000000000001,1.559526347163068,10.701512733278683
0.5945,1.5595743754322626,10.700332352615847
0.595,1.5596224022224356,10.69915217758438
0.5955000000000001,1.5596704275337243,10.697972208135194
0.5960000000000001,1.559718451366265,10.696792444219273
0.5965,1.5597664737201944,10.695612885787577
0.597,1.5598144945956487,10.69443353279111
0.5975000000000001,1.5598625139927649,10.693254385180865
0.5980000000000001,1.559910531911679,10.692075442907855
0.5985,1.5599585483525282,10.69089670592311
0.599,1.5600065633154485,10.689718174177672
0.5995000000000001,1.5600545768005767,10.688539847622577
0.6000000000000001,1.5601025888080489,10.687361726208927
0.6005,1.5601505993380014,10.68618380988778
0.601,1.560198608390571,10.685006098610222
0.6014999999999999,1.560246615965894,10.68382859232737
0.6020000000000001,1.5602946220641067,10.682651290990346
0.6025,1.5603426266853453,10.681474194550281
0.603,1.560390629829746,10.680297302958339
0.6034999999999999,1.5604386314974459,10.679120616165637
0.6040000000000001,1.5604866316885804,10.677944134123372
0.6045,1.560534630403286,10.67676785678273
0.605,1.5605826276416992,10.675591784094912
0.6054999999999999,1.5606306234039558,10.674415916011121
0.6060000000000001,1.5606786176901921,10.673240252482586
0.6065,1.5607266105005444,10.672064793460551
0.607,1.560774601835149,10.670889538896255
0.6074999999999999,1.5608225916941416,10.669714488740961
0.6080000000000001,1.5608705800776588,10.668539642945959
0.6085,1.560918566985836,10.667365001462535
0.609,1.5609665524188099,10.666190564241992
0.6094999999999999,1.5610145363767165,10.66501633123563
0.6100000000000001,1.5610625188596914,10.663842302394801
0.6105,1.5611104998678709,10.662668477670849
0.611,1.561158479401391,10.661494857015107
0.6114999999999999,1.5612064574603874,10.660321440378963
0.6120000000000001,1.5612544340449963,10.65914822771379
0.6125,1.5613024091553538,10.657975218970986
0.613,1.5613503827915953,10.656802414101955
0.6134999999999999,1.5613983549538568,10.655629813058129
0.6140000000000001,1.5614463256422744,10.654457415790935
0.6145,1.5614942948569839,10.653285222251808
0.615,1.5615422625981208,10.652113232392237
0.6154999999999999,1.5615902288658212,10.65094144616367
0.6160000000000001,1.5616381936602208,10.649769863517692
0.6165,1.5616861569814555,10.64859848440586
0.617,1.5617341188296605,10.647427308779786
0.6174999999999999,1.5617820792049721,10.646256336591046
0.6180000000000001,1.5618300381075256,10.645085567791284
0.6185,1.561877995537457,10.64391500233211
0.619,1.5619259514949018,10.642744640165182
0.6194999999999999,1.5619739059799953,10.641574481242143
0.6200000000000001,1.5620218589928736,10.640404525514672
0.6205,1.562069810533672,10.639234772934445
0.621,1.5621177606025265,10.638065223453154
0.6214999999999999,1.562165709199572,10.636895877022521
0.6220000000000001,1.5622136563249442,10.635726733594261
0.6225,1.5622616019787787,10.634557793120102
0.623,1.562309546161211,10.633389055551788
0.6234999999999999,1.5623574888723768,10.632220520841082
0.6240000000000001,1.5624054301124113,10.631052188939764
0.6245,1.5624533698814496,10.629884059799616
0.625,1.5625013081796275,10.628716133372434
0.6255,1.5625492450070804,10.627548409610016
0.6260000000000001,1.5625971803639433,10.626380888464215
0.6265000000000001,1.5626451142503521,10.62521356988685
0.627,1.5626930466664415,10.624046453829768
0.6275,1.562740977612347,10.62287954024485
0.6280000000000001,1.5627889070882042,10.621712829083949
0.6285000000000001,1.5628368350941482,10.620546320298969
0.629,1.5628847616303139,10.619380013841807
0.6295,1.5629326866968367,10.618213909664377
0.6300000000000001,1.562980610293852,10.61704800771861
0.6305000000000001,1.5630285324214945,10.61588230795645
0.631,1.5630764530799,10.614716810329831
0.6315,1.563124372269203,10.613551514790746
0.6320000000000001,1.563172289989539,10.612386421291149
0.6325000000000001,1.563220206241043,10.61122152978305
0.633,1.56326812102385,10.61005684021845
0.6335,1.563316034338095,10.608892352549354
0.6340000000000001,1.563363946183913,10.607728066727816
0.6345000000000001,1.5634118565614394,10.606563982705852
0.635,1.5634597654708087,10.605400100435535
0.6355,1.563507672912156,10.604236419868935
0.6360000000000001,1.5635555788856164,10.603072940958127
0.6365000000000001,1.5636034833913246,10.60190966365521
0.637,1.5636513864294157,10.600746587912283
0.6375,1.5636992880000244,10.599583713681476
0.6380000000000001,1.5637471881032858,10.59842104091492
0.6385000000000001,1.5637950867393344,10.597258569564756
0.639,1.563842983908305,10.596096299583163
0.6395,1.563890879610333,10.594934230922274
0.6400000000000001,1.5639387738455526,10.593772363534313
0.6405000000000001,1.5639866666140987,10.592610697371518
0.641,1.564034557916106,10.59144923238618
0.6415,1.5640824477517092,10.590287968530603
0.6420000000000001,1.5641303361210435,10.589126905757086
0.6425000000000001,1.5641782230242427,10.587966044017966
0.643,1.5642261084614422,10.586805383265572
0.6435,1.564273992432776,10.585644923452278
0.6440000000000001,1.5643218749383792,10.584484664530434
0.6445000000000001,1.564369755978386,10.583324606452413
0.645,1.5644176355529316,10.582164749170598
0.6455,1.56446551366215,10.581005092637414
0.6460000000000001,1.5645133903061756,10.57984563680526
0.6465000000000001,1.5645612654851433,10.57868638162657
0.647,1.5646091391991874,10.577527327053783
0.6475,1.5646570114484426,10.576368473039352
0.6480000000000001,1.5647048822330432,10.575209819535726
0.6485000000000001,1.5647527515531234,10.574051366495416
0.649,1.564800619408818,10.57289311387089
0.6495,1.564848485800261,10.571735061614667
0.6500000000000001,1.564896350727587,10.570577209679248
0.6505000000000001,1.5649442141909304,10.569419558017177
0.651,1.5649920761904252,10.568262106580987
0.6515,1.5650399367262062,10.567104855323239
0.6520000000000001,1.5650877957984073,10.565947804196488
0.6525000000000001,1.5651356534071628,10.56479095315333
0.653,1.565183509552607,10.563634302146358
0.6535,1.565231364234874,10.562477851128156
0.6540000000000001,1.5652792174540984,10.561321600051368
0.6545000000000001,1.565327069210414,10.560165548868602
0.655,1.565374919503955,10.55900969753252
0.6555,1.5654227683348556,10.557854045995773
0.6560000000000001,1.5654706157032499,10.556698594211028
0.6565000000000001,1.565518461609272,10.555543342130964
0.657,1.565566306053056,10.554388289708285
0.6575,1.565614149034736,10.55323343689568
0.6580000000000001,1.565661990554446,10.55207878364588
0.6585000000000001,1.5657098306123198,10.550924329911624
0.659,1.5657576692084918,10.549770075645647
0.6595,1.5658055063430958,10.548616020800697
0.6600000000000001,1.5658533420162657,10.547462165329556
0.6605000000000001,1.5659011762281352,10.546308509185017
0.661,1.5659490089788386,10.545155052319851
0.6615,1.5659968402685096,10.54400179468688
0.6620000000000001,1.5660446700972823,10.542848736238923
0.6625000000000001,1.5660924984652902,10.541695876928813
0.663,1.5661403253726673,10.540543216709393
0.6635,1.5661881508195477,10.539390755533512
0.6640000000000001,1.5662359748060646,10.53823849335407
0.6645000000000001,1.5662837973323522,10.537086430123914
0.665,1.566331618398544,10.535934565796001
0.6655,1.566379438004774,10.534782900323314
0.6659999999999999,1.5664272561511756,10.533631433658844
0.6665000000000001,1.566475072837883,10.532480165755592
0.667,1.5665228880650293,10.531329096566605
0.6675,1.5665707018327484,10.530178226044889
0.6679999999999999,1.5666185141411737,10.529027554143514
0.6685000000000001,1.5666663249904391,10.52787708081553
0.669,1.566714134380678,10.526726806014016
0.6695,1.5667619423120243,10.525576729692053
0.6699999999999999,1.5668097487846113,10.524426851802726
0.6705000000000001,1.5668575537985723,10.52327717229917
0.671,1.5669053573540412,10.52212769113448
0.6715,1.5669531594511512,10.520978408261804
0.6719999999999999,1.5670009600900359,10.519829323634303
0.6725000000000001,1.5670487592708287,10.518680437205122
0.673,1.5670965569936632,10.517531748927428
0.6735,1.5671443532586724,10.516383258754425
0.6739999999999999,1.56719214806599,10.515234966639294
0.6745000000000001,1.5672399414157494,10.51408687253525
0.675,1.5672877333080837,10.51293897639551
0.6755,1.5673355237431263,10.511791278173325
0.6759999999999999,1.5673833127210108,10.510643777821926
0.6765000000000001,1.5674311002418702,10.509496475294572
0.677,1.5674788863058375,10.508349370544554
0.6775,1.5675266709130464,10.50720246352513
0.6779999999999999,1.56757445406363,10.506055754189617
0.6785000000000001,1.5676222357577214,10.504909242491326
0.679,1.567670015995454,10.503762928383557
0.6795,1.5677177947769605,10.502616811819674
0.6799999999999999,1.5677655721023744,10.501470892752995
0.6805000000000001,1.5678133479718288,10.500325171136897
0.681,1.5678611223854568,10.49917964692475
0.6815,1.5679088953433913,10.498034320069937
0.6819999999999999,1.5679566668457654,10.496889190525856
0.6825000000000001,1.5680044368927124,10.495744258245901
0.683,1.5680522054843653,10.494599523183506
0.6835,1.5680999726208567,10.493454985292107
0.6839999999999999,1.56814773830232,10.492310644525146
0.6845000000000001,1.5681955025288876,10.491166500836085
0.685,1.568243265300693,10.490022554178392
0.6855,1.568291026617869,10.488878804505548
0.6859999999999999,1.5683387864805483,10.487735251771047
0.6865000000000001,1.5683865448888639,10.486591895928406
0.687,1.5684343018429485,10.485448736931133
0.6875,1.5684820573429352,10.484305774732778
0.688,1.5685298113889568,10.483163009286864
0.6885000000000001,1.568577563981146,10.482020440546965
0.6890000000000001,1.5686253151196352,10.480878068466646
0.6895,1.568673064804558,10.479735892999505
0.69,1.5687208130360462,10.478593914099212
0.6905000000000001,1.5687685598142331,10.477452131719435
0.6910000000000001,1.5688163051392514,10.476310545813876
0.6915,1.5688640490112336,10.475169156336245
0.692,1.5689117914303123,10.474027963240244
0.6925000000000001,1.5689595323966203,10.472886966479635
0.6930000000000001,1.5690072719102899,10.471746166008145
0.6935,1.5690550099714542,10.470605561779522
0.694,1.5691027465802454,10.46946515374754
0.6945000000000001,1.569150481736796,10.468324941865983
0.6950000000000001,1.5691982154412387,10.46718492608865
0.6955,1.569245947693706,10.466045106369338
0.696,1.5692936784943305,10.46490548266185
0.6965000000000001,1.5693414078432444,10.463766054920043
0.6970000000000001,1.5693891357405805,10.462626823097741
0.6975,1.569436862186471,10.4614877871488
0.698,1.569484587181048,10.46034894702709
0.6985000000000001,1.5695323107244448,10.459210302686486
0.6990000000000001,1.5695800328167926,10.458071854080893
0.6995,1.5696277534582246,10.456933601164197
0.7,1.569675472648873,10.455795543890314
0.7005000000000001,1.56972319038887,10.454657682213178
0.7010000000000001,1.5697709066783476,10.453520016086738
0.7015,1.5698186215174386,10.452382545464928
0.702,1.569866334906275,10.451245270301717
0.7025000000000001,1.5699140468449888,10.450108190551095
0.7030000000000001,1.5699617573337128,10.448971306167028
0.7035,1.5700094663725785,10.447834617103533
0.704,1.5700571739617186,10.44669812331462
0.7045000000000001,1.570104880101265,10.44556182475432
0.7050000000000001,1.5701525847913498,10.444425721376659
0.7055,1.5702002880321053,10.443289813135692
0.706,1.5702479898236634,10.44215409998548
0.7065000000000001,1.5702956901661564,10.4410185818801
0.7070000000000001,1.570343389059716,10.439883258773634
0.7075,1.5703910865044746,10.438748130620187
0.708,1.570438782500564,10.437613197373864
0.7085000000000001,1.5704864770481162,10.436478458988782
0.7090000000000001,1.5705341701472633,10.435343915419091
0.7095,1.5705818617981369,10.434209566618936
0.71,1.5706295520008693,10.433075412542467
0.7105000000000001,1.5706772407555922,10.431941453143853
0.7110000000000001,1.5707249280624378,10.43080768837729
0.7115,1.5707726139215377,10.429674118196967
0.712,1.5708202983330235,10.428540742557093
0.7125000000000001,1.5708679812970276,10.427407561411894
0.7130000000000001,1.5709156628136813,10.426274574715597
0.7135,1.570963342883117,10.425141782422436
0.714,1.5710110215054658,10.424009184486689
0.7145000000000001,1.5710586986808597,10.422876780862667
0.7150000000000001,1.5711063744094305,10.421744571504718
0.7155,1.57115404869131,10.420612556367216
0.716,1.5712017215266296,10.419480735404543
0.7165000000000001,1.5712493929155213,10.418349108571077
0.7170000000000001,1.5712970628581164,10.417217675821234
0.7175,1.5713447313545468,10.416086437109433
0.718,1.571392398404944,10.414955392390079
0.7185000000000001,1.5714400640094397,10.413824541617632
0.7190000000000001,1.5714877281681652,10.412693884746542
0.7195,1.5715353908812524,10.411563421731257
0.72,1.5715830521488325,10.410433152526279
0.7205000000000001,1.5716307119710373,10.409303077086069
0.7210000000000001,1.5716783703479982,10.408173195365137
0.7215,1.5717260272798463,10.40704350731801
0.722,1.5717736827667137,10.405914012899188
0.7225000000000001,1.5718213368087315,10.404784712063226
0.7230000000000001,1.5718689894060307,10.403655604764658
0.7235,1.5719166405587435,10.402526690958046
0.724,1.5719642902670008,10.401397970597975
0.7245000000000001,1.5720119385309341,10.40026944363901
0.7250000000000001,1.5720595853506745,10.399141110035764
0.7255,1.5721072307263535,10.398012969742837
0.726,1.5721548746581022,10.396885022714853
0.7265000000000001,1.5722025171460523,10.395757268906438
0.7270000000000001,1.5722501581903345,10.394629708272241
0.7275,1.5722977977910806,10.393502340766915
0.728,1.5723454359484215,10.392375166345124
0.7284999999999999,1.572393072662488,10.39124818496157
0.7290000000000001,1.572440707933412,10.390121396570915
0.7295,1.5724883417613242,10.388994801127886
0.73,1.572535974146356,10.38786839858718
0.7304999999999999,1.5725836050886384,10.38674218890354
0.7310000000000001,1.5726312345883022,10.38561617203171
0.7315,1.5726788626454788,10.384490347926434
0.732,1.5727264892602995,10.383364716542468
0.7324999999999999,1.5727741144328946,10.382239277834604
0.7330000000000001,1.5728217381633958,10.38111403175761
0.7335,1.5728693604519337,10.37998897826631
0.734,1.5729169812986394,10.378864117315494
0.7344999999999999,1.5729646007036437,10.377739448860005
0.7350000000000001,1.573012218667078,10.376614972854664
0.7355,1.5730598351890728,10.375490689254322
0.736,1.573107450269759,10.374366598013841
0.7364999999999999,1.5731550639092675,10.373242699088104
0.7370000000000001,1.5732026761077293,10.372118992431977
0.7375,1.5732502868652751,10.370995478000356
0.738,1.5732978961820359,10.36987215574816
0.7384999999999999,1.573345504058142,10.368749025630303
0.7390000000000001,1.5733931104937249,10.367626087601735
0.7395,1.5734407154889147,10.366503341617472
0.74,1.5734883190438427,10.36538078763252
0.7404999999999999,1.573535921158639,10.364258425601948
0.7410000000000001,1.573583521833435,10.363136255480786
0.7415,1.573631121068361,10.362014277224105
0.742,1.5736787188635473,10.360892490786993
0.7424999999999999,1.573726315219125,10.359770896124523
0.7430000000000001,1.5737739101352246,10.358649493191797
0.7435,1.573821503611977,10.35752828194392
0.744,1.573869095649512,10.356407262336026
0.7444999999999999,1.573916686247961,10.355286434323249
0.7450000000000001,1.573964275407454,10.35416579786073
0.7455,1.574011863128122,10.353045352903624
0.746,1.5740594494100948,10.351925099407113
0.7464999999999999,1.5741070342535035,10.35080503732637
0.7470000000000001,1.5741546176584782,10.349685166616597
0.7475,1.5742021996251494,10.348565487232996
0.748,1.574249780153648,10.347445999130773
0.7484999999999999,1.5742973592441036,10.346326702265175
0.7490000000000001,1.5743449368966471,10.345207596591436
0.7495,1.5743925131114087,10.344088682064806
0.75,1.5744400878885185,10.342969958640568
0.7505,1.5744876612281073,10.34185142627397
0.7510000000000001,1.5745352331303053,10.340733084920313
0.7515000000000001,1.5745828035952427,10.339614934534904
0.752,1.5746303726230497,10.338496975073044
0.7525,1.5746779402138564,10.337379206490068
0.7530000000000001,1.5747255063677932,10.33626162874131
0.7535000000000001,1.5747730710849903,10.335144241782109
0.754,1.5748206343655782,10.334027045567824
0.7545,1.5748681962096864,10.332910040053836
0.7550000000000001,1.5749157566174454,10.331793225195524
0.7555000000000001,1.5749633155889853,10.330676600948285
0.756,1.5750108731244363,10.329560167267518
0.7565,1.5750584292239285,10.328443924108639
0.7570000000000001,1.5751059838875918,10.32732787142709
0.7575000000000001,1.5751535371155563,10.3262120091783
0.758,1.575201088907952,10.325096337317733
0.7585,1.5752486392649088,10.323980855800853
0.7590000000000001,1.5752961881865568,10.322865564583134
0.7595000000000001,1.5753437356730262,10.321750463620056
0.76,1.5753912817244466,10.320635552867135
0.7605,1.5754388263409482,10.319520832279863
0.7610000000000001,1.5754863695226606,10.318406301813788
0.7615000000000001,1.575533911269714,10.317291961424433
0.762,1.5755814515822382,10.316177811067336
0.7625,1.5756289904603629,10.31506385069807
0.7630000000000001,1.575676527904218,10.3139500802722
0.7635000000000001,1.5757240639139334,10.312836499745309
0.764,1.5757715984896385,10.311723109073046
0.7645,1.5758191316314636,10.31060990821107
0.7650000000000001,1.5758666633395382,10.30949689711508
0.7655000000000001,1.575914193613992,10.308384075740772
0.766,1.575961722454955,10.307271444043861
0.7665,1.5760092498625564,10.306159001980065
0.7670000000000001,1.5760567758369262,10.305046749505138
0.7675000000000001,1.576104300378194,10.303934686574808
0.768,1.5761518234864895,10.302822813144836
0.7685,1.5761993451619423,10.301711129171002
0.7690000000000001,1.5762468654046817,10.300599634609089
0.7695000000000001,1.5762943842148376,10.299488329414885
0.77,1.5763419015925395,10.298377213544196
0.7705,1.576389417537917,10.297266286952844
0.7710000000000001,1.5764369320510994,10.296155549596651
0.7715000000000001,1.5764844451322164,10.295045001431463
0.772,1.5765319567813971,10.293934642413136
0.7725,1.5765794669987716,10.292824472497525
0.7730000000000001,1.5766269757844689,10.291714491640505
0.7735000000000001,1.5766744831386186,10.290604699797974
0.774,1.5767219890613497,10.289495096925819
0.7745,1.576769493552792,10.288385682979964
0.7750000000000001,1.576816996613075,10.287276457916317
0.7755000000000001,1.5768644982423277,10.286167421690815
0.776,1.5769119984406794,10.2850585742594
0.7765,1.5769594972082595,10.283949915578045
0.7770000000000001,1.5770069945451974,10.282841445602697
0.7775000000000001,1.577054490451622,10.281733164289353
0.778,1.577101984927663,10.280625071593997
0.7785,1.5771494779734494,10.279517167472633
0.7790000000000001,1.5771969695891106,10.278409451881267
0.7795000000000001,1.5772444597747755,10.277301924775934
0.78,1.5772919485305732,10.276194586112672
0.7805,1.577339435856633,10.27508743584754
0.7810000000000001,1.5773869217530845,10.27398047393657
0.7815000000000001,1.577434406220056,10.272873700335856
0.782,1.5774818892576772,10.271767115001477
0.7825,1.5775293708660765,10.27066071788954
0.7830000000000001,1.5775768510453838,10.269554508956132
0.7835000000000001,1.5776243297957275,10.268448488157375
0.784,1.5776718071172369,10.267342655449417
0.7845,1.5777192830100408,10.266237010788377
0.7850000000000001,1.5777667574742684,10.265131554130424
0.7855000000000001,1.5778142305100484,10.264026285431708
0.786,1.5778617021175099,10.262921204648428
0.7865,1.5779091722967817,10.261816311736743
0.7870000000000001,1.577956641047993,10.260711606652874
0.7875000000000001,1.5780041083712724,10.259607089353022
0.788,1.5780515742667487,10.258502759793414
0.7885,1.5780990387345506,10.25739861793029
0.7890000000000001,1.5781465017748073,10.256294663719956
0.7895000000000001,1.5781939633876476,10.255190897118727
0.79,1.5782414235732,10.254087318082957
0.7905,1.5782888823315935,10.252983926568993
0.7910000000000001,1.5783363396629568,10.25188072253318
0.7915000000000001,1.5783837955674183,10.250777705931926
0.792,1.578431250045107,10.249674876721576
0.7925,1.5784787030961516,10.248572234858559
0.7929999999999999,1.5785261547206806,10.247469780299259
0.7935000000000001,1.5785736049188228,10.246367513000111
0.794,1.5786210536907066,10.245265432917542
0.7945,1.5786685010364607,10.244163540007987
0.7949999999999999,1.578715946956214,10.243061834227902
0.7955000000000001,1.5787633914500947,10.24196031553375
0.796,1.5788108345182315,10.240858983882012
0.7965,1.5788582761607528,10.239757839229172
0.7969999999999999,1.578905716377787,10.238656881531735
0.7975000000000001,1.578953155169463,10.237556110746203
0.798,1.5790005925359092,10.2364555268291
0.7985,1.5790480284772537,10.235355129736972
0.7989999999999999,1.579095462993625,10.234254919426348
0.7995000000000001,1.5791428960851517,10.233154895853783
0.8,1.579190327751962,10.232055058975858
0.8005,1.5792377579941848,10.230955408749132
0.8009999999999999,1.5792851868119477,10.229855945130218
0.8015000000000001,1.5793326142053796,10.228756668075693
0.802,1.5793800401746083,10.227657577542205
0.8025,1.5794274647197626,10.226558673486336
0.8029999999999999,1.5794748878409706,10.22545995586475
0.8035000000000001,1.5795223095383604,10.224361424634086
0.804,1.5795697298120603,10.223263079751
0.8045,1.5796171486621986,10.222164921172169
0.8049999999999999,1.5796645660889037,10.221066948854263
0.8055000000000001,1.5797119820923033,10.219969162753985
0.806,1.5797593966725259,10.218871562828033
0.8065,1.5798068098296996,10.217774149033126
0.8069999999999999,1.5798542215639524,10.216676921325982
0.8075000000000001,1.5799016318754124,10.215579879663355
0.808,1.5799490407642078,10.21448302400198
0.8085,1.579996448230467,10.213386354298617
0.8089999999999999,1.5800438542743171,10.212289870510048
0.8095000000000001,1.580091258895887,10.211193572593045
0.81,1.5801386620953044,10.210097460504413
0.8105,1.5801860638726972,10.209001534200954
0.8109999999999999,1.5802334642281934,10.207905793639476
0.8115000000000001,1.5802808631619212,10.206810238776828
0.812,1.5803282606740083,10.205714869569821
0.8125,1.5803756567645826,10.204619685975329
0.813,1.580423051433772,10.203524687950207
0.8135000000000001,1.5804704446817044,10.202429875451354
0.8140000000000001,1.5805178365085077,10.201335248435708
0.8145,1.5805652269143098,10.200240806860242
0.815,1.5806126158992384,10.199146550681924
0.8155000000000001,1.580660003463421,10.19805247985777
0.8160000000000001,1.5807073896069859,10.196958594344744
0.8165,1.5807547743300607,10.195864894099879
0.817,1.580802157632773,10.194771379080183
0.8175000000000001,1.5808495395152506,10.193678049242708
0.8180000000000001,1.5808969199776213,10.192584904544482
0.8185,1.5809442990200127,10.191491944942559
0.819,1.5809916766425522,10.190399170394018
0.8195000000000001,1.581039052845368,10.189306580855938
0.8200000000000001,1.5810864276285872,10.188214176285397
0.8205,1.5811338009923375,10.187121956639508
0.821,1.5811811729367466,10.186029921875377
0.8215000000000001,1.5812285434619422,10.184938071950123
0.8220000000000001,1.5812759125680518,10.183846406820889
0.8225,1.5813232802552029,10.182754926444806
0.823,1.5813706465235227,10.181663630779049
0.8235000000000001,1.581418011373139,10.180572519780775
0.8240000000000001,1.5814653748041791,10.179481593407166
0.8245,1.5815127368167707,10.17839085161541
0.825,1.581560097411041,10.177300294362718
0.8255000000000001,1.5816074565871177,10.176209921606288
0.8260000000000001,1.581654814345128,10.175119733303351
0.8265,1.5817021706851988,10.17402972941116
0.827,1.5817495256074583,10.172939909886926
0.8275000000000001,1.5817968791120334,10.17185027468793
0.8280000000000001,1.5818442311990515,10.170760823771431
0.8285,1.5818915818686399,10.169671557094714
0.829,1.5819389311209258,10.168582474615073
0.8295000000000001,1.5819862789560364,10.167493576289804
0.8300000000000001,1.5820336253740994,10.166404862076211
0.8305,1.5820809703752414,10.165316331931644
0.831,1.58212831395959,10.164227985813412
0.8315000000000001,1.5821756561272722,10.163139823678891
0.8320000000000001,1.5822229968784152,10.162051845485413
0.8325,1.5822703362131463,10.160964051190355
0.833,1.5823176741315925,10.159876440751093
0.8335000000000001,1.582365010633881,10.15878901412502
0.8340000000000001,1.5824123457201387,10.157701771269547
0.8345,1.5824596793904928,10.156614712142083
0.835,1.5825070116450701,10.15552783670006
0.8355000000000001,1.582554342483998,10.154441144900897
0.8360000000000001,1.5826016719074036,10.15335463670204
0.8365,1.5826489999154136,10.152268312060965
0.837,1.5826963265081548,10.151182170935131
0.8375000000000001,1.5827436516857547,10.150096213282023
0.8380000000000001,1.5827909754483398,10.149010439059122
0.8385,1.5828382977960371,10.14792484822397
0.839,1.5828856187289737,10.146839440734142
0.8395000000000001,1.5829329382472763,10.145754216547232
0.8400000000000001,1.5829802563510718,10.144669175620846
0.8405,1.5830275730404868,10.143584317912609
0.841,1.5830748883156487,10.142499643380118
0.8415000000000001,1.583122202176684,10.141415151981027
0.8420000000000001,1.5831695146237192,10.140330843673002
0.8425,1.5832168256568813,10.139246718413682
0.843,1.5832641352762973,10.138162776160735
0.8435000000000001,1.5833114434820936,10.137079016871848
0.8440000000000001,1.583358750274397,10.135995440504724
0.8445,1.5834060556533343,10.134912047017053
0.845,1.5834533596190319,10.13382883636656
0.8455000000000001,1.5835006621716168,10.132745808510952
0.8460000000000001,1.5835479633112153,10.131662963407987
0.8465,1.5835952630379542,10.130580301015407
0.847,1.5836425613519602,10.129497821290956
0.8475000000000001,1.5836898582533596,10.12841552419243
0.8480000000000001,1.583737153742279,10.127333409677588
0.8485,1.5837844478188454,10.126251477704226
0.849,1.5838317404831848,10.125169728230155
0.8495000000000001,1.5838790317354239,10.124088161213175
0.8500000000000001,1.5839263215756891,10.123006776611126
0.8505,1.583973610004107,10.121925574381832
0.851,1.5840208970208038,10.120844554483151
0.8515000000000001,1.5840681826259062,10.119763716872928
0.8520000000000001,1.5841154668195407,10.118683061509035
0.8525,1.5841627496018333,10.117602588349358
0.853,1.5842100309729106,10.116522297351784
0.8535000000000001,1.5842573109328988,10.115442188474216
0.8540000000000001,1.5843045894819243,10.114362261674563
0.8545,1.5843518666201137,10.113282516910747
0.855,1.584399142347593,10.112202954140708
0.8555000000000001,1.5844464166644883,10.111123573322395
0.8560000000000001,1.5844936895709263,10.110044374413752
0.8565,1.584540961067033,10.108965357372751
0.857,1.5845882311529345,10.10788652215738
0.8574999999999999,1.584635499828757,10.106807868725616
0.8580000000000001,1.5846827670946273,10.10572939703545
0.8585,1.5847300329506708,10.104651107044921
0.859,1.5847772973970138,10.103572998712037
0.8594999999999999,1.5848245604337827,10.102495071994822
0.8600000000000001,1.5848718220611036,10.101417326851331
0.8605,1.5849190822791022,10.100339763239617
0.861,1.584966341087905,10.099262381117741
0.8614999999999999,1.585013598487638,10.098185180443778
0.8620000000000001,1.5850608544784266,10.097108161175832
0.8625,1.5851081090603976,10.096031323271983
0.863,1.5851553622336767,10.094954666690343
0.8634999999999999,1.58520261399839,10.09387819138908
0.8640000000000001,1.585249864354663,10.092801897326378
0.8645,1.5852971133026221,10.091725784460461
0.865,1.5853443608423932,10.090649852749536
0.8654999999999999,1.585391606974102,10.089574102151829
0.8660000000000001,1.5854388516978746,10.088498532625607
0.8665,1.5854860950138367,10.087423144129092
0.867,1.5855333369221143,10.086347936620571
0.8674999999999999,1.5855805774228326,10.085272910058316
0.8680000000000001,1.5856278165161184,10.0841980644006
0.8685,1.5856750542020968,10.083123399605732
0.869,1.5857222904808939,10.082048915632008
0.8694999999999999,1.585769525352635,10.080974612437767
0.8700000000000001,1.5858167588174463,10.07990048998131
0.8705,1.5858639908754535,10.078826548220983
0.871,1.5859112215267819,10.077752787115157
0.8714999999999999,1.5859584507715576,10.076679206622169
0.8720000000000001,1.5860056786099062,10.075605806700409
0.8725,1.586052905041953,10.074532587308253
0.873,1.5861001300678237,10.073459548404093
0.8734999999999999,1.5861473536876443,10.07238668994634
0.8740000000000001,1.5861945759015401,10.07131401189339
0.8745,1.5862417967096365,10.0702415142037
0.875,1.5862890161120593,10.069169196835677
0.8755,1.586336234108934,10.068097059747794
0.8760000000000001,1.586383450700386,10.06702510289849
0.8765000000000001,1.5864306658865408,10.065953326246246
0.877,1.586477879667524,10.06488172974953
0.8775,1.586525092043461,10.06381031336685
0.8780000000000001,1.5865723030144772,10.06273907705669
0.8785000000000001,1.5866195125806979,10.061668020777583
0.879,1.5866667207422487,10.060597144488026
0.8795,1.5867139274992548,10.059526448146585
0.8800000000000001,1.5867611328518416,10.058455931711775
0.8805000000000001,1.5868083368001344,10.057385595142168
0.881,1.5868555393442587,10.056315438396329
0.8815,1.5869027404843399,10.055245461432827
0.8820000000000001,1.5869499402205027,10.054175664210263
0.8825000000000001,1.586997138552873,10.05310604668722
0.883,1.5870443354815758,10.052036608822322
0.8835,1.5870915310067362,10.050967350574176
0.8840000000000001,1.5871387251284794,10.049898271901421
0.8845000000000001,1.587185917846931,10.048829372762693
0.885,1.5872331091622156,10.04776065311665
0.8855,1.5872802990744588,10.046692112921955
0.8860000000000001,1.5873274875837855,10.04562375213728
0.8865000000000001,1.587374674690321,10.044555570721297
0.887,1.58742186039419,10.04348756863273
0.8875,1.5874690446955182,10.042419745830257
0.8880000000000001,1.5875162275944301,10.041352102272606
0.8885000000000001,1.587563409091051,10.040284637918552
0.889,1.587610589185506,10.03921735272688
0.8895,1.5876577678779198,10.038150246656416
0.8900000000000001,1.5877049451684178,10.037083319665978
0.8905000000000001,1.5877521210571246,10.036016571714415
0.891,1.5877992955441653,10.03495000276056
0.8915,1.5878464686296645,10.033883612763292
0.8920000000000001,1.5878936403137478,10.03281740168145
0.8925000000000001,1.5879408105965396,10.03175136947394
0.893,1.587987979478165,10.030685516099627
0.8935,1.5880351469587486,10.029619841517441
0.8940000000000001,1.5880823130384156,10.028554345686265
0.8945000000000001,1.5881294777172903,10.027489028565038
0.895,1.5881766409954978,10.026423890112689
0.8955,1.5882238028731632,10.025358930288151
0.8960000000000001,1.5882709633504106,10.024294149050402
0.8965000000000001,1.5883181224273653,10.023229546358376
0.897,1.5883652801041517,10.022165122171067
0.8975,1.5884124363808947,10.02110087644746
0.8980000000000001,1.5884595912577189,10.020036809146543
0.8985000000000001,1.588506744734749,10.018972920227325
0.899,1.5885538968121096,10.017909209648828
0.8995,1.5886010474899253,10.016845677370076
0.9000000000000001,1.5886481967683208,10.01578232335011
0.9005000000000001,1.5886953446474206,10.014719147547984
0.901,1.5887424911273493,10.013656149922747
0.9015,1.5887896362082317,10.012593330433473
0.9020000000000001,1.5888367798901921,10.01153068903925
0.9025000000000001,1.588883922173355,10.010468225699162
0.903,1.588931063057845,10.009405940372314
0.9035,1.5889782025437866,10.008343833017816
0.9040000000000001,1.5890253406313042,10.007281903594803
0.9045000000000001,1.5890724773205225,10.006220152062383
0.905,1.5891196126115654,10.005158578379728
0.9055,1.5891667465045576,10.004097182505987
0.9060000000000001,1.5892138789996235,10.00303596440032
0.9065000000000001,1.5892610100968876,10.001974924021901
0.907,1.5893081397964741,10.000914061329924
0.9075,1.5893552680985075,9.999853376283575
0.9080000000000001,1.5894023950031118,9.99879286884208
0.9085000000000001,1.5894495205104116,9.997732538964645
0.909,1.589496644620531,9.996672386610497
0.9095,1.5895437673335946,9.995612411738874
0.9100000000000001,1.589590888649726,9.994552614309042
0.9105000000000001,1.58963800856905,9.993492994280253
0.911,1.5896851270916905,9.99243355161178
0.9115,1.589732244217772,9.991374286262895
0.9120000000000001,1.5897793599474184,9.990315198192892
0.9125000000000001,1.589826474280754,9.989256287361087
0.913,1.5898735872179028,9.988197553726785
0.9135,1.589920698758989,9.987138997249351
0.9140000000000001,1.5899678089041367,9.986080617888165
0.9145000000000001,1.59001491765347,9.985022415602666
0.915,1.5900620250071127,9.983964390352254
0.9155,1.5901091309651894,9.982906542096359
0.9160000000000001,1.5901562355278236,9.981848870794442
0.9165000000000001,1.5902033386951395,9.980791376405937
0.917,1.590250440467261,9.979734058890315
0.9175,1.5902975408443123,9.978676918207052
0.9180000000000001,1.5903446398264172,9.977619954315623
0.9185000000000001,1.5903917374136998,9.97656316717552
0.919,1.5904388336062836,9.975506556746264
0.9195,1.5904859284042927,9.974450122987356
0.9199999999999999,1.5905330218078513,9.97339386585833
0.9205000000000001,1.5905801138170828,9.972337785318718
0.921,1.5906272044321113,9.971281881328057
0.9215,1.5906742936530605,9.970226153845925
0.9219999999999999,1.5907213814800543,9.969170602831873
0.9225000000000001,1.5907684679132164,9.968115228245484
0.923,1.5908155529526706,9.967060030046342
0.9235,1.5908626365985408,9.966005008194053
0.9239999999999999,1.5909097188509502,9.964950162648224
0.9245000000000001,1.5909567997100234,9.963895493368467
0.925,1.5910038791758834,9.96284100031442
0.9255,1.591050957248654,9.961786683445725
0.9259999999999999,1.591098033928459,9.960732542722026
0.9265000000000001,1.591145109215422,9.959678578102983
0.927,1.5911921831096667,9.958624789548274
0.9275,1.5912392556113162,9.95757117701759
0.9279999999999999,1.5912863267204949,9.956517740470598
0.9285000000000001,1.5913333964373257,9.95546447986702
0.929,1.5913804647619325,9.95441139516656
0.9295,1.5914275316944386,9.953358486328955
0.9299999999999999,1.5914745972349678,9.952305753313924
0.9305000000000001,1.5915216613836434,9.951253196081222
0.931,1.591568724140589,9.950200814590591
0.9315,1.5916157855059279,9.949148608801808
0.9319999999999999,1.5916628454797834,9.948096578674644
0.9325000000000001,1.5917099040622793,9.947044724168885
0.933,1.5917569612535387,9.945993045244332
0.9335,1.5918040170536853,9.94494154186078
0.9339999999999999,1.5918510714628422,9.943890213978058
0.9345000000000001,1.5918981244811328,9.94283906155599
0.935,1.5919451761086802,9.941788084554418
0.9355,1.5919922263456083,9.94073728293317
0.9359999999999999,1.59203927519204,9.93968665665213
0.9365000000000001,1.5920863226480988,9.938636205671147
0.937,1.5921333687139074,9.937585929950117
0.9375,1.5921804133895898,9.936535829448914
0.938,1.5922274566752685,9.935485904127452
0.9385000000000001,1.5922744985710673,9.93443615394566
0.9390000000000001,1.592321539077109,9.933386578863528
0.9395,1.5923685781935168,9.93233717884105
0.94,1.5924156159204141,9.931287953838225
0.9405000000000001,1.5924626522579237,9.930238903815084
0.9410000000000001,1.592509687206169,9.929190028731634
0.9415,1.592556720765273,9.928141328547918
0.942,1.592603752935359,9.927092803223982
0.9425000000000001,1.5926507837165496,9.926044452719891
0.9430000000000001,1.592697813108968,9.924996276995707
0.9435,1.592744841112737,9.923948276011512
0.944,1.5927918677279802,9.922900449727383
0.9445000000000001,1.59283889295482,9.921852798103439
0.9450000000000001,1.59288591679338,9.920805321099762
0.9455,1.5929329392437823,9.91975801867649
0.946,1.5929799603061505,9.918710890793742
0.9465000000000001,1.5930269799806074,9.917663937411666
0.9470000000000001,1.5930739982672757,9.916617158490398
0.9475,1.5931210151662785,9.915570553990108
0.948,1.5931680306777383,9.914524123870972
0.9485000000000001,1.5932150448017783,9.913477868093155
0.9490000000000001,1.593262057538521,9.912431786616862
0.9495,1.5933090688880895,9.911385879402282
0.95,1.5933560788506067,9.910340146409624
0.9505000000000001,1.5934030874261949,9.90929458759913
0.9510000000000001,1.5934500946149772,9.908249202931007
0.9515,1.593497100417076,9.907203992365517
0.952,1.5935441048326144,9.906158955862894
0.9525000000000001,1.5935911078617149,9.905114093383414
0.9530000000000001,1.5936381095045002,9.90406940488734
0.9535,1.593685109761093,9.903024890334963
0.954,1.5937321086316159,9.901980549686566
0.9545000000000001,1.5937791061161912,9.90093638290246
0.9550000000000001,1.593826102214942,9.899892389942963
0.9555,1.5938730969279908,9.898848570768376
0.956,1.59392009025546,9.897804925339054
0.9565000000000001,1.5939670821974723,9.896761453615342
0.9570000000000001,1.59401407275415,9.895718155557576
0.9575,1.594061061925616,9.894675031126141
0.958,1.5941080497119922,9.893632080281401
0.9585000000000001,1.5941550361134016,9.892589302983735
0.9590000000000001,1.5942020211299666,9.891546699193542
0.9595,1.5942490047618094,9.89050426887124
0.96,1.5942959870090525,9.889462011977228
0.9605000000000001,1.5943429678718186,9.888419928471924
0.9610000000000001,1.5943899473502297,9.887378018315792
0.9615,1.5944369254444084,9.88633628146925
0.962,1.5944839021544768,9.885294717892778
0.9625000000000001,1.5945308774805573,9.884253327546832
0.9630000000000001,1.5945778514227726,9.883212110391872
0.9635,1.5946248239812446,9.882171066388423
0.964,1.5946717951560958,9.88113019549703
0.9645000000000001,1.5947187649474481,9.88008949767828
0.9650000000000001,1.5947657333554242,9.87904897289274
0.9655,1.594812700380146,9.878008621100996
0.966,1.5948596660217358,9.876968442263667
0.9665000000000001,1.5949066302803159,9.87592843634134
0.9670000000000001,1.5949535931560084,9.87488860329465
0.9675,1.5950005546489352,9.873848943084237
0.968,1.5950475147592187,9.87280945567072
0.9685000000000001,1.5950944734869812,9.871770141014768
0.9690000000000001,1.5951414308323444,9.870730999077026
0.9695,1.5951883867954306,9.869692029818184
0.97,1.595235341376362,9.8686532331989
0.9705000000000001,1.5952822945752603,9.867614609179892
0.9710000000000001,1.5953292463922477,9.866576157721834
0.9715,1.5953761968274462,9.865537878785462
0.972,1.5954231458809778,9.864499772331492
0.9725000000000001,1.5954700935529644,9.863461838320642
0.9730000000000001,1.5955170398435283,9.862424076713662
0.9735,1.5955639847527907,9.861386487471322
0.974,1.5956109282808744,9.86034907055435
0.9745000000000001,1.5956578704279007,9.859311825923534
0.9750000000000001,1.5957048111939915,9.85827475353967
0.9755,1.595751750579269,9.857237853363532
0.976,1.5957986885838549,9.856201125355934
0.9765000000000001,1.595845625207871,9.855164569477672
0.9770000000000001,1.5958925604514391,9.854128185689587
0.9775,1.595939494314681,9.853091973952496
0.978,1.5959864267977184,9.85205593422725
0.9785000000000001,1.5960333579006734,9.851020066474696
0.9790000000000001,1.596080287623667,9.849984370655713
0.9795,1.5961272159668218,9.848948846731146
0.98,1.596174142930259,9.847913494661908
0.9805000000000001,1.5962210685141003,9.846878314408862
0.9810000000000001,1.5962679927184675,9.845843305932934
0.9815,1.5963149155434824,9.844808469195023
0.982,1.5963618369892663,9.843773804156056
0.9825000000000002,1.5964087570559409,9.842739310776967
0.9830000000000001,1.596455675743628,9.841704989018698
0.9835,1.5965025930524488,9.840670838842204
0.984,1.596549508982525,9.83963686020844
0.9844999999999999,1.5965964235339787,9.838603053078382
0.9850000000000001,1.5966433367069306,9.837569417413023
0.9855,1.5966902485015027,9.836535953173343
0.986,1.5967371589178163,9.835502660320342
0.9864999999999999,1.596784067955993,9.834469538815044
0.9870000000000001,1.5968309756161543,9.833436588618472
0.9875,1.5968778818984213,9.832403809691646
0.988,1.5969247868029157,9.831371201995628
0.9884999999999999,1.5969716903297588,9.830338765491458
0.9890000000000001,1.597018592479072,9.82930650014027
0.9895,1.597065493250977,9.828274405903183
0.99,1.5971123926455943,9.82724248274136
0.9904999999999999,1.5971592906630463,9.826210730615937
0.9910000000000001,1.5972061873034535,9.825179149488088
0.9915,1.5972530825669375,9.82414773931899
0.992,1.5972999764536195,9.823116500069835
0.9924999999999999,1.5973468689636208,9.822085431701804
0.9930000000000001,1.5973937600970627,9.821054534176104
0.9935,1.5974406498540663,9.820023807453957
0.994,1.5974875382347529,9.818993251496579
0.9944999999999999,1.5975344252392436,9.817962866265212
0.9950000000000001,1.5975813108676595,9.816932651721096
0.9955,1.597628195120122,9.815902607825484
0.996,1.5976750779967523,9.814872734539643
0.9964999999999999,1.5977219594976713,9.813843031824844
0.9970000000000001,1.5977688396229999,9.812813499642377
0.9975,1.5978157183728596,9.811784137953525
0.998,1.5978625957473709,9.810754946719616
0.9984999999999999,1.5979094717466555,9.809725925901942
0.9990000000000001,1.5979563463708342,9.808697075461824
0.9995,1.5980032196200278,9.807668395360608
1.0,1.5980500914943574,9.806639885559635
