x,r_m,rho_dimless,pr_dimless,pt_dimless,enclosed_mass_kg,compactness,nu,lambda_metric
1e-05,3.3e-07,2.1366018228299,1.8278532069302775,1.8278532069302775,0.0,0.0,-5.385172499886032e-33,0.0
0.03001373546693337,0.0009904532704088013,2.1365591750259907,1.8278071753081269,1.8277611441332258,6.17937171856589e-14,9.266263460483951e-38,-5.3850896775225734e-33,4.6331317302419757e-38
0.060017470933866744,0.0019805765408176025,2.1364312940002894,1.8276691473490108,1.8274850952545372,4.928042350938755e-13,3.6955332507339645e-37,-5.38484268324845e-33,1.8477666253669822e-37
0.09002120640080011,0.0029706998112264036,2.1362181965625,1.827439139913867,1.8270251109261972,1.662036958542489e-12,8.309525439556036e-37,-5.3844312181750776e-33,4.154762719778018e-37
0.12002494186773348,0.003960823081635205,2.1359199108796516,1.8271171812404656,1.8263812756647686,3.938320600827428e-12,1.4767940587157904e-36,-5.383855308043725e-33,7.383970293578952e-37
0.15002867733466685,0.004950946352044006,2.135536476190575,1.8267033106816564,1.8255537075899875,7.690218925385548e-12,2.3069851371322225e-36,-5.3831150184815445e-33,1.1534925685661112e-36
0.18003241280160023,0.005941069622452808,2.1350679429664905,1.8261975788544256,1.8245425585533748,1.3285942574702426e-11,3.321406586893807e-36,-5.3822104410083646e-33,1.6607032934469033e-36
0.2100361482685336,0.0069311928928616085,2.1345143728702793,1.8256000476028522,1.823348014074957,2.1093261015491542e-11,4.5199127861732846e-36,-5.381141690059069e-33,2.2599563930866423e-36
0.24003988373546697,0.00792131616327041,2.133875838785316,1.8249107900255601,1.8219702933385555,3.147941462909875e-11,5.90233171850095e-36,-5.379908902004863e-33,2.951165859250475e-36
0.27004361920240033,0.00891143943367921,2.133152424776717,1.824129890440793,1.820409649118952,4.481102697602844e-11,7.468465013410225e-36,-5.378512234738749e-33,3.7342325067051124e-36
0.3000473546693337,0.009901562704088013,2.1323442260516186,1.8232574443507428,1.818666367702554,6.14540172634869e-11,9.218087993149216e-36,-5.376951867462436e-33,4.609043996574608e-36
0.33005109013626704,0.010891685974496813,2.131451348939888,1.8222935584249187,1.8167407688213233,8.177351304473615e-11,1.1150949725524593e-35,-5.375228000556285e-33,5.5754748627622966e-36
0.36005482560320046,0.011881809244905615,2.130473910872749,1.8212383504817509,1.8146332055791785,1.061337631789595e-10,1.3266773082888345e-35,-5.373340855486534e-33,6.633386541444173e-36
0.3900585610701338,0.012871932515314417,2.1294120403611423,1.8200919494700891,1.8123440643725546,1.3489805108024287e-10,1.5565254807260303e-35,-5.371290674729823e-33,7.782627403630152e-36
0.42006229653706717,0.013862055785723217,2.128265877005881,1.8188544954802726,1.8098737648345335,1.6842860828411703e-10,1.804606558156633e-35,-5.369077721705478e-33,9.023032790783165e-36
0.4500660320040005,0.014852179056132018,2.127035571465807,1.8175261397165092,1.8072227597347035,2.0708652835993923e-10,2.0708850106966105e-35,-5.366702280710644e-33,1.0354425053483053e-35
0.48006976747093394,0.01584230232654082,2.1257212853942433,1.8161070444400798,1.804391534844428,2.5123168119749237e-10,2.3553227186266918e-35,-5.3641646568555765e-33,1.1776613593133459e-35
0.5100735029378672,0.01683242559694962,2.1243231914051943,1.8145973829402333,1.801380608824024,3.0122262769591513e-10,2.657878981339808e-35,-5.361465175997557e-33,1.328939490669904e-35
0.5400772384048006,0.017822548867358422,2.122841473038567,1.812997339504338,1.798190533103574,3.5741653488289316e-10,2.978510526891662e-35,-5.358604184672516e-33,1.489255263445831e-35
0.570080973871734,0.01881267213776722,2.121276324723539,1.8113071093864952,1.7948218917566054,4.2016909149189777e-10,3.317171522151602e-35,-5.355582050023816e-33,1.658585761075801e-35
0.6000847093386673,0.019802795408176022,2.1196279517655094,1.8095268987981314,1.7912753013897762,4.898344240250275e-10,3.673813583550356e-35,-5.352399159727843e-33,1.836906791775178e-35
0.6300884448056007,0.020792918678584824,2.117896570322022,1.8076569248885779,1.7875514110169421,5.667650133286734e-10,4.0483857884201213e-35,-5.3490559219161776e-33,2.0241928942100607e-35
0.660092180272534,0.021783041948993623,2.116082407319051,1.805697415670664,1.7836509018735733,6.513116117094906e-10,4.440834686925918e-35,-5.345552765094196e-33,2.220417343462959e-35
0.6900959157394675,0.022773165219402428,2.1141857004009728,1.8036486099776656,1.779574487256714,7.438231606178019e-10,4.85110431458516e-35,-5.341890138056011e-33,2.42555215729258e-35
0.7200996512064008,0.02376328848981123,2.112206697882511,1.8015107574222635,1.7753229123614906,8.446467089251565e-10,5.279136205370928e-35,-5.338068509795688e-33,2.639568102685464e-35
0.7501033866733342,0.02475341176022003,2.1101456586985097,1.7992841183536974,1.7708969541104296,9.541273318226327e-10,5.724869405395011e-35,-5.334088369414712e-33,2.8624347026975056e-35
0.7801071221402676,0.02574353503062883,2.108002852366975,1.7969689638273947,1.766297420989499,1.0726080503661774e-09,6.18824048716636e-35,-5.3299502260256736e-33,3.09412024358318e-35
0.8101108576072009,0.026733658301037633,2.1057785589680647,1.7945655755895495,1.7615251528931353,1.2004297516947486e-09,6.66918356441888e-35,-5.32565460865219e-33,3.33459178220944e-35
0.8401145930741343,0.02772378157144643,2.103473069047544,1.7920742459920707,1.7565810208961004,1.3379311099473697e-09,7.167630307506147e-35,-5.3212020661250506e-33,3.5838151537530737e-35
0.8701183285410676,0.028713904841855233,2.101086683547994,1.7894952779334068,1.751465927045513,1.4854485079050105e-09,7.683509959360202e-35,-5.3165931669745696e-33,3.841754979680101e-35
0.900122064008001,0.029704028112264035,2.0986197137476683,1.7868289848066876,1.7461808041548406,1.6433159593823917e-09,8.216749352008331e-35,-5.311828499319197e-33,4.1083746760041654e-35
0.9301257994749343,0.030694151382672834,2.0960724811958724,1.7840756904448687,1.7407266155898264,1.8118650323946923e-09,8.767272923642689e-35,-5.3069086707503705e-33,4.3836364618213447e-35
0.9601295349418678,0.03168427465308164,2.0934453169564846,1.7812357284262934,1.7351043544360663,1.9914247730957e-09,9.33500273610561e-35,-5.301834308214275e-33,4.667501368052805e-35
0.9901332704088012,0.03267439792349044,2.090738564937454,1.7783094451592252,1.7293150462843752,2.182321630631433e-09,9.919858493357158e-35,-5.296606057887888e-33,4.959929246678579e-35
1.0201370058757346,0.03366452119389925,2.0879525751143606,1.7752971936206412,1.7233597430529866,2.384879382792354e-09,1.052175756020695e-34,-5.291224585052437e-33,5.260878780103475e-35
1.050140741342668,0.03465464446430805,2.0850877105159684,1.7721993398225078,1.7172395289977267,2.59941906232529e-09,1.1140614980662275e-34,-5.2856905739677304e-33,5.570307490331137e-35
1.0801444768096014,0.035644767734716844,2.082144343404031,1.7690162592846903,1.7109555171499153,2.8262588846782388e-09,1.1776343499188687e-34,-5.280004727731605e-33,5.888171749594343e-35
1.1101482122765347,0.036634891005125646,2.079122854062413,1.7657483359222874,1.7045088480733077,3.0657141759413827e-09,1.2428853579318397e-34,-5.2741677681504995e-33,6.214426789659199e-35
1.140151947743468,0.03762501427553445,2.076023636451724,1.7623959672809455,1.6979006946301813,3.318097302440155e-09,1.3098053425841996e-34,-5.268180435592393e-33,6.549026712920998e-35
1.1701556832104014,0.03861513754594325,2.0728470892372446,1.7589595562474363,1.6911322539370008,3.583717600782125e-09,1.3783849005331517e-34,-5.2620434888460125e-33,6.891924502665759e-35
1.2001594186773348,0.03960526081635205,2.0695936255810676,1.755439520112091,1.6842047557097535,3.8628813090362565e-09,1.4486144067831635e-34,-5.2557577049737895e-33,7.243072033915818e-35
1.2301631541442681,0.040595384086760854,2.066263664692841,1.7518362827629288,1.67711945470389,4.1558914992122654e-09,1.5204840170133078e-34,-5.249323879155997e-33,7.602420085066539e-35
1.2601668896112015,0.04158550735716965,2.0628576364707056,1.7481502789858383,1.6698776345385147,4.46304801006691e-09,1.5939836696889e-34,-5.24274282454392e-33,7.9699183484445e-35
1.2901706250781348,0.04257563062757845,2.0593759814024164,1.7443819543808246,1.6624806073874572,4.784647381924884e-09,1.669103088581268e-34,-5.2360153720929e-33,8.34551544290634e-35
1.3201743605450682,0.04356575389798725,2.055819145787853,1.7405317609533704,1.6549297096562567,5.120982791566242e-09,1.7458317849666124e-34,-5.229142370408955e-33,8.729158924833062e-35
1.3501780960120016,0.044555877168396055,2.052187589918865,1.7366001646874458,1.6472263087746055,5.472343988982002e-09,1.8241590601544166e-34,-5.2221246855792394e-33,9.120795300772083e-35
1.3801818314789351,0.045546000438804864,2.048481778251387,1.7325876364665516,1.6393717945650845,5.8390172349079134e-09,1.9040740079398324e-34,-5.21496320100454e-33,9.520370039699162e-35
1.4101855669458685,0.046536123709213666,2.044702188041028,1.7284946600697446,1.6313675863766313,6.221285239236327e-09,1.985565517023243e-34,-5.2076588172324514e-33,9.927827585116216e-35
1.4401893024128019,0.04752624697962246,2.0408493036291926,1.7243217268971953,1.623215127989371,6.619427101389072e-09,2.0686222737402166e-34,-5.2002124517747964e-33,1.0343111368701083e-34
1.4701930378797352,0.04851637025003126,2.0369236174648164,1.7200693369263778,1.6149158882518482,7.033718250641089e-09,2.153232764442102e-34,-5.1926250389401796e-33,1.076616382221051e-34
1.5001967733466686,0.049506493520440065,2.0329256336054917,1.7157380019604593,1.606471363777491,7.464430388955939e-09,2.239385278344546e-34,-5.1848975296437935e-33,1.119692639172273e-34
1.530200508813602,0.05049661679084887,2.02885586017843,1.7113282386675848,1.597883072379038,7.91183143390979e-09,2.3270679100669057e-34,-5.177030891230187e-33,1.1635339550334528e-34
1.5602042442805353,0.05148674006125767,2.0247148187502226,1.7068405772587432,1.5891525606476757,8.376185463412268e-09,2.416268562396998e-34,-5.169026107284782e-33,1.208134281198499e-34
1.5902079797474686,0.05247686333166647,2.0205030351290048,1.7022755529925346,1.5802813960376179,8.85775266179921e-09,2.5069749491311485e-34,-5.1608841774404454e-33,1.2534874745655743e-34
1.620211715214402,0.053466986602075266,2.0162210456273715,1.6976337119815665,1.5712711718101997,9.356789266292785e-09,2.599174597700723e-34,-5.152606117193078e-33,1.2995872988503615e-34
1.6502154506813353,0.05445710987248407,2.0118693947676536,1.6929156090824684,1.5621235048662017,9.873547516171092e-09,2.6928548522511018e-34,-5.144192957695011e-33,1.3464274261255509e-34
1.6802191861482687,0.05544723314289287,2.0074486326647625,1.6881218054892433,1.552840033342805,1.0408275601536089e-08,2.788002876283172e-34,-5.1356457455675076e-33,1.394001438141586e-34
1.710222921615202,0.05643735641330167,2.002959321485971,1.6832528747234856,1.5434224216220462,1.0961217614866819e-08,2.8846056557497645e-34,-5.126965542691269e-33,1.4423028278748823e-34
1.7402266570821354,0.057427479683710474,1.998402026357904,1.6783093942364422,1.5338723526553442,1.1532613502966484e-08,2.9826500019336246e-34,-5.118153426005664e-33,1.4913250009668123e-34
1.7702303925490688,0.058417602954119276,1.993777324386723,1.6732919537708038,1.5241915350072608,1.212269902027395e-08,3.0821225543796174e-34,-5.109210487304656e-33,1.5410612771898087e-34
1.8002341280160021,0.05940772622452807,1.9890857974997767,1.668201148752289,1.5143816967894408,1.2731705684391309e-08,3.1830097840877283e-34,-5.1001378330192815e-33,1.5915048920438642e-34
1.8302378634829355,0.06039784949493687,1.9843280354886925,1.6630375831230362,1.504444587838422,1.3359860731307064e-08,3.2852979963171735e-34,-5.0909365840171996e-33,1.6426489981585868e-34
1.8602415989498688,0.061387972765345675,1.9795046372872094,1.657801870540926,1.4943819804402667,1.4007387074004179e-08,3.38897333393806e-34,-5.081607875375781e-33,1.69448666696903e-34
1.8902453344168022,0.06237809603575448,1.974616205232892,1.6524946290861382,1.4841956644885559,1.4674503260512328e-08,3.4940217803315283e-34,-5.072152856174869e-33,1.7470108901657641e-34
1.9202490698837358,0.06336821930616328,1.969663353411977,1.647116489004871,1.473887453798262,1.5361423434639433e-08,3.600429162645967e-34,-5.0625726892722296e-33,1.8002145813229835e-34
1.9502528053506691,0.06435834257657208,1.964646698374665,1.6416680841317637,1.463459178494173,1.606835729776639e-08,3.708181154998021e-34,-5.052868551080147e-33,1.8540905774990105e-34
1.9802565408176025,0.06534846584698088,1.959566866497445,1.6361500587276154,1.452912690498869,1.6795510071225356e-08,3.817263281515232e-34,-5.043041631348578e-33,1.908631640757616e-34
2.010260276284536,0.06633858911738968,1.95442448978468,1.6305630636110653,1.44224985994651,1.7543082461871595e-08,3.927660919821187e-34,-5.033093132926512e-33,1.9638304599105935e-34
2.040264011751469,0.06732871238779849,1.9492202053985788,1.6249077557448512,1.4314725745336723,1.8311270626694807e-08,4.039359304001297e-34,-5.023024271546392e-33,2.0196796520006487e-34
2.0702677472184026,0.06831883565820729,1.9439546601325066,1.6191848024018531,1.4205827426597575,1.910026614121532e-08,4.152343528133472e-34,-5.012836275581366e-33,2.076171764066736e-34
2.100271482685336,0.06930895892861609,1.9386285025431769,1.6133948738972614,1.409582287085934,1.991025596753454e-08,4.266598549442102e-34,-5.002530385818705e-33,2.133299274721051e-34
2.1302752181522693,0.07029908219902489,1.9332423917597144,1.6075386517765557,1.3984731513617439,2.0741422424484794e-08,4.382109191629032e-34,-4.992107855224241e-33,2.191054595814516e-34
2.1602789536192026,0.0712892054694337,1.9277969894337186,1.6016168213771733,1.3872572933892253,2.1593943159859178e-08,4.4988601483603215e-34,-4.981569948698215e-33,2.2494300741801608e-34
2.190282689086136,0.0722793287398425,1.9222929644395925,1.5956300762122002,1.3759366886813933,2.2467991122211042e-08,4.61683598637798e-34,-4.9709179428476725e-33,2.30841799318899e-34
2.2202864245530693,0.0732694520102513,1.9167309920332054,1.589579117215727,1.3645133294027834,2.3363734536760687e-08,4.736021149191961e-34,-4.960153125730777e-33,2.3680105745959803e-34
2.2502901600200027,0.07425957528066009,1.911111750115468,1.5834646493034779,1.3529892212759749,2.428133687991792e-08,4.856399960199972e-34,-4.949276796626557e-33,2.428199980099986e-34
2.280293895486936,0.07524969855106889,1.9054359260739202,1.5772873877494047,1.3413663883477265,2.522095685752232e-08,4.977956626294757e-34,-4.938290265781138e-33,2.4889783131473785e-34
2.3102976309538694,0.07623982182147769,1.8997042080296151,1.5710480500891972,1.3296468661980672,2.618274838341388e-08,5.1006752412546625e-34,-4.927194854162715e-33,2.5503376206273313e-34
2.3403013664208028,0.07722994509188649,1.8939172927195753,1.564747363468999,1.3178327074301284,2.7166860559063956e-08,5.2245397890772895e-34,-4.915991893218367e-33,2.6122698945386447e-34
2.370305101887736,0.0782200683622953,1.8880758798200288,1.5583860594031889,1.3059259771847178,2.817343765650905e-08,5.349534147687103e-34,-4.9046827246122196e-33,2.6747670738435516e-34
2.4003088373546695,0.0792101916327041,1.88218067343707,1.5519648751909894,1.293928753922207,2.920261909982316e-08,5.475642092090954e-34,-4.893268699988301e-33,2.737821046045477e-34
2.430312572821603,0.0802003149031129,1.8762323845041176,1.5454845561775583,1.2818431308224243,3.0254539451301666e-08,5.602847298172369e-34,-4.8817511807026606e-33,2.8014236490861844e-34
2.460316308288536,0.0811904381735217,1.8702317245078919,1.5389458499533721,1.269671210959495,3.1329328396275676e-08,5.7311333459577e-34,-4.8701315375788226e-33,2.86556667297885e-34
2.4903200437554696,0.0821805614439305,1.864179413510704,1.5323495138518957,1.257415112718017,3.2427110730986103e-08,5.860483723199134e-34,-4.8584111506476695e-33,2.930241861599567e-34
2.520323779222403,0.0831706847143393,1.8580761718320162,1.5256963072437275,1.245076963545181,3.354800635192456e-08,5.990881828963715e-34,-4.8465914088856896e-33,2.9954409144818575e-34
2.5503275146893363,0.0841608079847481,1.8519227259141866,1.5189869970348997,1.2326589037923348,3.469213024486796e-08,6.122310976914976e-34,-4.834673709966702e-33,3.061155488457488e-34
2.5803312501562696,0.08515093125515691,1.8457198056313124,1.5122223551983116,1.220163084482248,3.5859592478408954e-08,6.254754399149792e-34,-4.822659459986485e-33,3.127377199574896e-34
2.610334985623203,0.0861410545255657,1.839468142565601,1.5054031572060664,1.2075916657959584,3.705049819524079e-08,6.388195249383454e-34,-4.8105500732167034e-33,3.194097624691727e-34
2.6403387210901363,0.0871311777959745,1.8331684750518717,1.4985301867747451,1.1949468202494529,3.826494760821476e-08,6.522616606731101e-34,-4.798346971830072e-33,3.2613083033655506e-34
2.6703424565570697,0.0881213010663833,1.8268215404600423,1.4916042287057787,1.1822307270327368,3.9503035995612804e-08,6.658001479101954e-34,-4.786051585642235e-33,3.329000739550977e-34
2.700346192024003,0.0891114243367921,1.8204280830143988,1.484626076228708,1.1694455770750798,4.076485369823472e-08,6.794332806669702e-34,-4.773665351849284e-33,3.397166403334851e-34
2.7303499274909364,0.0901015476072009,1.8139888471656294,1.4775965248540894,1.1565935681720247,4.205048611939665e-08,6.931593465593979e-34,-4.761189714752172e-33,3.4657967327969893e-34
2.76035366295787,0.09109167087760972,1.80750458069976,1.470516375324811,1.1436769067978698,4.33600137231772e-08,7.069766271213401e-34,-4.748626125504878e-33,3.5348831356067004e-34
2.7903573984248036,0.09208179414801852,1.800976035145124,1.4633864340447327,1.130697808044504,4.469351203803267e-08,7.208833981898627e-34,-4.735976041830538e-33,3.6044169909493136e-34
2.820361133891737,0.09307191741842732,1.7944039613141756,1.4562075089523911,1.1176584923086714,4.605105165788002e-08,7.348779302255369e-34,-4.72324092776677e-33,3.6743896511276846e-34
2.8503648693586703,0.09406204068883613,1.787789116037924,1.4489804158815014,1.1045611894839755,4.743269824731265e-08,7.489584886777692e-34,-4.710422253388975e-33,3.744792443388846e-34
2.8803686048256036,0.09505216395924493,1.7811322542109491,1.4417059711528308,1.0914081333305936,4.88385125471937e-08,7.631233343331962e-34,-4.697521494540157e-33,3.815616671665981e-34
2.910372340292537,0.09604228722965373,1.77443413524616,1.4343849976842542,1.0782015654561539,5.0268550380379806e-08,7.773707236445465e-34,-4.6845401325690044e-33,3.886853618222732e-34
2.9403760757594704,0.09703241050006253,1.7676955189455699,1.4270183211676728,1.0649437322555366,5.172286266183145e-08,7.916989091065124e-34,-4.671479654044531e-33,3.958494545532562e-34
2.9703798112264037,0.09802253377047132,1.760917165619442,1.419606770235596,1.0516368846918533,5.320149540576029e-08,8.061061395639467e-34,-4.6583415505014164e-33,4.030530697819734e-34
3.000383546693337,0.09901265704088012,1.7540998392271354,1.4121511794763486,1.038283280028708,5.470448973841929e-08,8.205906605862113e-34,-4.6451273181530804e-33,4.102953302931056e-34
3.0303872821602704,0.10000278031128892,1.7472443010675394,1.4046523835477964,1.0248851774112835,5.6231881908739227e-08,8.35150714787301e-34,-4.631838457628915e-33,4.175753573936505e-34
3.060391017627204,0.10099290358169773,1.7403513169783282,1.3971112240286285,1.0114448422356892,5.778370330173855e-08,8.49784542167925e-34,-4.618476473700178e-33,4.248922710839625e-34
3.090394753094137,0.10198302685210653,1.733421650352651,1.3895285428881803,0.9979645413150656,5.935998045390131e-08,8.644903804663197e-34,-4.6050428750002603e-33,4.322451902331599e-34
3.1203984885610705,0.10297315012251533,1.7264560663924864,1.3819051865702194,0.9844465453321409,6.096073506683538e-08,8.792664654640237e-34,-4.591539173765202e-33,4.396332327320119e-34
3.150402224028004,0.10396327339292413,1.7194553307820353,1.3742420048056196,0.9708931276699267,6.258598402648766e-08,8.941110313535607e-34,-4.577966885543518e-33,4.4705551567678035e-34
3.180405959494937,0.10495339666333293,1.7124202070754688,1.3665398482022786,0.957306562453761,6.423573941872134e-08,9.090223110338344e-34,-4.564327528938966e-33,4.545111555169172e-34
3.2104096949618706,0.10594351993374174,1.705351461820367,1.3587995731799756,0.9436891275186037,6.591000855001395e-08,9.23998536460744e-34,-4.550622625325946e-33,4.61999268230372e-34
3.240413430428804,0.10693364320415054,1.698249857493686,1.3510220353272373,0.9300430996184703,6.760879396707239e-08,9.390379389632824e-34,-4.5368536985797354e-33,4.695189694816412e-34
3.2704171658957373,0.10792376647455934,1.691116158958232,1.3432080956204842,0.9163707582445204,6.933209347729877e-08,9.541387495539399e-34,-4.523022274808329e-33,4.7706937477696996e-34
3.3004209013626706,0.10891388974496814,1.6839511284150666,1.3353586156897375,0.9026743821266027,7.107990017293258e-08,9.69299199272313e-34,-4.509129882066885e-33,4.846495996361565e-34
3.330424636829604,0.10990401301537693,1.6767555270306822,1.3274744594475933,0.8889562499944896,7.285220245181966e-08,9.8451751946455e-34,-4.495178050101489e-33,4.92258759732275e-34
3.3604283722965373,0.11089413628578573,1.6695301162524976,1.319556494430873,0.8752186411163462,7.46489840442758e-08,9.997919421294608e-34,-4.48116831005964e-33,4.998959710647304e-34
3.3904321077634707,0.11188425955619453,1.6622756531313763,1.3116055873969745,0.8614638320789394,7.6470224036381e-08,1.0151207001988596e-33,-4.46710219423066e-33,5.075603500994298e-34
3.420435843230404,0.11287438282660334,1.6549928964079397,1.3036226102542767,0.8476941003536065,7.831589689703332e-08,1.0305020278526275e-33,-4.4529812357681776e-33,5.152510139263137e-34
3.4504395786973374,0.11386450609701214,1.6476825997956817,1.295608433686466,0.8339117197870121,8.018597250553514e-08,1.0459341608242787e-33,-4.438806968415423e-33,5.2296708041213935e-34
3.4804433141642708,0.11485462936742094,1.6403455168070473,1.2875639318920595,0.8201189633929616,8.20804161778472e-08,1.0614153366734964e-33,-4.42458092624512e-33,5.307076683367482e-34
3.510447049631204,0.11584475263782974,1.6329823981046476,1.2794899801197108,0.8063181014082432,8.399918869795703e-08,1.0769437951102631e-33,-4.4103046433727705e-33,5.384718975551316e-34
3.5404507850981375,0.11683487590823854,1.625593990571005,1.2713874538563594,0.7925114004627432,8.594224634477243e-08,1.0925177782456207e-33,-4.395979653703863e-33,5.462588891228104e-34
3.570454520565071,0.11782499917864735,1.6181810407006028,1.26325723222015,0.778701125469859,8.7909540924779e-08,1.1081355309024491e-33,-4.381607490650426e-33,5.540677654512246e-34
3.600458256032004,0.11881512244905615,1.6107442888116097,1.2551001924226968,0.7648895357110725,8.99010198019893e-08,1.1237953008768485e-33,-4.3671896868697604e-33,5.6189765043842425e-34
3.6304619914989376,0.11980524571946495,1.6032844749483475,1.2469172156292807,0.7510788883572478,9.191662592960503e-08,1.1394953392077962e-33,-4.352727773997654e-33,5.697476696038981e-34
3.660465726965871,0.12079536898987375,1.595802333507956,1.2387091818072542,0.7372714347949735,9.395629788404548e-08,1.1552339004626371e-33,-4.3382232823719015e-33,5.776169502313186e-34
3.6904694624328043,0.12178549226028254,1.5882985959001736,1.2304769724371756,0.7234694221155069,9.601996989560087e-08,1.1710092429674876e-33,-4.3236777407811924e-33,5.855046214837438e-34
3.7204731978997376,0.12277561553069134,1.5807739902978857,1.2222214703808887,0.7096750927209989,9.810757188499358e-08,1.1868196290979575e-33,-4.309092676182483e-33,5.934098145489787e-34
3.750476933366671,0.12376573880110014,1.5732292386329334,1.2139435570204744,0.69589068216859,1.0021902949516361e-07,1.2026633254986075e-33,-4.2944696134515725e-33,6.0133166274930375e-34
3.7804806688336043,0.12475586207150895,1.565665061221451,1.2056441169585643,0.6821184219752023,1.0235426412755425e-07,1.218538603345531e-33,-4.2798100751105956e-33,6.092693016727655e-34
3.8104844043005377,0.12574598534191775,1.5580821708720773,1.1973240322761494,0.668360535542023,1.0451319297719379e-07,1.2344437385823128e-33,-4.2651155810665635e-33,6.172218692911564e-34
3.8404881397674715,0.12673610861232656,1.5504812776781305,1.1889841874306262,0.6546192411358587,1.0669572906709585e-07,1.2503770121369377e-33,-4.250387648357601e-33,6.251885060684689e-34
3.870491875234405,0.12772623188273535,1.5428630855816918,1.1806254659416713,0.6408967493970296,1.0890178128663602e-07,1.2663367101748522e-33,-4.235627790878887e-33,6.331683550874261e-34
3.900495610701338,0.12871635515314417,1.535228292782291,1.1722487509199613,0.6271952634401937,1.1113125442506257e-07,1.2823211242841945e-33,-4.220837519140618e-33,6.4116056214209724e-34
3.9304993461682716,0.12970647842355296,1.5275775934823654,1.163854926964314,0.6135169798615474,1.1338404921079094e-07,1.2983285517187763e-33,-4.206018339994718e-33,6.491642758593882e-34
3.960503081635205,0.13069660169396177,1.5199116735961218,1.1554448759340166,0.5998640856167731,1.1566006234649248e-07,1.3143572955822186e-33,-4.191171756389016e-33,6.571786477911093e-34
3.9905068171021383,0.13168672496437056,1.5122312156179183,1.1470194820454054,0.5862387612573772,1.1795918654663921e-07,1.3304056650314858e-33,-4.176299267109442e-33,6.652028325157429e-34
4.020510552569071,0.13267684823477935,1.504536893542339,1.138579626809118,0.572643177185659,1.2028131057565172e-07,1.3464719754780553e-33,-4.161402366520917e-33,6.732359877390277e-34
4.0505142880360046,0.13366697150518816,1.4968293759774176,1.1301261923675978,0.5590794957470342,1.226263192830652e-07,1.3625545487470148e-33,-4.146482544327597e-33,6.812772743735074e-34
4.080518023502938,0.13465709477559695,1.4891093247624088,1.1216600602153746,0.5455498700827455,1.2499409364363554e-07,1.3786517132836298e-33,-4.131541285306066e-33,6.893258566418149e-34
4.110521758969871,0.13564721804600577,1.481377393466864,1.1131821097736858,0.5320564428953588,1.2738451079193011e-07,1.3947618042904703e-33,-4.116580069072028e-33,6.973809021452352e-34
4.140525494436805,0.13663734131641456,1.4736342304314947,1.1046932217304601,0.5186013486209692,1.2979744406158576e-07,1.4108831639093162e-33,-4.101600369821116e-33,7.054415819546581e-34
4.170529229903738,0.13762746458682337,1.4658804741051021,1.0961942732764218,0.5051867097414389,1.322327630216437e-07,1.427014141363657e-33,-4.086603656087564e-33,7.135070706818285e-34
4.200532965370671,0.13861758785723216,1.458116757236721,1.0876861427034608,0.4918146399676131,1.3469033351288815e-07,1.4431530930951293e-33,-4.0715913905035034e-33,7.215765465475647e-34
4.230536700837605,0.13960771112764095,1.4503437032670496,1.0791697057175025,0.4784872412655016,1.371700176864154e-07,1.4592983829178767e-33,-4.056565029545741e-33,7.296491914589384e-34
4.260540436304538,0.14059783439804976,1.4425619275816217,1.0706458369379035,0.46520660480177134,1.3967167403747262e-07,1.4754483821164166e-33,-4.0415260233099966e-33,7.377241910582083e-34
4.290544171771471,0.14158795766845855,1.4347720378982944,1.0621154104931783,0.4519748111986635,1.4219515744425493e-07,1.4916014695914152e-33,-4.0264758152562496e-33,7.458007347957076e-34
4.320547907238405,0.14257808093886737,1.4269746315046412,1.0535792971608104,0.43879392810297335,1.447403192014636e-07,1.507756031944809e-33,-4.011415841983945e-33,7.538780159724045e-34
4.350551642705338,0.14356820420927616,1.4191702987542265,1.045038368398601,0.4256660132222756,1.4730700705658774e-07,1.52391046358959e-33,-3.99634753299062e-33,7.61955231794795e-34
4.3805553781722715,0.14455832747968497,1.4113596188536284,1.0364934918355575,0.41259311047480235,1.4989506524489462e-07,1.5400631668417976e-33,-3.981272310436938e-33,7.700315834208988e-34
4.410559113639205,0.14554845075009376,1.4035431628080777,1.0279455347505517,0.3995772527081197,1.5250433452205742e-07,1.5562125519846597e-33,-3.966191588924059e-33,7.781062759923298e-34
4.440562849106138,0.14653857402050258,1.3957214914781824,1.0193953620622629,0.3866204598237814,1.5513465219998993e-07,1.5723570373626273e-33,-3.9511067752505564e-33,7.861785186813137e-34
4.4705665845730715,0.14752869729091136,1.3878951552163823,1.0108438360846472,0.3737247384113327,1.5778585217708486e-07,1.58849504941529e-33,-3.936019268200067e-33,7.94247524707645e-34
4.500570320040005,0.14851882056132018,1.3800646954398565,1.0022918185523357,0.36089208338075185,1.6045776497241025e-07,1.6046250227495092e-33,-3.920930458303232e-33,8.023125113747546e-34
4.530574055506938,0.14950894383172897,1.3722306414086756,0.9937401670253477,0.3481244745617477,1.6315021775569479e-07,1.6207454001668577e-33,-3.905841727621786e-33,8.103727000834289e-34
4.560577790973872,0.15049906710213776,1.3643935133590126,0.985189738809456,0.3354238801955632,1.658630343776816e-07,1.6368546326936085e-33,-3.8907544495273336e-33,8.184273163468042e-34
4.590581526440805,0.15148919037254657,1.3565538193530455,0.9766413873708154,0.3227922533917155,1.6859603540065538e-07,1.652951179611251e-33,-3.8756699884755904e-33,8.264755898056254e-34
4.620585261907738,0.15247931364295536,1.3487120567841704,0.9680959643654189,0.31023153397830944,1.7134903812482948e-07,1.6690335084454873e-33,-3.8605896998017065e-33,8.345167542227436e-34
4.650588997374672,0.15346943691336418,1.3408687118864289,0.9595543192540037,0.2977436479865658,1.7412185661795414e-07,1.685100094986832e-33,-3.845514929491717e-33,8.42550047493416e-34
4.680592732841605,0.15445956018377296,1.3330242583069711,0.9510172976968624,0.28533050588355924,1.769143017394276e-07,1.7011494232575592e-33,-3.830447013983031e-33,8.505747116287796e-34
4.710596468308538,0.15544968345418178,1.325179159141953,0.9424857443951344,0.2729940054642995,1.7972618116656154e-07,1.7171799855004953e-33,-3.815387279946423e-33,8.585899927502476e-34
4.740600203775472,0.15643980672459057,1.317333863996191,0.9339604994623405,0.2607360277945431,1.8255729941800376e-07,1.7331902821412507e-33,-3.800337044080263e-33,8.665951410706254e-34
4.770603939242405,0.15742992999499938,1.3094888112085445,0.9254424016089735,0.24855844068000577,1.854074578753251e-07,1.7491788217345542e-33,-3.7852976129103494e-33,8.745894108672771e-34
4.8006076747093385,0.15842005326540817,1.301644425993181,0.9169322858534347,0.2364630959231689,1.8827645480557645e-07,1.7651441209216984e-33,-3.770270282576936e-33,8.825720604608492e-34
4.830611410176272,0.159410176535817,1.2938011206975861,0.9084309840933307,0.22445182991521478,1.9116408537886761e-07,1.781084704343188e-33,-3.755256338647252e-33,8.90542352171594e-34
4.860615145643205,0.16040029980622578,1.2859592952642758,0.8999393260209296,0.2125264646730989,1.940701416881869e-07,1.7969991045753706e-33,-3.740257055905448e-33,8.984995522876853e-34
4.8906188811101385,0.1613904230766346,1.2781193354358724,0.8914581367134251,0.20068880469584463,1.9699441276457523e-07,1.8128858620266487e-33,-3.725273698165874e-33,9.064429310133244e-34
4.920622616577072,0.16238054634704338,1.270281614574137,0.8829882396319276,0.1889406408290573,1.9993668459232912e-07,1.828743524837757e-33,-3.7103075180772695e-33,9.143717624188785e-34
4.950626352044005,0.16337066961745217,1.2624464915129994,0.874530453534548,0.17728374600217853,2.0289674012253055e-07,1.844570648770448e-33,-3.6953597569293175e-33,9.22285324385224e-34
4.980630087510939,0.16436079288786098,1.2546143117270836,0.8660855945946606,0.16571987813791594,2.0587435928322594e-07,1.8603657970699273e-33,-3.680431644473335e-33,9.301828985349636e-34
5.010633822977872,0.16535091615826977,1.2467854065808992,0.8576544754299333,0.15425077867389764,2.0886931899041482e-07,1.8761275403395042e-33,-3.665524398725841e-33,9.380637701697521e-34
5.040637558444805,0.1663410394286786,1.238960092836552,0.8492379044842515,0.14287817157408092,2.1188139315422017e-07,1.8918544563766895e-33,-3.65063922579751e-33,9.459272281883448e-34
5.070641293911739,0.16733116269908738,1.231138673445543,0.8408366877592479,0.131603765975662,2.149103526856274e-07,1.907545130020172e-33,-3.6357773197046537e-33,9.53772565010086e-34
5.100645029378672,0.1683212859694962,1.2233214360304634,0.8324516261871371,0.12042925188831474,2.1795596549971694e-07,1.9231981529712417e-33,-3.6209398621960684e-33,9.615990764856208e-34
5.130648764845605,0.16931140923990498,1.215508654038712,0.8240835182240996,0.10935630449439035,2.2101799651711265e-07,1.9388121236058416e-33,-3.6061280225802544e-33,9.694060618029208e-34
5.160652500312539,0.1703015325103138,1.207700585572326,0.8157331576743687,0.09838658032232936,2.2409620766423562e-07,1.9543856467827457e-33,-3.59134295754714e-33,9.771928233913728e-34
5.190656235779472,0.17129165578072258,1.1998974737071206,0.8074013346776293,0.08752171898450396,2.2719035786971983e-07,1.96991733362512e-33,-3.576585811008903e-33,9.8495866681256e-34
5.2206599712464055,0.1722817790511314,1.1920995464033906,0.7990888358328214,0.07676334336295336,2.3030020306058725e-07,1.9854058013075325e-33,-3.561857713923397e-33,9.927029006537662e-34
5.250663706713339,0.1732719023215402,1.1843070158743512,0.7907964428046252,0.06611305687147409,2.334254961544764e-07,2.0008496728164462e-33,-3.547159784139326e-33,1.0004248364082231e-33
5.280667442180272,0.17426202559194898,1.1765200791687405,0.7825249343683525,0.055572447526985064,2.3656598705067148e-07,2.0162475767086474e-33,-3.532493126231116e-33,1.0081237883543237e-33
5.3106711776472055,0.1752521488623578,1.1687389173250216,0.7742750840201525,0.04514308293987327,2.3972142261849097e-07,2.031598146855489e-33,-3.517858831340955e-33,1.0157990734277446e-33
5.340674913114139,0.17624227213276658,1.1609636957998337,0.7660476618662001,0.034826514353021275,2.4289154668294914e-07,2.046900022172772e-33,-3.5032579770289486e-33,1.023450011086386e-33
5.370678648581072,0.1772323954031754,1.1531945640824441,0.7578434334244893,0.02462427392682544,2.4607610000882193e-07,2.0621518463463072e-33,-3.488691627112996e-33,1.0310759231731536e-33
5.400682384048006,0.17822251867358418,1.1454316556342257,0.7496631596460732,0.014537874758243087,2.4927482028138474e-07,2.077352267538894e-33,-3.474160831529131e-33,1.038676133769447e-33
5.430686119514939,0.179212641943993,1.1376750879462416,0.7415075977929018,0.004568812930943096,2.524874420854408e-07,2.0924999380928423e-33,-3.459666626177294e-33,1.0462499690464211e-33
5.460689854981872,0.1802027652144018,1.1299249622788001,0.7333774996840398,-0.00528143683895092,2.557136968814509e-07,2.1075935142184135e-33,-3.445210032783279e-33,1.0537967571092068e-33
5.490693590448807,0.18119288848481063,1.1221813637664086,0.7252736136494419,-0.015011416282113048,2.5895331297930103e-07,2.1226316556731127e-33,-3.430792058757858e-33,1.0613158278365563e-33
5.52069732591574,0.18218301175521942,1.1144443613024182,0.7171966826452455,-0.02461968854629628,2.6220601550962496e-07,2.137613025431504e-33,-3.416413697056118e-33,1.068806512715752e-33
5.550701061382673,0.18317313502562824,1.1067140075246766,0.7091474453730311,-0.03410483523189207,2.6547152639256757e-07,2.152536289344989e-33,-3.402075926050251e-33,1.0762681446724945e-33
5.580704796849607,0.18416325829603702,1.098990338809789,0.7011266359285957,-0.043465457423470265,2.6874956430395987e-07,2.1674001157916797e-33,-3.3877797093900784e-33,1.0837000578958399e-33
5.61070853231654,0.18515338156644584,1.0912733753478476,0.6931349831036346,-0.05270017769971615,2.720398446392496e-07,2.1822031753195043e-33,-3.373525995882985e-33,1.0911015876597522e-33
5.640712267783473,0.18614350483685463,1.0835631209939747,0.685173211716365,-0.06180763638746757,2.753420794745969e-07,2.1969441402780843e-33,-3.35931571936358e-33,1.0984720701390421e-33
5.670716003250407,0.18713362810726342,1.0758595635991268,0.6772420407684545,-0.07078649700840685,2.7865597752575886e-07,2.2116216844447472e-33,-3.3451497985736606e-33,1.1058108422223736e-33
5.70071973871734,0.18812375137767223,1.0681626747488795,0.6693421851075166,-0.07963544143275174,2.8198124410455177e-07,2.226234482643225e-33,-3.33102913704603e-33,1.1131172413216125e-33
5.730723474184273,0.18911387464808102,1.060472410123925,0.6614743541136937,-0.08835317390763171,2.8531758107247037e-07,2.2407812103520066e-33,-3.3169546229831e-33,1.1203906051760033e-33
5.760727209651207,0.19010399791848984,1.0527887095005521,0.653639252108485,-0.09693841991040852,2.886646867927678e-07,2.2552605433128962e-33,-3.302927129152596e-33,1.1276302716564481e-33
5.79073094511814,0.19109412118889862,1.0451114967625799,0.6458375787012205,-0.10538992523954704,2.920222560791417e-07,2.2696711571253725e-33,-3.288947512770418e-33,1.1348355785626863e-33
5.8207346805850735,0.19208424445930744,1.0374406804177048,0.6380700275254418,-0.11370645991435474,2.9538998014319577e-07,2.284011726844013e-33,-3.2750166154010195e-33,1.1420058634220065e-33
5.850738416052007,0.19307436772971623,1.0297761532478629,0.6303372878858109,-0.12188681342842118,2.9876754653902155e-07,2.2982809265661648e-33,-3.261135262852107e-33,1.1491404632830824e-33
5.88074215151894,0.19406449100012504,1.0221177930874918,0.622640042893559,-0.12992980038890461,3.021546391057584e-07,2.3124774290167548e-33,-3.247304265073901e-33,1.1562387145083774e-33
5.9107458869858736,0.19505461427053383,1.0144654626069078,0.6149789708211498,-0.13783425677763458,3.05550937908716e-07,2.326599905134806e-33,-3.2335244160686686e-33,1.163299952567403e-33
5.940749622452807,0.19604473754094265,1.0068190097941834,0.6073547443324999,-0.14559904234133708,3.089561191774174e-07,2.3406470236491474e-33,-3.219796493789849e-33,1.1703235118245737e-33
5.97075335791974,0.19703486081135144,0.9991782683241769,0.5997680301868272,-0.15322304159753286,3.123698552432581e-07,2.3546174506640304e-33,-3.206121260061944e-33,1.1773087253320152e-33
6.000757093386674,0.19802498408176025,0.9915430575453896,0.5922194903051026,-0.16070516131000423,3.157918144741496e-07,2.3685098492345515e-33,-3.1924994604869386e-33,1.1842549246172757e-33
6.030760828853607,0.19901510735216904,0.9839131833389682,0.5847097798753792,-0.16804433552418555,3.192216612084883e-07,2.38232287894972e-33,-3.1789318243662386e-33,1.19116143947486e-33
6.06076456432054,0.20000523062257783,0.9762884379896701,0.5772395493618663,-0.17523952105733168,3.2265905568750305e-07,2.3960551955158647e-33,-3.165419064622259e-33,1.1980275977579324e-33
6.090768299787474,0.20099535389298664,0.968668601015692,0.5698094425914862,-0.18228970220252286,3.261036539859349e-07,2.409705450340035e-33,-3.151961877717445e-33,1.2048527251700175e-33
6.120772035254407,0.20198547716339543,0.9610534394342389,0.562420097749777,-0.18919388895613962,3.2955510794252493e-07,2.423272290124238e-33,-3.138560943592059e-33,1.211636145062119e-33
6.15077577072134,0.20297560043380425,0.953442708258146,0.5550721472981474,-0.19595111762204878,3.330130650886646e-07,2.436754356458113e-33,-3.125216925584216e-33,1.2183771782290566e-33
6.180779506188274,0.20396572370421304,0.9458361511653116,0.5477662166936872,-0.2025604535840733,3.3647716857715105e-07,2.450150285424226e-33,-3.1119304703760535e-33,1.225075142712113e-33
6.210783241655207,0.20495584697462185,0.9382335009361394,0.5405029265077604,-0.20902098824530405,3.3994705711014466e-07,2.4634587072090312e-33,-3.098702207925587e-33,1.2317293536045156e-33
6.2407869771221405,0.20594597024503064,0.9306344801357148,0.5332828895936955,-0.21533184392837446,3.434223648669578e-07,2.4766782457238325e-33,-3.0855327514104455e-33,1.2383391228619162e-33
6.270790712589074,0.20693609351543946,0.9230388018375661,0.5261067135827489,-0.22149217095232812,3.4690272143200077e-07,2.4898075182377575e-33,-3.0724226971803538e-33,1.2449037591188787e-33
6.300794448056007,0.20792621678584824,0.9154461702134264,0.5189749990166911,-0.22750115062603202,3.503877517232407e-07,2.5028451350248814e-33,-3.0593726246948817e-33,1.2514225675124407e-33
6.3307981835229405,0.20891634005625706,0.9078562813318005,0.5118883396114295,-0.2333579955940062,3.5387707592061853e-07,2.515789699021084e-33,-3.0463830964938276e-33,1.257894849510542e-33
6.360801918989874,0.20990646332666585,0.9002688241611273,0.5048473234410972,-0.23906194943494088,3.573703093966845e-07,2.5286398055063237e-33,-3.0334546581386672e-33,1.2643199027531619e-33
6.390805654456807,0.21089658659707464,0.8926834808504195,0.49785252998360763,-0.244612289901153,3.608670626470283e-07,2.5413940417944067e-33,-3.020587838186546e-33,1.2706970208972033e-33
6.420809389923741,0.21188670986748345,0.8850999285663649,0.4909045338589741,-0.2500083270684777,3.643669412234644e-07,2.554050986950769e-33,-3.0077831481522205e-33,1.2770254934753845e-33
6.450813125390674,0.21287683313789224,0.8775178393291642,0.4840039007653021,-0.25524940667365664,3.678695456693286e-07,2.5666092115328726e-33,-2.9950410824714093e-33,1.2833046057664363e-33
6.480816860857607,0.21386695640830106,0.8699368819674477,0.4771511903019368,-0.2603349096446635,3.7137447145528173e-07,2.5790672773413182e-33,-2.9823621184915325e-33,1.2895336386706591e-33
6.510820596324541,0.21485707967870984,0.862356722780046,0.4703469547552474,-0.2652642535849289,3.748813089218757e-07,2.5914237372246038e-33,-2.9697467164259482e-33,1.2957118686123019e-33
6.540824331791474,0.21584720294911866,0.8547770261124326,0.46359173761891875,-0.27003689419038923,3.7838964321999496e-07,2.6036771348746236e-33,-2.957195319361988e-33,1.3018385674373118e-33
6.570828067258407,0.21683732621952745,0.8471974571404881,0.4568860772055817,-0.2746523257374763,3.818990542606494e-07,2.6158260046918302e-33,-2.9447083532268653e-33,1.3079130023459151e-33
6.600831802725341,0.21782744948993626,0.8396176805504383,0.4502305010210603,-0.2791100827574111,3.854091166649556e-07,2.6278688716553552e-33,-2.9322862267881414e-33,1.3139344358276776e-33
6.630835538192274,0.21881757276034505,0.8320373647556896,0.4436255315663705,-0.2834097411945149,3.889193997194053e-07,2.6398042512325455e-33,-2.919929331655458e-33,1.3199021256162728e-33
6.6608392736592075,0.21980769603075387,0.8244561806666887,0.437071681274994,-0.28755091938568766,3.924294673405237e-07,2.6516306493543867e-33,-2.9076380422580824e-33,1.3258153246771934e-33
6.690843009126141,0.22079781930116266,0.8168738043750615,0.43056945470146996,-0.2915332796703355,3.9593887803636026e-07,2.6633465623702893e-33,-2.895412715884346e-33,1.3316732811851446e-33
6.720846744593074,0.22178794257157144,0.8092899192386646,0.4241193494694746,-0.29535653003918705,3.9944718488671204e-07,2.6749504771295207e-33,-2.883253692651091e-33,1.3374752385647604e-33
6.7508504800600075,0.22277806584198026,0.8017042144976431,0.4177218512756035,-0.2990204241954038,4.0295393551730105e-07,2.6864408710201653e-33,-2.871161295552152e-33,1.3432204355100826e-33
6.780854215526941,0.22376818911238905,0.7941163916581718,0.4113774414676257,-0.3025247656252877,4.064586720913487e-07,2.6978162121225193e-33,-2.8591358304580046e-33,1.3489081060612597e-33
6.810857950993874,0.22475831238279786,0.7865261603657153,0.40508658790511864,-0.3058694056692317,4.099609313062524e-07,2.7090749593921465e-33,-2.847177586135833e-33,1.3545374796960733e-33
6.840861686460808,0.22574843565320665,0.7789332452379865,0.39884975256875205,-0.309054248454685,4.13460244392859e-07,2.7202155628552004e-33,-2.835286834307032e-33,1.3601077814276002e-33
6.870865421927741,0.22673855892361547,0.7713373845108826,0.39266738682732777,-0.31207925036250533,4.169561371399387e-07,2.731236463963703e-33,-2.8234638296314718e-33,1.3656182319818515e-33
6.900869157394674,0.22772868219402426,0.7637383315389755,0.386539930815897,-0.3149444214029741,4.204481299060983e-07,2.7421360958596386e-33,-2.8117088098062023e-33,1.3710680479298193e-33
6.930872892861608,0.22871880546443307,0.756135860769974,0.38046781905775673,-0.3176498302731032,4.2393573766718664e-07,2.7529128838626587e-33,-2.8000219955543762e-33,1.3764564419313294e-33
6.960876628328541,0.22970892873484186,0.7485297620605651,0.37445146979633553,-0.3201955997379455,4.274184700552606e-07,2.7635652458906118e-33,-2.788403590710151e-33,1.3817826229453059e-33
6.990880363795474,0.23069905200525068,0.7409198520806913,0.36849129760581784,-0.3225819166144555,4.308958314184775e-07,2.774091593003965e-33,-2.7768537822710632e-33,1.3870457965019825e-33
7.020884099262408,0.23168917527565946,0.7333059672416299,0.3625877010913071,-0.32480902551266205,4.3436732090108144e-07,2.7844903300650734e-33,-2.7653727404242624e-33,1.3922451650325367e-33
7.050887834729341,0.23267929854606828,0.7256879716879752,0.3567410704843491,-0.3268772361135528,4.3783243251341005e-07,2.794759856316926e-33,-2.753960618680237e-33,1.397379928158463e-33
7.0808915701962745,0.23366942181647707,0.7180657583960124,0.3509517861751053,-0.32878692420281325,4.412906552528437e-07,2.8048985662709654e-33,-2.7426175538587254e-33,1.4024492831354827e-33
7.110895305663208,0.23465954508688586,0.7104392461405846,0.3452202118641658,-0.33053852852213156,4.447414731985743e-07,2.814904850406728e-33,-2.7313436662512212e-33,1.407452425203364e-33
7.140899041130141,0.23564966835729467,0.7028083923021415,0.3395467078712894,-0.3321325632797806,4.4818436565782864e-07,2.8247770961781537e-33,-2.720139059645246e-33,1.4123885480890768e-33
7.1709027765970745,0.23663979162770346,0.6951731809392597,0.33393161317451425,-0.33356960591237095,4.516188073096174e-07,2.834513688979102e-33,-2.709003821430624e-33,1.417256844489551e-33
7.200906512064008,0.23762991489811228,0.6875336389630348,0.3283752625792641,-0.3348503132792168,4.550442683605527e-07,2.8441130131601565e-33,-2.6979380227334952e-33,1.4220565065800782e-33
7.230910247530941,0.23862003816852106,0.6798898280292671,0.3228779737424925,-0.33597541300497946,4.584602147503755e-07,2.8535734533295256e-33,-2.6869417184320965e-33,1.4267867266647628e-33
7.260913982997875,0.23961016143892988,0.6722418499984356,0.31744005086350974,-0.3369457087371464,4.618661083230808e-07,2.862893395408447e-33,-2.6760149473846726e-33,1.4314466977042236e-33
7.290917718464808,0.24060028470933867,0.6645898544202145,0.3120617909144918,-0.33776208778420175,4.652614070804952e-07,2.872071228169508e-33,-2.6651577324224222e-33,1.436035614084754e-33
7.320921453931741,0.24159040797974748,0.6569340271318638,0.30674346679227465,-0.33842550831536294,4.686455653984472e-07,2.881105344507179e-33,-2.654370080566207e-33,1.4405526722535894e-33
7.350925189398675,0.24258053125015627,0.649274611639722,0.30148535030196494,-0.33893702213127863,4.7201803429881287e-07,2.889994143019321e-33,-2.6436519831180003e-33,1.4449970715096606e-33
7.380928924865608,0.2435706545205651,0.6416118910118617,0.2962876874367085,-0.3392977542927514,4.753782617416446e-07,2.8987360296725985e-33,-2.6330034157620663e-33,1.4493680148362993e-33
7.410932660332541,0.24456077779097388,0.6339462057652229,0.29115071701065454,-0.3395089222744255,4.787256929012261e-07,2.907329419329806e-33,-2.62242433881343e-33,1.453664709664903e-33
7.440936395799475,0.24555090106138266,0.6262779488837265,0.28607466197205783,-0.3395718299222623,4.820597705349677e-07,2.9157727378018033e-33,-2.611914697212405e-33,1.4578863689009016e-33
7.470940131266408,0.24654102433179148,0.6186075633853604,0.28105972367789045,-0.3394878639580525,4.853799352861415e-07,2.9240644234514368e-33,-2.601474420850352e-33,1.4620322117257184e-33
7.5009438667333415,0.24753114760220027,0.6109355599862217,0.2761061004988593,-0.33925851347623087,4.886856260942324e-07,2.932202929404679e-33,-2.591103424594342e-33,1.4661014647023396e-33
7.530947602200275,0.24852127087260908,0.6032624950348687,0.271213958806095,-0.3388853440005878,4.919762805700939e-07,2.940186725498578e-33,-2.580801608528921e-33,1.470093362749289e-33
7.560951337667208,0.24951139414301787,0.5955889987598827,0.266383464362669,-0.33837002926948523,4.952513354074385e-07,2.9480143003991137e-33,-2.5705688581589398e-33,1.4740071501995569e-33
7.5909550731341415,0.2505015174134267,0.5879157545642705,0.2616147552618552,-0.3377143266380472,4.985102268571828e-07,2.9556841640414895e-33,-2.5604050444761363e-33,1.4778420820207448e-33
7.620958808601075,0.2514916406838355,0.5802435124869885,0.25690795579072795,-0.33692009190657707,5.017523911385321e-07,2.96319484963919e-33,-2.5503100243441236e-33,1.481597424819595e-33
7.650962544068008,0.25248176395424426,0.5725730926393015,0.2522631787014037,-0.3359892827768192,5.049772649879765e-07,2.9705449164570286e-33,-2.5402836404799023e-33,1.4852724582285143e-33
7.6809662795349425,0.25347188722465314,0.5649053699639988,0.24768050483799398,-0.3349239399772174,5.081842861157878e-07,2.9777329519772033e-33,-2.5303257218544473e-33,1.4888664759886016e-33
7.710970015001876,0.2544620104950619,0.5572413030872138,0.2431600164907299,-0.3337262208876445,5.113728937708642e-07,2.98475757464718e-33,-2.5204360837958602e-33,1.49237878732359e-33
7.740973750468809,0.2554521337654707,0.5495819029462041,0.23870175785026146,-0.33239836130972505,5.145425292959767e-07,2.9916174365078652e-33,-2.5106145282112704e-33,1.4958087182539326e-33
7.770977485935743,0.25644225703587953,0.541928262072296,0.23430576941235376,-0.3309427098559407,5.176926366697451e-07,2.9983112256840384e-33,-2.5008608439418497e-33,1.4991556128420192e-33
7.800981221402676,0.25743238030628834,0.5342815375614407,0.22997206633560252,-0.32936170679671295,5.208226631657845e-07,3.0048376694933154e-33,-2.4911748067798257e-33,1.5024188347466577e-33
7.830984956869609,0.2584225035766971,0.5266429530034411,0.22570063989044423,-0.32765788552480135,5.239320598951746e-07,3.0111955368130676e-33,-2.481556179981374e-33,1.5055977684065338e-33
7.860988692336543,0.2594126268471059,0.5190138138500239,0.22149147635271144,-0.3258338908828094,5.270202825115468e-07,3.0173836413241694e-33,-2.472004714272597e-33,1.5086918206620847e-33
7.890992427803476,0.26040275011751474,0.5113954783127157,0.21734452042583416,-0.3238924425385193,5.300867918194599e-07,3.0234008441291646e-33,-2.462520148271958e-33,1.5117004220645823e-33
7.920996163270409,0.2613928733879235,0.5037893928107654,0.21325972011695343,-0.321836378378047,5.33131054453052e-07,3.0292460567102116e-33,-2.4531022087279347e-33,1.5146230283551058e-33
7.950999898737343,0.2623829966583323,0.4961970576730672,0.20923698397995097,-0.31966861120365403,5.361525435924377e-07,3.0349182440337333e-33,-2.443750610678723e-33,1.5174591220168666e-33
7.981003634204276,0.26337311992874113,0.4886200487421414,0.2052762094939707,-0.317392155228941,5.391507395970695e-07,3.0404164271167716e-33,-2.4344650579708214e-33,1.5202082135583858e-33
8.011007369671209,0.2643632431991499,0.4810600101037781,0.20137727540308037,-0.3150101166322447,5.421251307980473e-07,3.045739686428665e-33,-2.425245243244533e-33,1.5228698432143324e-33
8.041011105138143,0.2653533664695587,0.4735186404660675,0.19754002538486795,-0.3125256755709872,5.450752141377726e-07,3.0508871643621228e-33,-2.416090848522539e-33,1.5254435821810614e-33
8.071014840605075,0.2663434897399675,0.46599771867639833,0.1937643043315564,-0.3099421188985042,5.480004959533208e-07,3.0558580684506207e-33,-2.407001545301557e-33,1.5279290342253103e-33
8.10101857607201,0.26733361301037634,0.45849906598238144,0.19004991045209155,-0.3072627908824979,5.509004926896043e-07,3.0606516741242305e-33,-2.397976994929758e-33,1.5303258370621153e-33
8.131022311538942,0.2683237362807851,0.451024578368255,0.18639664229352296,-0.304491135397429,5.537747316103351e-07,3.065267327392248e-33,-2.3890168490124526e-33,1.532633663696124e-33
8.161026047005876,0.2693138595511939,0.44357619836552664,0.18280426394801166,-0.3016306587843084,5.566227515937965e-07,3.0697044479343692e-33,-2.3801207494988137e-33,1.5348522239671846e-33
8.191029782472809,0.2703039828216027,0.4361559218239268,0.1792725183653704,-0.2986849387827424,5.594441037851101e-07,3.073962531335409e-33,-2.3712883293216344e-33,1.5369812656677044e-33
8.221033517939743,0.27129410609201154,0.4287658019414331,0.17580113844257875,-0.2956576304755284,5.622383524057267e-07,3.0780411521318267e-33,-2.3625192124068428e-33,1.5390205760659133e-33
8.251037253406675,0.2722842293624203,0.4214079233131343,0.17238981419570465,-0.2925524308959221,5.650050754131949e-07,3.081939965975095e-33,-2.353813014251597e-33,1.5409699829875476e-33
8.28104098887361,0.2732743526328291,0.4140844290259831,0.16903823941074056,-0.2893731173723809,5.677438652374421e-07,3.08565871216387e-33,-2.3451693421566435e-33,1.542829356081935e-33
8.311044724340542,0.2742644759032379,0.40679748474042343,0.16574606351758672,-0.2861234975989796,5.704543294907543e-07,3.089197215978896e-33,-2.3365877955121006e-33,1.544598607989448e-33
8.341048459807476,0.27525459917364675,0.39954929816131507,0.16251292912495413,-0.2828074383836709,5.731360916002034e-07,3.092555390549043e-33,-2.3280679663477842e-33,1.5462776952745214e-33
8.371052195274409,0.2762447224440555,0.3923421027020164,0.1593384541717967,-0.27942884316668193,5.757887915357676e-07,3.095733239191719e-33,-2.319609439385018e-33,1.5478666195958595e-33
8.401055930741343,0.27723484571446433,0.38517814971323183,0.1562222269864409,-0.27599164153706757,5.784120863790938e-07,3.098730856849395e-33,-2.3112117927021448e-33,1.5493654284246977e-33
8.431059666208276,0.2782249689848731,0.3780597178274415,0.15316383275244067,-0.2724998055936391,5.810056509894811e-07,3.10154843201445e-33,-2.3028745978362668e-33,1.550774216007225e-33
8.46106340167521,0.27921509225528196,0.3709890856894933,0.15016281382923624,-0.26895730879606755,5.835691785611012e-07,3.1041862480345095e-33,-2.2945974202692145e-33,1.5520931240172548e-33
8.491067137142142,0.2802052155256907,0.36396854881549573,0.14721871343405094,-0.26536815599160507,5.861023811712013e-07,3.106644684342329e-33,-2.2863798198045848e-33,1.5533223421711645e-33
8.521070872609076,0.28119533879609954,0.3570003958806085,0.1443310402100825,-0.2617363462981285,5.886049903270518e-07,3.108924217653041e-33,-2.2782213507687398e-33,1.5544621088265206e-33
8.551074608076009,0.2821854620665083,0.350086912034184,0.14149928828774422,-0.25806588223952776,5.910767574042182e-07,3.111025422564222e-33,-2.2701215626152687e-33,1.555512711282111e-33
8.581078343542943,0.2831755853369171,0.3432303722792166,0.1387229375300395,-0.2543607619154943,5.935174541305418e-07,3.1129489723830963e-33,-2.26208000001249e-33,1.5564744861915482e-33
8.611082079009876,0.28416570860732593,0.33643302895559984,0.13600143634462805,-0.2506249582910722,5.959268729532443e-07,3.114695639325581e-33,-2.254096203425251e-33,1.5573478196627905e-33
8.64108581447681,0.28515583187773474,0.3296971151083292,0.13333423210086956,-0.24686243380614217,5.983048274092549e-07,3.1162662947279746e-33,-2.246169709341189e-33,1.5581331473639873e-33
8.671089549943742,0.2861459551481435,0.3230248289521332,0.13072073819133628,-0.2430771089642643,6.006511524332423e-07,3.117661908930899e-33,-2.2383000506340408e-33,1.5588309544654494e-33
8.701093285410677,0.2871360784185523,0.31641833398498165,0.12816036305747713,-0.23927287444008996,6.029657046083789e-07,3.118883550869428e-33,-2.230486757014122e-33,1.559441775434714e-33
8.731097020877609,0.28812620168896114,0.30987974996622897,0.12565249362445796,-0.23545357235587885,6.052483623868751e-07,3.119932387515836e-33,-2.222729355204022e-33,1.559966193757918e-33
8.761100756344543,0.28911632495936995,0.3034111474281236,0.12319649928257,-0.23162299135388772,6.074990262438268e-07,3.120809682991216e-33,-2.2150273694746474e-33,1.560404841495608e-33
8.791104491811478,0.29010644822977877,0.29701454112787684,0.12079174185046403,-0.22778486418024452,6.097176187809449e-07,3.121516797438713e-33,-2.2073803218222413e-33,1.5607583987193563e-33
8.82110822727841,0.29109657150018753,0.2906918871144595,0.11843755878110007,-0.2239428525834891,6.119040847871023e-07,3.12205518569941e-33,-2.1997877324014977e-33,1.561027592849705e-33
8.851111962745344,0.2920866947705964,0.284445071224714,0.1161332841304705,-0.22010054859192418,6.14058391233313e-07,3.122426395681757e-33,-2.1922491198353464e-33,1.5612131978408786e-33
8.881115698212277,0.29307681804100516,0.2782759116748669,0.11387823202115534,-0.21626146265740862,6.161805272125146e-07,3.122632066484322e-33,-2.184764001491956e-33,1.561316033242161e-33
8.911119433679211,0.294066941311414,0.27218614685816483,0.1116717080996198,-0.21242901959423724,6.182705038531746e-07,3.1226739264242576e-33,-2.1773318938903693e-33,1.5613369632121288e-33
8.941123169146143,0.29505706458182274,0.2661774334971261,0.10951300723697958,-0.20860655240027207,6.203283541209523e-07,3.1225537905419724e-33,-2.1699523129165434e-33,1.5612768952709862e-33
8.971126904613078,0.29604718785223155,0.26025134656406645,0.10740141155359688,-0.20479729769945373,6.223541326486254e-07,3.1222735582976706e-33,-2.1626247742027142e-33,1.5611367791488353e-33
9.00113064008001,0.29703731112264037,0.2544093623827503,0.1053361972345301,-0.2010043867447796,6.243479154309514e-07,3.121835210638624e-33,-2.155348793383318e-33,1.560917605319312e-33
9.031134375546944,0.2980274343930492,0.248652874434032,0.10331662940190486,-0.19723084808762525,6.263097995270469e-07,3.121240807162354e-33,-2.1481238863917048e-33,1.560620403581177e-33
9.061138111013877,0.29901755766345794,0.24298316804929057,0.10134196697841999,-0.19347959339876775,6.282399027067514e-07,3.12049248305796e-33,-2.1409495697525073e-33,1.56024624152898e-33
9.091141846480811,0.30000768093386676,0.23740143594002902,0.09941146215230282,-0.18975342281065216,6.301383629916156e-07,3.119592445586321e-33,-2.1338253608406085e-33,1.5597962227931606e-33
9.121145581947744,0.3009978042042756,0.2319087666715102,0.09752436118526954,-0.18605501659397222,6.320053382698112e-07,3.1185429709945416e-33,-2.126750778143499e-33,1.5592714854972708e-33
9.151149317414678,0.3019879274746844,0.22650613834949848,0.09567990495781013,-0.1823869295169439,6.338410057113702e-07,3.117346400509061e-33,-2.1197253415343032e-33,1.5586732002545304e-33
9.18115305288161,0.30297805074509315,0.22119443513297457,0.0938773326302015,-0.17875159990311917,6.356455612990536e-07,3.116005136974176e-33,-2.1127485724865208e-33,1.558002568487088e-33
9.211156788348545,0.30396817401550197,0.21597441699729983,0.09211587653737943,-0.1751513283390046,6.37419219209561e-07,3.114521640824988e-33,-2.10581999433277e-33,1.557260820412494e-33
9.241160523815477,0.30495829728591073,0.2108467518044817,0.09039477138102178,-0.17158829864286598,6.391622111916382e-07,3.112898426123702e-33,-2.098939132490976e-33,1.556449213061851e-33
9.271164259282411,0.3059484205563196,0.20581198684114652,0.08871324682492723,-0.16806455690417205,6.408747859775359e-07,3.111138056834789e-33,-2.0921055146407408e-33,1.5555690284173946e-33
9.301167994749344,0.30693854382672836,0.20087056480117846,0.08707053363900798,-0.16458202235875682,6.425572085116718e-07,3.109243142287723e-33,-2.0853186710052843e-33,1.5546215711438616e-33
9.331171730216278,0.3079286670971372,0.19602282536601578,0.08546586496977802,-0.16114248814231627,6.442097593616828e-07,3.1072163336069606e-33,-2.0785781344464258e-33,1.5536081668034803e-33
9.36117546568321,0.30891879036754594,0.1912689873969702,0.08389846968856385,-0.15774760720669342,6.458327338952584e-07,3.105060319084503e-33,-2.0718834407472827e-33,1.5525301595422515e-33
9.391179201150145,0.3099089136379548,0.18660918242304075,0.08236758696912568,-0.15439891814220782,6.474264415979126e-07,3.1027778203166e-33,-2.0652341287226916e-33,1.5513889101583e-33
9.421182936617077,0.31089903690836357,0.18204341813327568,0.08087244979681456,-0.15109781611479572,6.489912053105769e-07,3.1003715880312456e-33,-2.0586297403899678e-33,1.5501857940156228e-33
9.451186672084011,0.3118891601787724,0.17757161464020962,0.07941230202255478,-0.14784558186306934,6.505273604021395e-07,3.0978443976853584e-33,-2.0520698211859947e-33,1.5489221988426792e-33
9.481190407550944,0.31287928344918114,0.17319358535737125,0.07798638844522003,-0.14464336621036944,6.52035254090976e-07,3.095199045852822e-33,-2.045553919989981e-33,1.547599522926411e-33
9.511194143017878,0.31386940671959,0.16890904301178955,0.07659395721264484,-0.14149219501860752,6.535152445330501e-07,3.092438345576291e-33,-2.0390815894128978e-33,1.5462191727881455e-33
9.54119787848481,0.3148595299899988,0.1647176179964789,0.0752342689520865,-0.13839298474157988,6.54967700145566e-07,3.0895651229178465e-33,-2.032652385774486e-33,1.5447825614589233e-33
9.571201613951745,0.3158496532604076,0.16061883089899665,0.07390658014929305,-0.13534651939104453,6.563929987397e-07,3.08658221267672e-33,-2.0262658693208256e-33,1.54329110633836e-33
9.601205349418677,0.31683977653081635,0.15661213363274706,0.07261016565589686,-0.1323534858668668,6.577915267499314e-07,3.083492454640169e-33,-2.0199216043048158e-33,1.5417462273200845e-33
9.631209084885612,0.3178298998012252,0.15269687770730372,0.07134429822567395,-0.1294144469994791,6.591636784949399e-07,3.080298690051918e-33,-2.0136191590214117e-33,1.540149345025959e-33
9.661212820352544,0.318820023071634,0.14887234221593332,0.07010826383975169,-0.12652986611765935,6.605098553071671e-07,3.0770037575345843e-33,-2.0073581060318685e-33,1.5385018787672921e-33
9.691216555819478,0.3198101463420428,0.14513773023960602,0.0689013576126082,-0.12370010436280278,6.618304648875831e-07,3.0736104901337136e-33,-2.0011380220655665e-33,1.5368052450668568e-33
9.72122029128641,0.32080026961245156,0.14149216242456011,0.06772287737774607,-0.12092541536005605,6.631259204371064e-07,3.07012171138253e-33,-1.9949584882657815e-33,1.535060855691265e-33
9.751224026753345,0.3217903928828604,0.1379347039718071,0.0665721392919152,-0.11820596964665027,6.643966399915344e-07,3.06654023237862e-33,-1.9888190901400338e-33,1.53327011618931e-33
9.781227762220277,0.3227805161532692,0.13446434623972964,0.0654484631875959,-0.11554183876357323,6.65643045690342e-07,3.0628688486101437e-33,-1.9827194176289875e-33,1.5314344243050719e-33
9.811231497687212,0.323770639423678,0.13108002262214313,0.0643511806914503,-0.11293300990597264,6.668655630527708e-07,3.059110336873719e-33,-1.9766590651854968e-33,1.5295551684368596e-33
9.841235233154144,0.32476076269408677,0.1277806103876988,0.0632796339612914,-0.11037938811907036,6.680646203039224e-07,3.0552674524773598e-33,-1.9706376317996182e-33,1.5276337262386799e-33
9.871238968621078,0.3257508859644956,0.12456493492137834,0.06223317597965888,-0.10788080066417448,6.692406477124787e-07,3.0513429265474546e-33,-1.9646547210314445e-33,1.5256714632737273e-33
9.90124270408801,0.3267410092349044,0.12143177394661075,0.061211170813294635,-0.1054370013975958,6.703940769509493e-07,3.04733946348709e-33,-1.958709941037197e-33,1.523669731743545e-33
9.931246439554945,0.3277311325053132,0.11837986169529456,0.060212993827599474,-0.10304767512869535,6.715253404795e-07,3.043259738587331e-33,-1.952802904588849e-33,1.5216298692936656e-33
9.961250175021878,0.328721255775722,0.11540789293929488,0.05923803179940994,-0.10071244187236425,6.726348709543367e-07,3.0391063957925973e-33,-1.9469332290874188e-33,1.5195531978962986e-33
9.991253910488812,0.3297113790461308,0.11251452713154754,0.0582856831414237,-0.09843086122634628,6.737231006612922e-07,3.0348820456198543e-33,-1.9411005365703167e-33,1.5174410228099271e-33
10.021257645955744,0.33070150231653955,0.10969839244505698,0.05735535808855064,-0.09620243667450439,6.747904609749439e-07,3.0305892632298298e-33,-1.935304453713491e-33,1.5152946316149149e-33
10.051261381422679,0.3316916255869484,0.10695808964725037,0.056446478806818974,-0.09402661975419346,6.758373818438116e-07,3.026230586649565e-33,-1.9295446118284095e-33,1.5131152933247825e-33
10.081265116889611,0.3326817488573572,0.10429219586342109,0.05555847947439967,-0.09190281413449697,6.768642913019348e-07,3.0218085151444765e-33,-1.9238206468541322e-33,1.5109042575722383e-33
10.111268852356545,0.333671872127766,0.10169926821652873,0.05469080633311068,-0.08983037959082159,6.778716150069641e-07,3.017325507737411e-33,-1.9181321993447415e-33,1.5086627538687054e-33
10.141272587823478,0.33466199539817476,0.09917784727870364,0.05384291765807439,-0.08780863581037379,6.788597758048143e-07,3.0127839818718848e-33,-1.9124789144523203e-33,1.5063919909359424e-33
10.171276323290412,0.33565211866858363,0.09672646047516145,0.05301428378237081,-0.08583686616360538,6.798291933207847e-07,3.00818631221608e-33,-1.9068604419057068e-33,1.50409315610804e-33
10.201280058757344,0.3366422419389924,0.09434362539399944,0.05220438714614929,-0.08391432139613465,6.807802835767087e-07,3.0035348296028067e-33,-1.9012764359857317e-33,1.5017674148014034e-33
10.231283794224279,0.3376323652094012,0.09202785287758591,0.0514127222639144,-0.08204022311887206,6.817134586339043e-07,2.998831820101592e-33,-1.8957265554970562e-33,1.499415910050796e-33
10.261287529691211,0.33862248847980997,0.08977764996111871,0.050638795669947764,-0.0802137671572362,6.826291262615676e-07,2.9940795242186608e-33,-1.890210463736761e-33,1.4970397621093304e-33
10.291291265158145,0.33961261175021884,0.08759152265860401,0.04988212584512939,-0.07843412675804128,6.835276896301262e-07,2.9892801362200564e-33,-1.8847278284599353e-33,1.4946400681100282e-33
10.321295000625078,0.3406027350206276,0.08546797856475084,0.04914224309223235,-0.07670045562021595,6.844095470290116e-07,2.9844358035730623e-33,-1.879278321842458e-33,1.4922179017865311e-33
10.351298736092012,0.3415928582910364,0.08340552932421472,0.04841868941563243,-0.07501189079998115,6.852750916082735e-07,2.979548626500984e-33,-1.873861620441091e-33,1.489774313250492e-33
10.381302471558945,0.3425829815614452,0.081402693020215,0.04771101846571407,-0.07336755554290772,6.861247111432124e-07,2.9746206576454607e-33,-1.868477405151444e-33,1.4873103288227303e-33
10.411306207025879,0.343573104831854,0.07945799635213613,0.04701879541259935,-0.07176656191040785,6.869587878213303e-07,2.9696539018310876e-33,-1.8631253611640008e-33,1.4848269509155438e-33
10.441309942492811,0.3445632281022628,0.07756997665650917,0.0463415968015273,-0.07020801325333664,6.877776980509063e-07,2.9646503159273085e-33,-1.8578051779182823e-33,1.4823251579636543e-33
10.471313677959746,0.3455533513726716,0.07573718378073725,0.045679010397495494,-0.06869100654085493,6.885818122904056e-07,2.9596118088022363e-33,-1.8525165490553233e-33,1.4798059044011181e-33
10.501317413426678,0.3465434746430804,0.07395818180163109,0.045030635004336295,-0.06721463453443721,6.89371494897918e-07,2.9545402413630937e-33,-1.8472591723686486e-33,1.4772701206815468e-33
10.531321148893612,0.3475335979134892,0.07223155059488484,0.044396080260879205,-0.06577798781199347,6.901471039998192e-07,2.949437426678128e-33,-1.8420327497537962e-33,1.474718713339064e-33
10.561324884360545,0.348523721183898,0.07055588733032718,0.04377496651036933,-0.06438015672165397,6.909089913777444e-07,2.9443051301744805e-33,-1.8368369871567758e-33,1.4721525650872402e-33
10.591328619827479,0.34951384445430683,0.0689298078003034,0.04316692462346306,-0.0630202331662387,6.916575023729896e-07,2.9391450699067447e-33,-1.8316715945216855e-33,1.4695725349533724e-33
10.621332355294411,0.3505039677247156,0.06735194761075702,0.04257159580361583,-0.061697312247852326,6.92392975807549e-07,2.9339589168914783e-33,-1.8265362857375105e-33,1.4669794584457391e-33
10.651336090761346,0.3514940909951244,0.06582096325024447,0.04198863138763122,-0.06041049378745297,6.931157439209376e-07,2.928748295502749e-33,-1.8214307785842215e-33,1.4643741477513746e-33
10.681339826228278,0.35248421426553317,0.06433553303917822,0.04141769263650694,-0.059158883720344106,6.93826132321953e-07,2.9235147839239724e-33,-1.816354794678311e-33,1.4617573919619862e-33
10.711343561695212,0.35347433753594204,0.06289435795604115,0.040858450499991955,-0.05794159536170597,6.945244599545608e-07,2.9182599146514933e-33,-1.8113080594178003e-33,1.4591299573257467e-33
10.741347297162145,0.3544644608063508,0.06149616239201964,0.0403105854374862,-0.05675775060122485,6.952110390770459e-07,2.9129851750453183e-33,-1.806290301926934e-33,1.4564925875226591e-33
10.77135103262908,0.3554545840767596,0.06013969479295072,0.03977378722278245,-0.055606480979002774,6.958861752535952e-07,2.9076920079225818e-33,-1.8013012550007867e-33,1.4538460039612909e-33
10.801354768096012,0.3564447073471684,0.05882372819404316,0.03924775473034524,-0.05448692864707016,6.965501673575543e-07,2.9023818121897662e-33,-1.7963406550497857e-33,1.4511909060948831e-33
10.831358503562946,0.35743483061757725,0.0575470606643816,0.038732195720893585,-0.05339824723434785,6.972033075855974e-07,2.8970559435097603e-33,-1.791408242044208e-33,1.4485279717548802e-33
10.861362239029878,0.358424953887986,0.056308515666129176,0.0382268266253176,-0.05233960261933941,6.978458814820629e-07,2.8917157149999944e-33,-1.7865037594587434e-33,1.4458578574999972e-33
10.891365974496813,0.3594150771583948,0.055106942328730917,0.03773137231062101,-0.0513101736078842,6.984781679727298e-07,2.886362397958033e-33,-1.7816269542171628e-33,1.4431811989790165e-33
10.921369709963745,0.3604052004288036,0.05394121566112236,0.03724556587799836,-0.050309152545790777,6.991004394073331e-07,2.8809972226112317e-33,-1.7767775766371633e-33,1.4404986113056159e-33
10.95137344543068,0.36139532369921246,0.05281023669462425,0.03676914846926498,-0.049335745856023405,6.997129616101157e-07,2.8756213788870994e-33,-1.7719553803756094e-33,1.4378106894435497e-33
10.981377180897613,0.36238544696962127,0.05171293255195176,0.03630186905560682,-0.04838917449188604,7.003159939377898e-07,2.870236017201393e-33,-1.7671601223741538e-33,1.4351180086006965e-33
11.011380916364546,0.36337557024003003,0.05064825645597839,0.03584348422785017,-0.0474686743218876,7.009097893442886e-07,2.8648422492610868e-33,-1.7623915628052584e-33,1.4324211246305434e-33
11.04138465183148,0.36436569351043885,0.04961518768303704,0.03539375798878214,-0.046573496450915214,7.014945944517145e-07,2.859441148879504e-33,-1.7576494650186705e-33,1.429720574439752e-33
11.071388387298413,0.3653558167808476,0.048612731464648826,0.034952461537229224,-0.04570290747930125,7.020706496269103e-07,2.8540337528010585e-33,-1.7529335954883882e-33,1.4270168764005293e-33
11.101392122765347,0.3663459400512565,0.0476399188448006,0.034519373065287455,-0.044856189710806925,7.026381890631104e-07,2.8486210615332095e-33,-1.7482437237601155e-33,1.4243105307666048e-33
11.13139585823228,0.36733606332166524,0.046695806495334335,0.034094277576794806,-0.044032641313963596,7.031974408661481e-07,2.8432040401833953e-33,-1.743579622399372e-33,1.4216020200916976e-33
11.161399593699214,0.36832618659207406,0.04577947648788557,0.03367696669192015,-0.04323157642866771,7.037486271447351e-07,2.8377836192988716e-33,-1.7389410669402458e-33,1.4188918096494358e-33
11.191403329166146,0.3693163098624828,0.04489003603004869,0.03326723845382404,-0.04245232522827118,7.042919641043551e-07,2.8323606957075913e-33,-1.7343278358347975e-33,1.4161803478537957e-33
11.22140706463308,0.3703064331328917,0.044026617169581825,0.03286489713889913,-0.041694233941203085,7.048276621443301e-07,2.8269361333583074e-33,-1.7297397104031236e-33,1.4134680666791537e-33
11.251410800100013,0.37129655640330045,0.04318837647118062,0.03246975306578566,-0.04095666483536998,7.053559259576463e-07,2.8215107641582846e-33,-1.7251764747841097e-33,1.4107553820791423e-33
11.281414535566947,0.37228667967370926,0.04237449466887578,0.03208162240703781,-0.040238996169269674,7.058769546331436e-07,2.8160853888070572e-33,-1.720637915886858e-33,1.4080426944035286e-33
11.31141827103388,0.373276802944118,0.04158417629233975,0.031700327024335784,-0.03954062211350013,7.063909417597031e-07,2.8106607776248824e-33,-1.716123823342868e-33,1.4053303888124412e-33
11.341422006500814,0.3742669262145269,0.04081664927297945,0.03132569429577196,-0.03886095264124541,7.068980755320965e-07,2.8052376713746306e-33,-1.7116339894589997e-33,1.4026188356873153e-33
11.371425741967746,0.37525704948493566,0.04007116453269923,0.03095755694468469,-0.03819941339267083,7.073985388581754e-07,2.7998167820759704e-33,-1.7071682091711893e-33,1.3999083910379852e-33
11.40142947743468,0.3762471727553445,0.039346995557721365,0.030595752872571255,-0.03755544551624691,7.07892509467099e-07,2.7943987938107936e-33,-1.7027262799989193e-33,1.3971993969053968e-33
11.431433212901613,0.37723729602575323,0.03864343796077567,0.030240124994351733,-0.03692850548984167,7.083801600183167e-07,2.788984363518934e-33,-1.6983080020004616e-33,1.394492181759467e-33
11.461436948368547,0.37822741929616205,0.037959809035837115,0.02989052107302105,-0.03631806492485399,7.088616582110423e-07,2.7835741217833136e-33,-1.6939131777288582e-33,1.3917870608916568e-33
11.49144068383548,0.37921754256657086,0.03729544729721376,0.029546793573197606,-0.03572361035142812,7.093371668939799e-07,2.7781686736037767e-33,-1.689541612188692e-33,1.3890843368018884e-33
11.521444419302414,0.3802076658369797,0.03664971201270003,0.02920879951336518,-0.0351446429887491,7.098068441750841e-07,2.772768599158966e-33,-1.685193112793663e-33,1.386384299579483e-33
11.551448154769346,0.38119778910738844,0.036021982732675255,0.028876400318655755,-0.03458067850281221,7.1027084353115e-07,2.7673744545556672e-33,-1.6808674893249388e-33,1.3836872272778336e-33
11.58145189023628,0.38218791237779726,0.03541165881558941,0.028549461677698923,-0.03403124675322023,7.107293139170356e-07,2.7619867725650632e-33,-1.676564553890286e-33,1.3809933862825316e-33
11.611455625703213,0.3831780356482061,0.03481815895176353,0.028227853403006414,-0.03349589153088369,7.111823998743423e-07,2.7566060633454942e-33,-1.6722841208839596e-33,1.3783030316727471e-33
11.641459361170147,0.3841681589186149,0.03424092069049813,0.027911449291254647,-0.03297417029031151,7.116302416393881e-07,2.7512328151512868e-33,-1.6680260069473534e-33,1.3756164075756434e-33
11.67146309663708,0.38515828218902365,0.033679399960755745,0.027600126995686845,-0.032465653871602815,7.120729752503265e-07,2.7458674950273685e-33,-1.6637900309304026e-33,1.3729337475136843e-33
11.701466832104014,0.38614840545943246,0.03313307059203703,0.027293767902393126,-0.031969926216105324,7.12510732653291e-07,2.7405105494894396e-33,-1.6595760138537645e-33,1.3702552747447198e-33
11.731470567570947,0.3871385287298413,0.03260142384033295,0.026992257006405763,-0.03148658407920839,7.12943641807441e-07,2.7351624051895012e-33,-1.6553837788717528e-33,1.3675812025947506e-33
11.76147430303788,0.3881286520002501,0.03208396791739812,0.026695482791506932,-0.03101523674002203,7.133718267887964e-07,2.729823469566554e-33,-1.6512131512360076e-33,1.364911734783277e-33
11.791478038504813,0.38911877527065886,0.03158022752426959,0.026403337113644086,-0.030555505708999224,7.137954078927618e-07,2.7244941314823662e-33,-1.6470639582598984e-33,1.3622470657411831e-33
11.821481773971747,0.3901088985410677,0.031089743393354678,0.02611571508551457,-0.03010702443681424,7.142145017352509e-07,2.719174761842226e-33,-1.642936029283636e-33,1.359587380921113e-33
11.85148550943868,0.39109902181147643,0.03061207183227252,0.025832514967845683,-0.02966943802043795,7.146292213523225e-07,2.7138657142006167e-33,-1.6388291956400954e-33,1.3569328571003083e-33
11.881489244905614,0.3920891450818853,0.030146784269165148,0.02555363806702783,-0.02924240290637267,7.150396762982848e-07,2.7085673253519094e-33,-1.6347432906213455e-33,1.3542836626759547e-33
11.911492980372547,0.39307926835229406,0.029693466808483646,0.025278988632569267,-0.028825586597265113,7.154459727421966e-07,2.703279915906076e-33,-1.630678149445886e-33,1.351639957953038e-33
11.941496715839481,0.3940693916227029,0.02925171979401348,0.02500847375768474,-0.028418667360231194,7.158482135627147e-07,2.6980037908494804e-33,-1.626633609226553e-33,1.3490018954247402e-33
11.971500451306413,0.39505951489311164,0.028821157379330213,0.024742003283134265,-0.028021333937321004,7.162464984412382e-07,2.6927392400908506e-33,-1.622609508939101e-33,1.3463696200454253e-33
12.001504186773348,0.3960496381635205,0.02840140710849415,0.024479489703109533,-0.02763328526039463,7.166409239533123e-07,2.68748653899251e-33,-1.61860568939143e-33,1.343743269496255e-33
12.03150792224028,0.3970397614339293,0.02799210950461319,0.024220848074563463,-0.027254230169004544,7.170315836582511e-07,2.682245948887026e-33,-1.6146219931934605e-33,1.341122974443513e-33
12.061511657707214,0.3980298847043381,0.02759291765955162,0.023965995933036634,-0.02688388712665097,7.174185681869699e-07,2.677017717579441e-33,-1.610658264727638e-33,1.3385088587897204e-33
12.091515393174147,0.39902000797474685,0.027203496836150014,0.023714853208872164,-0.0265219839435898,7.178019653280104e-07,2.6718020798353156e-33,-1.606714350120076e-33,1.3359010399176578e-33
12.121519128641081,0.4000101312451557,0.026823524079717942,0.02346734214590584,-0.026168257504191914,7.181818601117339e-07,2.666599257854715e-33,-1.6027900972122973e-33,1.3332996289273575e-33
12.151522864108014,0.4010002545155645,0.02645268783829735,0.02322338722293755,-0.025822453498693148,7.185583348926777e-07,2.661409461732374e-33,-1.598885355533584e-33,1.330704730866187e-33
12.181526599574948,0.4019903777859733,0.026090687593030973,0.022982915077516507,-0.025484326160501378,7.189314694300628e-07,2.6562328899042238e-33,-1.5949999762739e-33,1.3281164449521119e-33
12.21153033504188,0.40298050105638206,0.025737233499694416,0.022745854431729284,-0.025153638010031655,7.193013409664497e-07,2.6510697295805203e-33,-1.591133812257388e-33,1.3255348647902602e-33
12.241534070508814,0.4039706243267909,0.025392046031595183,0.0225121360232198,-0.02483015959789784,7.196680243045487e-07,2.6459201571658108e-33,-1.5872867179164273e-33,1.3229600785829054e-33
12.271537805975747,0.4049607475971997,0.02505485563420194,0.02228169253737106,-0.024513669255217908,7.200315918822033e-07,2.6407843386660413e-33,-1.5834585492662486e-33,1.3203921693330206e-33
12.301541541442681,0.4059508708676085,0.02472540238999733,0.022054458541343615,-0.024203952850096164,7.20392113845543e-07,2.635662430083013e-33,-1.5796491638800826e-33,1.3178312150415065e-33
12.331545276909614,0.40694099413801726,0.02440343569224813,0.02183037042043862,-0.023900803549448905,7.207496581203217e-07,2.6305545777964478e-33,-1.5758584208648367e-33,1.3152772888982239e-33
12.361549012376548,0.4079311174084261,0.024088713928128686,0.021609366316610354,-0.02360402158662231,7.21104290481451e-07,2.6254609189339295e-33,-1.572086180837281e-33,1.3127304594669648e-33
12.39155274784348,0.4089212406788349,0.023781004173513323,0.021391386068576997,-0.023313414036707284,7.214560746207423e-07,2.620381581728958e-33,-1.5683323059007373e-33,1.310190790864479e-33
12.421556483310415,0.4099113639492437,0.023480081890644544,0.021176371155492858,-0.023028794592880323,7.21805072212879e-07,2.6153166858674012e-33,-1.5645966596222556e-33,1.3076583429337006e-33
12.451560218777347,0.4109014872196525,0.023185730634813658,0.020964264642367163,-0.022749983348517723,7.221513429796515e-07,2.610266342822661e-33,-1.560879107010275e-33,1.3051331714113305e-33
12.481563954244281,0.4118916104900613,0.022897741771562556,0.02075501112686832,-0.02247680658635229,7.224949447524683e-07,2.6052306561797902e-33,-1.5571795144927527e-33,1.3026153280898951e-33
12.511567689711214,0.41288173376047005,0.022615914202275333,0.02054855668803553,-0.022209096573136092,7.2283593353317e-07,2.6002097219488366e-33,-1.5534977498957526e-33,1.3001048609744183e-33
12.541571425178148,0.4138718570308789,0.022340054098157525,0.020344848836820334,-0.021946691359885594,7.231743635531649e-07,2.595203628867669e-33,-1.5498336824224734e-33,1.2976018144338344e-33
12.57157516064508,0.4148619803012877,0.02206997464472531,0.020143836468114948,-0.021689434589467992,7.23510287330916e-07,2.590212458694567e-33,-1.5461871826327172e-33,1.2951062293472835e-33
12.601578896112015,0.4158521035716965,0.021805495791075203,0.019945469815047537,-0.021437175307080118,7.238437557277996e-07,2.5852362864908096e-33,-1.5425581224227794e-33,1.2926181432454048e-33
12.631582631578947,0.41684222684210526,0.021546444005023688,0.01974970040512675,-0.02118976777450074,7.241748180023804e-07,2.5802751808935986e-33,-1.5389463750057595e-33,1.2901375904467993e-33
12.661586367045881,0.41783235011251413,0.021292652038387747,0.019556481017516707,-0.020947071291548453,7.245035218631254e-07,2.5753292043795474e-33,-1.5353518148922705e-33,1.2876646021897737e-33
12.691590102512814,0.4188224733829229,0.02104395869985344,0.01936576564184668,-0.020708950022808686,7.248299135195828e-07,2.5703984135190005e-33,-1.531774317871553e-33,1.2851992067595003e-33
12.721593837979748,0.4198125966533317,0.020800208635196327,0.01917750943851841,-0.02047527282949697,7.251540377320603e-07,2.565482859221426e-33,-1.5282137609929642e-33,1.282741429610713e-33
12.75159757344668,0.42080271992374046,0.02056125211621807,0.018991668700377363,-0.02024591310761621,7.254759378598251e-07,2.5605825869721463e-33,-1.5246700225478514e-33,1.2802912934860732e-33
12.781601308913615,0.42179284319414934,0.020326944835897563,0.018808200815896108,-0.02002074863044829,7.257956559078592e-07,2.555697637060632e-33,-1.5211429820517855e-33,1.277848818530316e-33
12.811605044380547,0.4227829664645581,0.020097147706915015,0.018627064233912468,-0.019799661393110162,7.261132325722073e-07,2.5508280448006543e-33,-1.517632520227158e-33,1.2754140224003271e-33
12.841608779847482,0.4237730897349669,0.01987172666924711,0.018448218429389644,-0.019582537463799895,7.264287072839493e-07,2.545973840742522e-33,-1.5141385189861222e-33,1.272986920371261e-33
12.871612515314414,0.4247632130053757,0.019650552504518807,0.01827162387039804,-0.01936926683992705,7.267421182518231e-07,2.5411350508776406e-33,-1.510660861413882e-33,1.2705675254388203e-33
12.901616250781348,0.4257533362757845,0.019433500656672733,0.018097241986302207,-0.019159743308813024,7.270535025035348e-07,2.5363116968356253e-33,-1.5071994317523043e-33,1.2681558484178126e-33
12.93161998624828,0.4267434595461933,0.019220451059569533,0.017925035137119964,-0.018953864313505958,7.27362895925778e-07,2.531503796074191e-33,-1.5037541153838611e-33,1.2657518980370956e-33
12.961623721715215,0.4277335828166021,0.019011287971333175,0.01775496658404357,-0.018751530823601485,7.276703333029962e-07,2.5267113620620312e-33,-1.5003247988158832e-33,1.2633556810310156e-33
12.991627457182148,0.4287237060870109,0.01880589981069461,0.017587000461054856,-0.018552647207193636,7.279758483549232e-07,2.521934404454932e-33,-1.4969113696651252e-33,1.260967202227466e-33
13.021631192649082,0.4297138293574197,0.01860417900074299,0.017421101747487365,-0.018357121108412783,7.282794737729353e-07,2.5171729292653438e-33,-1.4935137166426283e-33,1.2585864646326719e-33
13.051634928116014,0.4307039526278285,0.018406021818696636,0.017257236241569694,-0.018164863329455837,7.285812412552434e-07,2.5124269390256178e-33,-1.4901317295388776e-33,1.2562134695128089e-33
13.081638663582948,0.43169407589823733,0.018211328250997465,0.017095370534932243,-0.017975787716568617,7.288811815409497e-07,2.5076964329450833e-33,-1.4867652992092434e-33,1.2538482164725416e-33
13.111642399049881,0.4326841991686461,0.01802000185388519,0.016935471988065064,-0.01778981105014046,7.29179324443006e-07,2.502981407061204e-33,-1.483414317559702e-33,1.251490703530602e-33
13.141646134516815,0.4336743224390549,0.017831949620273478,0.016777508706776998,-0.017606852939630997,7.294756988800936e-07,2.4982818543849624e-33,-1.4800786775328255e-33,1.2491409271924812e-33
13.17164986998375,0.4346644457094638,0.017647081848406382,0.01662144951935224,-0.017426835719576563,7.297703329074605e-07,2.493597765040708e-33,-1.4767582730940414e-33,1.246798882520354e-33
13.201653605450682,0.43565456897987254,0.017465312015853572,0.016467263954510317,-0.017249684349654265,7.300632537467473e-07,2.488929126400633e-33,-1.473452999218146e-33,1.2444645632003165e-33
13.231657340917616,0.43664469225028135,0.01728655665891807,0.01631492222018772,-0.01707532631889669,7.303544878148295e-07,2.4842759232140897e-33,-1.4701627518760698e-33,1.2421379616070448e-33
13.261661076384549,0.4376348155206901,0.0171107352564568,0.016164395183086332,-0.01690369155324923,7.306440607516983e-07,2.4796381377318762e-33,-1.466887428021892e-33,1.2398190688659381e-33
13.291664811851483,0.43862493879109893,0.016937770118069205,0.01601565434897242,-0.016734712326454668,7.309319974474136e-07,2.4750157498257045e-33,-1.46362692558009e-33,1.2375078749128522e-33
13.321668547318415,0.43961506206150774,0.016767586277579356,0.015868671843843118,-0.016568323175074017,7.312183220681469e-07,2.4704087371029808e-33,-1.4603811434330262e-33,1.2352043685514904e-33
13.35167228278535,0.44060518533191656,0.016600111388683055,0.015723420395584668,-0.01640446081501385,7.315030580813464e-07,2.4658170750170675e-33,-1.457149981408661e-33,1.2329085375085337e-33
13.381676018252282,0.4415953086023253,0.016435275623935437,0.015579873316186574,-0.016243064060561,7.317862282800526e-07,2.4612407369732247e-33,-1.4539333402684902e-33,1.2306203684866123e-33
13.411679753719216,0.44258543187273414,0.01627301157855772,0.015438004484686215,-0.016084073747198252,7.320678548063891e-07,2.456679694430338e-33,-1.4507311216956971e-33,1.228339847215169e-33
13.441683489186149,0.44357555514314295,0.016113254177281097,0.015297788330621507,-0.015927432656707194,7.323479591742498e-07,2.4521339169986152e-33,-1.4475432282835181e-33,1.2260669584993076e-33
13.471687224653083,0.44456567841355177,0.015955940567011696,0.015159199814993033,-0.015773085429786452,7.326265622910142e-07,2.4476033725327157e-33,-1.4443695635238677e-33,1.2238016862663579e-33
13.501690960120015,0.44555580168396053,0.01580101013006723,0.015022214432208976,-0.015620978581953784,7.329036844792452e-07,2.4430880272235864e-33,-1.4412100317959588e-33,1.2215440136117932e-33
13.53169469558695,0.44654592495436934,0.015648404193163767,0.014886808158735776,-0.015471060257778618,7.331793454968304e-07,2.438587845683895e-33,-1.43806453835535e-33,1.2192939228419476e-33
13.561698431053882,0.44753604822477816,0.015498066189431548,0.014752957482118313,-0.015323280374281196,7.334535645560068e-07,2.4341027910286297e-33,-1.4349329893233176e-33,1.2170513955143149e-33
13.591702166520816,0.448526171495187,0.01534994141668446,0.014620639356690224,-0.015177590416722455,7.337263603438913e-07,2.4296328249596106e-33,-1.4318152916757372e-33,1.2148164124798053e-33
13.621705901987749,0.44951629476559574,0.015203976999747616,0.014489831196765203,-0.015033943409786012,7.339977510390646e-07,2.42517790783585e-33,-1.4287113532331995e-33,1.212588953917925e-33
13.651709637454683,0.45050641803600455,0.015060121913931404,0.014360510883754589,-0.014892293941785813,7.342677543309134e-07,2.420737998752073e-33,-1.4256210826501666e-33,1.2103689993760365e-33
13.681713372921616,0.4514965413064133,0.01491832672357049,0.014232656711735105,-0.014752597941486714,7.345363874356552e-07,2.4163130556052986e-33,-1.4225443894052436e-33,1.2081565278026493e-33
13.71171710838855,0.4524866645768222,0.014778543758956462,0.01410624743001768,-0.014614812835462994,7.348036671131263e-07,2.4119030351630432e-33,-1.4194811837911233e-33,1.2059515175815216e-33
13.741720843855482,0.45347678784723094,0.0146407268259012,0.013981262178652159,-0.014478897298690238,7.350696096832098e-07,2.4075078931294633e-33,-1.4164313769046146e-33,1.2037539465647316e-33
13.771724579322417,0.45446691111763976,0.014504831302408365,0.01385768051493824,-0.014344811342173146,7.35334231040027e-07,2.403127584203311e-33,-1.4133948806374883e-33,1.2015637921016556e-33
13.801728314789349,0.4554570343880485,0.01437081402616256,0.013735482389510265,-0.014212516217974615,7.355975466682197e-07,2.3987620621419654e-33,-1.4103716076664103e-33,1.1993810310709827e-33
13.831732050256283,0.4564471576584574,0.014238633184767438,0.013614648121215349,-0.014081974326094305,7.358595716557975e-07,2.394411279813437e-33,-1.4073614714442523e-33,1.1972056399067185e-33
13.861735785723216,0.45743728092886615,0.01410824840610861,0.013495158426471322,-0.013953149297019433,7.361203207089341e-07,2.3900751892540444e-33,-1.4043643861904872e-33,1.1950375946270222e-33
13.89173952119015,0.45842740419927497,0.013979620513891535,0.013376994355392587,-0.013826005779620688,7.363798081648282e-07,2.385753741719056e-33,-1.4013802668823765e-33,1.192876870859528e-33
13.921743256657082,0.45941752746968373,0.013852711670872177,0.013260137337929348,-0.013700509570328196,7.366380480042082e-07,2.3814468877315354e-33,-1.3984090292462497e-33,1.1907234438657677e-33
13.951746992124017,0.4604076507400926,0.013727485185779896,0.013144569131848256,-0.01357662744552027,7.368950538645354e-07,2.377154577132808e-33,-1.3954505897483711e-33,1.188577288566404e-33
13.98175072759095,0.46139777401050136,0.013603905533144752,0.013030271833480225,-0.013454327181718649,7.371508390506786e-07,2.3728767591241327e-33,-1.392504865586968e-33,1.1864383795620664e-33
14.011754463057883,0.4623878972809102,0.013481938334222806,0.012917227877664639,-0.013333577541484178,7.374054165476122e-07,2.3686133823143463e-33,-1.3895717746831569e-33,1.1843066911571731e-33
14.041758198524816,0.46337802055131894,0.013361550211340351,0.012805419995335635,-0.013214348146502056,7.37658799030486e-07,2.36436439475847e-33,-1.3866512356731471e-33,1.182182197379235e-33
14.07176193399175,0.46436814382172775,0.013242708901604509,0.012694831257462614,-0.01309660958140799,7.379109988757397e-07,2.360129743999155e-33,-1.383743167899807e-33,1.1800648719995776e-33
14.101765669458683,0.46535826709213657,0.013125383054792234,0.012585445011291439,-0.012980333215976634,7.381620281714624e-07,2.355909377105206e-33,-1.3808474914045557e-33,1.177954688552603e-33
14.131769404925617,0.4663483903625454,0.013009542327291214,0.012477244918905006,-0.012865491291397779,7.384118987266301e-07,2.351703240706023e-33,-1.3779641269197984e-33,1.1758516203530115e-33
14.16177314039255,0.46733851363295414,0.012895157275929846,0.012370214925071708,-0.012752056827627391,7.38660622081606e-07,2.347511281029631e-33,-1.375092995860554e-33,1.1737556405148155e-33
14.191776875859484,0.46832863690336296,0.012782199320046471,0.012264339248398046,-0.012640003591492997,7.389082095162366e-07,2.343333443932599e-33,-1.3722340203174025e-33,1.1716667219662995e-33
14.221780611326416,0.4693187601737718,0.012670640780802572,0.012159602402600707,-0.012529306134301015,7.391546720595793e-07,2.3391696749347394e-33,-1.3693871230483744e-33,1.1695848374673697e-33
14.25178434679335,0.4703088834441806,0.012560454729808924,0.01205598914307688,-0.012419939657583586,7.394000204978972e-07,2.3350199192479034e-33,-1.3665522274718108e-33,1.1675099596239517e-33
14.281788082260283,0.47129900671458935,0.012451615094767101,0.01195348451485791,-0.012311880110452535,7.396442653828716e-07,2.330884121805094e-33,-1.3637292576590111e-33,1.165442060902547e-33
14.311791817727217,0.47228912998499817,0.012344096512278711,0.011852073798666728,-0.012205104058602173,7.398874170399433e-07,2.3267622272896213e-33,-1.3609181383267046e-33,1.1633811136448106e-33
14.34179555319415,0.47327925325540693,0.012237874371132162,0.011751742534272401,-0.012099588725337972,7.401294855751262e-07,2.3226541801590986e-33,-1.3581187948304431e-33,1.1613270900795493e-33
14.371799288661084,0.4742693765258158,0.012132924774190786,0.011652476510493209,-0.011995311958960503,7.403704808832439e-07,2.3185599246735885e-33,-1.3553311531569632e-33,1.1592799623367942e-33
14.401803024128016,0.47525949979622456,0.012029224464531243,0.011554261738281175,-0.011892252167357977,7.406104126541619e-07,2.3144794049171397e-33,-1.3525551399178231e-33,1.1572397024585698e-33
14.43180675959495,0.4762496230666334,0.011926750893535482,0.011457084486894057,-0.01179038838179635,7.408492903800986e-07,2.310412564822415e-33,-1.3497906823422194e-33,1.1552062824112075e-33
14.461810495061883,0.47723974633704214,0.011825482084728438,0.011360931227717298,-0.011689700134418356,7.410871233620447e-07,2.306359348192243e-33,-1.347037708270349e-33,1.1531796740961214e-33
14.491814230528817,0.478229869607451,0.011725396713966246,0.01126578867661831,-0.011590167533101069,7.413239207157563e-07,2.3023196987195682e-33,-1.3442961461470012e-33,1.1511598493597841e-33
14.52181796599575,0.47921999287785977,0.011626474017766413,0.01117164375657222,-0.011491771179209118,7.415596913784366e-07,2.2982935600093022e-33,-1.3415659250145716e-33,1.1491467800046511e-33
14.551821701462684,0.4802101161482686,0.011528693793378939,0.011078483602582472,-0.011394492169104547,7.417944441137962e-07,2.294280875594879e-33,-1.3388469745072026e-33,1.1471404377974394e-33
14.581825436929616,0.48120023941867734,0.011432036407978562,0.010986295571846131,-0.011298312104140465,7.420281875184058e-07,2.2902815889585932e-33,-1.336139224843882e-33,1.1451407944792966e-33
14.61182917239655,0.4821903626890862,0.011336482708925592,0.01089506720397637,-0.011203213009484184,7.422609300265873e-07,2.2862956435472006e-33,-1.3334426068225803e-33,1.1431478217736003e-33
14.641832907863483,0.483180485959495,0.0112420140977825,0.010804786263663954,-0.01110917740371773,7.424926799158057e-07,2.2823229827888476e-33,-1.330757051813942e-33,1.1411614913944238e-33
14.671836643330417,0.4841706092299038,0.01114861242164389,0.010715440689817191,-0.011016188199893811,7.427234453118608e-07,2.278363550109192e-33,-1.328082491755057e-33,1.139181775054596e-33
14.70184037879735,0.48516073250031255,0.011056260022033018,0.01062701862576237,-0.010924228751974935,7.429532341932334e-07,2.2744172889447316e-33,-1.3254188591438504e-33,1.1372086444723658e-33
14.731844114264284,0.48615085577072137,0.010964939690842081,0.01053950840094741,-0.010833282815343313,7.431820543963838e-07,2.27048414275888e-33,-1.3227660870326318e-33,1.13524207137944e-33
14.761847849731216,0.4871409790411302,0.010874634639111536,0.01045289851836196,-0.01074333451897738,7.434099136195724e-07,2.266564055053347e-33,-1.3201241090228011e-33,1.1332820275266735e-33
14.79185158519815,0.488131102311539,0.010785328534263276,0.010367177679868498,-0.010654368401249054,7.436368194276657e-07,2.2626569693823656e-33,-1.3174928592586725e-33,1.1313284846911828e-33
14.821855320665083,0.48912122558194776,0.0106970054106583,0.01028233474064552,-0.010566369327798093,7.43862779256054e-07,2.2587628293640647e-33,-1.314872272421992e-33,1.1293814146820324e-33
14.851859056132017,0.4901113488523566,0.01060964973357314,0.010198358749747692,-0.010479322552220173,7.440878004145588e-07,2.2548815786916564e-33,-1.3122622837264077e-33,1.1274407893458282e-33
14.88186279159895,0.4911014721227654,0.010523246323720686,0.010115238911212753,-0.010393213646697855,7.443118900916389e-07,2.2510131611454074e-33,-1.3096628289116265e-33,1.1255065805727037e-33
14.911866527065884,0.4920915953931742,0.010437780375631893,0.010032964598634144,-0.010308028520131674,7.445350553575524e-07,2.247157520601302e-33,-1.3070738442384372e-33,1.123578760300651e-33
14.941870262532817,0.49308171866358297,0.010353237450052472,0.009951525355041018,-0.010223753412043282,7.447573031684978e-07,2.243314601042554e-33,-1.3044952664828146e-33,1.121657300521277e-33
14.97187399799975,0.4940718419339918,0.010269603424020536,0.00987091086665887,-0.010140374846656053,7.449786403695703e-07,2.239484346567424e-33,-1.3019270329310362e-33,1.119742173283712e-33
15.001877733466683,0.49506196520440054,0.010186864540149502,0.009791110996855869,-0.01005787968009203,7.45199073698324e-07,2.23566670139875e-33,-1.2993690813742077e-33,1.117833350699375e-33
15.031881468933618,0.4960520884748094,0.01010500732835931,0.009712115741714785,-0.00997625502764228,7.454186097879628e-07,2.231861609892264e-33,-1.2968213501030808e-33,1.115930804946132e-33
15.06188520440055,0.4970422117452182,0.010024018651947332,0.009633915262255918,-0.009895488307956597,7.456372551701347e-07,2.228069016543612e-33,-1.294283777903202e-33,1.114034508271806e-33
15.091888939867484,0.498032335015627,0.009943885664183383,0.00955649986080841,-0.009815567202956097,7.458550162783284e-07,2.2242888659970973e-33,-1.2917563040494522e-33,1.1121444329985486e-33
15.121892675334417,0.49902245828603575,0.009864595801497645,0.009479859979825693,-0.00973647965212684,7.46071899450204e-07,2.2205211030511412e-33,-1.2892388683015598e-33,1.1102605515255706e-33
15.151896410801351,0.5000125815564446,0.009786136800560447,0.009403986216504158,-0.009658213869451863,7.462879109307733e-07,2.2167656726662006e-33,-1.286731410898765e-33,1.1083828363331003e-33
15.181900146268283,0.5010027048268534,0.009708496641118489,0.009328869288460221,-0.009580758289975351,7.465030568747572e-07,2.2130225199701626e-33,-1.284233872555241e-33,1.1065112599850813e-33
15.211903881735218,0.5019928280972622,0.009631663594773882,0.009254500069194769,-0.009504101616742857,7.467173433491678e-07,2.2092915902643248e-33,-1.2817461944552692e-33,1.1046457951321624e-33
15.24190761720215,0.502982951367671,0.009555626164610209,0.00918086955081787,-0.009428232764162815,7.469307763359373e-07,2.2055728290294563e-33,-1.2792683182483302e-33,1.1027864145147282e-33
15.271911352669084,0.5039730746380798,0.009480373110938821,0.009107968864241776,-0.009353140883085295,7.471433617339084e-07,2.201866181929899e-33,-1.2768001860448062e-33,1.1009330909649494e-33
15.301915088136017,0.5049631979084885,0.009405893434971868,0.009035789271081321,-0.009278815345908685,7.473551053615459e-07,2.1981715948197457e-33,-1.274341740410929e-33,1.0990857974098729e-33
15.331918823602951,0.5059533211788975,0.009332176354117361,0.008964322149139723,-0.009205245723590064,7.475660129587071e-07,2.1944890137461743e-33,-1.2718929243646526e-33,1.0972445068730871e-33
15.361922559069885,0.5069434444493063,0.009259211332926086,0.00889355901683911,-0.009132421815760844,7.477760901890296e-07,2.190818384954565e-33,-1.2694536813708768e-33,1.0954091924772825e-33
15.391926294536818,0.507933567719715,0.00918698802777357,0.008823491496745555,-0.009060333598415987,7.479853426418685e-07,2.1871596548922302e-33,-1.2670239553371033e-33,1.0935798274461151e-33
15.421930030003752,0.5089236909901238,0.009115496326810172,0.008754111346471598,-0.008988971262635308,7.481937758341308e-07,2.183512770211801e-33,-1.2646036906091864e-33,1.0917563851059004e-33
15.451933765470685,0.5099138142605326,0.009044726310187413,0.008685410432630731,-0.008918325177020034,7.484013952124478e-07,2.179877677775566e-33,-1.2621928319667012e-33,1.089938838887783e-33
15.481937500937619,0.5109039375309414,0.008974668256629905,0.008617380737770748,-0.008848385894444465,7.486082061546072e-07,2.1762543246576e-33,-1.2597913246190807e-33,1.0881271623288e-33
15.511941236404551,0.5118940608013502,0.008905312647610058,0.008550014365850732,-0.008779144156549972,7.488142139716814e-07,2.1726426581478928e-33,-1.257399114200992e-33,1.0863213290739464e-33
15.541944971871485,0.5128841840717591,0.008836650132342638,0.008483303518432404,-0.008710590860533617,7.490194239094296e-07,2.169042625754322e-33,-1.2550161467684731e-33,1.084521312877161e-33
15.571948707338418,0.5138743073421678,0.008768671563416373,0.008417240523388849,-0.008642717093852814,7.492238411500452e-07,2.1654541752056094e-33,-1.2526423687946899e-33,1.0827270876028047e-33
15.601952442805352,0.5148644306125767,0.008701367949609077,0.008351817801505415,-0.008575514089204915,7.49427470813787e-07,2.1618772544538973e-33,-1.2502777271657958e-33,1.0809386272269487e-33
15.631956178272285,0.5158545538829854,0.008634730483105065,0.008287027888957627,-0.008508973251135121,7.496303179602614e-07,2.1583118116763025e-33,-1.2479221691771702e-33,1.0791559058381513e-33
15.661959913739219,0.5168446771533942,0.008568750519208053,0.008222863423833134,-0.008443086136857837,7.498323875902115e-07,2.154757795277895e-33,-1.2455756425290823e-33,1.0773788976389475e-33
15.691963649206151,0.517834800423803,0.008503419567375423,0.008159317140911273,-0.008377844447934013,7.500336846465749e-07,2.15121515389256e-33,-1.2432380953231595e-33,1.07560757694628e-33
15.721967384673086,0.5188249236942118,0.008438729308935567,0.008096381887256414,-0.008313240047759974,7.502342140161194e-07,2.1476838363854923e-33,-1.2409094760581995e-33,1.0738419181927461e-33
15.751971120140018,0.5198150469646207,0.008374671558791761,0.008034050593931658,-0.008249264924829827,7.504339805306073e-07,2.1441637918543214e-33,-1.2385897336265088e-33,1.0720818959271607e-33
15.781974855606952,0.5208051702350295,0.008311238298353531,0.007972316303520617,-0.008185911224945882,7.506329889680357e-07,2.14065496963044e-33,-1.2362788173101429e-33,1.07032748481522e-33
15.811978591073885,0.5217952935054382,0.008248421640573168,0.007911172144052729,-0.008123171217635722,7.50831244054031e-07,2.1371573192807545e-33,-1.2339766767769724e-33,1.0685786596403773e-33
15.841982326540819,0.522785416775847,0.008186213843327121,0.007850611341076391,-0.008061037309409503,7.510287504627449e-07,2.1336707906080003e-33,-1.2316832620773097e-33,1.0668353953040001e-33
15.871986062007752,0.5237755400462558,0.008124607305484798,0.007790627216050032,-0.007999502040235784,7.512255128183039e-07,2.1301953336526226e-33,-1.2293985236399015e-33,1.0650976668263113e-33
15.901989797474686,0.5247656633166646,0.008063594547111433,0.00773121317163783,-0.007938558064548953,7.51421535695637e-07,2.1267308986928778e-33,-1.2271224122686308e-33,1.0633654493464389e-33
15.931993532941618,0.5257557865870734,0.008003168234217577,0.007672362713225549,-0.007878198175588482,7.516168236216941e-07,2.123277436246036e-33,-1.2248548791387703e-33,1.061638718123018e-33
15.961997268408552,0.5267459098574823,0.007943321142691475,0.00761406942068472,-0.007818415270524924,7.518113810764533e-07,2.119834897068972e-33,-1.2225958757934762e-33,1.059917448534486e-33
15.992001003875485,0.5277360331278911,0.0078840461839682,0.0075563269706899186,-0.0077592023756973,7.520052124937818e-07,2.116403232158345e-33,-1.2203453541404594e-33,1.0582016160791726e-33
16.022004739342417,0.5287261563982998,0.007825336383579254,0.007499129120214203,-0.007700552625929318,7.52198322262626e-07,2.1129823927516945e-33,-1.2181032664482664e-33,1.0564911963758473e-33
16.05200847480935,0.5297162796687086,0.007767184881841752,0.0074424697081529765,-0.007642459265401045,7.523907147276519e-07,2.109572330326982e-33,-1.2158695653432123e-33,1.054786165163491e-33
16.082012210276286,0.5307064029391174,0.007709584942151515,0.00738634266342799,-0.0075849156559627305,7.525823941903967e-07,2.1061729966035746e-33,-1.2136442038057117e-33,1.0530864983017873e-33
16.11201594574322,0.5316965262095263,0.0076525299253204235,0.007330741984386439,-0.007527915252240643,7.527733649099588e-07,2.102784343541924e-33,-1.2114271351671618e-33,1.051392171770962e-33
16.14201968121015,0.532686649479935,0.007596013315585213,0.007275661761817019,-0.00747145162726155,7.529636311038773e-07,2.09940632334378e-33,-1.2092183131066022e-33,1.04970316167189e-33
16.172023416677085,0.5336767727503439,0.007540028690828111,0.0072210961546200205,-0.007415518443489734,7.53153196949027e-07,2.0960388884524357e-33,-1.2070176916473637e-33,1.0480194442262178e-33
16.20202715214402,0.5346668960207527,0.0074845697388309556,0.007167039404561966,-0.007360109468906423,7.533420665822027e-07,2.0926819915521226e-33,-1.2048252251540915e-33,1.0463409957760613e-33
16.232030887610954,0.5356570192911615,0.007429630248445284,0.007113485829642317,-0.007305218568528454,7.535302441011278e-07,2.0893355855685756e-33,-1.2026408683292712e-33,1.0446677927842878e-33
16.262034623077884,0.5366471425615702,0.007375204100188711,0.00706042981677088,-0.007250839695332363,7.537177335649387e-07,2.0859996236681493e-33,-1.2004645762103845e-33,1.0429998118340746e-33
16.29203835854482,0.537637265831979,0.0073212852823164925,0.007007865836542772,-0.007196966906178306,7.539045389950736e-07,2.0826740592580514e-33,-1.1982963041665905e-33,1.0413370296290257e-33
16.322042094011753,0.5386273891023878,0.0072678678638824845,0.006955788420564393,-0.007143594335500097,7.540906643758853e-07,2.0793588459858257e-33,-1.1961360078957468e-33,1.0396794229929128e-33
16.352045829478687,0.5396175123727966,0.007214946017442492,0.006904192182018555,-0.007090716217740967,7.542761136552536e-07,2.0760539377388287e-33,-1.193983643421439e-33,1.0380269688694143e-33
16.382049564945618,0.5406076356432055,0.0071625139981097465,0.006853071798041633,-0.0070383268669008915,7.544608907453865e-07,2.072759288644237e-33,-1.1918391670897906e-33,1.0363796443221185e-33
16.412053300412552,0.5415977589136143,0.0071105661499610544,0.006802422015999282,-0.006986420682952119,7.54644999523221e-07,2.069474853067951e-33,-1.1897025355667684e-33,1.0347374265339755e-33
16.442057035879486,0.5425878821840231,0.007059096907695465,0.006752237655652207,-0.0069349921535956545,7.548284438312582e-07,2.0662005856147065e-33,-1.1875737058349699e-33,1.0331002928073532e-33
16.47206077134642,0.5435780054544319,0.007008100780427494,0.006702513595363387,-0.006884035838411527,7.550112274779675e-07,2.062936441127001e-33,-1.1854526351909461e-33,1.0314682205635006e-33
16.50206450681335,0.5445681287248406,0.006957572371249637,0.006653244790135808,-0.006833546388237692,7.55193354238443e-07,2.059682374684725e-33,-1.1833392812422271e-33,1.0298411873423625e-33
16.532068242280285,0.5455582519952494,0.006907506352662926,0.006604426250232159,-0.0067835185210592805,7.553748278549778e-07,2.056438341604567e-33,-1.1812336019044567e-33,1.0282191708022836e-33
16.56207197774722,0.5465483752656582,0.006857897483313115,0.006556053056705801,-0.006733947038603488,7.555556520374719e-07,2.0532042974389838e-33,-1.1791355553987471e-33,1.0266021487194919e-33
16.592075713214154,0.5475384985360671,0.006808740596453171,0.006508120351578058,-0.006684826815056397,7.557358304641477e-07,2.0499801979760038e-33,-1.1770451002486644e-33,1.0249900989880019e-33
16.622079448681085,0.5485286218064758,0.006760030597578527,0.006460623336167208,-0.00663615279481187,7.559153667818379e-07,2.0467659992378816e-33,-1.1749621952777499e-33,1.0233829996189408e-33
16.65208318414802,0.5495187450768847,0.0067117624737310574,0.0064135572800197915,-0.006587920001746287,7.560942646066573e-07,2.043561657480805e-33,-1.1728867996065856e-33,1.0217808287404026e-33
16.682086919614953,0.5505088683472935,0.006663931274000126,0.006366917503643979,-0.0065401235200363145,7.562725275243722e-07,2.040367129193789e-33,-1.170818872650242e-33,1.0201835645968945e-33
16.712090655081887,0.5514989916177023,0.006616532128651172,0.006320699396367444,-0.006492758513137368,7.564501590908671e-07,2.037182371097839e-33,-1.1687583741156189e-33,1.0185911855489196e-33
16.742094390548818,0.552489114888111,0.006569560229726071,0.006274898399052552,-0.006445820204681481,7.56627162832688e-07,2.034007340145335e-33,-1.1667052639987052e-33,1.0170036700726675e-33
16.772098126015752,0.5534792381585198,0.006523010840561083,0.0062295100131858905,-0.006399303887955532,7.568035422473109e-07,2.0308419935186822e-33,-1.1646595025821904e-33,1.0154209967593411e-33
16.802101861482686,0.5544693614289287,0.006476879292891543,0.006184529798627591,-0.00635320492310728,7.569793008037634e-07,2.0276862886299215e-33,-1.1626210504326541e-33,1.0138431443149607e-33
16.83210559694962,0.5554594846993375,0.006431160977712403,0.006139953365536841,-0.0063075187281597155,7.571544419428605e-07,2.024540183119315e-33,-1.1605898683982454e-33,1.0122700915596575e-33
16.86210933241655,0.5564496079697462,0.006385851359138402,0.006095776387525239,-0.006262240792795388,7.573289690777213e-07,2.0214036348546937e-33,-1.1585659176060298e-33,1.0107018174273469e-33
16.892113067883486,0.557439731240155,0.006340945954775576,0.006051994583827476,-0.006217366658973942,7.575028855941338e-07,2.0182766019304075e-33,-1.1565491594595345e-33,1.0091383009652037e-33
16.92211680335042,0.5584298545105639,0.006296440351534046,0.006008603734270288,-0.006172891936650892,7.576761948508668e-07,2.0151590426661472e-33,-1.1545395556363766e-33,1.0075795213330736e-33
16.952120538817354,0.5594199777809727,0.006252330192910518,0.005965599667773363,-0.006128812291229039,7.578489001801841e-07,2.0120509156063176e-33,-1.1525370680856544e-33,1.0060254578031588e-33
16.982124274284285,0.5604101010513814,0.006208611181280241,0.005922978264750823,-0.006085123445876847,7.580210048880263e-07,2.0089521795185313e-33,-1.1505416590257645e-33,1.0044760897592656e-33
17.01212800975122,0.5614002243217903,0.006165279082025891,0.0058807354612580055,-0.006041821185672682,7.581925122545338e-07,2.005862793393025e-33,-1.1485532909418073e-33,1.0029313966965124e-33
17.042131745218153,0.5623903475921991,0.006122329710099685,0.005838867236673574,-0.005998901344318447,7.583634255342678e-07,2.0027827164412836e-33,-1.1465719265833859e-33,1.0013913582206418e-33
17.072135480685088,0.5633804708626079,0.006079758945379026,0.005797369628342374,-0.0059563598194188,7.585337479565892e-07,1.9997119080950947e-33,-1.1445975289622225e-33,9.998559540475474e-34
17.10213921615202,0.5643705941330166,0.006037562715482519,0.005756238715686832,-0.005914192555468017,7.587034827260278e-07,1.99665032800559e-33,-1.1426300613497991e-33,9.98325164002795e-34
17.132142951618953,0.5653607174034254,0.005995737006628831,0.005715470630634983,-0.005872395554666816,7.588726330224826e-07,1.9935979360418452e-33,-1.1406694872752236e-33,9.967989680209226e-34
17.162146687085887,0.5663508406738343,0.005954277857773413,0.0056750615523279155,-0.005830964871139289,7.590412020016939e-07,1.9905546922902185e-33,-1.1387157705227734e-33,9.952773461451093e-34
17.19215042255282,0.5673409639442432,0.005913181356682318,0.005635007703605913,-0.005789896607066094,7.592091927953831e-07,1.9875205570528185e-33,-1.1367688751298683e-33,9.937602785264093e-34
17.22215415801975,0.5683310872146519,0.005872443648965736,0.005595305359756325,-0.0057491869216940595,7.593766085116749e-07,1.9844954908467288e-33,-1.1348287653847026e-33,9.922477454233644e-34
17.252157893486686,0.5693212104850607,0.0058320609229393,0.005555950834361904,-0.005708832016323786,7.595434522353288e-07,1.9814794544027405e-33,-1.1328954058241328e-33,9.907397272013703e-34
17.28216162895362,0.5703113337554695,0.00579202942371801,0.005516940492843356,-0.005668828148347918,7.597097270279976e-07,1.9784724086641726e-33,-1.1309687612315441e-33,9.892362043320863e-34
17.312165364420554,0.5713014570258783,0.0057523454404062,0.005478270740471321,-0.005629171618546024,7.598754359286013e-07,1.975474314786001e-33,-1.129048796634592e-33,9.877371573930005e-34
17.342169099887485,0.572291580296287,0.005713005311312936,0.005439938027477994,-0.005589858776296225,7.600405819534523e-07,1.972485134133355e-33,-1.1271354773032603e-33,9.862425670666775e-34
17.37217283535442,0.5732817035666958,0.0056740054242257944,0.005401938849483583,-0.005550886019875144,7.602051680966754e-07,1.9695048282807853e-33,-1.1252287687475757e-33,9.847524141403926e-34
17.402176570821354,0.5742718268371046,0.005635342207889328,0.005364269739507111,-0.005512249788004434,7.603691973303379e-07,1.9665333590108017e-33,-1.1233286367156922e-33,9.832666795054008e-34
17.432180306288288,0.5752619501075136,0.005597012143644748,0.005326927279227258,-0.005473946571455873,7.605326726047726e-07,1.963570688312913e-33,-1.121435047191753e-33,9.817853441564565e-34
17.46218404175522,0.5762520733779223,0.005559011750859381,0.005289908085184298,-0.005435972898574264,7.606955968488288e-07,1.9606167783824974e-33,-1.1195479663938531e-33,9.803083891912487e-34
17.492187777222153,0.5772421966483311,0.005521337597913445,0.0052532088194202665,-0.005398325346233147,7.608579729700395e-07,1.957671591619464e-33,-1.1176673607721247e-33,9.78835795809732e-34
17.522191512689087,0.5782323199187399,0.0054839862945922115,0.005216826182315968,-0.005361000532282757,7.610198038549853e-07,1.954735090627442e-33,-1.1157931970065915e-33,9.77367545313721e-34
17.55219524815602,0.5792224431891487,0.005446954491914038,0.005180756912532643,-0.0053239951153967865,7.61181092369381e-07,1.9518072382122575e-33,-1.1139254420053789e-33,9.759036191061287e-34
17.582198983622956,0.5802125664595575,0.00541023888721372,0.005144997792011667,-0.005287305800153708,7.613418413584323e-07,1.94888799738112e-33,-1.112064062902608e-33,9.7444399869056e-34
17.612202719089886,0.5812026897299662,0.005373836212981497,0.005109545635342347,-0.005250929325937709,7.615020536469791e-07,1.9459773313412792e-33,-1.1102090270565662e-33,9.729886656706396e-34
17.64220645455682,0.5821928130003751,0.005337743248804909,0.005074397301356524,-0.0052148624788506,7.616617320397257e-07,1.9430752034989043e-33,-1.1083603020477822e-33,9.715376017494521e-34
17.672210190023755,0.5831829362707839,0.005301956809251397,0.00503954968155117,-0.0051791020796561,7.618208793215134e-07,1.9401815774580958e-33,-1.1065178556770701e-33,9.700907887290479e-34
17.70221392549069,0.5841730595411928,0.005266473750719062,0.005004999706779588,-0.0051436449906199335,7.619794982574198e-07,1.9372964170194545e-33,-1.1046816559637924e-33,9.686482085097273e-34
17.73221766095762,0.5851631828116015,0.005231290968959175,0.004970744344951642,-0.00510848811305607,7.621375915931009e-07,1.9344196861792933e-33,-1.1028516711438454e-33,9.672098430896466e-34
17.762221396424554,0.5861533060820103,0.005196405394457387,0.004936780596647073,-0.005073628382736089,7.622951620548675e-07,1.9315513491281735e-33,-1.1010278696679817e-33,9.657756745640867e-34
17.792225131891488,0.5871434293524191,0.005161814000662248,0.0049031055031530605,-0.005039062778104482,7.624522123499713e-07,1.9286913702499923e-33,-1.09921022019989e-33,9.643456851249962e-34
17.822228867358422,0.588133552622828,0.0051275137921332516,0.00486971613506737,-0.005004788308475605,7.626087451667725e-07,1.9258397141207793e-33,-1.0973986916144351e-33,9.629198570603897e-34
17.852232602825353,0.5891236758932367,0.005093501814871239,0.004836609602371304,-0.004970802024344463,7.627647631748937e-07,1.922996345507469e-33,-1.095593252995928e-33,9.614981727537345e-34
17.882236338292287,0.5901137991636455,0.0050597751479054915,0.004803783046346096,-0.004937101009009612,7.629202690255006e-07,1.920161229367005e-33,-1.0937938736362522e-33,9.600806146835024e-34
17.91224007375922,0.5911039224340543,0.005026330905713297,0.004771233641978213,-0.0049036823809957795,7.630752653513654e-07,1.917334330844909e-33,-1.092000523033275e-33,9.586671654224545e-34
17.942243809226156,0.5920940457044632,0.004993166240174509,0.004738958599920721,-0.004870543296013751,7.632297547671692e-07,1.9145156152744636e-33,-1.0902131708889749e-33,9.572578076372318e-34
17.972247544693086,0.5930841689748719,0.0049602783328672705,0.0047069551590645416,-0.004837680939284874,7.633837398695908e-07,1.9117050481753663e-33,-1.0884317871078462e-33,9.558525240876832e-34
18.00225128016002,0.5940742922452807,0.0049276644046515475,0.00467522059590788,-0.004805092535110036,7.635372232375214e-07,1.9089025952527113e-33,-1.0866563417951625e-33,9.544512976263557e-34
18.032255015626955,0.5950644155156896,0.004895321704806888,0.004643752214045415,-0.004772775336041916,7.636902074322586e-07,1.9061082223959334e-33,-1.0848868052552797e-33,9.530541111979667e-34
18.06225875109389,0.5960545387860984,0.004863247518550096,0.004612547351529852,-0.004740726630393166,7.63842694997601e-07,1.903321895677512e-33,-1.0831231479900731e-33,9.51660947838756e-34
18.09226248656082,0.5970446620565071,0.004831439162726025,0.0045816033767261755,-0.004708943737944854,7.639946884601256e-07,1.9005435813521453e-33,-1.0813653406971624e-33,9.502717906760727e-34
18.122266222027754,0.5980347853269159,0.004799893984194937,0.004550917686781546,-0.00467742400834406,7.64146190329236e-07,1.897773245855356e-33,-1.0796133542684334e-33,9.48886622927678e-34
18.15226995749469,0.5990249085973247,0.004768609365091063,0.004520487712795146,-0.004646164826358996,7.642972030974189e-07,1.8950108558026397e-33,-1.0778671597883156e-33,9.475054279013199e-34
18.182273692961623,0.6000150318677335,0.004737582713602011,0.004490310910865086,-0.0046151636026829194,7.644477292403546e-07,1.8922563779882477e-33,-1.076126728532253e-33,9.461281889941239e-34
18.212277428428553,0.6010051551381423,0.004706811473152009,0.00446038477108561,-0.0045844177831062365,7.645977712170656e-07,1.889509779384088e-33,-1.0743920319651377e-33,9.44754889692044e-34
18.242281163895488,0.6019952784085512,0.00467629311390306,0.004430706809288763,-0.0045539248400392794,7.647473314701337e-07,1.886771027138793e-33,-1.0726630417396771e-33,9.433855135693965e-34
18.272284899362422,0.60298540167896,0.004646025136833745,0.0044012745710592565,-0.004523682276589258,7.648964124257532e-07,1.8840400885764045e-33,-1.07093972969497e-33,9.420200442882022e-34
18.302288634829356,0.6039755249493688,0.004616005073312048,0.004372085631351908,-0.004493687626139509,7.650450164939918e-07,1.881316931195575e-33,-1.0692220678548433e-33,9.406584655977875e-34
18.332292370296287,0.6049656482197775,0.004586230480317988,0.004343137589850836,-0.004463938447584633,7.651931460688439e-07,1.8786015226682728e-33,-1.0675100284264552e-33,9.393007613341364e-34
18.36229610576322,0.6059557714901863,0.004556698947660278,0.004314428078056197,-0.004434432332540931,7.653408035284315e-07,1.875893830838853e-33,-1.0658035837987265e-33,9.379469154194265e-34
18.392299841230155,0.6069458947605951,0.004527408088710143,0.004285954750247783,-0.004405166896098645,7.654879912351445e-07,1.873193823723001e-33,-1.064102706540864e-33,9.365969118615004e-34
18.42230357669709,0.6079360180310039,0.004498355547882347,0.004257715290830728,-0.004376139784296439,7.656347115357342e-07,1.870501469506561e-33,-1.0624073694009486e-33,9.352507347532805e-34
18.45230731216402,0.6089261413014126,0.0044695389952475436,0.004229707409088056,-0.0043473486687455555,7.6578096676154e-07,1.8678167365447073e-33,-1.0607175453043755e-33,9.339083682723537e-34
18.482311047630954,0.6099162645718216,0.0044409561271442945,0.0042019288398016845,-0.0043187912472446785,7.659267592285228e-07,1.8651395933606514e-33,-1.0590332073525379e-33,9.325697966803257e-34
18.51231478309789,0.6109063878422304,0.004412604668959079,0.004174377345999487,-0.004290465246560331,7.660720912374973e-07,1.8624700086448454e-33,-1.0573543288212871e-33,9.312350043224227e-34
18.542318518564823,0.6118965111126392,0.004384482368340659,0.004147050712326469,-0.0042623684156529625,7.662169650742007e-07,1.8598079512537954e-33,-1.0556808831595947e-33,9.299039756268977e-34
18.572322254031754,0.6128866343830479,0.0043565870029441695,0.004119946752655465,-0.004234498533415273,7.663613830094425e-07,1.857153390209081e-33,-1.0540128439881343e-33,9.285766951045405e-34
18.602325989498688,0.6138767576534567,0.004328916372390407,0.004093063302223305,-0.004206853400643901,7.665053472992681e-07,1.8545062946964222e-33,-1.0523501850978563e-33,9.272531473482111e-34
18.632329724965622,0.6148668809238655,0.004301468303257253,0.0040663982225428216,-0.00417943084502825,7.666488601850136e-07,1.851866634064492e-33,-1.0506928804487036e-33,9.25933317032246e-34
18.662333460432556,0.6158570041942744,0.004274240646937252,0.004039949399319574,-0.004152228719013377,7.667919238935279e-07,1.849234377824137e-33,-1.04904090416814e-33,9.246171889120686e-34
18.692337195899487,0.6168471274646831,0.0042472312772462145,0.004013714740120245,-0.004125244897413534,7.669345406372056e-07,1.8466094956471606e-33,-1.0473942305499138e-33,9.233047478235803e-34
18.72234093136642,0.6178372507350919,0.0042204380954441924,0.003987692179316716,-0.004098477282430995,7.670767126141782e-07,1.8439919573654875e-33,-1.0457528340526449e-33,9.219959786827437e-34
18.752344666833356,0.6188273740055008,0.0041938590226889925,0.003961879670691889,-0.0040719237961189874,7.672184420084102e-07,1.8413817329701167e-33,-1.0441166892985369e-33,9.206908664850583e-34
18.78234840230029,0.6198174972759096,0.0041674920070045056,0.003936275194295401,-0.004045582387346087,7.673597309897981e-07,1.8387787926100905e-33,-1.0424857710720939e-33,9.193893963050452e-34
18.81235213776722,0.6208076205463183,0.004141335017417612,0.003910876750699053,-0.004019451025940463,7.675005817143525e-07,1.8361831065916635e-33,-1.0408600543187531e-33,9.180915532958317e-34
18.842355873234155,0.6217977438167271,0.0041153860461238465,0.0038856823631354797,-0.00399352770485571,7.67640996324228e-07,1.833594645377128e-33,-1.039239514143704e-33,9.16797322688564e-34
18.87235960870109,0.622787867087136,0.004089643109281059,0.0038606900782904665,-0.003967810440965999,7.677809769479307e-07,1.8310133795840633e-33,-1.037624125810513e-33,9.155066897920316e-34
18.902363344168023,0.6237779903575448,0.0040641042424020574,0.0038358979617855293,-0.003942297270464021,7.679205257003604e-07,1.8284392799842106e-33,-1.0360138647399486e-33,9.142196399921053e-34
18.932367079634954,0.6247681136279535,0.004038767506510917,0.003811304104239527,-0.0039169862550146,7.680596446829609e-07,1.8258723175026023e-33,-1.0344087065086946e-33,9.129361587513012e-34
18.962370815101888,0.6257582368983623,0.004013630980956973,0.0037869066142143955,-0.0038918754745754843,7.681983359838397e-07,1.8233124632166362e-33,-1.0328086268481048e-33,9.116562316083181e-34
18.992374550568822,0.6267483601687712,0.003988692768729023,0.0037627036234488724,-0.003866963032709477,7.683366016778289e-07,1.820759688355016e-33,-1.0312136016430394e-33,9.10379844177508e-34
19.022378286035757,0.62773848343918,0.003963950993175898,0.0037386932836430647,-0.0038422470533087632,7.684744438266735e-07,1.8182139642970045e-33,-1.0296236069305631e-33,9.091069821485023e-34
19.052382021502687,0.6287286067095887,0.003939403797481504,0.0037148737659496826,-0.0038177256800716324,7.686118644790524e-07,1.8156752625712866e-33,-1.028038618898847e-33,9.078376312856433e-34
19.08238575696962,0.6297187299799976,0.003915049347759286,0.0036912432640262586,-0.0037933970795965342,7.687488656707592e-07,1.8131435548552194e-33,-1.026458613885893e-33,9.065717774276097e-34
19.112389492436556,0.6307088532504064,0.003890885827208223,0.003667799988292977,-0.003769259435542702,7.688854494247661e-07,1.8106188129738188e-33,-1.0248835683784086e-33,9.053094064869094e-34
19.14239322790349,0.6316989765208152,0.00386691144225734,0.0036445421719852114,-0.0037453109547725,7.690216177513287e-07,1.808101008898848e-33,-1.0233134590106373e-33,9.04050504449424e-34
19.17239696337042,0.6326890997912239,0.0038431244167021375,0.0036214680653904765,-0.0037215498614921834,7.69157372648129e-07,1.8055901147480035e-33,-1.0217482625631604e-33,9.027950573740018e-34
19.202400698837355,0.6336792230616327,0.0038195229948569252,0.0035985759389564245,-0.0036979744004036704,7.692927161003087e-07,1.8030861027838534e-33,-1.0201879559618315e-33,9.015430513919267e-34
19.23240443430429,0.6346693463320415,0.003796105440831161,0.003575864082584917,-0.0036745828359823567,7.69427650080652e-07,1.8005889454131363e-33,-1.0186325162765497e-33,9.002944727065682e-34
19.262408169771223,0.6356594696024505,0.0037728700357926386,0.0035533308029430566,-0.003651373449742537,7.69562176549611e-07,1.7980986151856968e-33,-1.0170819207202208e-33,8.990493075928484e-34
19.292411905238154,0.6366495928728592,0.0037498150825374015,0.0035309744279674394,-0.003628344544806234,7.696962974554538e-07,1.79561508479372e-33,-1.0155361466475916e-33,8.9780754239686e-34
19.32241564070509,0.637639716143268,0.003726938899385833,0.003508793300859427,-0.0036054944398028373,7.698300147343504e-07,1.793138327070823e-33,-1.0139951715541592e-33,8.965691635354115e-34
19.352419376172023,0.6386298394136768,0.0037042398253857227,0.003486785785212575,-0.0035828214740708264,7.699633303104417e-07,1.7906683149911208e-33,-1.0124589730751122e-33,8.953341574955604e-34
19.382423111638957,0.6396199626840856,0.00368171621638062,0.003464950261145734,-0.003560324003728556,7.700962460959944e-07,1.7882050216685007e-33,-1.010927528984181e-33,8.941025108342503e-34
19.412426847105888,0.6406100859544943,0.0036593664458738667,0.00344328512615755,-0.00353800040253867,7.702287639914209e-07,1.7857484203555847e-33,-1.009400817192653e-33,8.928742101777923e-34
19.442430582572822,0.6416002092249031,0.003637188906507882,0.003421788796587477,-0.0035158490633876143,7.703608858854444e-07,1.7832984844430426e-33,-1.0078788157482277e-33,8.916492422215213e-34
19.472434318039756,0.6425903324953119,0.0036151820058199407,0.0034004597034388096,-0.0034938683940435793,7.704926136551413e-07,1.7808551874586288e-33,-1.006361502834024e-33,8.904275937293144e-34
19.50243805350669,0.6435804557657208,0.003593344171371138,0.003379296297434085,-0.0034720568222843837,7.706239491660505e-07,1.778418503066376e-33,-1.0048488567675177e-33,8.89209251533188e-34
19.53244178897362,0.6445705790361296,0.0035716738452485574,0.003358297043602608,-0.003450412790402073,7.707548942722824e-07,1.775988405065802e-33,-1.0033408559994876e-33,8.87994202532901e-34
19.562445524440555,0.6455607023065384,0.0035501694877337203,0.0033374604248969687,-0.0034289347588707785,7.7088545081656e-07,1.7735648673909646e-33,-1.00183747911305e-33,8.867824336954823e-34
19.59244925990749,0.6465508255769472,0.00352882957549123,0.003316784940411555,-0.0034076212045364962,7.710156206303751e-07,1.771147864109791e-33,-1.0003387048225665e-33,8.855739320548955e-34
19.622452995374424,0.647540948847356,0.0035076526003673986,0.003296269104201205,-0.0033864706194165657,7.711454055340067e-07,1.7687373694230964e-33,-9.988445119727209e-34,8.843686847115482e-34
19.652456730841354,0.6485310721177647,0.0034866370724919234,0.0032759114483397436,-0.0033654815138010005,7.712748073366627e-07,1.7663333576638927e-33,-9.97354879537461e-34,8.831666788319463e-34
19.68246046630829,0.6495211953881735,0.003465781515339963,0.0032557105180567323,-0.0033446524113163547,7.714038278365407e-07,1.763935803296521e-33,-9.958697866190418e-34,8.819679016482605e-34
19.712464201775223,0.6505113186585824,0.0034450844705238145,0.0032356648764609594,-0.0033239818537166184,7.715324688209035e-07,1.7615446809158263e-33,-9.943892124470605e-34,8.807723404579131e-34
19.742467937242157,0.6515014419289912,0.0034245444936044905,0.0032157731004152797,-0.0033034683966962643,7.716607320662051e-07,1.7591599652464483e-33,-9.929131363774406e-34,8.795799826232242e-34
19.77247167270909,0.6524915651994001,0.003404160155920368,0.0031960337823401805,-0.0032831106117188528,7.717886193381121e-07,1.756781631141891e-33,-9.914415378915445e-34,8.783908155709455e-34
19.802475408176022,0.6534816884698088,0.003383930044771122,0.0031764455303968935,-0.003262907086201329,7.719161323916542e-07,1.7544096535838842e-33,-9.899743965951456e-34,8.772048267919421e-34
19.832479143642956,0.6544718117402176,0.00336385276061605,0.0031570069657277547,-0.003242856420713303,7.720432729712499e-07,1.7520440076814745e-33,-9.885116922175494e-34,8.760220038407372e-34
19.86248287910989,0.6554619350106264,0.0033439269210949435,0.0031377167264203102,-0.0032229572329974367,7.721700428108185e-07,1.7496846686703155e-33,-9.87053404610628e-34,8.748423343351578e-34
19.892486614576825,0.6564520582810353,0.003324151156158199,0.003118573462709177,-0.0032032081531008583,7.722964436338628e-07,1.7473316119119016e-33,-9.855995137478905e-34,8.736658059559508e-34
19.922490350043756,0.657442181551444,0.003304524111874494,0.003099575840729842,-0.00318360782718241,7.724224771535148e-07,1.7449848128927234e-33,-9.841499997236065e-34,8.724924064463617e-34
19.95249408551069,0.6584323048218528,0.003285044447910237,0.003080722540035702,-0.0031641549149928707,7.725481450726702e-07,1.74264424722363e-33,-9.827048427518322e-34,8.71322123611815e-34
19.982497820977624,0.6594224280922616,0.0032657108375310127,0.003062012253600346,-0.0031448480898766604,7.726734490840033e-07,1.74030989063893e-33,-9.812640231655867e-34,8.70154945319465e-34
20.062507813476685,0.6620627578447307,0.0032148586296570168,0.0030128075324466264,-0.0030940674736614124,7.730058269508823e-07,1.7341151097479898e-33,-9.774428922550545e-34,8.670575548739949e-34
20.212526565820728,0.667013376672084,0.0031222006089567707,0.002923181928633092,-0.0030015443346471157,7.736222022825452e-07,1.7226168658152974e-33,-9.70359758425426e-34,8.613084329076487e-34
20.36254531816477,0.6719639954994374,0.0030329213647086687,0.002836863195385144,-0.0029124008213002152,7.74229835794266e-07,1.7112687239941444e-33,-9.633809249986856e-34,8.556343619970722e-34
20.512564070508812,0.6769146143267908,0.0029468741198879706,0.002753706775473674,-0.002826490160579421,7.748289249289296e-07,1.700067824180056e-33,-9.56504098744979e-34,8.50033912090028e-34
20.66258282285286,0.6818652331541444,0.002863919487199499,0.002673575409731814,-0.0027436729675586738,7.754196614239597e-07,1.6890113769030655e-33,-9.49727053085147e-34,8.445056884515327e-34
20.8126015751969,0.6868158519814977,0.0027839250454141876,0.0025963387195701553,-0.0026638168221431607,7.760022315180715e-07,1.6780966612291208e-33,-9.43047625687697e-34,8.390483306145604e-34
20.962620327540943,0.6917664708088511,0.0027067649431049856,0.002521872816092427,-0.0025867958730949442,7.765768161488434e-07,1.6673210227318874e-33,-9.364637161689896e-34,8.336605113659437e-34
21.112639079884985,0.6967170896362046,0.002632319527827569,0.002450059934010629,-0.0025124904674347828,7.771435911416306e-07,1.6566818715325737e-33,-9.299732838915083e-34,8.283409357662868e-34
21.262657832229028,0.701667708463558,0.0025604749989166977,0.0023807880886507152,-0.0024407868034071775,7.777027273902988e-07,1.646176680405412e-33,-9.235743458553656e-34,8.23088340202706e-34
21.41267658457307,0.7066183272909113,0.0024911230821658198,0.0023139507544113523,-0.002371576605288638,7.78254391030215e-07,1.6358029829465083e-33,-9.172649746784684e-34,8.179014914732542e-34
21.562695336917116,0.7115689461182648,0.002424160724833739,0.0022494465631935634,-0.0023047568184924308,7.787987436039058e-07,1.625558371803827e-33,-9.110432966610236e-34,8.127791859019136e-34
21.71271408926116,0.7165195649456183,0.002359489809550551,0.002187179021431742,-0.0022402293235492853,7.793359422197597e-07,1.615440496966134e-33,-9.049074899303089e-34,8.07720248483067e-34
21.8627328416052,0.7214701837729717,0.002297016885810131,0.0021270562444593525,-0.0021779006676568495,7.798661397041286e-07,1.6054470641087937e-33,-8.988557826618392e-34,8.027235320543968e-34
22.012751593949243,0.726420802600325,0.0022366529178404694,0.002068990707037182,-0.00211768181259343,7.803894847471533e-07,1.5955758329943792e-33,-8.92886451373299e-34,7.977879164971896e-34
22.162770346293286,0.7313714214276784,0.0021783130477390253,0.0020128990089604963,-0.0020594878978864024,7.809061220426282e-07,1.5858246159261346e-33,-8.869978192877798e-34,7.929123079630673e-34
22.31278909863733,0.736322040255032,0.002121916372864772,0.0019587016547599383,-0.0020032380182294324,7.81416192422188e-07,1.5761912762523698e-33,-8.811882547630658e-34,7.880956381261849e-34
22.462807850981374,0.7412726590823854,0.0020673857364766034,0.0019063228465058244,-0.0019488550141400578,7.819198329840933e-07,1.5666737269199676e-33,-8.754561697838765e-34,7.833368634599838e-34
22.612826603325416,0.7462232779097387,0.0020146475307637316,0.0018556902888766612,-0.0018962652750046916,7.824171772168698e-07,1.5572699290752227e-33,-8.698000185141446e-34,7.786349645376113e-34
22.76284535566946,0.7511738967370922,0.0019636315114865363,0.0018067350057226384,-0.0018453985537305844,7.829083551180411e-07,1.5479778907103106e-33,-8.64218295906556e-34,7.739889453551553e-34
22.9128641080135,0.7561245155644456,0.0019142706234492738,0.001759391167356591,-0.0017961877922270145,7.833934933081863e-07,1.538795665353741e-33,-8.587095363667292e-34,7.693978326768705e-34
23.062882860357544,0.761075134391799,0.0018665008361028479,0.0017135959278796512,-0.0017485689570145154,7.83872715140534e-07,1.5297213508032153e-33,-8.532723124695446e-34,7.648606754016077e-34
23.212901612701586,0.7660257532191523,0.0018202609886265966,0.0016692892718982444,-0.001702480884311588,7.843461408063013e-07,1.5207530878993635e-33,-8.47905233725264e-34,7.603765439496817e-34
23.362920365045632,0.7709763720465059,0.0017754926438842181,0.0016264138700341645,-0.0016578651339943906,7.848138874359662e-07,1.511889059338898e-33,-8.426069453932007e-34,7.55944529669449e-34
23.512939117389674,0.7759269908738593,0.001732139950691489,0.0015849149426711423,-0.0016146658518673318,7.852760691966592e-07,1.5031274885257696e-33,-8.373761273408198e-34,7.515637442628848e-34
23.662957869733717,0.7808776097012127,0.0016901495138731163,0.0015447401314202982,-0.0015728296397221294,7.857327973858441e-07,1.4944666384589665e-33,-8.322114929462457e-34,7.472333192294832e-34
23.81297662207776,0.785828228528566,0.0016494702716336122,0.0015058393778336523,-0.001532305432710376,7.861841805214571e-07,1.4859048106556606e-33,-8.27111788042269e-34,7.429524053278303e-34
23.9629953744218,0.7907788473559195,0.00161005337976144,0.0014681648088894455,-0.0014930443835489918,7.866303244286559e-07,1.4774403441084356e-33,-8.220757899000297e-34,7.387201720542178e-34
24.113014126765847,0.795729466183273,0.0015718521022449242,0.001431670628831396,-0.0014549997531371453,7.870713323233274e-07,1.4690716142753926e-33,-8.171023062506487e-34,7.345358071376963e-34
24.26303287910989,0.8006800850106264,0.0015348217079351773,0.0013963130169999231,-0.0014181268072199675,7.875073048924972e-07,1.4607970321019702e-33,-8.121901743431675e-34,7.303985160509851e-34
24.413051631453932,0.8056307038379797,0.0014989193728736977,0.001362050031276281,-0.0013823827187167683,7.879383403717698e-07,1.4526150430733588e-33,-8.073382600372285e-34,7.263075215366794e-34
24.563070383797974,0.8105813226653332,0.0014641040879408251,0.0013288415167985802,-0.0013477264753699817,7.883645346199333e-07,1.444524126296442e-33,-8.025454569290187e-34,7.22262063148221e-34
24.713089136142017,0.8155319414926866,0.0014303365715047942,0.0012966490196320258,-0.0013141187923946121,7.887859811908415e-07,1.4365227936102219e-33,-7.978106855090533e-34,7.182613968051109e-34
24.863107888486063,0.8204825603200401,0.0013975791867722493,0.001265435705096621,-0.0012815220298290652,7.892027714026958e-07,1.428609588723733e-33,-7.93132892350462e-34,7.143047943618665e-34
25.0131266408301,0.8254331791473934,0.0013657958635606778,0.0012351662804750256,-0.0012499001143078477,7.896149944048295e-07,1.4207830863804983e-33,-7.88511049326494e-34,7.103915431902492e-34
25.163145393174148,0.8303837979747469,0.001334952024231498,0.0012058069218413932,-0.0012192184649948722,7.90022737242106e-07,1.4130418915485924e-33,-7.839441528560192e-34,7.065209457742962e-34
25.31316414551819,0.8353344168021003,0.0013050145135457699,0.0011773252047749777,-0.0011894439234393594,7.904260849170223e-07,1.405384638635435e-33,-7.79431223175871e-34,7.026923193177175e-34
25.463182897862232,0.8402850356294537,0.0012759515322025134,0.001149690038720553,-0.0011605446871143182,7.908251204496196e-07,1.3978099907264598e-33,-7.749713036389144e-34,6.989049953632299e-34
25.613201650206275,0.8452356544568072,0.001247732573837734,0.0011228716047756355,-0.0011324902464157182,7.912199249352847e-07,1.3903166388468347e-33,-7.705634600367949e-34,6.951583194234173e-34
25.763220402550317,0.8501862732841605,0.0012203283653062537,0.0010968412967277987,-0.0011052513249444555,7.916105776005335e-07,1.38290330124545e-33,-7.662067799463511e-34,6.91451650622725e-34
25.913239154894363,0.855136892111514,0.0011937108100493461,0.0010715716651467713,-0.0010787998228741068,7.919971558568543e-07,1.3755687227004071e-33,-7.6190037209874055e-34,6.8778436135020355e-34
26.063257907238405,0.8600875109388674,0.0011678529343711512,0.001047036364355788,-0.0010531087632274603,7.923797353526917e-07,1.3683116738452825e-33,-7.5764336577035825e-34,6.841558369226412e-34
26.213276659582448,0.8650381297662209,0.0011427288364588186,0.001023210102118502,-0.0010281522408967683,7.927583900236448e-07,1.3611309505154622e-33,-7.534349101946779e-34,6.805654752577311e-34
26.36329541192649,0.8699887485935742,0.0011183136379915777,0.0010000685918879584,-0.001003905374252921,7.931331921409506e-07,1.3540253731138635e-33,-7.492741739941787e-34,6.7701268655693175e-34
26.513314164270533,0.8749393674209276,0.0010945834381934515,0.0009775885074735863,-0.0009803442591982622,7.935042123583193e-07,1.3469937859953939e-33,-7.451603446315654e-34,6.734968929976969e-34
26.66333291661458,0.8798899862482812,0.0010715152701933244,0.0009557474399910741,-0.0009574459255267553,7.938715197571915e-07,1.340035056869526e-33,-7.4109262787952015e-34,6.70017528434763e-34
26.81335166895862,0.8848406050756346,0.0010490870595675687,0.0009345238569713715,-0.0009351882954667087,7.942351818904712e-07,1.3331480762203704e-33,-7.370702473082593e-34,6.665740381101852e-34
26.963370421302663,0.8897912239029879,0.0010272775849413857,0.0009138970635061082,-0.0009135501442822115,7.945952648248014e-07,1.3263317567436729e-33,-7.330924437902029e-34,6.631658783718364e-34
27.113389173646706,0.8947418427303413,0.0010060664405262005,0.0008938471653079732,-0.0008925110628106252,7.949518331814343e-07,1.3195850328001714e-33,-7.29158475021093e-34,6.597925164000857e-34
27.263407925990748,0.8996924615576948,0.0009854340005031777,0.0008743550335967188,-0.0008720514218461934,7.953049501757513e-07,1.3129068598847705e-33,-7.252676150569288e-34,6.564534299423853e-34
27.413426678334794,0.9046430803850483,0.0009653613851477036,0.0008554022717066436,-0.0008521523382646184,7.956546776554856e-07,1.3062962141110173e-33,-7.214191538661101e-34,6.5314810705550865e-34
27.563445430678833,0.9095936992124015,0.0009458304285999071,0.0008369711833215059,-0.0008327956427936778,7.960010761376951e-07,1.2997520917103684e-33,-7.176123968962107e-34,6.498760458551842e-34
27.71346418302288,0.914544318039755,0.0009268236481928168,0.0008190447422492741,-0.0008139638493414749,7.963442048445349e-07,1.2932735085457739e-33,-7.138466646548276e-34,6.466367542728869e-34
27.86348293536692,0.9194949368671085,0.0009083242152549925,0.0008016065636543286,-0.0007956401257991644,7.966841217378731e-07,1.2868594996391056e-33,-7.101212923039756e-34,6.434297498195528e-34
28.013501687710963,0.9244455556944619,0.0008903159273092573,0.000784640876669477,-0.00077780826623978,7.970208835527934e-07,1.2805091187119796e-33,-7.064356292675173e-34,6.402545593559898e-34
28.16352044005501,0.9293961745218153,0.0008727831815937949,0.0007681324983147424,-0.000760452664439425,7.973545458300268e-07,1.2742214377395447e-33,-7.027890388511454e-34,6.3711071886977235e-34
28.31353919239905,0.9343467933491686,0.0008557109498376408,0.0007520668086555872,-0.0007435582886528595,7.97685162947352e-07,1.2679955465168173e-33,-6.991808978744488e-34,6.339977732584086e-34
28.463557944743094,0.9392974121765222,0.0008390847542247443,0.0007364297271353864,-0.0007271106575776567,7.980127881500029e-07,1.2618305522371559e-33,-6.956105963146182e-34,6.309152761185779e-34
28.613576697087137,0.9442480310038756,0.0008228906444762713,0.000721207690012635,-0.0007110958174366006,7.983374735801171e-07,1.255725579082495e-33,-6.920775369613645e-34,6.278627895412475e-34
28.76359544943118,0.9491986498312289,0.0008071151760038164,0.000706387628855873,-0.0006955003201309948,7.986592703052642e-07,1.2496797678249554e-33,-6.885811350826386e-34,6.248398839124777e-34
28.91361420177522,0.9541492686585823,0.0007917453890759792,0.0006919569500393906,-0.000680311202407333,7.989782283460853e-07,1.2436922754394758e-33,-6.851208181007604e-34,6.218461377197379e-34
29.063632954119264,0.9590998874859358,0.0007767687889454235,0.0006779035151873792,-0.0006655159659844566,7.992943967030741e-07,1.2377622747271113e-33,-6.816960252785836e-34,6.188811373635556e-34
29.21365170646331,0.9640505063132893,0.0007621733268874822,0.0006642156225180887,-0.0006511025585922528,7.996078233825355e-07,1.2318889539486746e-33,-6.783062074153323e-34,6.159444769743373e-34
29.36367045880735,0.9690011251406425,0.0007479473821040872,0.000650881989042251,-0.0006370593558756837,7.999185554217462e-07,1.2260715164683797e-33,-6.749508265517643e-34,6.130357582341898e-34
29.513689211151394,0.9739517439679961,0.0007340797444493688,0.0006378917335725601,-0.000623375144120481,8.002266389133468e-07,1.2203091804071841e-33,-6.716293556843292e-34,6.1015459020359205e-34
29.663707963495437,0.9789023627953495,0.0007205595979356922,0.0006252343605034167,-0.0006100391037592795,8.005321190289954e-07,1.214601178305531e-33,-6.683412784880048e-34,6.073005891527655e-34
29.81372671583948,0.9838529816227028,0.0007073765049818557,0.0006128997443230508,-0.0005970407936199146,8.008350400423052e-07,1.2089467567951903e-33,-6.650860890475016e-34,6.0447337839759515e-34
29.963745468183525,0.9888036004500563,0.0006945203913674595,0.000600878114822403,-0.0005843701358798854,8.01135445351093e-07,1.2033451762799222e-33,-6.61863291596547e-34,6.016725881399611e-34
30.113764220527564,0.9937542192774097,0.0006819815318520371,0.0005891600429599124,-0.000572017401685587,8.014333774989626e-07,1.1977957106246966e-33,-6.58672400264963e-34,5.988978553123483e-34
30.26378297287161,0.9987048381047632,0.000669750536432815,0.0005777364273562532,-0.0005599731974101661,8.017288781962454e-07,1.1922976468531918e-33,-6.555129388332708e-34,5.961488234265959e-34
30.413801725215652,1.0036554569321166,0.000657818337209075,0.0005665984813873595,-0.0005482284515179838,8.020219883403219e-07,1.1868502848533385e-33,-6.523844404945592e-34,5.9342514242666925e-34
30.563820477559695,1.00860607575947,0.000646176175822619,0.0005557377208455937,-0.0005367744020051774,8.023127480353427e-07,1.1814529370906449e-33,-6.4928644762336894e-34,5.9072646854532245e-34
30.71383922990374,1.0135566945868235,0.0006348155914464103,0.0005451459521414451,-0.0005256025843884014,8.026011966113728e-07,1.1761049283290796e-33,-6.462185115513531e-34,5.880524641645398e-34
30.86385798224778,1.0185073134141767,0.0006237284092949365,0.0005348152610196037,-0.0005147048202152897,8.028873726429766e-07,1.170805595359283e-33,-6.431801923494808e-34,5.854027976796415e-34
31.013876734591825,1.0234579322415303,0.0006129067296312327,0.000524738001764637,-0.0005040732060715776,8.031713139672631e-07,1.165554286733876e-33,-6.401710586165657e-34,5.82777143366938e-34
31.163895486935868,1.0284085510688836,0.000602342917246838,0.000514906786872813,-0.0004937001030611584,8.034530577014096e-07,1.1603503625096693e-33,-6.371906872739035e-34,5.801751812548347e-34
31.31391423927991,1.033359169896237,0.0005920295913924905,0.0005053144771681321,-0.0004835781267368783,8.037326402596819e-07,1.1551931939965512e-33,-6.342386633658159e-34,5.775965969982756e-34
31.463932991623953,1.0383097887235906,0.0005819596161392712,0.0004959541723424965,-0.00047370013746177983,8.04010097369967e-07,1.1500821635128678e-33,-6.313145798659011e-34,5.750410817564339e-34
31.613951743967995,1.043260407550944,0.0005721260911454575,0.0004868192018956497,-0.0004640592311760568,8.042854640898337e-07,1.1450166641470923e-33,-6.284180374888031e-34,5.725083320735462e-34
31.76397049631204,1.0482110263782973,0.0005625223428137376,0.00047790311645966093,-0.00045464873055436834,8.04558774822141e-07,1.1399960995256097e-33,-6.255486445073177e-34,5.699980497628048e-34
31.91398924865608,1.0531616452056507,0.0005531419158208481,0.0004691996794902237,-0.0004454621765355778,8.048300633302018e-07,1.1350198835864204e-33,-6.2270601657465695e-34,5.675099417932102e-34
32.064008001000126,1.0581122640330043,0.0005439785650014615,0.00046070285930683647,-0.0004364933202067415,8.050993627525242e-07,1.1300874403586087e-33,-6.198897765517064e-34,5.650437201793044e-34
32.21402675334417,1.0630628828603577,0.0005350262475699462,0.00045240682146568755,-0.00042773611502496965,8.053667056171382e-07,1.1251982037473894e-33,-6.170995543391107e-34,5.625991018736947e-34
32.36404550568821,1.068013501687711,0.0005262791156644323,0.0004443059214498729,-0.0004191847093615943,8.056321238555257e-07,1.1203516173245834e-33,-6.143349867140289e-34,5.601758086622917e-34
32.514064258032256,1.0729641205150644,0.0005177315091984235,0.00043639469766236933,-0.00041083343935388215,8.058956488161633e-07,1.1155471341243557e-33,-6.115957171714136e-34,5.577735670621779e-34
32.664083010376295,1.0779147393424178,0.0005093779490059228,0.0004286678647079135,-0.00040267682205026323,8.061573112776919e-07,1.1107842164440732e-33,-6.088813957696627e-34,5.553921082220366e-34
32.81410176272034,1.0828653581697714,0.0005012131302668713,0.0004211203069507472,-0.0003947095488358709,8.064171414617259e-07,1.1060623356501216e-33,-6.061916789805076e-34,5.530311678250608e-34
32.96412051506438,1.0878159769971245,0.000493231916201113,0.00041374707233657993,-0.00038692647912660894,8.066751690453104e-07,1.1013809719885559e-33,-6.035262295430035e-34,5.5069048599427794e-34
33.114139267408426,1.092766595824478,0.00048542933201595114,0.00040654336646408205,-0.00037932263431681167,8.069314231730424e-07,1.096739614400427e-33,-6.0088471632148555e-34,5.483698072002135e-34
33.26415801975247,1.0977172146518317,0.0004778005590977087,0.0003995045468964137,-0.000371893191970906,8.071859324688612e-07,1.092137760341674e-33,-5.982668141673744e-34,5.46068880170837e-34
33.41417677209651,1.1026678334791848,0.0004703409294372396,0.00039262611770285243,-0.0003646334802490265,8.074387250475227e-07,1.0875749156074267e-33,-5.956722037847039e-34,5.437874578037134e-34
33.56419552444056,1.1076184523065384,0.00046304592027824346,0.00038590372421953747,-0.0003575389725554327,8.076898285257647e-07,1.0830505941606179e-33,-5.9310057159925544e-34,5.415252970803089e-34
33.7142142767846,1.112569071133892,0.0004559111489785315,0.00037933314801960887,-0.00035060528239987907,8.079392700331753e-07,1.078564317964767e-33,-5.905516096311897e-34,5.392821589823835e-34
33.86423302912864,1.1175196899612452,0.00044893236807486256,0.00037291030208348844,-0.0003438281584625541,8.081870762227708e-07,1.0741156168208284e-33,-5.880250153710625e-34,5.370578084104142e-34
34.01425178147268,1.1224703087885985,0.0004421054605424354,0.00036663122616051297,-0.0003372034798536766,8.084332732812949e-07,1.0697040282079816e-33,-5.855204916591243e-34,5.348520141039908e-34
34.164270533816726,1.127420927615952,0.0004354264352405435,0.0003604920823135395,-0.0003307272515592544,8.086778869392456e-07,1.0653290971282645e-33,-5.830377465678007e-34,5.326645485641322e-34
34.31428928616077,1.1323715464433055,0.0004288914225363575,0.0003544891506386025,-0.00032439560006497064,8.089209424806388e-07,1.0609903759549307e-33,-5.805764932872561e-34,5.304951879774654e-34
34.46430803850481,1.1373221652706589,0.0004224966700997671,0.00034861882515263847,-0.0003182047691511306,8.09162464752518e-07,1.0566874242844412e-33,-5.781364500139485e-34,5.283437121422206e-34
34.61432679084886,1.1422727840980123,0.00041623853886023495,0.0003428776098403941,-0.00031215111584961895,8.094024781742147e-07,1.0524198087919759e-33,-5.757173398420808e-34,5.262099043959879e-34
34.7643455431929,1.1472234029253658,0.00041011349911930815,0.0003372621148542427,-0.0003062311065565171,8.096410067463718e-07,1.0481871030903815e-33,-5.7331889065786664e-34,5.2409355154519075e-34
34.91436429553694,1.1521740217527192,0.0004041181268131807,0.00033176905286136203,-0.00030044131329476977,8.098780740597308e-07,1.0439888875924523e-33,-5.709408350365211e-34,5.2199444379622615e-34
35.06438304788099,1.1571246405800726,0.00039824909991830837,0.00032639523553138747,-0.00029477841011990536,8.101137033036963e-07,1.039824749376459e-33,-5.685829101418964e-34,5.199123746882295e-34
35.214401800225026,1.162075259407426,0.0003925031949939971,0.0003211375701585548,-0.00028923916966272874,8.103479172746794e-07,1.0356942820548319e-33,-5.662448576286863e-34,5.178471410274159e-34
35.36442055256907,1.1670258782347795,0.00038687728385618995,0.0003159930564126382,-0.0002838204598032145,8.105807383842313e-07,1.0315970856459208e-33,-5.639264235471168e-34,5.157985428229604e-34
35.51443930491311,1.1719764970621327,0.0003813683303769489,0.0003109587832132663,-0.0002785192404700935,8.10812188666967e-07,1.0275327664487388e-33,-5.616273582500569e-34,5.137663832243694e-34
35.66445805725716,1.1769271158894863,0.00037597338740437126,0.00030603192572243156,-0.00027333256056087494,8.110422897882926e-07,1.0235009369206172e-33,-5.59347416302472e-34,5.117504684603086e-34
35.8144768096012,1.1818777347168397,0.0003706895937979493,0.0003012097424502787,-0.0002682575549773118,8.112710630519365e-07,1.0195012155576931e-33,-5.57086356393155e-34,5.0975060777884655e-34
35.96449556194524,1.186828353544193,0.0003655141715750135,0.00029648957246987005,-0.00026329144177195037,8.114985294072916e-07,1.0155332267781477e-33,-5.548439412486673e-34,5.0776661338907385e-34
36.11451431428929,1.1917789723715466,0.0003604444231627578,0.0002918688327355283,-0.0002584315194002605,8.117247094565765e-07,1.011596600808131e-33,-5.526199375494238e-34,5.057983004040655e-34
36.264533066633334,1.1967295911989,0.0003554777287514403,0.0002873450155004229,-0.00025367516407394353,8.119496234618172e-07,1.0076909735702957e-33,-5.504141158478652e-34,5.038454867851478e-34
36.41455181897737,1.2016802100262534,0.0003506115437456659,0.00028291568583033145,-0.0002490198272123209,8.121732913516568e-07,1.0038159865748714e-33,-5.4822625048864884e-34,5.019079932874357e-34
36.56457057132141,1.2066308288536067,0.0003458433963092621,0.00027857847920916684,-0.00024446303298731616,8.123957327279973e-07,9.999712868132171e-34,-5.460561195308088e-34,4.999856434066086e-34
36.71458932366546,1.21158144768096,0.00034117088499991993,0.00027433109923250606,-0.00024000237595820287,8.1261696687248e-07,9.961565266537819e-34,-5.439035046718223e-34,4.9807826332689096e-34
36.8646080760095,1.2165320665083137,0.00033659167648996736,0.0002701713153855438,-0.0002356355187924848,8.128370127528049e-07,9.923713637404114e-34,-5.417681911735333e-34,4.961856818702057e-34
37.01462682835354,1.2214826853356668,0.0003321035033698055,0.00026609696090205905,-0.00023136019006943806,8.130558890288992e-07,9.886154608929458e-34,-5.396499677898753e-34,4.943077304464729e-34
37.16464558069759,1.2264333041630204,0.00032770416203068835,0.00026210593070112863,-0.0002271741821629989,8.132736140589355e-07,9.848884860100355e-34,-5.375486266963479e-34,4.924442430050178e-34
37.314664333041634,1.231383922990374,0.0003233915106236825,0.0002581961793984758,-0.00022307534920082964,8.134902059052039e-07,9.81190111974137e-34,-5.35463963421193e-34,4.905950559870685e-34
37.46468308538567,1.2363345418177272,0.000319163467092043,0.00025436571938972904,-0.00021906160509680225,8.137056823398446e-07,9.775200165586125e-34,-5.333957767782261e-34,4.8876000827930625e-34
37.61470183772971,1.2412851606450805,0.00031501800727365783,0.0002506126190023101,-0.0002151309216535494,8.139200608504421e-07,9.738778823368921e-34,-5.313438688012759e-34,4.869389411684461e-34
37.764720590073765,1.2462357794724344,0.000310953163070409,0.0002469350007128619,-0.00021128132673193338,8.141333586454874e-07,9.702633965936435e-34,-5.293080446801851e-34,4.851316982968218e-34
37.9147393424178,1.2511863982997875,0.00030696702068275824,0.00024333103942852816,-0.00020751090248573943,8.1434559265971e-07,9.666762512378982e-34,-5.272881126983345e-34,4.833381256189491e-34
38.06475809476184,1.2561370171271409,0.0003030577189066394,0.00023979896082922884,-0.00020381778365867538,8.145567795592821e-07,9.631161427180733e-34,-5.252838841716402e-34,4.815580713590367e-34
38.21477684710589,1.2610876359544945,0.00029922344749019707,0.0002363370397685109,-0.00020020015594121834,8.14766935746905e-07,9.59582771938866e-34,-5.232951733889928e-34,4.79791385969433e-34
38.364795599449934,1.2660382547818478,0.00029546244554803924,0.00023294359873068276,-0.00019665625438497437,8.149760773667703e-07,9.560758441799436e-34,-5.213217975540915e-34,4.780379220899718e-34
38.51481435179397,1.2709888736092012,0.00029177300003077475,0.00022961700634204467,-0.00019318436187232475,8.151842203094101e-07,9.525950690164078e-34,-5.193635767286397e-34,4.762975345082039e-34
38.66483310413802,1.2759394924365546,0.0002881534442477057,0.00022635567593411906,-0.00018978280763922567,8.153913802164321e-07,9.491401602409752e-34,-5.1742033377686124e-34,4.745700801204876e-34
38.814851856482065,1.2808901112639082,0.0002846021564406323,0.00022315806415687685,-0.00018644996584912124,8.155975724851447e-07,9.457108357878341e-34,-5.154918943113057e-34,4.728554178939171e-34
38.964870608826104,1.2858407300912615,0.00028111755840697105,0.0002200226696401875,-0.00018318425421616963,8.158028122730773e-07,9.423068176581431e-34,-5.1357808663990656e-34,4.711534088290716e-34
39.11488936117014,1.2907913489186147,0.00027769811417015087,0.0002169480317014987,-0.00017998413267574748,8.160071145023948e-07,9.389278318471167e-34,-5.116787417142551e-34,4.6946391592355835e-34
39.26490811351419,1.2957419677459683,0.00027434232869499755,0.0002139327290975086,-0.0001768481020999424,8.162104938642113e-07,9.355736082726707e-34,-5.097936930790631e-34,4.6778680413633535e-34
39.414926865858234,1.3006925865733219,0.0002710487466471691,0.00021097537881889267,-0.000173774703057097,8.164129648228069e-07,9.322438807055864e-34,-5.079227768227791e-34,4.661219403527932e-34
39.56494561820227,1.305643205400675,0.0002678159511947517,0.00020807463492623386,-0.00017076251461351286,8.166145416197476e-07,9.289383867011521e-34,-5.060658315293292e-34,4.6446919335057605e-34
39.71496437054632,1.3105938242280286,0.0002646425628503829,0.0002052291874255552,-0.00016781015317568273,8.168152382779113e-07,9.25656867532246e-34,-5.042226982309485e-34,4.62828433766123e-34
39.864983122890365,1.3155444430553822,0.000261527238352388,0.0002024377611819679,-0.00016491627137153443,8.17015068605424e-07,9.223990681238333e-34,-5.023932203620846e-34,4.611995340619167e-34
40.015001875234404,1.3204950618827354,0.0002584686695834718,0.0001996991148700059,-0.00016207955696923183,8.172140461995077e-07,9.191647369888334e-34,-5.0057724371433156e-34,4.595823684944167e-34
40.16502062757844,1.3254456807100887,0.00025546558252557153,0.00019701203995927725,-0.00015929873183213652,8.174121844502422e-07,9.159536261653279e-34,-4.987746163923775e-34,4.5797681308266395e-34
40.315039379922496,1.3303962995374423,0.0002525167362495334,0.0001943753597341215,-0.00015657255090859262,8.176094965442416e-07,9.127654911550783e-34,-4.9698518877093594e-34,4.563827455775392e-34
40.465058132266535,1.3353469183647957,0.0002496209219384155,0.0001917879283460961,-0.00015389980125533816,8.178059954682521e-07,9.096000908633215e-34,-4.952088134526347e-34,4.548000454316608e-34
40.61507688461057,1.340297537192149,0.00024677696194317636,0.0001892486298980747,-0.0001512793010933028,8.180016940126676e-07,9.064571875398084e-34,-4.934453452268381e-34,4.532285937699042e-34
40.76509563695462,1.3452481560195024,0.00024398370886907702,0.00018675637755833128,-0.00014870989889411812,8.181966047749693e-07,9.033365467210613e-34,-4.916946410293797e-34,4.516682733605306e-34
40.915114389298665,1.350198774846856,0.00024124004469226181,0.00018431011270407017,-0.0001461904724968081,8.183907401630885e-07,9.002379371738173e-34,-4.899565599031804e-34,4.5011896858690865e-34
41.065133141642704,1.3551493936742094,0.00023854487990529488,0.00018190880409320575,-0.00014371992825343337,8.185841123986977e-07,8.97161130839632e-34,-4.882309629597296e-34,4.48580565419816e-34
41.21515189398675,1.3601000125015628,0.0002358971526905471,0.000179551447063311,-0.00014129720020258804,8.187767335204291e-07,8.94105902780614e-34,-4.865177133414091e-34,4.47052951390307e-34
41.365170646330796,1.3650506313289164,0.00023329582812043218,0.00017723706275675293,-0.00013892124926974405,8.189686153870222e-07,8.910720311262634e-34,-4.8481667618463605e-34,4.455360155631317e-34
41.515189398674835,1.3700012501562697,0.0002307398973835242,0.00017496469737106606,-0.00013659106249347774,8.191597696804055e-07,8.880592970213918e-34,-4.831277185838052e-34,4.440296485106959e-34
41.665208151018874,1.3749518689836229,0.00022822837703562822,0.00017273342143365626,-0.00013430565227664948,8.193502079087103e-07,8.85067484575092e-34,-4.8145070955601096e-34,4.42533742287546e-34
41.81522690336292,1.3799024878109765,0.00022576030827491756,0.00017054232909996457,-0.00013206405566164968,8.195399414092205e-07,8.820963808107397e-34,-4.7978552000652844e-34,4.410481904053699e-34
41.965245655706966,1.3848531066383298,0.0002233347562403226,0.00016839053747429237,-0.00012986533362889673,8.197289813512589e-07,8.791457756170001e-34,-4.7813202269503545e-34,4.3957288780850006e-34
42.115264408051004,1.3898037254656832,0.00022095080933240993,0.00016627718595254082,-0.000127708570417825,8.199173387390126e-07,8.762154616998125e-34,-4.7649009220255635e-34,4.381077308499062e-34
42.26528316039505,1.3947543442930368,0.0002186075785555424,0.00016420143558569143,-0.00012559287286915348,8.201050244142979e-07,8.733052345353367e-34,-4.748596048991104e-34,4.366526172676683e-34
42.415301912739096,1.3997049631203902,0.00021630419688097963,0.00016216246846368336,-0.00012351736978809586,8.202920490592679e-07,8.704148923238371e-34,-4.732404389120464e-34,4.3520744616191856e-34
42.565320665083135,1.4046555819477435,0.0002140398186301453,0.00016015948711893142,-0.00012148121132773659,8.204784231990606e-07,8.675442359444761e-34,-4.716324740950473e-34,4.3377211797223806e-34
42.715339417427174,1.409606200775097,0.00021181361887729543,0.00015819171394873638,-0.00011948356839180784,8.206641572043945e-07,8.646930689110085e-34,-4.700355919977884e-34,4.323465344555043e-34
42.86535816977123,1.4145568196024505,0.00020962479287091272,0.00015625839065592725,-0.00011752363205619348,8.208492612941086e-07,8.618611973283444e-34,-4.684496758362318e-34,4.309305986641722e-34
43.015376922115266,1.4195074384298039,0.00020747255547317838,0.00015435877770710152,-0.00011560061300850884,8.21033745537648e-07,8.59048429849968e-34,-4.668746104635443e-34,4.29524214924984e-34
43.165395674459305,1.424458057257157,0.00020535614061689228,0.00015249215380784672,-0.00011371374100513056,8.212176198575009e-07,8.562545776361892e-34,-4.653102823416204e-34,4.281272888180946e-34
43.31541442680335,1.4294086760845106,0.00020327480077924465,0.0001506578153943609,-0.00011186226434507698,8.214008940315837e-07,8.534794543132124e-34,-4.6375657951319735e-34,4.267397271566062e-34
43.4654331791474,1.4343592949118642,0.0002012278064718807,0.0001488550761409234,-0.00011004544936018138,8.215835776955754e-07,8.507228759329991e-34,-4.622133915745487e-34,4.2536143796649954e-34
43.615451931491435,1.4393099137392174,0.00019921444574677586,0.00014708326648274364,-0.00010826257992107617,8.217656803452076e-07,8.47984660933913e-34,-4.6068060964874115e-34,4.239923304669565e-34
43.76547068383548,1.444260532566571,0.00019723402371706723,0.00014534173315336062,-0.00010651295695813316,8.219472113385044e-07,8.452646301021223e-34,-4.5915812635944005e-34,4.2263231505106115e-34
43.91548943617953,1.4492111513939245,0.00019528586209258705,0.000143629838736338,-0.00010479589799710601,8.221281798979791e-07,8.425626065337507e-34,-4.576458358052543e-34,4.212813032668754e-34
44.065508188523566,1.4541617702212777,0.0001933692987296242,0.00014194696123078995,-0.00010311073670900013,8.223085951127845e-07,8.398784155977523e-34,-4.561436335346038e-34,4.199392077988761e-34
44.215526940867605,1.459112389048631,0.00019148368719437204,0.0001402924936302114,-0.00010145682247362967,8.224884659408217e-07,8.372118848995007e-34,-4.546514165210993e-34,4.186059424497504e-34
44.36554569321165,1.4640630078759846,0.00018962839633960342,0.00013866584351416198,-9.983351995640098e-05,8.226678012108028e-07,8.345628442450706e-34,-4.531690831394211e-34,4.172814221225353e-34
44.5155644455557,1.469013626703338,0.00018780280989412712,0.0001370664326523706,-9.824020869787739e-05,8.228466096242775e-07,8.319311256062049e-34,-4.516965331416868e-34,4.1596556280310244e-34
44.665583197899736,1.4739642455306914,0.00018600632606459932,0.000135493696620842,-9.66762827157e-05,8.230248997576146e-07,8.293165630859403e-34,-4.502336676342942e-34,4.146582815429701e-34
44.81560195024378,1.4789148643580448,0.00018423835714927834,0.00013394708442956461,-9.514115011845016e-05,8.232026800639456e-07,8.267189928848891e-34,-4.487803890552298e-34,4.1335949644244455e-34
44.96562070258783,1.4838654831853983,0.0001824983291633369,0.00013242605816144164,-9.363423273107054e-05,8.233799588750705e-07,8.241382532681554e-34,-4.47336601151832e-34,4.120691266340777e-34
45.115639454931866,1.4888161020127517,0.00018078568147541818,0.00013093009262213747,-9.215496573152962e-05,8.235567444033256e-07,8.215741845328738e-34,-4.45902208958997e-34,4.107870922664369e-34
45.265658207275905,1.4937667208401049,0.00017909986645484396,0.00012945867500026835,-9.070279729813774e-05,8.237330447434123e-07,8.190266289763552e-34,-4.444771187778194e-34,4.095133144881776e-34
45.41567695961996,1.4987173396674587,0.00017744034912925557,0.0001280113045377198,-8.927718826729702e-05,8.239088678741936e-07,8.164954308648311e-34,-4.4306123815465575e-34,4.082477154324156e-34
45.565695711964,1.503667958494812,0.00017580660685241793,0.0001265874922098239,-8.787761180141315e-05,8.240842216604529e-07,8.139804364027816e-34,-4.416544758606009e-34,4.069902182013908e-34
45.715714464308036,1.5086185773221652,0.00017419812898179066,0.00012518676041501368,-8.650355306657483e-05,8.242591138546188e-07,8.114814937028279e-34,-4.402567418713697e-34,4.0574074685141395e-34
45.86573321665208,1.5135691961495188,0.00017261441656555253,0.00012380864267364763,-8.515450891968637e-05,8.244335520984575e-07,8.089984527561877e-34,-4.388679473475725e-34,4.044992263780939e-34
46.01575196899613,1.5185198149768724,0.0001710549820387693,0.00012245268333570112,-8.382998760474324e-05,8.246075439247311e-07,8.065311654036769e-34,-4.374880046153778e-34,4.032655827018384e-34
46.16577072134017,1.5234704338042255,0.00016951934892840941,0.00012111843729703859,-8.252950845795594e-05,8.247810967588252e-07,8.040794853072412e-34,-4.361168271475511e-34,4.020397426536206e-34
46.31578947368421,1.5284210526315791,0.00016800705156692333,0.00011980546972398706,-8.125260162143694e-05,8.249542179203437e-07,8.016432679220139e-34,-4.347543295448611e-34,4.0082163396100695e-34
46.46580822602826,1.5333716714589325,0.00016651763481411477,0.00011851335578594779,-7.999880776518001e-05,8.251269146246747e-07,7.992223704688858e-34,-4.334004275178496e-34,3.996111852344429e-34
46.6158269783723,1.5383222902862859,0.00016505065378709464,0.00011724168039583844,-7.876767781712113e-05,8.252991939845254e-07,7.968166519075731e-34,-4.320550378689499e-34,3.984083259537866e-34
46.765845730716336,1.5432729091136392,0.0001636056735979149,0.00011599003795797962,-7.755877270088036e-05,8.254710630114282e-07,7.94425972910178e-34,-4.3071807847495085e-34,3.97212986455089e-34
46.91586448306038,1.5482235279409926,0.00016218226909868406,0.0001147580321232299,-7.63716630809848e-05,8.256425286172175e-07,7.920501958352276e-34,-4.293894682697976e-34,3.960250979176138e-34
47.06588323540443,1.5531741467683462,0.00016078002463402075,0.00011354527555122666,-7.520592911542935e-05,8.258135976154808e-07,7.896891847021845e-34,-4.280691272277209e-34,3.948445923510923e-34
47.21590198774847,1.5581247655956996,0.00015939853380055865,0.0001123513896794554,-7.406116021528908e-05,8.259842767229795e-07,7.873428051664153e-34,-4.267569763466882e-34,3.936714025832076e-34
47.36592074009251,1.563075384423053,0.00015803739921327824,0.0001111760044989286,-7.293695481115802e-05,8.261545725610455e-07,7.850109244946108e-34,-4.25452937632169e-34,3.925054622473054e-34
47.51593949243656,1.5680260032504065,0.0001566962322784528,0.00011001875833626691,-7.183292012620209e-05,8.263244916569505e-07,7.82693411540646e-34,-4.241569340812083e-34,3.91346705770323e-34
47.6659582447806,1.5729766220777597,0.00015537465297299854,0.00010887929764197895,-7.07486719556164e-05,8.264940404452501e-07,7.80390136721874e-34,-4.228688896667997e-34,3.90195068360937e-34
47.815976997124636,1.577927240905113,0.00015407228963003114,0.00010775727678474564,-6.968383445228837e-05,8.266632252691033e-07,7.781009719958394e-34,-4.215887293225543e-34,3.890504859979197e-34
47.96599574946869,1.5828778597324669,0.00015278877873043593,0.000106652357851523,-6.863803991847466e-05,8.268320523815665e-07,7.758257908374091e-34,-4.2031637892765585e-34,3.8791289541870454e-34
48.11601450181273,1.58782847855982,0.0001515237647003062,0.0001055642104533191,-6.761092860334585e-05,8.270005279468653e-07,7.735644682163064e-34,-4.190517652920984e-34,3.867822341081532e-34
48.26603325415677,1.5927790973871734,0.00015027689971398208,0.00010449251153638861,-6.660214850613202e-05,8.271686580416419e-07,7.71316880575044e-34,-4.177948161421982e-34,3.85658440287522e-34
48.41605200650081,1.597729716214527,0.00014904784350250937,0.00010343694519866875,-6.561135518468758e-05,8.273364486561797e-07,7.690829058072436e-34,-4.1654546010637595e-34,3.845414529036218e-34
48.56607075884486,1.6026803350418803,0.00014783626316745,0.00010239720251138719,-6.463821156940814e-05,8.275039056956059e-07,7.668624232363399e-34,-4.153036267012014e-34,3.8343121161816995e-34
48.7160895111889,1.6076309538692337,0.000146641832999836,0.00010137298134564151,-6.36823877822906e-05,8.276710349810728e-07,7.646553135946552e-34,-4.140692463176981e-34,3.823276567973276e-34
48.866108263532944,1.6125815726965873,0.00014546423430410627,0.00010036398620379224,-6.274356096097557e-05,8.278378422509165e-07,7.624614590028411e-34,-4.128422502078975e-34,3.8123072950142055e-34
49.01612701587699,1.6175321915239407,0.00014430315522687476,9.936992805552477e-05,-6.182141508762138e-05,8.280043331617954e-07,7.602807429496788e-34,-4.1162257047164165e-34,3.801403714748394e-34
49.16614576822103,1.622482810351294,0.0001431582905903825,9.839052417843429e-05,-6.0915640822461754e-05,8.281705132898081e-07,7.581130502722283e-34,-4.1041014004362715e-34,3.7905652513611414e-34
49.31616452056507,1.6274334291786472,0.00014202934173049184,9.7425498002998e-05,-6.0025935341905594e-05,8.283363881315922e-07,7.559582671363253e-34,-4.092048926806857e-34,3.7797913356816264e-34
49.46618327290911,1.6323840480060008,0.00014091601633908695,9.647457896180075e-05,-5.915200218104256e-05,8.285019631054015e-07,7.538162810174108e-34,-4.080067629492957e-34,3.769081405087054e-34
49.61620202525316,1.6373346668333544,0.0001398180283107748,9.553750234291164e-05,-5.829355108044924e-05,8.286672435521667e-07,7.516869806816967e-34,-4.06815686213321e-34,3.7584349034084834e-34
49.7662207775972,1.6422852856607075,0.00013873509759371386,9.461400914724484e-05,-5.745029783712278e-05,8.288322347365345e-07,7.495702561676491e-34,-4.056315986219707e-34,3.7478512808382455e-34
49.916239529941244,1.6472359044880611,0.00013766695004440596,9.370384594974571e-05,-5.6621964159377796e-05,8.289969418478906e-07,7.474659987677922e-34,-4.044544370979761e-34,3.737329993838961e-34
50.06625828228529,1.6521865233154147,0.00013661331728642923,9.280676476437835e-05,-5.5808277525683754e-05,8.291613700013642e-07,7.453741010108242e-34,-4.032841393259817e-34,3.726870505054121e-34
50.21627703462933,1.6571371421427679,0.00013557393657295948,9.192252291276665e-05,-5.500897104729111e-05,8.293255242388137e-07,7.432944566440347e-34,-4.0212064374114176e-34,3.7164722832201733e-34
50.36629578697337,1.6620877609701212,0.0001345485506529629,9.105088289637601e-05,-5.422378333452804e-05,8.294894095297965e-07,7.412269606160239e-34,-4.009638895179222e-34,3.7061348030801195e-34
50.51631453931742,1.667038379797475,0.00013353690764095265,9.019161227213094e-05,-5.345245836666148e-05,8.296530307725216e-07,7.39171509059712e-34,-3.998138165591018e-34,3.69585754529856e-34
50.66633329166146,1.6719889986248282,0.00013253876089020308,8.934448353136571e-05,-5.2694745365215194e-05,8.298163927947861e-07,7.371279992756408e-34,-3.986703654849693e-34,3.685639996378204e-34
50.8163520440055,1.6769396174521816,0.00013155386886932061,8.850927398200965e-05,-5.195039867064431e-05,8.299795003548942e-07,7.350963297155488e-34,-3.975334776227103e-34,3.675481648577744e-34
50.966370796349544,1.681890236279535,0.00013058199504207223,8.768576563391171e-05,-5.1219177622267696e-05,8.301423581425617e-07,7.3307639996623025e-34,-3.9640309499598284e-34,3.6653819998311512e-34
51.11638954869359,1.6868408551068885,0.00012962290775039528,8.687374508722863e-05,-5.050084644138094e-05,8.303049707798045e-07,7.310681107336594e-34,-3.952791603146764e-34,3.655340553668297e-34
51.26640830103763,1.691791473934242,0.00012867638010047826,8.607300342377126e-05,-4.9795174117440335e-05,8.304673428218126e-07,7.290713638273847e-34,-3.9416161696485e-34,3.6453568191369234e-34
51.416427053381675,1.6967420927615953,0.0001277421898517673,8.528333610116978e-05,-4.9101934297172644e-05,8.306294787578072e-07,7.270860621451768e-34,-3.930504089988471e-34,3.635430310725884e-34
51.56644580572572,1.7016927115889489,0.00012682011930889963,8.450454284985517e-05,-4.842090517661125e-05,8.30791383011886e-07,7.251121096579399e-34,-3.919454811255828e-34,3.6255605482896995e-34
51.71646455806976,1.7066433304163022,0.0001259099552164533,8.373642757275262e-05,-4.7751869395948656e-05,8.309530599438527e-07,7.231494113948666e-34,-3.908467787009999e-34,3.615747056974333e-34
51.8664833104138,1.7115939492436554,0.00012501148865642716,8.297879824760115e-05,-4.709461393711892e-05,8.311145138500321e-07,7.211978734288414e-34,-3.897542477186905e-34,3.605989367144207e-34
52.016502062757844,1.716544568071009,0.0001241245149483727,8.223146683182513e-05,-4.6448930024031704e-05,8.312757489640727e-07,7.192574028620838e-34,-3.886678348006807e-34,3.596287014310419e-34
52.16652081510189,1.7214951868983626,0.00012324883355210186,8.149424916988383e-05,-4.58146130253821e-05,8.314367694577357e-07,7.173279078120303e-34,-3.875874871883728e-34,3.5866395390601514e-34
52.31653956744593,1.7264458057257157,0.00012238424797289684,8.076696490302691e-05,-4.5191462359962296e-05,8.315975794416691e-07,7.154092973974421e-34,-3.865131527336445e-34,3.5770464869872105e-34
52.466558319789975,1.7313964245530693,0.0001215305656691506,8.004943738138738e-05,-4.457928140440383e-05,8.317581829661725e-07,7.135014817247474e-34,-3.8544477989010025e-34,3.567507408623737e-34
52.616577072134014,1.7363470433804225,0.00012068759796238002,7.934149357835475e-05,-4.397787740329184e-05,8.319185840219452e-07,7.116043718746006e-34,-3.8438231770447255e-34,3.558021859373003e-34
52.76659582447806,1.741297662207776,0.00011985515994954399,7.864296400716353e-05,-4.338706138158457e-05,8.32078786540825e-07,7.097178798886636e-34,-3.8332571580816917e-34,3.548589399443318e-34
52.916614576822106,1.7462482810351296,0.00011903307041754293,7.795368263957908e-05,-4.2806648059213765e-05,8.322387943965137e-07,7.0784191875660035e-34,-3.8227492440896526e-34,3.5392095937830018e-34
53.066633329166145,1.7511988998624828,0.00011822115175990724,7.727348682668585e-05,-4.2236455767873766e-05,8.323986114052902e-07,7.059764024032831e-34,-3.8122989428283525e-34,3.5298820120164155e-34
53.21665208151019,1.7561495186898364,0.00011741922989559871,7.660221722170503e-05,-4.167630636992386e-05,8.325582413267137e-07,7.0412124567620205e-34,-3.801905767659233e-34,3.5206062283810103e-34
53.36667083385423,1.7611001375171897,0.00011662713418986008,7.593971770477885e-05,-4.1126025179337645e-05,8.327176878643136e-07,7.02276364333083e-34,-3.791569237466496e-34,3.511381821665415e-34
53.516689586198275,1.7660507563445431,0.00011584469737705412,7.528583530966502e-05,-4.058544088464247e-05,8.328769546662692e-07,7.004416750296993e-34,-3.781288876579481e-34,3.5022083751484965e-34
53.66670833854232,1.7710013751718967,0.00011507175548543803,7.464042015228891e-05,-4.005438547379357e-05,8.330360453260778e-07,6.986170953078795e-34,-3.7710642146963616e-34,3.4930854765393976e-34
53.81672709088636,1.7759519939992499,0.0001143081477638186,7.400332536110072e-05,-3.9532694160928676e-05,8.33194963383214e-07,6.96802543583711e-34,-3.760894786809104e-34,3.484012717918555e-34
53.966745843230406,1.7809026128266034,0.00011355371661003619,7.337440700918703e-05,-3.902020531495159e-05,8.333537123237757e-07,6.949979391359251e-34,-3.750780133129678e-34,3.4749896956796255e-34
54.116764595574445,1.7858532316539568,0.00011280830750123328,7.275352404809442e-05,-3.851676038989947e-05,8.335122955811217e-07,6.932032020944722e-34,-3.740719799017504e-34,3.466016010472361e-34
54.26678334791849,1.7908038504813102,0.00011207176892586568,7.214053824332366e-05,-3.80222038570531e-05,8.336707165364983e-07,6.914182534292741e-34,-3.7307133349080923e-34,3.4570912671463704e-34
54.41680210026254,1.7957544693086638,0.00011134395231735617,7.15353141114001e-05,-3.753638313868903e-05,8.338289785196562e-07,6.896430149391579e-34,-3.7207602962428692e-34,3.4482150746957895e-34
54.566820852606575,1.8007050881360172,0.00011062471198939662,7.093771885852387e-05,-3.705914854348003e-05,8.339870848094588e-07,6.878774092409614e-34,-3.7108602434001584e-34,3.439387046204807e-34
54.71683960495062,1.8056557069633705,0.00010991390507284876,7.034762232075226e-05,-3.659035320349412e-05,8.341450386344789e-07,6.861213597588105e-34,-3.701012741627294e-34,3.4306067987940524e-34
54.86685835729466,1.810606325790724,0.00010921139145419359,6.976489690566559e-05,-3.61298530127416e-05,8.343028431735871e-07,6.843747907135665e-34,-3.6912173609738525e-34,3.4218739535678327e-34
55.016877109638706,1.8155569446180775,0.00010851703371548557,6.918941753547517e-05,-3.567750656722696e-05,8.344605015565314e-07,6.826376271124364e-34,-3.681473676225972e-34,3.413188135562182e-34
55.166895861982745,1.8205075634454306,0.00010783069707577231,6.862106159153454e-05,-3.523317510646584e-05,8.346180168645074e-07,6.809097947387465e-34,-3.671781266841744e-34,3.4045489736937324e-34
55.31691461432679,1.8254581822727842,0.00010715224933393933,6.805970886021546e-05,-3.479672245642664e-05,8.34775392130719e-07,6.791912201418741e-34,-3.6621397168876583e-34,3.3959561007093706e-34
55.46693336667084,1.8304088011001376,0.00010648156081294194,6.750524148011173e-05,-3.43680149738594e-05,8.349326303409326e-07,6.774818306273395e-34,-3.6525486149760756e-34,3.3874091531366975e-34
55.616952119014876,1.835359419927491,0.00010581850430538934,6.695754389053755e-05,-3.3946921491976234e-05,8.350897344340199e-07,6.757815542470451e-34,-3.6430075542037124e-34,3.3789077712352253e-34
55.76697087135892,1.8403100387548446,0.00010516295502045576,6.641650278129495e-05,-3.353331326745867e-05,8.352467073024945e-07,6.740903197896706e-34,-3.6335161320911187e-34,3.370451598948353e-34
55.91698962370296,1.8452606575821977,0.00010451479053204065,6.588200704363728e-05,-3.312706392871363e-05,8.354035517930395e-07,6.7240805677121375e-34,-3.624073950523132e-34,3.3620402838560688e-34
56.067008376047006,1.8502112764095513,0.00010387389072817678,6.535394772242642e-05,-3.272804942537757e-05,8.355602707070275e-07,6.707346954256766e-34,-3.614680615690279e-34,3.353673477128383e-34
56.21702712839105,1.855161895236905,0.0001032401377616592,6.483221796945704e-05,-3.233614797904053e-05,8.357168668010319e-07,6.6907016669589675e-34,-3.605335738031126e-34,3.3453508334794837e-34
56.36704588073509,1.860112514064258,0.00010261341600185269,6.431671299790734e-05,-3.195124003514869e-05,8.358733427873319e-07,6.674144022245159e-34,-3.596038932175539e-34,3.3370720111225793e-34
56.51706463307914,1.8650631328916116,0.0001019936119876467,6.38073300378874e-05,-3.157320821605419e-05,8.360297013344084e-07,6.657673343450873e-34,-3.586789816888854e-34,3.3288366717254364e-34
56.667083385423176,1.870013751718965,0.00010138061438152849,6.330396829305527e-05,-3.1201937275182815e-05,8.361859450674334e-07,6.641288960733198e-34,-3.577588015016931e-34,3.320644480366599e-34
56.81710213776722,1.8749643705463184,0.00010077431392474385,6.280652889827286e-05,-3.083731405228872e-05,8.363420765687518e-07,6.6249902109845294e-34,-3.5684331534320765e-34,3.3124951054922647e-34
56.96712089011127,1.879914989373672,0.00010017460339351756,6.231491487827356e-05,-3.0479227429769025e-05,8.364980983783563e-07,6.608776437747643e-34,-3.5593248629798235e-34,3.3043882188738216e-34
57.11713964245531,1.8848656082010251,9.958137755630711e-05,6.18290311073171e-05,-3.0127568290010852e-05,8.366540129943549e-07,6.5926469911320335e-34,-3.5502627784265485e-34,3.2963234955660167e-34
57.26715839479935,1.8898162270283787,9.899453313207257e-05,6.134878426981383e-05,-2.9782229473754784e-05,8.36809822873432e-07,6.576601227731537e-34,-3.541246538407909e-34,3.2883006138657684e-34
57.41717714714339,1.894766845855732,9.841396874950525e-05,6.0874082821865075e-05,-2.944310573941616e-05,8.369655304313021e-07,6.560638510543169e-34,-3.5322757853780907e-34,3.2803192552715844e-34
57.56719589948744,1.8997174646830854,9.783958490720737e-05,6.0404836953711265e-05,-2.9110093723357896e-05,8.371211380431579e-07,6.5447582088872e-34,-3.5233501655598454e-34,3.2723791044436e-34
57.717214651831476,1.9046680835104388,9.727128393480985e-05,5.99409585530746e-05,-2.87830919011003e-05,8.372766480441098e-07,6.528959698328395e-34,-3.5144693288953155e-34,3.2644798491641976e-34
57.86723340417552,1.9096187023377924,9.670896995499422e-05,5.948236116936441e-05,-2.84620005494352e-05,8.37432062729622e-07,6.513242360598484e-34,-3.50563292899761e-34,3.256621180299242e-34
58.01725215651957,1.9145693211651458,9.615254884639623e-05,5.9028959978723275e-05,-2.8146721709421373e-05,8.375873843559397e-07,6.497605583519718e-34,-3.4968406231031446e-34,3.248802791759859e-34
58.16727090886361,1.9195199399924991,9.560192820736769e-05,5.858067174989142e-05,-2.7837159150237732e-05,8.377426151405115e-07,6.482048760929615e-34,-3.4880920720247093e-34,3.2410243804648074e-34
58.31728966120765,1.9244705588198527,9.505701732057497e-05,5.8137414810868816e-05,-2.7533218333872925e-05,8.378977572624052e-07,6.466571292606795e-34,-3.4793869401052624e-34,3.2332856463033973e-34
58.46730841355169,1.9294211776472059,9.451772711841283e-05,5.76991090163542e-05,-2.7234806380630025e-05,8.380528128627181e-07,6.451172584197918e-34,-3.4707248951724396e-34,3.225586292098959e-34
58.61732716589574,1.9343717964745595,9.398397014921293e-05,5.726567571594119e-05,-2.6941832035425406e-05,8.382077840449812e-07,6.435852047145687e-34,-3.4621056084937534e-34,3.2179260235728435e-34
58.76734591823978,1.9393224153019128,9.345566054423605e-05,5.683703772306081e-05,-2.665420563487111e-05,8.383626728755575e-07,6.420609098617944e-34,-3.4535287547324873e-34,3.210304549308972e-34
58.91736467058382,1.9442730341292662,9.293271398540576e-05,5.6413119284630516e-05,-2.6371839075098324e-05,8.385174813840352e-07,6.405443161437754e-34,-3.444994011904253e-34,3.202721580718877e-34
59.06738342292787,1.9492236529566198,9.241504767377155e-05,5.599384605139791e-05,-2.6094645780309935e-05,8.386722115636144e-07,6.390353664014567e-34,-3.4365010613342183e-34,3.1951768320072833e-34
59.21740217527191,1.954174271783973,9.190258029869767e-05,5.557914504897513e-05,-2.5822540672058734e-05,8.388268653714892e-07,6.375340040276333e-34,-3.42804958761498e-34,3.1876700201381664e-34
59.36742092761595,1.9591248906113266,9.139523200775071e-05,5.516894464953811e-05,-2.5555440139223477e-05,8.389814447292251e-07,6.360401729602657e-34,-3.4196392785650765e-34,3.1802008648013285e-34
59.51743967996,1.9640755094386801,9.089292437726841e-05,5.476317454417415e-05,-2.5293262008666516e-05,8.39135951523129e-07,6.345538176758881e-34,-3.4112698251881257e-34,3.1727690883794407e-34
59.66745843230404,1.9690261282660333,9.039558038359296e-05,5.436176571586139e-05,-2.5035925516554847e-05,8.392903876046166e-07,6.330748831831157e-34,-3.402940921632581e-34,3.1653744159155787e-34
59.817477184648084,1.9739767470933869,8.990312437495105e-05,5.3964650413063604e-05,-2.4783351280328254e-05,8.394447547905724e-07,6.316033150162423e-34,-3.3946522651520893e-34,3.1580165750812113e-34
59.96749593699212,1.97892736592074,8.941548204396621e-05,5.357176212392597e-05,-2.4535461271298828e-05,8.395990548637067e-07,6.301390592289344e-34,-3.386403556066449e-34,3.150695296144672e-34
60.11751468933617,1.9838779847480936,8.89325804007862e-05,5.318303555105565e-05,-2.4292178787865545e-05,8.397532895729069e-07,6.286820623880118e-34,-3.3781944977231455e-34,3.143410311940059e-34
60.26753344168021,1.988828603575447,8.845434774681818e-05,5.279840658687957e-05,-2.4053428429336043e-05,8.399074606335834e-07,6.272322715673222e-34,-3.3700247964594648e-34,3.136161357836611e-34
60.41755219402425,1.9937792224028004,8.798071364904219e-05,5.2417812289552166e-05,-2.3819136070326546e-05,8.400615697280116e-07,6.2578963434169815e-34,-3.3618941615651715e-34,3.1289481717084907e-34
60.5675709463683,1.998729841230154,8.75116089148875e-05,5.20411908593977e-05,-2.358922883572406e-05,8.402156185056697e-07,6.24354098781005e-34,-3.3538023052457387e-34,3.121770493905025e-34
60.71758969871234,2.0036804600575073,8.704696556767323e-05,5.16684816158887e-05,-2.336363507621296e-05,8.403696085835699e-07,6.229256134442711e-34,-3.3457489425861216e-34,3.1146280672213557e-34
60.867608451056384,2.0086310788848607,8.658671682259328e-05,5.1299624975140777e-05,-2.3142284344344985e-05,8.405235415465884e-07,6.215041273739033e-34,-3.3377337915150692e-34,3.1075206368695166e-34
61.01762720340042,2.013581697712214,8.613079706323116e-05,5.093456242791053e-05,-2.2925107371138945e-05,8.40677418947788e-07,6.200895900899824e-34,-3.329756572769964e-34,3.100447950449912e-34
61.16764595574447,2.0185323165395674,8.567914181859134e-05,5.0573236518083796e-05,-2.2712036043196912e-05,8.408312423087373e-07,6.1868195158464136e-34,-3.3218170098621705e-34,3.0934097579232068e-34
61.317664708088515,2.0234829353669213,8.523168774063572e-05,5.0215590821642904e-05,-2.250300338032448e-05,8.409850131198266e-07,6.1728116231652106e-34,-3.3139148290428987e-34,3.0864058115826053e-34
61.46768346043255,2.028433554194274,8.478837258231171e-05,4.98615699261004e-05,-2.2297943513642947e-05,8.411387328405784e-07,6.158871732053066e-34,-3.3060497592695703e-34,3.079435866026533e-34
61.6177022127766,2.033384173021628,8.434913517606053e-05,4.951111941038811e-05,-2.2096791664180943e-05,8.412924028999553e-07,6.144999356263375e-34,-3.2982215321726613e-34,3.0724996781316877e-34
61.76772096512064,2.0383347918489814,8.39139154127993e-05,4.916418582519523e-05,-2.1899484121939506e-05,8.414460246966619e-07,6.131194014052973e-34,-3.2904298820230463e-34,3.0655970070264866e-34
61.917739717464684,2.0432854106763347,8.348265422135717e-05,4.88207166737368e-05,-2.1705958225411006e-05,8.415995995994444e-07,6.117455228129727e-34,-3.2826745456997983e-34,3.0587276140648637e-34
62.06775846980873,2.048236029503688,8.305529354834845e-05,4.8480660392936784e-05,-2.1516152341534446e-05,8.417531289473848e-07,6.103782525600899e-34,-3.274955262658473e-34,3.0518912628004494e-34
62.21777722215277,2.0531866483310415,8.263177633848758e-05,4.814396633502936e-05,-2.1330005846092532e-05,8.419066140501928e-07,6.090175437922207e-34,-3.2672717748998373e-34,3.0450877189611033e-34
62.367795974496815,2.058137267158395,8.221204651533011e-05,4.78105847495638e-05,-2.1147459104534025e-05,8.420600561884941e-07,6.07663350084761e-34,-3.2596238269390566e-34,3.038316750423805e-34
62.517814726840854,2.063087885985748,8.179604896242834e-05,4.748046676580186e-05,-2.0968453453210744e-05,8.422134566141124e-07,6.0631562543797745e-34,-3.25201116577532e-34,3.0315781271898873e-34
62.6678334791849,2.0680385048131016,8.138372950489213e-05,4.7153564375498904e-05,-2.079293118101894e-05,8.423668165503513e-07,6.049743242721232e-34,-3.2444335408619076e-34,3.024871621360616e-34
62.81785223152894,2.072989123640455,8.097503489134481e-05,4.68298304160589e-05,-2.0620835511435675e-05,8.425201371922696e-07,6.03639401422621e-34,-3.2368907040766816e-34,3.018197007113105e-34
62.967870983872984,2.0779397424678088,8.056991277626514e-05,4.6509218554054626e-05,-2.0452110584940737e-05,8.426734197069547e-07,6.023108121353129e-34,-3.2293824096929974e-34,3.0115540606765643e-34
63.11788973621703,2.082890361295162,8.016831170270603e-05,4.619168326910432e-05,-2.0286701441814885e-05,8.428266652337928e-07,6.009885120617757e-34,-3.2219084143510383e-34,3.0049425603088784e-34
63.26790848856107,2.0878409801225155,7.97701810853841e-05,4.587717983809912e-05,-2.0124554005308696e-05,8.429798748847342e-07,5.996724572546986e-34,-3.2144684770295436e-34,2.998362286273493e-34
63.417927240905115,2.092791598949869,7.937547119412895e-05,4.5565664319770263e-05,-1.996561506517037e-05,8.431330497445573e-07,5.98362604163327e-34,-3.2070623590179495e-34,2.991813020816635e-34
63.567945993249154,2.0977422177772223,7.898413313767322e-05,4.525709353957915e-05,-1.980983226151447e-05,8.432861908711269e-07,5.970589096289655e-34,-3.1996898238889183e-34,2.9852945481448273e-34
63.7179647455932,2.1026928366045756,7.859611884779042e-05,4.4951425074935534e-05,-1.9657154069037583e-05,8.434392992956515e-07,5.957613308805452e-34,-3.192350637471255e-34,2.978806654402726e-34
63.867983497937246,2.107643455431929,7.821138106376855e-05,4.464861724073325e-05,-1.9507529781569557e-05,8.435923760229362e-07,5.9446982553024824e-34,-3.1850445678232116e-34,2.9723491276512412e-34
64.01800225028128,2.1125940742592824,7.782987331721016e-05,4.4348629075194005e-05,-1.936090949695068e-05,8.437454220316325e-07,5.931843515691939e-34,-3.1777713852061567e-34,2.9659217578459696e-34
64.16802100262532,2.1175446930866357,7.745154991715137e-05,4.4051420326012564e-05,-1.921724410222752e-05,8.438984382744858e-07,5.919048673631821e-34,-3.170530862058618e-34,2.9595243368159103e-34
64.31803975496936,2.122495311913989,7.707636593549269e-05,4.375695143679626e-05,-1.9076485259160137e-05,8.440514256785784e-07,5.906313316484939e-34,-3.163322772970696e-34,2.9531566582424695e-34
64.46805850731342,2.127445930741343,7.670427719273407e-05,4.3465183533791604e-05,-1.8938585390032964e-05,8.442043851455717e-07,5.893637035277501e-34,-3.1561468946588156e-34,2.9468185176387505e-34
64.61807725965747,2.1323965495686967,7.633524024400764e-05,4.3176078412891734e-05,-1.8803497663762945e-05,8.44357317551943e-07,5.881019424658234e-34,-3.1490030059408523e-34,2.940509712329117e-34
64.76809601200151,2.1373471683960497,7.596921236540212e-05,4.288959852691923e-05,-1.867117598229939e-05,8.445102237492219e-07,5.868460082858083e-34,-3.1418908877115834e-34,2.9342300414290417e-34
64.91811476434555,2.142297787223403,7.560615154057378e-05,4.2605706973178705e-05,-1.8541574967309082e-05,8.446631045642212e-07,5.855958611650401e-34,-3.134810322918493e-34,2.9279793058252006e-34
65.06813351668958,2.1472484060507564,7.524601644762498e-05,4.232436748126236e-05,-1.8414649947129533e-05,8.448159607992676e-07,5.8435146163117325e-34,-3.1277610965379013e-34,2.9217573081558663e-34
65.21815226903362,2.1521990248781098,7.488876644625781e-05,4.204554440111464e-05,-1.8290356943996376e-05,8.44968793232428e-07,5.831127705583066e-34,-3.120742995551431e-34,2.915563852791533e-34
65.36817102137766,2.157149643705463,7.453436156519382e-05,4.17692026913474e-05,-1.8168652661536265e-05,8.451216026177331e-07,5.818797491631625e-34,-3.1137558089227924e-34,2.9093987458158127e-34
65.51818977372172,2.1621002625328165,7.418276248985202e-05,4.1495307907798774e-05,-1.8049494472518164e-05,8.452743896853998e-07,5.806523590013179e-34,-3.1067993275748913e-34,2.9032617950065896e-34
65.66820852606577,2.1670508813601703,7.383393055028002e-05,4.122382619233007e-05,-1.7932840406856787e-05,8.454271551420496e-07,5.794305619634818e-34,-3.099873344367246e-34,2.897152809817409e-34
65.81822727840981,2.1720015001875237,7.348782770933176e-05,4.095472426185531e-05,-1.7818649139862727e-05,8.455798996709237e-07,5.782143202718246e-34,-3.092977654073713e-34,2.891071601359123e-34
65.96824603075385,2.176952119014877,7.314441655108714e-05,4.068796939759806e-05,-1.770687998073339e-05,8.457326239320984e-07,5.770035964763547e-34,-3.0861120533605214e-34,2.8850179823817735e-34
66.11826478309789,2.1819027378422304,7.280366026950709e-05,4.0423529434570175e-05,-1.7597492861279696e-05,8.458853285626948e-07,5.757983534513433e-34,-3.0792763407646e-34,2.8789917672567167e-34
66.26828353544192,2.186853356669584,7.246552265732072e-05,4.0161372751268766e-05,-1.7490448324883816e-05,8.46038014177089e-07,5.745985543917964e-34,-3.0724703166722017e-34,2.872992771958982e-34
66.41830228778598,2.191803975496937,7.212996809514039e-05,3.9901468259587406e-05,-1.7385707515684667e-05,8.46190681367117e-07,5.734041628099709e-34,-3.065693783297815e-34,2.8670208140498546e-34
66.56832104013002,2.1967545943242905,7.179696154078969e-05,3.964378539492787e-05,-1.7283232167975688e-05,8.463433307022793e-07,5.722151425319386e-34,-3.0589465446633665e-34,2.861075712659693e-34
66.71833979247407,2.2017052131516444,7.146646851884873e-05,3.938829410651636e-05,-1.7182984595819964e-05,8.464959627299422e-07,5.710314576941943e-34,-3.0522284065776905e-34,2.8551572884709717e-34
66.86835854481811,2.2066558319789977,7.113845511041227e-05,3.913496484791921e-05,-1.7084927682877078e-05,8.466485779755372e-07,5.698530727403068e-34,-3.045539176616296e-34,2.849265363701534e-34
67.01837729716215,2.211606450806351,7.081288794305301e-05,3.888376856775191e-05,-1.6989024872435264e-05,8.468011769427574e-07,5.686799524176149e-34,-3.0388786641013774e-34,2.8433997620880744e-34
67.16839604950619,2.216557069633704,7.048973418098674e-05,3.863467670057744e-05,-1.689524015764454e-05,8.469537601137539e-07,5.67512061773966e-34,-3.03224668008212e-34,2.83756030886983e-34
67.31841480185022,2.2215076884610574,7.016896151543396e-05,3.838766115798931e-05,-1.6803538071946203e-05,8.471063279493258e-07,5.663493661544953e-34,-3.025643037315248e-34,2.8317468307724763e-34
67.46843355419428,2.226458307288411,6.98505381551742e-05,3.8142694319875345e-05,-1.6713883679694293e-05,8.472588808891131e-07,5.651918311984484e-34,-3.019067550245843e-34,2.825959155992242e-34
67.61845230653832,2.2314089261157646,6.953443281728855e-05,3.7899749025858296e-05,-1.6626242566964907e-05,8.474114193517824e-07,5.640394228360439e-34,-3.012520034988417e-34,2.8201971141802195e-34
67.76847105888237,2.2363595449431184,6.922061471808652e-05,3.7658798566909374e-05,-1.6540580832549583e-05,8.475639437352154e-07,5.6289210728537614e-34,-3.0060003093082287e-34,2.8144605364268807e-34
67.91848981122641,2.2413101637704718,6.890905356421623e-05,3.741981667713361e-05,-1.6456865079131077e-05,8.477164544166915e-07,5.617498510493585e-34,-2.999508192602856e-34,2.8087492552467924e-34
68.06850856357045,2.2462607825978247,6.859971954394404e-05,3.718277752571445e-05,-1.6375062404628718e-05,8.4786895175307e-07,5.606126209127038e-34,-2.9930435058840106e-34,2.803063104563519e-34
68.21852731591449,2.251211401425178,6.829258331860768e-05,3.694765570902101e-05,-1.629514039371654e-05,8.480214360809696e-07,5.594803839389454e-34,-2.986606071759581e-34,2.797401919694727e-34
68.36854606825852,2.2561620202525314,6.798761601423962e-05,3.671442624287471e-05,-1.621706710951086e-05,8.481739077169477e-07,5.583531074674955e-34,-2.98019571441593e-34,2.7917655373374774e-34
68.51856482060258,2.2611126390798852,6.768478921335463e-05,3.6483064554969954e-05,-1.614081108542243e-05,8.483263669576754e-07,5.572307591107404e-34,-2.9738122596004117e-34,2.786153795553702e-34
68.66858357294662,2.2660632579072386,6.738407494689924e-05,3.6253546477446445e-05,-1.6066341317168995e-05,8.484788140801112e-07,5.561133067511723e-34,-2.96745553460412e-34,2.7805665337558616e-34
68.81860232529067,2.271013876734592,6.708544568635822e-05,3.602584823960846e-05,-1.5993627254945268e-05,8.486312493416747e-07,5.550007185385586e-34,-2.9611253682448638e-34,2.775003592692793e-34
68.96862107763471,2.2759644955619454,6.678887433601568e-05,3.579994646078907e-05,-1.5922638795746498e-05,8.487836729804163e-07,5.538929628871464e-34,-2.954821590850366e-34,2.769464814435732e-34
69.11863982997875,2.2809151143892987,6.649433422536692e-05,3.557581814335536e-05,-1.5853346275842627e-05,8.489360852151839e-07,5.527900084729004e-34,-2.9485440342416745e-34,2.763950042364502e-34
69.26865858232279,2.285865733216652,6.620179910167814e-05,3.5353440665852155e-05,-1.5785720463399767e-05,8.490884862457924e-07,5.516918242307794e-34,-2.9422925317167965e-34,2.758459121153897e-34
69.41867733466682,2.2908163520440055,6.591124312269335e-05,3.5132791776283076e-05,-1.5719732551248174e-05,8.492408762531867e-07,5.5059837935204235e-34,-2.9360669180345396e-34,2.7529918967602117e-34
69.56869608701088,2.2957669708713593,6.562264084947797e-05,3.491384958552e-05,-1.5655354149786874e-05,8.493932553996055e-07,5.4950964328159236e-34,-2.929867029398562e-34,2.7475482164079618e-34
69.71871483935493,2.3007175896987127,6.533596723940082e-05,3.469659256084164e-05,-1.559255728002581e-05,8.495456238287423e-07,5.484255857153511e-34,-2.923692703441632e-34,2.7421279285767557e-34
69.86873359169897,2.305668208526066,6.505119763925297e-05,3.448099951960018e-05,-1.5531314366764707e-05,8.496979816659059e-07,5.4734617659766676e-34,-2.917543779210089e-34,2.7367308829883338e-34
70.01875234404301,2.3106188273534194,6.476830777849923e-05,3.4267049623011676e-05,-1.5471598231903822e-05,8.498503290181775e-07,5.462713861187543e-34,-2.911420097148497e-34,2.7313569305937714e-34
70.16877109638705,2.3155694461807728,6.448727376265929e-05,3.4054722370067785e-05,-1.541338208788404e-05,8.500026659745666e-07,5.45201184712167e-34,-2.9053214990845068e-34,2.726005923560835e-34
70.31878984873109,2.320520065008126,6.420807206681575e-05,3.3843997591565955e-05,-1.5356639531253367e-05,8.501549926061671e-07,5.441355430523012e-34,-2.8992478282138997e-34,2.720677715261506e-34
70.46880860107512,2.325470683835479,6.393067952924631e-05,3.363485544425539e-05,-1.5301344536356935e-05,8.50307308966309e-07,5.430744320519285e-34,-2.8931989290858336e-34,2.7153721602596423e-34
70.61882735341918,2.330421302662833,6.36550733451776e-05,3.3427276405096724e-05,-1.5247471449148378e-05,8.50459615090711e-07,5.420178228597615e-34,-2.8871746475882684e-34,2.7100891142988076e-34
70.76884610576323,2.3353719214901867,6.338123106065804e-05,3.322124126563282e-05,-1.5194994981119677e-05,8.506119109976288e-07,5.409656868580481e-34,-2.881174830933579e-34,2.7048284342902403e-34
70.91886485810727,2.34032254031754,6.310913056654931e-05,3.301673112646987e-05,-1.5143890203349004e-05,8.507641966880054e-07,5.399179956601961e-34,-2.875199327644353e-34,2.6995899783009803e-34
71.06888361045131,2.3452731591448934,6.283875009262905e-05,3.281372739186266e-05,-1.50941325406595e-05,8.509164721456165e-07,5.38874721108425e-34,-2.8692479875393645e-34,2.694373605542125e-34
71.21890236279535,2.350223777972247,6.257006820180384e-05,3.26122117644025e-05,-1.5045697765887866e-05,8.510687373372164e-07,5.378358352714495e-34,-2.863320661719727e-34,2.6891791763572476e-34
71.36892111513939,2.3551743967995997,6.230306378443355e-05,3.2412166239808954e-05,-1.4998561994263596e-05,8.512209922126809e-07,5.3680131044218855e-34,-2.857417202555221e-34,2.6840065522109427e-34
71.51893986748344,2.3601250156269535,6.20377160527625e-05,3.221357310182112e-05,-1.4952701677894826e-05,8.51373236705151e-07,5.357711191355035e-34,-2.851537463670795e-34,2.6788555956775175e-34
71.66895861982748,2.365075634454307,6.177400453545565e-05,3.201641491718672e-05,-1.4908093600358504e-05,8.515254707311728e-07,5.347452340859651e-34,-2.845681299933232e-34,2.6737261704298257e-34
71.81897737217153,2.3700262532816607,6.151190907223725e-05,3.182067453074654e-05,-1.4864714871392646e-05,8.516776941908369e-07,5.33723628245644e-34,-2.8398485674379826e-34,2.66861814122822e-34
71.96899612451557,2.374976872109014,6.125140980863005e-05,3.162633506061266e-05,-1.4822542921688582e-05,8.518299069679173e-07,5.327062747819324e-34,-2.8340391234961717e-34,2.663531373909662e-34
72.11901487685961,2.379927490936367,6.099248719079293e-05,3.1433379893438087e-05,-1.4781555497781139e-05,8.519821089300069e-07,5.3169314707538825e-34,-2.8282528266217534e-34,2.6584657353769412e-34
72.26903362920365,2.3848781097637204,6.0735121960454736e-05,3.124179267977602e-05,-1.4741730657034716e-05,8.521342999286543e-07,5.306842187176073e-34,-2.822489536518839e-34,2.6534210935880367e-34
72.41905238154769,2.3898287285910738,6.047929514994434e-05,3.105155732952849e-05,-1.470304676272476e-05,8.522864797994961e-07,5.296794635091212e-34,-2.816749114069171e-34,2.648397317545606e-34
72.56907113389174,2.3947793474184276,6.022498807731148e-05,3.086265800747953e-05,-1.4665482479209684e-05,8.524386483623908e-07,5.286788554573194e-34,-2.8110314213197617e-34,2.643394277286597e-34
72.71908988623578,2.399729966245781,5.9972182341536185e-05,3.0675079128910686e-05,-1.4629016767191005e-05,8.525908054215491e-07,5.276823687743973e-34,-2.8053363214706797e-34,2.6384118438719866e-34
72.86910863857983,2.4046805850731348,5.972085981782849e-05,3.048880535530041e-05,-1.4593628879063175e-05,8.527429507656645e-07,5.266899778753272e-34,-2.799663678862987e-34,2.633449889376636e-34
73.01912739092387,2.4096312039004877,5.947100265301556e-05,3.0303821590104636e-05,-1.4559298354350154e-05,8.528950841680417e-07,5.2570165737585625e-34,-2.794013358966827e-34,2.6285082868792813e-34
73.16914614326791,2.414581822727841,5.9222593261013296e-05,3.0120112974615875e-05,-1.4526005015226332e-05,8.530472053867243e-07,5.247173820905248e-34,-2.7883852283696575e-34,2.623586910452624e-34
73.31916489561195,2.4195324415551944,5.897561431838187e-05,2.993766488390005e-05,-1.4493728962120457e-05,8.531993141646212e-07,5.237371270307116e-34,-2.782779154764629e-34,2.618685635153558e-34
73.46918364795599,2.424483060382548,5.87300487599625e-05,2.9756462922808902e-05,-1.4462450569400706e-05,8.533514102296309e-07,5.227608674027001e-34,-2.7771950069391035e-34,2.6138043370135006e-34
73.61920240030004,2.4294336792099016,5.848587977459452e-05,2.957649292206683e-05,-1.4432150481139178e-05,8.535034932947658e-07,5.217885786057679e-34,-2.7716326547633153e-34,2.6089428930288397e-34
73.76922115264408,2.4343842980372545,5.8243090800910754e-05,2.9397740934430312e-05,-1.4402809606954355e-05,8.536555630582746e-07,5.208202362303002e-34,-2.7660919691791707e-34,2.604101181151501e-34
73.91923990498813,2.4393349168646083,5.8001665523210634e-05,2.9220193230919412e-05,-1.4374409117930976e-05,8.538076192037633e-07,5.1985581605592255e-34,-2.7605728221891804e-34,2.5992790802796128e-34
74.06925865733217,2.4442855356919617,5.7761587867408396e-05,2.904383629711885e-05,-1.434693044261397e-05,8.53959661400316e-07,5.188952940496599e-34,-2.755075086845534e-34,2.5944764702482994e-34
74.21927740967621,2.449236154519315,5.7522841997052263e-05,2.8868656829544976e-05,-1.4320355263073622e-05,8.541116893026138e-07,5.179386463641129e-34,-2.7495986372392957e-34,2.5896932318205645e-34
74.36929616202025,2.4541867733466685,5.7285412309417895e-05,2.8694641732081476e-05,-1.4294665511043708e-05,8.542637025510526e-07,5.169858493356584e-34,-2.7441433484897415e-34,2.584929246678292e-34
74.51931491436429,2.4591373921740214,5.7049283431672455e-05,2.8521778112480366e-05,-1.426984336413048e-05,8.544157007718595e-07,5.160368794826701e-34,-2.738709096733816e-34,2.5801843974133503e-34
74.66933366670834,2.464088011001375,5.6814440217108346e-05,2.8350053278927624e-05,-1.4245871242090166e-05,8.545676835772098e-07,5.150917135037597e-34,-2.733295759115725e-34,2.5754585675187984e-34
74.81935241905238,2.4690386298287286,5.658086774144488e-05,2.8179454736671518e-05,-1.4222731803174195e-05,8.547196505653395e-07,5.141503282760392e-34,-2.7279032137766484e-34,2.570751641380196e-34
74.96937117139643,2.4739892486560824,5.634855129919646e-05,2.8009970184712555e-05,-1.4200407940540653e-05,8.548716013206613e-07,5.13212700853403e-34,-2.7225313398445766e-34,2.566063504267015e-34
75.11938992374047,2.4789398674834358,5.6117476400106476e-05,2.7841587512554116e-05,-1.4178882778730282e-05,8.550235354138746e-07,5.1227880846483005e-34,-2.717180017424269e-34,2.5613940423241502e-34
75.26940867608451,2.483890486310789,5.588762876564471e-05,2.767429479701191e-05,-1.4158139670206282e-05,8.551754524020787e-07,5.113486285127056e-34,-2.7118491275873323e-34,2.556743142563528e-34
75.41942742842855,2.488841105138142,5.5658994325568776e-05,2.7508080299082408e-05,-1.413816219195696e-05,8.553273518288821e-07,5.1042213857116215e-34,-2.706538552362418e-34,2.5521106928558108e-34
75.56944618077259,2.4937917239654954,5.5431559214546995e-05,2.7342932460868122e-05,-1.4118934142159607e-05,8.554792332245124e-07,5.094993163844403e-34,-2.70124817472554e-34,2.5474965819222016e-34
75.71946493311664,2.4987423427928492,5.5205309768839076e-05,2.717883990255634e-05,-1.4100439536901727e-05,8.556310961059245e-07,5.085801398652677e-34,-2.6959778785904983e-34,2.5429006993263386e-34
75.8694836854607,2.503692961620203,5.498023252303757e-05,2.7015791419453848e-05,-1.4082662606962337e-05,8.557829399769074e-07,5.076645870932573e-34,-2.6907275487994256e-34,2.5383229354662863e-34
76.01950243780473,2.5086435804475564,5.4756314206867205e-05,2.685377597907506e-05,-1.4065587794650814e-05,8.559347643281913e-07,5.067526363133228e-34,-2.685497071113442e-34,2.533763181566614e-34
76.16952119014877,2.5135941992749093,5.4533541742041344e-05,2.6692782718282913e-05,-1.404919975070215e-05,8.560865686375524e-07,5.0584426593411414e-34,-2.6802863322034175e-34,2.5292213296705707e-34
76.31953994249281,2.5185448181022627,5.431190223917392e-05,2.6532800940480798e-05,-1.4033483331227422e-05,8.562383523699176e-07,5.0493945452646895e-34,-2.6750952196408484e-34,2.5246972726323448e-34
76.46955869483685,2.523495436929616,5.409138299474634e-05,2.6373820112855186e-05,-1.4018423594718418e-05,8.563901149774672e-07,5.040381808218829e-34,-2.6699236218888384e-34,2.5201909041094147e-34
76.6195774471809,2.52844605575697,5.387197148812771e-05,2.6215829863667377e-05,-1.4004005799105272e-05,8.565418558997388e-07,5.03140423710997e-34,-2.6647714282931872e-34,2.515702118554985e-34
76.76959619952494,2.5333966745843233,5.36536553786478e-05,2.6058819979593818e-05,-1.3990215398866261e-05,8.566935745637272e-07,5.022461622421021e-34,-2.659638529073582e-34,2.5112308112105104e-34
76.919614951869,2.538347293411677,5.3436422502721815e-05,2.59027804031141e-05,-1.397703804218887e-05,8.56845270383986e-07,5.013553756196602e-34,-2.6545248153148904e-34,2.506776878098301e-34
77.06963370421303,2.54329791223903,5.322026087102652e-05,2.5747701229946108e-05,-1.3964459568181637e-05,8.569969427627268e-07,5.004680432028437e-34,-2.6494301789585634e-34,2.5023402160142185e-34
77.21965245655707,2.5482485310663834,5.300515866572333e-05,2.5593572706524613e-05,-1.3952466004132622e-05,8.571485910899192e-07,4.995841445040887e-34,-2.6443545127941245e-34,2.4979207225204434e-34
77.36967120890111,2.5531991498937368,5.279110423773133e-05,2.544038522752549e-05,-1.394104356281703e-05,8.57300214743387e-07,4.987036591876673e-34,-2.6392977104507735e-34,2.4935182959383366e-34
77.51968996124515,2.55814976872109,5.257808610404791e-05,2.5288129333434003e-05,-1.3930178639852313e-05,8.574518130889068e-07,4.978265670682744e-34,-2.634259666389076e-34,2.489132835341372e-34
77.6697087135892,2.563100387548444,5.236609294511655e-05,2.513679570815608e-05,-1.391985781109942e-05,8.576033854803029e-07,4.969528481096304e-34,-2.629240275892756e-34,2.484764240548152e-34
77.81972746593324,2.568051006375797,5.21551136022403e-05,2.4986375176671744e-05,-1.3910067830109504e-05,8.577549312595437e-07,4.960824824231006e-34,-2.6242394350605816e-34,2.480412412115503e-34
77.9697462182773,2.5730016252031507,5.194513707504009e-05,2.4836858702729678e-05,-1.3900795625615046e-05,8.579064497568353e-07,4.9521545026632795e-34,-2.619257040798342e-34,2.4760772513316398e-34
78.11976497062133,2.577952244030504,5.173615251895767e-05,2.4688237386582574e-05,-1.3892028299064626e-05,8.580579402907165e-07,4.943517320418846e-34,-2.6142929908109207e-34,2.471758660209423e-34
78.26978372296537,2.5829028628578574,5.152814924280125e-05,2.4540502462761884e-05,-1.3883753122200514e-05,8.582094021681496e-07,4.934913082959346e-34,-2.609347183594457e-34,2.467456541479673e-34
78.41980247530941,2.587853481685211,5.132111670633441e-05,2.4393645297892034e-05,-1.3875957534678385e-05,8.583608346846146e-07,4.92634159716914e-34,-2.6044195184285996e-34,2.46317079858457e-34
78.56982122765345,2.592804100512564,5.1115044517907164e-05,2.4247657388543263e-05,-1.3868629141729025e-05,8.585122371241991e-07,4.917802671342247e-34,-2.599509895368851e-34,2.4589013356711236e-34
78.7198399799975,2.5977547193399175,5.0909922432126013e-05,2.4102530359120286e-05,-1.3861755711858378e-05,8.586636087596888e-07,4.909296115169429e-34,-2.594618215238992e-34,2.4546480575847144e-34
78.86985873234154,2.602705338167271,5.0705740347564704e-05,2.3958255959788246e-05,-1.385532517458788e-05,8.588149488526578e-07,4.900821739725424e-34,-2.5897443796236044e-34,2.450410869862712e-34
79.0198774846856,2.6076559569946247,5.050248830451473e-05,2.3814826064434856e-05,-1.3849325618233942e-05,8.589662566535567e-07,4.892379357456301e-34,-2.584888290860665e-34,2.4461896787281506e-34
79.16989623702963,2.612606575821978,5.0300156482774644e-05,2.3672232668668186e-05,-1.3843745287725604e-05,8.591175314018014e-07,4.883968782166988e-34,-2.5800498520342383e-34,2.441984391083494e-34
79.31991498937367,2.6175571946493315,5.0098735199476995e-05,2.3530467887848762e-05,-1.383857258245956e-05,8.592687723258601e-07,4.875589829008899e-34,-2.5752289669672398e-34,2.4377949145044494e-34
79.46993374171771,2.6225078134766844,4.9898214906952845e-05,2.338952395515599e-05,-1.3833796054191869e-05,8.594199786433398e-07,4.867242314467729e-34,-2.5704255402142892e-34,2.4336211572338647e-34
79.61995249406175,2.6274584323040377,4.969858619063239e-05,2.3249393219687636e-05,-1.3829404404965657e-05,8.595711495610719e-07,4.858926056351358e-34,-2.565639477054643e-34,2.429463028175679e-34
79.7699712464058,2.6324090511313916,4.9499839766981825e-05,2.3110068144592268e-05,-1.3825386485074173e-05,8.597222842751984e-07,4.850640873777906e-34,-2.560870683485205e-34,2.425320436888953e-34
79.91998999874984,2.637359669958745,4.930196648147529e-05,2.2971541305233748e-05,-1.3821731291058557e-05,8.598733819712554e-07,4.8423865871639126e-34,-2.5561190662136166e-34,2.4211932935819563e-34
80.0700087510939,2.6423102887860987,4.910495730660211e-05,2.2833805387387935e-05,-1.3818427963740442e-05,8.600244418242566e-07,4.834163018212633e-34,-2.551384532651427e-34,2.4170815091063165e-34
80.22002750343793,2.647260907613452,4.890880333990654e-05,2.2696853185468913e-05,-1.3815465786286307e-05,8.601754629987772e-07,4.825969989902488e-34,-2.5466669909073384e-34,2.412984994951244e-34
80.37004625578197,2.652211526440805,4.871349580206071e-05,2.256067760078565e-05,-1.3812834182304815e-05,8.603264446490354e-07,4.817807326475609e-34,-2.541966349780524e-34,2.4089036632378045e-34
80.52006500812601,2.6571621452681584,4.8519026034970906e-05,2.2425271639828825e-05,-1.3810522713976746e-05,8.604773859189741e-07,4.809674853426527e-34,-2.5372825187540263e-34,2.4048374267132636e-34
80.67008376047005,2.662112764095512,4.832538549991594e-05,2.229062841258691e-05,-1.3808521080216482e-05,8.606282859423424e-07,4.801572397490985e-34,-2.532615407988228e-34,2.4007861987454926e-34
80.8201025128141,2.6670633829228656,4.813256577571677e-05,2.215674113089065e-05,-1.3806819114864363e-05,8.607791438427756e-07,4.793499786634859e-34,-2.527964928314392e-34,2.3967498933174294e-34
80.97012126515816,2.6720140017502194,4.7940558556937334e-05,2.202360310678597e-05,-1.3805406784909474e-05,8.609299587338738e-07,4.785456850043201e-34,-2.5233309912282786e-34,2.3927284250216006e-34
81.1201400175022,2.6769646205775723,4.774935565211542e-05,2.1891207750934045e-05,-1.3804274188742293e-05,8.61080729719282e-07,4.777443418109411e-34,-2.518713508883831e-34,2.3887217090547056e-34
81.27015876984623,2.6819152394049257,4.7558948982023505e-05,2.1759548571038712e-05,-1.3803411554436492e-05,8.612314558927686e-07,4.769459322424517e-34,-2.5141123940869287e-34,2.3847296612122584e-34
81.42017752219027,2.686865858232279,4.736933057795896e-05,2.1628619170300375e-05,-1.3802809238059634e-05,8.613821363383019e-07,4.7615043957665675e-34,-2.509527560289215e-34,2.3807521978832838e-34
81.57019627453431,2.6918164770596325,4.718049258006353e-05,2.1498413245896537e-05,-1.3802457722012642e-05,8.615327701301278e-07,4.7535784720901425e-34,-2.5049589215819896e-34,2.3767892360450712e-34
81.72021502687836,2.6967670958869863,4.699242723566992e-05,2.1368924587486867e-05,-1.380234761339593e-05,8.616833563328464e-07,4.7456813865159745e-34,-2.5004063926901687e-34,2.3728406932579872e-34
81.8702337792224,2.7017177147143396,4.680512689767606e-05,2.1240147075743376e-05,-1.3802469642402503e-05,8.61833894001487e-07,4.737812975320682e-34,-2.495869888966318e-34,2.368906487660341e-34
82.02025253156646,2.706668333541693,4.6618584022946926e-05,2.1112074680905483e-05,-1.3802814660738302e-05,8.619843821815838e-07,4.72997307592661e-34,-2.4913493263847364e-34,2.364986537963305e-34
82.1702712839105,2.7116189523690464,4.6432791170743264e-05,2.0984701461359387e-05,-1.38033736400687e-05,8.621348199092504e-07,4.72216152689178e-34,-2.4868446215356238e-34,2.36108076344589e-34
82.32029003625453,2.7165695711963997,4.624774100117635e-05,2.085802156224107e-05,-1.3804137670490686e-05,8.622852062112539e-07,4.714378167899944e-34,-2.4823556916192985e-34,2.357189083949972e-34
82.47030878859857,2.721520190023753,4.606342627368876e-05,2.0732029214062597e-05,-1.3805097959030414e-05,8.624355401050877e-07,4.70662283975075e-34,-2.4778824544404805e-34,2.353311419875375e-34
82.62032754094261,2.7264708088511065,4.5879839845560215e-05,2.0606718731361264e-05,-1.3806245828165414e-05,8.625858205990451e-07,4.698895384350009e-34,-2.4734248284026475e-34,2.3494476921750043e-34
82.77034629328666,2.73142142767846,4.569697467043857e-05,2.0482084511371278e-05,-1.380757271437123e-05,8.627360466922912e-07,4.691195644700055e-34,-2.4689827325024377e-34,2.3455978223500276e-34
82.9203650456307,2.7363720465058132,4.551482379689509e-05,2.0358121032717323e-05,-1.3809070166691975e-05,8.628862173749335e-07,4.683523464890219e-34,-2.464556086324126e-34,2.3417617324451095e-34
83.07038379797476,2.741322665333167,4.5333380367004245e-05,2.023482285413027e-05,-1.3810729845334849e-05,8.630363316280952e-07,4.675878690087404e-34,-2.460144810034149e-34,2.337939345043702e-34
83.2204025503188,2.7462732841605204,4.515263761494665e-05,2.01121846131836e-05,-1.381254352028715e-05,8.631863884239834e-07,4.668261166526748e-34,-2.4557488243757026e-34,2.334130583263374e-34
83.37042130266283,2.751223902987874,4.497258886563432e-05,1.9990201025050108e-05,-1.3814503069955363e-05,8.633363867259609e-07,4.660670741502391e-34,-2.451368050663385e-34,2.3303353707511954e-34
83.52044005500687,2.7561745218152267,4.4793227533359656e-05,1.9868866881279705e-05,-1.381660047982707e-05,8.634863254886147e-07,4.653107263358342e-34,-2.4470024107779077e-34,2.326553631679171e-34
83.67045880735091,2.76112514064258,4.461454712046653e-05,1.9748177048597162e-05,-1.3818827841154841e-05,8.636362036578253e-07,4.645570581479434e-34,-2.442651827160857e-34,2.322785290739717e-34
83.82047755969496,2.766075759469934,4.443654121604354e-05,1.962812646771971e-05,-1.3821177349661326e-05,8.637860201708348e-07,4.638060546282381e-34,-2.4383162228095175e-34,2.3190302731411903e-34
83.970496312039,2.7710263782972873,4.425920349463874e-05,1.9508710152193913e-05,-1.3823641304265639e-05,8.639357739563148e-07,4.630577009206921e-34,-2.43399552127175e-34,2.3152885046034603e-34
84.12051506438304,2.7759769971246406,4.408252771499559e-05,1.9389923187251512e-05,-1.3826212105830366e-05,8.640854639344348e-07,4.623119822707058e-34,-2.4296896466409157e-34,2.311559911353529e-34
84.2705338167271,2.7809276159519944,4.3906507718809916e-05,1.927176072868404e-05,-1.3828882255928872e-05,8.64235089016927e-07,4.615688840242381e-34,-2.4253985235508693e-34,2.3078444201211905e-34
84.42055256907113,2.7858782347793474,4.3731137429507273e-05,1.9154218001735753e-05,-1.3831644355632677e-05,8.64384648107155e-07,4.608283916269504e-34,-2.421122077171002e-34,2.304141958134752e-34
84.57057132141517,2.7908288536067007,4.355641085104086e-05,1.9037290300014832e-05,-1.3834491104318848e-05,8.645341401001786e-07,4.600904906233553e-34,-2.416860233201324e-34,2.3004524531167766e-34
84.72059007375923,2.7957794724340546,4.338232206670895e-05,1.892097298442202e-05,-1.3837415298496222e-05,8.646835638828183e-07,4.5935516665597654e-34,-2.4126129178676195e-34,2.2967758332798827e-34
84.87060882610326,2.800730091261408,4.32088652379912e-05,1.880526148209614e-05,-1.3840409830650122e-05,8.648329183337219e-07,4.586224054645182e-34,-2.4083800579166397e-34,2.293112027322591e-34
85.0206275784473,2.8056807100887613,4.303603460340451e-05,1.869015128537696e-05,-1.3843467688106114e-05,8.64982202323428e-07,4.5789219288504055e-34,-2.404161580611351e-34,2.2894609644252027e-34
85.17064633079136,2.810631328916115,4.286382447737778e-05,1.8575637950784875e-05,-1.3846581951912125e-05,8.651314147144305e-07,4.5716451484914565e-34,-2.3999574137262356e-34,2.2858225742457283e-34
85.3206650831354,2.815581947743468,4.269222924914535e-05,1.8461717098017256e-05,-1.3849745795738445e-05,8.652805543612415e-07,4.564393573831709e-34,-2.395767485542642e-34,2.2821967869158543e-34
85.47068383547943,2.8205325665708214,4.252124338165822e-05,1.83483844089605e-05,-1.3852952484795567e-05,8.654296201104551e-07,4.557167066073901e-34,-2.3915917248441806e-34,2.2785835330369506e-34
85.62070258782347,2.825483185398175,4.2350861410513584e-05,1.8235635626718378e-05,-1.3856195374769198e-05,8.655786108008099e-07,4.549965487352253e-34,-2.387430060912169e-34,2.2749827436761265e-34
85.77072134016753,2.8304338042255286,4.2181077942901734e-05,1.81234665546557e-05,-1.3859467910772488e-05,8.657275252632504e-07,4.542788700724626e-34,-2.383282423521134e-34,2.271394350362313e-34
85.92074009251156,2.835384423052882,4.201188765657024e-05,1.8011873055457414e-05,-1.386276362631492e-05,8.658763623209903e-07,4.535636570164799e-34,-2.3791487429343487e-34,2.2678182850823997e-34
86.0707588448556,2.840335041880235,4.184328529880563e-05,1.7900851050202944e-05,-1.386607614228805e-05,8.660251207895726e-07,4.528508960554799e-34,-2.375028949899423e-34,2.2642544802773994e-34
86.22077759719966,2.8452856607075887,4.167526568543137e-05,1.7790396517455145e-05,-1.3869399165967362e-05,8.66173799476931e-07,4.521405737677316e-34,-2.3709229756439397e-34,2.260702868838658e-34
86.3707963495437,2.850236279534942,4.150782369982198e-05,1.7680505492363364e-05,-1.3872726490029197e-05,8.663223971834507e-07,4.514326768208208e-34,-2.366830751871141e-34,2.257163384104104e-34
86.52081510188773,2.8551868983622954,4.134095429193338e-05,1.7571174065780813e-05,-1.3876051991584031e-05,8.664709127020281e-07,4.5072719197090595e-34,-2.3627522107556475e-34,2.2536359598545298e-34
86.67083385423177,2.860137517189649,4.1174652477349496e-05,1.746239838339633e-05,-1.3879369631225012e-05,8.66619344818131e-07,4.500241060619828e-34,-2.3586872849392366e-34,2.250120530309914e-34
86.82085260657583,2.865088136017002,4.100891333634446e-05,1.7354174644879664e-05,-1.3882673452091707e-05,8.667676923098575e-07,4.493234060251568e-34,-2.354635907526657e-34,2.246617030125784e-34
86.97087135891987,2.8700387548443556,4.084373201296012e-05,1.7246499103040395e-05,-1.3885957578948694e-05,8.669159539479952e-07,4.4862507887792185e-34,-2.350598012081489e-34,2.2431253943896092e-34
87.1208901112639,2.874989373671709,4.067910371409874e-05,1.7139368063e-05,-1.3889216217278833e-05,8.6706412849608e-07,4.479291117234471e-34,-2.3465735326220456e-34,2.2396455586172355e-34
87.27090886360796,2.8799399924990627,4.051502370863063e-05,1.7032777881377116e-05,-1.3892443652390853e-05,8.672122147104543e-07,4.472354917498702e-34,-2.342562403617321e-34,2.236177458749351e-34
87.420927615952,2.884890611326416,4.035148732651648e-05,1.6926724965485545e-05,-1.3895634248541131e-05,8.673602113403243e-07,4.4654420622959895e-34,-2.338564559982976e-34,2.2327210311479948e-34
87.57094636829603,2.8898412301537695,4.018848995794423e-05,1.6821205772544983e-05,-1.3898782448069596e-05,8.675081171278189e-07,4.458552425186178e-34,-2.3345799370773695e-34,2.229276212593089e-34
87.72096512064009,2.894791848981123,4.00260270524802e-05,1.671621680890422e-05,-1.3901882770549354e-05,8.676559308080452e-07,4.451685880558037e-34,-2.330608470697628e-34,2.2258429402790186e-34
87.87098387298413,2.899742467808476,3.98640941182337e-05,1.6611754629275965e-05,-1.3904929811949031e-05,8.678036511091457e-07,4.444842303622461e-34,-2.3266500970757587e-34,2.2224211518112304e-34
88.02100262532817,2.9046930866358296,3.970268672103539e-05,1.650781583598373e-05,-1.3907918243808742e-05,8.679512767523565e-07,4.438021570405773e-34,-2.322704752874799e-34,2.2190107852028866e-34
88.1710213776722,2.909643705463183,3.954180048362952e-05,1.6404397078220735e-05,-1.3910842812429226e-05,8.680988064520612e-07,4.431223557743058e-34,-2.318772375185007e-34,2.215611778871529e-34
88.32104013001626,2.9145943242905368,3.9381431084879444e-05,1.6301495051320187e-05,-1.3913698338073665e-05,8.682462389158483e-07,4.424448143271587e-34,-2.314852901520094e-34,2.2122240716357934e-34
88.4710588823603,2.9195449431178897,3.922157425898621e-05,1.6199106496037065e-05,-1.3916479714182152e-05,8.68393572844566e-07,4.417695205424293e-34,-2.310946269813497e-34,2.2088476027121465e-34
88.62107763470433,2.924495561945243,3.906222579471999e-05,1.6097228197840783e-05,-1.3919181906598578e-05,8.685408069323773e-07,4.41096462342332e-34,-2.3070524184146767e-34,2.20548231171166e-34
88.77109638704839,2.929446180772597,3.890338153466442e-05,1.5995856986219143e-05,-1.3921799952809654e-05,8.686879398668161e-07,4.404256277273635e-34,-2.303171286085472e-34,2.2021281386368176e-34
88.92111513939243,2.9343967995999503,3.874503737447324e-05,1.589498973399274e-05,-1.3924328961195999e-05,8.688349703288405e-07,4.3975700477567e-34,-2.299302811996481e-34,2.19878502387835e-34
89.07113389173647,2.9393474184273036,3.858718926213943e-05,1.5794623356640237e-05,-1.3926764110295082e-05,8.689818969928875e-07,4.390905816424199e-34,-2.295446935723477e-34,2.1954529082120993e-34
89.2211526440805,2.944298037254657,3.842983319727677e-05,1.5694754811634114e-05,-1.392910064807604e-05,8.691287185269281e-07,4.384263465591851e-34,-2.2916035972438705e-34,2.1921317327959254e-34
89.37117139642456,2.9492486560820104,3.82729652304125e-05,1.5595381097786072e-05,-1.3931333891225153e-05,8.692754335925197e-07,4.377642878333257e-34,-2.2877727369331968e-34,2.1888214391666283e-34
89.5211901487686,2.9541992749093637,3.811658146229218e-05,1.5496499254602732e-05,-1.3933459224442914e-05,8.694220408448604e-07,4.3710439384738225e-34,-2.283954295561647e-34,2.1855219692369112e-34
89.67120890111264,2.959149893736717,3.796067804319594e-05,1.53981063616512e-05,-1.3935472099752301e-05,8.695685389328424e-07,4.364466530584737e-34,-2.280148214290633e-34,2.1822332652923686e-34
89.82122765345669,2.964100512564071,3.7805251172266526e-05,1.5300199537934443e-05,-1.3937368035817807e-05,8.697149264991046e-07,4.357910539977009e-34,-2.2763544346693825e-34,2.1789552699885044e-34
89.97124640580073,2.9690511313914243,3.765029709684833e-05,1.5202775941276172e-05,-1.3939142617275353e-05,8.698612021800858e-07,4.351375852695569e-34,-2.272572898631576e-34,2.1756879263477844e-34
90.12126515814477,2.974001750218777,3.7495812111837515e-05,1.5105832767715038e-05,-1.3940791494072667e-05,8.700073646060769e-07,4.344862355513413e-34,-2.268803548492012e-34,2.1724311777567063e-34
90.27128391048882,2.978952369046131,3.734179255904305e-05,1.5009367250908097e-05,-1.3942310380820119e-05,8.701534124012743e-07,4.338369935925823e-34,-2.2650463269433043e-34,2.1691849679629116e-34
90.42130266283286,2.9839029878734844,3.718823482655864e-05,1.4913376661543346e-05,-1.3943695056151687e-05,8.7029934418383e-07,4.331898482144631e-34,-2.2613011770526245e-34,2.1659492410723155e-34
90.5713214151769,2.9888536067008378,3.7035135348145025e-05,1.4817858306761194e-05,-1.3944941362096246e-05,8.704451585659057e-07,4.325447883092542e-34,-2.257568042258464e-34,2.162723941546271e-34
90.72134016752094,2.993804225528191,3.688249060262322e-05,1.4722809529584877e-05,-1.3946045203458816e-05,8.705908541537236e-07,4.319018028397519e-34,-2.253846866367434e-34,2.1595090141987596e-34
90.87135891986499,2.998754844355545,3.673029711327728e-05,1.4628227708359012e-05,-1.3947002547211178e-05,8.707364295476175e-07,4.312608808387204e-34,-2.2501375935510967e-34,2.156304404193602e-34
91.02137767220903,3.003705463182898,3.6578551447267333e-05,1.4534110256196693e-05,-1.3947809421892105e-05,8.708818833420848e-07,4.30622011408342e-34,-2.246440168342833e-34,2.15311005704171e-34
91.17139642455307,3.0086560820102513,3.6427250215052855e-05,1.444045462043507e-05,-1.3948461917017334e-05,8.710272141258374e-07,4.299851837196705e-34,-2.2427545356347327e-34,2.1499259185983524e-34
91.32141517689712,3.013606700837605,3.627639006982563e-05,1.4347258282099055e-05,-1.3948956182498786e-05,8.711724204818526e-07,4.2935038701209035e-34,-2.239080640674526e-34,2.1467519350604517e-34
91.47143392924116,3.0185573196649584,3.612596770695255e-05,1.4254518755373118e-05,-1.3949288428073029e-05,8.713175009874244e-07,4.287176105927825e-34,-2.235418429062537e-34,2.1435880529639127e-34
91.6214526815852,3.023507938492312,3.597597986342785e-05,1.4162233587080946e-05,-1.3949454922738773e-05,8.714624542142137e-07,4.280868438361928e-34,-2.231767846748671e-34,2.140434219180964e-34
91.77147143392924,3.0284585573196647,3.582642331733482e-05,1.407040035617288e-05,-1.3949451994203324e-05,8.716072787282992e-07,4.274580761835082e-34,-2.2281288400294365e-34,2.137290380917541e-34
91.92149018627329,3.0334091761470185,3.567729488731683e-05,1.397901667322101e-05,-1.3949276028337809e-05,8.717519730902274e-07,4.268312971421361e-34,-2.2245013555449864e-34,2.1341564857106803e-34
92.07150893861733,3.038359794974372,3.552859143205761e-05,1.3888080179921853e-05,-1.3948923468641054e-05,8.71896535855063e-07,4.262064962851894e-34,-2.220885340276201e-34,2.131032481425947e-34
92.22152769096137,3.0433104138017253,3.538030984977059e-05,1.3797588548606518e-05,-1.3948390815712379e-05,8.720409655724391e-07,4.25583663250977e-34,-2.217280741541789e-34,2.127918316254885e-34
92.37154644330542,3.048261032629079,3.523244707769691e-05,1.3707539481757828e-05,-1.3947674626732196e-05,8.721852607866075e-07,4.249627877424987e-34,-2.213687506995425e-34,2.1248139387124933e-34
92.52156519564946,3.0532116514564325,3.5085000091612184e-05,1.361793071153459e-05,-1.394677151495098e-05,8.723294200364883e-07,4.243438595269447e-34,-2.2101055846229115e-34,2.1217192976347236e-34
92.6715839479935,3.0581622702837854,3.493796590534198e-05,1.3528759999303001e-05,-1.3945678149186633e-05,8.7247344185572e-07,4.237268684352008e-34,-2.20653492273937e-34,2.118634342176004e-34
92.82160270033755,3.063112889111139,3.479134157028598e-05,1.3440025135174964e-05,-1.3944391253329813e-05,8.726173247727092e-07,4.231118043613566e-34,-2.2029754699864614e-34,2.115559021806783e-34
92.97162145268159,3.0680635079384926,3.464512417495061e-05,1.3351723937553277e-05,-1.394290760585726e-05,8.727610673106793e-07,4.224986572622213e-34,-2.1994271753296285e-34,2.1124932863111064e-34
93.12164020502563,3.073014126765846,3.449931084448979e-05,1.3263854252683367e-05,-1.3941224039352956e-05,8.729046679877222e-07,4.218874171568411e-34,-2.1958899880553738e-34,2.1094370857842053e-34
93.27165895736967,3.0779647455931993,3.435389874025411e-05,1.317641395421167e-05,-1.393933744003697e-05,8.730481253168459e-07,4.212780741260235e-34,-2.192363857768558e-34,2.1063903706301176e-34
93.42167770971372,3.0829153644205527,3.420888505934798e-05,1.3089400942750498e-05,-1.3937244747301965e-05,8.731914378060252e-07,4.206706183118646e-34,-2.188848734389728e-34,2.103353091559323e-34
93.57169646205776,3.087865983247906,3.4064267034194905e-05,1.3002813145449224e-05,-1.3934942953257166e-05,8.733346039582507e-07,4.200650399172821e-34,-2.185344568152469e-34,2.1003251995864105e-34
93.7217152144018,3.0928166020752594,3.392004193211074e-05,1.2916648515571903e-05,-1.3932429102280067e-05,8.734776222715779e-07,4.194613292055518e-34,-2.1818513096007827e-34,2.097306646027759e-34
93.87173396674585,3.0977672209026132,3.377620705488448e-05,1.283090503208078e-05,-1.392970029057493e-05,8.736204912391772e-07,4.188594764998493e-34,-2.178368909586498e-34,2.0942973824992466e-34
94.02175271908989,3.1027178397299666,3.363275973836672e-05,1.274558069922575e-05,-1.3926753665738593e-05,8.737632093493835e-07,4.182594721827961e-34,-2.1748973192666954e-34,2.0912973609139805e-34
94.17177147143393,3.10766845855732,3.3489697352065664e-05,1.2660673546139897e-05,-1.3923586426333436e-05,8.739057750857448e-07,4.176613066960089e-34,-2.171436490101165e-34,2.0883065334800444e-34
94.32179022377797,3.112619077384673,3.3347017298750924e-05,1.2576181626440944e-05,-1.3920195821467428e-05,8.740481869270727e-07,4.170649705396548e-34,-2.1679863738498853e-34,2.085324852698274e-34
94.47180897612202,3.1175696962120267,3.320471701406446e-05,1.2492103017838356e-05,-1.3916579150381058e-05,8.741904433474905e-07,4.164704542720094e-34,-2.1645469225705314e-34,2.082352271360047e-34
94.62182772846606,3.12252031503938,3.3062793966139073e-05,1.2408435821746226e-05,-1.391273376204112e-05,8.743325428164837e-07,4.158777485090199e-34,-2.161118088616004e-34,2.0793887425450993e-34
94.7718464808101,3.1274709338667335,3.292124565522386e-05,1.2325178162901563e-05,-1.3908657054741182e-05,8.744744837989491e-07,4.152868439238725e-34,-2.157699824631979e-34,2.0764342196193624e-34
94.92186523315415,3.1324215526940873,3.278006961331704e-05,1.2242328188988183e-05,-1.3904346475708798e-05,8.746162647552454e-07,4.146977312465632e-34,-2.1542920835544895e-34,2.073488656232816e-34
95.07188398549819,3.13737217152144,3.263926340380566e-05,1.2159884070265962e-05,-1.3899799520719185e-05,8.747578841412406e-07,4.141104012634732e-34,-2.1508948186075245e-34,2.070552006317366e-34
95.22190273784223,3.1423227903487936,3.2498824621112516e-05,1.2077843999205441e-05,-1.3895013733715672e-05,8.748993404083642e-07,4.135248448169481e-34,-2.147507983300653e-34,2.0676242240847407e-34
95.37192149018628,3.1472734091761474,3.235875089034972e-05,1.1996206190127575e-05,-1.3889986706436174e-05,8.750406320036553e-07,4.129410528048813e-34,-2.14413153142667e-34,2.0647052640244065e-34
95.52194024253032,3.1522240280035008,3.221903986697894e-05,1.1914968878848426e-05,-1.3884716078046015e-05,8.75181757369813e-07,4.123590161803017e-34,-2.140765417059272e-34,2.0617950809015086e-34
95.67195899487436,3.157174646830854,3.207968923647836e-05,1.183413032232896e-05,-1.3879199534776973e-05,8.753227149452468e-07,4.117787259509643e-34,-2.137409594550742e-34,2.0588936297548215e-34
95.8219777472184,3.162125265658207,3.194069671401653e-05,1.1753688798329948e-05,-1.3873434809572657e-05,8.754635031641261e-07,4.11200173178946e-34,-2.13406401852967e-34,2.05600086589473e-34
95.97199649956245,3.167075884485561,3.1802060044132594e-05,1.1673642605071614e-05,-1.3867419681739832e-05,8.756041204564311e-07,4.106233489802437e-34,-2.1307286438986846e-34,2.0531167449012184e-34
96.12201525190649,3.1720265033129142,3.1663777000423046e-05,1.159399006089818e-05,-1.3861151976605815e-05,8.757445652480023e-07,4.1004824452437824e-34,-2.127403425832219e-34,2.0502412226218912e-34
96.27203400425053,3.1769771221402676,3.1525845385234886e-05,1.1514729503947015e-05,-1.3854629565181796e-05,8.75884835960592e-07,4.094748510340005e-34,-2.1240883197742844e-34,2.0473742551700023e-34
96.42205275659458,3.1819277409676214,3.138826302936512e-05,1.1435859291822516e-05,-1.3847850363832025e-05,8.760249310119145e-07,4.08903159784501e-34,-2.1207832814362765e-34,2.044515798922505e-34
96.57207150893862,3.186878359794975,3.125102779176657e-05,1.1357377801274538e-05,-1.3840812333948742e-05,8.761648488156975e-07,4.08333162103626e-34,-2.117488266794796e-34,2.04166581051813e-34
96.72209026128266,3.1918289786223277,3.1114137559259875e-05,1.1279283427881355e-05,-1.3833513481633047e-05,8.763045877817321e-07,4.077648493710925e-34,-2.1142032320894928e-34,2.0388242468554627e-34
96.8721090136267,3.196779597449681,3.0977590246251654e-05,1.1201574585737064e-05,-1.3825951857381254e-05,8.764441463159248e-07,4.07198213018212e-34,-2.1109281338209315e-34,2.03599106509106e-34
97.02212776597075,3.201730216277035,3.084138379445838e-05,1.1124249707143008e-05,-1.3818125555776561e-05,8.765835228203496e-07,4.066332445275143e-34,-2.1076629287484742e-34,2.0331662226375717e-34
97.17214651831479,3.2066808351043883,3.070551617263653e-05,1.1047307242303755e-05,-1.3810032715186559e-05,8.767227156932988e-07,4.060699354323767e-34,-2.1044075738881877e-34,2.0303496771618837e-34
97.32216527065883,3.2116314539317417,3.056998537631856e-05,1.0970745659027166e-05,-1.380167151746608e-05,8.768617233293353e-07,4.055082773166556e-34,-2.101162026510769e-34,2.027541386583278e-34
97.47218402300288,3.2165820727590955,3.043478942755476e-05,1.0894563442428683e-05,-1.379304018766546e-05,8.770005441193444e-07,4.049482618143222e-34,-2.0979262441394858e-34,2.024741309071611e-34
97.62220277534692,3.2215326915864484,3.0299926374661035e-05,1.0818759094639669e-05,-1.3784136993744174e-05,8.771391764505874e-07,4.043898806091023e-34,-2.0947001845481495e-34,2.0219494030455116e-34
97.77222152769096,3.2264833104138018,3.0165394291972187e-05,1.0743331134519682e-05,-1.3774960246289695e-05,8.772776187067535e-07,4.03833125434118e-34,-2.091483805759093e-34,2.01916562717059e-34
97.92224028003501,3.2314339292411556,3.0031191279601077e-05,1.0668278097372786e-05,-1.3765508298241592e-05,8.774158692680129e-07,4.032779880715345e-34,-2.088277066041174e-34,2.0163899403576725e-34
98.07225903237905,3.236384548068509,2.9897315463203284e-05,1.059359853466767e-05,-1.3755779544620762e-05,8.775539265110703e-07,4.027244603522091e-34,-2.0850799239078023e-34,2.0136223017610454e-34
98.22227778472309,3.2413351668958623,2.9763764993747506e-05,1.0519291013761681e-05,-1.3745772422263864e-05,8.776917888092189e-07,4.021725341553435e-34,-2.0818923381149757e-34,2.0108626707767175e-34
98.37229653706713,3.2462857857232152,2.963053804729133e-05,1.0445354117628584e-05,-1.3735485409562781e-05,8.778294545323944e-07,4.0162220140814135e-34,-2.0787142676593427e-34,2.0081110070407068e-34
98.52231528941118,3.251236404550569,2.9497632824762267e-05,1.0371786444589752e-05,-1.372491702620874e-05,8.779669220472289e-07,4.010734540854656e-34,-2.0755456717762786e-34,2.005367270427328e-34
98.67233404175522,3.2561870233779224,2.9365047551744332e-05,1.0298586608049233e-05,-1.3714065832941613e-05,8.781041897171061e-07,4.005262842095034e-34,-2.0723865099379863e-34,2.002631421047517e-34
98.82235279409926,3.261137642205276,2.923278047826985e-05,1.0225753236232177e-05,-1.3702930431304004e-05,8.782412559022165e-07,3.999806838494299e-34,-2.069236741851605e-34,1.9999034192471494e-34
98.97237154644331,3.2660882610326296,2.9100829878616743e-05,1.015328497192704e-05,-1.3691509463400245e-05,8.783781189596125e-07,3.99436645121079e-34,-2.0660963274573467e-34,1.997183225605395e-34
99.12239029878735,3.2710388798599825,2.8969194051110914e-05,1.0081180472231056e-05,-1.3679801611660116e-05,8.785147772432649e-07,3.98894160186615e-34,-2.062965226926646e-34,1.994470800933075e-34
99.27240905113139,3.275989498687336,2.883787131793376e-05,1.0009438408299157e-05,-1.3667805598607274e-05,8.78651229104119e-07,3.98353221254208e-34,-2.059843400660324e-34,1.99176610627104e-34
99.42242780347543,3.2809401175146893,2.8706860024934948e-05,9.938057465096257e-06,-1.3655520186632386e-05,8.787874728901514e-07,3.978138205777125e-34,-2.0567308092867786e-34,1.9890691028885626e-34
99.57244655581948,3.285890736342043,2.857615854145015e-05,9.86703634115278e-06,-1.3642944177770796e-05,8.789235069464271e-07,3.972759504563497e-34,-2.053627413660181e-34,1.9863797522817485e-34
99.72246530816352,3.2908413551693965,2.8445765260123986e-05,9.796373748323576e-06,-1.3630076413485004e-05,8.790593296151581e-07,3.9673960323439195e-34,-2.0505331748587e-34,1.9836980161719598e-34
99.87248406050756,3.29579197399675,2.8315678596737812e-05,9.7260684115499e-06,-1.3616915774451459e-05,8.791949392357602e-07,3.962047713008504e-34,-2.0474480541827344e-34,1.981023856504252e-34
100.02250281285161,3.300742592824103,2.8185896990037404e-05,9.656119068620247e-06,-1.3603461180346932e-05,8.793303341449138e-07,3.956714470891664e-34,-2.044372013153164e-34,1.978357235445832e-34
100.17252156519565,3.3056932116514566,2.805641890159549e-05,9.586524469959759e-06,-1.3589711589668764e-05,8.794655126766206e-07,3.9513962307690475e-34,-2.0413050135096235e-34,1.9756981153845238e-34
100.32254031753969,3.31064383047881,2.7927242815602252e-05,9.517283378357259e-06,-1.357566599948386e-05,8.796004731622659e-07,3.946092917854521e-34,-2.0382470172087827e-34,1.9730464589272605e-34
100.47255906988374,3.3155944493061638,2.7798367238762028e-05,9.448394568781573e-06,-1.3561323445281847e-05,8.797352139306775e-07,3.9408044577971494e-34,-2.035197986422649e-34,1.9704022288985747e-34
100.62257782222778,3.320545068133517,2.7669790700130258e-05,9.379856828145877e-06,-1.3546683000769001e-05,8.798697333081868e-07,3.9355307766782355e-34,-2.0321578835368877e-34,1.9677653883391178e-34
100.77259657457182,3.32549568696087,2.7541511750966388e-05,9.311668955084583e-06,-1.3531743777677616e-05,8.800040296186907e-07,3.930271801008377e-34,-2.02912667114915e-34,1.9651359005041886e-34
100.92261532691586,3.3304463057882234,2.7413528964595155e-05,9.243829759736136e-06,-1.3516504925583069e-05,8.801381011837134e-07,3.92502745772455e-34,-2.026104312067424e-34,1.962513728862275e-34
101.07263407925991,3.3353969246155772,2.7285840936272474e-05,9.176338063528663e-06,-1.3500965631725167e-05,8.802719463224697e-07,3.919797674187226e-34,-2.0230907693084e-34,1.959898837093613e-34
101.22265283160395,3.3403475434429306,2.7158446283055958e-05,9.109192698968373e-06,-1.3485125120833557e-05,8.80405563351928e-07,3.9145823781775155e-34,-2.020086006095848e-34,1.9572911890887578e-34
101.37267158394799,3.345298162270284,2.703134364367985e-05,9.042392509430634e-06,-1.3468982654957239e-05,8.805389505868744e-07,3.909381497894338e-34,-2.017089985859012e-34,1.954690748947169e-34
101.52269033629204,3.350248781097638,2.690453167843448e-05,8.9759363489537e-06,-1.3452537533298064e-05,8.806721063399769e-07,3.904194961951624e-34,-2.0141026722310208e-34,1.952097480975812e-34
101.67270908863608,3.3551993999249907,2.6778009069050226e-05,8.909823082035106e-06,-1.343578909204824e-05,8.808050289218522e-07,3.899022699375547e-34,-2.011124029047313e-34,1.9495113496877735e-34
101.82272784098012,3.360150018752344,2.6651774518586283e-05,8.844051583431027e-06,-1.3418736704232328e-05,8.809377166411307e-07,3.893864639601765e-34,-2.008154020344072e-34,1.9469323198008827e-34
101.97274659332416,3.3651006375796975,2.652582675132834e-05,8.778620737962174e-06,-1.3401379779557675e-05,8.810701678045241e-07,3.888720712472725e-34,-2.005192610356685e-34,1.9443603562363624e-34
102.12276534566821,3.3700512564070513,2.640016451268296e-05,8.713529440315461e-06,-1.3383717764260994e-05,8.812023807168924e-07,3.883590848234953e-34,-2.0022397635182074e-34,1.9417954241174764e-34
102.27278409801225,3.3750018752344046,2.6274786569075582e-05,8.648776594847739e-06,-1.3365750140958266e-05,8.813343536813128e-07,3.878474977536406e-34,-1.9992954444578488e-34,1.939237488768203e-34
102.42280285035629,3.3799524940617576,2.614969170785599e-05,8.584361115394543e-06,-1.3347476428501522e-05,8.814660849991485e-07,3.873373031423824e-34,-1.996359617999465e-34,1.936686515711912e-34
102.57282160270034,3.3849031128891114,2.602487873720784e-05,8.520281925081258e-06,-1.3328896181839306e-05,8.815975729701195e-07,3.868284941340132e-34,-1.9934322491600692e-34,1.934142470670066e-34
102.72284035504438,3.3898537317164648,2.5900346486062507e-05,8.456537956136658e-06,-1.3310008991880953e-05,8.817288158923725e-07,3.863210639121854e-34,-1.990513303148362e-34,1.931605319560927e-34
102.87285910738842,3.394804350543818,2.5776093804016833e-05,8.393128149708641e-06,-1.3290814485364397e-05,8.818598120625534e-07,3.858150056996551e-34,-1.987602745363262e-34,1.9290750284982757e-34
103.02287785973247,3.399754969371172,2.5652119561255046e-05,8.330051455682268e-06,-1.3271312324727628e-05,8.81990559775879e-07,3.8531031275803e-34,-1.984700541392462e-34,1.92655156379015e-34
103.17289661207651,3.4047055881985253,2.5528422648474717e-05,8.267306832500069e-06,-1.3251502207983752e-05,8.821210573262115e-07,3.8480697838751805e-34,-1.9818066570109934e-34,1.9240348919375902e-34
103.32291536442055,3.4096562070258782,2.5405001976817322e-05,8.204893246985057e-06,-1.3231383868600278e-05,8.822513030061323e-07,3.8430499592668087e-34,-1.9789210581798025e-34,1.9215249796334043e-34
103.47293411676459,3.4146068258532316,2.528185647780705e-05,8.14280967416981e-06,-1.321095707538626e-05,8.823812951070171e-07,3.8380435875218704e-34,-1.976043711044346e-34,1.9190217937609352e-34
103.62295286910864,3.4195574446805854,2.515898510328542e-05,8.081055097120425e-06,-1.3190221632374685e-05,8.825110319191127e-07,3.833050602785703e-34,-1.9731745819331907e-34,1.9165253013928515e-34
103.77297162145268,3.424508063507939,2.503638682535023e-05,8.01962850676299e-06,-1.316917737870865e-05,8.82640511731614e-07,3.8280709395798932e-34,-1.9703136373566374e-34,1.9140354697899466e-34
103.92299037379672,3.429458682335292,2.4914060636300884e-05,7.95852890171436e-06,-1.3147824188533602e-05,8.827697328327419e-07,3.823104532799896e-34,-1.9674608440053446e-34,1.911552266399948e-34
104.07300912614078,3.4344093011626455,2.4792005548587532e-05,7.897755288115017e-06,-1.3126161970892891e-05,8.828986935098233e-07,3.818151317712684e-34,-1.9646161687489768e-34,1.909075658856342e-34
104.22302787848481,3.439359919989999,2.467022059476399e-05,7.837306679463854e-06,-1.3104190669626647e-05,8.830273920493706e-07,3.813211229954424e-34,-1.9617795786348576e-34,1.906605614977212e-34
104.37304663082885,3.4443105388173523,2.4548704827444204e-05,7.777182096454938e-06,-1.3081910263273812e-05,8.831558267371635e-07,3.8082842055281697e-34,-1.958951040886639e-34,1.9041421027640849e-34
104.52306538317289,3.4492611576447056,2.4427457319262525e-05,7.717380566816171e-06,-1.3059320764977417e-05,8.832839958583312e-07,3.8033701808015854e-34,-1.9561305229029805e-34,1.9016850904007927e-34
104.67308413551694,3.4542117764720595,2.430647716283737e-05,7.657901125149807e-06,-1.3036422222392962e-05,8.834118976974362e-07,3.7984690925046924e-34,-1.9533179922562435e-34,1.8992345462523462e-34
104.82310288786098,3.459162395299413,2.418576347073961e-05,7.598742812775752e-06,-1.3013214717600908e-05,8.835395305385584e-07,3.7935808777276424e-34,-1.950513416691196e-34,1.8967904388638212e-34
104.97312164020502,3.4641130141267658,2.4065315375468244e-05,7.5399046775802975e-06,-1.2989698367026427e-05,8.836668926653818e-07,3.788705473918506e-34,-1.947716764123726e-34,1.894352736959253e-34
105.12314039254908,3.4690636329541196,2.3945132029421184e-05,7.481385773858934e-06,-1.2965873321353285e-05,8.837939823612802e-07,3.7838428188810932e-34,-1.944928002639575e-34,1.8919214094405466e-34
105.27315914489311,3.474014251781473,2.382521260487069e-05,7.423185162162092e-06,-1.294173976544201e-05,8.839207979094069e-07,3.7789928507728026e-34,-1.9421471004930743e-34,1.8894964253864013e-34
105.42317789723715,3.4789648706088263,2.3705556293944433e-05,7.365301909144651e-06,-1.2917297918253311e-05,8.840473375927824e-07,3.7741555081024738e-34,-1.9393740261059004e-34,1.8870777540512369e-34
105.5731966495812,3.48391548943618,2.3586162308609926e-05,7.307735087417146e-06,-1.2892548032774419e-05,8.841735996943862e-07,3.769330729728288e-34,-1.9366087480658347e-34,1.884665364864144e-34
105.72321540192524,3.488866108263533,2.3467029880662178e-05,7.250483775398694e-06,-1.2867490395948192e-05,8.842995824972483e-07,3.7645184548556773e-34,-1.9338512351255417e-34,1.8822592274278387e-34
105.87323415426928,3.4938167270908864,2.3348158261714647e-05,7.1935470571715485e-06,-1.2842125328605033e-05,8.84425284284542e-07,3.7597186230352555e-34,-1.9311014562013537e-34,1.8798593115176278e-34
106.02325290661332,3.49876734591824,2.3229546723193235e-05,7.136924022337248e-06,-1.2816453185397494e-05,8.845507033396789e-07,3.754931174160785e-34,-1.9283593803720674e-34,1.8774655870803924e-34
106.17327165895738,3.5037179647455936,2.3111194556333557e-05,7.0806137658744254e-06,-1.2790474354737537e-05,8.846758379464042e-07,3.750156048467149e-34,-1.9256249768777539e-34,1.8750780242335744e-34
106.32329041130141,3.508668583572947,2.299310107218243e-05,7.024615387999272e-06,-1.2764189258737732e-05,8.848006863888938e-07,3.745393186528368e-34,-1.9228982151185786e-34,1.872696593264184e-34
106.47330916364545,3.5136192024003,2.287526560160605e-05,6.96892799403118e-06,-1.2737598353159103e-05,8.849252469518535e-07,3.740642529255615e-34,-1.9201790646536285e-34,1.8703212646278075e-34
106.6233279159895,3.5185698212276537,2.2757687495292272e-05,6.9135506942513835e-06,-1.2710702127351738e-05,8.850495179206175e-07,3.735904017895271e-34,-1.917467495199756e-34,1.8679520089476355e-34
106.77334666833355,3.523520440055007,2.2640366123757878e-05,6.858482603765098e-06,-1.2683501104200188e-05,8.851734975812511e-07,3.731177594026998e-34,-1.9147634766304314e-34,1.865588797013499e-34
106.92336542067758,3.5284710588823605,2.252330087736057e-05,6.803722842366902e-06,-1.2655995840073264e-05,8.852971842206524e-07,3.7264631995618284e-34,-1.9120669789746027e-34,1.8632315997809142e-34
107.07338417302162,3.533421677709714,2.2406491166313857e-05,6.749270534407623e-06,-1.2628186924776234e-05,8.854205761266574e-07,3.7217607767402896e-34,-1.9093779724155695e-34,1.8608803883701448e-34
107.22340292536568,3.5383722965370676,2.228993642070469e-05,6.6951248086626464e-06,-1.2600074981505249e-05,8.85543671588145e-07,3.717070268130536e-34,-1.9066964272898674e-34,1.858535134065268e-34
107.37342167770971,3.5433229153644206,2.217363609051373e-05,6.641284798201599e-06,-1.2571660666804027e-05,8.85666468895144e-07,3.7123916166265108e-34,-1.90402231408616e-34,1.8561958083132554e-34
107.52344043005375,3.548273534191774,2.2057589645638318e-05,6.587749640259476e-06,-1.2542944670522679e-05,8.857889663389424e-07,3.707724765446125e-34,-1.9013556034441436e-34,1.8538623827230624e-34
107.6734591823978,3.5532241530191278,2.1941796575917836e-05,6.534518476109011e-06,-1.2513927715778576e-05,8.859111622121977e-07,3.703069658129473e-34,-1.8986962661534592e-34,1.8515348290647366e-34
107.82347793474185,3.558174771846481,2.1826256391163397e-05,6.481590450936097e-06,-1.2484610558921066e-05,8.86033054809048e-07,3.6984262385370433e-34,-1.89604427315262e-34,1.8492131192685216e-34
107.97349668708588,3.5631253906738345,2.1710968621193155e-05,6.428964713719758e-06,-1.2454993989501864e-05,8.861546424252262e-07,3.693794450847978e-34,-1.8933995955279418e-34,1.846897225423989e-34
108.12351543942994,3.5680760095011883,2.1595932815860548e-05,6.376640417104189e-06,-1.2425078830236865e-05,8.862759233581746e-07,3.689174239558331e-34,-1.8907622045124878e-34,1.8445871197791655e-34
108.27353419177398,3.5730266283285412,2.148114854508775e-05,6.324616717274846e-06,-1.2394865936972986e-05,8.863968959071615e-07,3.6845655494793646e-34,-1.8881320714850224e-34,1.8422827747396823e-34
108.42355294411801,3.5779772471558946,2.136661539890298e-05,6.2728927738374255e-06,-1.2364356198658516e-05,8.86517558373401e-07,3.679968325735858e-34,-1.8855091679689728e-34,1.839984162867929e-34
108.57357169646205,3.582927865983248,2.1252332987480077e-05,6.2214677496981e-06,-1.2333550537315265e-05,8.866379090601708e-07,3.675382513764441e-34,-1.8828934656314028e-34,1.8376912568822206e-34
108.7235904488061,3.587878484810602,2.113830094118006e-05,6.170340810944992e-06,-1.2302449908012221e-05,8.867579462729356e-07,3.6708080593119416e-34,-1.8802849362819941e-34,1.8354040296559708e-34
108.87360920115015,3.592829103637955,2.1024518910594826e-05,6.1195111267308475e-06,-1.2271055298840793e-05,8.868776683194696e-07,3.666244908433763e-34,-1.877683551872038e-34,1.8331224542168814e-34
109.02362795349418,3.597779722465308,2.091098656659265e-05,6.0689778691568696e-06,-1.2239367730891486e-05,8.869970735099831e-07,3.6616930074922776e-34,-1.875089284493436e-34,1.8308465037461388e-34
109.17364670583824,3.602730341292662,2.0797703600365654e-05,6.018740213157779e-06,-1.2207388258231956e-05,8.871161601572482e-07,3.6571523031552432e-34,-1.8725021063777088e-34,1.8285761515776216e-34
109.32366545818228,3.6076809601200153,2.0684669723481012e-05,5.968797336390001e-06,-1.2175117967888572e-05,8.872349265767283e-07,3.652622742394234e-34,-1.8699219898950175e-34,1.826311371197117e-34
109.47368421052632,3.6126315789473686,2.0571884667936804e-05,5.9191484191241405e-06,-1.2142557979832618e-05,8.873533710867087e-07,3.6481042724830975e-34,-1.8673489075531895e-34,1.8240521362415487e-34
109.62370296287035,3.617582197774722,2.0459348186209447e-05,5.869792644128282e-06,-1.2109709446956221e-05,8.874714920084289e-07,3.6435968409964335e-34,-1.8647828319967555e-34,1.8217984204982168e-34
109.7737217152144,3.6225328166020754,2.034706005130629e-05,5.820729196556117e-06,-1.2076573555053421e-05,8.875892876662174e-07,3.639100395808089e-34,-1.8622237360059965e-34,1.8195501979040444e-34
109.92374046755845,3.6274834354294287,2.023502005682115e-05,5.771957263837629e-06,-1.2043151522803807e-05,8.877067563876275e-07,3.6346148850896667e-34,-1.8596715924959984e-34,1.8173074425448333e-34
110.07375921990248,3.632434054256782,2.0123228016991146e-05,5.723476035570837e-06,-1.2009444601757026e-05,8.878238965035758e-07,3.6301402573090727e-34,-1.857126374515715e-34,1.8150701286545364e-34
110.22377797224654,3.637384673084136,2.0011683766754878e-05,5.675284703414675e-06,-1.1975454076318026e-05,8.879407063484816e-07,3.6256764612290603e-34,-1.8545880552470394e-34,1.8128382306145302e-34
110.37379672459058,3.6423352919114893,1.990038716181172e-05,5.627382460982869e-06,-1.1941181263732952e-05,8.880571842604098e-07,3.621223445905818e-34,-1.8520566080038876e-34,1.810611722952909e-34
110.52381547693462,3.6472859107388427,1.9789338078682142e-05,5.5797685037388475e-06,-1.190662751407559e-05,8.881733285812149e-07,3.6167811606875528e-34,-1.8495320062312831e-34,1.8083905803437764e-34
110.67383422927865,3.6522365295661956,1.967853641476906e-05,5.532442028891711e-06,-1.1871794210234232e-05,8.882891376566858e-07,3.61234955521311e-34,-1.8470142235044573e-34,1.806174777606555e-34
110.82385298162271,3.6571871483935494,1.9567982088422512e-05,5.485402235295871e-06,-1.1836682767901858e-05,8.884046098366949e-07,3.6079285794106065e-34,-1.844503233527956e-34,1.8039642897053033e-34
110.97387173396675,3.662137767220903,1.9457675039007578e-05,5.438648323354307e-06,-1.1801294635569271e-05,8.885197434753475e-07,3.603518183496082e-34,-1.8419990101347514e-34,1.801759091748041e-34
111.12389048631078,3.667088386048256,1.9347615226962148e-05,5.392179494911532e-06,-1.1765631294506142e-05,8.886345369311339e-07,3.5991183179721757e-34,-1.8395015272853658e-34,1.7995591589860878e-34
111.27390923865484,3.67203900487561,1.923780263385983e-05,5.345994953152262e-06,-1.1729694258747126e-05,8.887489885670836e-07,3.594728933626809e-34,-1.837010759067002e-34,1.7973644668134045e-34
111.42392799099888,3.676989623702963,1.912823726247455e-05,5.300093902502365e-06,-1.1693485075079408e-05,8.888630967509211e-07,3.5903499815319055e-34,-1.8345266796926805e-34,1.7951749907659527e-34
111.57394674334292,3.6819402425303163,1.9018919136845366e-05,5.2544755485307424e-06,-1.1657005323029917e-05,8.889768598552244e-07,3.585981413042112e-34,-1.8320492635003889e-34,1.792990706521056e-34
111.72396549568697,3.68689086135767,1.8909848302341578e-05,5.209139097852215e-06,-1.1620256614852286e-05,8.890902762575852e-07,3.5816231797935487e-34,-1.8295784849522332e-34,1.7908115898967743e-34
111.87398424803101,3.6918414801850234,1.880102482572787e-05,5.164083758031304e-06,-1.158324059551326e-05,8.892033443407712e-07,3.577275233702579e-34,-1.8271143186336021e-34,1.7886376168512895e-34
112.02400300037505,3.696792099012377,1.8692448795229336e-05,5.119308737486961e-06,-1.1545958942678548e-05,8.893160624928903e-07,3.5729375269645867e-34,-1.8246567392523361e-34,1.7864687634822934e-34
112.17402175271909,3.70174271783973,1.8584120320596484e-05,5.07481324539826e-06,-1.1508413366697919e-05,8.89428429107558e-07,3.5686100120527848e-34,-1.8222057216379057e-34,1.7843050060263924e-34
112.32404050506314,3.7066933366670836,1.8476039533172882e-05,5.030596491614453e-06,-1.1470605610593189e-05,8.895404425840653e-07,3.5642926417170318e-34,-1.8197612407405965e-34,1.7821463208585159e-34
112.47405925740718,3.711643955494437,1.8368206585964153e-05,4.986657686567742e-06,-1.1432537450047056e-05,8.896521013275503e-07,3.5599853689826737e-34,-1.8173232716307023e-34,1.7799926844913369e-34
112.62407800975122,3.7165945743217903,1.8260621653695095e-05,4.9429960411748e-06,-1.1394210693377732e-05,8.897634037491708e-07,3.5556881471494017e-34,-1.8148917894977257e-34,1.7778440735747008e-34
112.77409676209527,3.721545193149144,1.815328493287146e-05,4.89961076674491e-06,-1.1355627181518489e-05,8.898743482662801e-07,3.5514009297901225e-34,-1.8124667696495841e-34,1.7757004648950612e-34
112.92411551443931,3.7264958119764975,1.8046196641841986e-05,4.856501074890162e-06,-1.1316788787996996e-05,8.899849333026036e-07,3.5471236707498562e-34,-1.8100481875118303e-34,1.7735618353749281e-34
113.07413426678335,3.7314464308038504,1.793935702085928e-05,4.813666177436524e-06,-1.1277697418913096e-05,8.900951572884193e-07,3.5428563241446427e-34,-1.8076360186268678e-34,1.7714281620723213e-34
113.22415301912739,3.736397049631204,1.7832766332139742e-05,4.771105286335828e-06,-1.1238355012914809e-05,8.902050186607397e-07,3.5385988443604702e-34,-1.8052302386531861e-34,1.7692994221802351e-34
113.37417177147144,3.7413476684585576,1.7726424859921966e-05,4.728817613578607e-06,-1.1198763541172497e-05,8.903145158634948e-07,3.5343511860522187e-34,-1.8028308233645958e-34,1.7671755930261093e-34
113.52419052381548,3.746298287285911,1.7620332910523917e-05,4.686802371107817e-06,-1.1158925007350907e-05,8.904236473477195e-07,3.530113304142626e-34,-1.8004377486494727e-34,1.765056652071313e-34
113.67420927615952,3.7512489061132643,1.7514490812398257e-05,4.645058770733435e-06,-1.1118841447579077e-05,8.90532411571741e-07,3.525885153821257e-34,-1.7980509905100084e-34,1.7629425769106284e-34
113.82422802850357,3.756199524940618,1.7408898916190036e-05,4.6035860240524885e-06,-1.1078514930422598e-05,8.906408070013707e-07,3.5216666905435094e-34,-1.7956705250614703e-34,1.7608333452717547e-34
113.97424678084761,3.761150143767971,1.7303557594792723e-05,4.562383342370399e-06,-1.103794755685378e-05,8.907488321100959e-07,3.5174578700296213e-34,-1.7932963285314654e-34,1.7587289350148107e-34
114.12426553319165,3.7661007625953244,1.719846724339089e-05,4.521449936610409e-06,-1.0997141460205613e-05,8.908564853792754e-07,3.513258648263699e-34,-1.7909283772592116e-34,1.7566293241318494e-34
114.2742842855357,3.7710513814226783,1.7093628279506563e-05,4.480785017230603e-06,-1.0956098806129988e-05,8.909637652983369e-07,3.509068981492763e-34,-1.7885666476948188e-34,1.7545344907463815e-34
114.42430303787974,3.7760020002500316,1.698904114304414e-05,4.440387794142811e-06,-1.0914821792553899e-05,8.910706703649765e-07,3.50488882622581e-34,-1.7862111163985723e-34,1.752444413112905e-34
114.57432179022378,3.780952619077385,1.6884706296332516e-05,4.400257476632371e-06,-1.0873312649632392e-05,8.9117719908536e-07,3.500718139232891e-34,-1.7838617600402267e-34,1.7503590696164455e-34
114.72434054256782,3.785903237904738,1.678062422416453e-05,4.36039327327876e-06,-1.08315736396981e-05,8.912833499743273e-07,3.496556877544201e-34,-1.7815185553983034e-34,1.7482784387721006e-34
114.87435929491187,3.7908538567320917,1.6676795433833378e-05,4.320794391877075e-06,-1.078960705720711e-05,8.913891215555984e-07,3.4924049984491904e-34,-1.7791814793593966e-34,1.7462024992245952e-34
115.02437804725591,3.795804475559445,1.6573220455165847e-05,4.281460039360394e-06,-1.074741522868103e-05,8.914945123619815e-07,3.488262459495688e-34,-1.7768505089174872e-34,1.744131229747844e-34
115.17439679959995,3.8007550943867985,1.646989984055217e-05,4.242389421723013e-06,-1.0705000512645073e-05,8.915995209355835e-07,3.4841292184890443e-34,-1.7745256211732577e-34,1.7420646092445222e-34
115.324415551944,3.8057057132141523,1.6366834164977234e-05,4.203581743950376e-06,-1.0662365299567909e-05,8.917041458280232e-07,3.4800052334912826e-34,-1.7722067933334203e-34,1.7400026167456413e-34
115.47443430428804,3.8106563320415057,1.6264024026046847e-05,4.165036209948484e-06,-1.061951201179563e-05,8.918083856006444e-07,3.4758904628202665e-34,-1.7698940027100471e-34,1.7379452314101332e-34
115.62445305663208,3.8156069508688586,1.6161470043998902e-05,4.126752022461129e-06,-1.0576443103467587e-05,8.919122388247347e-07,3.47178486504889e-34,-1.7675872267199075e-34,1.735892432524445e-34
115.77447180897612,3.820557569696212,1.6059172861717043e-05,4.088728382995645e-06,-1.0533161060435414e-05,8.920157040817439e-07,3.4676883990042735e-34,-1.7652864428838124e-34,1.7338441995021368e-34
115.92449056132017,3.8255081885235658,1.595713314474071e-05,4.050964491750467e-06,-1.0489668400177946e-05,8.921187799635046e-07,3.46360102376698e-34,-1.7629916288259634e-34,1.73180051188349e-34
116.07450931366421,3.830458807350919,1.5855351581270637e-05,4.013459547543577e-06,-1.0445967671710879e-05,8.922214650724558e-07,3.459522698670239e-34,-1.7607027622733116e-34,1.7297613493351195e-34
116.22452806600825,3.8354094261782725,1.575382888216956e-05,3.976212747741791e-06,-1.0402061455490991e-05,8.923237580218677e-07,3.4554533832991867e-34,-1.7584198210549158e-34,1.7277266916495933e-34
116.3745468183523,3.840360045005626,1.5652565780957914e-05,3.939223288190986e-06,-1.0357952363314664e-05,8.924256574360702e-07,3.45139303749013e-34,-1.7561427831013148e-34,1.725696518745065e-34
116.52456557069634,3.8453106638329793,1.555156303380444e-05,3.902490363147192e-06,-1.031364303821054e-05,8.925271619506805e-07,3.447341621329804e-34,-1.7538716264438997e-34,1.723670810664902e-34
116.67458432304038,3.8502612826603326,1.5450821419511338e-05,3.86601316520875e-06,-1.0269136154326165e-05,8.926282702128358e-07,3.443299095154665e-34,-1.7516063292142946e-34,1.7216495475773325e-34
116.82460307538443,3.8552119014876864,1.535034173949962e-05,3.829790885256451e-06,-1.0224434416815499e-05,8.927289808814256e-07,3.4392654195501755e-34,-1.7493468696437422e-34,1.7196327097750877e-34
116.97462182772847,3.86016252031504,1.5250124817785573e-05,3.7938227123910427e-06,-1.0179540561716073e-05,8.928292926273269e-07,3.4352405553501196e-34,-1.7470932260624977e-34,1.7176202776750598e-34
117.12464058007251,3.865113139142393,1.5150171500940642e-05,3.758107833858612e-06,-1.0134457355806332e-05,8.929292041336419e-07,3.4312244636359187e-34,-1.7448453768992235e-34,1.7156122318179594e-34
117.27465933241655,3.870063757969746,1.5050482658052016e-05,3.7226454349855093e-06,-1.0089187596464604e-05,8.930287140959361e-07,3.42721710573597e-34,-1.742603300680396e-34,1.713608552867985e-34
117.4246780847606,3.8750143767971,1.4951059180677326e-05,3.687434699114965e-06,-1.0043734111521618e-05,8.931278212224787e-07,3.423218443224978e-34,-1.740366976029712e-34,1.711609221612489e-34
117.57469683710464,3.8799649956244533,1.4851901982792685e-05,3.652474807544673e-06,-9.998099759105561e-06,8.932265242344863e-07,3.4192284379233314e-34,-1.738136381667506e-34,1.7096142189616657e-34
117.72471558944868,3.8849156144518067,1.4753012000733561e-05,3.6177649394653102e-06,-9.952287427479345e-06,8.933248218663655e-07,3.415247051896452e-34,-1.7359114964101691e-34,1.707623525948226e-34
117.87473434179273,3.8898662332791605,1.4654390193128637e-05,3.583304271900036e-06,-9.906300034869973e-06,8.9342271286596e-07,3.411274247454184e-34,-1.733692299169575e-34,1.705637123727092e-34
118.02475309413677,3.8948168521065134,1.4556037540826136e-05,3.549091979645017e-06,-9.860140529289733e-06,8.935201959947974e-07,3.4073099871501867e-34,-1.7314787689525127e-34,1.7036549935750933e-34
118.17477184648081,3.8997674709338668,1.445795504681266e-05,3.5151272352111236e-06,-9.813811888349135e-06,8.936172700283378e-07,3.4033542337813223e-34,-1.7292708848601213e-34,1.7016771168906612e-34
118.32479059882485,3.90471808976122,1.4360143736130708e-05,3.4814092087752462e-06,-9.767317119069627e-06,8.937139337562254e-07,3.399406950387082e-34,-1.7270686260873342e-34,1.699703475193541e-34
118.4748093511689,3.909668708588574,1.426260465578304e-05,3.4479370681261785e-06,-9.720659257680993e-06,8.938101859825394e-07,3.3954681002489973e-34,-1.7248719719223261e-34,1.6977340501244987e-34
118.62482810351294,3.9146193274159273,1.4165338874619137e-05,3.4147099785992484e-06,-9.673841369397517e-06,8.939060255260484e-07,3.3915376468900777e-34,-1.7226809017459652e-34,1.6957688234450389e-34
118.77484685585698,3.9195699462432803,1.4068347483220266e-05,3.3817271030212198e-06,-9.626866548193928e-06,8.940014512204647e-07,3.3876155540742447e-34,-1.7204953950312725e-34,1.6938077770371223e-34
118.92486560820103,3.924520565070634,1.3971631593776296e-05,3.3489876016569035e-06,-9.579737916572379e-06,8.940964619146999e-07,3.3837017858057833e-34,-1.718315431342885e-34,1.6918508929028917e-34
119.07488436054507,3.9294711838979874,1.3875192339953475e-05,3.31649063215688e-06,-9.532458625319616e-06,8.941910564731231e-07,3.3797963063288066e-34,-1.7161409903365232e-34,1.6898981531644033e-34
119.22490311288911,3.934421802725341,1.3779030876752787e-05,3.2842353495062424e-06,-9.48503185325397e-06,8.942852337758185e-07,3.375899080126713e-34,-1.7139720517584655e-34,1.6879495400633565e-34
119.37492186523316,3.9393724215526946,1.368314838035892e-05,3.2522209059744833e-06,-9.437460806962107e-06,8.943789927188457e-07,3.3720100719216656e-34,-1.7118085954450275e-34,1.6860050359608328e-34
119.5249406175772,3.944323040380048,1.3587546047979428e-05,3.2204464510664952e-06,-9.389748720525192e-06,8.944723322144994e-07,3.368129246674076e-34,-1.7096506013220455e-34,1.684064623337038e-34
119.67495936992124,3.949273659207401,1.3492225097674206e-05,3.188911131475128e-06,-9.341898855234668e-06,8.945652511915715e-07,3.364256569582093e-34,-1.7074980494043631e-34,1.6821282847910465e-34
119.82497812226528,3.9542242780347543,1.3397186768182025e-05,3.1576140910448335e-06,-9.293914499306508e-06,8.946577485956131e-07,3.3603920060811e-34,-1.7053509197953275e-34,1.68019600304055e-34
119.97499687460933,3.959174896862108,1.330243231872947e-05,3.1265544707268577e-06,-9.245798967574904e-06,8.947498233891971e-07,3.3565355218432105e-34,-1.7032091926862868e-34,1.6782677609216052e-34
120.4750593824228,3.9756769596199524,1.2988650976671731e-05,3.0247260137338023e-06,-9.0845095731497e-06,8.950536741909066e-07,3.3437384885720613e-34,-1.6961088673384416e-34,1.6718692442860307e-34
121.04513064133016,3.9944893111638957,1.2634867976019946e-05,2.911806600553171e-06,-8.899068118104448e-06,8.95394276391217e-07,3.3292573255604774e-34,-1.688086528805628e-34,1.6646286627802387e-34
121.61520190023754,4.013301662707839,1.2285342969985049e-05,2.802212956051552e-06,-8.712135827725842e-06,8.957286641812302e-07,3.3148889253270302e-34,-1.6801399236148503e-34,1.6574444626635151e-34
122.1852731591449,4.032114014251782,1.1940156069045043e-05,2.6958961274427157e-06,-8.523908742188429e-06,8.960567913816244e-07,3.3006315394417076e-34,-1.6722680140418704e-34,1.6503157697208538e-34
122.75534441805226,4.050926365795725,1.1599390916241392e-05,2.5928064579471696e-06,-8.334587384761216e-06,8.963786160771649e-07,3.286483467586924e-34,-1.6644697794489651e-34,1.643241733793462e-34
123.32541567695962,4.069738717339668,1.1263134389255723e-05,2.4928935675455468e-06,-8.144376362454401e-06,8.966941008243254e-07,3.272443057203232e-34,-1.6567442159423647e-34,1.636221528601616e-34
123.89548693586698,4.088551068883611,1.0931476260619796e-05,2.3961063365906263e-06,-7.953483921852206e-06,8.970032128553374e-07,3.258508703131832e-34,-1.6490903360420415e-34,1.629254351565916e-34
124.46555819477435,4.1073634204275535,1.0604508817050732e-05,2.3023928956226102e-06,-7.76212146190946e-06,8.973059242770768e-07,3.2446788472482383e-34,-1.6415071683633608e-34,1.6223394236241191e-34
125.03562945368171,4.126175771971496,1.02823264358997e-05,2.211700619314175e-06,-7.570503001179404e-06,8.976022122630898e-07,3.2309519780812777e-34,-1.6339937573101095e-34,1.6154759890406388e-34
125.60570071258907,4.144988123515439,9.96502511938223e-06,2.1239761256594186e-06,-7.378844600422209e-06,8.97892059236961e-07,3.21732663041143e-34,-1.6265491627784152e-34,1.608663315205715e-34
126.17577197149643,4.163800475059382,9.652701987679908e-06,2.0391652813894645e-06,-7.187363742008745e-06,8.981754530451626e-07,3.2038013848425424e-34,-1.6191724598710684e-34,1.6019006924212712e-34
126.7458432304038,4.182612826603326,9.345454731196465e-06,1.9572132115716497e-06,-6.99627866589944e-06,8.984523871174534e-07,3.190374867340895e-34,-1.6118627386217734e-34,1.5951874336704474e-34
127.31591448931117,4.201425178147269,9.043381025777395e-06,1.878064316664208e-06,-6.805807667052035e-06,8.987228606128734e-07,3.177045748735717e-34,-1.604619103728839e-34,1.5885228743678586e-34
127.88598574821853,4.220237529691212,8.746577912393868e-06,1.8016622940097356e-06,-6.616168355035165e-06,8.989868785493681e-07,3.1638127441754677e-34,-1.597440674297825e-34,1.5819063720877338e-34
128.45605700712588,4.239049881235154,8.45514114633533e-06,1.7279501662459725e-06,-6.42757688182149e-06,8.992444519150973e-07,3.150674612534402e-34,-1.5903265835926802e-34,1.575337306267201e-34
129.02612826603325,4.257862232779098,8.169164520140439e-06,1.6568703156597474e-06,-6.240247141964234e-06,8.994955977595439e-07,3.137630155764424e-34,-1.5832759787948746e-34,1.568815077882212e-34
129.59619952494063,4.276674584323041,7.88873916582222e-06,1.5883645239754127e-06,-6.054389950805409e-06,8.997403392626155e-07,3.1246782181876123e-34,-1.576288020770069e-34,1.5623391090938062e-34
130.16627078384798,4.295486935866983,7.613952843246469e-06,1.522374019344745e-06,-5.870212208584233e-06,8.999787057800717e-07,3.1118176857254757e-34,-1.5693618838418406e-34,1.5559088428627378e-34
130.73634204275535,4.314299287410927,7.3448892212541806e-06,1.4588395278564295e-06,-5.6879160564490384e-06,9.002107328637532e-07,3.0990474850616263e-34,-1.5624967555720066e-34,1.5495237425308132e-34
131.3064133016627,4.333111638954869,7.081627159816063e-06,1.39770133197878e-06,-5.507698034078643e-06,9.004364622553029e-07,3.086366582735416e-34,-1.5556918365470862e-34,1.543183291367708e-34
131.87648456057008,4.351923990498813,6.82424000127011e-06,1.3388993337422965e-06,-5.329748246632845e-06,9.006559418522856e-07,3.073773984164863e-34,-1.5489463401704477e-34,1.5368869920824315e-34
132.44655581947742,4.370736342042755,6.572794879569154e-06,1.2823731232702586e-06,-5.154249550786564e-06,9.008692256458873e-07,3.0612687325982583e-34,-1.5422594924597106e-34,1.5306343662991291e-34
133.0166270783848,4.389548693586699,6.327352056231586e-06,1.2280620524427112e-06,-4.981376769207256e-06,9.010763736296642e-07,3.0488499079947484e-34,-1.5356305318489658e-34,1.5244249539973742e-34
133.58669833729215,4.408361045130641,6.087964292520655e-06,1.1759053122421174e-06,-4.811295942899771e-06,9.012774516791293e-07,3.0365166258353597e-34,-1.529058708995412e-34,1.5182583129176798e-34
134.15676959619952,4.4271733966745845,5.854676265854914e-06,1.1258420146882003e-06,-4.644163630882524e-06,9.014725314022993e-07,3.0242680358668837e-34,-1.5225432865900038e-34,1.5121340179334419e-34
134.7268408551069,4.445985748218528,5.627524039956556e-06,1.0778112774183053e-06,-4.480126266286465e-06,9.016616899616767e-07,3.0121033207822508e-34,-1.5160835391717424e-34,1.5060516603911254e-34
135.29691211401425,4.46479809976247,5.406534595734631e-06,1.0317523113021014e-06,-4.319319577190954e-06,9.018450098684911e-07,3.0000216948419754e-34,-1.5096787529452456e-34,1.5000108474209877e-34
135.86698337292162,4.483610451306414,5.191725430432507e-06,9.876045099042757e-07,-4.161868079906073e-06,9.020225787503803e-07,2.9880224024423165e-34,-1.5033282256012651e-34,1.4940112012211583e-34
136.43705463182897,4.502422802850356,4.983104231649443e-06,9.453075402190924e-07,-4.007884651752255e-06,9.021944890940266e-07,2.9761047166367377e-34,-1.4970312661398467e-34,1.4880523583183688e-34
137.00712589073635,4.5212351543943,4.7806686298981915e-06,9.048014340174764e-07,-3.857470188027534e-06,9.023608379645918e-07,2.9642679376180354e-34,-1.4907871946958372e-34,1.4821339688090177e-34
137.5771971496437,4.540047505938242,4.584406035636147e-06,8.660266790195281e-07,-3.710713348816128e-06,9.025217267040863e-07,2.95251139116932e-34,-1.484595342366491e-34,1.47625569558466e-34
138.14726840855107,4.558859857482186,4.394293560775696e-06,8.289243090830247e-07,-3.5676903969119157e-06,9.026772606110787e-07,2.940834427092525e-34,-1.4784550510409368e-34,1.4704172135462625e-34
138.71733966745842,4.577672209026128,4.210298027687838e-06,7.934359928215616e-07,-3.4284651296339045e-06,9.028275486043653e-07,2.929236417623659e-34,-1.4723656732313116e-34,1.4646182088118295e-34
139.2874109263658,4.5964845605700715,4.032376064220508e-06,7.595041198871536e-07,-3.293088903745472e-06,9.02972702873411e-07,2.9177167558441945e-34,-1.466326571905378e-34,1.4588583779220973e-34
139.85748218527317,4.615296912114015,3.86047428245176e-06,7.270718840087061e-07,-3.161600751535127e-06,9.031128385184989e-07,2.9062748540982178e-34,-1.4603371203204866e-34,1.4531374270491089e-34
140.42755344418052,4.634109263657957,3.694529539672919e-06,6.960833628004935e-07,-3.0340275864465007e-06,9.032480731836098e-07,2.8949101424248175e-34,-1.4543967018587596e-34,1.4474550712124087e-34
140.9976247030879,4.652921615201901,3.53446927424064e-06,6.664835927280353e-07,-2.910384491620942e-06,9.033785266850821e-07,2.8836220670150315e-34,-1.4485047098634108e-34,1.4418110335075158e-34
141.56769596199524,4.671733966745843,3.380211913671625e-06,6.382186399281646e-07,-2.7906750882617786e-06,9.035043206390833e-07,2.8724100887023103e-34,-1.4426605474761292e-34,1.4362050443511552e-34
142.13776722090262,4.690546318289787,3.23166734566729e-06,6.112356653688768e-07,-2.6748919750184884e-06,9.036255780908546e-07,2.8612736814949026e-34,-1.4368636274754912e-34,1.4306368407474513e-34
142.70783847980996,4.709358669833729,3.0887374459106925e-06,5.854829845367603e-07,-2.5630172319639025e-06,9.037424231485717e-07,2.850212331157994e-34,-1.431113372116378e-34,1.425106165578997e-34
143.27790973871734,4.728171021377673,2.951316654636215e-06,5.609101215183589e-07,-2.455022981087369e-06,9.038549806245119e-07,2.8392255338526265e-34,-1.4254092129704018e-34,1.4196127669263133e-34
143.8479809976247,4.746983372921615,2.8192925917497438e-06,5.374678563140492e-07,-2.3508719931292354e-06,9.0396337568602e-07,2.8283127948376576e-34,-1.419750590767365e-34,1.4141563974188288e-34
144.41805225653206,4.765795724465558,2.6925467043453553e-06,5.151082667596206e-07,-2.250518334080519e-06,9.04067733518545e-07,2.8174736272400625e-34,-1.4141369552377786e-34,1.4087368136200312e-34
144.98812351543944,4.784608076009501,2.5709549348787728e-06,4.937847632695832e-07,-2.153908039680954e-06,9.041681790027702e-07,2.806707550898015e-34,-1.4085677649565048e-34,1.4033537754490075e-34
145.5581947743468,4.803420427553444,2.4543884037604663e-06,4.734521178639451e-07,-2.0609798111018913e-06,9.042648364075893e-07,2.7960140912801297e-34,-1.4030424871875728e-34,1.3980070456400649e-34
146.12826603325416,4.822232779097388,2.342714096688343e-06,4.5406648673716997e-07,-1.971665721928686e-06,9.043578291004187e-07,2.7853927784834153e-34,-1.397560597730248e-34,1.3926963892417076e-34
146.6983372921615,4.84104513064133,2.2357955489062856e-06,4.3558542647017494e-07,-1.8858919282159322e-06,9.044472792760371e-07,2.774843146311418e-34,-1.3921215807664319e-34,1.387421573155709e-34
147.2684085510689,4.859857482185274,2.133493520280096e-06,4.1796790493735556e-07,-1.8035793750111277e-06,9.045333077048838e-07,2.764364731433255e-34,-1.3867249287094715e-34,1.3821823657166275e-34
147.83847980997623,4.878669833729216,2.035666652690267e-06,4.0117430571604855e-07,-1.7246444905311352e-06,9.046160335014604e-07,2.7539570726233033e-34,-1.3813701420544757e-34,1.3769785363116517e-34
148.4085510688836,4.89748218527316,1.9421721060615205e-06,3.8516642790435845e-07,-1.6489998637178706e-06,9.046955739132304e-07,2.7436197100805656e-34,-1.376056729230212e-34,1.3718098550402828e-34
148.97862232779096,4.916294536817102,1.8528661662351806e-06,3.6990748029086897e-07,-1.5765548980129784e-06,9.04772044130164e-07,2.733352184826052e-34,-1.3707842064526895e-34,1.366676092413026e-34
149.54869358669833,4.935106888361045,1.7676048215151521e-06,3.553620710211259e-07,-1.5072164376488895e-06,9.048455571148491e-07,2.723154038175817e-34,-1.3655520975804925e-34,1.3615770190879086e-34
150.1187648456057,4.953919239904988,1.6862443043676636e-06,3.4149619306509595e-07,-1.440889362483278e-06,9.049162234528876e-07,2.7130248112868413e-34,-1.3603599339719696e-34,1.3565124056434207e-34
150.68883610451306,4.972731591448931,1.6086415950619193e-06,3.2827720525130573e-07,-1.377477147702351e-06,9.049841512231148e-07,2.7029640447724098e-34,-1.3552072543443364e-34,1.3514820223862049e-34
151.25890736342043,4.991543942992875,1.5346548865347346e-06,3.1567381033595325e-07,-1.3168823872125835e-06,9.050494458870204e-07,2.6929712783833336e-34,-1.3500936046347765e-34,1.3464856391916668e-34
151.82897862232778,5.010356294536817,1.4641440081376639e-06,3.0365602927876823e-07,-1.259007277944137e-06,9.051122101966211e-07,2.683046050751047e-34,-1.3450185378636045e-34,1.3415230253755235e-34
152.39904988123516,5.029168646080761,1.396970808804559e-06,2.921951731461554e-07,-1.2037540651879904e-06,9.051725441199178e-07,2.673187899188398e-34,-1.3399816139995478e-34,1.336593949594199e-34
152.96912114014253,5.047980997624704,1.3329994991534944e-06,2.8126381240379593e-07,-1.1510254480790333e-06,9.052305447829924e-07,2.6633963595438574e-34,-1.3349823998272052e-34,1.3316981797719287e-34
153.53919239904988,5.0667933491686465,1.2720969532806622e-06,2.708357440650387e-07,-1.1007249456000789e-06,9.052863064277242e-07,2.653670966104753e-34,-1.3300204688167246e-34,1.3268354830523765e-34
154.10926365795723,5.0856057007125886,1.2141329715433892e-06,2.60885957413147e-07,-1.052757224083855e-06,9.053399203840716e-07,2.6440112515452003e-34,-1.32509540099574e-34,1.3220056257726001e-34
154.6793349168646,5.104418052256532,1.1589805053055288e-06,2.5139059794860006e-07,-1.0070283868134999e-06,9.053914750558264e-07,2.6344167469143703e-34,-1.3202067828235984e-34,1.3172083734571852e-34
155.24940617577198,5.123230403800475,1.106515845862041e-06,2.423269306519121e-07,-9.634462277061854e-07,9.054410559187473e-07,2.6248869816609234e-34,-1.3153542070679035e-34,1.3124434908304617e-34
155.81947743467933,5.142042755344418,1.0566187791005223e-06,2.3367330218277834e-07,-9.219204503099451e-07,9.05488745529977e-07,2.6154214836894783e-34,-1.3105372726833878e-34,1.3077107418447391e-34
156.3895486935867,5.160855106888362,1.0091727082647788e-06,2.254091026905896e-07,-8.823628542754561e-07,9.055346235476668e-07,2.6060197794452345e-34,-1.3057555846931304e-34,1.3030098897226173e-34
156.95961995249405,5.179667458432304,9.640647469839046e-07,2.1751472738897155e-07,-8.446874912491741e-07,9.055787667597584e-07,2.5966813940230053e-34,-1.3010087540721216e-34,1.2983406970115027e-34
157.52969121140143,5.198479809976248,9.211857848596083e-07,2.0997153792356204e-07,-8.088107922544241e-07,9.056212491209084e-07,2.5874058512971446e-34,-1.296296397633172e-34,1.2937029256485723e-34
158.0997624703088,5.217292161520191,8.804305280054554e-07,2.0276182411019475e-07,-7.746516688594445e-07,9.056621417965865e-07,2.578192674069091e-34,-1.2916181379151616e-34,1.2890963370345456e-34
158.66983372921615,5.2361045130641335,8.416975168187283e-07,1.958687657820742e-07,-7.421315901870668e-07,9.057015132134211e-07,2.5690413842294446e-34,-1.2869736030736149e-34,1.2845206921147223e-34
159.2399049881235,5.2549168646080755,8.048891232816943e-07,1.8927639527809318e-07,-7.111746380217554e-07,9.057394291149271e-07,2.5599515029317772e-34,-1.2823624267735853e-34,1.2799757514658886e-34
159.80997624703087,5.273729216152019,7.699115300028474e-07,1.8296956047168572e-07,-6.81707542075794e-07,9.05775952621793e-07,2.550922550775567e-34,-1.2777842480848308e-34,1.2754612753877835e-34
160.38004750593825,5.292541567695962,7.366746931426984e-07,1.7693388852088225e-07,-6.536596974893693e-07,9.05811144295977e-07,2.5419540479959145e-34,-1.273238711379251e-34,1.2709770239979573e-34
160.9501187648456,5.311353919239905,7.050922911714194e-07,1.7115575052477224e-07,-6.269631664834152e-07,9.05845062207903e-07,2.5330455146579022e-34,-1.2687254662305612e-34,1.2665227573289511e-34
161.52019002375297,5.330166270783848,6.75081661490578e-07,1.6562222698136136e-07,-6.015526660846079e-07,9.058777620061156e-07,2.5241964708536774e-34,-1.2642441673161737e-34,1.2620982354268387e-34
162.09026128266032,5.348978622327791,6.465637265249719e-07,1.6032107433287834e-07,-5.773655435800167e-07,9.059092969888034e-07,2.5154064369005846e-34,-1.2597944743212455e-34,1.2577032184502923e-34
162.6603325415677,5.367790973871735,6.194629111041137e-07,1.5524069245927225e-07,-5.543417414264441e-07,9.059397181766565e-07,2.5066749335387985e-34,-1.2553760518448674e-34,1.2533374667693992e-34
163.23040380047507,5.3866033254156775,5.937070525362704e-07,1.5037009328157907e-07,-5.324237530610777e-07,9.059690743865741e-07,2.4980014821271837e-34,-1.2509885693083485e-34,1.2490007410635919e-34
163.80047505938242,5.40541567695962,5.692273047861854e-07,1.4569887046501102e-07,-5.115565710156384e-07,9.059974123057901e-07,2.4893856048361922e-34,-1.2466317008655581e-34,1.2446928024180961e-34
164.37054631828977,5.4242280285035624,5.459580381096977e-07,1.4121717020589795e-07,-4.916876286742398e-07,9.060247765660329e-07,2.480826824836857e-34,-1.2423051253152882e-34,1.2404134124184286e-34
164.94061757719714,5.443040380047506,5.238367350975599e-07,1.3691566319296845e-07,-4.7276673670385355e-07,9.060512098173747e-07,2.472324666485006e-34,-1.2380085260155923e-34,1.236162333242503e-34
165.51068883610452,5.461852731591449,5.028038843884338e-07,1.3278551764780286e-07,-4.5474601537529893e-07,9.060767528014747e-07,2.4638786555000343e-34,-1.2337415908000599e-34,1.2319393277500171e-34
166.08076009501187,5.480665083135392,4.828028727330199e-07,1.2881837352328082e-07,-4.375798235547381e-07,9.061014444239532e-07,2.4554883191376237e-34,-1.2295040118959817e-34,1.2277441595688119e-34
166.65083135391924,5.499477434679335,4.6377987636960385e-07,1.2500631779415073e-07,-4.212246853204075e-07,9.061253218256716e-07,2.447153186355977e-34,-1.225295485844369e-34,1.2235765931779886e-34
167.2209026128266,5.518289786223278,4.4568375237232906e-07,1.213418608429026e-07,-4.056392149213164e-07,9.06148420452728e-07,2.4388727879751875e-34,-1.2211157134217748e-34,1.2194363939875938e-34
167.79097387173397,5.537102137767222,4.284659305072446e-07,1.1781791393051557e-07,-3.9078404067658583e-07,9.061707741250052e-07,2.4306466568294746e-34,-1.2169643995638819e-34,1.2153233284147373e-34
168.36104513064134,5.5559144893111645,4.1208030630505015e-07,1.144277676990696e-07,-3.766217285295583e-07,9.061924151031362e-07,2.4224743279121067e-34,-1.2128412532908125e-34,1.2112371639560533e-34
168.9311163895487,5.574726840855107,3.9648313557100863e-07,1.1116507171376262e-07,-3.631167055816243e-07,9.062133741537784e-07,2.41435533851287e-34,-1.2087459876341182e-34,1.207177669256435e-34
169.50118764845604,5.593539192399049,3.81632930935593e-07,1.0802381498485241e-07,-3.5023518420897636e-07,9.062336806131082e-07,2.4062892283480483e-34,-1.2046783195654051e-34,1.2031446141740241e-34
170.07125890736341,5.612351543942993,3.674903606098038e-07,1.0499830745769223e-07,-3.3794508701385814e-07,9.06253362448469e-07,2.398275539682899e-34,-1.2006379699265572e-34,1.1991377698414496e-34
170.6413301662708,5.631163895486936,3.540181496570298e-07,1.0208316243045134e-07,-3.262159729626182e-07,9.062724463181247e-07,2.3903138174466757e-34,-1.1966246633615154e-34,1.1951569087233378e-34
171.21140142517814,5.649976247030879,3.411809840496831e-07,9.927327986503053e-08,-3.150189650192946e-07,9.062909576290809e-07,2.382403609340273e-34,-1.192638128249574e-34,1.1912018046701365e-34
171.78147268408551,5.668788598574822,3.2894541752631423e-07,9.656383056268153e-08,-3.043266793739631e-07,9.063089205929586e-07,2.3745444659366293e-34,-1.1886780966401492e-34,1.1872722329683146e-34
172.35154394299286,5.687600950118765,3.1727978156548713e-07,9.395024116363903e-08,-2.9411315659347177e-07,9.063263582799113e-07,2.3667359407740246e-34,-1.1847443041889935e-34,1.1833679703870123e-34
172.92161520190024,5.7064133016627085,3.0615409837702523e-07,9.142817994108773e-08,-2.843537946850719e-07,9.06343292670588e-07,2.3589775904424465e-34,-1.1808364900958027e-34,1.1794887952212233e-34
173.4916864608076,5.725225653206651,2.9553999709937094e-07,8.899354335270022e-08,-2.7502528428439617e-07,9.063597447061582e-07,2.351268974663228e-34,-1.1769543970431947e-34,1.175634487331614e-34
174.06175771971496,5.744038004750594,2.8541063318223e-07,8.664244331748151e-08,-2.6610554600635633e-07,9.063757343364155e-07,2.3436096563621525e-34,-1.1730977711370123e-34,1.1718048281810763e-34
174.6318289786223,5.762850356294536,2.757406109195931e-07,8.437119518289338e-08,-2.5757366997952364e-07,9.063912805659903e-07,2.3359992017362485e-34,-1.1692663618479188e-34,1.1679996008681242e-34
175.20190023752969,5.78166270783848,2.6650590923052013e-07,8.217630635307643e-08,-2.494098576858751e-07,9.064064014987036e-07,2.32843718031451e-34,-1.1654599219542565e-34,1.164218590157255e-34
175.77197149643706,5.800475059382423,2.576838105041333e-07,8.005446554162749e-08,-2.415953659968437e-07,9.064211143801026e-07,2.320923165012783e-34,-1.1616782074861292e-34,1.1604615825063915e-34
176.3420427553444,5.819287410926366,2.492528326101398e-07,7.800253262354245e-08,-2.3411245352186867e-07,9.06435435638216e-07,2.3134567321830336e-34,-1.1579209776706802e-34,1.1567283660915168e-34
176.91211401425178,5.838099762470309,2.411926639089479e-07,7.601752905222077e-08,-2.269443291662008e-07,9.064493809225788e-07,2.306037461657268e-34,-1.15418799487853e-34,1.153018730828634e-34
177.48218527315913,5.856912114014252,2.3348410123589306e-07,7.409662881423563e-08,-2.2007510290456548e-07,9.064629651415702e-07,2.2986649367863285e-34,-1.1504790245713479e-34,1.1493324683931643e-34
178.0522565320665,5.875724465558195,2.2610899080841703e-07,7.223714989625398e-08,-2.1348973875378054e-07,9.064762024981206e-07,2.2913387444738194e-34,-1.1467938352505283e-34,1.1456693722369097e-34
178.62232779097388,5.894536817102138,2.1905017189164e-07,7.04365462316359e-08,-2.071740098322344e-07,9.064891065238305e-07,2.284058475205382e-34,-1.1431321984069369e-34,1.142029237602691e-34
179.19239904988123,5.913349168646081,2.122914232465549e-07,6.869240010912987e-08,-2.0111445554547574e-07,9.065016901115609e-07,2.2768237230735727e-34,-1.1394938884717056e-34,1.1384118615367863e-34
179.76247030878858,5.932161520190023,2.0581741215822132e-07,6.700241501075958e-08,-1.9529834075004428e-07,9.065139655465434e-07,2.269634085798562e-34,-1.1358786827680438e-34,1.134817042899281e-34
180.33254156769596,5.950973871733967,1.9961364603292482e-07,6.536440886178276e-08,-1.8971361690199796e-07,9.065259445360647e-07,2.2624891647448806e-34,-1.1322863614640432e-34,1.1312445823724403e-34
180.90261282660333,5.96978622327791,1.9366642643328175e-07,6.377630766759293e-08,-1.8434888509694029e-07,9.065376382377776e-07,2.2553885649344314e-34,-1.1287167075264495e-34,1.1276942824672157e-34
181.47268408551068,5.988598574821853,1.8796280544027368e-07,6.223613951445297e-08,-1.7919336092295168e-07,9.065490572866904e-07,2.248331895055987e-34,-1.1251695066753779e-34,1.1241659475279935e-34
182.04275534441805,6.007410926365796,1.8249054430421723e-07,6.074202891933118e-08,-1.7423684110646466e-07,9.065602118208871e-07,2.2413187674713565e-34,-1.1216445473399411e-34,1.1206593837356782e-34
182.6128266033254,6.026223277909739,1.7723807420802517e-07,5.9292191501376097e-08,-1.6946967181597004e-07,9.065711115060281e-07,2.234348798218442e-34,-1.1181416206147796e-34,1.117174399109221e-34
183.18289786223278,6.045035629453682,1.7219445913156543e-07,5.788492896493191e-08,-1.6488271862330488e-07,9.065817655586831e-07,2.2274216070113665e-34,-1.1146605202174583e-34,1.1137108035056832e-34
183.75296912114015,6.063847980997625,1.673493606627278e-07,5.6518624370231686e-08,-1.6046733800352708e-07,9.065921827685427e-07,2.2205368172378515e-34,-1.1112010424467153e-34,1.1102684086189257e-34
184.3230403800475,6.082660332541568,1.626930046936092e-07,5.5191737678082393e-08,-1.5621535032981493e-07,9.066023715195577e-07,2.2136940559540237e-34,-1.1077629861415425e-34,1.1068470279770119e-34
184.89311163895485,6.10147268408551,1.5821614992247706e-07,5.3902801553973586e-08,-1.5211901430452246e-07,9.066123398100522e-07,2.2068929538768262e-34,-1.104346152641069e-34,1.1034464769384131e-34
185.46318289786223,6.120285035629454,1.5391005803618372e-07,5.265041741203575e-08,-1.4817100272874418e-07,9.066220952718566e-07,2.20013314537418e-34,-1.1009503457452383e-34,1.10006657268709e-34
186.0332541567696,6.139097387173397,1.4976646554809484e-07,5.14332516916301e-08,-1.4436437959511763e-07,9.066316451885004e-07,2.1934142684530656e-34,-1.0975753716762522e-34,1.0967071342265328e-34
186.60332541567698,6.157909738717341,1.4577755715176907e-07,5.025003234610726e-08,-1.4069257839303838e-07,9.066409965125108e-07,2.186735964745654e-34,-1.0942210390407649e-34,1.093367982372827e-34
187.17339667458432,6.176722090261283,1.419359405592787e-07,4.909954553675309e-08,-1.371493816048657e-07,9.06650155881858e-07,2.1800978794936477e-34,-1.090887158792811e-34,1.0900489397468239e-34
187.74346793349167,6.195534441805226,1.3823462272734944e-07,4.7980632517339805e-08,-1.337289013168533e-07,9.066591296355825e-07,2.1734996615309407e-34,-1.0875735441974448e-34,1.0867498307654703e-34
188.31353919239905,6.2143467933491685,1.3466698739544382e-07,4.689218669739548e-08,-1.304255608854196e-07,9.066679238286461e-07,2.1669409632647407e-34,-1.084280010795081e-34,1.0834704816323704e-34
188.88361045130642,6.233159144893112,1.3122677389453962e-07,4.58331508772673e-08,-1.272340776278201e-07,9.066765442460423e-07,2.160421440655269e-34,-1.0810063763665134e-34,1.0802107203276345e-34
189.45368171021377,6.251971496437055,1.2790805711976713e-07,4.480251463948346e-08,-1.2414944645140213e-07,9.066849964161993e-07,2.153940753194145e-34,-1.0777524608985976e-34,1.0769703765970725e-34
190.02375296912112,6.270783847980997,1.24705228647202e-07,4.379931189283952e-08,-1.2116692440780304e-07,9.066932856237117e-07,2.1474985638815702e-34,-1.0745180865505854e-34,1.0737492819407851e-34
190.5938242280285,6.289596199524941,1.216129789009474e-07,4.282261855572827e-08,-1.1828201609646406e-07,9.067014169214309e-07,2.141094539202406e-34,-1.0713030776210902e-34,1.070547269601203e-34
191.16389548693587,6.308408551068884,1.1862628033047282e-07,4.187155037270418e-08,-1.1549045988639525e-07,9.067093951419473e-07,2.1347283491012506e-34,-1.0681072605156725e-34,1.0673641745506253e-34
191.73396674584325,6.327220902612828,1.1574037154555298e-07,4.094526085676397e-08,-1.1278821491443103e-07,9.067172249084915e-07,2.1283996669565944e-34,-1.0649304637150307e-34,1.0641998334782972e-34
192.3040380047506,6.34603325415677,1.1295074233835785e-07,4.004293934720569e-08,-1.1017144880311157e-07,9.06724910645285e-07,2.122108169554148e-34,-1.0617725177437805e-34,1.061054084777074e-34
192.87410926365794,6.364845605700713,1.1025311957206193e-07,3.916380918035458e-08,-1.076365260827951e-07,9.067324565873668e-07,2.1158535370594164e-34,-1.0586332551398129e-34,1.0579267685297082e-34
193.44418052256532,6.3836579572446555,1.0764345385824121e-07,3.8307125962014835e-08,-1.0517999725468037e-07,9.067398667899195e-07,2.109635452989601e-34,-1.0555125104242154e-34,1.0548177264948006e-34
194.0142517814727,6.402470308788599,1.0511790700328438e-07,3.7472175939202135e-08,-1.0279858847976108e-07,9.067471451371241e-07,2.1034536041848976e-34,-1.0524101200717465e-34,1.0517268020924488e-34
194.58432304038004,6.421282660332541,1.0267284016831075e-07,3.665827446337942e-08,-1.004891918486907e-07,9.067542953505637e-07,2.0973076807792564e-34,-1.049325922481846e-34,1.0486538403896282e-34
195.1543942992874,6.440095011876484,1.0030480270200385e-07,3.586476453961807e-08,-9.824885619987343e-08,9.067613209971978e-07,2.0911973761706654e-34,-1.0462597579501733e-34,1.0455986880853327e-34
195.72446555819477,6.458907363420428,9.80105216208824e-08,3.509101545857692e-08,-9.60747784657037e-08,9.067682254969331e-07,2.0851223869910264e-34,-1.0432114686406614e-34,1.0425611934955132e-34
196.29453681710214,6.477719714964371,9.57868916806821e-08,3.4336421503206586e-08,-9.396429550082256e-08,9.067750121298058e-07,2.0790824130756627e-34,-1.0401808985580732e-34,1.0395412065378313e-34
196.86460807600952,6.496532066508315,9.363096602682528e-08,3.360040072922579e-08,-9.191487638342553e-08,9.067816840427994e-07,2.0730771574325246e-34,-1.0371678935210521e-34,1.0365385787162623e-34
197.43467933491686,6.515344418052257,9.153994737363394e-08,3.288239381215997e-08,-8.992411514831576e-08,9.067882442563138e-07,2.067106326211134e-34,-1.0341723011356525e-34,1.033553163105567e-34
198.0047505938242,6.5341567695961995,8.95111796917408e-08,3.218186295856618e-08,-8.798972393539358e-08,9.067946956703035e-07,2.061169628671309e-34,-1.0311939707693421e-34,1.0305848143356546e-34
198.5748218527316,6.552969121140142,8.754214037453772e-08,3.1498290877667854e-08,-8.610952652995897e-08,9.068010410701038e-07,2.0552667771517286e-34,-1.0282327535254655e-34,1.0276333885758643e-34
199.14489311163896,6.571781472684086,8.563043284793009e-08,3.083117980838547e-08,-8.428145226555068e-08,9.068072831319581e-07,2.0493974870383533e-34,-1.02528850221816e-34,1.0246987435191767e-34
199.7149643705463,6.590593824228028,8.377377961181278e-08,3.018005060091689e-08,-8.250353028040524e-08,9.068134244282639e-07,2.0435614767327585e-34,-1.0223610713477092e-34,1.0217807383663792e-34
200.28503562945366,6.609406175771971,8.19700156731191e-08,2.9544441846967442e-08,-8.077388409437969e-08,9.068194674325504e-07,2.0377584676204012e-34,-1.0194503170763334e-34,1.0188792338102006e-34
200.85510688836104,6.628218527315915,8.021708236072022e-08,2.8923909058039967e-08,-7.90907264988826e-08,9.068254145242017e-07,2.0319881840388582e-34,-1.0165560972043987e-34,1.0159940920194291e-34
201.4251781472684,6.647030878859858,7.851302149287277e-08,2.831802388768238e-08,-7.745235473571861e-08,9.068312679929398e-07,2.0262503532460727e-34,-1.0136782711470431e-34,1.0131251766230363e-34
201.9952494061758,6.6658432304038016,7.685596987740232e-08,2.7726373395193078e-08,-7.585714594872717e-08,9.068370300430781e-07,2.020544705388616e-34,-1.0108166999112047e-34,1.010272352694308e-34
202.56532066508314,6.684655581947744,7.524415413103236e-08,2.7148559349436447e-08,-7.43035528973572e-08,9.068427027975582e-07,2.0148709734700156e-34,-1.0079712460730503e-34,1.0074354867350078e-34
203.13539192399048,6.7034679334916865,7.367588578959428e-08,2.658419756858037e-08,-7.279009990876871e-08,9.068482883017811e-07,2.0092288933191503e-34,-1.005141773755788e-34,1.0046144466595752e-34
203.70546318289786,6.722280285035629,7.214955670332095e-08,2.6032917295773717e-08,-7.131537906415026e-08,9.068537885272428e-07,2.003618203558752e-34,-1.0023281486078652e-34,1.001809101779376e-34
204.27553444180523,6.741092636579573,7.066363469133524e-08,2.5494360606888938e-08,-6.98780465977695e-08,9.068592053749852e-07,1.9980386455740244e-34,-9.995302377815338e-35,9.990193227870122e-35
204.84560570071258,6.759904988123515,6.92166594458203e-08,2.496818184953623e-08,-6.847681950119927e-08,9.068645406788718e-07,1.992489963481402e-34,-9.967479099117863e-35,9.96244981740701e-35
205.41567695961993,6.778717339667458,6.780723867067907e-08,2.445404711143246e-08,-6.711047232028832e-08,9.068697962086957e-07,1.986971904097459e-34,-9.93981035095643e-35,9.934859520487295e-35
205.9857482185273,6.797529691211402,6.64340444372671e-08,2.3951633715656063e-08,-6.5777834130484e-08,9.068749736731313e-07,1.9814842169079973e-34,-9.91229484871794e-35,9.907421084539986e-35
206.55581947743468,6.816342042755345,6.509580975150313e-08,2.3460629742667e-08,-6.447778568614025e-08,9.068800747225361e-07,1.976026654037316e-34,-9.884931322005836e-35,9.88013327018658e-35
207.12589073634206,6.8351543942992885,6.379132531207917e-08,2.29807335759126e-08,-6.320925672688742e-08,9.068851009516093e-07,1.970598970217679e-34,-9.857718514443278e-35,9.852994851088394e-35
207.6959619952494,6.8539667458432305,6.251943645561218e-08,2.251165347112102e-08,-6.19712234379592e-08,9.068900539019169e-07,1.965200922758997e-34,-9.830655183479653e-35,9.826004613794986e-35
208.26603325415675,6.872779097387173,6.127904027364702e-08,2.2053107147058545e-08,-6.07627060519436e-08,9.068949350642899e-07,1.9598322715187315e-34,-9.803740100200285e-35,9.799161357593657e-35
208.83610451306413,6.891591448931116,6.006908289225896e-08,2.160482139667764e-08,-5.9582766584411225e-08,9.068997458810998e-07,1.9544927788720265e-34,-9.776972049139319e-35,9.772463894360133e-35
209.4061757719715,6.91040380047506,5.888855690739653e-08,2.1166531718086732e-08,-5.843050669792644e-08,9.069044877484212e-07,1.9491822096820887e-34,-9.750349828095704e-35,9.745911048410444e-35
209.97624703087885,6.929216152019002,5.773649896197052e-08,2.0737981963127423e-08,-5.7305065682740505e-08,9.069091620180843e-07,1.9439003312708124e-34,-9.723872247952228e-35,9.719501656354062e-35
210.5463182897862,6.948028503562945,5.6611987462279365e-08,2.0318924003879825e-08,-5.620561855247248e-08,9.069137699996253e-07,1.9386469133896597e-34,-9.697538132497506e-35,9.693234566948298e-35
211.11638954869358,6.966840855106888,5.551414042054722e-08,1.990911741493868e-08,-5.513137424368668e-08,9.069183129621385e-07,1.9334217281908132e-34,-9.671346318250911e-35,9.667108640954066e-35
211.68646080760095,6.985653206650832,5.444211341948669e-08,1.9508329171316994e-08,-5.4081573916173375e-08,9.069227921360362e-07,1.9282245501985836e-34,-9.645295654290375e-35,9.641122750992918e-35
212.25653206650833,7.0044655581947755,5.3395097691103284e-08,1.9116333360963737e-08,-5.3055489347516933e-08,9.069272087147202e-07,1.923055156281108e-34,-9.619385002082975e-35,9.61527578140554e-35
212.82660332541568,7.0232779097387175,5.2372318301366246e-08,1.8732910910664786e-08,-5.20524214149838e-08,9.069315638561706e-07,1.9179133256223119e-34,-9.593613235318296e-35,9.589566628111559e-35
213.39667458432302,7.04209026128266,5.1373032438158176e-08,1.835784932545218e-08,-5.1071698662800156e-08,9.06935858684455e-07,1.9127988396941633e-34,-9.567979239744476e-35,9.563994198470816e-35
213.9667458432304,7.060902612826603,5.03965277922349e-08,1.799094243974135e-08,-5.0112675946153265e-08,9.069400942911635e-07,1.9077114822292108e-34,-9.542481913006923e-35,9.538557411146054e-35
214.53681710213777,7.079714964370547,4.944212102968731e-08,1.763199018050904e-08,-4.9174733150894975e-08,9.069442717367725e-07,1.9026510391934112e-34,-9.517120164489612e-35,9.513255195967056e-35
215.10688836104512,7.098527315914489,4.850915634811325e-08,1.7280798341245708e-08,-4.825727398240649e-08,9.069483920519408e-07,1.8976172987592442e-34,-9.491892915158938e-35,9.488086493796221e-35
215.6769596199525,7.117339667458433,4.7597004112307503e-08,1.6937178366255146e-08,-4.735972482021554e-08,9.069524562387421e-07,1.892610051279126e-34,-9.466799097410069e-35,9.46305025639563e-35
216.24703087885985,7.136152019002375,4.670505956608342e-08,1.6600947145065844e-08,-4.6481533635658706e-08,9.069564652718375e-07,1.8876290892591145e-34,-9.441837654915764e-35,9.438145446295572e-35
216.81710213776722,7.154964370546319,4.5832741613260276e-08,1.6271926815739293e-08,-4.562216896670321e-08,9.069604200995903e-07,1.8826742073329096e-34,-9.41700754247757e-35,9.413371036664548e-35
217.3871733966746,7.173776722090262,4.497949166701075e-08,1.5949944577442794e-08,-4.478111894946633e-08,9.069643216451253e-07,1.8777452022361521e-34,-9.392307725879406e-35,9.388726011180761e-35
217.95724465558195,7.192589073634204,4.414477256072259e-08,1.5634832511024106e-08,-4.395789040061698e-08,9.069681708073382e-07,1.872841872781018e-34,-9.367737181743458e-35,9.36420936390509e-35
218.5273159144893,7.211401425178147,4.332806751878573e-08,1.5326427407687745e-08,-4.315200794947839e-08,9.069719684618556e-07,1.8679640198311083e-34,-9.343294897388347e-35,9.339820099155542e-35
219.09738717339667,7.23021377672209,4.25288791832944e-08,1.502457060520274e-08,-4.236301321649722e-08,9.069757154619478e-07,1.8631114462766406e-34,-9.318979870689524e-35,9.315557231383203e-35
219.66745843230404,7.249026128266034,4.17467286926419e-08,1.472910783101649e-08,-4.1590464034710463e-08,9.06979412639398e-07,1.8582839570099274e-34,-9.294791109941865e-35,9.291419785049637e-35
220.2375296912114,7.267838479809976,4.098115481092601e-08,1.4439889052455073e-08,-4.083393371345378e-08,9.069830608053306e-07,1.8534813589011647e-34,-9.270727633724411e-35,9.267406794505823e-35
220.80760095011877,7.28665083135392,4.023171310286866e-08,1.415676833296381e-08,-4.009301033977936e-08,9.069866607509979e-07,1.8487034607744945e-34,-9.246788470767207e-35,9.243517303872472e-35
221.37767220902612,7.305463182897862,3.949797515389939e-08,1.3879603694726357e-08,-3.936729611745801e-08,9.06990213248532e-07,1.843950073384384e-34,-9.222972659820249e-35,9.21975036692192e-35
221.9477434679335,7.324275534441806,3.8779527831296066e-08,1.3608256986896597e-08,-3.86564067400705e-08,9.069937190516584e-07,1.839221009392275e-34,-9.199279249524407e-35,9.196105046961375e-35
222.51781472684087,7.343087885985749,3.8075972584551784e-08,1.334259375930387e-08,-3.795997079671616e-08,9.069971788963774e-07,1.8345160833435416e-34,-9.175707298284408e-35,9.172580416717708e-35
223.08788598574822,7.361900237529691,3.738692478330283e-08,1.3082483141532303e-08,-3.727762920901171e-08,9.070005935016125e-07,1.8298351116447219e-34,-9.152255874143735e-35,9.149175558223609e-35
223.65795724465556,7.380712589073634,3.671201308929207e-08,1.2827797726679893e-08,-3.660903469636298e-08,9.070039635698303e-07,1.8251779125410485e-34,-9.128924054661459e-35,9.125889562705242e-35
224.22802850356294,7.399524940617577,3.605087886225186e-08,1.2578413460123015e-08,-3.595385126955979e-08,9.070072897876283e-07,1.8205443060942561e-34,-9.10571092679097e-35,9.102721530471281e-35
224.79809976247031,7.418337292161521,3.540317559606378e-08,1.2334209532506538e-08,-3.531175374954884e-08,9.07010572826298e-07,1.8159341141606746e-34,-9.082615586760573e-35,9.079670570803373e-35
225.36817102137766,7.437149643705463,3.476856838470563e-08,1.2095068277132106e-08,-3.468242731108106e-08,9.070138133423611e-07,1.811347160369605e-34,-9.05963713995587e-35,9.056735801848025e-35
225.93824228028504,7.455961995249407,3.4146733415871166e-08,1.1860875071397541e-08,-3.4065567049452907e-08,9.070170119780804e-07,1.8067832701019653e-34,-9.036774700803978e-35,9.033916350509827e-35
226.5083135391924,7.474774346793349,3.353735749032622e-08,1.1631518241965028e-08,-3.346087756870864e-08,9.070201693619489e-07,1.8022422704692269e-34,-9.014027392659466e-35,9.011211352346134e-35
227.07838479809976,7.4935866983372925,3.294013756660639e-08,1.1406888973823992e-08,-3.2868072591070744e-08,9.070232861091545e-07,1.7977239902926053e-34,-8.991394347692044e-35,8.988619951463027e-35
227.64845605700714,7.512399049881236,3.235478032824355e-08,1.118688122260397e-08,-3.228687458515009e-08,9.070263628220258e-07,1.7932282600825428e-34,-8.968874706775933e-35,8.966141300412714e-35
228.21852731591449,7.531211401425178,3.1781001773627294e-08,1.0971391630436605e-08,-3.171701441314701e-08,9.070294000904559e-07,1.7887549120184394e-34,-8.946467619380914e-35,8.943774560092197e-35
228.78859857482183,7.550023752969121,3.121852682626325e-08,1.0760319444875017e-08,-3.115823099510418e-08,9.070323984923086e-07,1.7843037799286615e-34,-8.924172243464995e-35,8.921518899643307e-35
229.3586698337292,7.568836104513064,3.066708896467923e-08,1.0553566440855584e-08,-3.061027098962678e-08,9.07035358593806e-07,1.7798746992708108e-34,-8.90198774536871e-35,8.899373496354054e-35
229.92874109263659,7.587648456057008,3.012642987115392e-08,1.0351036845655535e-08,-3.007288849041336e-08,9.070382809498988e-07,1.775467507112252e-34,-8.879913299710967e-35,8.87733753556126e-35
230.49881235154396,7.606460807600951,2.9596299097437103e-08,1.0152637266433127e-08,-2.9545844737005576e-08,9.070411661046204e-07,1.7710820421108965e-34,-8.857948089286484e-35,8.855410210554482e-35
231.0688836104513,7.625273159144894,2.90764537476077e-08,9.958276620612983e-09,-2.9028907839983924e-08,9.070440145914259e-07,1.7667181444962436e-34,-8.836091304964723e-35,8.833590722481218e-35
231.63895486935866,7.644085510688836,2.856665817605361e-08,9.767866068609704e-09,-2.852185251883396e-08,9.070468269335157e-07,1.7623756560506694e-34,-8.814342145590321e-35,8.811878280253347e-35
232.20902612826603,7.6628978622327795,2.806668370054176e-08,9.581318949067825e-09,-2.8024459852536316e-08,9.07049603644146e-07,1.7580544200909694e-34,-8.792699817885014e-35,8.790272100454847e-35
232.7790973871734,7.681710213776723,2.7576308329219965e-08,9.39855071638894e-09,-2.753651704188737e-08,9.070523452269249e-07,1.7537542814501393e-34,-8.771163536350998e-35,8.768771407250696e-35
233.34916864608076,7.700522565320665,2.7095316500615524e-08,9.21947888037902e-09,-2.7057817182756495e-08,9.070550521760964e-07,1.7494750864594048e-34,-8.749732523175696e-35,8.747375432297024e-35
233.9192399049881,7.719334916864608,2.6623498836533646e-08,9.044022948148867e-09,-2.6588159050263693e-08,9.070577249768141e-07,1.7452166829304905e-34,-8.728406008137948e-35,8.726083414652452e-35
234.48931116389548,7.738147268408551,2.6160651906300693e-08,8.872104367852226e-09,-2.612734689249648e-08,9.070603641053998e-07,1.7409789201381196e-34,-8.707183228515554e-35,8.704894600690598e-35
235.05938242280286,7.756959619952495,2.5706578002609157e-08,8.703646474507059e-09,-2.5675190234072252e-08,9.070629700295947e-07,1.7367616488027571e-34,-8.686063428994189e-35,8.683808244013786e-35
235.62945368171023,7.775771971496438,2.526108492768632e-08,8.538574437566223e-09,-2.5231503688414253e-08,9.070655432087983e-07,1.7325647210735731e-34,-8.665045861577613e-35,8.662823605367866e-35
236.19952494061758,7.794584323040381,2.4823985789525925e-08,8.376815210273347e-09,-2.479610677855609e-08,9.07068084094299e-07,1.7283879905116464e-34,-8.644129785499217e-35,8.641939952558232e-35
236.76959619952493,7.813396674584323,2.4395098807763427e-08,8.218297480775845e-09,-2.4368823766139598e-08,9.070705931294941e-07,1.7242313120733785e-34,-8.623314467134832e-35,8.621156560366893e-35
237.3396674584323,7.832209026128266,2.397424712821272e-08,8.062951624740309e-09,-2.394948348773656e-08,9.070730707501007e-07,1.7200945420941443e-34,-8.602599179916799e-35,8.600472710470721e-35
237.90973871733968,7.851021377672209,2.356125864628457e-08,7.910709659672827e-09,-2.353791919875419e-08,9.070755173843602e-07,1.7159775382721502e-34,-8.581983204249292e-35,8.579887691360751e-35
238.47980997624703,7.869833729216152,2.315596583811575e-08,7.761505200600351e-09,-2.3133968423869654e-08,9.070779334532324e-07,1.7118801596525182e-34,-8.561465827424846e-35,8.559400798262591e-35
239.04988123515437,7.888646080760095,2.2758205599548413e-08,7.615273417271947e-09,-2.273747281417213e-08,9.070803193705834e-07,1.7078022666115729e-34,-8.541046343542087e-35,8.539011333057864e-35
239.61995249406175,7.907458432304038,2.2367819092291162e-08,7.471950992718173e-09,-2.234827801042566e-08,9.070826755433657e-07,1.703743720841351e-34,-8.520724053424632e-35,8.518718604206755e-35
240.19002375296913,7.926270783847982,2.1984651596812333e-08,7.331476083083507e-09,-2.1966233512068925e-08,9.070850023717919e-07,1.6997043853343083e-34,-8.500498264541167e-35,8.498521926671541e-35
240.7600950118765,7.945083135391925,2.160855237198392e-08,7.1937882788304895e-09,-2.1591192552010693e-08,9.070873002495003e-07,1.6956841243682373e-34,-8.480368290926646e-35,8.478420621841186e-35
241.33016627078385,7.963895486935868,2.123937452057691e-08,7.058828567039175e-09,-2.1223011976404863e-08,9.070895695637169e-07,1.691682803491384e-34,-8.460333453104607e-35,8.45841401745692e-35
241.9002375296912,7.98270783847981,2.0876974860886446e-08,6.926539294995146e-09,-2.086155212970673e-08,9.07091810695408e-07,1.6877002895077672e-34,-8.440393078010607e-35,8.438501447538836e-35
242.47030878859857,8.001520190023752,2.0521213803715928e-08,6.79686413483021e-09,-2.050667674431122e-08,9.070940240194305e-07,1.6837364504626893e-34,-8.420546498916724e-35,8.418682252313447e-35
243.04038004750595,8.020332541567697,2.017195523467405e-08,6.669748049268536e-09,-2.0158252834761874e-08,9.070962099046746e-07,1.6797911556284467e-34,-8.40079305535713e-35,8.398955778142233e-35
243.6104513064133,8.039144893111638,1.982906640156003e-08,6.545137258455897e-09,-1.9816150596347904e-08,9.070983687142012e-07,1.6758642754902289e-34,-8.381132093054721e-35,8.379321377451144e-35
244.18052256532064,8.057957244655581,1.949241780629114e-08,6.422979207710649e-09,-1.9480243307596624e-08,9.071005008053763e-07,1.6719556817322019e-34,-8.361562963848748e-35,8.359778408661009e-35
244.75059382422802,8.076769596199526,1.9161883101589938e-08,6.303222536348945e-09,-1.9150407236898145e-08,9.071026065299984e-07,1.6680652472237845e-34,-8.342085025623499e-35,8.340326236118923e-35
245.3206650831354,8.095581947743469,1.883733899171352e-08,6.185817047343035e-09,-1.8826521552600986e-08,9.07104686234423e-07,1.664192846006105e-34,-8.32269764223795e-35,8.320964230030525e-35
245.89073634204277,8.114394299287412,1.8518665137412704e-08,6.0707136779462945e-09,-1.8508468236784437e-08,9.071067402596826e-07,1.6603383532786345e-34,-8.303400183456411e-35,8.301691766393172e-35
246.46080760095012,8.133206650831355,1.820574406470873e-08,5.957864471164129e-09,-1.8196132002335894e-08,9.071087689416012e-07,1.656501645386003e-34,-8.284192024880135e-35,8.282508226930015e-35
247.03087885985747,8.152019002375297,1.789846107727755e-08,5.847222548030574e-09,-1.7889400213153572e-08,9.071107726109066e-07,1.652682599804992e-34,-8.265072547879861e-35,8.26341299902496e-35
247.60095011876484,8.17083135391924,1.7596704172494336e-08,5.738742080760359e-09,-1.758816280754774e-08,9.071127515933389e-07,1.6488810951316921e-34,-8.246041139529315e-35,8.244405475658461e-35
248.17102137767222,8.189643705463183,1.730036396059348e-08,5.6323782665876904e-09,-1.7292312224335307e-08,9.071147062097534e-07,1.6450970110688423e-34,-8.227097192539615e-35,8.225485055344211e-35
248.74109263657957,8.208456057007126,1.7009333587195387e-08,5.528087302441141e-09,-1.700174333189019e-08,9.071166367762229e-07,1.6413302284133271e-34,-8.208240105194581e-35,8.206651142066636e-35
249.31116389548694,8.227268408551069,1.6723508658707096e-08,5.425826360282392e-09,-1.6716353359691673e-08,9.071185436041352e-07,1.6375806290438475e-34,-8.189469281286934e-35,8.187903145219238e-35
249.8812351543943,8.246080760095012,1.644278717064044e-08,5.3255535631643735e-09,-1.6436041832430323e-08,9.071204270002867e-07,1.6338480959087453e-34,-8.170784130055375e-35,8.169240479543727e-35
250.45130641330167,8.264893111638955,1.616706943871554e-08,5.22722796198714e-09,-1.6160710506560565e-08,9.07122287266975e-07,1.6301325130140008e-34,-8.152184066122512e-35,8.150662565070004e-35
251.021377672209,8.283705463182898,1.589625803243665e-08,5.130809512848298e-09,-1.589026330901182e-08,9.071241247020873e-07,1.6264337654113787e-34,-8.133668509433662e-35,8.132168827056893e-35
251.5914489311164,8.30251781472684,1.5630257711326147e-08,5.036259055100403e-09,-1.562460627825383e-08,9.071259395991868e-07,1.622751739186736e-34,-8.115236885196454e-35,8.11375869593368e-35
252.16152019002374,8.321330166270783,1.536897536335422e-08,4.943538289942634e-09,-1.536364750728093e-08,9.071277322475955e-07,1.6190863214484783e-34,-8.096888623821276e-35,8.095431607242392e-35
252.7315914489311,8.340142517814726,1.5112319945749147e-08,4.852609759655484e-09,-1.5107297088708513e-08,9.071295029324757e-07,1.6154374003161762e-34,-8.078623160862508e-35,8.077187001580881e-35
253.3016627078385,8.358954869358671,1.4860202427916181e-08,4.763436827385398e-09,-1.4855467061729809e-08,9.071312519349081e-07,1.6118048649093223e-34,-8.060439936960577e-35,8.059024324546612e-35
253.87173396674584,8.377767220902612,1.4612535736373453e-08,4.6759836574633386e-09,-1.4608071360855597e-08,9.071329795319682e-07,1.6081886053362442e-34,-8.042338397784779e-35,8.040943026681221e-35
254.4418052256532,8.396579572446557,1.4369234701759861e-08,4.59021519630517e-09,-1.4365025766502052e-08,9.071346859968012e-07,1.6045885126831525e-34,-8.024317993976858e-35,8.022942563415762e-35
255.01187648456056,8.4153919239905,1.4130216007569183e-08,4.50609715376256e-09,-1.4126247857099963e-08,9.071363715986923e-07,1.6010044790033426e-34,-8.006378181095376e-35,8.005022395016713e-35
255.58194774346794,8.434204275534443,1.3895398140821506e-08,4.4235959850386625e-09,-1.3891656962941744e-08,9.071380366031383e-07,1.5974363973065307e-34,-7.98851841956079e-35,7.987181986532654e-35
256.15201900237525,8.453016627078384,1.366470134433883e-08,4.342678873040045e-09,-1.366117412145033e-08,9.071396812719142e-07,1.593884161548329e-34,-7.970738174601307e-35,7.969420807741645e-35
256.7220902612827,8.471828978622328,1.3438047570700091e-08,4.263313711216537e-09,-1.3434722033952565e-08,9.071413058631402e-07,1.590347666619862e-34,-7.953036916199409e-35,7.95173833309931e-35
257.29216152019,8.490641330166271,1.3215360437789983e-08,4.185469086868164e-09,-1.3212225023882077e-08,9.071429106313467e-07,1.5868268083375152e-34,-7.935414119039153e-35,7.934134041687576e-35
257.8622327790974,8.509453681710214,1.2996565185754804e-08,4.1091142648517464e-09,-1.2993608996236695e-08,9.071444958275351e-07,1.5833214834328154e-34,-7.917869262454104e-35,7.916607417164077e-35
258.43230403800476,8.528266033254157,1.2781588635516792e-08,4.034219171770262e-09,-1.277880139844671e-08,9.071460616992405e-07,1.5798315895424428e-34,-7.900401830376017e-35,7.899157947712214e-35
259.0023752969121,8.547078384798098,1.2570359148532887e-08,3.960754380518562e-09,-1.2567731182353183e-08,9.071476084905903e-07,1.576357025198376e-34,-7.883011311284158e-35,7.88178512599188e-35
259.5724465558195,8.565890736342045,1.2362806587962705e-08,3.888691095272743e-09,-1.2360328767464915e-08,9.07149136442362e-07,1.5728976898181564e-34,-7.86569719815531e-35,7.864488449090782e-35
260.14251781472683,8.584703087885986,1.2158862281054554e-08,3.818001136850031e-09,-1.2156526005312904e-08,9.071506457920403e-07,1.5694534836952905e-34,-7.848458988414448e-35,7.847267418476452e-35
260.7125890736342,8.603515439429929,1.195845898271664e-08,3.748656928436251e-09,-1.1956256144876094e-08,9.071521367738719e-07,1.5660243079897583e-34,-7.831296183886029e-35,7.830121539948791e-35
261.2826603325416,8.622327790973873,1.1761530840319737e-08,3.6806314817127907e-09,-1.1759453799129828e-08,9.071536096189192e-07,1.5626100647186619e-34,-7.814208290745956e-35,7.813050323593309e-35
261.8527315914489,8.641140142517814,1.1568013359502361e-08,3.613898383290522e-09,-1.1566054912497149e-08,9.07155064555112e-07,1.5592106567469809e-34,-7.797194819474157e-35,7.796053283734904e-35
262.4228028503563,8.659952494061757,1.137784337114968e-08,3.548431781537568e-09,-1.137599672937677e-08,9.071565018073e-07,1.5558259877784507e-34,-7.780255284807766e-35,7.779129938892253e-35
262.99287410926365,8.6787648456057,1.119095899931005e-08,3.4842063737036806e-09,-1.1189217763520058e-08,9.071579215973018e-07,1.5524559623465604e-34,-7.763389205694947e-35,7.762279811732802e-35
263.56294536817103,8.697577197149645,1.1007299630131002e-08,3.4211973933867854e-09,-1.1005657768342264e-08,9.071593241439534e-07,1.5491004858056586e-34,-7.746596105249296e-35,7.745502429028293e-35
264.1330166270784,8.716389548693588,1.0826805881751746e-08,3.3593805983214187e-09,-1.0825257708110395e-08,9.071607096631566e-07,1.5457594643221805e-34,-7.729875510704836e-35,7.728797321610903e-35
264.7030878859857,8.735201900237529,1.0649419575039737e-08,3.2987322584457516e-09,-1.064795972990087e-08,9.071620783679247e-07,1.5424328048659774e-34,-7.713226953371598e-35,7.712164024329887e-35
265.2731591448931,8.754014251781472,1.0475083705287889e-08,3.23922914430715e-09,-1.0473707136445958e-08,9.071634304684291e-07,1.5391204152017668e-34,-7.696649968591772e-35,7.695602076008834e-35
265.8432304038005,8.772826603325417,1.0303742414653028e-08,3.180848515713603e-09,-1.0302444359656055e-08,9.07164766172043e-07,1.5358222038806796e-34,-7.680144095696437e-35,7.679111019403398e-35
266.4133016627078,8.791638954869358,1.0135340965474053e-08,3.123568110699976e-09,-1.0134116934958027e-08,9.071660856833853e-07,1.532538080231927e-34,-7.663708877962827e-35,7.662690401159635e-35
266.9833729216152,8.810451306413302,9.969825714328097e-09,3.067366134750832e-09,-9.968671476312921e-09,9.071673892043623e-07,1.529267954354555e-34,-7.647343862572149e-35,7.646339771772775e-35
267.55344418052255,8.829263657957245,9.80714408682288e-09,3.012221250284405e-09,-9.806055651914287e-09,9.071686769342108e-07,1.5260117371093245e-34,-7.63104860056797e-35,7.630058685546622e-35
268.1235154394299,8.848076009501188,9.6472445531573e-09,2.958112566417461e-09,-9.646218160601804e-09,9.071699490695376e-07,1.5227693401106734e-34,-7.614822646815082e-35,7.613846700553367e-35
268.6935866983373,8.866888361045131,9.490076604296228e-09,2.9050196289460277e-09,-9.489108708840532e-09,9.071712058043605e-07,1.519540675718794e-34,-7.598665559958944e-35,7.59770337859397e-35
269.2636579572446,8.885700712589072,9.335590728894034e-09,2.8529224106074185e-09,-9.334677988401568e-09,9.071724473301463e-07,1.5163256570317993e-34,-7.582576902385611e-35,7.581628285158997e-35
269.83372921615205,8.904513064133019,9.183738390793689e-09,2.8018013015493597e-09,-9.18287765457509e-09,9.071736738358499e-07,1.5131241978779956e-34,-7.566556240182163e-35,7.565620989389978e-35
270.40380047505937,8.92332541567696,9.034472007179355e-09,2.751637100045385e-09,-9.033660304995341e-09,9.071748855079516e-07,1.5099362128082474e-34,-7.550603143097687e-35,7.549681064041237e-35
270.97387173396675,8.942137767220903,8.88774492733155e-09,2.7024110034371297e-09,-8.886979459029237e-09,9.071760825304935e-07,1.5067616170884347e-34,-7.534717184504675e-35,7.533808085442173e-35
271.5439429928741,8.960950118764847,8.743511411916817e-09,2.6541045992761346e-09,-8.742789537663246e-09,9.071772650851164e-07,1.5036003266920115e-34,-7.518897941360972e-35,7.518001633460057e-35
272.11401425178144,8.979762470308788,8.601726612900049e-09,2.6066998567081995e-09,-8.601045843977855e-09,9.071784333510943e-07,1.5004522582926517e-34,-7.503144994172182e-35,7.502261291463258e-35
272.6840855106889,8.998574821852733,8.462346553920964e-09,2.5601791180316224e-09,-8.46170454405431e-09,9.071795875053696e-07,1.4973173292569836e-34,-7.487457926954528e-35,7.486586646284918e-35
273.2541567695962,9.017387173396674,8.325328111249313e-09,2.5145250904838476e-09,-8.324722648428977e-09,9.071807277225866e-07,1.4941954576374215e-34,-7.471836327198213e-35,7.470977288187108e-35
273.82422802850357,9.036199524940619,8.190628995209148e-09,2.4697208382095746e-09,-8.190057993988215e-09,9.071818541751251e-07,1.4910865621650798e-34,-7.456279785831202e-35,7.455432810825399e-35
274.39429928741094,9.055011876484562,8.05820773208528e-09,2.4257497744186374e-09,-8.057669226318222e-09,9.071829670331334e-07,1.487990562242777e-34,-7.440787897183492e-35,7.439952811213885e-35
274.96437054631826,9.073824228028503,7.928023646532853e-09,2.3825956537453393e-09,-7.927515782532243e-09,9.071840664645602e-07,1.4849073779381265e-34,-7.425360258951797e-35,7.424536889690632e-35
275.53444180522564,9.092636579572446,7.80003684438285e-09,2.3402425647630065e-09,-7.79955787446992e-09,9.071851526351857e-07,1.4818369299767067e-34,-7.409996472164688e-35,7.409184649883533e-35
276.104513064133,9.11144893111639,7.674208195949296e-09,2.298674922703271e-09,-7.673756472375243e-09,9.071862257086534e-07,1.4787791397353246e-34,-7.394696141148165e-35,7.393895698676623e-35
276.67458432304034,9.130261282660332,7.550499319707163e-09,2.2578774623229994e-09,-7.55007328892413e-09,9.071872858464994e-07,1.4757339292353528e-34,-7.37945887349165e-35,7.378669646176764e-35
277.24465558194777,9.149073634204276,7.42887256641051e-09,2.2178352309517014e-09,-7.4284707636719e-09,9.071883332081837e-07,1.4727012211361507e-34,-7.364284280014389e-35,7.363506105680753e-35
277.8147268408551,9.16788598574822,7.3092910036085485e-09,2.1785335817019983e-09,-7.308912047879691e-09,9.07189367951118e-07,1.4696809387285685e-34,-7.349171974732313e-35,7.348404693642842e-35
278.38479809976246,9.186698337292162,7.191718400517421e-09,2.1399581668256047e-09,-7.191360989678829e-09,9.071903902306955e-07,1.466673005928527e-34,-7.334121574825236e-35,7.333365029642635e-35
278.95486935866984,9.205510688836105,7.076119213314493e-09,2.102094931246089e-09,-7.075782119640614e-09,9.071914002003187e-07,1.463677347270675e-34,-7.319132700604524e-35,7.318386736353375e-35
279.52494061757716,9.224323040380046,6.962458570737786e-09,2.0649301062170298e-09,-6.962140636635632e-09,9.071923980114277e-07,1.4606938879021274e-34,-7.304204975481122e-35,7.303469439510637e-35
280.0950118764846,9.243135391923992,6.850702260083637e-09,2.0284502031483892e-09,-6.8504023940761e-09,9.071933838135265e-07,1.4577225535762721e-34,-7.289338025933963e-35,7.288612767881361e-35
280.6650831353919,9.261947743467934,6.7408167135166326e-09,1.9926420075636387e-09,-6.740533886456516e-09,9.071943577542114e-07,1.4547632706466635e-34,-7.274531481478819e-35,7.273816353233317e-35
281.2351543942993,9.280760095011876,6.632768994710304e-09,1.9574925731969022e-09,-6.632502236211762e-09,9.071953199791961e-07,1.451815966060974e-34,-7.259784974637444e-35,7.25907983030487e-35
281.80522565320666,9.299572446555821,6.526526785831755e-09,1.9229892162368345e-09,-6.526275180906539e-09,9.071962706323381e-07,1.4488805673550282e-34,-7.245098140907183e-35,7.244402836775141e-35
282.375296912114,9.318384798099762,6.4220583747940944e-09,1.8891195096840917e-09,-6.421821060680968e-09,9.071972098556648e-07,1.4459570026469128e-34,-7.230470618730882e-35,7.229785013234564e-35
282.9453681710214,9.337197149643707,6.3193326428589485e-09,1.8558712778598133e-09,-6.319108806034971e-09,9.071981377893974e-07,1.4430452006311416e-34,-7.215902049467193e-35,7.215226003155708e-35
283.51543942992873,9.356009501187648,6.218319052488736e-09,1.8232325910210733e-09,-6.218107925852099e-09,9.07199054571977e-07,1.440145090572907e-34,-7.201392077361236e-35,7.200725452864535e-35
284.0855106888361,9.374821852731593,6.1189876355084296e-09,1.7911917601105786e-09,-6.118788495722892e-09,9.071999603400875e-07,1.4372566023023864e-34,-7.186940349515603e-35,7.186283011511932e-35
284.6555819477435,9.393634204275536,6.021308981540498e-09,1.7597373316249192e-09,-6.021121146532121e-09,9.072008552286808e-07,1.4343796662091296e-34,-7.172546515861726e-35,7.171898331045648e-35
285.2256532066508,9.412446555819477,5.92525422668801e-09,1.7288580825908857e-09,-5.925077053285505e-09,9.072017393709995e-07,1.4315142132365002e-34,-7.158210229131568e-35,7.157571066182501e-35
285.7957244655582,9.43125890736342,5.830795042514718e-09,1.6985430156719187e-09,-5.830627924225033e-09,9.072026128986004e-07,1.4286601748761905e-34,-7.143931144829686e-35,7.143300874380953e-35
286.36579572446556,9.450071258907364,5.7379036252350774e-09,1.6687813543665313e-09,-5.737745990146564e-09,9.072034759413776e-07,1.4258174831628007e-34,-7.129708921205588e-35,7.129087415814003e-35
286.9358669833729,9.468883610451305,5.646552685188735e-09,1.6395625383321202e-09,-5.646403993994467e-09,9.072043286275833e-07,1.422986070668479e-34,-7.115543219226458e-35,7.114930353342395e-35
287.5059382422803,9.48769596199525,5.55671543653059e-09,1.6108762188040147e-09,-5.556575180664981e-09,9.072051710838523e-07,1.4201658704976275e-34,-7.101433702550169e-35,7.100829352488138e-35
288.0760095011876,9.506508313539193,5.4683655871577576e-09,1.5827122541194845e-09,-5.468233287039961e-09,9.07206003435222e-07,1.4173568162816716e-34,-7.087380037498659e-35,7.086784081408358e-35
288.646080760095,9.525320665083136,5.381477328879034e-09,1.555060705349481e-09,-5.381352532256948e-09,9.072068258051542e-07,1.4145588421738855e-34,-7.07338189303157e-35,7.072794210869428e-35
289.2161520190024,9.544133016627079,5.296025327773711e-09,1.5279118320149163e-09,-5.295907608162889e-09,9.072076383155563e-07,1.4117718828442853e-34,-7.059438940720257e-35,7.058859414221427e-35
289.7862232779097,9.56294536817102,5.211984714802609e-09,1.5012560879153413e-09,-5.211873670014522e-09,9.072084410868022e-07,1.408995873474577e-34,-7.045550854722063e-35,7.044979367372885e-35
290.35629453681713,9.581757719714966,5.129331076593647e-09,1.475084117036117e-09,-5.129226327348262e-09,9.072092342377527e-07,1.4062307497531632e-34,-7.031717311754904e-35,7.031153748765816e-35
290.92636579572445,9.600570071258907,5.048040446453001e-09,1.4493867495565984e-09,-5.047941635070775e-09,9.072100178857751e-07,1.4034764478702154e-34,-7.017937991072176e-35,7.017382239351077e-35
291.4964370546318,9.61938242280285,4.968089295569407e-09,1.424154997945273e-09,-4.9679960847381486e-09,9.072107921467632e-07,1.4007329045127912e-34,-7.00421257443792e-35,7.003664522563956e-35
292.0665083135392,9.638194774346793,4.8894545243984566e-09,1.3993800531362354e-09,-4.8893665960107885e-09,9.072115571351579e-07,1.3980000568600213e-34,-6.990540746102316e-35,6.990000284300107e-35
292.6365795724465,9.657007125890736,4.8121134542617405e-09,1.3750532808022656e-09,-4.812030508319054e-09,9.072123129639642e-07,1.3952778425783394e-34,-6.976922192777437e-35,6.976389212891697e-35
293.20665083135395,9.67581947743468,4.736043819095594e-09,1.351166217696191e-09,-4.735965572674746e-09,9.072130597447725e-07,1.3925661998167816e-34,-6.963356603613294e-35,6.962830999083908e-35
293.7767220902613,9.694631828978622,4.661223757409257e-09,1.3277105680865824e-09,-4.6611499436883515e-09,9.072137975877756e-07,1.3898650672023282e-34,-6.949843670174173e-35,6.949325336011641e-35
294.34679334916865,9.713444180522567,4.587631804396406e-09,1.3046782002635287e-09,-4.587562171736313e-09,9.072145266017884e-07,1.3871743838353029e-34,-6.936383086415216e-35,6.935871919176514e-35
294.916864608076,9.73225653206651,4.515246884221646e-09,1.2820611431238078e-09,-4.515181195300042e-09,9.07215246894264e-07,1.3844940892848265e-34,-6.922974548659308e-35,6.922470446424133e-35
295.48693586698334,9.75106888361045,4.444048302482882e-09,1.2598515828359347e-09,-4.443986333477796e-09,9.072159585713142e-07,1.3818241235843254e-34,-6.90961775557422e-35,6.909120617921627e-35
296.0570071258907,9.769881235154394,4.374015738811713e-09,1.2380418595686727e-09,-4.373957278631763e-09,9.072166617377253e-07,1.379164427227082e-34,-6.896312408149999e-35,6.89582213613541e-35
296.6270783847981,9.788693586698338,4.305129239660432e-09,1.2166244643040038e-09,-4.305074089219044e-09,9.072173564969758e-07,1.3765149411618468e-34,-6.883058209676646e-35,6.882574705809234e-35
297.1971496437054,9.80750593824228,4.237369211214627e-09,1.1955920357082056e-09,-4.2373171827457465e-09,9.07218042951253e-07,1.3738756067884939e-34,-6.869854865722038e-35,6.869378033942469e-35
297.76722090261285,9.826318289786224,4.170716412474303e-09,1.174937357079521e-09,-4.170667328887199e-09,9.072187212014712e-07,1.3712463659537285e-34,-6.856702084110097e-35,6.856231829768642e-35
298.33729216152017,9.845130641330165,4.10515194847549e-09,1.1546533533602824e-09,-4.105105642746423e-09,9.072193913472874e-07,1.368627160946844e-34,-6.843599574899226e-35,6.84313580473422e-35
298.90736342042754,9.86394299287411,4.040657263645629e-09,1.1347330882106148e-09,-4.040613578244274e-09,9.072200534871171e-07,1.366017934495523e-34,-6.830547050360977e-35,6.830089672477615e-35
299.4774346793349,9.882755344418053,3.977214135318183e-09,1.1151697611545274e-09,-3.9771729216668e-09,9.072207077181519e-07,1.3634186297616931e-34,-6.817544224958977e-35,6.817093148808466e-35
300.04750593824224,9.901567695961994,3.914804667355696e-09,1.0959567047766336e-09,-3.914765785319203e-09,9.072213541363741e-07,1.360829190337424e-34,-6.804590815328075e-35,6.80414595168712e-35
300.61757719714967,9.92038004750594,3.85341128393333e-09,1.0770873819916486e-09,-3.8533746013384685e-09,9.072219928365726e-07,1.3582495602408683e-34,-6.79168654025375e-35,6.791247801204341e-35
301.187648456057,9.939192399049881,3.793016723438382e-09,1.058555383367603e-09,-3.792982115620345e-09,9.072226239123594e-07,1.3556796839122616e-34,-6.77883112065174e-35,6.778398419561308e-35
301.75771971496437,9.958004750593824,3.73360403248068e-09,1.0403544245005353e-09,-3.733571381855627e-09,9.072232474561835e-07,1.3531195062099487e-34,-6.766024279547889e-35,6.765597531049743e-35
302.32779097387174,9.976817102137767,3.6751565600503752e-09,1.0224783434561542e-09,-3.6751257557123354e-09,9.07223863559346e-07,1.3505689724064696e-34,-6.753265742058259e-35,6.752844862032348e-35
302.89786223277906,9.99562945368171,3.6176579518045126e-09,1.004921098270375e-09,-3.6176288891452733e-09,9.072244723120162e-07,1.3480280281846818e-34,-6.740555235369427e-35,6.740140140923409e-35
303.4679334916865,10.014441805225655,3.56109214443422e-09,9.876767644882815e-10,-3.5610647247849243e-09,9.072250738032449e-07,1.3454966196339283e-34,-6.727892488719026e-35,6.727483098169641e-35
304.0380047505938,10.033254156769596,3.5054433601638814e-09,9.707395327632255e-10,-3.5054174904570697e-09,9.072256681209796e-07,1.3429746932462499e-34,-6.715277233376511e-35,6.714873466231249e-35
304.6080760095012,10.05206650831354,3.4506961013821796e-09,9.54103706515841e-10,-3.4506716938330953e-09,9.072262553520778e-07,1.3404621959126336e-34,-6.702709202624114e-35,6.702310979563168e-35
305.17814726840857,10.070878859857483,3.3968351453671596e-09,9.377636996368882e-10,-3.396812117173227e-09,9.07226835582322e-07,1.337959074919313e-34,-6.690188131738049e-35,6.689795374596565e-35
305.7482185273159,10.089691211401425,3.3438455391017966e-09,9.217140342324115e-10,-3.343823812159248e-09,9.072274088964328e-07,1.3354652779440977e-34,-6.677713757969894e-35,6.677326389720488e-35
306.31828978622326,10.108503562945367,3.291712594214249e-09,9.059493384255001e-10,-3.2916920948509046e-09,9.072279753780831e-07,1.3329807530527551e-34,-6.665285820528198e-35,6.664903765263776e-35
306.88836104513064,10.127315914489312,3.2404218820347886e-09,8.904643442111069e-10,-3.2404025407580554e-09,9.07228535109911e-07,1.3305054486954228e-34,-6.652904060560297e-35,6.652527243477114e-35
307.458432304038,10.146128266033255,3.18995922872098e-09,8.752538853435441e-10,-3.1899409799802214e-09,9.072290881735335e-07,1.3280393137030676e-34,-6.640568221134315e-35,6.640196568515338e-35
308.0285035629454,10.164940617577198,3.140310710487764e-09,8.603128952719483e-10,-3.140293492450218e-09,9.07229634649559e-07,1.3255822972839773e-34,-6.628278047221387e-35,6.627911486419886e-35
308.5985748218527,10.183752969121139,3.0914626489508298e-09,8.456364051270956e-10,-3.091446403290285e-09,9.072301746176005e-07,1.323134349020298e-34,-6.61603328567807e-35,6.61567174510149e-35
309.1686460807601,10.202565320665084,3.043401606561109e-09,8.312195417501334e-10,-3.043386278258617e-09,9.072307081562888e-07,1.3206954188646028e-34,-6.603833685228933e-35,6.603477094323014e-35
309.73871733966746,10.221377672209027,2.9961143821062285e-09,8.170575257531334e-10,-2.996099919262176e-09,9.07231235343284e-07,1.3182654571365034e-34,-6.591678996449365e-35,6.591327285682517e-35
310.3087885985748,10.240190023752968,2.949588006318007e-09,8.031456696276478e-10,-2.9495743599748928e-09,9.07231756255289e-07,1.3158444145192953e-34,-6.579568971748563e-35,6.579222072596477e-35
310.8788598574822,10.259002375296914,2.9038097375825587e-09,7.894793758996485e-10,-2.9037968615578494e-09,9.07232270968061e-07,1.3134322420566406e-34,-6.56750336535269e-35,6.567161210283203e-35
311.44893111638953,10.277814726840855,2.8587670577146623e-09,7.760541353148618e-10,-2.8587549084431733e-09,9.072327795564232e-07,1.3110288911492895e-34,-6.555481933288262e-35,6.555144455746447e-35
312.0190023752969,10.296627078384798,2.814447667811872e-09,7.628655250608688e-10,-2.8144362041971236e-09,9.072332820942782e-07,1.3086343135518333e-34,-6.543504433365659e-35,6.543171567759166e-35
312.5890736342043,10.315439429928741,2.77083948420641e-09,7.499092070332723e-10,-2.7708286674804402e-09,9.072337786546173e-07,1.3062484613694946e-34,-6.531570625162867e-35,6.531242306847473e-35
313.1591448931116,10.334251781472684,2.727930634503626e-09,7.371809261411746e-10,-2.727920428094779e-09,9.072342693095349e-07,1.3038712870549541e-34,-6.519680270009363e-35,6.519356435274771e-35
313.72921615201903,10.353064133016629,2.6857094536724305e-09,7.246765086376363e-10,-2.685699823080672e-09,9.072347541302374e-07,1.3015027434052097e-34,-6.507833130970204e-35,6.507513717026048e-35
314.29928741092635,10.37187648456057,2.6441644802239407e-09,7.123918604899537e-10,-2.6441553929032712e-09,9.07235233187056e-07,1.2991427835584686e-34,-6.496028972830273e-35,6.495713917792343e-35
314.86935866983373,10.390688836104514,2.603284452478983e-09,7.003229657898705e-10,-2.603275877726532e-09,9.072357065494571e-07,1.2967913609910764e-34,-6.484267562078686e-35,6.483956804955382e-35
315.4394299287411,10.409501187648457,2.5630583048989473e-09,6.884658851931478e-10,-2.563050213750378e-09,9.072361742860532e-07,1.2944484295144753e-34,-6.472548666893397e-35,6.472242147572377e-35
316.0095011876484,10.428313539192398,2.5234751644756758e-09,6.768167543866685e-10,-2.523467529606542e-09,9.072366364646142e-07,1.2921139432721983e-34,-6.460872057125949e-35,6.460569716360991e-35
316.5795724465558,10.447125890736341,2.4845243472057415e-09,6.653717825933562e-10,-2.4845171428384534e-09,9.072370931520779e-07,1.2897878567368937e-34,-6.449237504286385e-35,6.448939283684469e-35
317.1496437054632,10.465938242280286,2.446195354643957e-09,6.541272511126314e-10,-2.446188556460031e-09,9.072375444145609e-07,1.2874701247073844e-34,-6.437644781528349e-35,6.437350623536922e-35
317.71971496437055,10.484750593824229,2.4084778705020963e-09,6.430795118824786e-10,-2.4084714555593975e-09,9.072379903173675e-07,1.285160702305752e-34,-6.426093663634322e-35,6.42580351152876e-35
318.28978622327793,10.503562945368172,2.371361757317735e-09,6.322249860732045e-10,-2.371355703972423e-09,9.072384309250012e-07,1.2828595449744593e-34,-6.414583927001019e-35,6.414297724872297e-35
318.85985748218525,10.522375296912113,2.3348370532001302e-09,6.215601627155627e-10,-2.3348313410330436e-09,9.072388663011752e-07,1.280566608473501e-34,-6.40311534962496e-35,6.402833042367505e-35
319.4299287410926,10.541187648456058,2.298893968638414e-09,6.11081597357146e-10,-2.29888857838563e-09,9.072392965088213e-07,1.2782818488775831e-34,-6.391687711088174e-35,6.391409244387916e-35
320.0,10.56,2.2635228833536686e-09,6.007859107395444e-10,-2.263517796841016e-09,9.072397216100999e-07,1.2760052225733336e-34,-6.380300792544077e-35,6.380026112866668e-35
320.5700712589073,10.578812351543942,2.2287143432231566e-09,5.906697875076141e-10,-2.2287095433044483e-09,9.072401416664105e-07,1.2737366862565437e-34,-6.368954376703484e-35,6.368683431282718e-35
321.14014251781475,10.597624703087888,2.1944590572746904e-09,5.807299749499012e-10,-2.1944545277734595e-09,9.072405567384005e-07,1.2714761969294343e-34,-6.357648247820775e-35,6.357380984647172e-35
321.71021377672207,10.61643705463183,2.1607478947246368e-09,5.709632817594601e-10,-2.160743620379184e-09,9.072409668859748e-07,1.2692237118979602e-34,-6.346382191680215e-35,6.346118559489801e-35
322.28028503562945,10.635249406175772,2.127571882069136e-09,5.613665768188867e-10,-2.1275678484806992e-09,9.072413721683057e-07,1.2669791887691293e-34,-6.335155995582412e-35,6.334895943845646e-35
322.8503562945368,10.654061757719715,2.0949222002423357e-09,5.519367880149747e-10,-2.0949183938262034e-09,9.072417726438408e-07,1.2647425854483628e-34,-6.323969448330916e-35,6.323712927241814e-35
323.42042755344414,10.672874109263658,2.062790181834289e-09,5.426709010799595e-10,-2.0627865897736838e-09,9.072421683703144e-07,1.2625138601368768e-34,-6.312822340218973e-35,6.312569300684384e-35
323.9904988123516,10.691686460807603,2.0311673083433917e-09,5.335659584492155e-10,-2.0311639185459756e-09,9.072425594047535e-07,1.2602929713290904e-34,-6.3017144630164e-35,6.301464856645452e-35
324.5605700712589,10.710498812351544,2.0000452074889356e-09,5.246190581455772e-10,-2.0000420085457848e-09,9.072429458034893e-07,1.2580798778100673e-34,-6.290645609956622e-35,6.290399389050336e-35
325.13064133016627,10.729311163895487,1.9694156505847603e-09,5.158273526905613e-10,-1.969412631731665e-09,9.072433276221643e-07,1.2558745386529742e-34,-6.27961557572382e-35,6.279372693264871e-35
325.70071258907365,10.748123515439431,1.9392705499566506e-09,5.071880480354777e-10,-1.939267701037612e-09,9.072437049157413e-07,1.2536769132165752e-34,-6.26862415644023e-35,6.268384566082876e-35
326.27078384798097,10.766935866983372,1.9096019563991063e-09,4.986984025106601e-10,-1.909599267831904e-09,9.072440777385123e-07,1.2514869611427492e-34,-6.25767114965358e-35,6.257434805713746e-35
326.84085510688834,10.785748218527315,1.880402056690258e-09,4.903557258001852e-10,-1.880399519433974e-09,9.072444461441066e-07,1.2493046423540282e-34,-6.246756354324634e-35,6.246523211770141e-35
327.4109263657957,10.80456057007126,1.8516631711616263e-09,4.821573779406482e-10,-1.8516607766860059e-09,9.072448101854994e-07,1.2471299170511704e-34,-6.235879570814899e-35,6.235649585255852e-35
327.9809976247031,10.823372921615203,1.823377751298613e-09,4.741007683344198e-10,-1.8233754915551659e-09,9.072451699150193e-07,1.2449627457107512e-34,-6.225040600874433e-35,6.224813728553756e-35
328.55106888361047,10.842185273159146,1.7955383773886801e-09,4.661833547840122e-10,-1.7955362447834213e-09,9.072455253843572e-07,1.2428030890827795e-34,-6.214239247629798e-35,6.214015445413898e-35
329.1211401425178,10.860997624703087,1.7681377562228247e-09,4.5840264254968116e-10,-1.7681357435905587e-09,9.072458766445736e-07,1.240650908188344e-34,-6.203475315572125e-35,6.20325454094172e-35
329.69121140142516,10.879809976247031,1.7411687188404898e-09,4.5075618342629314e-10,-1.741166819420554e-09,9.072462237461069e-07,1.2385061643172776e-34,-6.19274861054531e-35,6.192530821586388e-35
330.26128266033254,10.898622327790974,1.7146242183038318e-09,4.432415748338761e-10,-1.7146224257172142e-09,9.072465667387807e-07,1.236368819025851e-34,-6.182058939734338e-35,6.181844095129255e-35
330.83135391923986,10.917434679334916,1.6884973275218633e-09,4.358564589298531e-10,-1.6884956357496178e-09,9.072469056718121e-07,1.2342388341344849e-34,-6.171406111653716e-35,6.171194170672424e-35
331.4014251781473,10.936247030878862,1.6627812371232987e-09,4.285985217423971e-10,-1.662779640486183e-09,9.07247240593819e-07,1.2321161717254902e-34,-6.160789936136023e-35,6.160580858627451e-35
331.9714964370546,10.955059382422803,1.6374692533596537e-09,4.2146549231762164e-10,-1.6374677464989203e-09,9.072475715528274e-07,1.23000079414083e-34,-6.150210224320606e-35,6.15000397070415e-35
332.541567695962,10.973871733966746,1.612554796044436e-09,4.144551418828685e-10,-1.6125533739037134e-09,9.072478985962787e-07,1.2278926639799015e-34,-6.139666788642354e-35,6.139463319899508e-35
333.11163895486936,10.992684085510689,1.5880313965389282e-09,4.0756528303008654e-10,-1.5880300543471273e-09,9.072482217710373e-07,1.225791744097345e-34,-6.129159442820611e-35,6.128958720486725e-35
333.6817102137767,11.011496437054632,1.563892695779736e-09,4.0079376891735645e-10,-1.5638914290349236e-09,9.072485411233981e-07,1.223697997600873e-34,-6.118688001848203e-35,6.118489988004365e-35
334.2517814726841,11.030308788598576,1.5401324423297524e-09,3.9413849248138135e-10,-1.5401312467839397e-09,9.07248856699092e-07,1.2216113878491207e-34,-6.10825228198056e-35,6.108056939245603e-35
334.82185273159143,11.049121140142518,1.516744490470638e-09,3.875973856679191e-10,-1.5167433621154312e-09,9.072491685432953e-07,1.2195318784495218e-34,-6.097852100724975e-35,6.097659392247609e-35
335.3919239904988,11.06793349168646,1.4937227983379064e-09,3.811684186804983e-10,-1.4937217333909667e-09,9.072494767006346e-07,1.2174594332561993e-34,-6.087487276829946e-35,6.087297166280997e-35
335.9619952494062,11.086745843230405,1.4710614260867128e-09,3.7484959924275464e-10,-1.4710604209789853e-09,9.072497812151945e-07,1.215394016367885e-34,-6.077157630274648e-35,6.076970081839425e-35
336.5320665083135,11.105558194774346,1.4487545340842902e-09,3.6863897187277717e-10,-1.4487535854479557e-09,9.072500821305242e-07,1.2133355921258566e-34,-6.066862982258499e-35,6.066677960629283e-35
337.10213776722094,11.124370546318291,1.4267963811429679e-09,3.625346171747973e-10,-1.4267954858000759e-09,9.072503794896442e-07,1.2112841251118924e-34,-6.056603155190829e-35,6.056420625559462e-35
337.67220902612826,11.143182897862234,1.4051813227916436e-09,3.565346511473016e-10,-1.4051804777433882e-09,9.07250673335053e-07,1.2092395801462548e-34,-6.046377972680686e-35,6.046197900731274e-35
338.24228028503563,11.161995249406177,1.3839038095685107e-09,3.5063722450093793e-10,-1.3839030119851147e-09,9.07250963708733e-07,1.2072019222856853e-34,-6.036187259526684e-35,6.036009611428427e-35
338.812351543943,11.18080760095012,1.3629583853466333e-09,3.4484052199061243e-10,-1.362957632557803e-09,9.072512506521576e-07,1.205171116821426e-34,-6.026030841707022e-35,6.02585558410713e-35
339.38242280285033,11.19961995249406,1.3423396856968174e-09,3.391427617634237e-10,-1.342338975182739e-09,9.07251534206297e-07,1.2031471292772563e-34,-6.01590854636955e-35,6.015735646386282e-35
339.9524940617577,11.218432304038005,1.3220424362811716e-09,3.335421947198371e-10,-1.3220417656640155e-09,9.072518144116249e-07,1.2011299254075535e-34,-6.005820201821967e-35,6.005649627037767e-35
340.5225653206651,11.237244655581948,1.3020614512665984e-09,3.2803710388396917e-10,-1.3020608183025053e-09,9.07252091308124e-07,1.1991194711953695e-34,-5.995765637522105e-35,5.995597355976848e-35
341.0926365795724,11.25605700712589,1.2823916317731255e-09,3.226258037886202e-10,-1.2823910343446446e-09,9.072523649352927e-07,1.1971157328505288e-34,-5.985744684068312e-35,5.985578664252644e-35
341.66270783847983,11.274869358669836,1.2630279643564527e-09,3.1730663987474277e-10,-1.263027400465408e-09,9.072526353321505e-07,1.1951186768077414e-34,-5.975757173189924e-35,5.975593384038707e-35
342.23277909738715,11.293681710213777,1.2439655195117969e-09,3.1207798790040267e-10,-1.2439649872725564e-09,9.072529025372449e-07,1.193128269724744e-34,-5.965802937737858e-35,5.96564134862372e-35
342.8028503562945,11.31249406175772,1.2251994502024623e-09,3.069382533605061e-10,-1.2251989478355886e-09,9.07253166588656e-07,1.1911444784804466e-34,-5.955881811675264e-35,5.955722392402233e-35
343.3729216152019,11.331306413301663,1.206724990421171e-09,3.018858709202704e-10,-1.2067245162474309e-09,9.07253427524003e-07,1.1891672701731073e-34,-5.945993630068291e-35,5.945836350865537e-35
343.9429928741092,11.350118764845606,1.1885374537809488e-09,2.9691930386118504e-10,-1.1885370062156587e-09,9.072536853804501e-07,1.1871966121185221e-34,-5.936138229076951e-35,5.935983060592611e-35
344.51306413301666,11.36893111638955,1.1706322321221105e-09,2.920370435343408e-10,-1.1706318096698055e-09,9.072539401947118e-07,1.1852324718482314e-34,-5.926315445946046e-35,5.926162359241157e-35
345.083135391924,11.387743467933491,1.153004794148208e-09,2.8723760882594785e-10,-1.1530043953976097e-09,9.072541920030579e-07,1.183274817107746e-34,-5.916525118996224e-35,5.91637408553873e-35
345.65320665083135,11.406555819477434,1.135650684091976e-09,2.825195456353784e-10,-1.1356503077112448e-09,9.072544408413203e-07,1.1813236158547887e-34,-5.906767087615084e-35,5.906618079273943e-35
346.2232779097387,11.425368171021379,1.1185655204031046e-09,2.778814263626119e-10,-1.1185651651353605e-09,9.07254686744897e-07,1.1793788362575555e-34,-5.897041192248397e-35,5.896894181287777e-35
346.79334916864605,11.44418052256532,1.1017449944542235e-09,2.733218494037132e-10,-1.10174465911332e-09,9.072549297487583e-07,1.1774404466929918e-34,-5.887347274391404e-35,5.887202233464959e-35
347.3634204275535,11.462992874109265,1.0851848692754886e-09,2.6883943865818846e-10,-1.0851845527420257e-09,9.072551698874519e-07,1.1755084157450867e-34,-5.877685176580192e-35,5.877542078725434e-35
347.9334916864608,11.481805225653208,1.0688809783163832e-09,2.6443284304764297e-10,-1.068880679533945e-09,9.072554071951081e-07,1.1735827122031834e-34,-5.868054742383177e-35,5.867913561015917e-35
348.5035629453682,11.50061757719715,1.0528292242224338e-09,2.6010073604113773e-10,-1.052828942194038e-09,9.072556417054449e-07,1.1716633050603066e-34,-5.858455816392638e-35,5.858316525301533e-35
349.07363420427555,11.519429928741094,1.0370255776347302e-09,2.5584181519013365e-10,-1.0370253114194799e-09,9.072558734517733e-07,1.169750163511505e-34,-5.848888244216368e-35,5.848750817557525e-35
349.64370546318287,11.538242280285035,1.021466076015803e-09,2.516548016743238e-10,-1.0214658247257248e-09,9.072561024670014e-07,1.1678432569522124e-34,-5.839351872469384e-35,5.839216284761062e-35
350.21377672209024,11.55705463182898,1.0061468224973964e-09,2.4753843985663935e-10,-1.00614658529446e-09,9.072563287836411e-07,1.165942554976621e-34,-5.829846548765722e-35,5.829712774883105e-35
350.7838479809976,11.575866983372922,9.910639847419138e-10,2.4349149684436104e-10,-9.910637608352176e-10,9.072565524338108e-07,1.1640480273760747e-34,-5.820372121710323e-35,5.820240136880374e-35
351.35391923990494,11.594679334916863,9.762137938284167e-10,2.395127620603412e-10,-9.76213582471533e-10,9.072567734492424e-07,1.162159644137475e-34,-5.810928440890986e-35,5.810798220687375e-35
351.9239904988124,11.613491686460808,9.615925431628617e-10,2.3560104682416424e-10,-9.61592343651332e-10,9.072569918612844e-07,1.160277375441702e-34,-5.8015153568704e-35,5.80138687720851e-35
352.4940617577197,11.63230403800475,9.471965874035031e-10,2.317551839398703e-10,-9.471963990724742e-10,9.072572077009077e-07,1.1584011916620554e-34,-5.792132721178265e-35,5.792005958310277e-35
353.06413301662707,11.651116389548694,9.330223414033804e-10,2.2797402729093645e-10,-9.33022163625374e-10,9.072574209987091e-07,1.1565310633627021e-34,-5.78278038630347e-35,5.782655316813511e-35
353.63420427553444,11.669928741092637,9.190662791760326e-10,2.2425645144472873e-10,-9.190661113588412e-10,9.072576317849174e-07,1.1546669612971484e-34,-5.773458205686374e-35,5.773334806485742e-35
354.20427553444176,11.68874109263658,9.053249328822917e-10,2.2060135126560093e-10,-9.053247744669922e-10,9.072578400893968e-07,1.1528088564067182e-34,-5.764166033711124e-35,5.764044282033591e-35
354.7743467933492,11.707553444180524,8.917948918282983e-10,2.1700764153300803e-10,-8.917947422873789e-10,9.072580459416511e-07,1.1509567198190513e-34,-5.754903725698086e-35,5.754783599095256e-35
355.3444180522565,11.726365795724465,8.784728014838505e-10,2.1347425656793754e-10,-8.784726603194417e-10,9.072582493708294e-07,1.1491105228466157e-34,-5.745671137896329e-35,5.745552614233078e-35
355.9144893111639,11.745178147268408,8.653553625220567e-10,2.1000014986799233e-10,-8.653552292642639e-10,9.072584504057294e-07,1.1472702369852314e-34,-5.736468127476177e-35,5.736351184926157e-35
356.48456057007127,11.763990498812353,8.524393298746525e-10,2.0658429374901193e-10,-8.524392040799808e-10,9.072586490748022e-07,1.1454358339126092e-34,-5.727294552521843e-35,5.727179169563046e-35
357.0546318289786,11.782802850356294,8.397215117998585e-10,2.0322567899210265e-10,-8.397213930497273e-10,9.072588454061563e-07,1.143607285486906e-34,-5.718150272024133e-35,5.71803642743453e-35
357.624703087886,11.801615201900239,8.271987689705577e-10,1.9992331449886467e-10,-8.271986568698992e-10,9.072590394275623e-07,1.1417845637452907e-34,-5.709035145873205e-35,5.708922818726454e-35
358.19477434679334,11.82042755344418,8.148680135818747e-10,1.9667622695444578e-10,-8.148679077578105e-10,9.072592311664557e-07,1.1399676409025244e-34,-5.699949034851428e-35,5.699838204512622e-35
358.7648456057007,11.839239904988125,8.027262084693391e-10,1.9348346049521343e-10,-8.027261085699322e-10,9.072594206499433e-07,1.1381564893495558e-34,-5.690891800626275e-35,5.690782446747779e-35
359.3349168646081,11.858052256532067,7.907703662429885e-10,1.9034407638295563e-10,-7.907702719360654e-10,9.072596079048044e-07,1.1363510816521281e-34,-5.6818633057433e-35,5.681755408260641e-35
359.9049881235154,11.876864608076009,7.789975484402402e-10,1.8725715268661297e-10,-7.789974594122789e-10,9.072597929574973e-07,1.1345513905493992e-34,-5.672863413619189e-35,5.672756952746996e-35
360.4750593824228,11.895676959619953,7.674048646945082e-10,1.842217839704099e-10,-7.674047806495897e-10,9.072599758341616e-07,1.1327573889525765e-34,-5.663891988534862e-35,5.663786944762883e-35
361.04513064133016,11.914489311163896,7.55989471913279e-10,1.8123708098611497e-10,-7.559893925720974e-10,9.072601565606235e-07,1.1309690499435626e-34,-5.654948895628648e-35,5.654845249717813e-35
361.61520190023754,11.933301662707839,7.447485734736154e-10,1.7830217037227165e-10,-7.447484985725435e-10,9.072603351623981e-07,1.1291863467736148e-34,-5.646034000889519e-35,5.645931733868074e-35
362.1852731591449,11.952114014251782,7.336794184349525e-10,1.7541619436032048e-10,-7.336793477251603e-10,9.07260511664694e-07,1.1274092528620168e-34,-5.637147171150407e-35,5.637046264310084e-35
362.75534441805223,11.970926365795725,7.227793007627871e-10,1.7257831048529545e-10,-7.227792340094102e-10,9.07260686092417e-07,1.1256377417947636e-34,-5.628288274081552e-35,5.628188708973818e-35
363.3254156769596,11.989738717339668,7.120455585642602e-10,1.6978769130144088e-10,-7.120454955456146e-10,9.072608584701742e-07,1.123871787323258e-34,-5.619457178183939e-35,5.61935893661629e-35
363.895486935867,12.00855106888361,7.014755733403152e-10,1.670435241044004e-10,-7.014755138471564e-10,9.072610288222769e-07,1.1221113633630195e-34,-5.610653752782787e-35,5.610556816815097e-35
364.4655581947743,12.027363420427552,6.910667692530006e-10,1.6434501065943284e-10,-6.910667130878248e-10,9.072611971727445e-07,1.1203564439924051e-34,-5.601877868021105e-35,5.601782219962026e-35
365.03562945368174,12.046175771971498,6.808166124006626e-10,1.61691366933063e-10,-6.808165593770464e-10,9.072613635453082e-07,1.1186070034513413e-34,-5.593129394853289e-35,5.593035017256707e-35
365.60570071258906,12.06498812351544,6.707226101075148e-10,1.5908182283045437e-10,-6.707225600494932e-10,9.072615279634146e-07,1.1168630161400723e-34,-5.584408205038813e-35,5.584315080700361e-35
366.17577197149643,12.083800475059382,6.607823102284302e-10,1.5651562193878386e-10,-6.607822629699086e-10,9.072616904502286e-07,1.115124456617911e-34,-5.575714171135938e-35,5.575622283089555e-35
366.7458432304038,12.102612826603327,6.509933004650629e-10,1.5399202127520751e-10,-6.509932558492628e-10,9.072618510286377e-07,1.1133912996020116e-34,-5.567047166495524e-35,5.566956498010058e-35
367.3159144893111,12.121425178147268,6.413532076906707e-10,1.5151029103848592e-10,-6.41353165569606e-10,9.072620097212544e-07,1.1116635199661462e-34,-5.558407065254856e-35,5.558317599830731e-35
367.88598574821856,12.140237529691213,6.318596972894579e-10,1.490697143663019e-10,-6.318596575234416e-10,9.072621665504203e-07,1.109941092739496e-34,-5.549793742331558e-35,5.54970546369748e-35
368.4560570071259,12.159049881235154,6.225104725098447e-10,1.4666958709803442e-10,-6.225104349670224e-10,9.072623215382093e-07,1.1082239931054546e-34,-5.54120707341756e-35,5.541119965527273e-35
369.02612826603325,12.177862232779098,6.133032738253159e-10,1.4430921754074347e-10,-6.133032383812259e-10,9.072624747064307e-07,1.1065121964004384e-34,-5.532646934973099e-35,5.532560982002192e-35
369.59619952494063,12.196674584323041,6.042358783064757e-10,1.4198792623962466e-10,-6.042358448436344e-10,9.07262626076632e-07,1.1048056781127119e-34,-5.524113204220804e-35,5.524028390563559e-35
370.16627078384795,12.215486935866982,5.953060990065518e-10,1.3970504575370475e-10,-5.953060674140613e-10,9.072627756701033e-07,1.1031044138812226e-34,-5.515605759139819e-35,5.515522069406113e-35
370.7363420427553,12.234299287410927,5.865117843583018e-10,1.3745992043603623e-10,-5.865117545314804e-10,9.072629235078792e-07,1.1014083794944452e-34,-5.50712447845998e-35,5.507041897472226e-35
371.3064133016627,12.25311163895487,5.77850817577512e-10,1.3525190621669847e-10,-5.778507894175452e-10,9.072630696107423e-07,1.0997175508892384e-34,-5.49866924165606e-35,5.498587754446192e-35
371.8764845605701,12.271923990498813,5.693211160789358e-10,1.330803703906349e-10,-5.693210894925472e-10,9.072632139992264e-07,1.09803190414971e-34,-5.490239928942046e-35,5.49015952074855e-35
372.44655581947745,12.290736342042756,5.60920630904649e-10,1.309446914102983e-10,-5.60920605803789e-10,9.072633566936199e-07,1.0963514155060959e-34,-5.481836421265482e-35,5.481757077530479e-35
373.0166270783848,12.309548693586699,5.526473461602933e-10,1.288442586815084e-10,-5.526473224618462e-10,9.072634977139678e-07,1.094676061333645e-34,-5.473458600301869e-35,5.473380306668225e-35
373.58669833729215,12.328361045130642,5.444992784596394e-10,1.2677847236266464e-10,-5.444992560851463e-10,9.072636370800754e-07,1.0930058181515164e-34,-5.4651063484491e-35,5.465029090757582e-35
374.1567695961995,12.347173396674584,5.364744763810576e-10,1.2474674316854596e-10,-5.364744552564553e-10,9.072637748115111e-07,1.0913406626216892e-34,-5.456779548821956e-35,5.456703313108446e-35
374.72684085510684,12.365985748218526,5.285710199349306e-10,1.2274849217833737e-10,-5.285709999903046e-10,9.072639109276094e-07,1.0896805715478763e-34,-5.448478085246654e-35,5.448402857739381e-35
375.2969121140143,12.384798099762472,5.207870200366674e-10,1.2078315064603188e-10,-5.207870012060195e-10,9.072640454474732e-07,1.0880255218744525e-34,-5.440201842255438e-35,5.440127609372263e-35
375.8669833729216,12.403610451306413,5.131206179899255e-10,1.1885015981478195e-10,-5.131206002109541e-10,9.07264178389977e-07,1.086375490685393e-34,-5.431950705081229e-35,5.431877453426965e-35
376.43705463182897,12.422422802850356,5.05569984980789e-10,1.1694897073545022e-10,-5.055699681946815e-10,9.072643097737697e-07,1.0847304552032159e-34,-5.423724559652304e-35,5.423652276016079e-35
377.00712589073635,12.4412351543943,4.981333215801882e-10,1.1507904408839827e-10,-4.981333057314255e-10,9.072644396172773e-07,1.0830903927879414e-34,-5.415523292587056e-35,5.415451963939707e-35
377.5771971496437,12.460047505938244,4.908088572523901e-10,1.1323985000776801e-10,-4.908088422885622e-10,9.072645679387055e-07,1.0814552809360567e-34,-5.407346791188764e-35,5.407276404680283e-35
378.14726840855104,12.478859857482185,4.835948498739339e-10,1.1143086790974045e-10,-4.835948357455649e-10,9.072646947560426e-07,1.0798250972794875e-34,-5.39919494344044e-35,5.399125486397437e-35
378.7173396674584,12.497672209026128,4.764895852625996e-10,1.096515863246171e-10,-4.764895719229836e-10,9.072648200870618e-07,1.078199819584586e-34,-5.391067637999704e-35,5.39099909792293e-35
379.2874109263658,12.516484560570072,4.694913767118785e-10,1.0790150273115728e-10,-4.694913641169242e-10,9.072649439493243e-07,1.0765794257511201e-34,-5.382964764193719e-35,5.382897128755601e-35
379.85748218527317,12.535296912114015,4.6259856453333024e-10,1.0618012339398357e-10,-4.6259855264141443e-10,9.072650663601811e-07,1.074963893811278e-34,-5.374886212014159e-35,5.37481946905639e-35
380.4275534441805,12.554109263657956,4.558095156086558e-10,1.0448696320466372e-10,-4.558095043804849e-10,9.072651873367761e-07,1.0733532019286775e-34,-5.366831872112235e-35,5.366766009643387e-35
380.99762470308787,12.572921615201901,4.491226229500624e-10,1.0282154552596859e-10,-4.491226123485421e-10,9.072653068960489e-07,1.0717473283973858e-34,-5.358801635793749e-35,5.358736641986929e-35
381.56769596199524,12.591733966745844,4.425363052652634e-10,1.0118340203805423e-10,-4.4253629525537515e-10,9.072654250547366e-07,1.0701462516409491e-34,-5.350795395014212e-35,5.350731258204746e-35
382.1377672209026,12.610546318289787,4.360490065313979e-10,9.957207258801702e-11,-4.3604899708008263e-10,9.072655418293766e-07,1.0685499502114287e-34,-5.342813042373993e-35,5.342749751057143e-35
382.70783847981,12.62935866983373,4.2965919557791674e-10,9.798710504282106e-11,-4.2965918665396525e-10,9.072656572363088e-07,1.0669584027884468e-34,-5.334854471113511e-35,5.334792013942234e-35
383.2779097387173,12.648171021377673,4.2336536567522266e-10,9.642805514449871e-11,-4.233653572491717e-10,9.072657712916789e-07,1.0653715881782409e-34,-5.326919575108477e-35,5.326857940891204e-35
383.8479809976247,12.666983372921615,4.171660341291577e-10,9.489448636765043e-11,-4.171660261731923e-10,9.072658840114389e-07,1.0637894853127258e-34,-5.319008248865171e-35,5.318947426563629e-35
384.41805225653206,12.685795724465558,4.1105974188408914e-10,9.338596978016286e-11,-4.110597343719504e-10,9.07265995411351e-07,1.0622120732485651e-34,-5.311120387515772e-35,5.311060366242826e-35
384.98812351543944,12.704608076009501,4.050450531339469e-10,9.190208390691213e-11,-4.0504504604084453e-10,9.072661055069898e-07,1.0606393311662504e-34,-5.303255886813713e-35,5.303196655831252e-35
385.55819477434676,12.723420427553444,3.991205549372703e-10,9.044241459511716e-11,-3.991205482398006e-10,9.072662143137439e-07,1.059071238369188e-34,-5.295414643129096e-35,5.29535619184594e-35
386.12826603325414,12.742232779097387,3.9328485683952786e-10,8.900655488243687e-11,-3.9328485051559585e-10,9.072663218468184e-07,1.0575077742827941e-34,-5.287596553444127e-35,5.287538871413971e-35
386.6983372921615,12.76104513064133,3.8753659050337993e-10,8.759410486801933e-11,-3.8753658453212635e-10,9.072664281212375e-07,1.055948918453599e-34,-5.279801515348618e-35,5.279744592267995e-35
387.2684085510689,12.779857482185275,3.818744093449572e-10,8.620467158585041e-11,-3.818744037066891e-10,9.072665331518455e-07,1.0543946505483558e-34,-5.272029427035495e-35,5.271973252741779e-35
387.83847980997626,12.798669833729218,3.7629698817440997e-10,8.483786887980918e-11,-3.7629698285053534e-10,9.07266636953311e-07,1.0528449503531637e-34,-5.264280187296379e-35,5.264224751765818e-35
388.4085510688836,12.817482185273159,3.7080302284399694e-10,8.349331728151798e-11,-3.708030178169633e-10,9.072667395401271e-07,1.05129979777259e-34,-5.256553695517183e-35,5.25649898886295e-35
388.97862232779096,12.836294536817102,3.653912299034546e-10,8.217064389088415e-11,-3.653912251566907e-10,9.072668409266148e-07,1.0497591728288076e-34,-5.248849851673757e-35,5.248795864144038e-35
389.54869358669833,12.855106888361046,3.6006034625937026e-10,8.086948225823766e-11,-3.600603417772311e-10,9.072669411269239e-07,1.0482230556607343e-34,-5.241168556327572e-35,5.241115278303671e-35
390.1187648456057,12.873919239904989,3.5480912884014946e-10,7.958947226858831e-11,-3.5480912460786445e-10,9.072670401550361e-07,1.0466914265231853e-34,-5.233509710621441e-35,5.233457132615926e-35
390.68883610451303,12.89273159144893,3.4963635426802363e-10,7.833026002847186e-11,-3.496363502716478e-10,9.072671380247669e-07,1.045164265786028e-34,-5.225873216275268e-35,5.22582132893014e-35
391.2589073634204,12.911543942992873,3.445408185371277e-10,7.709149775505307e-11,-3.4454081476349525e-10,9.072672347497672e-07,1.0436415539333454e-34,-5.218258975581848e-35,5.218207769666727e-35
391.8289786223278,12.930356294536818,3.395213366948546e-10,7.587284366655703e-11,-3.3952133313153546e-10,9.07267330343525e-07,1.0421232715626093e-34,-5.210666891402706e-35,5.210616357813046e-35
392.39904988123516,12.94916864608076,3.3457674252963634e-10,7.46739618750632e-11,-3.345767391648951e-10,9.072674248193681e-07,1.0406093993838586e-34,-5.203096867163949e-35,5.203046996919293e-35
392.96912114014253,12.967980997624704,3.297058882652317e-10,7.349452228167857e-11,-3.297058850879885e-10,9.072675181904658e-07,1.0390999182188838e-34,-5.195548806852181e-35,5.195499591094419e-35
393.53919239904985,12.986793349168646,3.249076442592382e-10,7.2334200473329e-11,-3.249076412590323e-10,9.07267610469831e-07,1.0375948090004207e-34,-5.188022615010435e-35,5.187974045002103e-35
394.10926365795723,13.00560570071259,3.201808987057318e-10,7.119267762113463e-11,-3.201808958726866e-10,9.072677016703211e-07,1.0360940527713507e-34,-5.180518196734152e-35,5.180470263856754e-35
394.6793349168646,13.024418052256532,3.155245573441471e-10,7.006964038105606e-11,-3.1552455466893785e-10,9.072677918046417e-07,1.0345976306839065e-34,-5.173035457667189e-35,5.172988153419533e-35
395.249406175772,13.043230403800475,3.1093754317396316e-10,6.896478079665669e-11,-3.1093754064778583e-10,9.072678808853463e-07,1.033105523998886e-34,-5.165574303997863e-35,5.16552761999443e-35
395.8194774346793,13.062042755344418,3.064187961722781e-10,6.787779620302312e-11,-3.064187937868205e-10,9.072679689248395e-07,1.0316177140848712e-34,-5.158134642455026e-35,5.158088570424356e-35
396.3895486935867,13.080855106888361,3.019672730165955e-10,6.680838913259843e-11,-3.019672707640095e-10,9.07268055935379e-07,1.030134182417459e-34,-5.150716380304182e-35,5.150670912087296e-35
396.95961995249405,13.099667458432304,2.9758194681338494e-10,6.575626722310346e-11,-2.975819446862607e-10,9.072681419290762e-07,1.0286549105784901e-34,-5.143319425343627e-35,5.143274552892451e-35
397.5296912114014,13.118479809976249,2.9326180683106965e-10,6.472114312709751e-11,-2.932618048224111e-10,9.072682269178983e-07,1.0271798802552917e-34,-5.135943685900633e-35,5.135899401276459e-35
398.0997624703088,13.137292161520191,2.8900585823602626e-10,6.370273442271752e-11,-2.8900585633922786e-10,9.072683109136709e-07,1.025709073239925e-34,-5.128589070827654e-35,5.128545366199625e-35
398.6698337292161,13.156104513064133,2.8481312183405604e-10,6.270076352638756e-11,-2.848131200428811e-10,9.072683939280794e-07,1.0242424714284362e-34,-5.121255489498576e-35,5.121212357142181e-35
399.2399049881235,13.174916864608075,2.806826338171618e-10,6.171495760743544e-11,-2.806826321257218e-10,9.072684759726697e-07,1.0227800568201168e-34,-5.113942851804985e-35,5.113900284100584e-35
399.8099762470309,13.19372921615202,2.766134455132594e-10,6.074504850384554e-11,-2.7661344391599437e-10,9.072685570588512e-07,1.0213218115167706e-34,-5.106651068152483e-35,5.106609057583853e-35
400.38004750593825,13.212541567695963,2.72604623139871e-10,5.979077263948029e-11,-2.7260462163153143e-10,9.072686371978974e-07,1.0198677177219837e-34,-5.099380049457022e-35,5.099338588609919e-35
400.95011876484557,13.231353919239904,2.6865524756294917e-10,5.885187094313796e-11,-2.686552461385785e-10,9.072687164009479e-07,1.0184177577404046e-34,-5.092129707141281e-35,5.092088788702023e-35
401.52019002375295,13.250166270783847,2.647644140601603e-10,5.792808876921995e-11,-2.6476441271507847e-10,9.072687946790105e-07,1.0169719139770268e-34,-5.08489995313106e-35,5.084859569885134e-35
402.0902612826603,13.268978622327792,2.609312320865018e-10,5.7019175819320726e-11,-2.609312308162901e-10,9.07268872042962e-07,1.0155301689364811e-34,-5.077690699851714e-35,5.077650844682406e-35
402.6603325415677,13.287790973871735,2.571548250445692e-10,5.61248860654821e-11,-2.571548238450554e-10,9.072689485035504e-07,1.014092505222331e-34,-5.070501860224625e-35,5.070462526111655e-35
403.2304038004751,13.306603325415677,2.5343433005956536e-10,5.524497767513252e-11,-2.534343289268099e-10,9.072690240713959e-07,1.0126589055363754e-34,-5.063333347663683e-35,5.063294527681877e-35
403.8004750593824,13.32541567695962,2.497688977574298e-10,5.437921293718736e-11,-2.4976889668771304e-10,9.07269098756993e-07,1.0112293526779556e-34,-5.056185076071811e-35,5.056146763389778e-35
404.37054631828977,13.344228028503563,2.4615769204589254e-10,5.3527358189243694e-11,-2.4615769103570235e-10,9.072691725707117e-07,1.0098038295432723e-34,-5.049056959837521e-35,5.049019147716361e-35
404.94061757719714,13.363040380047506,2.4259988990008077e-10,5.268918374638535e-11,-2.4259988894610086e-10,9.072692455227988e-07,1.0083823191247026e-34,-5.041948913831492e-35,5.041911595623513e-35
405.5106888361045,13.381852731591449,2.3909468115237753e-10,5.1864463831496686e-11,-2.390946802514765e-10,9.072693176233799e-07,1.0069648045101272e-34,-5.034860853403183e-35,5.034824022550636e-35
406.08076009501184,13.400665083135392,2.356412682843821e-10,5.105297650639401e-11,-2.3564126743360344e-10,9.072693888824601e-07,1.0055512688822604e-34,-5.027792694377466e-35,5.027756344411302e-35
406.6508313539192,13.419477434679335,2.3223886622261681e-10,5.0254503604296204e-11,-2.3223886541916868e-10,9.072694593099262e-07,1.0041416955179884e-34,-5.020744353051293e-35,5.020708477589942e-35
407.2209026128266,13.438289786223278,2.2888670213844987e-10,4.946883066377873e-11,-2.2888670137969622e-10,9.072695289155483e-07,1.0027360677877123e-34,-5.0137157461904e-35,5.013680338938562e-35
407.79097387173397,13.457102137767222,2.255840152512943e-10,4.8695746863905885e-11,-2.2558401453474607e-10,9.072695977089795e-07,1.001334369154692e-34,-5.006706791026019e-35,5.00667184577346e-35
408.36104513064134,13.475914489311165,2.2233005663393972e-10,4.793504496017675e-11,-2.2233005595724655e-10,9.072696656997596e-07,9.999365831744044e-35,-4.999717405251631e-35,4.999682915872022e-35
408.93111638954866,13.494726840855106,2.191240890218712e-10,4.7186521221869604e-11,-2.1912408838281386e-10,9.072697328973151e-07,9.985426934939004e-35,-4.992747507019745e-35,4.992713467469502e-35
409.50118764845604,13.51353919239905,2.1596538662647332e-10,4.644997537074339e-11,-2.1596538602295627e-10,9.072697993109606e-07,9.971526838511667e-35,-4.985797014938697e-35,4.985763419255834e-35
410.0712589073634,13.532351543942994,2.128532349503954e-10,4.572521052055221e-11,-2.128532343804399e-10,9.072698649499008e-07,9.957665380744993e-35,-4.97886584806949e-35,4.978832690372497e-35
410.6413301662708,13.551163895486937,2.0978693060576613e-10,4.501203311758412e-11,-2.0978693006750373e-10,9.072699298232306e-07,9.943842400818741e-35,-4.971953925922645e-35,4.971921200409371e-35
411.21140142517817,13.56997624703088,2.0676578113615715e-10,4.431025288250505e-11,-2.0676578062782354e-10,9.072699939399379e-07,9.930057738803301e-35,-4.96506116845508e-35,4.965028869401651e-35
411.7814726840855,13.588788598574821,2.0378910484184425e-10,4.361968275335978e-11,-2.037891043617735e-10,9.07270057308904e-07,9.91631123565352e-35,-4.95818749606703e-35,4.95815561782676e-35
412.35154394299286,13.607600950118766,2.0085623060673458e-10,4.294013882921541e-11,-2.0085623015335355e-10,9.072701199389053e-07,9.902602733202607e-35,-4.951332829598968e-35,4.951301366601303e-35
412.92161520190024,13.626413301662708,1.979664977286756e-10,4.2271440314982665e-11,-1.9796649730049882e-10,9.07270181838614e-07,9.888932074156098e-35,-4.944497090328581e-35,4.944466037078049e-35
413.4916864608076,13.645225653206651,1.9511925575323202e-10,4.161340946743727e-11,-1.951192553488568e-10,9.072702430165994e-07,9.875299102085827e-35,-4.937680199967742e-35,4.937649551042913e-35
414.06175771971493,13.664038004750594,1.9231386430978194e-10,4.096587154207765e-11,-1.9231386392788377e-10,9.0727030348133e-07,9.861703661424007e-35,-4.930882080659528e-35,4.930851830712004e-35
414.6318289786223,13.682850356294537,1.8954969294969065e-10,4.0328654740742297e-11,-1.8954969258901876e-10,9.072703632411741e-07,9.848145597457318e-35,-4.924102654975252e-35,4.924072798728659e-35
415.2019002375297,13.70166270783848,1.8682612098781991e-10,3.97015901603755e-11,-1.8682612064719324e-10,9.072704223044006e-07,9.834624756321035e-35,-4.917341845911523e-35,4.917312378160518e-35
415.77197149643706,13.720475059382423,1.8414253734716652e-10,3.9084511742872143e-11,-1.841425370254698e-10,9.072704806791807e-07,9.821140984993257e-35,-4.910599576887327e-35,4.910570492496628e-35
416.34204275534444,13.739287410926368,1.8149834040503787e-10,3.847725622550395e-11,-1.8149834010121795e-10,9.07270538373589e-07,9.807694131289116e-35,-4.903875771741143e-35,4.903847065644558e-35
416.91211401425176,13.758099762470309,1.78892937841931e-10,3.7879663092288246e-11,-1.7889293755499334e-10,9.072705953956048e-07,9.794284043855096e-35,-4.897170354728062e-35,4.897142021927548e-35
417.48218527315913,13.776912114014252,1.763257464935016e-10,3.7291574526413585e-11,-1.7632574622250715e-10,9.072706517531127e-07,9.780910572163344e-35,-4.890483250516956e-35,4.890455286081672e-35
418.0522565320665,13.795724465558195,1.73796192204971e-10,3.671283536351741e-11,-1.7379619194903291e-10,9.072707074539045e-07,9.767573566506077e-35,-4.883814384187638e-35,4.883786783253038e-35
418.6223277909739,13.81453681710214,1.7130370968704725e-10,3.614329304552876e-11,-1.7130370944532812e-10,9.072707625056798e-07,9.754272877989985e-35,-4.877163681228082e-35,4.877136438994992e-35
419.1923990498812,13.83334916864608,1.688477423747653e-10,3.558279757550648e-11,-1.6884774214647434e-10,9.072708169160467e-07,9.741008358530731e-35,-4.870531067531636e-35,4.870504179265366e-35
419.7624703087886,13.852161520190023,1.6642774228918063e-10,3.503120147344855e-11,-1.6642774207357104e-10,9.072708706925244e-07,9.727779860847444e-35,-4.863916469394271e-35,4.863889930423722e-35
420.33254156769596,13.870973871733968,1.6404316990066734e-10,3.4488359732686057e-11,-1.6404316969703392e-10,9.072709238425418e-07,9.714587238457297e-35,-4.857319813511847e-35,4.857293619228649e-35
420.90261282660333,13.88978622327791,1.616934939942586e-10,3.395412977699401e-11,-1.6169349380193545e-10,9.072709763734414e-07,9.701430345670113e-35,-4.850741026977413e-35,4.850715172835057e-35
421.4726840855107,13.908598574821854,1.5937819153774158e-10,3.342837141863587e-11,-1.5937819135609985e-10,9.072710282924783e-07,9.688309037583012e-35,-4.844180037278512e-35,4.844154518791506e-35
422.042755344418,13.927410926365795,1.570967475521964e-10,3.2910946817240554e-11,-1.570967473806422e-10,9.072710796068221e-07,9.675223170075112e-35,-4.83763677229452e-35,4.837611585037556e-35
422.6128266033254,13.94622327790974,1.5484865498373527e-10,3.240172043913213e-11,-1.548486548217078e-10,9.072711303235578e-07,9.662172599802245e-35,-4.831111160293997e-35,4.831086299901123e-35
423.1828978622328,13.965035629453682,1.526334145777056e-10,3.190055901749504e-11,-1.5263341442467526e-10,9.072711804496864e-07,9.649157184191771e-35,-4.824603129932075e-35,4.824578592095886e-35
423.75296912114015,13.983847980997625,1.5045053475544422e-10,3.1407331513398205e-11,-1.504505346109109e-10,9.072712299921266e-07,9.636176781437362e-35,-4.81811261024785e-35,4.818088390718681e-35
424.3230403800475,14.002660332541566,1.4829953149275846e-10,3.092190907742403e-11,-1.4829953135624988e-10,9.072712789577151e-07,9.623231250493894e-35,-4.811639530661801e-35,4.811615625246947e-35
424.89311163895485,14.021472684085511,1.4617992819989317e-10,3.044416501182858e-11,-1.461799280709633e-10,9.07271327353208e-07,9.610320451072325e-35,-4.805183820973238e-35,4.8051602255361624e-35
425.4631828978622,14.040285035629454,1.440912556039477e-10,2.9973974733522016e-11,-1.4409125548217534e-10,9.07271375185282e-07,9.59744424363467e-35,-4.7987454113577535e-35,4.798722121817335e-35
426.0332541567696,14.059097387173397,1.4203305163360557e-10,2.9511215737825474e-11,-1.4203305151859296e-10,9.072714224605345e-07,9.584602489388957e-35,-4.792324232364716e-35,4.7923012446944787e-35
426.603325415677,14.077909738717342,1.400048613049958e-10,2.9055767562643894e-11,-1.4000486119636732e-10,9.072714691854855e-07,9.571795050284276e-35,-4.785920214914762e-35,4.785897525142138e-35
427.1733966745843,14.096722090261283,1.3800623660950997e-10,2.8607511753304033e-11,-1.3800623650691088e-10,9.072715153665777e-07,9.55902178900582e-35,-4.7795332902973225e-35,4.77951089450291e-35
427.7434679334917,14.115534441805226,1.3603673640389547e-10,2.8166331828149764e-11,-1.3603673630699074e-10,9.072715610101781e-07,9.546282568970015e-35,-4.7731633901681647e-35,4.773141284485007e-35
428.31353919239905,14.134346793349168,1.340959263021668e-10,2.7732113244755446e-11,-1.340959262106401e-10,9.072716061225783e-07,9.53357725431964e-35,-4.766810446546956e-35,4.76678862715982e-35
428.8836104513064,14.153159144893113,1.321833785685999e-10,2.730474336653383e-11,-1.3218337848215241e-10,9.072716507099957e-07,9.520905709919028e-35,-4.760474391814839e-35,4.760452854959514e-35
429.45368171021374,14.171971496437054,1.30298672012868e-10,2.688411143005532e-11,-1.302986719312176e-10,9.07271694778575e-07,9.508267801349276e-35,-4.7541551587120376e-35,4.754133900674638e-35
430.0237529691211,14.190783847980997,1.2844139188728356e-10,2.647010851306538e-11,-1.2844139181016378e-10,9.072717383343878e-07,9.495663394903509e-35,-4.7478526803354716e-35,4.7478316974517544e-35
430.5938242280285,14.209596199524942,1.2661112978523668e-10,2.60626275029245e-11,-1.2661112971239588e-10,9.072717813834342e-07,9.48309235758216e-35,-4.741566890136399e-35,4.74154617879108e-35
431.16389548693587,14.228408551068885,1.248074835411017e-10,2.5661563065551982e-11,-1.2480748347230217e-10,9.072718239316437e-07,9.470554557088327e-35,-4.735297721918071e-35,4.7352772785441636e-35
431.73396674584325,14.247220902612828,1.2303005713217572e-10,2.5266811615039887e-11,-1.2303005706719306e-10,9.07271865984876e-07,9.458049861823124e-35,-4.729045109833406e-35,4.729024930911562e-35
432.30403800475057,14.266033254156769,1.2127846058243476e-10,2.487827128386902e-11,-1.21278460521057e-10,9.072719075489213e-07,9.4455781408811e-35,-4.7228089883826897e-35,4.72278907044055e-35
432.87410926365794,14.284845605700713,1.1955230986716045e-10,2.449584189344586e-11,-1.195523098091874e-10,9.072719486295023e-07,9.433139264045668e-35,-4.716589292411278e-35,4.716569632022834e-35
433.4441805225653,14.303657957244656,1.1785122681936744e-10,2.4119424925234014e-11,-1.1785122676461004e-10,9.072719892322733e-07,9.42073310178459e-35,-4.710385957107336e-35,4.710366550892295e-35
434.0142517814727,14.3224703087886,1.1617483903811235e-10,2.3748923492502588e-11,-1.1617483898639207e-10,9.072720293628231e-07,9.408359525245508e-35,-4.704198917999583e-35,4.704179762622754e-35
434.58432304038,14.34128266033254,1.145227797980988e-10,2.3384242312515644e-11,-1.1452277974924701e-10,9.072720690266738e-07,9.396018406251457e-35,-4.6980281109550556e-35,4.6980092031257283e-35
435.1543942992874,14.360095011876485,1.1289468796034379e-10,2.3025287679092516e-11,-1.1289468791420124e-10,9.072721082292828e-07,9.383709617296481e-35,-4.6918734721768936e-35,4.6918548086482403e-35
435.72446555819477,14.378907363420428,1.1129020788465396e-10,2.2671967435758248e-11,-1.1129020784107024e-10,9.072721469760433e-07,9.371433031541233e-35,-4.685734938202143e-35,4.6857165157706163e-35
436.29453681710214,14.39771971496437,1.0970898934381494e-10,2.232419094945369e-11,-1.0970898930264802e-10,9.072721852722848e-07,9.359188522808638e-35,-4.6796124458995695e-35,4.679594261404319e-35
436.8646080760095,14.416532066508315,1.0815068743861921e-10,2.1981869084545643e-11,-1.0815068739973495e-10,9.072722231232739e-07,9.346975965579571e-35,-4.6735059324674987e-35,4.6734879827897856e-35
437.43467933491684,14.435344418052257,1.0661496251431392e-10,2.1644914177307646e-11,-1.066149624775856e-10,9.072722605342158e-07,9.334795234988595e-35,-4.6674153354316633e-35,4.6673976174942975e-35
438.0047505938242,14.4541567695962,1.0510148007873016e-10,2.1313240010946076e-11,-1.0510148004403816e-10,9.072722975102539e-07,9.322646206819688e-35,-4.661340592643076e-35,4.661323103409844e-35
438.5748218527316,14.472969121140142,1.0360991072177456e-10,2.0986761791076022e-11,-1.0360991068900583e-10,9.072723340564709e-07,9.310528757502049e-35,-4.6552816422759124e-35,4.6552643787510244e-35
439.14489311163896,14.491781472684087,1.0213993003569744e-10,2.066539612147419e-11,-1.0213993000474528e-10,9.072723701778904e-07,9.298442764105908e-35,-4.6492384228254163e-35,4.649221382052954e-35
439.7149643705463,14.510593824228028,1.0069121853693871e-10,2.0349060980342295e-11,-1.0069121850770231e-10,9.072724058794759e-07,9.286388104338395e-35,-4.643210873105814e-35,4.6431940521691976e-35
440.28503562945366,14.529406175771971,9.926346158953241e-11,2.0037675697073375e-11,-9.926346156191658e-11,9.072724411661337e-07,9.274364656539401e-35,-4.63719893224825e-35,4.6371823282697007e-35
440.85510688836104,14.548218527315916,9.78563493294084e-11,1.9731160929326345e-11,-9.78563493033232e-11,9.072724760427112e-07,9.262372299677502e-35,-4.631202539698739e-35,4.631186149838751e-35
441.4251781472684,14.567030878859859,9.646957658975269e-11,1.9429438640455016e-11,-9.646957656511323e-11,9.072725105139996e-07,9.250410913345918e-35,-4.6252216352161335e-35,4.625205456672959e-35
441.9952494061758,14.585843230403801,9.510284282787199e-11,1.9132432077420342e-11,-9.510284280459804e-11,9.072725445847329e-07,9.23848037775847e-35,-4.6192561588701e-35,4.619240188879235e-35
442.5653206650831,14.604655581947743,9.375585205341402e-11,1.8840065749139946e-11,-9.375585203142983e-11,9.072725782595906e-07,9.226580573745618e-35,-4.613306051039125e-35,4.613290286872809e-35
443.1353919239905,14.623467933491687,9.242831275722398e-11,1.8552265405066063e-11,-9.242831273645802e-11,9.07272611543196e-07,9.214711382750467e-35,-4.6073712524085213e-35,4.6073556913752334e-35
443.70546318289786,14.64228028503563,9.111993784151928e-11,1.8268958014188207e-11,-9.111993782190399e-11,9.07272644440119e-07,9.202872686824875e-35,-4.601451703968461e-35,4.6014363434124373e-35
444.27553444180523,14.661092636579573,8.983044455145921e-11,1.7990071744480865e-11,-8.983044453293075e-11,9.07272676954875e-07,9.191064368625522e-35,-4.595547347012017e-35,4.595532184312761e-35
444.84560570071255,14.679904988123514,8.855955440768827e-11,1.771553594267393e-11,-8.855955439018637e-11,9.07272709091927e-07,9.179286311410064e-35,-4.5896581231332226e-35,4.589643155705032e-35
445.41567695961993,14.698717339667459,8.730699313964279e-11,1.744528111428328e-11,-8.730699312311051e-11,9.072727408556847e-07,9.167538399033273e-35,-4.583783974225143e-35,4.5837691995166366e-35
445.9857482185273,14.717529691211402,8.607249062019666e-11,1.7179238904066965e-11,-8.607249060458024e-11,9.072727722505067e-07,9.155820515943246e-35,-4.5779248424779693e-35,4.577910257971623e-35
446.5558194774347,14.736342042755345,8.48557808015819e-11,1.6917342076887377e-11,-8.485578078683055e-11,9.072728032806999e-07,9.144132547177611e-35,-4.5720806703771166e-35,4.5720662735888054e-35
447.12589073634206,14.75515439429929,8.365660165193296e-11,1.6659524498789835e-11,-8.365660163799871e-11,9.07272833950521e-07,9.132474378359789e-35,-4.566251400701341e-35,4.5662371891798945e-35
447.6959619952494,14.77396674584323,8.247469509286518e-11,1.6405721118416162e-11,-8.247469507970275e-11,9.07272864264176e-07,9.120845895695248e-35,-4.5604369765208784e-35,4.560422947847624e-35
448.26603325415675,14.792779097387173,8.130980693829996e-11,1.6155867948812097e-11,-8.130980692586654e-11,9.072728942258225e-07,9.109246985967835e-35,-4.5546373411955814e-35,4.5546234929839173e-35
448.83610451306413,14.811591448931116,8.016168683431335e-11,1.590990204956317e-11,-8.016168682256853e-11,9.072729238395684e-07,9.097677536536084e-35,-4.5488524383730864e-35,4.548838768268042e-35
449.4061757719715,14.830403800475061,7.903008819954507e-11,1.566776150912636e-11,-7.903008818845066e-11,9.072729531094739e-07,9.086137435329593e-35,-4.543082211986987e-35,4.5430687176647964e-35
449.9762470308788,14.849216152019002,7.791476816677222e-11,1.542938542752911e-11,-7.791476815629219e-11,9.072729820395511e-07,9.074626570845415e-35,-4.537326606255022e-35,4.5373132854227074e-35
450.5463182897862,14.868028503562945,7.681548752564075e-11,1.5194713899432023e-11,-7.681548751574104e-11,9.072730106337651e-07,9.063144832144449e-35,-4.5315855656772724e-35,4.5315724160722245e-35
451.1163895486936,14.886840855106888,7.573201066607328e-11,1.4963687997417557e-11,-7.573201065672172e-11,9.072730388960344e-07,9.05169210884791e-35,-4.525859035034387e-35,4.525846054423955e-35
451.68646080760095,14.905653206650832,7.466410552244112e-11,1.4736249755528776e-11,-7.466410551360734e-11,9.072730668302317e-07,9.040268291133789e-35,-4.520146959385805e-35,4.5201341455668946e-35
452.2565320665083,14.924465558194775,7.36115435188546e-11,1.4512342153158051e-11,-7.361154351050989e-11,9.072730944401841e-07,9.028873269733351e-35,-4.5144492840679964e-35,4.5144366348666755e-35
452.82660332541565,14.943277909738717,7.257409951546725e-11,1.4291909099254382e-11,-7.257409950758453e-11,9.072731217296737e-07,9.017506935927647e-35,-4.508765954692725e-35,4.5087534679638235e-35
453.396674584323,14.962090261282661,7.15515517552476e-11,1.4074895416694088e-11,-7.155155174780126e-11,9.072731487024383e-07,9.006169181544083e-35,-4.503096917145311e-35,4.5030845907720416e-35
453.9667458432304,14.980902612826604,7.054368181171897e-11,1.3861246826956062e-11,-7.054368180468482e-11,9.072731753621718e-07,8.994859898952972e-35,-4.497442117582918e-35,4.497429949476486e-35
454.5368171021378,14.999714964370547,6.955027453773626e-11,1.3650909935119531e-11,-6.955027453109147e-11,9.072732017125246e-07,8.983578981064153e-35,-4.4918015024328465e-35,4.4917894905320764e-35
455.1068883610451,15.018527315914488,6.857111801499744e-11,1.344383221509798e-11,-6.857111800872044e-11,9.072732277571043e-07,8.972326321323606e-35,-4.4861750183908385e-35,4.486163160661803e-35
455.67695961995247,15.037339667458433,6.760600350410538e-11,1.3239961995057318e-11,-6.760600349817579e-11,9.072732534994765e-07,8.961101813710114e-35,-4.480562612419402e-35,4.480550906855057e-35
456.24703087885985,15.056152019002376,6.6654725395624e-11,1.3039248443141649e-11,-6.665472539002258e-11,9.072732789431649e-07,8.949905352731925e-35,-4.474964231746142e-35,4.4749526763659624e-35
456.8171021377672,15.074964370546319,6.571708116208489e-11,1.2841641553493992e-11,-6.571708115679344e-11,9.072733040916511e-07,8.938736833423462e-35,-4.469379823862109e-35,4.469368416711731e-35
457.3871733966746,15.093776722090263,6.479287131046204e-11,1.2647092132435107e-11,-6.479287130546341e-11,9.07273328948377e-07,8.927596151342054e-35,-4.4638093365201524e-35,4.463798075671027e-35
457.9572446555819,15.112589073634204,6.388189933540015e-11,1.2455551784880511e-11,-6.388189933067814e-11,9.072733535167434e-07,8.916483202564677e-35,-4.4582527177332967e-35,4.4582416012823386e-35
458.5273159144893,15.131401425178147,6.29839716733712e-11,1.2266972901043318e-11,-6.298397166891046e-11,9.072733778001112e-07,8.905397883684721e-35,-4.452709915773116e-35,4.4526989418423607e-35
459.09738717339667,15.15021377672209,6.209889765760201e-11,1.208130864337818e-11,-6.209889765338807e-11,9.072734018018022e-07,8.894340091808815e-35,-4.447180879168136e-35,4.4471700459044075e-35
459.66745843230404,15.169026128266035,6.122648947340785e-11,1.1898512933663511e-11,-6.122648946942705e-11,9.072734255250993e-07,8.883309724553626e-35,-4.4416655567022367e-35,4.441654862276813e-35
460.23752969121136,15.187838479809976,6.036656211438843e-11,1.1718540440349452e-11,-6.036656211062787e-11,9.072734489732464e-07,8.872306680042704e-35,-4.4361638974130726e-35,4.436153340021352e-35
460.80760095011874,15.206650831353919,5.951893333948662e-11,1.1541346566169838e-11,-5.951893333593409e-11,9.0727347214945e-07,8.861330856903367e-35,-4.430675850590498e-35,4.4306654284516834e-35
461.3776722090261,15.225463182897862,5.868342363055844e-11,1.1366887435919998e-11,-5.868342362720243e-11,9.072734950568782e-07,8.850382154263578e-35,-4.4252013657750175e-35,4.425191077131789e-35
461.9477434679335,15.244275534441806,5.78598561504974e-11,1.1195119884412232e-11,-5.785985614732703e-11,9.072735176986632e-07,8.839460471748879e-35,-4.4197403927562314e-35,4.4197302358744397e-35
462.51781472684087,15.26308788598575,5.7048056702191394e-11,1.1026001444685019e-11,-5.704805669919638e-11,9.072735400778993e-07,8.828565709479304e-35,-4.414292881571301e-35,4.414282854739652e-35
463.0878859857482,15.28190023752969,5.624785368824096e-11,1.085949033644542e-11,-5.6247853685411595e-11,9.072735621976452e-07,8.817697768066357e-35,-4.408858782503429e-35,4.408848884033179e-35
463.65795724465556,15.300712589073635,5.545907807102262e-11,1.0695545454629185e-11,-5.545907806834974e-11,9.072735840609231e-07,8.806856548609986e-35,-4.4034380460803425e-35,4.403428274304993e-35
464.22802850356294,15.319524940617578,5.4681563333465246e-11,1.0534126358179526e-11,-5.4681563330940187e-11,9.072736056707205e-07,8.7960419526956e-35,-4.3980306230727963e-35,4.3980209763478e-35
464.7980997624703,15.33833729216152,5.391514544059898e-11,1.037519325906033e-11,-5.3915145438213555e-11,9.072736270299899e-07,8.785253882391083e-35,-4.3926364644930767e-35,4.3926269411955414e-35
465.36817102137763,15.357149643705462,5.3159662801661495e-11,1.0218707011443709e-11,-5.315966279940798e-11,9.072736481416486e-07,8.774492240243849e-35,-4.3872555215935244e-35,4.3872461201219244e-35
465.938242280285,15.375961995249407,5.24149562326012e-11,1.0064629101027372e-11,-5.241495623047229e-11,9.072736690085801e-07,8.763756929277905e-35,-4.3818877458650654e-35,4.3818784646389527e-35
466.5083135391924,15.39477434679335,5.168086891932147e-11,9.912921634575882e-12,-5.168086891731027e-11,9.072736896336343e-07,8.753047852990961e-35,-4.3765330890357535e-35,4.3765239264954807e-35
467.07838479809976,15.413586698337292,5.095724638163549e-11,9.76354732967664e-12,-5.095724637973548e-11,9.072737100196271e-07,8.742364915351524e-35,-4.371191503069324e-35,4.371182457675762e-35
467.64845605700714,15.432399049881237,5.0243936437573855e-11,9.61646950461177e-12,-5.024393643577889e-11,9.072737301693425e-07,8.731708020796041e-35,-4.3658629401637564e-35,4.3658540103980207e-35
468.21852731591446,15.451211401425178,4.9540789168242896e-11,9.471652068400222e-12,-4.954078916654716e-11,9.07273750085531e-07,8.721077074226053e-35,-4.3605473527498477e-35,4.3605385371130264e-35
468.78859857482183,15.470023752969121,4.884765688337596e-11,9.329059511047748e-12,-4.884765688177398e-11,9.072737697709108e-07,8.710471981005369e-35,-4.3552446934897933e-35,4.3552359905026844e-35
469.3586698337292,15.488836104513064,4.816439408746767e-11,9.188656893974443e-12,-4.816439408595424e-11,9.07273789228169e-07,8.699892646957263e-35,-4.349954915275787e-35,4.3499463234786317e-35
469.9287410926366,15.507648456057009,4.749085744620289e-11,9.050409840540654e-12,-4.7490857444773115e-11,9.072738084599604e-07,8.689338978361694e-35,-4.344677971228626e-35,4.344669489180847e-35
470.49881235154396,15.526460807600952,4.6826905753526575e-11,8.914284526765409e-12,-4.682690575217583e-11,9.072738274689096e-07,8.678810881952539e-35,-4.339413814696319e-35,4.3394054409762696e-35
471.0688836104513,15.545273159144893,4.617239989935826e-11,8.780247672237132e-12,-4.617239989808217e-11,9.072738462576099e-07,8.668308264914858e-35,-4.334162399252719e-35,4.334154132457429e-35
471.63895486935866,15.564085510688836,4.552720283769378e-11,8.648266531146857e-12,-4.552720283648821e-11,9.072738648286244e-07,8.657831034882148e-35,-4.3289236786961534e-35,4.328915517441074e-35
472.20902612826603,15.58289786223278,4.4891179555111146e-11,8.518308883447759e-12,-4.48911795539722e-11,9.072738831844862e-07,8.64737909993367e-35,-4.323697607048072e-35,4.323689549966835e-35
472.7790973871734,15.601710213776723,4.4264197039897496e-11,8.390343026199462e-12,-4.426419703882149e-11,9.072739013276989e-07,8.636952368591747e-35,-4.318484138551695e-35,4.3184761842958733e-35
473.3491686460807,15.620522565320664,4.3646124251749134e-11,8.264337765083513e-12,-4.364612425073259e-11,9.072739192607364e-07,8.626550749819097e-35,-4.3132832276706884e-35,4.3132753749095487e-35
473.9192399049881,15.639334916864609,4.303683209172828e-11,8.140262406003923e-12,-4.30368320907679e-11,9.072739369860441e-07,8.616174153016202e-35,-4.3080948290878286e-35,4.308087076508101e-35
474.4893111638955,15.658147268408552,4.243619337274534e-11,8.018086746845481e-12,-4.2436193371838026e-11,9.072739545060386e-07,8.605822488018668e-35,-4.3029188977036887e-35,4.302911244009334e-35
475.05938242280286,15.676959619952495,4.1844082790619196e-11,7.897781069402822e-12,-4.184408278976201e-11,9.072739718231083e-07,8.595495665094621e-35,-4.2977553886353345e-35,4.2977478325473106e-35
475.62945368171023,15.695771971496438,4.12603768955611e-11,7.779316131438556e-12,-4.126037689475127e-11,9.072739889396137e-07,8.585193594942122e-35,-4.2926042572150244e-35,4.292596797471061e-35
476.19952494061755,15.71458432304038,4.068495406394615e-11,7.662663158833617e-12,-4.068495406318106e-11,9.072740058578872e-07,8.574916188686593e-35,-4.2874654589889183e-35,4.2874580943432967e-35
476.7695961995249,15.733396674584323,4.0117694470637566e-11,7.547793837900424e-12,-4.011769446991474e-11,9.072740225802346e-07,8.56466335787827e-35,-4.282338949715804e-35,4.282331678939135e-35
477.3396674584323,15.752209026128266,3.955848006184485e-11,7.43468030785336e-12,-3.955848006116195e-11,9.072740391089344e-07,8.554435014489657e-35,-4.2772246853658245e-35,4.277217507244829e-35
477.9097387173397,15.77102137767221,3.900719452824817e-11,7.323295153364443e-12,-3.9007194527602993e-11,9.072740554462387e-07,8.544231070913026e-35,-4.2721226221192175e-35,4.272115535456513e-35
478.479809976247,15.789833729216152,3.846372327852641e-11,7.213611397240918e-12,-3.8463723277916865e-11,9.072740715943728e-07,8.534051439957909e-35,-4.2670327163650655e-35,4.2670257199789547e-35
479.0498812351544,15.808646080760095,3.7927953413404e-11,7.1056024932546504e-12,-3.792795341282813e-11,9.072740875555366e-07,8.523896034848629e-35,-4.2619549247000495e-35,4.2619480174243145e-35
479.61995249406175,15.827458432304038,3.7399773700139435e-11,6.999242319102574e-12,-3.7399773699595363e-11,9.072741033319037e-07,8.513764769221818e-35,-4.256889203927216e-35,4.256882384610909e-35
480.1900237529691,15.846270783847983,3.687907454722923e-11,6.894505169437522e-12,-3.687907454671521e-11,9.072741189256225e-07,8.50365755712399e-35,-4.2518355110547587e-35,4.251828778561995e-35
480.7600950118765,15.865083135391925,3.636574797958856e-11,6.791365749038827e-12,-3.6365747979102924e-11,9.072741343388166e-07,8.493574313009118e-35,-4.2467938032947916e-35,4.246787156504559e-35
481.3301662707838,15.883895486935867,3.585968761421497e-11,6.6897991661235664e-12,-3.585968761375615e-11,9.072741495735844e-07,8.483514951736199e-35,-4.241764038062145e-35,4.241757475868099e-35
481.9002375296912,15.90270783847981,3.536078863614741e-11,6.5897809257484784e-12,-3.536078863571393e-11,9.072741646319999e-07,8.473479388566885e-35,-4.2367461729731707e-35,4.2367396942834426e-35
482.4703087885986,15.921520190023754,3.486894777471916e-11,6.4912869233020395e-12,-3.486894777430961e-11,9.072741795161129e-07,8.463467539163092e-35,-4.231740165844546e-35,4.231733769581546e-35
483.04038004750595,15.940332541567697,3.438406328027645e-11,6.394293438131586e-12,-3.438406327988952e-11,9.072741942279491e-07,8.453479319584661e-35,-4.226745974692094e-35,4.2267396597923306e-35
483.61045130641327,15.959144893111638,3.390603490132903e-11,6.298777127296151e-12,-3.3906034900963456e-11,9.072742087695107e-07,8.443514646286986e-35,-4.22176355772961e-35,4.221757323143493e-35
484.18052256532064,15.977957244655583,3.343476386189275e-11,6.204715019381558e-12,-3.3434763861547354e-11,9.072742231427764e-07,8.433573436118705e-35,-4.216792873367693e-35,4.2167867180593527e-35
484.750593824228,15.996769596199526,3.29701528392205e-11,6.112084508429171e-12,-3.297015283889417e-11,9.072742373497021e-07,8.423655606319404e-35,-4.211833880212592e-35,4.211827803159702e-35
485.3206650831354,16.01558194774347,3.251210594196655e-11,6.020863347989803e-12,-3.251210594165824e-11,9.072742513922204e-07,8.413761074517282e-35,-4.206886537065055e-35,4.206880537258641e-35
485.89073634204277,16.034394299287413,3.2060528688673864e-11,5.931029645273235e-12,-3.206052868838257e-11,9.072742652722413e-07,8.403889758726928e-35,-4.2019508029191874e-35,4.201944879363464e-35
486.4608076009501,16.053206650831353,3.1615327986470253e-11,5.8425618553634956e-12,-3.161532798619504e-11,9.072742789916533e-07,8.394041577347013e-35,-4.19702663696132e-35,4.1970207886735065e-35
487.03087885985747,16.072019002375296,3.117641211017829e-11,5.755438775553048e-12,-3.1176412109918266e-11,9.072742925523216e-07,8.384216449158062e-35,-4.1921139985688837e-35,4.192108224579031e-35
487.60095011876484,16.090831353919242,3.074369068182679e-11,5.6696395397923556e-12,-3.0743690681581114e-11,9.072743059560908e-07,8.374414293320233e-35,-4.187212847309292e-35,4.1872071466601167e-35
488.1710213776722,16.109643705463185,3.0317074650364555e-11,5.585143613202524e-12,-3.031707465013245e-11,9.072743192047833e-07,8.364635029371097e-35,-4.18232314293883e-35,4.1823175146855483e-35
488.74109263657954,16.128456057007124,2.989647627167032e-11,5.5019307866753185e-12,-2.989647627145101e-11,9.072743323002003e-07,8.354878577223426e-35,-4.1774448454015577e-35,4.177439288611713e-35
489.3111638954869,16.147268408551067,2.9481809088952245e-11,5.4199811715846015e-12,-2.948180908874505e-11,9.07274345244122e-07,8.34514485716303e-35,-4.17257791482821e-35,4.172572428581515e-35
489.8812351543943,16.166080760095014,2.9072987913482817e-11,5.339275194594541e-12,-2.907298791328705e-11,9.072743580383079e-07,8.33543378984657e-35,-4.1677223115351146e-35,4.167716894923285e-35
490.45130641330167,16.184893111638956,2.866992880549206e-11,5.259793592518663e-12,-2.8669928805307094e-11,9.07274370684497e-07,8.325745296299427e-35,-4.1628779960231095e-35,4.1628726481497137e-35
491.02137767220904,16.2037054631829,2.8272549055415767e-11,5.181517407280362e-12,-2.8272549055241006e-11,9.07274383184408e-07,8.316079297913543e-35,-4.1580449289764774e-35,4.1580396489567715e-35
491.59144893111636,16.222517814726842,2.788076716550709e-11,5.104427980976814e-12,-2.788076716534197e-11,9.072743955397393e-07,8.306435716445306e-35,-4.153223071261877e-35,4.153217858222653e-35
492.16152019002374,16.241330166270785,2.7494502831673646e-11,5.028506951010171e-12,-2.7494502831517638e-11,9.072744077521697e-07,8.296814474013441e-35,-4.14841238392729e-35,4.1484072370067205e-35
492.7315914489311,16.260142517814728,2.711367692552911e-11,4.953736245283264e-12,-2.711367692538171e-11,9.072744198233584e-07,8.287215493096924e-35,-4.143612828200969e-35,4.143607746548462e-35
493.3016627078385,16.27895486935867,2.6738211476794677e-11,4.88009807749427e-12,-2.673821147665541e-11,9.07274431754945e-07,8.277638696532881e-35,-4.1388243654903945e-35,4.1388193482664406e-35
493.8717339667458,16.297767220902614,2.6368029656026935e-11,4.807574942524112e-12,-2.6368029655895345e-11,9.072744435485504e-07,8.268084007514555e-35,-4.1340469573812484e-35,4.1340420037572773e-35
494.4418052256532,16.316579572446557,2.60030557574901e-11,4.736149611869489e-12,-2.6003055757365774e-11,9.072744552057763e-07,8.258551349589219e-35,-4.129280565636377e-35,4.1292756747946094e-35
495.01187648456056,16.3353919239905,2.5643215182315754e-11,4.665805129158063e-12,-2.564321518219828e-11,9.07274466728206e-07,8.249040646656168e-35,-4.1245251521947784e-35,4.124520323328084e-35
495.58194774346794,16.354204275534443,2.5288434421988437e-11,4.596524805755638e-12,-2.5288434421877446e-11,9.072744781174037e-07,8.239551822964687e-35,-4.119780679170582e-35,4.1197759114823434e-35
496.1520190023753,16.373016627078385,2.4938641042078026e-11,4.528292216444377e-12,-2.4938641041973155e-11,9.072744893749159e-07,8.230084803112035e-35,-4.1150471088520517e-35,4.1150424015560173e-35
496.72209026128263,16.39182897862233,2.459376366612438e-11,4.4610911951481025e-12,-2.4593763666025292e-11,9.072745005022712e-07,8.220639512041463e-35,-4.1103244037005757e-35,4.1103197560207313e-35
497.29216152019,16.41064133016627,2.4253731959832222e-11,4.3949058307446194e-12,-2.42537319597386e-11,9.072745115009798e-07,8.211215875040219e-35,-4.105612526349681e-35,4.1056079375201095e-35
497.8622327790974,16.429453681710214,2.3918476615568757e-11,4.329720462962942e-12,-2.3918476615480297e-11,9.072745223725348e-07,8.201813817737593e-35,-4.100911439604048e-35,4.1009069088687964e-35
498.43230403800476,16.448266033254157,2.3587929337015773e-11,4.2655196783274225e-12,-2.3587929336932192e-11,9.072745331184113e-07,8.192433266102955e-35,-4.0962211064385266e-35,4.0962166330514774e-35
499.0023752969121,16.4670783847981,2.3262022824039268e-11,4.202288306164634e-12,-2.3262022823960295e-11,9.072745437400683e-07,8.183074146443821e-35,-4.091541489997172e-35,4.0915370732219104e-35
499.57244655581945,16.485890736342043,2.294069075785251e-11,4.1400114146921985e-12,-2.2940690757777892e-11,9.072745542389467e-07,8.173736385403912e-35,-4.08687255359227e-35,4.086868192701956e-35
500.26253281660206,16.508663582947868,2.2557736715560727e-11,4.065879620358414e-12,-2.255773671549106e-11,9.072745667858828e-07,8.162461252171303e-35,-4.081234920261577e-35,4.0812306260856513e-35
501.31266408301036,16.543317914739344,2.1987402270854074e-11,3.955655164470294e-12,-2.1987402270791318e-11,9.072745855434512e-07,8.145362998000559e-35,-4.072685693577369e-35,4.0726814990002794e-35
502.36279534941866,16.577972246530816,2.1431712213581382e-11,3.8484724374243354e-12,-2.1431712213524852e-11,9.072746039036211e-07,8.128336224111341e-35,-4.0641722093738405e-35,4.0641681120556705e-35
503.41292661582696,16.612626578322292,2.0890283959416807e-11,3.744245853043974e-12,-2.089028395936588e-11,9.072746218748426e-07,8.11138048325052e-35,-4.0556942439687534e-35,4.05569024162526e-35
504.46305788223526,16.647280910113764,2.0362745114488937e-11,3.642892284921675e-12,-2.036274511444306e-11,9.072746394653847e-07,8.094495331887514e-35,-4.0472515755424863e-35,4.047247665943757e-35
505.51318914864356,16.68193524190524,1.9848733198015326e-11,3.5443309940760688e-12,-1.9848733197974e-11,9.0727465668334e-07,8.07768033017565e-35,-4.038843984118683e-35,4.038840165087825e-35
506.56332041505186,16.716589573696712,1.934789537267005e-11,3.448483558790374e-12,-1.9347895372632823e-11,9.072746735366282e-07,8.060935041914016e-35,-4.030471251545148e-35,4.030467520957008e-35
507.61345168146016,16.751243905488185,1.8859888182463358e-11,3.3552738065647956e-12,-1.885988818242982e-11,9.072746900330003e-07,8.044259034509788e-35,-4.022133161474974e-35,4.022129517254894e-35
508.66358294786846,16.78589823727966,1.8384377297918056e-11,3.2646277481172225e-12,-1.8384377297887845e-11,9.072747061800411e-07,8.027651878941007e-35,-4.013829499347906e-35,4.0138259394705036e-35
509.71371421427676,16.820552569071133,1.7921037268334297e-11,3.1764735133690757e-12,-1.792103726830708e-11,9.072747219851739e-07,8.011113149719841e-35,-4.005560052371936e-35,4.0055565748599207e-35
510.76384548068506,16.85520690086261,1.7469551280940306e-11,3.0907412893548695e-12,-1.7469551280915785e-11,9.072747374556639e-07,7.994642424856269e-35,-3.9973246095051213e-35,3.9973212124281346e-35
511.81397674709336,16.88986123265408,1.702961092673249e-11,3.0073632599962274e-12,-1.7029610926710402e-11,9.072747525986207e-07,7.978239285822241e-35,-3.9891229614376324e-35,3.9891196429111206e-35
512.8641080135017,16.924515564445556,1.6600915972814362e-11,2.9262735476827862e-12,-1.660091597279446e-11,9.072747674210023e-07,7.96190331751625e-35,-3.980954900574016e-35,3.980951658758125e-35
513.91423927991,16.959169896237032,1.6183174141048873e-11,2.847408156604342e-12,-1.6183174141030943e-11,9.072747819296183e-07,7.945634108228363e-35,-3.972820221015679e-35,3.9728170541141817e-35
514.9643705463183,16.993824228028505,1.5776100892844985e-11,2.770704917780408e-12,-1.5776100892828833e-11,9.072747961311331e-07,7.929431249605668e-35,-3.9647187185435857e-35,3.964715624802834e-35
516.0145018127266,17.02847855981998,1.5379419219903207e-11,2.696103435734847e-12,-1.5379419219888657e-11,9.072748100320691e-07,7.91329433661813e-35,-3.9566501906011636e-35,3.956647168309065e-35
517.0646330791349,17.063132891611453,1.4992859440751962e-11,2.6235450367652867e-12,-1.4992859440738853e-11,9.072748236388094e-07,7.897222967524893e-35,-3.948614436277427e-35,3.9486114837624467e-35
518.1147643455432,17.09778722340293,1.461615900290898e-11,2.552972718758042e-12,-1.461615900289717e-11,9.072748369576006e-07,7.881216743840945e-35,-3.940611256290289e-35,3.9406083719204726e-35
519.1648956119515,17.1324415551944,1.4249062290509625e-11,2.484331102501497e-12,-1.4249062290498985e-11,9.072748499945567e-07,7.865275270304254e-35,-3.932640452970098e-35,3.932637635152127e-35
520.2150268783598,17.167095886985877,1.3891320437245813e-11,2.4175663844517244e-12,-1.3891320437236228e-11,9.072748627556611e-07,7.849398154843221e-35,-3.9247018302433496e-35,3.9246990774216106e-35
521.2651581447681,17.201750218777345,1.3542691144466448e-11,2.3526262909061813e-12,-1.3542691144457811e-11,9.072748752467697e-07,7.833585008544606e-35,-3.916795193616618e-35,3.916792504272303e-35
522.3152894111764,17.23640455056882,1.3202938504292089e-11,2.2894600335421127e-12,-1.3202938504284306e-11,9.072748874736136e-07,7.81783544562176e-35,-3.908920350160664e-35,3.90891772281088e-35
523.3654206775847,17.271058882360293,1.2871832827603233e-11,2.228018266278271e-12,-1.2871832827596222e-11,9.072748994418017e-07,7.802149083383325e-35,-3.901077108494745e-35,3.9010745416916625e-35
524.415551943993,17.30571321415177,1.2549150476763536e-11,2.1682530434192785e-12,-1.254915047675722e-11,9.072749111568231e-07,7.786525542202225e-35,-3.893265278771106e-35,3.8932627711011125e-35
525.4656832104013,17.34036754594324,1.2234673702945234e-11,2.1101177790437365e-12,-1.2234673702939544e-11,9.072749226240504e-07,7.770964445485101e-35,-3.885484672659665e-35,3.8854822227425507e-35
526.5158144768096,17.375021877734717,1.192819048792603e-11,2.0535672075979606e-12,-1.1928190487920901e-11,9.072749338487415e-07,7.755465419642056e-35,-3.877735103332874e-35,3.877732709821028e-35
527.5659457432179,17.40967620952619,1.1629494390232453e-11,1.998557345658854e-12,-1.1629494390227834e-11,9.072749448360423e-07,7.740028094056796e-35,-3.870016385450765e-35,3.870014047028398e-35
528.6160770096262,17.444330541317665,1.1338384395506307e-11,1.945045454830139e-12,-1.1338384395502145e-11,9.072749555909892e-07,7.724652101057103e-35,-3.8623283351461706e-35,3.862326050528551e-35
529.6662082760345,17.478984873109138,1.1054664770976305e-11,1.8929900057376664e-12,-1.1054664770972555e-11,9.072749661185107e-07,7.709337075885686e-35,-3.854670770010129e-35,3.854668537942843e-35
530.7163395424428,17.513639204900613,1.0778144923918626e-11,1.8423506430902894e-12,-1.0778144923915248e-11,9.072749764234317e-07,7.694082656671351e-35,-3.847043509077448e-35,3.8470413283356755e-35
531.7664708088511,17.548293536692086,1.0508639263995176e-11,1.793088151774081e-12,-1.050863926399213e-11,9.07274986510473e-07,7.678888484400521e-35,-3.8394463728124555e-35,3.8394442422002603e-35
532.8166020752594,17.58294786848356,1.0245967069359902e-11,1.745164423948455e-12,-1.0245967069357157e-11,9.072749963842556e-07,7.663754202889097e-35,-3.831879183094908e-35,3.8318771014445487e-35
533.8667333416677,17.617602200275034,9.989952356428278e-12,1.698542427113948e-12,-9.989952356425806e-12,9.072750060493016e-07,7.648679458754651e-35,-3.82434176320607e-35,3.8243397293773256e-35
534.916864608076,17.65225653206651,9.740423753206494e-12,1.6531861731221313e-12,-9.740423753204266e-12,9.072750155100374e-07,7.633663901388938e-35,-3.8168339378149515e-35,3.816831950694469e-35
535.9669958744843,17.68691086385798,9.497214376081501e-12,1.6090606880993075e-12,-9.497214376079495e-12,9.07275024770795e-07,7.618707182930743e-35,-3.8093555329647227e-35,3.8093535914653716e-35
537.0171271408926,17.721565195649458,9.260161709974228e-12,1.5661319832562052e-12,-9.260161709972419e-12,9.072750338358143e-07,7.603808958239028e-35,-3.801906376059264e-35,3.801904479119514e-35
538.0672584073009,17.75621952744093,9.029107491762761e-12,1.5243670265570938e-12,-9.029107491761133e-12,9.072750427092444e-07,7.588968884866412e-35,-3.794486295849899e-35,3.794484442433206e-35
539.1173896737092,17.790873859232406,8.80389759688338e-12,1.4837337152222521e-12,-8.803897596881911e-12,9.072750513951468e-07,7.57418662303295e-35,-3.7870951224222596e-35,3.787093311516475e-35
540.1675209401175,17.825528191023878,8.584381929021385e-12,1.444200849038767e-12,-8.584381929020062e-12,9.07275059897496e-07,7.55946183560022e-35,-3.779732687183327e-35,3.77973091780011e-35
541.2176522065258,17.860182522815354,8.370414312804936e-12,1.4057381044552464e-12,-8.370414312803745e-12,9.072750682201825e-07,7.544794188045714e-35,-3.7723988228485997e-35,3.772397094022857e-35
542.2677834729341,17.894836854606826,8.161852389418797e-12,1.3683160094369283e-12,-8.161852389417722e-12,9.072750763670139e-07,7.530183348437522e-35,-3.765093363429434e-35,3.765091674218761e-35
543.3179147393424,17.9294911863983,7.958557515056006e-12,1.3319059190582369e-12,-7.958557515055038e-12,9.072750843417164e-07,7.515628987409307e-35,-3.7578161442205095e-35,3.7578144937046536e-35
544.3680460057507,17.964145518189774,7.760394662129173e-12,1.2964799918107285e-12,-7.760394662128302e-12,9.072750921479377e-07,7.501130778135588e-35,-3.75056700178746e-35,3.750565389067794e-35
545.418177272159,17.99879984998125,7.567232323163957e-12,1.26201116660484e-12,-7.567232323163172e-12,9.072750997892473e-07,7.486688396307266e-35,-3.743345773954629e-35,3.743344198153633e-35
546.4683085385673,18.033454181772722,7.378942417300856e-12,1.2284731404447358e-12,-7.378942417300148e-12,9.07275107269139e-07,7.472301520107492e-35,-3.7361522997929815e-35,3.736150760053746e-35
547.5184398049756,18.068108513564198,7.195400199332239e-12,1.1958403467559938e-12,-7.195400199331601e-12,9.072751145910324e-07,7.457969830187747e-35,-3.7289864196081435e-35,3.7289849150938737e-35
548.5685710713839,18.10276284535567,7.016484171204902e-12,1.1640879343466623e-12,-7.016484171204327e-12,9.072751217582741e-07,7.443693009644264e-35,-3.7218479749285907e-35,3.721846504822132e-35
549.6187023377922,18.137417177147146,6.84207599591912e-12,1.1331917469826236e-12,-6.842075995918602e-12,9.072751287741397e-07,7.429470743994649e-35,-3.7147368084939547e-35,3.7147353719973243e-35
550.6688336042005,18.172071508938615,6.672060413758423e-12,1.1031283035590302e-12,-6.672060413757956e-12,9.072751356418355e-07,7.415302721154844e-35,-3.707652764243484e-35,3.707651360577422e-35
551.7189648706088,18.20672584073009,6.506325160785009e-12,1.0738747788498883e-12,-6.506325160784588e-12,9.072751423644995e-07,7.401188631416278e-35,-3.700595687304623e-35,3.700594315708139e-35
552.7690961370171,18.241380172521563,6.3447608895386074e-12,1.0454089848186045e-12,-6.344760889538228e-12,9.072751489452027e-07,7.387128167423341e-35,-3.6935654239817244e-35,3.6935640837116705e-35
553.8192274034254,18.27603450431304,6.187261091877334e-12,1.0177093524727235e-12,-6.1872610918769925e-12,9.07275155386951e-07,7.373121024151065e-35,-3.6865618217448917e-35,3.6865605120755327e-35
554.8693586698337,18.31068883610451,6.033722023901945e-12,9.907549142466654e-13,-6.0337220239016364e-12,9.072751616926867e-07,7.359166898883112e-35,-3.679584729218947e-35,3.679583449441556e-35
555.919489936242,18.345343167895987,5.884042632905377e-12,9.64525286896694e-13,-5.884042632905099e-12,9.072751678652895e-07,7.345265491189943e-35,-3.672633996172523e-35,3.672632745594972e-35
556.9696212026504,18.379997499687462,5.738124486292213e-12,9.390006548929348e-13,-5.738124486291963e-12,9.072751739075775e-07,7.331416502907301e-35,-3.6657094735072835e-35,3.6657082514536507e-35
558.0197524690586,18.414651831478935,5.595871702413407e-12,9.141617542936092e-13,-5.595871702413182e-12,9.072751798223094e-07,7.317619638114886e-35,-3.6588110132472555e-35,3.658809819057443e-35
559.0698837354669,18.449306163270407,5.45719088326358e-12,8.899898570871569e-13,-5.457190883263376e-12,9.072751856121849e-07,7.303874603115306e-35,-3.6519384685282934e-35,3.651937301557653e-35
560.1200150018752,18.483960495061883,5.321991048989786e-12,8.664667559884171e-13,-5.3219910489896036e-12,9.072751912798472e-07,7.290181106413234e-35,-3.645091693587653e-35,3.645090553206617e-35
561.1701462682836,18.51861482685336,5.190183574161705e-12,8.435747496753177e-13,-5.19018357416154e-12,9.072751968278821e-07,7.276538858694828e-35,-3.638270543753687e-35,3.638269429347414e-35
562.2202775346918,18.55326915864483,5.061682125754886e-12,8.212966284530623e-13,-5.061682125754737e-12,9.072752022588217e-07,7.262947572807367e-35,-3.631474875435655e-35,3.6314737864036833e-35
563.2704088011002,18.587923490436307,4.936402602799962e-12,7.9961566033313e-13,-4.9364026027998276e-12,9.072752075751437e-07,7.249406963739093e-35,-3.624704546113644e-35,3.6247034818695466e-35
564.3205400675084,18.62257782222778,4.814263077652257e-12,7.785155775148322e-13,-4.814263077652136e-12,9.072752127792731e-07,7.235916748599329e-35,-3.617959414328609e-35,3.6179583742996647e-35
565.3706713339168,18.657232154019255,4.695183738837033e-12,7.579805632574869e-13,-4.6951837388369245e-12,9.072752178735842e-07,7.222476646598775e-35,-3.6112393396725176e-35,3.6112383232993875e-35
566.420802600325,18.691886485810727,4.5790868354274976e-12,7.379952391317027e-13,-4.579086835427399e-12,9.072752228603999e-07,7.209086379030034e-35,-3.6045441827786076e-35,3.604543189515017e-35
567.4709338667334,18.726540817602203,4.4658966229132485e-12,7.185446526385257e-13,-4.46589662291316e-12,9.072752277419943e-07,7.195745669248361e-35,-3.59787380531175e-35,3.5978728346241803e-35
568.5210651331416,18.761195149393675,4.355539310518713e-12,6.996142651856716e-13,-4.355539310518633e-12,9.072752325205934e-07,7.182454242652631e-35,-3.5912280699589276e-35,3.5912271213263157e-35
569.57119639955,18.79584948118515,4.2479430099314914e-12,6.811899404102056e-13,-4.2479430099314195e-12,9.072752371983756e-07,7.169211826666489e-35,-3.5846068404198e-35,3.5846059133332444e-35
570.6213276659582,18.830503812976623,4.143037685402494e-12,6.632579328375791e-13,-4.143037685402429e-12,9.072752417774732e-07,7.156018150719742e-35,-3.578009981397398e-35,3.578009075359871e-35
571.6714589323666,18.8651581447681,4.040755105179943e-12,6.458048768670069e-13,-4.040755105179885e-12,9.072752462599734e-07,7.142872946229933e-35,-3.571437358588898e-35,3.5714364731149666e-35
572.7215901987748,18.89981247655957,3.941028794241251e-12,6.288177760736793e-13,-3.941028794241198e-12,9.072752506479191e-07,7.129775946584131e-35,-3.5648888386765154e-35,3.5648879732920654e-35
573.7717214651832,18.934466808351047,3.843793988286931e-12,6.122839928184109e-13,-3.843793988286884e-12,9.072752549433096e-07,7.116726887120906e-35,-3.5583642893184807e-35,3.558363443560453e-35
574.8218527315914,18.96912114014252,3.7489875889625304e-12,5.961912381557651e-13,-3.748987588962488e-12,9.07275259148102e-07,7.10372550511252e-35,-3.551863579140134e-35,3.55186275255626e-35
575.8719839979998,19.003775471933995,3.656548120274743e-12,5.805275620318228e-13,-3.656548120274705e-12,9.072752632642121e-07,7.090771539747299e-35,-3.545386577725098e-35,3.5453857698736496e-35
576.922115264408,19.038429803725467,3.566415686169522e-12,5.65281343763164e-13,-3.5664156861694873e-12,9.072752672935145e-07,7.077864732112201e-35,-3.538933155606561e-35,3.5389323660561005e-35
577.9722465308164,19.073084135516943,3.4785319292402385e-12,5.504412827887589e-13,-3.478531929240207e-12,9.072752712378446e-07,7.065004825175571e-35,-3.532503184258649e-35,3.5325024125877855e-35
579.0223777972246,19.107738467308415,3.392839990535464e-12,5.359963896868118e-13,-3.3928399905354357e-12,9.072752750989985e-07,7.052191563770099e-35,-3.526096536087895e-35,3.5260957818850493e-35
580.072509063633,19.14239279909989,3.3092844704361872e-12,5.219359774487838e-13,-3.309284470436162e-12,9.072752788787347e-07,7.039424694575936e-35,-3.5197130844247935e-35,3.519712347287968e-35
581.1226403300412,19.17704713089136,3.2278113905736975e-12,5.0824965300308e-13,-3.2278113905736745e-12,9.072752825787738e-07,7.026703966104017e-35,-3.5133527035154595e-35,3.5133519830520085e-35
582.1727715964496,19.211701462682836,3.1483681567596153e-12,4.949273089810838e-13,-3.1483681567595947e-12,9.072752862008003e-07,7.014029128679554e-35,-3.50701526851336e-35,3.507014564339777e-35
583.2229028628578,19.246355794474308,3.0709035229008557e-12,4.819591157184895e-13,-3.070903522900837e-12,9.072752897464628e-07,7.001399934425701e-35,-3.500700655471158e-35,3.500699967212851e-35
584.2730341292662,19.281010126265784,2.9953675558725992e-12,4.693355134850249e-13,-2.9953675558725823e-12,9.072752932173753e-07,6.988816137247419e-35,-3.494408741332618e-35,3.4944080686237095e-35
585.3231653956744,19.315664458057256,2.9217116013235247e-12,4.57047204935947e-13,-2.9217116013235098e-12,9.072752966151172e-07,6.976277492815477e-35,-3.488139403924623e-35,3.4881387464077383e-35
586.3732966620828,19.350318789848732,2.8498882503878333e-12,4.450851477787922e-13,-2.84988825038782e-12,9.072752999412346e-07,6.963783758550663e-35,-3.48189252194926e-35,3.4818918792753317e-35
587.423427928491,19.384973121640204,2.7798513072797787e-12,4.334405476491663e-13,-2.7798513072797666e-12,9.07275303197241e-07,6.951334693608141e-35,-3.4756679749759985e-35,3.4756673468040703e-35
588.4735591948994,19.41962745343168,2.711555757746555e-12,4.221048511894357e-13,-2.711555757746544e-12,9.072753063846174e-07,6.938930058861969e-35,-3.4694656434339507e-35,3.4694650294309844e-35
589.5236904613076,19.454281785223152,2.6449577383566384e-12,4.1106973932446396e-13,-2.6449577383566287e-12,9.072753095048142e-07,6.926569616889824e-35,-3.4632854086042186e-35,3.463284808444912e-35
590.573821727716,19.488936117014628,2.580014506600727e-12,4.003271207286249e-13,-2.580014506600718e-12,9.072753125592501e-07,6.914253131957829e-35,-3.4571271526123105e-35,3.4571265659789145e-35
591.6239529941242,19.5235904488061,2.516684411783601e-12,3.89869125478569e-13,-2.5166844117835928e-12,9.072753155493141e-07,6.90198037000559e-35,-3.450990758420657e-35,3.450990185002795e-35
592.6740842605326,19.558244780597576,2.4549268666853527e-12,3.796880988863203e-13,-2.4549268666853454e-12,9.072753184763661e-07,6.889751098631372e-35,-3.4448761098211884e-35,3.444875549315686e-35
593.7242155269408,19.59289911238905,2.394702319971423e-12,3.6977659550750245e-13,-2.3947023199714164e-12,9.07275321341737e-07,6.877565087077442e-35,-3.4387830914280006e-35,3.438782543538721e-35
594.7743467933492,19.627553444180524,2.335972229331099e-12,3.601273733195865e-13,-2.335972229331093e-12,9.072753241467293e-07,6.865422106215543e-35,-3.4327115886700997e-35,3.4327110531077715e-35
595.8244780597574,19.662207775971996,2.278699035325023e-12,3.5073338806525723e-13,-2.2786990353250177e-12,9.072753268926183e-07,6.853321928532556e-35,-3.426661487784218e-35,3.426660964266278e-35
596.8746093261658,19.696862107763472,2.2228461359224754e-12,3.4158778775610337e-13,-2.2228461359224706e-12,9.072753295806519e-07,6.841264328116285e-35,-3.420632675807707e-35,3.4206321640581425e-35
597.924740592574,19.731516439554944,2.1683778617100167e-12,3.326839073320033e-13,-2.1683778617100123e-12,9.072753322120521e-07,6.829249080641415e-35,-3.414625040571512e-35,3.414624540320708e-35
598.9748718589824,19.76617077134642,2.1152594517533213e-12,3.240152634716911e-13,-2.1152594517533177e-12,9.072753347880146e-07,6.817275963355591e-35,-3.4086384706932083e-35,3.4086379816777955e-35
600.0250031253906,19.800825103137893,2.0634570300947723e-12,3.1557554955015315e-13,-2.063457030094769e-12,9.072753373097097e-07,6.805344755065665e-35,-3.4026728555701226e-35,3.4026723775328326e-35
601.075134391799,19.83547943492937,2.012937582869625e-12,3.073586307385908e-13,-2.0129375828696218e-12,9.072753397782832e-07,6.793455236124082e-35,-3.396728085372518e-35,3.396727618062041e-35
602.1252656582072,19.87013376672084,1.963668936024282e-12,2.9935853924286497e-13,-1.963668936024279e-12,9.072753421948565e-07,6.781607188415403e-35,-3.390804051036855e-35,3.3908035942077016e-35
603.1753969246156,19.904788098512316,1.9156197336203716e-12,2.915694696763954e-13,-1.9156197336203688e-12,9.072753445605277e-07,6.769800395342972e-35,-3.3849006442591243e-35,3.384900197671486e-35
604.2255281910238,19.93944243030379,1.868759416709107e-12,2.8398577456367325e-13,-1.8687594167091048e-12,9.072753468763707e-07,6.758034641815716e-35,-3.3790177574882416e-35,3.379017320907858e-35
605.2756594574322,19.974096762095265,1.8230582027604785e-12,2.766019599705973e-13,-1.8230582027604765e-12,9.072753491434375e-07,6.746309714235104e-35,-3.3731552839195187e-35,3.373154857117552e-35
606.3257907238404,20.008751093886737,1.7784870656325761e-12,2.6941268125800306e-13,-1.7784870656325741e-12,9.072753513627577e-07,6.734625400482207e-35,-3.3673131174881994e-35,3.3673127002411033e-35
607.3759219902488,20.043405425678213,1.735017716066465e-12,2.6241273895482683e-13,-1.7350177160664632e-12,9.072753535353388e-07,6.722981489904921e-35,-3.361491152863062e-35,3.3614907449524605e-35
608.426053256657,20.078059757469685,1.6926225826926827e-12,2.555970747474827e-13,-1.6926225826926811e-12,9.072753556621675e-07,6.711377773305313e-35,-3.3556892854400907e-35,3.3556888866526563e-35
609.4761845230654,20.11271408926116,1.651274793535559e-12,2.489607675820903e-13,-1.6512747935355575e-12,9.072753577442092e-07,6.699814042927087e-35,-3.3499074113362064e-35,3.3499070214635435e-35
610.5263157894736,20.14736842105263,1.6109481580021966e-12,2.42499029876344e-13,-1.6109481580021954e-12,9.072753597824085e-07,6.6882900924432e-35,-3.3441454273830735e-35,3.3441450462216e-35
611.576447055882,20.182022752844105,1.5716171493430414e-12,2.3620720383784613e-13,-1.5716171493430404e-12,9.072753617776911e-07,6.676805716943586e-35,-3.3384032311209555e-35,3.338402858471793e-35
612.6265783222902,20.216677084635577,1.5332568875715918e-12,2.3008075788588e-13,-1.5332568875715908e-12,9.072753637309621e-07,6.665360712923023e-35,-3.3326807207926466e-35,3.3326803564615113e-35
613.6767095886986,20.251331416427053,1.495843122830877e-12,2.2411528317363559e-13,-1.4958431228308762e-12,9.072753656431082e-07,6.653954878269105e-35,-3.3269777953374584e-35,3.3269774391345523e-35
614.7268408551068,20.285985748218526,1.4593522191949356e-12,2.1830649020803188e-13,-1.4593522191949348e-12,9.072753675149968e-07,6.642588012250363e-35,-3.321294354385275e-35,3.3212940061251813e-35
615.7769721215152,20.32064008001,1.4237611388935651e-12,2.126502055643241e-13,-1.4237611388935643e-12,9.07275369347477e-07,6.631259915504472e-35,-3.315630298250655e-35,3.315629957752236e-35
616.8271033879234,20.355294411801474,1.3890474269492216e-12,2.0714236869280472e-13,-1.389047426949221e-12,9.072753711413805e-07,6.619970390026627e-35,-3.3099855279270136e-35,3.3099851950133134e-35
617.8772346543318,20.38994874359295,1.3551891962149614e-12,2.0177902881494249e-13,-1.3551891962149608e-12,9.072753728975209e-07,6.608719239157981e-35,-3.3043599450808474e-35,3.3043596195789905e-35
618.92736592074,20.42460307538442,1.3221651128029085e-12,1.9655634190643384e-13,-1.3221651128029079e-12,9.072753746166945e-07,6.597506267574249e-35,-3.2987534520460255e-35,3.2987531337871246e-35
619.9774971871484,20.459257407175897,1.2899543818927208e-12,1.9147056776465368e-13,-1.2899543818927204e-12,9.072753762996813e-07,6.5863312812744e-35,-3.2931659518181384e-35,3.2931656406372e-35
621.0276284535566,20.49391173896737,1.2585367339101124e-12,1.865180671581302e-13,-1.258536733910112e-12,9.072753779472445e-07,6.575194087569478e-35,-3.287597348048904e-35,3.287597043784739e-35
622.077759719965,20.528566070758846,1.2278924110654656e-12,1.816952990556756e-13,-1.2278924110654652e-12,9.07275379560131e-07,6.564094495071515e-35,-3.282047545040625e-35,3.2820472475357576e-35
623.1278909863732,20.563220402550318,1.1980021542431138e-12,1.7699881793292845e-13,-1.1980021542431134e-12,9.07275381139072e-07,6.553032313682593e-35,-3.276516447740712e-35,3.2765161568412966e-35
624.1780222527816,20.597874734341794,1.1688471902318773e-12,1.7242527115408188e-13,-1.168847190231877e-12,9.072753826847835e-07,6.542007354583973e-35,-3.2710039617362525e-35,3.2710036772919867e-35
625.2281535191898,20.632529066133266,1.140409219287914e-12,1.6797139642667776e-13,-1.1404092192879137e-12,9.072753841979662e-07,6.531019430225374e-35,-3.2655099932486433e-35,3.265509715112687e-35
626.2782847855982,20.66718339792474,1.112670403020988e-12,1.6363401932737005e-13,-1.1126704030209876e-12,9.072753856793052e-07,6.52006835431432e-35,-3.2600344491282674e-35,3.26003417715716e-35
627.3284160520066,20.701837729716217,1.085613352595685e-12,1.5941005089665823e-13,-1.0856133525956849e-12,9.07275387129473e-07,6.509153941805635e-35,-3.2545772368492325e-35,3.2545769709028174e-35
628.3785473184148,20.73649206150769,1.0592211172391654e-12,1.552964853006156e-13,-1.0592211172391652e-12,9.072753885491262e-07,6.498276008891015e-35,-3.2491382645041604e-35,3.2491380044455076e-35
629.428678584823,20.771146393299162,1.033477173047392e-12,1.5129039755772123e-13,-1.0334771730473918e-12,9.072753899389083e-07,6.487434372988703e-35,-3.2437174407990224e-35,3.2437171864943514e-35
630.4788098512314,20.805800725090638,1.0083654120819356e-12,1.473889413289463e-13,-1.0083654120819356e-12,9.07275391299449e-07,6.476628852733287e-35,-3.238314675048036e-35,3.2383144263666433e-35
631.5289411176398,20.840455056882114,9.838701317496892e-13,1.4358934676929806e-13,-9.83870131749689e-13,9.072753926313647e-07,6.46585926796559e-35,-3.2329298771686044e-35,3.232929633982795e-35
632.579072384048,20.875109388673586,9.599760244579932e-13,1.3988891843908304e-13,-9.59976024457993e-13,9.072753939352585e-07,6.455125439722652e-35,-3.227562957676315e-35,3.227562719861326e-35
633.6292036504562,20.909763720465058,9.36668167537933e-13,1.3628503327319596e-13,-9.36668167537933e-13,9.072753952117214e-07,6.444427190227827e-35,-3.222213827679974e-35,3.2222135951139135e-35
634.6793349168646,20.944418052256534,9.139320134287355e-13,1.3277513860679519e-13,-9.139320134287353e-13,9.072753964613314e-07,6.433764342880965e-35,-3.216882398876705e-35,3.2168821714404825e-35
635.729466183273,20.97907238404801,8.917533801163679e-13,1.2935675025576722e-13,-8.917533801163678e-13,9.072753976846545e-07,6.4231367222487e-35,-3.211568583547089e-35,3.21156836112435e-35
636.7795974496812,21.013726715839482,8.701184418196459e-13,1.2602745065043188e-13,-8.701184418196458e-13,9.072753988822442e-07,6.412544154054828e-35,-3.206272294550352e-35,3.206272077027414e-35
637.8297287160894,21.048381047630954,8.490137199173285e-13,1.2278488702098225e-13,-8.490137199173284e-13,9.072754000546436e-07,6.401986465170789e-35,-3.2009934453196017e-35,3.2009932325853945e-35
638.8798599824978,21.08303537942243,8.284260741098811e-13,1.1962676963320308e-13,-8.28426074109881e-13,9.072754012023829e-07,6.391463483606229e-35,-3.195731949857111e-35,3.1957317418031143e-35
639.9299912489062,21.117689711213906,8.083426938097076e-13,1.1655087007304542e-13,-8.083426938097076e-13,9.072754023259818e-07,6.380975038499667e-35,-3.1904877227296495e-35,3.1904875192498334e-35
640.9801225153144,21.152344043005375,7.8875108975385e-13,1.1355501957867883e-13,-7.887510897538499e-13,9.072754034259493e-07,6.370520960109253e-35,-3.1852606790638573e-35,3.1852604800546267e-35
642.0302537817226,21.186998374796847,7.696390858333111e-13,1.1063710741868426e-13,-7.69639085833311e-13,9.07275404502783e-07,6.360101079803604e-35,-3.1800507345416664e-35,3.180050539901802e-35
643.080385048131,21.221652706588323,7.509948111333234e-13,1.0779507931508934e-13,-7.509948111333233e-13,9.072754055569704e-07,6.349715230052746e-35,-3.174857805395767e-35,3.174857615026373e-35
644.1305163145394,21.2563070383798,7.328066921790087e-13,1.0502693590998031e-13,-7.328066921790087e-13,9.072754065889887e-07,6.339363244419133e-35,-3.169681808405119e-35,3.1696816222095665e-35
645.1806475809476,21.29096137017127,7.150634453810458e-13,1.0233073127446738e-13,-7.150634453810458e-13,9.07275407599305e-07,6.329044957548764e-35,-3.164522660890505e-35,3.164522478774382e-35
646.2307788473559,21.325615701962743,6.977540696760945e-13,9.970457145880771e-14,-6.977540696760944e-13,9.07275408588376e-07,6.318760205162372e-35,-3.1593802807101295e-35,3.159380102581186e-35
647.2809101137642,21.36027003375422,6.808678393568886e-13,9.714661308253611e-14,-6.808678393568885e-13,9.072754095566496e-07,6.308508824046715e-35,-3.154254586255254e-35,3.1542544120233577e-35
648.3310413801726,21.394924365545695,6.64394297087015e-13,9.465506196347497e-14,-6.643942970870149e-13,9.072754105045638e-07,6.298290652045941e-35,-3.149145496445888e-35,3.1491453260229704e-35
649.3811726465808,21.429578697337167,6.483232470955391e-13,9.222817178453098e-14,-6.483232470955391e-13,9.072754114325475e-07,6.288105528053039e-35,-3.1440529307265103e-35,3.1440527640265196e-35
650.431303912989,21.46423302912864,6.326447485467741e-13,8.986424279722147e-14,-6.326447485467741e-13,9.072754123410204e-07,6.277953292001375e-35,-3.1389768090618317e-35,3.1389766460006877e-35
651.4814351793974,21.498887360920115,6.173491090806179e-13,8.756162056089858e-14,-6.173491090806179e-13,9.072754132303932e-07,6.267833784856305e-35,-3.1339170519326043e-35,3.1339168924281527e-35
652.5315664458058,21.53354169271159,6.024268785189995e-13,8.531869471667355e-14,-6.024268785189995e-13,9.072754141010685e-07,6.257746848606878e-35,-3.1288735803314736e-35,3.128873424303439e-35
653.581697712214,21.568196024503063,5.878688427340711e-13,8.313389779506172e-14,-5.878688427340711e-13,9.0727541495344e-07,6.247692326257613e-35,-3.1238463157588585e-35,3.1238461631288064e-35
654.6318289786224,21.60285035629454,5.736660176739416e-13,8.100570405641338e-14,-5.736660176739416e-13,9.07275415787893e-07,6.237670061820342e-35,-3.118835180218884e-35,3.118835030910171e-35
655.6819602450306,21.63750468808601,5.598096435418466e-13,7.893262836320785e-14,-5.598096435418466e-13,9.072754166048048e-07,6.227679900306167e-35,-3.1138400962153455e-35,3.1138399501530835e-35
656.732091511439,21.672159019877487,5.462911791247112e-13,7.691322508331851e-14,-5.462911791247112e-13,9.072754174045448e-07,6.217721687717453e-35,-3.108860986747712e-35,3.108860843858726e-35
657.7822227778472,21.70681335166896,5.331022962672646e-13,7.494608702338921e-14,-5.331022962672645e-13,9.072754181874746e-07,6.207795271039927e-35,-3.103897775307175e-35,3.1038976355199633e-35
658.8323540442556,21.741467683460435,5.202348744878502e-13,7.302984439147246e-14,-5.202348744878501e-13,9.072754189539478e-07,6.197900498234833e-35,-3.0989503858727235e-35,3.098950249117417e-35
659.8824853106638,21.776122015251907,5.076809957323002e-13,7.116316378812083e-14,-5.076809957323002e-13,9.072754197043112e-07,6.188037218231189e-35,-3.0940187429072664e-35,3.0940186091155945e-35
660.9326165770722,21.810776347043383,4.954329392622184e-13,6.93447472251301e-14,-4.954329392622184e-13,9.072754204389043e-07,6.178205280918074e-35,-3.0891027713537835e-35,3.089102640459037e-35
661.9827478434804,21.845430678834855,4.834831766742305e-13,6.757333117117051e-14,-4.834831766742305e-13,9.072754211580584e-07,6.168404537137036e-35,-3.0842023966315267e-35,3.084202268568518e-35
663.0328791098888,21.88008501062633,4.718243670467379e-13,6.584768562354768e-14,-4.718243670467379e-13,9.072754218620991e-07,6.15863483867454e-35,-3.0793175446322374e-35,3.07931741933727e-35
664.083010376297,21.914739342417803,4.60449352210909e-13,6.416661320537543e-14,-4.60449352210909e-13,9.072754225513441e-07,6.148896038254496e-35,-3.074448141716417e-35,3.074448019127248e-35
665.1331416427054,21.94939367420928,4.4935115214263326e-13,6.252894828744228e-14,-4.493511521426332e-13,9.07275423226105e-07,6.13918798953087e-35,-3.069594114709626e-35,3.069593994765435e-35
666.1832729091136,21.98404800600075,4.385229604723349e-13,6.093355613409493e-14,-4.3852296047233483e-13,9.072754238866866e-07,6.129510547080341e-35,-3.0647553908988194e-35,3.0647552735401703e-35
667.233404175522,22.018702337792227,4.2795814010954764e-13,5.937933207246059e-14,-4.2795814010954764e-13,9.072754245333872e-07,6.11986356639505e-35,-3.059931898028709e-35,3.059931783197525e-35
668.2835354419302,22.0533566695837,4.176502189793077e-13,5.786520068436857e-14,-4.176502189793077e-13,9.072754251664993e-07,6.110246903875414e-35,-3.055123564298177e-35,3.055123451937707e-35
669.3336667083386,22.088011001375175,4.075928858674251e-13,5.6390115020332345e-14,-4.075928858674251e-13,9.072754257863088e-07,6.100660416822984e-35,-3.050330318356704e-35,3.050330208411492e-35
670.3837979747468,22.122665333166648,3.977799863718476e-13,5.495305583498636e-14,-3.977799863718476e-13,9.072754263930955e-07,6.0911039634334e-35,-3.0455520893008484e-35,3.0455519817167e-35
671.4339292411552,22.15731966495812,3.8820551895733e-13,5.355303084337613e-14,-3.8820551895733e-13,9.072754269871333e-07,6.081577402789398e-35,-3.040788806670741e-35,3.040788701394699e-35
672.4840605075634,22.191973996749592,3.788636311107671e-13,5.218907399752859e-14,-3.788636311107671e-13,9.072754275686908e-07,6.072080594853885e-35,-3.036040400446629e-35,3.0360402974269426e-35
673.5341917739718,22.226628328541068,3.697486155945474e-13,5.086024478273467e-14,-3.697486155945474e-13,9.072754281380304e-07,6.062613400463079e-35,-3.031306801045442e-35,3.0313067002315393e-35
674.58432304038,22.26128266033254,3.608549067954241e-13,4.956562753300381e-14,-3.608549067954241e-13,9.072754286954093e-07,6.053175681319709e-35,-3.0265879393173916e-35,3.026587840659854e-35
675.6344543067884,22.295936992124016,3.521770771663988e-13,4.830433076515406e-14,-3.521770771663988e-13,9.072754292410791e-07,6.043767299986284e-35,-3.021883746542606e-35,3.021883649993142e-35
676.6845855731966,22.33059132391549,3.437098337592433e-13,4.707548653102573e-14,-3.437098337592433e-13,9.07275429775286e-07,6.034388119878423e-35,-3.0171941544277955e-35,3.0171940599392115e-35
677.734716839605,22.365245655706964,3.354480148452856e-13,4.58782497873145e-14,-3.354480148452856e-13,9.072754302982714e-07,6.025038005258243e-35,-3.012519095102945e-35,3.0125190026291214e-35
678.7848481060132,22.399899987498436,3.273865866222067e-13,4.471179778253886e-14,-3.273865866222067e-13,9.072754308102715e-07,6.015716821227819e-35,-3.00785850111804e-35,3.0078584106139096e-35
679.8349793724216,22.434554319289912,3.1952064000460137e-13,4.35753294606656e-14,-3.1952064000460137e-13,9.072754313115174e-07,6.006424433722688e-35,-3.003212305439824e-35,3.003212216861344e-35
680.8851106388298,22.469208651081384,3.118453874961629e-13,4.2468064880936645e-14,-3.118453874961629e-13,9.072754318022349e-07,5.997160709505428e-35,-2.998580441448587e-35,2.998580354752714e-35
681.9352419052382,22.50386298287286,3.043561601413634e-13,4.1389244653446504e-14,-3.043561601413634e-13,9.072754322826456e-07,5.987925516159289e-35,-2.99396284293497e-35,2.9939627580796443e-35
682.9853731716464,22.538517314664333,2.9704840455459884e-13,4.033812939003757e-14,-2.9704840455459884e-13,9.072754327529667e-07,5.97871872208189e-35,-2.9893594440968295e-35,2.989359361040945e-35
684.0355044380548,22.57317164645581,2.8991768002478165e-13,3.93139991700901e-14,-2.8991768002478165e-13,9.0727543321341e-07,5.969540196478955e-35,-2.984770179536092e-35,2.9847700982394776e-35
685.085635704463,22.60782597824728,2.829596556934568e-13,3.8316153020796664e-14,-2.829596556934568e-13,9.072754336641833e-07,5.960389809358139e-35,-2.980194984255671e-35,2.9801949046790695e-35
686.1357669708714,22.642480310038756,2.761701078045246e-13,3.734390841152099e-14,-2.761701078045246e-13,9.072754341054901e-07,5.951267431522874e-35,-2.975633793656391e-35,2.975633715761437e-35
687.1858982372796,22.67713464183023,2.695449170237487e-13,3.639660076185435e-14,-2.695449170237487e-13,9.072754345375293e-07,5.942172934566301e-35,-2.971086543533952e-35,2.9710864672831504e-35
688.236029503688,22.711788973621704,2.6308006582623103e-13,3.547358296299146e-14,-2.6308006582623103e-13,9.072754349604961e-07,5.933106190865239e-35,-2.9665531700759103e-35,2.9665530954326197e-35
689.2861607700962,22.746443305413177,2.567716359501251e-13,3.457422491206051e-14,-2.567716359501251e-13,9.072754353745812e-07,5.924067073574226e-35,-2.962033609858703e-35,2.962033536787113e-35
690.3362920365046,22.781097637204653,2.506158059148644e-13,3.369791305904884e-14,-2.506158059148644e-13,9.072754357799713e-07,5.915055456619584e-35,-2.957527799844679e-35,2.957527728309792e-35
691.3864233029128,22.815751968996125,2.446088486022673e-13,3.284404996598202e-14,-2.446088486022673e-13,9.072754361768492e-07,5.906071214693584e-35,-2.9530356773791775e-35,2.953035607346792e-35
692.4365545693212,22.8504063007876,2.3874712889888126e-13,3.201205387801435e-14,-2.3874712889888126e-13,9.072754365653939e-07,5.897114223248618e-35,-2.948557180187619e-35,2.948557111624309e-35
693.4866858357295,22.885060632579076,2.330271013980133e-13,3.120135830610886e-14,-2.330271013980133e-13,9.072754369457807e-07,5.888184358491454e-35,-2.9440922463726306e-35,2.944092179245727e-35
694.5368171021378,22.91971496437055,2.274453081599004e-13,3.041141162098493e-14,-2.274453081599004e-13,9.072754373181812e-07,5.879281497377535e-35,-2.9396408144111916e-35,2.9396407486887675e-35
695.586948368546,22.95436929616202,2.2199837652852994e-13,2.9641676658026174e-14,-2.2199837652852994e-13,9.072754376827631e-07,5.870405517605319e-35,-2.9352028231518065e-35,2.9352027588026596e-35
696.6370796349544,22.989023627953497,2.1668301700366417e-13,2.8891630332847875e-14,-2.1668301700366417e-13,9.07275438039691e-07,5.861556297610688e-35,-2.930778211811709e-35,2.930778148805344e-35
697.6872109013627,23.023677959744973,2.1149602116664474e-13,2.8160763267231474e-14,-2.1149602116664474e-13,9.072754383891257e-07,5.852733716561395e-35,-2.9263669199740854e-35,2.9263668582806975e-35
698.737342167771,23.058332291536445,2.064342596586018e-13,2.7448579425142344e-14,-2.064342596586018e-13,9.072754387312246e-07,5.843937654351569e-35,-2.921968887585324e-35,2.9219688271757845e-35
699.7874734341792,23.092986623327917,2.0149468020972275e-13,2.675459575855403e-14,-2.0149468020972275e-13,9.072754390661423e-07,5.835167991596256e-35,-2.917584054952288e-35,2.917583995798128e-35
700.8376047005876,23.12764095511939,1.9667430571827755e-13,2.607834186281208e-14,-1.9667430571827755e-13,9.072754393940293e-07,5.826424609626027e-35,-2.913212362739617e-35,2.9132123048130133e-35
701.8877359669959,23.162295286910865,1.9197023237812433e-13,2.541935964127518e-14,-1.9197023237812433e-13,9.072754397150335e-07,5.817707390481621e-35,-2.908853751967053e-35,2.908853695240811e-35
702.9378672334042,23.196949618702337,1.8737962785345026e-13,2.4777202978980272e-14,-1.8737962785345026e-13,9.072754400292998e-07,5.80901621690865e-35,-2.904508164006784e-35,2.904508108454325e-35
703.9879984998124,23.23160395049381,1.8289972949954419e-13,2.415143742508476e-14,-1.8289972949954419e-13,9.072754403369696e-07,5.800350972352327e-35,-2.900175540580816e-35,2.9001754861761634e-35
705.0381297662208,23.266258282285285,1.785278426284257e-13,2.3541639883847317e-14,-1.785278426284257e-13,9.072754406381818e-07,5.791711540952265e-35,-2.895855823758367e-35,2.8958557704761324e-35
706.0882610326291,23.30091261407676,1.742613388181785e-13,2.2947398313912554e-14,-1.742613388181785e-13,9.072754409330719e-07,5.783097807537318e-35,-2.8915489559532904e-35,2.891548903768659e-35
707.1383922990374,23.335566945868234,1.700976542648734e-13,2.2368311435673617e-14,-1.700976542648734e-13,9.072754412217729e-07,5.774509657620453e-35,-2.8872548799215075e-35,2.8872548288102263e-35
708.1885235654456,23.370221277659706,1.660342881759953e-13,2.1803988446492364e-14,-1.660342881759953e-13,9.072754415044146e-07,5.765946977393686e-35,-2.882973538758479e-35,2.882973488696843e-35
709.238654831854,23.40487560945118,1.6206880120431133e-13,2.1254048743563163e-14,-1.6206880120431133e-13,9.072754417811246e-07,5.757409653723051e-35,-2.8787048758966865e-35,2.8787048268615255e-35
710.2887860982623,23.439529941242657,1.5819881392115293e-13,2.0718121654211408e-14,-1.5819881392115293e-13,9.072754420520276e-07,5.748897574143626e-35,-2.874448835103143e-35,2.874448787071813e-35
711.3389173646706,23.47418427303413,1.544220053280993e-13,2.0195846173424638e-14,-1.544220053280993e-13,9.072754423172454e-07,5.740410626854582e-35,-2.870205360476923e-35,2.870205313427291e-35
712.3890486310788,23.508838604825602,1.5073611140608747e-13,1.9686870708418986e-14,-1.5073611140608747e-13,9.072754425768977e-07,5.731948700714296e-35,-2.865974396446716e-35,2.865974350357148e-35
713.4391798974872,23.543492936617078,1.471389237009971e-13,1.9190852830050034e-14,-1.471389237009971e-13,9.07275442831101e-07,5.7235116852355e-35,-2.8617558877684003e-35,2.86175584261775e-35
714.4893111638955,23.578147268408554,1.4362828794477605e-13,1.8707459030881576e-14,-1.4362828794477605e-13,9.072754430799704e-07,5.715099470580475e-35,-2.8575497795226364e-35,2.8575497352902375e-35
715.5394424303038,23.612801600200026,1.4020210271120272e-13,1.8236364489731067e-14,-1.4020210271120272e-13,9.072754433236177e-07,5.706711947556276e-35,-2.853356017112488e-35,2.853355973778138e-35
716.589573696712,23.647455931991498,1.3685831810540396e-13,1.7777252842515848e-14,-1.3685831810540396e-13,9.072754435621524e-07,5.698349007610018e-35,-2.849174546261055e-35,2.849174503805009e-35
717.6397049631204,23.682110263782974,1.3359493448627087e-13,1.732981595922937e-14,-1.3359493448627087e-13,9.072754437956824e-07,5.690010542824187e-35,-2.845005313009134e-35,2.8450052714120933e-35
718.6898362295287,23.71676459557445,1.3041000122093395e-13,1.6893753726880755e-14,-1.3041000122093395e-13,9.072754440243124e-07,5.681696445911999e-35,-2.8408482637128996e-35,2.8408482229559993e-35
719.739967495937,23.751418927365922,1.2730161547048085e-13,1.6468773838235364e-14,-1.2730161547048085e-13,9.072754442481459e-07,5.673406610212805e-35,-2.8367033450416e-35,2.8367033051064027e-35
720.7900987623452,23.786073259157394,1.242679210061249e-13,1.6054591586199565e-14,-1.242679210061249e-13,9.072754444672831e-07,5.665140929687516e-35,-2.8325705039752776e-35,2.832570464843758e-35
721.8402300287536,23.82072759094887,1.2130710705505026e-13,1.5650929663696654e-14,-1.2130710705505026e-13,9.072754446818229e-07,5.656899298914102e-35,-2.828449687802508e-35,2.828449649457051e-35
722.8903612951619,23.855381922740346,1.1841740717518027e-13,1.5257517968884964e-14,-1.1841740717518027e-13,9.072754448918618e-07,5.648681613083088e-35,-2.824340844118161e-35,2.824340806541544e-35
723.9404925615702,23.890036254531818,1.155970981581321e-13,1.4874093415573123e-14,-1.155970981581321e-13,9.072754450974943e-07,5.640487767993137e-35,-2.8202439208211766e-35,2.8202438839965686e-35
724.9906238279784,23.92469058632329,1.1284449895964396e-13,1.4500399748692236e-14,-1.1284449895964396e-13,9.072754452988128e-07,5.632317660046619e-35,-2.816158866112363e-35,2.8161588300233096e-35
726.0407550943868,23.959344918114766,1.1015796965677969e-13,1.413618736468785e-14,-1.1015796965677969e-13,9.072754454959082e-07,5.624171186245266e-35,-2.8120856284922145e-35,2.812085593122633e-35
727.0908863607951,23.993999249906242,1.0753591043122923e-13,1.3781213136698871e-14,-1.0753591043122923e-13,9.07275445688869e-07,5.616048244185833e-35,-2.8080241567587475e-35,2.8080241220929165e-35
728.1410176272034,24.028653581697714,1.0497676057804245e-13,1.3435240244393152e-14,-1.0497676057804245e-13,9.072754458777822e-07,5.607948732055817e-35,-2.803974400005355e-35,2.8039743660279085e-35
729.1911488936116,24.063307913489187,1.0247899753915426e-13,1.3098038008335207e-14,-1.0247899753915426e-13,9.072754460627329e-07,5.599872548629189e-35,-2.7999363076186786e-35,2.7999362743145945e-35
730.24128016002,24.097962245280662,1.0004113596107185e-13,1.2769381728762154e-14,-1.0004113596107185e-13,9.072754462438042e-07,5.59181959326219e-35,-2.795909829276499e-35,2.795909796631095e-35
731.2914114264283,24.132616577072135,9.766172677611303e-14,1.244905252865033e-14,-9.766172677611303e-14,9.072754464210776e-07,5.583789765889145e-35,-2.7918949149456503e-35,2.7918948829445727e-35
732.3415426928366,24.167270908863607,9.533935630659738e-14,1.2136837200955188e-14,-9.533935630659738e-14,9.072754465946328e-07,5.575782967018322e-35,-2.787891514879943e-35,2.787891483509161e-35
733.3916739592449,24.201925240655083,9.307264539141001e-14,1.1832528059913039e-14,-9.307264539141001e-14,9.072754467645478e-07,5.567799097727816e-35,-2.78389957961811e-35,2.783899548863908e-35
734.4418052256532,24.236579572446555,9.086024853437572e-14,1.1535922796294737e-14,-9.086024853437572e-14,9.072754469308991e-07,5.559838059661485e-35,-2.779919059981773e-35,2.7799190298307427e-35
735.4919364920615,24.27123390423803,8.870085307388507e-14,1.1246824336504463e-14,-8.870085307388507e-14,9.072754470937616e-07,5.551899755024906e-35,-2.7759499070734173e-35,2.775949877512453e-35
736.5420677584698,24.305888236029503,8.659317837324225e-14,1.0965040705420357e-14,-8.659317837324225e-14,9.072754472532086e-07,5.54398408658137e-35,-2.771992072274395e-35,2.771992043290685e-35
737.5921990248781,24.34054256782098,8.45359750312053e-14,1.0690384892876038e-14,-8.45359750312053e-14,9.072754474093117e-07,5.536090957647912e-35,-2.768045507242937e-35,2.768045478823956e-35
738.6423302912864,24.37519689961245,8.252802411221395e-14,1.0422674723685116e-14,-8.252802411221395e-14,9.072754475621413e-07,5.528220272091383e-35,-2.764110163912186e-35,2.7641101360456913e-35
739.6924615576947,24.409851231403927,8.056813639580178e-14,1.016173273111294e-14,-8.056813639580178e-14,9.07275447711766e-07,5.520371934324531e-35,-2.760185994488242e-35,2.7601859671622655e-35
740.742592824103,24.4445055631954,7.86551516447161e-14,9.907386033703596e-15,-7.86551516447161e-14,9.072754478582529e-07,5.512545849302145e-35,-2.756272951448233e-35,2.7562729246510725e-35
741.7927240905113,24.479159894986875,7.67879378912652e-14,9.659466215370906e-15,-7.67879378912652e-14,9.072754480016681e-07,5.504741922517221e-35,-2.752370987538391e-35,2.7523709612586106e-35
742.8428553569196,24.513814226778347,7.496539074144087e-14,9.417809208666802e-15,-7.496539074144087e-14,9.07275448142076e-07,5.496960059997142e-35,-2.748480055772155e-35,2.748480029998571e-35
743.8929866233279,24.548468558569823,7.318643269636173e-14,9.18225518114074e-15,-7.318643269636173e-14,9.072754482795398e-07,5.489200168299925e-35,-2.74460010942828e-35,2.7446000841499624e-35
744.9431178897362,24.583122890361295,7.145001249060592e-14,8.952648424707826e-15,-7.145001249060592e-14,9.072754484141211e-07,5.481462154510464e-35,-2.7407311020489697e-35,2.740731077255232e-35
745.9932491561445,24.61777722215277,6.975510444700271e-14,8.728837247944284e-15,-6.975510444700271e-14,9.072754485458808e-07,5.473745926236836e-35,-2.736872987438022e-35,2.736872963118418e-35
747.0433804225528,24.652431553944243,6.810070784747404e-14,8.510673871232516e-15,-6.810070784747404e-14,9.072754486748777e-07,5.466051391606614e-35,-2.7330257196589914e-35,2.733025695803307e-35
748.0935116889611,24.68708588573572,6.648584631951561e-14,8.298014324678287e-15,-6.648584631951561e-14,9.072754488011701e-07,5.458378459263227e-35,-2.729189253033362e-35,2.7291892296316135e-35
749.1436429553694,24.72174021752719,6.490956723793035e-14,8.09071834872675e-15,-6.490956723793035e-14,9.072754489248147e-07,5.450727038362342e-35,-2.725363542138745e-35,2.725363519181171e-35
750.1937742217777,24.756394549318667,6.337094114142404e-14,7.888649297404051e-15,-6.337094114142404e-14,9.07275449045867e-07,5.443097038568277e-35,-2.7215485418070807e-35,2.7215485192841383e-35
751.243905488186,24.79104888111014,6.186906116369561e-14,7.69167404411502e-15,-6.186906116369561e-14,9.072754491643816e-07,5.435488370050452e-35,-2.7177442071228655e-35,2.717744185025226e-35
752.2940367545943,24.825703212901615,6.040304247865199e-14,7.499662889927684e-15,-6.040304247865199e-14,9.072754492804114e-07,5.427900943479854e-35,-2.713950493421386e-35,2.713950471739927e-35
753.3441680210026,24.860357544693088,5.897202175939717e-14,7.3124894742788e-15,-5.897202175939717e-14,9.07275449394009e-07,5.420334670025559e-35,-2.710167356286973e-35,2.7101673350127796e-35
754.394299287411,24.895011876484563,5.75751566506452e-14,7.130030688034939e-15,-5.75751566506452e-14,9.072754495052249e-07,5.412789461351239e-35,-2.706394751551267e-35,2.7063947306756196e-35
755.4444305538192,24.929666208276036,5.621162525422461e-14,6.952166588846757e-15,-5.621162525422461e-14,9.072754496141095e-07,5.405265229611751e-35,-2.7026326352915e-35,2.7026326148058756e-35
756.4945618202275,24.96432054006751,5.488062562734008e-14,6.778780318734527e-15,-5.488062562734008e-14,9.072754497207116e-07,5.39776188744971e-35,-2.698880963828789e-35,2.698880943724855e-35
757.5446930866358,24.998974871858984,5.358137529327704e-14,6.609758023845918e-15,-5.358137529327704e-14,9.072754498250791e-07,5.390279347992116e-35,-2.6951396937264494e-35,2.695139673996058e-35
758.5948243530441,25.03362920365046,5.23131107642313e-14,6.44498877632735e-15,-5.23131107642313e-14,9.07275449927259e-07,5.382817524847004e-35,-2.691408781788315e-35,2.691408762423502e-35
759.6449556194525,25.068283535441935,5.1075087075964493e-14,6.284364498253114e-15,-5.1075087075964493e-14,9.072754500272972e-07,5.375376332100109e-35,-2.687688185057077e-35,2.6876881660500543e-35
760.6950868858607,25.102937867233408,4.986657733398524e-14,6.127779887556853e-15,-4.986657733398524e-14,9.072754501252383e-07,5.367955684311579e-35,-2.6839778608126354e-35,2.6839778421557895e-35
761.745218152269,25.137592199024876,4.8686872270968944e-14,5.975132345912211e-15,-4.8686872270968944e-14,9.072754502211266e-07,5.3605554965127e-35,-2.6802777665704643e-35,2.68027774825635e-35
762.7953494186773,25.172246530816352,4.7535279815134047e-14,5.826321908510612e-15,-4.7535279815134047e-14,9.072754503150054e-07,5.353175684202657e-35,-2.676587860079988e-35,2.6765878421013284e-35
763.8454806850857,25.206900862607828,4.641112466930123e-14,5.681251175685672e-15,-4.641112466930123e-14,9.072754504069164e-07,5.345816163345307e-35,-2.672908099322976e-35,2.6729080816726535e-35
764.895611951494,25.2415551943993,4.531374790036601e-14,5.539825246334793e-15,-4.531374790036601e-14,9.072754504969012e-07,5.338476850366007e-35,-2.669238442511946e-35,2.6692384251830034e-35
765.9457432179022,25.276209526190772,4.424250653892567e-14,5.401951653090316e-15,-4.424250653892567e-14,9.072754505850001e-07,5.331157662148437e-35,-2.665578848088584e-35,2.6655788310742187e-35
766.9958744843105,25.31086385798225,4.319677318880666e-14,5.2675402991936e-15,-4.319677318880666e-14,9.072754506712527e-07,5.323858516031463e-35,-2.661929274722172e-35,2.6619292580157317e-35
768.0460057507189,25.345518189773724,4.2175935646243805e-14,5.136503397026572e-15,-4.2175935646243805e-14,9.072754507556975e-07,5.316579329806032e-35,-2.6582896813080357e-35,2.658289664903016e-35
769.0961370171271,25.380172521565196,4.11793965284701e-14,5.008755408256775e-15,-4.11793965284701e-14,9.072754508383727e-07,5.309320021712084e-35,-2.654660026966e-35,2.654660010856042e-35
770.1462682835354,25.41482685335667,4.0206572911482087e-14,4.884212985552863e-15,-4.0206572911482087e-14,9.072754509193152e-07,5.302080510435485e-35,-2.651040271038857e-35,2.6510402552177426e-35
771.1963995499437,25.449481185148144,3.925689597675186e-14,4.762794915829036e-15,-3.925689597675186e-14,9.072754509985617e-07,5.294860715105e-35,-2.6474303730908496e-35,2.6474303575525e-35
772.2465308163521,25.48413551693962,3.832981066666189e-14,4.644422064977489e-15,-3.832981066666189e-14,9.072754510761477e-07,5.287660555289274e-35,-2.6438302929061666e-35,2.643830277644637e-35
773.2966620827603,25.518789848731092,3.742477534844429e-14,4.529017324049594e-15,-3.742477534844429e-14,9.072754511521077e-07,5.280479950993849e-35,-2.640239990487447e-35,2.640239975496924e-35
774.3467933491686,25.553444180522565,3.654126148641252e-14,4.416505556847033e-15,-3.654126148641252e-14,9.07275451226476e-07,5.273318822658201e-35,-2.6366594260542993e-35,2.6366594113291004e-35
775.396924615577,25.58809851231404,3.567875332227942e-14,4.3068135488859174e-15,-3.567875332227942e-14,9.07275451299286e-07,5.2661770911528e-35,-2.633088560041834e-35,2.6330885455764e-35
776.4470558819853,25.622752844105516,3.4836747563358754e-14,4.199869957697005e-15,-3.4836747563358754e-14,9.072754513705704e-07,5.259054677776205e-35,-2.6295273530992046e-35,2.6295273388881023e-35
777.4971871483936,25.65740717589699,3.401475307845387e-14,4.095605264426863e-15,-3.401475307845387e-14,9.072754514403611e-07,5.251951504252153e-35,-2.6259757660881627e-35,2.6259757521260766e-35
778.5473184148018,25.69206150768846,3.3212290601241556e-14,3.9939517267052726e-15,-3.3212290601241556e-14,9.072754515086894e-07,5.244867492726715e-35,-2.622433760081623e-35,2.6224337463633576e-35
779.5974496812102,25.726715839479937,3.2428892440965324e-14,3.89484333274553e-15,-3.2428892440965324e-14,9.072754515755864e-07,5.237802565765435e-35,-2.618901296362243e-35,2.6189012828827175e-35
780.6475809476185,25.761370171271412,3.166410220025514e-14,3.798215756644891e-15,-3.166410220025514e-14,9.072754516410816e-07,5.230756646350516e-35,-2.615378336421011e-35,2.615378323175258e-35
781.6977122140268,25.796024503062885,3.091747449989571e-14,3.704006314853291e-15,-3.091747449989571e-14,9.072754517052046e-07,5.223729657878016e-35,-2.6118648419558493e-35,2.611864828939008e-35
782.747843480435,25.830678834854357,3.018857471037101e-14,3.61215392377943e-15,-3.018857471037101e-14,9.072754517679841e-07,5.216721524155081e-35,-2.6083607748702203e-35,2.6083607620775404e-35
783.7979747468434,25.865333166645833,2.947697869001627e-14,3.522599058504332e-15,-2.947697869001627e-14,9.072754518294485e-07,5.209732169397183e-35,-2.604866097271756e-35,2.6048660846985913e-35
784.8481060132517,25.89998749843731,2.878227252961286e-14,3.4352837125727777e-15,-2.878227252961286e-14,9.072754518896251e-07,5.20276151822539e-35,-2.601380771470888e-35,2.601380759112695e-35
785.89823727966,25.93464183022878,2.8104052303265658e-14,3.350151358834349e-15,-2.8104052303265658e-14,9.072754519485413e-07,5.195809495663663e-35,-2.5979047599794954e-35,2.5979047478318317e-35
786.9483685460682,25.969296162020253,2.7441923825406324e-14,3.267146911306112e-15,-2.7441923825406324e-14,9.072754520062232e-07,5.188876027136156e-35,-2.594438025509557e-35,2.594438013568078e-35
787.9984998124766,26.00395049381173,2.679550241377143e-14,3.1862166880302385e-15,-2.679550241377143e-14,9.07275452062697e-07,5.181961038464555e-35,-2.5909805309718215e-35,2.5909805192322777e-35
789.0486310788849,26.038604825603205,2.6164412658205445e-14,3.1073083748999597e-15,-2.6164412658205445e-14,9.072754521179877e-07,5.17506445586544e-35,-2.5875322394744834e-35,2.58753222793272e-35
790.0987623452932,26.073259157394677,2.5548288195144774e-14,3.030370990428571e-15,-2.5548288195144774e-14,9.0727545217212e-07,5.168186205947648e-35,-2.584093114321871e-35,2.584093102973824e-35
791.1488936117014,26.107913489186146,2.4946771487641173e-14,2.955354851436322e-15,-2.4946771487641173e-14,9.072754522251185e-07,5.161326215709681e-35,-2.5806631190131443e-35,2.580663107854841e-35
792.1990248781098,26.14256782097762,2.435951361078741e-14,2.882211539631257e-15,-2.435951361078741e-14,9.072754522770069e-07,5.154484412537115e-35,-2.5772422172410045e-35,2.5772422062685575e-35
793.2491561445181,26.177222152769097,2.3786174042411153e-14,2.810893869060192e-15,-2.3786174042411153e-14,9.072754523278083e-07,5.14766072420004e-35,-2.5738303728904113e-35,2.57383036210002e-35
794.2992874109264,26.21187648456057,2.322642045890562e-14,2.741355854407036e-15,-2.322642045890562e-14,9.072754523775456e-07,5.140855078850526e-35,-2.570427550037316e-35,2.570427539425263e-35
795.3494186773346,26.246530816352042,2.267992853607003e-14,2.673552680115993e-15,-2.267992853607003e-14,9.072754524262411e-07,5.134067405020087e-35,-2.567033712947394e-35,2.5670337025100433e-35
796.399549943743,26.281185148143518,2.2146381754835984e-14,2.6074406703180694e-15,-2.2146381754835984e-14,9.072754524739168e-07,5.127297631617194e-35,-2.5636488260747993e-35,2.563648815808597e-35
797.4496812101513,26.315839479934994,2.1625471211757943e-14,2.5429772595395867e-15,-2.1625471211757943e-14,9.072754525205938e-07,5.12054568792478e-35,-2.560272854060923e-35,2.56027284396239e-35
798.4998124765596,26.350493811726466,2.1116895434149892e-14,2.4801209641722194e-15,-2.1116895434149892e-14,9.072754525662932e-07,5.113811503597793e-35,-2.55690576173316e-35,2.5569057517988966e-35
799.5499437429678,26.385148143517938,2.0620360199753257e-14,2.418831354684389e-15,-2.0620360199753257e-14,9.072754526110355e-07,5.107095008660735e-35,-2.553547514103688e-35,2.553547504330367e-35
800.6000750093762,26.419802475309414,2.0135578360823704e-14,2.3590690285546858e-15,-2.0135578360823704e-14,9.072754526548407e-07,5.100396133505252e-35,-2.550198076368256e-35,2.550198066752626e-35
801.6502062757845,26.45445680710089,1.9662269672527528e-14,2.30079558390814e-15,-1.9662269672527528e-14,9.072754526977288e-07,5.093714808887724e-35,-2.5468574139049837e-35,2.546857404443862e-35
802.7003375421928,26.489111138892362,1.9200160625540576e-14,2.2439735938370374e-15,-1.9200160625540576e-14,9.072754527397184e-07,5.087050965926883e-35,-2.5435254922731663e-35,2.5435254829634415e-35
803.750468808601,26.523765470683834,1.8748984282745834e-14,2.1885665813881256e-15,-1.8748984282745834e-14,9.072754527808286e-07,5.080404536101434e-35,-2.5402022772120896e-35,2.540202268050717e-35
804.8006000750094,26.55841980247531,1.830848011992866e-14,2.134538995198836e-15,-1.830848011992866e-14,9.072754528210779e-07,5.073775451247726e-35,-2.53688773463986e-35,2.536887725623863e-35
805.8507313414177,26.593074134266786,1.787839387037032e-14,2.0818561857654433e-15,-1.787839387037032e-14,9.072754528604844e-07,5.067163643557404e-35,-2.5335818306522356e-35,2.533581821778702e-35
806.900862607826,26.627728466058258,1.7458477373243477e-14,2.0304843823265202e-15,-1.7458477373243477e-14,9.072754528990656e-07,5.060569045575112e-35,-2.530284531521474e-35,2.530284522787556e-35
807.9509938742342,26.66238279784973,1.7048488425715595e-14,1.9803906703455472e-15,-1.7048488425715595e-14,9.072754529368391e-07,5.053991590196184e-35,-2.526995803695179e-35,2.526995795098092e-35
809.0011251406426,26.697037129641206,1.6648190638669063e-14,1.9315429695770653e-15,-1.6648190638669063e-14,9.072754529738217e-07,5.047431210664375e-35,-2.5237156137951694e-35,2.5237156053321876e-35
810.0512564070509,26.731691461432682,1.62573532959483e-14,1.8839100127009437e-15,-1.62573532959483e-14,9.072754530100296e-07,5.040887840569606e-35,-2.520443928616346e-35,2.520443920284803e-35
811.1013876734592,26.766345793224154,1.5875751217046586e-14,1.8374613245099322e-15,-1.5875751217046586e-14,9.072754530454794e-07,5.034361413845724e-35,-2.517180715125572e-35,2.517180706922862e-35
812.1515189398674,26.801000125015626,1.5503164623147916e-14,1.792167201635933e-15,-1.5503164623147916e-14,9.07275453080187e-07,5.027851864768268e-35,-2.5139259404605615e-35,2.513925932384134e-35
813.2016502062758,26.835654456807102,1.513937900644119e-14,1.7479986928010148e-15,-1.513937900644119e-14,9.072754531141678e-07,5.021359127952269e-35,-2.510679571928774e-35,2.5106795639761344e-35
814.2517814726841,26.870308788598578,1.4784185002625773e-14,1.704927579579275e-15,-1.4784185002625773e-14,9.072754531474372e-07,5.014883138350067e-35,-2.5074415770063253e-35,2.5074415691750333e-35
815.3019127390924,26.90496312039005,1.4437378266529618e-14,1.6629263576562742e-15,-1.4437378266529618e-14,9.072754531800103e-07,5.00842383124913e-35,-2.5042119233368954e-35,2.504211915624565e-35
816.3520440055006,26.939617452181523,1.4098759350763244e-14,1.6219682185729472e-15,-1.4098759350763244e-14,9.072754532119009e-07,5.001981142269896e-35,-2.500990578730654e-35,2.500990571134948e-35
817.402175271909,26.974271783973,1.3768133587334959e-14,1.5820270319414113e-15,-1.3768133587334959e-14,9.072754532431242e-07,4.995555007363651e-35,-2.4977775111631897e-35,2.4977775036818257e-35
818.4523065383173,27.008926115764474,1.3445310972154078e-14,1.5430773281202657e-15,-1.3445310972154078e-14,9.072754532736935e-07,4.989145362810385e-35,-2.49457268877445e-35,2.4945726814051925e-35
819.5024378047256,27.043580447555946,1.3130106052350898e-14,1.5050942813373541e-15,-1.3130106052350898e-14,9.07275453303623e-07,4.982752145216701e-35,-2.4913760798676877e-35,2.4913760726083507e-35
820.5525690711338,27.078234779347415,1.2822337816344197e-14,1.4680536932483332e-15,-1.2822337816344197e-14,9.072754533329256e-07,4.97637529151372e-35,-2.4881876529084146e-35,2.48818764575686e-35
821.6027003375422,27.11288911113889,1.2521829586588532e-14,1.4319319769196595e-15,-1.2521829586588532e-14,9.072754533616152e-07,4.970014738955007e-35,-2.485007376523368e-35,2.4850073694775034e-35
822.6528316039505,27.147543442930367,1.2228408914935587e-14,1.3967061412249261e-15,-1.2228408914935587e-14,9.072754533897041e-07,4.963670425114513e-35,-2.4818352194994766e-35,2.4818352125572563e-35
823.7029628703588,27.18219777472184,1.1941907480544684e-14,1.3623537756436983e-15,-1.1941907480544684e-14,9.072754534172046e-07,4.957342287884529e-35,-2.4786711507828446e-35,2.4786711439422647e-35
824.753094136767,27.21685210651331,1.1662160990280041e-14,1.3288530354523631e-15,-1.1662160990280041e-14,9.072754534441296e-07,4.951030265473675e-35,-2.4755151394777346e-35,2.4755151327368376e-35
825.8032254031754,27.251506438304787,1.1389009081533913e-14,1.2961826272968494e-15,-1.1389009081533913e-14,9.07275453470491e-07,4.944734296404862e-35,-2.472367154845563e-35,2.472367148202431e-35
826.8533566695837,27.286160770096263,1.1122295227415388e-14,1.2643217951371368e-15,-1.1122295227415388e-14,9.072754534963004e-07,4.938454319513325e-35,-2.469227166303903e-35,2.469227159756662e-35
827.903487935992,27.320815101887735,1.0861866644246915e-14,1.2332503065539286e-15,-1.0861866644246915e-14,9.072754535215698e-07,4.93219027394462e-35,-2.466095143425495e-35,2.46609513697231e-35
828.9536192024003,27.35546943367921,1.0607574201311833e-14,1.2029484394080205e-15,-1.0607574201311833e-14,9.072754535463101e-07,4.925942099152671e-35,-2.462971055937259e-35,2.4629710495763353e-35
830.0037504688087,27.390123765470687,1.0359272332797769e-14,1.1733969688432304e-15,-1.0359272332797769e-14,9.072754535705325e-07,4.919709734897813e-35,-2.4598548737193247e-35,2.4598548674489065e-35
831.0538817352169,27.42477809726216,1.011681895188152e-14,1.144577154623866e-15,-1.011681895188152e-14,9.072754535942481e-07,4.913493121244863e-35,-2.456746566804062e-35,2.4567465606224313e-35
832.1040130016252,27.45943242905363,9.880075366903175e-15,1.1164707287980413e-15,-9.880075366903175e-15,9.072754536174671e-07,4.907292198561187e-35,-2.453646105375118e-35,2.4536460992805933e-35
833.1541442680335,27.494086760845107,9.648906199578068e-15,1.0890598836784162e-15,-9.648906199578068e-15,9.072754536402001e-07,4.901106907514806e-35,-2.4505534597664667e-35,2.450553453757403e-35
834.2042755344419,27.528741092636583,9.423179305196635e-15,1.0623272601320363e-15,-9.423179305196635e-15,9.072754536624572e-07,4.894937189072498e-35,-2.4474686004614603e-35,2.447468594536249e-35
835.2544068008501,27.563395424428055,9.20276569476313e-15,1.0362559361712367e-15,-9.20276569476313e-15,9.072754536842485e-07,4.888782984497915e-35,-2.444391498091893e-35,2.4443914922489575e-35
836.3045380672584,27.598049756219527,8.987539459025797e-15,1.0108294158378164e-15,-8.987539459025797e-15,9.072754537055838e-07,4.882644235349731e-35,-2.4413221234370656e-35,2.4413221176748656e-35
837.3546693336667,27.632704088011003,8.777377694352239e-15,9.860316183728307e-16,-8.777377694352239e-15,9.072754537264726e-07,4.876520883479782e-35,-2.4382604474228627e-35,2.438260441739891e-35
838.4048006000751,27.66735841980248,8.572160430404502e-15,9.618468676646033e-16,-8.572160430404502e-15,9.07275453746924e-07,4.870412871031231e-35,-2.435206441120836e-35,2.4352064355156157e-35
839.4549318664833,27.70201275159395,8.371770559569875e-15,9.382598819677053e-16,-8.371770559569875e-15,9.072754537669475e-07,4.864320140436755e-35,-2.432160075747289e-35,2.4321600702183774e-35
840.5050631328916,27.736667083385424,8.176093768104242e-15,9.152557638858625e-16,-8.176093768104242e-15,9.07275453786552e-07,4.858242634416722e-35,-2.4291213226623766e-35,2.429121317208361e-35
841.5551943992999,27.7713214151769,7.985018468946252e-15,8.928199906119734e-16,-7.985018468946252e-15,9.072754538057461e-07,4.852180295977408e-35,-2.4260901533692064e-35,2.426090147988704e-35
842.6053256657083,27.805975746968375,7.798435736161295e-15,8.70938404418546e-16,-7.798435736161295e-15,9.072754538245388e-07,4.846133068409209e-35,-2.423066539512947e-35,2.4230665342046047e-35
843.6554569321165,27.840630078759848,7.616239240975147e-15,8.495972033920274e-16,-7.616239240975147e-15,9.072754538429379e-07,4.840100895284877e-35,-2.420050452879945e-35,2.4200504476424386e-35
844.7055881985248,27.87528441055132,7.438325189358681e-15,8.287829324047564e-16,-7.438325189358681e-15,9.072754538609521e-07,4.83408372045776e-35,-2.4170418653968467e-35,2.41704186022888e-35
845.7557194649331,27.909938742342796,7.264592261125471e-15,8.084824743183131e-16,-7.264592261125471e-15,9.072754538785892e-07,4.828081488060065e-35,-2.414040749129727e-35,2.4140407440300327e-35
846.8058507313415,27.94459307413427,7.094941550505481e-15,7.88683041412356e-16,-7.094941550505481e-15,9.072754538958574e-07,4.822094142501125e-35,-2.4110470762832265e-35,2.4110470712505623e-35
847.8559819977497,27.979247405925744,6.929276508158446e-15,7.693721670330008e-16,-6.929276508158446e-15,9.072754539127642e-07,4.816121628465686e-35,-2.408060819199691e-35,2.408060814232843e-35
848.906113264158,28.013901737717216,6.767502884591849e-15,7.505376974551257e-16,-6.767502884591849e-15,9.072754539293171e-07,4.810163890912202e-35,-2.4050819503583215e-35,2.405081945456101e-35
849.9562445305663,28.04855606950869,6.609528674949332e-15,7.321677839530435e-16,-6.609528674949332e-15,9.072754539455238e-07,4.8042208750711405e-35,-2.402110442374327e-35,2.4021104375355702e-35
851.0063757969747,28.083210401300168,6.455264065135821e-15,7.142508750741452e-16,-6.455264065135821e-15,9.072754539613913e-07,4.7982925264433125e-35,-2.399146267998088e-35,2.3991462632216562e-35
852.0565070633829,28.117864733091636,6.3046213792466915e-15,6.967757091102597e-16,-6.3046213792466915e-15,9.072754539769266e-07,4.7923787907982e-35,-2.396189400114321e-35,2.3961893953991e-35
853.1066383297912,28.15251906488311,6.157515028269256e-15,6.797313067616119e-16,-6.157515028269256e-15,9.072754539921372e-07,4.786479614172305e-35,-2.393239811741254e-35,2.3932398070861526e-35
854.1567695961995,28.187173396674584,6.0138614600254045e-15,6.631069639884122e-16,-6.0138614600254045e-15,9.072754540070293e-07,4.780594942867505e-35,-2.3902974760298027e-35,2.3902974714337525e-35
855.2069008626079,28.22182772846606,5.873579110325177e-15,6.468922450452241e-16,-5.873579110325177e-15,9.072754540216098e-07,4.7747247234494293e-35,-2.3873623662627583e-35,2.3873623617247147e-35
856.2570321290161,28.256482060257532,5.736588355301523e-15,6.310769756933627e-16,-5.736588355301523e-15,9.072754540358853e-07,4.768868902745837e-35,-2.3844344558539796e-35,2.3844344513729185e-35
857.3071633954244,28.291136392049005,5.602811464897566e-15,6.156512365867431e-16,-5.602811464897566e-15,9.072754540498618e-07,4.763027427845014e-35,-2.381513718347586e-35,2.381513713922507e-35
858.3572946618327,28.32579072384048,5.4721725574782865e-15,6.006053568267153e-16,-5.4721725574782865e-15,9.072754540635463e-07,4.7572002460941765e-35,-2.3786001274171663e-35,2.3786001230470883e-35
859.4074259282411,28.360445055631956,5.3445975555390805e-15,5.859299076814813e-16,-5.3445975555390805e-15,9.072754540769443e-07,4.7513873050978933e-35,-2.3756936568649833e-35,2.3756936525489467e-35
860.4575571946493,28.39509938742343,5.2200141424844735e-15,5.716156964658844e-16,-5.2200141424844735e-15,9.072754540900621e-07,4.745588552716513e-35,-2.3727942806211908e-35,2.3727942763582564e-35
861.5076884610576,28.4297537192149,5.098351720450871e-15,5.576537605773899e-16,-5.098351720450871e-15,9.072754541029055e-07,4.739803937064603e-35,-2.3699019727430534e-35,2.3699019685323015e-35
862.5578197274659,28.464408051006377,4.979541369148033e-15,5.440353616842842e-16,-4.979541369148033e-15,9.0727545411548e-07,4.734033406509404e-35,-2.367016707414172e-35,2.367016703254702e-35
863.6079509938743,28.499062382797852,4.863515805694301e-15,5.307519800621177e-16,-4.863515805694301e-15,9.072754541277913e-07,4.728276909669297e-35,-2.3641384589437183e-35,2.3641384548346486e-35
864.6580822602825,28.533716714589325,4.750209345421386e-15,5.17795309074588e-16,-4.750209345421386e-15,9.072754541398451e-07,4.722534395412274e-35,-2.3612672017656698e-35,2.361267197706137e-35
865.7082135266908,28.568371046380797,4.639557863625102e-15,5.051572497951355e-16,-4.639557863625102e-15,9.072754541516468e-07,4.7168058128544265e-35,-2.3584029104380535e-35,2.3584029064272133e-35
866.7583447930991,28.603025378172273,4.531498758239113e-15,4.928299057656415e-16,-4.531498758239113e-15,9.072754541632014e-07,4.7110911113584365e-35,-2.3555455596421935e-35,2.3555455556792182e-35
867.8084760595075,28.63767970996375,4.425970913409103e-15,4.808055778886768e-16,-4.425970913409103e-15,9.072754541745146e-07,4.705390240532096e-35,-2.3526951241819674e-35,2.352695120266048e-35
868.8586073259157,28.67233404175522,4.322914663945466e-15,4.690767594498694e-16,-4.322914663945466e-15,9.072754541855911e-07,4.6997031502268153e-35,-2.3498515789830642e-35,2.3498515751134076e-35
869.908738592324,28.706988373546693,4.2222717606331496e-15,4.576361312670431e-16,-4.2222717606331496e-15,9.072754541964359e-07,4.694029790536156e-35,-2.3470148990922487e-35,2.347014895268078e-35
870.9588698587323,28.74164270533817,4.1239853363778594e-15,4.464765569628661e-16,-4.1239853363778594e-15,9.072754542070537e-07,4.6883701117943746e-35,-2.3441850596766316e-35,2.3441850558971873e-35
872.0090011251407,28.776297037129645,4.027999873168232e-15,4.355910783578263e-16,-4.027999873168232e-15,9.072754542174495e-07,4.6827240645749665e-35,-2.3413620360229462e-35,2.3413620322874833e-35
873.0591323915489,28.810951368921117,3.9342611698340804e-15,4.2497291098044115e-16,-3.9342611698340804e-15,9.072754542276281e-07,4.677091599689235e-35,-2.3385458035368279e-35,2.3385457998446175e-35
874.1092636579572,28.84560570071259,3.8427163105814435e-15,4.146154396916909e-16,-3.8427163105814435e-15,9.072754542375937e-07,4.671472668184856e-35,-2.3357363377420992e-35,2.335736334092428e-35
875.1593949243655,28.880260032504065,3.753313634285516e-15,4.0451221442072734e-16,-3.753313634285516e-15,9.072754542473505e-07,4.665867221344463e-35,-2.3329336142800625e-35,2.3329336106722316e-35
876.2095261907739,28.91491436429554,3.6660027045231126e-15,3.946569460090198e-16,-3.6660027045231126e-15,9.072754542569034e-07,4.660275210684238e-35,-2.3301376089087948e-35,2.330137605342119e-35
877.2596574571821,28.949568696087013,3.58073428032657e-15,3.8504350216013087e-16,-3.58073428032657e-15,9.072754542662565e-07,4.654696587952518e-35,-2.3273482975024502e-35,2.327348293976259e-35
878.3097887235904,28.984223027878485,3.4974602876416445e-15,3.756659034924147e-16,-3.4974602876416445e-15,9.072754542754139e-07,4.6491313051283994e-35,-2.324565656050563e-35,2.3245656525641997e-35
879.3599199899987,29.01887735966996,3.4161337914723654e-15,3.665183196920129e-16,-3.4161337914723654e-15,9.072754542843799e-07,4.6435793144203676e-35,-2.3217896606573615e-35,2.3217896572101838e-35
880.4100512564071,29.053531691461437,3.336708968696048e-15,3.5759506576354235e-16,-3.336708968696048e-15,9.072754542931582e-07,4.638040568264923e-35,-2.3190202875410836e-35,2.3190202841324616e-35
881.4601825228153,29.088186023252906,3.25914108153231e-15,3.4889059837599964e-16,-3.25914108153231e-15,9.072754543017528e-07,4.6325150193252287e-35,-2.316257513033297e-35,2.3162575096626143e-35
882.5103137892236,29.122840355044378,3.183386451650097e-15,3.403995123014112e-16,-3.183386451650097e-15,9.072754543101679e-07,4.627002620489754e-35,-2.3135013135782251e-35,2.313501310244877e-35
883.5604450556319,29.157494686835854,3.1094024348973853e-15,3.3211653694387573e-16,-3.1094024348973853e-15,9.07275454318407e-07,4.621503324870943e-35,-2.3107516657320773e-35,2.3107516624354716e-35
884.6105763220403,29.19214901862733,3.0371473966383917e-15,3.2403653295666736e-16,-3.0371473966383917e-15,9.072754543264737e-07,4.616017085803886e-35,-2.3080085461623842e-35,2.308008542901943e-35
885.6607075884485,29.226803350418802,2.966580687683515e-15,3.1615448894514363e-16,-2.966580687683515e-15,9.072754543343721e-07,4.6105438568449906e-35,-2.3052719316473396e-35,2.3052719284224953e-35
886.7108388548568,29.261457682210274,2.897662620797683e-15,3.084655182532542e-16,-2.897662620797683e-15,9.072754543421047e-07,4.6050835917706736e-35,-2.302541799075142e-35,2.3025417958853368e-35
887.7609701212651,29.29611201400175,2.830354447773136e-15,3.0096485583153486e-16,-2.830354447773136e-15,9.072754543496759e-07,4.599636244576073e-35,-2.2998181254433462e-35,2.2998181222880365e-35
888.8111013876735,29.330766345793226,2.764618337052901e-15,2.9364785518446353e-16,-2.764618337052901e-15,9.072754543570887e-07,4.594201769473736e-35,-2.2971008878582165e-35,2.297100884736868e-35
889.8612326540817,29.365420677584698,2.7004173518916193e-15,2.865099853951735e-16,-2.7004173518916193e-15,9.072754543643463e-07,4.588780120892352e-35,-2.2943900635340863e-35,2.294390060446176e-35
890.91136392049,29.40007500937617,2.637715429040727e-15,2.795468282255289e-16,-2.637715429040727e-15,9.072754543714522e-07,4.5833712534754683e-35,-2.291685629792719e-35,2.2916856267377342e-35
891.9614951868983,29.434729341167646,2.5764773579453286e-15,2.7275407528964576e-16,-2.5764773579453286e-15,9.072754543784096e-07,4.5779751220802336e-35,-2.2889875640626772e-35,2.2889875610401168e-35
893.0116264533067,29.469383672959122,2.5166687604403474e-15,2.661275252989745e-16,-2.5166687604403474e-15,9.072754543852215e-07,4.572591681776134e-35,-2.286295843878695e-35,2.286295840888067e-35
894.0617577197149,29.504038004750594,2.458256070933825e-15,2.596630813771082e-16,-2.458256070933825e-15,9.07275454391891e-07,4.567220887843754e-35,-2.283610446881054e-35,2.283610443921877e-35
895.1118889861232,29.538692336542066,2.401206517065632e-15,2.5335674844254006e-16,-2.401206517065632e-15,9.07275454398421e-07,4.561862695773531e-35,-2.2809313508149633e-35,2.2809313478867654e-35
896.1620202525315,29.573346668333542,2.345488100830121e-15,2.472046306576429e-16,-2.345488100830121e-15,9.072754544048143e-07,4.556517061264529e-35,-2.2782585335299458e-35,2.2782585306322645e-35
897.2121515189399,29.608001000125018,2.291069580151426e-15,2.41202928942157e-16,-2.291069580151426e-15,9.07275454411074e-07,4.551183940223219e-35,-2.275591972979228e-35,2.2755919701116094e-35
898.2622827853481,29.64265533191649,2.237920450900507e-15,2.3534793854955754e-16,-2.237920450900507e-15,9.072754544172027e-07,4.5458632887622674e-35,-2.2729316472191332e-35,2.2729316443811337e-35
899.3124140517564,29.677309663707963,2.186010929343227e-15,2.2963604670468305e-16,-2.186010929343227e-15,9.072754544232034e-07,4.540555063199327e-35,-2.270277534408479e-35,2.2702775315996634e-35
900.3625453181647,29.71196399549944,2.1353119350091094e-15,2.240637303010731e-16,-2.1353119350091094e-15,9.072754544290786e-07,4.535259220055844e-35,-2.26762961280798e-35,2.267629610027922e-35
901.4126765845731,29.746618327290914,2.085795073970555e-15,2.186275536564842e-16,-2.085795073970555e-15,9.072754544348307e-07,4.5299757160558734e-35,-2.2649878607796557e-35,2.2649878580279367e-35
902.4628078509813,29.781272659082386,2.0374326225225997e-15,2.1332416632509354e-16,-2.0374326225225997e-15,9.072754544404627e-07,4.5247045081248997e-35,-2.2623522567862392e-35,2.2623522540624498e-35
903.5129391173897,29.815926990873862,1.990197511253553e-15,2.0815030096495972e-16,-1.990197511253553e-15,9.07275454445977e-07,4.519445553388664e-35,-2.2597227793905924e-35,2.259722776694332e-35
904.563070383798,29.850581322665338,1.9440633094971186e-15,2.031027712593168e-16,-1.9440633094971186e-15,9.072754544513761e-07,4.514198809171999e-35,-2.2570994072551254e-35,2.2570994045859996e-35
905.6132016502063,29.88523565445681,1.899004210156714e-15,1.981784698903426e-16,-1.899004210156714e-15,9.072754544566621e-07,4.508964232997684e-35,-2.2544821191412186e-35,2.254482116498842e-35
906.6633329166145,29.919889986248283,1.8549950148930286e-15,1.933743665640455e-16,-1.8549950148930286e-15,9.072754544618377e-07,4.5037417825852884e-35,-2.2518708939086498e-35,2.2518708912926442e-35
907.7134641830229,29.95454431803976,1.812011119666114e-15,1.886875060849917e-16,-1.812011119666114e-15,9.072754544669053e-07,4.4985314158500426e-35,-2.2492657105150252e-35,2.2492657079250213e-35
908.7635954494313,29.989198649831234,1.7700285006233742e-15,1.8411500647958193e-16,-1.7700285006233742e-15,9.072754544718667e-07,4.4933330909016954e-35,-2.2466665480152142e-35,2.2466665454508477e-35
909.8137267158395,30.023852981622706,1.7290237003251471e-15,1.7965405716665196e-16,-1.7290237003251471e-15,9.072754544767243e-07,4.488146766043405e-35,-2.244073385560788e-35,2.2440733830217026e-35
910.8638579822477,30.058507313414175,1.6889738142997191e-15,1.7530191717418754e-16,-1.6889738142997191e-15,9.072754544814804e-07,4.4829723997706165e-35,-2.2414862023994615e-35,2.2414861998853083e-35
911.9139892486561,30.09316164520565,1.6498564779198647e-15,1.710559134009858e-16,-1.6498564779198647e-15,9.072754544861372e-07,4.4778099507699557e-35,-2.2389049778745406e-35,2.2389049753849778e-35
912.9641205150645,30.127815976997127,1.6116498535931452e-15,1.669134389221152e-16,-1.6116498535931452e-15,9.072754544906965e-07,4.472659377918128e-35,-2.2363296914243722e-35,2.236329688959064e-35
914.0142517814727,30.1624703087886,1.5743326182583734e-15,1.628719513370586e-16,-1.5743326182583734e-15,9.072754544951606e-07,4.4675206402808315e-35,-2.2337603225817987e-35,2.2337603201404158e-35
915.0643830478809,30.19712464058007,1.5378839511808979e-15,1.5892897115945725e-16,-1.5378839511808979e-15,9.072754544995313e-07,4.4623936971116684e-35,-2.2311968509736145e-35,2.2311968485558342e-35
916.1145143142893,30.231778972371547,1.5022835220395139e-15,1.550820802473947e-16,-1.5022835220395139e-15,9.072754545038106e-07,4.4572785078510675e-35,-2.2286392563200278e-35,2.2286392539255337e-35
917.1646455806977,30.266433304163023,1.4675114792979716e-15,1.5132892027319923e-16,-1.4675114792979716e-15,9.072754545080006e-07,4.452175032125221e-35,-2.2260875184341276e-35,2.2260875160626105e-35
918.2147768471059,30.301087635954495,1.4335484388542092e-15,1.4766719123174453e-16,-1.4335484388542092e-15,9.072754545121029e-07,4.447083229745011e-35,-2.223541617221351e-35,2.2235416148725055e-35
919.2649081135141,30.335741967745967,1.4003754729606227e-15,1.4409464998628276e-16,-1.4003754729606227e-15,9.072754545161194e-07,4.4420030607049665e-35,-2.221001532678955e-35,2.2210015303524832e-35
920.3150393799225,30.370396299537443,1.3679740994089174e-15,1.4060910885085902e-16,-1.3679740994089174e-15,9.07275454520052e-07,4.436934485182207e-35,-2.2184672448954938e-35,2.2184672425911034e-35
921.3651706463309,30.40505063132892,1.336326270973077e-15,1.3720843420836598e-16,-1.336326270973077e-15,9.072754545239021e-07,4.431877463535406e-35,-2.2159387340502997e-35,2.215938731767703e-35
922.4153019127391,30.43970496312039,1.3054143651043064e-15,1.338905451633456e-16,-1.3054143651043064e-15,9.07275454527672e-07,4.42683195630376e-35,-2.213415980412964e-35,2.21341597815188e-35
923.4654331791473,30.474359294911864,1.2752211738718406e-15,1.3065341222864771e-16,-1.2752211738718406e-15,9.072754545313629e-07,4.421797924205954e-35,-2.2108989643428248e-35,2.210898962102977e-35
924.5155644455557,30.50901362670334,1.245729894143775e-15,1.274950560450961e-16,-1.245729894143775e-15,9.07275454534977e-07,4.4167753281391507e-35,-2.208387666288457e-35,2.2083876640695753e-35
925.565695711964,30.543667958494815,1.216924118002075e-15,1.2441354613331471e-16,-1.216924118002075e-15,9.072754545385153e-07,4.4117641291779723e-35,-2.2058820667871673e-35,2.2058820645889861e-35
926.6158269783723,30.578322290286287,1.1887878233861698e-15,1.2140699967690506e-16,-1.1887878233861698e-15,9.072754545419795e-07,4.406764288573496e-35,-2.2033821464644898e-35,2.203382144286748e-35
927.6659582447805,30.61297662207776,1.1613053649596265e-15,1.1847358033617633e-16,-1.1613053649596265e-15,9.072754545453716e-07,4.401775767752259e-35,-2.2008878860336875e-35,2.2008878838761295e-35
928.7160895111889,30.647630953869236,1.1344614651945588e-15,1.1561149709165798e-16,-1.1344614651945588e-15,9.072754545486927e-07,4.396798528315264e-35,-2.198399266295256e-35,2.198399264157632e-35
929.7662207775973,30.68228528566071,1.1082412056685377e-15,1.1281900311663732e-16,-1.1082412056685377e-15,9.072754545519442e-07,4.391832532036987e-35,-2.1959162681364311e-35,2.1959162660184936e-35
930.8163520440055,30.716939617452184,1.0826300185688728e-15,1.1009439467798622e-16,-1.0826300185688728e-15,9.07275454555128e-07,4.386877740864418e-35,-2.1934388725307002e-35,2.193438870432209e-35
931.8664833104137,30.751593949243656,1.0576136783993089e-15,1.0743601006456153e-16,-1.0576136783993089e-15,9.072754545582451e-07,4.381934116916062e-35,-2.1909670605373136e-35,2.190967058458031e-35
932.9166145768221,30.78624828103513,1.0331782938842841e-15,1.0484222854248319e-16,-1.0331782938842841e-15,9.072754545612971e-07,4.377001622480998e-35,-2.188500813300805e-35,2.188500811240499e-35
933.9667458432305,30.820902612826607,1.0093103000659977e-15,1.0231146933660801e-16,-1.0093103000659977e-15,9.072754545642853e-07,4.372080220017906e-35,-2.186040112050511e-35,2.186040110008953e-35
935.0168771096387,30.85555694461808,9.859964505896478e-16,9.984219063753235e-17,-9.859964505896478e-16,9.072754545672114e-07,4.3671698721541235e-35,-2.183584938100094e-35,2.1835849360770617e-35
936.0670083760469,30.890211276409552,9.63223810172331e-16,9.743288863348508e-17,-9.63223810172331e-16,9.072754545700761e-07,4.3622705416846867e-35,-2.1811352728470703e-35,2.1811352708423433e-35
937.1171396424553,30.924865608201028,9.409797472512325e-16,9.50820965664778e-17,-9.409797472512325e-16,9.072754545728809e-07,4.3573821915714024e-35,-2.1786910977723386e-35,2.1786910957857012e-35
938.1672709088637,30.959519939992504,9.192519268067533e-16,9.278838381209821e-17,-9.192519268067533e-16,9.072754545756268e-07,4.352504784941912e-35,-2.1762523944397166e-35,2.176252392470956e-35
939.2174021752719,30.994174271783976,8.980283033564052e-16,9.055035498234809e-17,-8.980283033564052e-16,9.072754545783155e-07,4.347638285088767e-35,-2.1738191444954736e-35,2.1738191425443834e-35
940.2675334416801,31.028828603575445,8.772971141153857e-16,8.836664905094836e-17,-8.772971141153857e-16,9.07275454580948e-07,4.3427826554684974e-35,-2.171391329667873e-35,2.1713913277342487e-35
941.3176647080885,31.06348293536692,8.570468723198212e-16,8.623593850053719e-17,-8.570468723198212e-16,9.072754545835255e-07,4.337937859700708e-35,-2.1689689317667125e-35,2.168968929850354e-35
942.3677959744969,31.098137267158396,8.372663607088087e-16,8.415692849121488e-17,-8.372663607088087e-16,9.072754545860491e-07,4.3331038615671665e-35,-2.1665519326828728e-35,2.1665519307835832e-35
943.4179272409051,31.13279159894987,8.179446251614091e-16,8.21283560498896e-17,-8.179446251614091e-16,9.0727545458852e-07,4.328280625010901e-35,-2.1641403143878634e-35,2.1641403125054504e-35
944.4680585073133,31.16744593074134,7.990709684849098e-16,8.014898927990338e-17,-7.990709684849098e-16,9.072754545909392e-07,4.3234681141352996e-35,-2.1617340589333756e-35,2.1617340570676498e-35
945.5181897737217,31.202100262532817,7.806349443507321e-16,7.821762659042565e-17,-7.806349443507321e-16,9.072754545933078e-07,4.318666293203224e-35,-2.1593331484508377e-35,2.159333146601612e-35
946.5683210401301,31.236754594324292,7.626263513744456e-16,7.633309594511491e-17,-7.626263513744456e-16,9.07275454595627e-07,4.313875126636129e-35,-2.156937565150972e-35,2.1569375633180645e-35
947.6184523065383,31.271408926115765,7.450352273364265e-16,7.449425412956218e-17,-7.450352273364265e-16,9.072754545978977e-07,4.309094579013175e-35,-2.1545472913233561e-35,2.1545472895065876e-35
948.6685835729465,31.306063257907237,7.278518435398031e-16,7.269998603704269e-17,-7.278518435398031e-16,9.072754546001209e-07,4.3043246150703586e-35,-2.1521623093359852e-35,2.1521623075351793e-35
949.7187148393549,31.340717589698713,7.110666993024192e-16,7.094920397211497e-17,-7.110666993024192e-16,9.07275454602298e-07,4.2995651996996486e-35,-2.1497826016348396e-35,2.1497825998498243e-35
950.7688461057633,31.37537192149019,6.946705165795807e-16,6.924084697161772e-17,-6.946705165795807e-16,9.072754546044294e-07,4.294816297948116e-35,-2.147408150743454e-35,2.147408148974058e-35
951.8189773721715,31.41002625328166,6.786542347144745e-16,6.757388014262308e-17,-6.786542347144745e-16,9.072754546065161e-07,4.2900778750170927e-35,-2.1450389392624897e-35,2.1450389375085464e-35
952.8691086385797,31.444680585073133,6.630090053131901e-16,6.594729401692209e-17,-6.630090053131901e-16,9.072754546085593e-07,4.285349896261309e-35,-2.142674949869309e-35,2.1426749481306545e-35
953.9192399049881,31.47933491686461,6.477261872413956e-16,6.43601039216252e-17,-6.477261872413956e-16,9.072754546105598e-07,4.280632327188053e-35,-2.1403161653175527e-35,2.1403161635940265e-35
954.9693711713965,31.513989248656085,6.327973417397296e-16,6.2811349365472e-17,-6.327973417397296e-16,9.072754546125185e-07,4.275925133456332e-35,-2.1379625684367226e-35,2.137962566728166e-35
956.0195024378047,31.548643580447557,6.182142276550774e-16,6.130009344045295e-17,-6.182142276550774e-16,9.072754546144362e-07,4.271228280876042e-35,-2.1356141421317637e-35,2.135614140438021e-35
957.069633704213,31.58329791223903,6.039687967849714e-16,5.982542223836049e-17,-6.039687967849714e-16,9.07275454616314e-07,4.266541735407137e-35,-2.1332708693826492e-35,2.1332708677035684e-35
958.1197649706213,31.617952244030505,5.90053189332403e-16,5.838644428189038e-17,-5.90053189332403e-16,9.072754546181525e-07,4.261865463158803e-35,-2.1309327332439704e-35,2.1309327315794014e-35
959.1698962370297,31.65260657582198,5.764597294684266e-16,5.698228996993213e-17,-5.764597294684266e-16,9.072754546199523e-07,4.2571994303886473e-35,-2.1285997168445292e-35,2.1285997151943237e-35
960.2200275034379,31.687260907613453,5.631809209999525e-16,5.561211103668631e-17,-5.631809209999525e-16,9.072754546217148e-07,4.2525436035018884e-35,-2.126271803386931e-35,2.1262718017509442e-35
961.2701587698461,31.721915239404925,5.502094431402341e-16,5.42750800242639e-17,-5.502094431402341e-16,9.072754546234404e-07,4.247897949050542e-35,-2.123948976147181e-35,2.123948974525271e-35
962.3202900362545,31.7565695711964,5.375381463796031e-16,5.297038976842806e-17,-5.375381463796031e-16,9.0727545462513e-07,4.243262433732626e-35,-2.1216312184742856e-35,2.121631216866313e-35
963.3704213026629,31.791223902987877,5.251600484540499e-16,5.169725289714954e-17,-5.251600484540499e-16,9.072754546267842e-07,4.238637024391359e-35,-2.119318513789853e-35,2.1193185121956796e-35
964.4205525690711,31.82587823477935,5.130683304093125e-16,5.045490134165059e-17,-5.130683304093125e-16,9.072754546284039e-07,4.234021688014379e-35,-2.117010845587699e-35,2.1170108440071894e-35
965.4706838354793,31.86053256657082,5.012563327581958e-16,4.924258585962496e-17,-5.012563327581958e-16,9.072754546299896e-07,4.2294163917329477e-35,-2.1147081974334527e-35,2.1147081958664738e-35
966.5208151018877,31.895186898362297,4.897175517289127e-16,4.8059575570330923e-17,-4.897175517289127e-16,9.072754546315423e-07,4.224821102821181e-35,-2.1124105529641684e-35,2.1124105514105905e-35
967.5709463682961,31.929841230153773,4.784456356022543e-16,4.690515750125465e-17,-4.784456356022543e-16,9.072754546330626e-07,4.220235788695261e-35,-2.1101178958879365e-35,2.1101178943476305e-35
968.6210776347043,31.964495561945245,4.674343811354792e-16,4.577863614605617e-17,-4.674343811354792e-16,9.07275454634551e-07,4.215660416912677e-35,-2.1078302099834995e-35,2.1078302084563384e-35
969.6712089011125,31.999149893736714,4.566777300708578e-16,4.467933303351436e-17,-4.566777300708578e-16,9.072754546360083e-07,4.211094955171458e-35,-2.1055474790998682e-35,2.105547477585729e-35
970.7213401675209,32.03380422552819,4.461697657268473e-16,4.360658630719401e-17,-4.461697657268473e-16,9.072754546374352e-07,4.206539371309404e-35,-2.103269687155942e-35,2.103269685654702e-35
971.7714714339293,32.068458557319666,4.359047096699418e-16,4.255975031556827e-17,-4.359047096699418e-16,9.072754546388323e-07,4.201993633303345e-35,-2.1009968181401332e-35,2.1009968166516726e-35
972.8216027003375,32.10311288911114,4.2587691846525163e-16,4.1538195212330723e-17,-4.2587691846525163e-16,9.072754546402002e-07,4.197457709268378e-35,-2.0987288561099884e-35,2.098728854634189e-35
973.8717339667458,32.13776722090261,4.1608088050395244e-16,4.054130656664472e-17,-4.1608088050395244e-16,9.072754546415397e-07,4.1929315674571286e-35,-2.0964657851918188e-35,2.0964657837285643e-35
974.9218652331541,32.17242155269409,4.0651121290577496e-16,3.956848498307923e-17,-4.0651121290577496e-16,9.07275454642851e-07,4.1884151762590056e-35,-2.094207589580327e-35,2.0942075881295028e-35
975.9719964995625,32.20707588448556,3.971626584947408e-16,3.861914573098876e-17,-3.971626584947408e-16,9.07275454644135e-07,4.183908504199475e-35,-2.091954253538243e-35,2.0919542520997376e-35
977.0221277659707,32.241730216277034,3.880300828463967e-16,3.7692718383101433e-17,-3.880300828463967e-16,9.072754546453922e-07,4.179411519939314e-35,-2.0897057613959542e-35,2.089705759969657e-35
978.072259032379,32.276384548068506,3.791084714048581e-16,3.678864646308234e-17,-3.791084714048581e-16,9.07275454646623e-07,4.1749241922738937e-35,-2.0874620975511454e-35,2.0874620961369468e-35
979.1223902987873,32.311038879859986,3.7039292666798757e-16,3.5906387101850645e-17,-3.7039292666798757e-16,9.072754546478281e-07,4.1704464901324586e-35,-2.0852232464684362e-35,2.0852232450662293e-35
980.1725215651957,32.34569321165146,3.6187866543909666e-16,3.5045410702428397e-17,-3.6187866543909666e-16,9.072754546490082e-07,4.165978382577408e-35,-2.0829891926790234e-35,2.082989191288704e-35
981.2226528316039,32.38034754344293,3.5356101614357974e-16,3.420520061310888e-17,-3.5356101614357974e-16,9.072754546501636e-07,4.161519838803575e-35,-2.0807599207803242e-35,2.0807599194017875e-35
982.2727840980123,32.41500187523441,3.454354162089346e-16,3.3385252808735244e-17,-3.454354162089346e-16,9.072754546512948e-07,4.157070828137532e-35,-2.0785354154356217e-35,2.078535414068766e-35
983.3229153644206,32.44965620702588,3.3749740950668015e-16,3.258507557988863e-17,-3.3749740950668015e-16,9.072754546524023e-07,4.1526313200368807e-35,-2.0763156613737151e-35,2.0763156600184403e-35
984.3730466308289,32.484310538817354,3.2974264385467147e-16,3.180418922978495e-17,-3.2974264385467147e-16,9.072754546534867e-07,4.1482012840895516e-35,-2.074100643388569e-35,2.0741006420447758e-35
985.4231778972371,32.518964870608826,3.221668685783947e-16,3.1042125778689537e-17,-3.221668685783947e-16,9.072754546545485e-07,4.1437806900131133e-35,-2.0718903463389643e-35,2.0718903450065566e-35
986.4733091636455,32.5536192024003,3.1476593212983686e-16,3.029842867566138e-17,-3.1476593212983686e-16,9.072754546555881e-07,4.139369507654077e-35,-2.069684755148157e-35,2.0696847538270385e-35
987.5234404300538,32.58827353419178,3.075357797625605e-16,2.957265251744313e-17,-3.075357797625605e-16,9.07275454656606e-07,4.134967706987218e-35,-2.0674838548035325e-35,2.067483853493609e-35
988.5735716964621,32.62292786598325,3.0047245126164396e-16,2.886436277431847e-17,-3.0047245126164396e-16,9.072754546576027e-07,4.13057525811489e-35,-2.0652876303562668e-35,2.065287629057445e-35
989.6237029628703,32.65758219777472,2.9357207872718656e-16,2.817313552276299e-17,-2.9357207872718656e-16,9.072754546585785e-07,4.126192131266352e-35,-2.0630960669209866e-35,2.063096065633176e-35
990.6738342292787,32.692236529566195,2.868308844101119e-16,2.749855718471859e-17,-2.868308844101119e-16,9.072754546595339e-07,4.1218182967970877e-35,-2.060909149675433e-35,2.0609091483985438e-35
991.723965495687,32.726890861357674,2.802451785990188e-16,2.6840224273326792e-17,-2.802451785990188e-16,9.072754546604694e-07,4.1174537251881443e-35,-2.0587268638601292e-35,2.0587268625940721e-35
992.7740967620953,32.761545193149146,2.7381135755686845e-16,2.6197743144957194e-17,-2.7381135755686845e-16,9.072754546613853e-07,4.1130983870454704e-35,-2.0565491947780467e-35,2.0565491935227352e-35
993.8242280285035,32.79619952494062,2.6752590150632983e-16,2.5570729757377958e-17,-2.6752590150632983e-16,9.072754546622821e-07,4.108752253099248e-35,-2.0543761277942755e-35,2.054376126549624e-35
994.8743592949119,32.83085385673209,2.6138537266262204e-16,2.4958809433910337e-17,-2.6138537266262204e-16,9.072754546631602e-07,4.1044152942032407e-35,-2.0522076483356973e-35,2.0522076471016204e-35
995.9244905613202,32.86550818852357,2.553864133127361e-16,2.436161663342224e-17,-2.553864133127361e-16,9.072754546640199e-07,4.100087481334146e-35,-2.050043741890658e-35,2.050043740667073e-35
996.9746218277285,32.90016252031504,2.4952574393992084e-16,2.3778794726012186e-17,-2.4952574393992084e-16,9.072754546648617e-07,4.095768785590942e-35,-2.0478843940086464e-35,2.047884392795471e-35
998.0247530941367,32.934816852106515,2.438001613923704e-16,2.3209995774242308e-17,-2.438001613923704e-16,9.072754546656859e-07,4.0914591781942473e-35,-2.0457295902999704e-35,2.0457295890971237e-35
999.0748843605451,32.96947118389799,2.3820653709506223e-16,2.2654880319783656e-17,-2.3820653709506223e-16,9.072754546664928e-07,4.087158630485681e-35,-2.043579316435438e-35,2.0435793152428406e-35
1000.1250156269534,33.004125515689466,2.327418153037213e-16,2.2113117175336473e-17,-2.327418153037213e-16,9.07275454667283e-07,4.0828671139272266e-35,-2.0414335581460401e-35,2.0414335569636133e-35
1001.1751468933617,33.03877984748094,2.2740301139990907e-16,2.1584383221695704e-17,-2.2740301139990907e-16,9.072754546680566e-07,4.0785846001006016e-35,-2.0392923012226345e-35,2.0392923000503008e-35
1002.2252781597699,33.07343417927241,2.2218721022626703e-16,2.1068363209832257e-17,-2.2218721022626703e-16,9.072754546688142e-07,4.0743110607066333e-35,-2.0371555315156328e-35,2.0371555303533166e-35
1003.2754094261783,33.10808851106388,2.1709156446095922e-16,2.0564749567866455e-17,-2.1709156446095922e-16,9.072754546695556e-07,4.070046467564625e-35,-2.035023234934687e-35,2.0350232337823125e-35
1004.3255406925866,33.14274284285536,2.1211329303038815e-16,2.0073242212810513e-17,-2.1211329303038815e-16,9.072754546702817e-07,4.0657907926117515e-35,-2.0328953974483822e-35,2.0328953963058758e-35
1005.3756719589949,33.177397174646835,2.0724967955927172e-16,1.95935483669617e-17,-2.0724967955927172e-16,9.072754546709926e-07,4.0615440079024324e-35,-2.0307720050839277e-35,2.0307720039512162e-35
1006.4258032254031,33.21205150643831,2.0249807085719984e-16,1.9125382378830507e-17,-2.0249807085719984e-16,9.072754546716885e-07,4.0573060856077233e-35,-2.0286530439268505e-35,2.0286530428038617e-35
1007.4759344918115,33.24670583822978,1.978558754408086e-16,1.8668465548490996e-17,-1.978558754408086e-16,9.072754546723702e-07,4.0530769980147117e-35,-2.0265385001206917e-35,2.0265384990073558e-35
1008.5260657582198,33.28136017002126,1.933205620907237e-16,1.8222525957243242e-17,-1.933205620907237e-16,9.072754546730375e-07,4.0488567175259055e-35,-2.0244283598667062e-35,2.0244283587629527e-35
1009.5761970246281,33.31601450181273,1.8888965844245147e-16,1.7787298301479837e-17,-1.8888965844245147e-16,9.072754546736909e-07,4.044645216658639e-35,-2.0223226094235595e-35,2.0223226083293195e-35
1010.6263282910363,33.3506688336042,1.8456074961041362e-16,1.7362523730652985e-17,-1.8456074961041362e-16,9.072754546743307e-07,4.0404424680444757e-35,-2.020221235107032e-35,2.0202212340222378e-35
1011.6764595574447,33.385323165395675,1.803314768443422e-16,1.6947949689239327e-17,-1.803314768443422e-16,9.072754546749571e-07,4.036248444428612e-35,-2.018124223289721e-35,2.018124222214306e-35
1012.7265908238529,33.41997749718715,1.7619953621727052e-16,1.6543329762603994e-17,-1.7619953621727052e-16,9.072754546755705e-07,4.0320631186692895e-35,-2.0160315604007472e-35,2.0160315593346447e-35
1013.7767220902613,33.45463182897863,1.7216267734436448e-16,1.6148423526665575e-17,-1.7216267734436448e-16,9.07275454676171e-07,4.0278864637372113e-35,-2.013943232925461e-35,2.0139432318686057e-35
1014.8268533566695,33.48928616077009,1.6821870213187533e-16,1.576299640126888e-17,-1.6821870213187533e-16,9.07275454676759e-07,4.023718452714961e-35,-2.0118592274051524e-35,2.0118592263574805e-35
1015.8769846230779,33.52394049256157,1.6436546355549145e-16,1.5386819507172404e-17,-1.6436546355549145e-16,9.072754546773349e-07,4.019559058796418e-35,-2.009779530436761e-35,2.009779529398209e-35
1016.9271158894861,33.558594824353044,1.6060086446740318e-16,1.5019669526561513e-17,-1.6060086446740318e-16,9.072754546778984e-07,4.015408255286191e-35,-2.0077041286725902e-35,2.0077041276430954e-35
1017.9772471558945,33.593249156144516,1.569228564313901e-16,1.4661328566998517e-17,-1.569228564313901e-16,9.072754546784504e-07,4.0112660155990393e-35,-2.0056330088200186e-35,2.0056330077995197e-35
1019.0273784223028,33.627903487935995,1.533294385852835e-16,1.4311584028726137e-17,-1.533294385852835e-16,9.072754546789907e-07,4.007132313259312e-35,-2.0035661576412208e-35,2.003566156629656e-35
1020.0775096887111,33.66255781972747,1.4981865653014042e-16,1.3970228475239063e-17,-1.4981865653014042e-16,9.072754546795198e-07,4.0030071219003814e-35,-2.0015035619528808e-35,2.0015035609501907e-35
1021.1276409551194,33.69721215151894,1.4638860124550828e-16,1.3637059507043704e-17,-1.4638860124550828e-16,9.07275454680038e-07,3.998890415264081e-35,-1.9994452086259144e-35,1.9994452076320405e-35
1022.1777722215277,33.73186648331041,1.4303740803016376e-16,1.3311879638527086e-17,-1.4303740803016376e-16,9.072754546805451e-07,3.9947821672001455e-35,-1.9973910845851905e-35,1.9973910836000728e-35
1023.227903487936,33.76652081510189,1.3976325546771586e-16,1.2994496177856663e-17,-1.3976325546771586e-16,9.072754546810418e-07,3.9906823516656663e-35,-1.9953411768092518e-35,1.9953411758328331e-35
1024.2780347543444,33.801175146893364,1.3656436441649563e-16,1.2684721109837383e-17,-1.3656436441649563e-16,9.07275454681528e-07,3.986590942724534e-35,-1.9932954723300434e-35,1.993295471362267e-35
1025.3281660207526,33.835829478684836,1.3343899702315088e-16,1.2382370981650929e-17,-1.3343899702315088e-16,9.07275454682004e-07,3.9825079145468927e-35,-1.9912539582326367e-35,1.9912539572734463e-35
1026.3782972871609,33.87048381047631,1.303854557593912e-16,1.2087266791407393e-17,-1.303854557593912e-16,9.072754546824702e-07,3.978433241408596e-35,-1.9892166216549585e-35,1.989216620704298e-35
1027.4284285535691,33.90513814226778,1.274020824813338e-16,1.1799233879438023e-17,-1.274020824813338e-16,9.072754546829266e-07,3.974366897690671e-35,-1.9871834497875202e-35,1.9871834488453356e-35
1028.4785598199774,33.93979247405925,1.2448725751091858e-16,1.151810182226255e-17,-1.2448725751091858e-16,9.072754546833736e-07,3.970308857878774e-35,-1.9851544298731506e-35,1.985154428939387e-35
1029.5286910863858,33.97444680585073,1.2163939873886757e-16,1.124370432916351e-17,-1.2163939873886757e-16,9.072754546838112e-07,3.9662590965626634e-35,-1.9831295492067273e-35,1.9831295482813317e-35
1030.578822352794,34.009101137642205,1.1885696074868896e-16,1.0975879141304323e-17,-1.1885696074868896e-16,9.072754546842397e-07,3.9622175884356686e-35,-1.981108795134914e-35,1.9811087942178343e-35
1031.6289536192025,34.043755469433684,1.161384339612148e-16,1.0714467933326442e-17,-1.161384339612148e-16,9.072754546846591e-07,3.9581843082941563e-35,-1.9790921550558946e-35,1.9790921541470782e-35
1032.6790848856108,34.078409801225156,1.13482343799205e-16,1.045931621736593e-17,-1.13482343799205e-16,9.072754546850699e-07,3.9541592310370156e-35,-1.977079616419113e-35,1.9770796155185078e-35
1033.729216152019,34.11306413301663,1.1088724987152794e-16,1.0210273249428127e-17,-1.1088724987152794e-16,9.07275454685472e-07,3.9501423316651313e-35,-1.9750711667250104e-35,1.9750711658325657e-35
1034.7793474184273,34.1477184648081,1.0835174517646926e-16,9.967191938062943e-18,-1.0835174517646926e-16,9.072754546858657e-07,3.94613358528087e-35,-1.9730667935247692e-35,1.973066792640435e-35
1035.8294786848355,34.18237279659957,1.0587445532370831e-16,9.729928755283324e-18,-1.0587445532370831e-16,9.072754546862514e-07,3.9421329670875615e-35,-1.9710664844200541e-35,1.9710664835437808e-35
1036.8796099512438,34.217027128391045,1.0345403777452829e-16,9.498343649671651e-18,-1.0345403777452829e-16,9.072754546866287e-07,3.9381404523889907e-35,-1.969070227062757e-35,1.9690702261944954e-35
1037.9297412176522,34.251681460182525,1.0108918109982558e-16,9.272299961619653e-18,-1.0108918109982558e-16,9.072754546869984e-07,3.934156016588889e-35,-1.9670780091547423e-35,1.9670780082944446e-35
1038.9798724840605,34.286335791974,9.877860425550338e-17,9.051664340649494e-18,-9.877860425550338e-17,9.072754546873605e-07,3.93017963519043e-35,-1.965089818447597e-35,1.965089817595215e-35
1040.030003750469,34.320990123765476,9.652105587483332e-17,8.836306664763968e-18,-9.652105587483332e-17,9.07275454687715e-07,3.9262112837957247e-35,-1.9631056427423747e-35,1.9631056418978623e-35
1041.0801350168772,34.35564445555695,9.431531357739471e-17,8.626099961776294e-18,-9.431531357739471e-17,9.072754546880619e-07,3.9222509381053217e-35,-1.961125469889352e-35,1.9611254690526609e-35
1042.1302662832854,34.39029878734842,9.216018329418982e-17,8.420920332569739e-18,-9.216018329418982e-17,9.072754546884017e-07,3.9182985739177196e-35,-1.9591492877877753e-35,1.9591492869588598e-35
1043.1803975496937,34.42495311913989,9.005449860856335e-17,8.22064687624039e-18,-9.005449860856335e-17,9.072754546887342e-07,3.914354167128863e-35,-1.9571770843856172e-35,1.9571770835644314e-35
1044.230528816102,34.459607450931365,8.799712011254988e-17,8.025161617075638e-18,-8.799712011254988e-17,9.072754546890599e-07,3.91041769373166e-35,-1.955208847679331e-35,1.95520884686583e-35
1045.2806600825102,34.49426178272284,8.598693477828501e-17,7.834349433323476e-18,-8.598693477828501e-17,9.072754546893788e-07,3.9064891298154925e-35,-1.9532445657136067e-35,1.9532445649077462e-35
1046.3307913489186,34.52891611451432,8.402285534412653e-17,7.648097987708195e-18,-8.402285534412653e-17,9.072754546896911e-07,3.90256845156573e-35,-1.951284226581129e-35,1.951284225782865e-35
1047.3809226153269,34.56357044630579,8.210381971514362e-17,7.466297659649734e-18,-8.210381971514362e-17,9.072754546899968e-07,3.898655635263253e-35,-1.9493278184223384e-35,1.9493278176316266e-35
1048.4310538817354,34.59822477809727,8.022879037762406e-17,7.288841479143516e-18,-8.022879037762406e-17,9.072754546902962e-07,3.8947506572839724e-35,-1.9473753294251886e-35,1.9473753286419862e-35
1049.4811851481436,34.63287910988874,7.839675382728657e-17,7.115625062261614e-18,-7.839675382728657e-17,9.072754546905891e-07,3.890853494098354e-35,-1.9454267478249123e-35,1.945426747049177e-35
1050.5313164145518,34.66753344168021,7.660672001085884e-17,6.946546548233263e-18,-7.660672001085884e-17,9.07275454690876e-07,3.886964122270943e-35,-1.9434820619037824e-35,1.9434820611354716e-35
1051.58144768096,34.702187773471685,7.485772178071904e-17,6.781506538067068e-18,-7.485772178071904e-17,9.07275454691157e-07,3.8830825184599006e-35,-1.9415412599908784e-35,1.9415412592299503e-35
1052.6315789473683,34.73684210526316,7.31488143622875e-17,6.620408034676398e-18,-7.31488143622875e-17,9.07275454691432e-07,3.879208659416533e-35,-1.9396043304618524e-35,1.9396043297082664e-35
1053.6817102137766,34.77149643705463,7.147907483386968e-17,6.463156384470857e-18,-7.147907483386968e-17,9.072754546917014e-07,3.875342521984826e-35,-1.9376712617386978e-35,1.937671260992413e-35
1054.731841480185,34.80615076884611,6.984760161865888e-17,6.309659220377703e-18,-6.984760161865888e-17,9.072754546919651e-07,3.8714840831009854e-35,-1.9357420422895167e-35,1.9357420415504927e-35
1055.7819727465933,34.84080510063758,6.825351398861276e-17,6.159826406258235e-18,-6.825351398861276e-17,9.072754546922233e-07,3.8676333197929817e-35,-1.933816660628294e-35,1.9338166598964909e-35
1056.8321040130018,34.87545943242906,6.669595157992048e-17,6.013569982684054e-18,-6.669595157992048e-17,9.072754546924761e-07,3.863790209180087e-35,-1.9318951053146654e-35,1.9318951045900436e-35
1057.88223527941,34.91011376422053,6.517407391979579e-17,5.870804114040607e-18,-6.517407391979579e-17,9.072754546927236e-07,3.85995472847243e-35,-1.929977364953694e-35,1.929977364236215e-35
1058.9323665458182,34.944768096012005,6.368705996432144e-17,5.731445036924533e-18,-6.368705996432144e-17,9.072754546929661e-07,3.856126854970537e-35,-1.9280634281956435e-35,1.9280634274852684e-35
1059.9824978122265,34.97942242780348,6.223410764709118e-17,5.595411009803292e-18,-6.223410764709118e-17,9.072754546932035e-07,3.852306566064889e-35,-1.926153283735754e-35,1.9261532830324445e-35
1061.0326290786347,35.01407675959495,6.081443343839382e-17,5.462622263905963e-18,-6.081443343839382e-17,9.072754546934358e-07,3.8484938392354775e-35,-1.9242469203140207e-35,1.9242469196177387e-35
1062.082760345043,35.04873109138642,5.94272719146906e-17,5.3330009553148295e-18,-5.94272719146906e-17,9.072754546936633e-07,3.8446886520513605e-35,-1.9223443267149716e-35,1.9223443260256802e-35
1063.1328916114514,35.0833854231779,5.807187533814457e-17,5.206471118227999e-18,-5.807187533814457e-17,9.072754546938861e-07,3.84089098217022e-35,-1.9204454917674482e-35,1.92044549108511e-35
1064.1830228778597,35.118039754969374,5.674751324596933e-17,5.0829586193648825e-18,-5.674751324596933e-17,9.072754546941042e-07,3.837100807337931e-35,-1.918550404344387e-35,1.9185504036689655e-35
1065.2331541442682,35.15269408676085,5.5453472049358213e-17,4.9623911134852005e-18,-5.5453472049358213e-17,9.072754546943178e-07,3.83331810538812e-35,-1.9166590533626008e-35,1.91665905269406e-35
1066.2832854106764,35.187348418552325,5.4189054641781175e-17,4.84469799999568e-18,-5.4189054641781175e-17,9.072754546945269e-07,3.8295428542417364e-35,-1.9147714277825648e-35,1.9147714271208682e-35
1067.3334166770846,35.2220027503438,5.2953580016415744e-17,4.729810380616034e-18,-5.2953580016415744e-17,9.072754546947316e-07,3.8257750319066243e-35,-1.9128875166081996e-35,1.9128875159533121e-35
1068.3835479434929,35.25665708213527,5.174638289251025e-17,4.617661018079614e-18,-5.174638289251025e-17,9.072754546949321e-07,3.82201461647709e-35,-1.9110073088866587e-35,1.911007308238545e-35
1069.4336792099011,35.29131141392674,5.056681335046094e-17,4.508184295842219e-18,-5.056681335046094e-17,9.072754546951284e-07,3.818261586133485e-35,-1.909130793708117e-35,1.9091307930667426e-35
1070.4838104763094,35.325965745718214,4.941423647540225e-17,4.40131617877482e-18,-4.941423647540225e-17,9.072754546953205e-07,3.8145159191417757e-35,-1.9072579602055585e-35,1.9072579595708878e-35
1071.5339417427178,35.360620077509694,4.8288032009110737e-17,4.2969941748159625e-18,-4.8288032009110737e-17,9.072754546955087e-07,3.8107775938531315e-35,-1.9053887975545666e-35,1.9053887969265658e-35
1072.584073009126,35.395274409301166,4.7187594010026456e-17,4.19515729756005e-18,-4.7187594010026456e-17,9.072754546956929e-07,3.807046588703507e-35,-1.9035232949731173e-35,1.9035232943517535e-35
1073.6342042755346,35.429928741092645,4.61123305212005e-17,4.095746029758527e-18,-4.61123305212005e-17,9.072754546958733e-07,3.8033228822132154e-35,-1.901661441721369e-35,1.9016614411066077e-35
1074.6843355419428,35.46458307288412,4.5061663245986754e-17,3.998702287711907e-18,-4.5061663245986754e-17,9.072754546960499e-07,3.7996064529865354e-35,-1.8998032271014596e-35,1.8998032264932677e-35
1075.734466808351,35.49923740467558,4.403502723129094e-17,3.90396938653013e-18,-4.403502723129094e-17,9.072754546962228e-07,3.7958972797112876e-35,-1.8979486404572986e-35,1.8979486398556438e-35
1076.7845980747593,35.533891736467055,4.303187055820463e-17,3.811492006240531e-18,-4.303187055820463e-17,9.072754546963921e-07,3.7921953411584293e-35,-1.8960976711743653e-35,1.8960976705792147e-35
1077.8347293411675,35.56854606825853,4.2051654039847494e-17,3.7212161587221134e-18,-4.2051654039847494e-17,9.07275454696558e-07,3.7885006161816545e-35,-1.8942503086795064e-35,1.8942503080908273e-35
1078.8848606075758,35.60320040005,4.10938509262518e-17,3.633089155446227e-18,-4.10938509262518e-17,9.072754546967204e-07,3.784813083716987e-35,-1.8924065424407328e-35,1.8924065418584934e-35
1079.9349918739842,35.63785473184148,4.0157946616121466e-17,3.5470595760035765e-18,-4.0157946616121466e-17,9.072754546968793e-07,3.7811327227823814e-35,-1.890566361967021e-35,1.8905663613911907e-35
1080.9851231403925,35.67250906363295,3.9243438375307175e-17,3.4630772373983758e-18,-3.9243438375307175e-17,9.072754546970349e-07,3.7774595124773244e-35,-1.8887297568081156e-35,1.8887297562386622e-35
1082.035254406801,35.70716339542443,3.834983506183677e-17,3.3810931640907416e-18,-3.834983506183677e-17,9.072754546971873e-07,3.773793431982439e-35,-1.8868967165543273e-35,1.8868967159912196e-35
1083.0853856732092,35.7418177272159,3.747665685735297e-17,3.3010595587692213e-18,-3.747665685735297e-17,9.072754546973366e-07,3.770134460559095e-35,-1.8850672308363406e-35,1.8850672302795476e-35
1084.1355169396174,35.776472059007375,3.662343500480083e-17,3.222929773835046e-18,-3.662343500480083e-17,9.072754546974826e-07,3.7664825775490127e-35,-1.883241289325015e-35,1.8832412887745063e-35
1085.1856482060257,35.81112639079885,3.578971155222631e-17,3.1466582835812486e-18,-3.578971155222631e-17,9.072754546976256e-07,3.7628377623738757e-35,-1.881418881731192e-35,1.8814188811869378e-35
1086.235779472434,35.84578072259032,3.497503910253714e-17,3.0722006570491017e-18,-3.497503910253714e-17,9.072754546977657e-07,3.759199994534946e-35,-1.8795999978055028e-35,1.879599997267473e-35
1087.2859107388422,35.88043505438179,3.4178980569089255e-17,2.9995135315456097e-18,-3.4178980569089255e-17,9.072754546979028e-07,3.7555692536126763e-35,-1.877784627338174e-35,1.8777846268063382e-35
1088.3360420052506,35.91508938617327,3.340110893696163e-17,2.9285545868055813e-18,-3.340110893696163e-17,9.072754546980372e-07,3.7519455192663347e-35,-1.8759727601588376e-35,1.8759727596331674e-35
1089.386173271659,35.94974371796474,3.2641007029787085e-17,2.8592825197827995e-18,-3.2641007029787085e-17,9.072754546981686e-07,3.748328771233617e-35,-1.8741643861363428e-35,1.8741643856168084e-35
1090.4363045380674,35.98439804975622,3.1898267282007005e-17,2.7916570200544764e-18,-3.1898267282007005e-17,9.072754546982973e-07,3.744718989330272e-35,-1.8723594951785636e-35,1.872359494665136e-35
1091.4864358044756,36.019052381547695,3.1172491516426515e-17,2.725638745824353e-18,-3.1172491516426515e-17,9.072754546984233e-07,3.7411161534497303e-35,-1.8705580772322144e-35,1.8705580767248652e-35
1092.5365670708838,36.05370671333917,3.046329072694235e-17,2.6611893005094934e-18,-3.046329072694235e-17,9.072754546985468e-07,3.737520243562723e-35,-1.868760122282661e-35,1.8687601217813615e-35
1093.586698337292,36.08836104513064,2.977028486632562e-17,2.5982712098966813e-18,-2.977028486632562e-17,9.072754546986677e-07,3.733931239716917e-35,-1.8669656203537364e-35,1.8669656198584584e-35
1094.6368296037003,36.12301537692211,2.9093102638938994e-17,2.536847899854255e-18,-2.9093102638938994e-17,9.072754546987861e-07,3.730349122036543e-35,-1.8651745615075553e-35,1.8651745610182715e-35
1095.6869608701088,36.15766970871359,2.843138129827446e-17,2.476883674586053e-18,-2.843138129827446e-17,9.072754546989019e-07,3.7267738707220267e-35,-1.8633869358443315e-35,1.8633869353610134e-35
1096.737092136517,36.19232404050506,2.778476644919823e-17,2.418343695413957e-18,-2.778476644919823e-17,9.072754546990154e-07,3.7232054660496326e-35,-1.861602733502196e-35,1.8616027330248163e-35
1097.7872234029255,36.22697837229654,2.7152911854791988e-17,2.3611939600761625e-18,-2.7152911854791988e-17,9.072754546991265e-07,3.7196438883710895e-35,-1.8598219446570135e-35,1.8598219441855448e-35
1098.8373546693338,36.261632704088015,2.653547924768555e-17,2.3054012825286793e-18,-2.653547924768555e-17,9.072754546992352e-07,3.7160891181132396e-35,-1.8580445595222042e-35,1.8580445590566198e-35
1099.887485935742,36.29628703587949,2.5932138145772615e-17,2.2509332732375524e-18,-2.5932138145772615e-17,9.072754546993416e-07,3.7125411357776726e-35,-1.8562705683485636e-35,1.8562705678888363e-35
1100.9376172021502,36.33094136767096,2.534256567221028e-17,2.1977583199500047e-18,-2.534256567221028e-17,9.072754546994459e-07,3.708999921940375e-35,-1.8544999614240842e-35,1.8544999609701875e-35
1101.9877484685585,36.36559569946243,2.4766446379600003e-17,2.145845568932554e-18,-2.4766446379600003e-17,9.072754546995481e-07,3.7054654572513724e-35,-1.8527327290737787e-35,1.8527327286256862e-35
1103.0378797349667,36.400250031253904,2.4203472078253948e-17,2.0951649066649675e-18,-2.4203472078253948e-17,9.072754546996479e-07,3.7019377224343766e-35,-1.850968861659503e-35,1.8509688612171883e-35
1104.0880110013752,36.43490436304538,2.3653341668449812e-17,2.0456869419785867e-18,-2.3653341668449812e-17,9.072754546997458e-07,3.6984166982864386e-35,-1.8492083495797818e-35,1.8492083491432193e-35
1105.1381422677835,36.469558694836856,2.3115760976582637e-17,1.9973829886285143e-18,-2.3115760976582637e-17,9.072754546998416e-07,3.6949023656775974e-35,-1.8474511832696347e-35,1.8474511828387987e-35
1106.188273534192,36.504213026628335,2.2590442595120563e-17,1.9502250482886874e-18,-2.2590442595120563e-17,9.072754546999354e-07,3.6913947055505326e-35,-1.8456973532004016e-35,1.8456973527752663e-35
1107.2384048006002,36.53886735841981,2.20771057262783e-17,1.904185793959852e-18,-2.20771057262783e-17,9.072754547000273e-07,3.6878936989202246e-35,-1.843946849879572e-35,1.8439468494601123e-35
1108.2885360670084,36.57352169021128,2.1575476029318595e-17,1.859238553780069e-18,-2.1575476029318595e-17,9.072754547001171e-07,3.684399326873605e-35,-1.842199663850612e-35,1.8421996634368024e-35
1109.3386673334167,36.60817602200275,2.1085285471399925e-17,1.8153572952281256e-18,-2.1085285471399925e-17,9.072754547002052e-07,3.680911570569222e-35,-1.8404557856927957e-35,1.840455785284611e-35
1110.388798599825,36.642830353794224,2.060627218188531e-17,1.772516609710108e-18,-2.060627218188531e-17,9.072754547002914e-07,3.677430411236901e-35,-1.8387152060210347e-35,1.8387152056184506e-35
1111.4389298662331,36.677484685585696,2.013818031003283e-17,1.7306916975198796e-18,-2.013818031003283e-17,9.072754547003758e-07,3.673955830177404e-35,-1.8369779154857103e-35,1.836977915088702e-35
1112.4890611326416,36.712139017377176,1.968075988598857e-17,1.689858353164306e-18,-1.968075988598857e-17,9.072754547004585e-07,3.6704878087620995e-35,-1.835243904772506e-35,1.8352439043810498e-35
1113.5391923990499,36.74679334916865,1.923376668500504e-17,1.6499929510442506e-18,-1.923376668500504e-17,9.072754547005394e-07,3.6670263284326256e-35,-1.833513164602242e-35,1.8335131642163128e-35
1114.5893236654583,36.78144768096013,1.8796962094809136e-17,1.6110724314828091e-18,-1.8796962094809136e-17,9.072754547006187e-07,3.6635713707005624e-35,-1.831785685730707e-35,1.8317856853502812e-35
1115.6394549318666,36.8161020127516,1.8370112986047887e-17,1.5730742870921558e-18,-1.8370112986047887e-17,9.072754547006963e-07,3.6601229171471e-35,-1.8300614589484968e-35,1.83006145857355e-35
1116.6895861982748,36.85075634454307,1.795299158573795e-17,1.5359765494708372e-18,-1.795299158573795e-17,9.072754547007723e-07,3.6566809494227157e-35,-1.8283404750808483e-35,1.8283404747113578e-35
1117.739717464683,36.885410676334544,1.754537535365092e-17,1.4997577762234185e-18,-1.754537535365092e-17,9.072754547008467e-07,3.65324544924684e-35,-1.826622724987478e-35,1.82662272462342e-35
1118.7898487310913,36.920065008126016,1.7147046861564584e-17,1.464397038294614e-18,-1.7147046861564584e-17,9.072754547009195e-07,3.6498163984075414e-35,-1.82490819956242e-35,1.8249081992037707e-35
1119.8399799974995,36.95471933991749,1.675779367531417e-17,1.4298739076102696e-18,-1.675779367531417e-17,9.072754547009909e-07,3.646393778761201e-35,-1.823196889733864e-35,1.8231968893806004e-35
1120.890111263908,36.98937367170897,1.63774082395777e-17,1.3961684450176636e-18,-1.63774082395777e-17,9.072754547010607e-07,3.642977572232193e-35,-1.8214887864639972e-35,1.8214887861160965e-35
1121.9402425303163,37.02402800350044,1.6005687765332432e-17,1.3632611885178743e-18,-1.6005687765332432e-17,9.07275454701129e-07,3.639567760812568e-35,-1.8197838807488444e-35,1.819783880406284e-35
1122.9903737967247,37.05868233529192,1.5642434119919095e-17,1.3311331417830485e-18,-1.5642434119919095e-17,9.072754547011959e-07,3.63616432656173e-35,-1.8180821636181085e-35,1.818082163280865e-35
1124.040505063133,37.09333666708339,1.5287453719654774e-17,1.2997657629517142e-18,-1.5287453719654774e-17,9.072754547012614e-07,3.6327672516061336e-35,-1.8163836261350156e-35,1.8163836258030668e-35
1125.0906363295412,37.127990998874864,1.4940557424933254e-17,1.269140953695245e-18,-1.4940557424933254e-17,9.072754547013256e-07,3.6293765181389597e-35,-1.8146882593961558e-35,1.8146882590694799e-35
1126.1407675959495,37.16264533066634,1.460156043775619e-17,1.2392410485489616e-18,-1.460156043775619e-17,9.072754547013885e-07,3.6259921084198095e-35,-1.8129960545313306e-35,1.8129960542099047e-35
1127.1908988623577,37.19729966245781,1.4270282201638268e-17,1.2100488045014037e-18,-1.4270282201638268e-17,9.0727545470145e-07,3.622614004774396e-35,-1.8113070027033951e-35,1.811307002387198e-35
1128.241030128766,37.23195399424928,1.3946546303830506e-17,1.18154739083547e-18,-1.3946546303830506e-17,9.072754547015102e-07,3.6192421895942337e-35,-1.8096210951081072e-35,1.8096210947971168e-35
1129.2911613951744,37.26660832604076,1.3630180379808181e-17,1.1537203792152938e-18,-1.3630180379808181e-17,9.072754547015692e-07,3.6158766453363315e-35,-1.807938322973972e-35,1.8079383226681658e-35
1130.3412926615827,37.30126265783223,1.3321016019971148e-17,1.1265517340129096e-18,-1.3321016019971148e-17,9.07275454701627e-07,3.612517354522899e-35,-1.8062586775620917e-35,1.8062586772614495e-35
1131.3914239279911,37.33591698962371,1.3018888678503422e-17,1.100025802868774e-18,-1.3018888678503422e-17,9.072754547016836e-07,3.609164299741024e-35,-1.804582150166013e-35,1.804582149870512e-35
1132.4415551943994,37.370571321415184,1.2723637584344104e-17,1.074127307480632e-18,-1.2723637584344104e-17,9.072754547017389e-07,3.6058174636423937e-35,-1.8029087321115775e-35,1.8029087318211968e-35
1133.4916864608076,37.40522565320666,1.2435105654218308e-17,1.0488413346149543e-18,-1.2435105654218308e-17,9.072754547017931e-07,3.60247682894298e-35,-1.801238414756771e-35,1.80123841447149e-35
1134.5418177272159,37.43987998499812,1.2153139407681681e-17,1.0241533273357083e-18,-1.2153139407681681e-17,9.072754547018463e-07,3.59914237842275e-35,-1.799571189491577e-35,1.799571189211375e-35
1135.591948993624,37.474534316789594,1.1877588884130908e-17,1.0000490764450726e-18,-1.1877588884130908e-17,9.072754547018984e-07,3.5958140949253616e-35,-1.797907047737825e-35,1.7979070474626808e-35
1136.6420802600323,37.509188648581066,1.160830756173481e-17,9.76514712131001e-19,-1.160830756173481e-17,9.072754547019492e-07,3.5924919613578805e-35,-1.7962459809490475e-35,1.7962459806789403e-35
1137.6922115264408,37.543842980372546,1.1345152278241101e-17,9.535366958165479e-19,-1.1345152278241101e-17,9.07275454701999e-07,3.5891759606904785e-35,-1.7945879806103307e-35,1.7945879803452393e-35
1138.742342792849,37.57849731216402,1.1087983153615649e-17,9.31101812206128e-19,-1.1087983153615649e-17,9.072754547020478e-07,3.585866075956151e-35,-1.792933038238171e-35,1.7929330379780755e-35
1139.7924740592575,37.6131516439555,1.083666351447076e-17,9.091971615238181e-19,-1.083666351447076e-17,9.072754547020956e-07,3.582562290250418e-35,-1.7912811453803283e-35,1.791281145125209e-35
1140.8426053256658,37.64780597574697,1.0591059820242184e-17,8.878101519391686e-19,-1.0591059820242184e-17,9.072754547021425e-07,3.5792645867310423e-35,-1.789632293615685e-35,1.7896322933655212e-35
1141.892736592074,37.68246030753844,1.0351041591072802e-17,8.669284921758218e-19,-1.0351041591072802e-17,9.072754547021883e-07,3.575972948617741e-35,-1.787986474554099e-35,1.7879864743088705e-35
1142.9428678584823,37.717114639329914,1.0116481337364397e-17,8.465401842986151e-19,-1.0116481337364397e-17,9.072754547022331e-07,3.572687359191904e-35,-1.786343679836265e-35,1.786343679595952e-35
1143.9929991248905,37.751768971121386,9.887254490958275e-18,8.266335166747767e-19,-9.887254490958275e-18,9.07275454702277e-07,3.5694078017963075e-35,-1.7847039011335708e-35,1.7847039008981537e-35
1145.0431303912987,37.78642330291286,9.663239337906867e-18,8.071970571049824e-19,-9.663239337906867e-18,9.072754547023202e-07,3.5661342598348324e-35,-1.7830671301479574e-35,1.7830671299174162e-35
1146.0932616577072,37.82107763470434,9.444316952799399e-18,7.882196461201768e-19,-9.444316952799399e-18,9.072754547023621e-07,3.562866716772188e-35,-1.7814333586117783e-35,1.781433358386094e-35
1147.1433929241155,37.85573196649581,9.230371134605926e-18,7.696903904401205e-19,-9.230371134605926e-18,9.072754547024033e-07,3.5596051561336303e-35,-1.7798025782876625e-35,1.7798025780668151e-35
1148.193524190524,37.89038629828729,9.021288344003383e-18,7.5159865658971415e-19,-9.021288344003383e-18,9.072754547024439e-07,3.5563495615046867e-35,-1.7781747809683725e-35,1.7781747807523434e-35
1149.2436554569322,37.92504063007876,8.816957642150903e-18,7.339340646693325e-19,-8.816957642150903e-18,9.072754547024833e-07,3.553099916530879e-35,-1.7765499584766703e-35,1.7765499582654395e-35
1150.2937867233404,37.959694961870234,8.61727063087882e-18,7.16686482275337e-19,-8.61727063087882e-18,9.072754547025219e-07,3.5498562049174524e-35,-1.774928102665177e-35,1.7749281024587262e-35
1151.3439179897487,37.994349293661706,8.422121394260294e-18,6.998460185672333e-19,-8.422121394260294e-18,9.0727545470256e-07,3.546618410429099e-35,-1.7733092054162392e-35,1.7733092052145495e-35
1152.394049256157,38.02900362545318,8.231406441532269e-18,6.834030184778247e-19,-8.231406441532269e-18,9.072754547025969e-07,3.5433865168896897e-35,-1.771693258641793e-35,1.7716932584448448e-35
1153.4441805225651,38.06365795724465,8.045024651334925e-18,6.673480570629385e-19,-8.045024651334925e-18,9.072754547026333e-07,3.5401605081820076e-35,-1.7700802542832282e-35,1.7700802540910038e-35
1154.4943117889736,38.09831228903613,7.862877217239005e-18,6.516719339873263e-19,-7.862877217239005e-18,9.072754547026689e-07,3.536940368247471e-35,-1.7684701843112555e-35,1.7684701841237354e-35
1155.5444430553819,38.1329666208276,7.684867594531135e-18,6.363656681434616e-19,-7.684867594531135e-18,9.072754547027036e-07,3.533726081085879e-35,-1.7668630407257735e-35,1.7668630405429396e-35
1156.5945743217903,38.16762095261908,7.510901448227577e-18,6.214204923999525e-19,-7.510901448227577e-18,9.072754547027379e-07,3.530517630755137e-35,-1.765258815555734e-35,1.7652588153775686e-35
1157.6447055881986,38.202275284410554,7.340886602288674e-18,6.0682784847651e-19,-7.340886602288674e-18,9.07275454702771e-07,3.5273150013709963e-35,-1.763657500859014e-35,1.7636575006854982e-35
1158.6948368546068,38.236929616202026,7.174732990005251e-18,5.92579381942322e-19,-7.174732990005251e-18,9.07275454702804e-07,3.524118177106794e-35,-1.762059088722281e-35,1.762059088553397e-35
1159.744968121015,38.2715839479935,7.012352605530483e-18,5.786669373349132e-19,-7.012352605530483e-18,9.072754547028357e-07,3.520927142193187e-35,-1.7604635712608642e-35,1.7604635710965934e-35
1160.7950993874233,38.30623827978497,6.853659456530364e-18,5.650825533965368e-19,-6.853659456530364e-18,9.072754547028673e-07,3.517741880917901e-35,-1.7588709406186252e-35,1.7588709404589505e-35
1161.8452306538315,38.34089261157644,6.69856951792676e-18,5.518184584252335e-19,-6.69856951792676e-18,9.072754547028978e-07,3.5145623776254615e-35,-1.757281188967828e-35,1.7572811888127308e-35
1162.89536192024,38.37554694336792,6.547000686707914e-18,5.388670657378253e-19,-6.547000686707914e-18,9.072754547029281e-07,3.5113886167169514e-35,-1.755694308509012e-35,1.7556943083584757e-35
1163.9454931866483,38.410201275159395,6.398872737781616e-18,5.262209692421064e-19,-6.398872737781616e-18,9.072754547029573e-07,3.508220582649739e-35,-1.7541102914708637e-35,1.7541102913248696e-35
1164.9956244530567,38.444855606950874,6.254107280846526e-18,5.138729391155714e-19,-6.254107280846526e-18,9.072754547029863e-07,3.505058259937242e-35,-1.7525291301100895e-35,1.752529129968621e-35
1166.045755719465,38.479509938742346,6.1126277182588765e-18,5.01815917588161e-19,-6.1126277182588765e-18,9.072754547030142e-07,3.5019016331486596e-35,-1.750950816711291e-35,1.7509508165743298e-35
1167.0958869858732,38.51416427053382,5.97435920387028e-18,4.900430148264159e-19,-5.97435920387028e-18,9.072754547030422e-07,3.498750686908735e-35,-1.7493753435868377e-35,1.7493753434543675e-35
1168.1460182522815,38.54881860232529,5.839228602815392e-18,4.785475049166883e-19,-5.839228602815392e-18,9.072754547030689e-07,3.4956054058974897e-35,-1.7478027030767428e-35,1.7478027029487449e-35
1169.1961495186897,38.58347293411676,5.70716445222651e-18,4.673228219449304e-19,-5.70716445222651e-18,9.072754547030956e-07,3.492465774849997e-35,-1.7462328875485392e-35,1.7462328874249984e-35
1170.246280785098,38.618127265908235,5.578096922854028e-18,4.563625561707599e-19,-5.578096922854028e-18,9.072754547031213e-07,3.48933177855611e-35,-1.744665889397157e-35,1.744665889278055e-35
1171.2964120515064,38.652781597699715,5.4519577815717505e-18,4.456604502935303e-19,-5.4519577815717505e-18,9.072754547031467e-07,3.4862034018602385e-35,-1.743101701044799e-35,1.7431017009301193e-35
1172.346543317915,38.687435929491194,5.328680354746481e-18,4.352103958081567e-19,-5.328680354746481e-18,9.072754547031717e-07,3.483080629661091e-35,-1.7415403149408192e-35,1.7415403148305455e-35
1173.3966745843231,38.722090261282666,5.208199492451933e-18,4.2500642944854696e-19,-5.208199492451933e-18,9.072754547031958e-07,3.479963446911434e-35,-1.739981723561602e-35,1.739981723455717e-35
1174.4468058507314,38.75674459307414,5.0904515335071965e-18,4.1504272971648753e-19,-5.0904515335071965e-18,9.0727545470322e-07,3.476851838617856e-35,-1.7384259194104402e-35,1.738425919308928e-35
1175.4969371171396,38.79139892486561,4.975374271321179e-18,4.053136134939787e-19,-4.975374271321179e-18,9.07275454703243e-07,3.4737457898405175e-35,-1.736872895017416e-35,1.7368728949202587e-35
1176.5470683835479,38.82605325665708,4.862906920523797e-18,3.958135327369417e-19,-4.862906920523797e-18,9.072754547032659e-07,3.4706452856929233e-35,-1.7353226429392795e-35,1.7353226428464616e-35
1177.597199649956,38.860707588448555,4.752990084365996e-18,3.865370712483488e-19,-4.752990084365996e-18,9.072754547032885e-07,3.467550311341676e-35,-1.7337751557593326e-35,1.733775155670838e-35
1178.6473309163646,38.895361920240035,4.645565722870816e-18,3.774789415288854e-19,-4.645565722870816e-18,9.072754547033101e-07,3.464460852006239e-35,-1.732230426087308e-35,1.7322304260031196e-35
1179.6974621827728,38.93001625203151,4.540577121718043e-18,3.6863398170323197e-19,-4.540577121718043e-18,9.072754547033317e-07,3.461376892958713e-35,-1.7306884465592542e-35,1.7306884464793565e-35
1180.7475934491813,38.964670583822986,4.4379688618453656e-18,3.5999715252015967e-19,-4.4379688618453656e-18,9.072754547033527e-07,3.458298419523585e-35,-1.7291492098374153e-35,1.7291492097617924e-35
1181.7977247155895,38.99932491561446,4.337686789749813e-18,3.5156353442465473e-19,-4.337686789749813e-18,9.072754547033731e-07,3.455225417077508e-35,-1.727612708610118e-35,1.727612708538754e-35
1182.8478559819978,39.03397924740593,4.23967798847281e-18,3.43328324700328e-19,-4.23967798847281e-18,9.072754547033934e-07,3.4521578710490646e-35,-1.7260789355916534e-35,1.7260789355245323e-35
1183.897987248406,39.0686335791974,4.143890749253397e-18,3.3528683468041656e-19,-4.143890749253397e-18,9.072754547034132e-07,3.4490957669185365e-35,-1.7245478835221627e-35,1.7245478834592682e-35
1184.9481185148143,39.103287910988875,4.050274543834046e-18,3.274344870257241e-19,-4.050274543834046e-18,9.072754547034323e-07,3.446039090217676e-35,-1.723019545167522e-35,1.723019545108838e-35
1185.9982497812225,39.13794224278035,3.958779997403896e-18,3.1976681306786945e-19,-3.958779997403896e-18,9.072754547034513e-07,3.4429878265294847e-35,-1.72149391331923e-35,1.7214939132647423e-35
1187.048381047631,39.17259657457183,3.8693588621647595e-18,3.1227945021629238e-19,-3.8693588621647595e-18,9.072754547034701e-07,3.4399419614879717e-35,-1.719970980794293e-35,1.7199709807439859e-35
1188.0985123140392,39.2072509063633,3.78196399150557e-18,3.0496813942745223e-19,-3.78196399150557e-18,9.072754547034878e-07,3.4369014807779395e-35,-1.7184507404351131e-35,1.7184507403889697e-35
1189.1486435804477,39.24190523815478,3.69654931477089e-18,2.978287227347306e-19,-3.69654931477089e-18,9.072754547035056e-07,3.4338663701347625e-35,-1.7169331851093752e-35,1.7169331850673812e-35
1190.198774846856,39.27655956994625,3.613069812610317e-18,2.908571408375872e-19,-3.613069812610317e-18,9.072754547035234e-07,3.4308366153441563e-35,-1.7154183077099373e-35,1.7154183076720782e-35
1191.2489061132642,39.31121390173772,3.53148149289463e-18,2.8404943074850455e-19,-3.53148149289463e-18,9.0727545470354e-07,3.4278122022419514e-35,-1.713906101154717e-35,1.7139061011209757e-35
1192.2990373796724,39.345868233529195,3.451741367186283e-18,2.774017234963686e-19,-3.451741367186283e-18,9.072754547035566e-07,3.4247931167138894e-35,-1.7123965583865825e-35,1.7123965583569447e-35
1193.3491686460807,39.38052256532066,3.373807427750957e-18,2.709102418848959e-19,-3.373807427750957e-18,9.072754547035731e-07,3.421779344695389e-35,-1.7108896723732432e-35,1.7108896723476945e-35
1194.399299912489,39.41517689711213,3.29763862509784e-18,2.6457129830478704e-19,-3.29763862509784e-18,9.072754547035893e-07,3.4187708721713304e-35,-1.7093854361071398e-35,1.7093854360856652e-35
1195.4494311788974,39.44983122890361,3.2231948460364722e-18,2.5838129259832437e-19,-3.2231948460364722e-18,9.072754547036045e-07,3.4157676851758383e-35,-1.7078838426053357e-35,1.7078838425879191e-35
1196.4995624453056,39.484485560695084,3.1504368922381462e-18,2.5233670997512997e-19,-3.1504368922381462e-18,9.072754547036198e-07,3.412769769792074e-35,-1.70638488490941e-35,1.706384884896037e-35
1197.549693711714,39.519139892486564,3.079326459290139e-18,2.4643411897786223e-19,-3.079326459290139e-18,9.07275454703635e-07,3.409777112152009e-35,-1.704888556085348e-35,1.7048885560760046e-35
1198.5998249781223,39.553794224278036,3.009826116231628e-18,2.4067016949665014e-19,-3.009826116231628e-18,9.072754547036498e-07,3.406789698436216e-35,-1.7033948492234365e-35,1.703394849218108e-35
1199.6499562445306,39.58844855606951,2.9418992855598756e-18,2.350415908310807e-19,-2.9418992855598756e-18,9.072754547036638e-07,3.4038075148736526e-35,-1.7019037574381557e-35,1.7019037574368263e-35
